datetime,symbol,open,high,low,close,volume
2007-09-28 13:30:00,INDEX:ADRN,0.6,0.6,0.6,0.6,0.0
2007-10-01 13:30:00,INDEX:ADRN,4.49,4.49,4.49,4.49,0.0
2007-10-02 13:30:00,INDEX:ADRN,1.43,1.43,1.43,1.43,0.0
2007-10-03 13:30:00,INDEX:ADRN,0.48,0.48,0.48,0.48,0.0
2007-10-04 13:30:00,INDEX:ADRN,1.55,1.55,1.55,1.55,0.0
2007-10-05 13:30:00,INDEX:ADRN,5.36,5.36,5.36,5.36,0.0
2007-10-08 13:30:00,INDEX:ADRN,0.48,0.48,0.48,0.48,0.0
2007-10-09 13:30:00,INDEX:ADRN,2.39,2.39,2.39,2.39,0.0
2007-10-10 13:30:00,INDEX:ADRN,0.83,0.83,0.83,0.83,0.0
2007-10-11 13:30:00,INDEX:ADRN,0.52,0.52,0.52,0.52,0.0
2007-10-12 13:30:00,INDEX:ADRN,1.72,1.72,1.72,1.72,0.0
2007-10-15 13:30:00,INDEX:ADRN,0.3,0.3,0.3,0.3,0.0
2007-10-16 13:30:00,INDEX:ADRN,0.36,0.36,0.36,0.36,0.0
2007-10-17 13:30:00,INDEX:ADRN,1.11,1.11,1.11,1.11,0.0
2007-10-18 13:30:00,INDEX:ADRN,1.0,1.0,1.0,1.0,0.0
2007-10-19 13:30:00,INDEX:ADRN,0.08,0.08,0.08,0.08,0.0
2007-10-22 13:30:00,INDEX:ADRN,1.68,1.68,1.68,1.68,0.0
2007-10-23 13:30:00,INDEX:ADRN,2.21,2.21,2.21,2.21,0.0
2007-10-24 13:30:00,INDEX:ADRN,0.65,0.65,0.65,0.65,0.0
2007-10-25 13:30:00,INDEX:ADRN,1.03,1.03,1.03,1.03,0.0
2007-10-26 13:30:00,INDEX:ADRN,3.49,3.49,3.49,3.49,0.0
2007-10-29 13:30:00,INDEX:ADRN,1.31,1.31,1.31,1.31,0.0
2007-10-30 13:30:00,INDEX:ADRN,0.58,0.58,0.58,0.58,0.0
2007-10-31 13:30:00,INDEX:ADRN,3.53,3.53,3.53,3.53,0.0
2007-11-01 13:30:00,INDEX:ADRN,0.11,0.11,0.11,0.11,0.0
2007-11-02 13:30:00,INDEX:ADRN,1.08,1.08,1.08,1.08,0.0
2007-11-05 14:30:00,INDEX:ADRN,0.34,0.34,0.34,0.34,0.0
2007-11-06 14:30:00,INDEX:ADRN,2.6,2.6,2.6,2.6,0.0
2007-11-07 14:30:00,INDEX:ADRN,0.09,0.09,0.09,0.09,0.0
2007-11-08 14:30:00,INDEX:ADRN,1.3,1.3,1.3,1.3,0.0
2007-11-09 14:30:00,INDEX:ADRN,0.38,0.38,0.38,0.38,0.0
2007-11-12 14:30:00,INDEX:ADRN,0.55,0.55,0.55,0.55,0.0
2007-11-13 14:30:00,INDEX:ADRN,6.93,6.93,6.93,6.93,0.0
2007-11-14 14:30:00,INDEX:ADRN,0.57,0.57,0.57,0.57,0.0
2007-11-15 14:30:00,INDEX:ADRN,0.31,0.31,0.31,0.31,0.0
2007-11-16 14:30:00,INDEX:ADRN,0.94,0.94,0.94,0.94,0.0
2007-11-19 14:30:00,INDEX:ADRN,0.14,0.14,0.14,0.14,0.0
2007-11-20 14:30:00,INDEX:ADRN,1.08,1.08,1.08,1.08,0.0
2007-11-21 14:30:00,INDEX:ADRN,0.3,0.3,0.3,0.3,0.0
2007-11-23 14:30:00,INDEX:ADRN,6.36,6.36,6.36,6.36,0.0
2007-11-26 14:30:00,INDEX:ADRN,0.2,0.2,0.2,0.2,0.0
2007-11-27 14:30:00,INDEX:ADRN,2.34,2.34,2.34,2.34,0.0
2007-11-28 14:30:00,INDEX:ADRN,10.24,10.24,10.24,10.24,0.0
2007-11-29 14:30:00,INDEX:ADRN,0.64,0.64,0.64,0.64,0.0
2007-11-30 14:30:00,INDEX:ADRN,1.97,1.97,1.97,1.97,0.0
2007-12-03 14:30:00,INDEX:ADRN,0.54,0.54,0.54,0.54,0.0
2007-12-04 14:30:00,INDEX:ADRN,0.46,0.46,0.46,0.46,0.0
2007-12-05 14:30:00,INDEX:ADRN,3.82,3.82,3.82,3.82,0.0
2007-12-06 14:30:00,INDEX:ADRN,4.83,4.83,4.83,4.83,0.0
2007-12-07 14:30:00,INDEX:ADRN,1.0,1.0,1.0,1.0,0.0
2007-12-10 14:30:00,INDEX:ADRN,1.95,1.95,1.95,1.95,0.0
2007-12-11 14:30:00,INDEX:ADRN,0.1,0.1,0.1,0.1,0.0
2007-12-12 14:30:00,INDEX:ADRN,1.46,1.46,1.46,1.46,0.0
2007-12-13 14:30:00,INDEX:ADRN,0.63,0.63,0.63,0.63,0.0
2007-12-14 14:30:00,INDEX:ADRN,0.21,0.21,0.21,0.21,0.0
2007-12-17 14:30:00,INDEX:ADRN,0.18,0.18,0.18,0.18,0.0
2007-12-18 14:30:00,INDEX:ADRN,2.34,2.34,2.34,2.34,0.0
2007-12-19 14:30:00,INDEX:ADRN,0.95,0.95,0.95,0.95,0.0
2007-12-20 14:30:00,INDEX:ADRN,1.82,1.82,1.82,1.82,0.0
2007-12-21 14:30:00,INDEX:ADRN,4.93,4.93,4.93,4.93,0.0
2007-12-24 14:30:00,INDEX:ADRN,3.42,3.42,3.42,3.42,0.0
2007-12-26 14:30:00,INDEX:ADRN,0.94,0.94,0.94,0.94,0.0
2007-12-27 14:30:00,INDEX:ADRN,0.16,0.16,0.16,0.16,0.0
2007-12-28 14:30:00,INDEX:ADRN,1.01,1.01,1.01,1.01,0.0
2007-12-31 14:30:00,INDEX:ADRN,0.6,0.6,0.6,0.6,0.0
2008-01-02 14:30:00,INDEX:ADRN,0.39,0.39,0.39,0.39,0.0
2008-01-03 14:30:00,INDEX:ADRN,0.62,0.62,0.62,0.62,0.0
2008-01-04 14:30:00,INDEX:ADRN,0.12,0.12,0.12,0.12,0.0
2008-01-07 14:30:00,INDEX:ADRN,1.12,1.12,1.12,1.12,0.0
2008-01-08 14:30:00,INDEX:ADRN,0.28,0.28,0.28,0.28,0.0
2008-01-09 14:30:00,INDEX:ADRN,1.63,1.63,1.63,1.63,0.0
2008-01-10 14:30:00,INDEX:ADRN,1.89,1.89,1.89,1.89,0.0
2008-01-11 14:30:00,INDEX:ADRN,0.29,0.29,0.29,0.29,0.0
2008-01-14 14:30:00,INDEX:ADRN,1.92,1.92,1.92,1.92,0.0
2008-01-15 14:30:00,INDEX:ADRN,0.16,0.16,0.16,0.16,0.0
2008-01-16 14:30:00,INDEX:ADRN,1.03,1.03,1.03,1.03,0.0
2008-01-17 14:30:00,INDEX:ADRN,0.14,0.14,0.14,0.14,0.0
2008-01-18 14:30:00,INDEX:ADRN,0.63,0.63,0.63,0.63,0.0
2008-01-23 14:30:00,INDEX:ADRN,2.4,2.4,2.4,2.4,0.0
2008-01-24 14:30:00,INDEX:ADRN,1.38,1.38,1.38,1.38,0.0
2008-01-25 14:30:00,INDEX:ADRN,0.59,0.59,0.59,0.59,0.0
2008-01-28 14:30:00,INDEX:ADRN,4.22,4.22,4.22,4.22,0.0
2008-01-29 14:30:00,INDEX:ADRN,1.61,1.61,1.61,1.61,0.0
2008-01-30 14:30:00,INDEX:ADRN,0.55,0.55,0.55,0.55,0.0
2008-01-31 14:30:00,INDEX:ADRN,3.53,3.53,3.53,3.53,0.0
2008-02-01 14:30:00,INDEX:ADRN,4.42,4.42,4.42,4.42,0.0
2008-02-04 14:30:00,INDEX:ADRN,0.64,0.64,0.64,0.64,0.0
2008-02-05 14:30:00,INDEX:ADRN,0.11,0.11,0.11,0.11,0.0
2008-02-06 14:30:00,INDEX:ADRN,0.48,0.48,0.48,0.48,0.0
2008-02-07 14:30:00,INDEX:ADRN,2.17,2.17,2.17,2.17,0.0
2008-02-08 14:30:00,INDEX:ADRN,0.63,0.63,0.63,0.63,0.0
2008-02-11 14:30:00,INDEX:ADRN,1.46,1.46,1.46,1.46,0.0
2008-02-12 14:30:00,INDEX:ADRN,1.82,1.82,1.82,1.82,0.0
2008-02-13 14:30:00,INDEX:ADRN,3.26,3.26,3.26,3.26,0.0
2008-02-14 14:30:00,INDEX:ADRN,0.25,0.25,0.25,0.25,0.0
2008-02-15 14:30:00,INDEX:ADRN,0.7,0.7,0.7,0.7,0.0
2008-02-19 14:30:00,INDEX:ADRN,1.18,1.18,1.18,1.18,0.0
2008-02-20 14:30:00,INDEX:ADRN,2.17,2.17,2.17,2.17,0.0
2008-02-21 14:30:00,INDEX:ADRN,0.27,0.27,0.27,0.27,0.0
2008-02-22 14:30:00,INDEX:ADRN,1.8,1.8,1.8,1.8,0.0
2008-02-25 14:30:00,INDEX:ADRN,4.65,4.65,4.65,4.65,0.0
2008-02-26 14:30:00,INDEX:ADRN,2.39,2.39,2.39,2.39,0.0
2008-02-27 14:30:00,INDEX:ADRN,0.76,0.76,0.76,0.76,0.0
2008-02-28 14:30:00,INDEX:ADRN,0.41,0.41,0.41,0.41,0.0
2008-02-29 14:30:00,INDEX:ADRN,0.1,0.1,0.1,0.1,0.0
2008-03-03 14:30:00,INDEX:ADRN,1.02,1.02,1.02,1.02,0.0
2008-03-04 14:30:00,INDEX:ADRN,0.55,0.55,0.55,0.55,0.0
2008-03-05 14:30:00,INDEX:ADRN,1.44,1.44,1.44,1.44,0.0
2008-03-06 14:30:00,INDEX:ADRN,0.11,0.11,0.11,0.11,0.0
2008-03-07 14:30:00,INDEX:ADRN,0.55,0.55,0.55,0.55,0.0
2008-03-10 13:30:00,INDEX:ADRN,0.19,0.19,0.19,0.19,0.0
2008-03-11 13:30:00,INDEX:ADRN,8.42,8.42,8.42,8.42,0.0
2008-03-12 13:30:00,INDEX:ADRN,0.51,0.51,0.51,0.51,0.0
2008-03-13 13:30:00,INDEX:ADRN,2.09,2.09,2.09,2.09,0.0
2008-03-14 13:30:00,INDEX:ADRN,0.12,0.12,0.12,0.12,0.0
2008-03-17 13:30:00,INDEX:ADRN,0.29,0.29,0.29,0.29,0.0
2008-03-18 13:30:00,INDEX:ADRN,9.0,9.0,9.0,9.0,0.0
2008-03-19 13:30:00,INDEX:ADRN,0.22,0.22,0.22,0.22,0.0
2008-03-20 13:30:00,INDEX:ADRN,2.72,2.72,2.72,2.72,0.0
2008-03-24 13:30:00,INDEX:ADRN,4.59,4.59,4.59,4.59,0.0
2008-03-25 13:30:00,INDEX:ADRN,1.99,1.99,1.99,1.99,0.0
2008-03-26 13:30:00,INDEX:ADRN,0.54,0.54,0.54,0.54,0.0
2008-03-27 13:30:00,INDEX:ADRN,0.43,0.43,0.43,0.43,0.0
2008-03-28 13:30:00,INDEX:ADRN,0.43,0.43,0.43,0.43,0.0
2008-03-31 13:30:00,INDEX:ADRN,1.98,1.98,1.98,1.98,0.0
2008-04-01 13:30:00,INDEX:ADRN,7.36,7.36,7.36,7.36,0.0
2008-04-02 13:30:00,INDEX:ADRN,1.52,1.52,1.52,1.52,0.0
2008-04-03 13:30:00,INDEX:ADRN,1.23,1.23,1.23,1.23,0.0
2008-04-04 13:30:00,INDEX:ADRN,1.07,1.07,1.07,1.07,0.0
2008-04-07 13:30:00,INDEX:ADRN,1.1,1.1,1.1,1.1,0.0
2008-04-08 13:30:00,INDEX:ADRN,0.72,0.72,0.72,0.72,0.0
2008-04-09 13:30:00,INDEX:ADRN,0.25,0.25,0.25,0.25,0.0
2008-04-10 13:30:00,INDEX:ADRN,1.85,1.85,1.85,1.85,0.0
2008-04-11 13:30:00,INDEX:ADRN,0.14,0.14,0.14,0.14,0.0
2008-04-14 13:30:00,INDEX:ADRN,0.74,0.74,0.74,0.74,0.0
2008-04-15 13:30:00,INDEX:ADRN,1.82,1.82,1.82,1.82,0.0
2008-04-16 13:30:00,INDEX:ADRN,6.74,6.74,6.74,6.74,0.0
2008-04-17 13:30:00,INDEX:ADRN,0.79,0.79,0.79,0.79,0.0
2008-04-18 13:30:00,INDEX:ADRN,3.57,3.57,3.57,3.57,0.0
2008-04-21 13:30:00,INDEX:ADRN,0.69,0.69,0.69,0.69,0.0
2008-04-22 13:30:00,INDEX:ADRN,0.27,0.27,0.27,0.27,0.0
2008-04-23 13:30:00,INDEX:ADRN,1.07,1.07,1.07,1.07,0.0
2008-04-24 13:30:00,INDEX:ADRN,1.67,1.67,1.67,1.67,0.0
2008-04-25 13:30:00,INDEX:ADRN,1.89,1.89,1.89,1.89,0.0
2008-04-28 13:30:00,INDEX:ADRN,1.26,1.26,1.26,1.26,0.0
2008-04-29 13:30:00,INDEX:ADRN,0.56,0.56,0.56,0.56,0.0
2008-04-30 13:30:00,INDEX:ADRN,0.89,0.89,0.89,0.89,0.0
2008-05-01 13:30:00,INDEX:ADRN,2.61,2.61,2.61,2.61,0.0
2008-05-02 13:30:00,INDEX:ADRN,1.06,1.06,1.06,1.06,0.0
2008-05-05 13:30:00,INDEX:ADRN,0.78,0.78,0.78,0.78,0.0
2008-05-06 13:30:00,INDEX:ADRN,1.89,1.89,1.89,1.89,0.0
2008-05-07 13:30:00,INDEX:ADRN,0.25,0.25,0.25,0.25,0.0
2008-05-08 13:30:00,INDEX:ADRN,1.25,1.25,1.25,1.25,0.0
2008-05-09 13:30:00,INDEX:ADRN,0.74,0.74,0.74,0.74,0.0
2008-05-12 13:30:00,INDEX:ADRN,3.58,3.58,3.58,3.58,0.0
2008-05-13 13:30:00,INDEX:ADRN,1.16,1.16,1.16,1.16,0.0
2008-05-14 13:30:00,INDEX:ADRN,1.34,1.34,1.34,1.34,0.0
2008-05-15 13:30:00,INDEX:ADRN,2.67,2.67,2.67,2.67,0.0
2008-05-16 13:30:00,INDEX:ADRN,0.93,0.93,0.93,0.93,0.0
2008-05-19 13:30:00,INDEX:ADRN,0.92,0.92,0.92,0.92,0.0
2008-05-20 13:30:00,INDEX:ADRN,0.54,0.54,0.54,0.54,0.0
2008-05-21 13:30:00,INDEX:ADRN,0.32,0.32,0.32,0.32,0.0
2008-05-22 13:30:00,INDEX:ADRN,1.45,1.45,1.45,1.45,0.0
2008-05-23 13:30:00,INDEX:ADRN,0.24,0.24,0.24,0.24,0.0
2008-05-27 13:30:00,INDEX:ADRN,1.91,1.91,1.91,1.91,0.0
2008-05-28 13:30:00,INDEX:ADRN,1.42,1.42,1.42,1.42,0.0
2008-05-29 13:30:00,INDEX:ADRN,1.88,1.88,1.88,1.88,0.0
2008-05-30 13:30:00,INDEX:ADRN,1.19,1.19,1.19,1.19,0.0
2008-06-02 13:30:00,INDEX:ADRN,0.37,0.37,0.37,0.37,0.0
2008-06-03 13:30:00,INDEX:ADRN,0.72,0.72,0.72,0.72,0.0
2008-06-04 13:30:00,INDEX:ADRN,0.99,0.99,0.99,0.99,0.0
2008-06-05 13:30:00,INDEX:ADRN,6.29,6.29,6.29,6.29,0.0
2008-06-06 13:30:00,INDEX:ADRN,0.12,0.12,0.12,0.12,0.0
2008-06-09 13:30:00,INDEX:ADRN,0.62,0.62,0.62,0.62,0.0
2008-06-10 13:30:00,INDEX:ADRN,0.66,0.66,0.66,0.66,0.0
2008-06-11 13:30:00,INDEX:ADRN,0.2,0.2,0.2,0.2,0.0
2008-06-12 13:30:00,INDEX:ADRN,1.23,1.23,1.23,1.23,0.0
2008-06-13 13:30:00,INDEX:ADRN,4.31,4.31,4.31,4.31,0.0
2008-06-16 13:30:00,INDEX:ADRN,1.6,1.6,1.6,1.6,0.0
2008-06-17 13:30:00,INDEX:ADRN,0.57,0.57,0.57,0.57,0.0
2008-06-18 13:30:00,INDEX:ADRN,0.38,0.38,0.38,0.38,0.0
2008-06-19 13:30:00,INDEX:ADRN,1.49,1.49,1.49,1.49,0.0
2008-06-20 13:30:00,INDEX:ADRN,0.18,0.18,0.18,0.18,0.0
2008-06-23 13:30:00,INDEX:ADRN,0.6,0.6,0.6,0.6,0.0
2008-06-24 13:30:00,INDEX:ADRN,0.42,0.42,0.42,0.42,0.0
2008-06-25 13:30:00,INDEX:ADRN,2.52,2.52,2.52,2.52,0.0
2008-06-26 13:30:00,INDEX:ADRN,0.14,0.14,0.14,0.14,0.0
2008-06-27 13:30:00,INDEX:ADRN,0.64,0.64,0.64,0.64,0.0
2008-06-30 13:30:00,INDEX:ADRN,0.69,0.69,0.69,0.69,0.0
2008-07-01 13:30:00,INDEX:ADRN,0.86,0.86,0.86,0.86,0.0
2008-07-02 13:30:00,INDEX:ADRN,0.21,0.21,0.21,0.21,0.0
2008-07-03 13:30:00,INDEX:ADRN,0.57,0.57,0.57,0.57,0.0
2008-07-04 13:30:00,INDEX:ADRN,0.91,0.91,0.91,0.91,0.0
2008-07-07 13:30:00,INDEX:ADRN,0.44,0.44,0.44,0.44,0.0
2008-07-08 13:30:00,INDEX:ADRN,2.93,2.93,2.93,2.93,0.0
2008-07-09 13:30:00,INDEX:ADRN,0.32,0.32,0.32,0.32,0.0
2008-07-10 13:30:00,INDEX:ADRN,1.57,1.57,1.57,1.57,0.0
2008-07-11 13:30:00,INDEX:ADRN,0.72,0.72,0.72,0.72,0.0
2008-07-14 13:30:00,INDEX:ADRN,0.46,0.46,0.46,0.46,0.0
2008-07-15 13:30:00,INDEX:ADRN,0.5,0.5,0.5,0.5,0.0
2008-07-16 13:30:00,INDEX:ADRN,3.38,3.38,3.38,3.38,0.0
2008-07-17 13:30:00,INDEX:ADRN,2.2,2.2,2.2,2.2,0.0
2008-07-18 13:30:00,INDEX:ADRN,0.85,0.85,0.85,0.85,0.0
2008-07-21 13:30:00,INDEX:ADRN,1.52,1.52,1.52,1.52,0.0
2008-07-22 13:30:00,INDEX:ADRN,2.55,2.55,2.55,2.55,0.0
2008-07-23 13:30:00,INDEX:ADRN,1.37,1.37,1.37,1.37,0.0
2008-07-24 13:30:00,INDEX:ADRN,0.22,0.22,0.22,0.22,0.0
2008-07-25 13:30:00,INDEX:ADRN,1.68,1.68,1.68,1.68,0.0
2008-07-28 13:30:00,INDEX:ADRN,0.32,0.32,0.32,0.32,0.0
2008-07-29 13:30:00,INDEX:ADRN,3.5,3.5,3.5,3.5,0.0
2008-07-30 13:30:00,INDEX:ADRN,2.12,2.12,2.12,2.12,0.0
2008-07-31 13:30:00,INDEX:ADRN,0.48,0.48,0.48,0.48,0.0
2008-08-01 13:30:00,INDEX:ADRN,0.83,0.83,0.83,0.83,0.0
2008-08-04 13:30:00,INDEX:ADRN,0.4,0.4,0.4,0.4,0.0
2008-08-05 13:30:00,INDEX:ADRN,3.59,3.59,3.59,3.59,0.0
2008-08-06 13:30:00,INDEX:ADRN,1.38,1.38,1.38,1.38,0.0
2008-08-07 13:30:00,INDEX:ADRN,0.24,0.24,0.24,0.24,0.0
2008-08-08 13:30:00,INDEX:ADRN,3.35,3.35,3.35,3.35,0.0
2008-08-11 13:30:00,INDEX:ADRN,2.09,2.09,2.09,2.09,0.0
2008-08-12 13:30:00,INDEX:ADRN,0.53,0.53,0.53,0.53,0.0
2008-08-13 13:30:00,INDEX:ADRN,0.94,0.94,0.94,0.94,0.0
2008-08-14 13:30:00,INDEX:ADRN,2.06,2.06,2.06,2.06,0.0
2008-08-15 13:30:00,INDEX:ADRN,1.02,1.02,1.02,1.02,0.0
2008-08-18 13:30:00,INDEX:ADRN,0.32,0.32,0.32,0.32,0.0
2008-08-19 13:30:00,INDEX:ADRN,0.35,0.35,0.35,0.35,0.0
2008-08-20 13:30:00,INDEX:ADRN,1.36,1.36,1.36,1.36,0.0
2008-08-21 13:30:00,INDEX:ADRN,0.8,0.8,0.8,0.8,0.0
2008-08-22 13:30:00,INDEX:ADRN,2.88,2.88,2.88,2.88,0.0
2008-08-25 13:30:00,INDEX:ADRN,0.14,0.14,0.14,0.14,0.0
2008-08-26 13:30:00,INDEX:ADRN,1.71,1.71,1.71,1.71,0.0
2008-08-27 13:30:00,INDEX:ADRN,3.96,3.96,3.96,3.96,0.0
2008-08-28 13:30:00,INDEX:ADRN,4.16,4.16,4.16,4.16,0.0
2008-08-29 13:30:00,INDEX:ADRN,0.39,0.39,0.39,0.39,0.0
2008-09-02 13:30:00,INDEX:ADRN,1.01,1.01,1.01,1.01,0.0
2008-09-03 13:30:00,INDEX:ADRN,0.98,0.98,0.98,0.98,0.0
2008-09-04 13:30:00,INDEX:ADRN,0.1,0.1,0.1,0.1,0.0
2008-09-05 13:30:00,INDEX:ADRN,1.07,1.07,1.07,1.07,0.0
2008-09-08 13:30:00,INDEX:ADRN,2.47,2.47,2.47,2.47,0.0
2008-09-09 13:30:00,INDEX:ADRN,0.11,0.11,0.11,0.11,0.0
2008-09-10 13:30:00,INDEX:ADRN,1.89,1.89,1.89,1.89,0.0
2008-09-11 13:30:00,INDEX:ADRN,1.24,1.24,1.24,1.24,0.0
2008-09-12 13:30:00,INDEX:ADRN,1.63,1.63,1.63,1.63,0.0
2008-09-15 13:30:00,INDEX:ADRN,0.05,0.05,0.05,0.05,0.0
2008-09-16 13:30:00,INDEX:ADRN,1.89,1.89,1.89,1.89,0.0
2008-09-17 13:30:00,INDEX:ADRN,0.09,0.09,0.09,0.09,0.0
2008-09-18 13:30:00,INDEX:ADRN,4.76,4.76,4.76,4.76,0.0
2008-09-19 13:30:00,INDEX:ADRN,5.64,5.64,5.64,5.64,0.0
2008-09-22 13:30:00,INDEX:ADRN,0.19,0.19,0.19,0.19,0.0
2008-09-23 13:30:00,INDEX:ADRN,0.36,0.36,0.36,0.36,0.0
2008-09-24 13:30:00,INDEX:ADRN,0.54,0.54,0.54,0.54,0.0
2008-09-25 13:30:00,INDEX:ADRN,2.86,2.86,2.86,2.86,0.0
2008-09-26 13:30:00,INDEX:ADRN,0.66,0.66,0.66,0.66,0.0
2008-09-29 13:30:00,INDEX:ADRN,0.04,0.04,0.04,0.04,0.0
2008-09-30 13:30:00,INDEX:ADRN,4.8,4.8,4.8,4.8,0.0
2008-10-01 13:30:00,INDEX:ADRN,0.59,0.59,0.59,0.59,0.0
2008-10-02 13:30:00,INDEX:ADRN,0.08,0.08,0.08,0.08,0.0
2008-10-03 13:30:00,INDEX:ADRN,0.34,0.34,0.34,0.34,0.0
2008-10-06 13:30:00,INDEX:ADRN,0.11,0.11,0.11,0.11,0.0
2008-10-07 13:30:00,INDEX:ADRN,0.09,0.09,0.09,0.09,0.0
2008-10-08 13:30:00,INDEX:ADRN,0.41,0.41,0.41,0.41,0.0
2008-10-09 13:30:00,INDEX:ADRN,0.06,0.06,0.06,0.06,0.0
2008-10-10 13:30:00,INDEX:ADRN,0.84,0.84,0.84,0.84,0.0
2008-10-13 13:30:00,INDEX:ADRN,13.55,13.55,13.55,13.55,0.0
2008-10-14 13:30:00,INDEX:ADRN,0.57,0.57,0.57,0.57,0.0
2008-10-15 13:30:00,INDEX:ADRN,0.03,0.03,0.03,0.03,0.0
2008-10-16 13:30:00,INDEX:ADRN,3.39,3.39,3.39,3.39,0.0
2008-10-17 13:30:00,INDEX:ADRN,0.81,0.81,0.81,0.81,0.0
2008-10-20 13:30:00,INDEX:ADRN,5.19,5.19,5.19,5.19,0.0
2008-10-21 13:30:00,INDEX:ADRN,0.21,0.21,0.21,0.21,0.0
2008-10-22 13:30:00,INDEX:ADRN,0.06,0.06,0.06,0.06,0.0
2008-10-23 13:30:00,INDEX:ADRN,0.54,0.54,0.54,0.54,0.0
2008-10-24 13:30:00,INDEX:ADRN,0.16,0.16,0.16,0.16,0.0
2008-10-27 13:30:00,INDEX:ADRN,0.15,0.15,0.15,0.15,0.0
2008-10-28 13:30:00,INDEX:ADRN,6.57,6.57,6.57,6.57,0.0
2008-10-29 13:30:00,INDEX:ADRN,1.52,1.52,1.52,1.52,0.0
2008-10-30 13:30:00,INDEX:ADRN,5.98,5.98,5.98,5.98,0.0
2008-10-31 13:30:00,INDEX:ADRN,3.27,3.27,3.27,3.27,0.0
2008-11-03 14:30:00,INDEX:ADRN,1.05,1.05,1.05,1.05,0.0
2008-11-04 14:30:00,INDEX:ADRN,3.42,3.42,3.42,3.42,0.0
2008-11-05 14:30:00,INDEX:ADRN,0.11,0.11,0.11,0.11,0.0
2008-11-06 14:30:00,INDEX:ADRN,0.13,0.13,0.13,0.13,0.0
2008-11-07 14:30:00,INDEX:ADRN,2.92,2.92,2.92,2.92,0.0
2008-11-10 14:30:00,INDEX:ADRN,0.38,0.38,0.38,0.38,0.0
2008-11-11 14:30:00,INDEX:ADRN,0.22,0.22,0.22,0.22,0.0
2008-11-12 14:30:00,INDEX:ADRN,0.05,0.05,0.05,0.05,0.0
2008-11-13 14:30:00,INDEX:ADRN,7.91,7.91,7.91,7.91,0.0
2008-11-14 14:30:00,INDEX:ADRN,0.11,0.11,0.11,0.11,0.0
2008-11-17 14:30:00,INDEX:ADRN,0.35,0.35,0.35,0.35,0.0
2008-11-18 14:30:00,INDEX:ADRN,0.8,0.8,0.8,0.8,0.0
2008-11-19 14:30:00,INDEX:ADRN,0.04,0.04,0.04,0.04,0.0
2008-11-20 14:30:00,INDEX:ADRN,0.09,0.09,0.09,0.09,0.0
2008-11-21 14:30:00,INDEX:ADRN,3.65,3.65,3.65,3.65,0.0
2008-11-24 14:30:00,INDEX:ADRN,9.53,9.53,9.53,9.53,0.0
2008-11-25 14:30:00,INDEX:ADRN,1.74,1.74,1.74,1.74,0.0
2008-11-26 14:30:00,INDEX:ADRN,7.0,7.0,7.0,7.0,0.0
2008-11-28 14:30:00,INDEX:ADRN,1.85,1.85,1.85,1.85,0.0
2008-12-01 14:30:00,INDEX:ADRN,0.04,0.04,0.04,0.04,0.0
2008-12-02 14:30:00,INDEX:ADRN,5.43,5.43,5.43,5.43,0.0
2008-12-03 14:30:00,INDEX:ADRN,2.42,2.42,2.42,2.42,0.0
2008-12-04 14:30:00,INDEX:ADRN,0.26,0.26,0.26,0.26,0.0
2008-12-05 14:30:00,INDEX:ADRN,4.11,4.11,4.11,4.11,0.0
2008-12-08 14:30:00,INDEX:ADRN,4.9,4.9,4.9,4.9,0.0
2008-12-09 14:30:00,INDEX:ADRN,0.35,0.35,0.35,0.35,0.0
2008-12-10 14:30:00,INDEX:ADRN,3.06,3.06,3.06,3.06,0.0
2008-12-11 14:30:00,INDEX:ADRN,0.2,0.2,0.2,0.2,0.0
2008-12-12 14:30:00,INDEX:ADRN,2.46,2.46,2.46,2.46,0.0
2008-12-15 14:30:00,INDEX:ADRN,0.29,0.29,0.29,0.29,0.0
2008-12-16 14:30:00,INDEX:ADRN,11.08,11.08,11.08,11.08,0.0
2008-12-17 14:30:00,INDEX:ADRN,1.05,1.05,1.05,1.05,0.0
2008-12-18 14:30:00,INDEX:ADRN,0.45,0.45,0.45,0.45,0.0
2008-12-19 14:30:00,INDEX:ADRN,1.32,1.32,1.32,1.32,0.0
2008-12-22 14:30:00,INDEX:ADRN,0.3,0.3,0.3,0.3,0.0
2008-12-23 14:30:00,INDEX:ADRN,0.43,0.43,0.43,0.43,0.0
2008-12-24 14:30:00,INDEX:ADRN,1.27,1.27,1.27,1.27,0.0
2008-12-26 14:30:00,INDEX:ADRN,2.93,2.93,2.93,2.93,0.0
2008-12-29 14:30:00,INDEX:ADRN,0.43,0.43,0.43,0.43,0.0
2008-12-30 14:30:00,INDEX:ADRN,5.76,5.76,5.76,5.76,0.0
2008-12-31 14:30:00,INDEX:ADRN,5.62,5.62,5.62,5.62,0.0
2009-01-02 14:30:00,INDEX:ADRN,3.73,3.73,3.73,3.73,0.0
2009-01-05 14:30:00,INDEX:ADRN,1.37,1.37,1.37,1.37,0.0
2009-01-06 14:30:00,INDEX:ADRN,2.85,2.85,2.85,2.85,0.0
2009-01-07 14:30:00,INDEX:ADRN,0.15,0.15,0.15,0.15,0.0
2009-01-08 14:30:00,INDEX:ADRN,1.8,1.8,1.8,1.8,0.0
2009-01-09 14:30:00,INDEX:ADRN,0.18,0.18,0.18,0.18,0.0
2009-01-12 14:30:00,INDEX:ADRN,0.18,0.18,0.18,0.18,0.0
2009-01-13 14:30:00,INDEX:ADRN,1.43,1.43,1.43,1.43,0.0
2009-01-14 14:30:00,INDEX:ADRN,0.07,0.07,0.07,0.07,0.0
2009-01-15 14:30:00,INDEX:ADRN,1.92,1.92,1.92,1.92,0.0
2009-01-16 14:30:00,INDEX:ADRN,2.06,2.06,2.06,2.06,0.0
2009-01-20 14:30:00,INDEX:ADRN,0.05,0.05,0.05,0.05,0.0
2009-01-21 14:30:00,INDEX:ADRN,8.1,8.1,8.1,8.1,0.0
2009-01-22 14:30:00,INDEX:ADRN,0.24,0.24,0.24,0.24,0.0
2009-01-23 14:30:00,INDEX:ADRN,1.36,1.36,1.36,1.36,0.0
2009-01-26 14:30:00,INDEX:ADRN,1.89,1.89,1.89,1.89,0.0
2009-01-27 14:30:00,INDEX:ADRN,2.3,2.3,2.3,2.3,0.0
2009-01-28 14:30:00,INDEX:ADRN,6.78,6.78,6.78,6.78,0.0
2009-01-29 14:30:00,INDEX:ADRN,0.13,0.13,0.13,0.13,0.0
2009-01-30 14:30:00,INDEX:ADRN,0.25,0.25,0.25,0.25,0.0
2009-02-02 14:30:00,INDEX:ADRN,0.97,0.97,0.97,0.97,0.0
2009-02-03 14:30:00,INDEX:ADRN,1.86,1.86,1.86,1.86,0.0
2009-02-04 14:30:00,INDEX:ADRN,0.74,0.74,0.74,0.74,0.0
2009-02-05 14:30:00,INDEX:ADRN,2.43,2.43,2.43,2.43,0.0
2009-02-06 14:30:00,INDEX:ADRN,6.32,6.32,6.32,6.32,0.0
2009-02-09 14:30:00,INDEX:ADRN,0.88,0.88,0.88,0.88,0.0
2009-02-10 14:30:00,INDEX:ADRN,0.08,0.08,0.08,0.08,0.0
2009-02-11 14:30:00,INDEX:ADRN,1.37,1.37,1.37,1.37,0.0
2009-02-12 14:30:00,INDEX:ADRN,1.04,1.04,1.04,1.04,0.0
2009-02-13 14:30:00,INDEX:ADRN,0.63,0.63,0.63,0.63,0.0
2009-02-17 14:30:00,INDEX:ADRN,0.06,0.06,0.06,0.06,0.0
2009-02-18 14:30:00,INDEX:ADRN,0.47,0.47,0.47,0.47,0.0
2009-02-19 14:30:00,INDEX:ADRN,0.43,0.43,0.43,0.43,0.0
2009-02-20 14:30:00,INDEX:ADRN,0.41,0.41,0.41,0.41,0.0
2009-02-23 14:30:00,INDEX:ADRN,0.1,0.1,0.1,0.1,0.0
2009-02-24 14:30:00,INDEX:ADRN,7.98,7.98,7.98,7.98,0.0
2009-02-25 14:30:00,INDEX:ADRN,0.33,0.33,0.33,0.33,0.0
2009-02-26 14:30:00,INDEX:ADRN,0.57,0.57,0.57,0.57,0.0
2009-02-27 14:30:00,INDEX:ADRN,0.51,0.51,0.51,0.51,0.0
2009-03-02 14:30:00,INDEX:ADRN,0.06,0.06,0.06,0.06,0.0
2009-03-03 14:30:00,INDEX:ADRN,0.53,0.53,0.53,0.53,0.0
2009-03-04 14:30:00,INDEX:ADRN,5.0,5.0,5.0,5.0,0.0
2009-03-05 14:30:00,INDEX:ADRN,0.07,0.07,0.07,0.07,0.0
2009-03-06 14:30:00,INDEX:ADRN,0.79,0.79,0.79,0.79,0.0
2009-03-09 13:30:00,INDEX:ADRN,0.4,0.4,0.4,0.4,0.0
2009-03-10 13:30:00,INDEX:ADRN,11.69,11.69,11.69,11.69,0.0
2009-03-11 13:30:00,INDEX:ADRN,1.07,1.07,1.07,1.07,0.0
2009-03-12 13:30:00,INDEX:ADRN,9.79,9.79,9.79,9.79,0.0
2009-03-13 13:30:00,INDEX:ADRN,1.43,1.43,1.43,1.43,0.0
2009-03-16 13:30:00,INDEX:ADRN,0.88,0.88,0.88,0.88,0.0
2009-03-17 13:30:00,INDEX:ADRN,5.94,5.94,5.94,5.94,0.0
2009-03-18 13:30:00,INDEX:ADRN,4.99,4.99,4.99,4.99,0.0
2009-03-19 13:30:00,INDEX:ADRN,0.81,0.81,0.81,0.81,0.0
2009-03-20 13:30:00,INDEX:ADRN,0.25,0.25,0.25,0.25,0.0
2009-03-23 13:30:00,INDEX:ADRN,15.25,15.25,15.25,15.25,0.0
2009-03-24 13:30:00,INDEX:ADRN,0.26,0.26,0.26,0.26,0.0
2009-03-25 13:30:00,INDEX:ADRN,2.58,2.58,2.58,2.58,0.0
2009-03-26 13:30:00,INDEX:ADRN,5.93,5.93,5.93,5.93,0.0
2009-03-27 13:30:00,INDEX:ADRN,0.16,0.16,0.16,0.16,0.0
2009-03-30 13:30:00,INDEX:ADRN,0.11,0.11,0.11,0.11,0.0
2009-03-31 13:30:00,INDEX:ADRN,2.83,2.83,2.83,2.83,0.0
2009-04-01 13:30:00,INDEX:ADRN,3.25,3.25,3.25,3.25,0.0
2009-04-02 13:30:00,INDEX:ADRN,8.45,8.45,8.45,8.45,0.0
2009-04-03 13:30:00,INDEX:ADRN,2.42,2.42,2.42,2.42,0.0
2009-04-06 13:30:00,INDEX:ADRN,0.36,0.36,0.36,0.36,0.0
2009-04-07 13:30:00,INDEX:ADRN,0.15,0.15,0.15,0.15,0.0
2009-04-08 13:30:00,INDEX:ADRN,3.9,3.9,3.9,3.9,0.0
2009-04-09 13:30:00,INDEX:ADRN,8.95,8.95,8.95,8.95,0.0
2009-04-13 13:30:00,INDEX:ADRN,1.15,1.15,1.15,1.15,0.0
2009-04-14 13:30:00,INDEX:ADRN,0.29,0.29,0.29,0.29,0.0
2009-04-15 13:30:00,INDEX:ADRN,2.78,2.78,2.78,2.78,0.0
2009-04-16 13:30:00,INDEX:ADRN,3.57,3.57,3.57,3.57,0.0
2009-04-17 13:30:00,INDEX:ADRN,1.71,1.71,1.71,1.71,0.0
2009-04-20 13:30:00,INDEX:ADRN,0.07,0.07,0.07,0.07,0.0
2009-04-21 13:30:00,INDEX:ADRN,5.22,5.22,5.22,5.22,0.0
2009-04-22 13:30:00,INDEX:ADRN,0.97,0.97,0.97,0.97,0.0
2009-04-23 13:30:00,INDEX:ADRN,1.14,1.14,1.14,1.14,0.0
2009-04-24 13:30:00,INDEX:ADRN,3.76,3.76,3.76,3.76,0.0
2009-04-27 13:30:00,INDEX:ADRN,0.36,0.36,0.36,0.36,0.0
2009-04-28 13:30:00,INDEX:ADRN,1.16,1.16,1.16,1.16,0.0
2009-04-29 13:30:00,INDEX:ADRN,6.46,6.46,6.46,6.46,0.0
2009-04-30 13:30:00,INDEX:ADRN,0.87,0.87,0.87,0.87,0.0
2009-05-01 13:30:00,INDEX:ADRN,1.45,1.45,1.45,1.45,0.0
2009-05-04 13:30:00,INDEX:ADRN,7.85,7.85,7.85,7.85,0.0
2009-05-05 13:30:00,INDEX:ADRN,0.63,0.63,0.63,0.63,0.0
2009-05-06 13:30:00,INDEX:ADRN,1.93,1.93,1.93,1.93,0.0
2009-05-07 13:30:00,INDEX:ADRN,0.37,0.37,0.37,0.37,0.0
2009-05-08 13:30:00,INDEX:ADRN,5.97,5.97,5.97,5.97,0.0
2009-05-11 13:30:00,INDEX:ADRN,0.24,0.24,0.24,0.24,0.0
2009-05-12 13:30:00,INDEX:ADRN,0.6,0.6,0.6,0.6,0.0
2009-05-13 13:30:00,INDEX:ADRN,0.07,0.07,0.07,0.07,0.0
2009-05-14 13:30:00,INDEX:ADRN,3.01,3.01,3.01,3.01,0.0
2009-05-15 13:30:00,INDEX:ADRN,0.44,0.44,0.44,0.44,0.0
2009-05-18 13:30:00,INDEX:ADRN,9.77,9.77,9.77,9.77,0.0
2009-05-19 13:30:00,INDEX:ADRN,1.2,1.2,1.2,1.2,0.0
2009-05-20 13:30:00,INDEX:ADRN,0.8,0.8,0.8,0.8,0.0
2009-05-21 13:30:00,INDEX:ADRN,0.27,0.27,0.27,0.27,0.0
2009-05-22 13:30:00,INDEX:ADRN,0.79,0.79,0.79,0.79,0.0
2009-05-26 13:30:00,INDEX:ADRN,8.41,8.41,8.41,8.41,0.0
2009-05-27 13:30:00,INDEX:ADRN,0.28,0.28,0.28,0.28,0.0
2009-05-28 13:30:00,INDEX:ADRN,2.13,2.13,2.13,2.13,0.0
2009-05-29 13:30:00,INDEX:ADRN,3.38,3.38,3.38,3.38,0.0
2009-06-01 13:30:00,INDEX:ADRN,6.61,6.61,6.61,6.61,0.0
2009-06-02 13:30:00,INDEX:ADRN,1.3,1.3,1.3,1.3,0.0
2009-06-03 13:30:00,INDEX:ADRN,0.3,0.3,0.3,0.3,0.0
2009-06-04 13:30:00,INDEX:ADRN,3.4,3.4,3.4,3.4,0.0
2009-06-05 13:30:00,INDEX:ADRN,0.81,0.81,0.81,0.81,0.0
2009-06-08 13:30:00,INDEX:ADRN,0.47,0.47,0.47,0.47,0.0
2009-06-09 13:30:00,INDEX:ADRN,1.34,1.34,1.34,1.34,0.0
2009-06-10 13:30:00,INDEX:ADRN,0.71,0.71,0.71,0.71,0.0
2009-06-11 13:30:00,INDEX:ADRN,1.48,1.48,1.48,1.48,0.0
2009-06-12 13:30:00,INDEX:ADRN,0.83,0.83,0.83,0.83,0.0
2009-06-15 13:30:00,INDEX:ADRN,0.1,0.1,0.1,0.1,0.0
2009-06-16 13:30:00,INDEX:ADRN,0.27,0.27,0.27,0.27,0.0
2009-06-17 13:30:00,INDEX:ADRN,0.82,0.82,0.82,0.82,0.0
2009-06-18 13:30:00,INDEX:ADRN,1.37,1.37,1.37,1.37,0.0
2009-06-19 13:30:00,INDEX:ADRN,1.5,1.5,1.5,1.5,0.0
2009-06-22 13:30:00,INDEX:ADRN,0.09,0.09,0.09,0.09,0.0
2009-06-23 13:30:00,INDEX:ADRN,0.83,0.83,0.83,0.83,0.0
2009-06-24 13:30:00,INDEX:ADRN,2.53,2.53,2.53,2.53,0.0
2009-06-25 13:30:00,INDEX:ADRN,7.9,7.9,7.9,7.9,0.0
2009-06-26 13:30:00,INDEX:ADRN,1.42,1.42,1.42,1.42,0.0
2009-06-29 13:30:00,INDEX:ADRN,1.44,1.44,1.44,1.44,0.0
2009-06-30 13:30:00,INDEX:ADRN,0.56,0.56,0.56,0.56,0.0
2009-07-01 13:30:00,INDEX:ADRN,2.98,2.98,2.98,2.98,0.0
2009-07-02 13:30:00,INDEX:ADRN,0.1,0.1,0.1,0.1,0.0
2009-07-06 13:30:00,INDEX:ADRN,0.71,0.71,0.71,0.71,0.0
2009-07-07 13:30:00,INDEX:ADRN,0.16,0.16,0.16,0.16,0.0
2009-07-08 13:30:00,INDEX:ADRN,0.46,0.46,0.46,0.46,0.0
2009-07-09 13:30:00,INDEX:ADRN,1.29,1.29,1.29,1.29,0.0
2009-07-10 13:30:00,INDEX:ADRN,0.85,0.85,0.85,0.85,0.0
2009-07-13 13:30:00,INDEX:ADRN,6.49,6.49,6.49,6.49,0.0
2009-07-14 13:30:00,INDEX:ADRN,2.4,2.4,2.4,2.4,0.0
2009-07-15 13:30:00,INDEX:ADRN,13.98,13.98,13.98,13.98,0.0
2009-07-16 13:30:00,INDEX:ADRN,2.73,2.73,2.73,2.73,0.0
2009-07-17 13:30:00,INDEX:ADRN,0.79,0.79,0.79,0.79,0.0
2009-07-20 13:30:00,INDEX:ADRN,4.59,4.59,4.59,4.59,0.0
2009-07-21 13:30:00,INDEX:ADRN,0.96,0.96,0.96,0.96,0.0
2009-07-22 13:30:00,INDEX:ADRN,1.34,1.34,1.34,1.34,0.0
2009-07-23 13:30:00,INDEX:ADRN,6.38,6.38,6.38,6.38,0.0
2009-07-24 13:30:00,INDEX:ADRN,1.88,1.88,1.88,1.88,0.0
2009-07-27 13:30:00,INDEX:ADRN,1.56,1.56,1.56,1.56,0.0
2009-07-28 13:30:00,INDEX:ADRN,0.77,0.77,0.77,0.77,0.0
2009-07-29 13:30:00,INDEX:ADRN,0.42,0.42,0.42,0.42,0.0
2009-07-30 13:30:00,INDEX:ADRN,4.46,4.46,4.46,4.46,0.0
2009-07-31 13:30:00,INDEX:ADRN,1.37,1.37,1.37,1.37,0.0
2009-08-03 13:30:00,INDEX:ADRN,5.16,5.16,5.16,5.16,0.0
2009-08-04 13:30:00,INDEX:ADRN,1.44,1.44,1.44,1.44,0.0
2009-08-05 13:30:00,INDEX:ADRN,0.63,0.63,0.63,0.63,0.0
2009-08-06 13:30:00,INDEX:ADRN,0.44,0.44,0.44,0.44,0.0
2009-08-07 13:30:00,INDEX:ADRN,4.11,4.11,4.11,4.11,0.0
2009-08-10 13:30:00,INDEX:ADRN,0.71,0.71,0.71,0.71,0.0
2009-08-11 13:30:00,INDEX:ADRN,0.25,0.25,0.25,0.25,0.0
2009-08-12 13:30:00,INDEX:ADRN,3.33,3.33,3.33,3.33,0.0
2009-08-13 13:30:00,INDEX:ADRN,1.78,1.78,1.78,1.78,0.0
2009-08-14 13:30:00,INDEX:ADRN,0.25,0.25,0.25,0.25,0.0
2009-08-17 13:30:00,INDEX:ADRN,0.09,0.09,0.09,0.09,0.0
2009-08-18 13:30:00,INDEX:ADRN,4.3,4.3,4.3,4.3,0.0
2009-08-19 13:30:00,INDEX:ADRN,1.99,1.99,1.99,1.99,0.0
2009-08-20 13:30:00,INDEX:ADRN,3.43,3.43,3.43,3.43,0.0
2009-08-21 13:30:00,INDEX:ADRN,8.22,8.22,8.22,8.22,0.0
2009-08-24 13:30:00,INDEX:ADRN,0.86,0.86,0.86,0.86,0.0
2009-08-25 13:30:00,INDEX:ADRN,1.39,1.39,1.39,1.39,0.0
2009-08-26 13:30:00,INDEX:ADRN,0.87,0.87,0.87,0.87,0.0
2009-08-27 13:30:00,INDEX:ADRN,1.16,1.16,1.16,1.16,0.0
2009-08-28 13:30:00,INDEX:ADRN,0.74,0.74,0.74,0.74,0.0
2009-08-31 13:30:00,INDEX:ADRN,0.25,0.25,0.25,0.25,0.0
2009-09-01 13:30:00,INDEX:ADRN,0.11,0.11,0.11,0.11,0.0
2009-09-02 13:30:00,INDEX:ADRN,0.58,0.58,0.58,0.58,0.0
2009-09-03 13:30:00,INDEX:ADRN,3.82,3.82,3.82,3.82,0.0
2009-09-04 13:30:00,INDEX:ADRN,5.25,5.25,5.25,5.25,0.0
2009-09-08 13:30:00,INDEX:ADRN,2.7,2.7,2.7,2.7,0.0
2009-09-09 13:30:00,INDEX:ADRN,2.85,2.85,2.85,2.85,0.0
2009-09-10 13:30:00,INDEX:ADRN,3.74,3.74,3.74,3.74,0.0
2009-09-11 13:30:00,INDEX:ADRN,0.91,0.91,0.91,0.91,0.0
2009-09-14 13:30:00,INDEX:ADRN,2.18,2.18,2.18,2.18,0.0
2009-09-15 13:30:00,INDEX:ADRN,2.09,2.09,2.09,2.09,0.0
2009-09-16 13:30:00,INDEX:ADRN,5.61,5.61,5.61,5.61,0.0
2009-09-17 13:30:00,INDEX:ADRN,0.6,0.6,0.6,0.6,0.0
2009-09-18 13:30:00,INDEX:ADRN,1.23,1.23,1.23,1.23,0.0
2009-09-21 13:30:00,INDEX:ADRN,0.45,0.45,0.45,0.45,0.0
2009-09-22 13:30:00,INDEX:ADRN,2.31,2.31,2.31,2.31,0.0
2009-09-23 13:30:00,INDEX:ADRN,0.3,0.3,0.3,0.3,0.0
2009-09-24 13:30:00,INDEX:ADRN,0.17,0.17,0.17,0.17,0.0
2009-09-25 13:30:00,INDEX:ADRN,0.58,0.58,0.58,0.58,0.0
2009-09-28 13:30:00,INDEX:ADRN,6.82,6.82,6.82,6.82,0.0
2009-09-29 13:30:00,INDEX:ADRN,0.93,0.93,0.93,0.93,0.0
2009-09-30 13:30:00,INDEX:ADRN,0.53,0.53,0.53,0.53,0.0
2009-10-01 13:30:00,INDEX:ADRN,0.07,0.07,0.07,0.07,0.0
2009-10-02 13:30:00,INDEX:ADRN,0.42,0.42,0.42,0.42,0.0
2009-10-05 13:30:00,INDEX:ADRN,6.05,6.05,6.05,6.05,0.0
2009-10-06 13:30:00,INDEX:ADRN,4.81,4.81,4.81,4.81,0.0
2009-10-07 13:30:00,INDEX:ADRN,1.02,1.02,1.02,1.02,0.0
2009-10-08 13:30:00,INDEX:ADRN,3.32,3.32,3.32,3.32,0.0
2009-10-09 13:30:00,INDEX:ADRN,2.03,2.03,2.03,2.03,0.0
2009-10-12 13:30:00,INDEX:ADRN,1.33,1.33,1.33,1.33,0.0
2009-10-13 13:30:00,INDEX:ADRN,0.67,0.67,0.67,0.67,0.0
2009-10-14 13:30:00,INDEX:ADRN,5.09,5.09,5.09,5.09,0.0
2009-10-15 13:30:00,INDEX:ADRN,1.09,1.09,1.09,1.09,0.0
2009-10-16 13:30:00,INDEX:ADRN,0.37,0.37,0.37,0.37,0.0
2009-10-19 13:30:00,INDEX:ADRN,3.68,3.68,3.68,3.68,0.0
2009-10-20 13:30:00,INDEX:ADRN,0.3,0.3,0.3,0.3,0.0
2009-10-21 13:30:00,INDEX:ADRN,0.4,0.4,0.4,0.4,0.0
2009-10-22 13:30:00,INDEX:ADRN,2.71,2.71,2.71,2.71,0.0
2009-10-23 13:30:00,INDEX:ADRN,0.17,0.17,0.17,0.17,0.0
2009-10-26 13:30:00,INDEX:ADRN,0.23,0.23,0.23,0.23,0.0
2009-10-27 13:30:00,INDEX:ADRN,0.48,0.48,0.48,0.48,0.0
2009-10-28 13:30:00,INDEX:ADRN,0.09,0.09,0.09,0.09,0.0
2009-10-29 13:30:00,INDEX:ADRN,6.32,6.32,6.32,6.32,0.0
2009-10-30 13:30:00,INDEX:ADRN,0.11,0.11,0.11,0.11,0.0
2009-11-02 14:30:00,INDEX:ADRN,1.24,1.24,1.24,1.24,0.0
2009-11-03 14:30:00,INDEX:ADRN,2.26,2.26,2.26,2.26,0.0
2009-11-04 14:30:00,INDEX:ADRN,0.81,0.81,0.81,0.81,0.0
2009-11-05 14:30:00,INDEX:ADRN,7.35,7.35,7.35,7.35,0.0
2009-11-06 14:30:00,INDEX:ADRN,0.82,0.82,0.82,0.82,0.0
2009-11-09 14:30:00,INDEX:ADRN,7.35,7.35,7.35,7.35,0.0
2009-11-10 14:30:00,INDEX:ADRN,0.59,0.59,0.59,0.59,0.0
2009-11-11 14:30:00,INDEX:ADRN,1.8,1.8,1.8,1.8,0.0
2009-11-12 14:30:00,INDEX:ADRN,0.15,0.15,0.15,0.15,0.0
2009-11-13 14:30:00,INDEX:ADRN,3.42,3.42,3.42,3.42,0.0
2009-11-16 14:30:00,INDEX:ADRN,8.21,8.21,8.21,8.21,0.0
2009-11-17 14:30:00,INDEX:ADRN,0.75,0.75,0.75,0.75,0.0
2009-11-18 14:30:00,INDEX:ADRN,0.66,0.66,0.66,0.66,0.0
2009-11-19 14:30:00,INDEX:ADRN,0.13,0.13,0.13,0.13,0.0
2009-11-20 14:30:00,INDEX:ADRN,0.63,0.63,0.63,0.63,0.0
2009-11-23 14:30:00,INDEX:ADRN,4.35,4.35,4.35,4.35,0.0
2009-11-24 14:30:00,INDEX:ADRN,0.7,0.7,0.7,0.7,0.0
2009-11-25 14:30:00,INDEX:ADRN,1.71,1.71,1.71,1.71,0.0
2009-11-27 14:30:00,INDEX:ADRN,0.08,0.08,0.08,0.08,0.0
2009-11-30 14:30:00,INDEX:ADRN,1.31,1.31,1.31,1.31,0.0
2009-12-01 14:30:00,INDEX:ADRN,4.53,4.53,4.53,4.53,0.0
2009-12-02 14:30:00,INDEX:ADRN,1.72,1.72,1.72,1.72,0.0
2009-12-03 14:30:00,INDEX:ADRN,0.31,0.31,0.31,0.31,0.0
2009-12-04 14:30:00,INDEX:ADRN,2.85,2.85,2.85,2.85,0.0
2009-12-07 14:30:00,INDEX:ADRN,0.93,0.93,0.93,0.93,0.0
2009-12-08 14:30:00,INDEX:ADRN,0.31,0.31,0.31,0.31,0.0
2009-12-09 14:30:00,INDEX:ADRN,1.06,1.06,1.06,1.06,0.0
2009-12-10 14:30:00,INDEX:ADRN,1.2,1.2,1.2,1.2,0.0
2009-12-11 14:30:00,INDEX:ADRN,2.14,2.14,2.14,2.14,0.0
2009-12-14 14:30:00,INDEX:ADRN,4.13,4.13,4.13,4.13,0.0
2009-12-15 14:30:00,INDEX:ADRN,0.54,0.54,0.54,0.54,0.0
2009-12-16 14:30:00,INDEX:ADRN,1.86,1.86,1.86,1.86,0.0
2009-12-17 14:30:00,INDEX:ADRN,0.27,0.27,0.27,0.27,0.0
2009-12-18 14:30:00,INDEX:ADRN,1.62,1.62,1.62,1.62,0.0
2009-12-21 14:30:00,INDEX:ADRN,3.04,3.04,3.04,3.04,0.0
2009-12-22 14:30:00,INDEX:ADRN,1.88,1.88,1.88,1.88,0.0
2009-12-23 14:30:00,INDEX:ADRN,2.63,2.63,2.63,2.63,0.0
2009-12-24 14:30:00,INDEX:ADRN,2.83,2.83,2.83,2.83,0.0
2009-12-28 14:30:00,INDEX:ADRN,0.92,0.92,0.92,0.92,0.0
2009-12-29 14:30:00,INDEX:ADRN,0.85,0.85,0.85,0.85,0.0
2009-12-30 14:30:00,INDEX:ADRN,0.78,0.78,0.78,0.78,0.0
2009-12-31 14:30:00,INDEX:ADRN,0.28,0.28,0.28,0.28,0.0
2010-01-04 14:30:00,INDEX:ADRN,5.75,5.75,5.75,5.75,0.0
2010-01-05 14:30:00,INDEX:ADRN,1.13,1.13,1.13,1.13,0.0
2010-01-06 14:30:00,INDEX:ADRN,1.31,1.31,1.31,1.31,0.0
2010-01-07 14:30:00,INDEX:ADRN,1.42,1.42,1.42,1.42,0.0
2010-01-08 14:30:00,INDEX:ADRN,1.47,1.47,1.47,1.47,0.0
2010-01-11 14:30:00,INDEX:ADRN,1.18,1.18,1.18,1.18,0.0
2010-01-12 14:30:00,INDEX:ADRN,0.26,0.26,0.26,0.26,0.0
2010-01-13 14:30:00,INDEX:ADRN,3.29,3.29,3.29,3.29,0.0
2010-01-14 14:30:00,INDEX:ADRN,1.31,1.31,1.31,1.31,0.0
2010-01-15 14:30:00,INDEX:ADRN,0.26,0.26,0.26,0.26,0.0
2010-01-19 14:30:00,INDEX:ADRN,4.26,4.26,4.26,4.26,0.0
2010-01-20 14:30:00,INDEX:ADRN,0.21,0.21,0.21,0.21,0.0
2010-01-21 14:30:00,INDEX:ADRN,0.17,0.17,0.17,0.17,0.0
2010-01-22 14:30:00,INDEX:ADRN,0.19,0.19,0.19,0.19,0.0
2010-01-25 14:30:00,INDEX:ADRN,1.53,1.53,1.53,1.53,0.0
2010-01-26 14:30:00,INDEX:ADRN,0.4,0.4,0.4,0.4,0.0
2010-01-27 14:30:00,INDEX:ADRN,1.19,1.19,1.19,1.19,0.0
2010-01-28 14:30:00,INDEX:ADRN,0.26,0.26,0.26,0.26,0.0
2010-01-29 14:30:00,INDEX:ADRN,0.37,0.37,0.37,0.37,0.0
2010-02-01 14:30:00,INDEX:ADRN,4.12,4.12,4.12,4.12,0.0
2010-02-02 14:30:00,INDEX:ADRN,2.88,2.88,2.88,2.88,0.0
2010-02-03 14:30:00,INDEX:ADRN,0.43,0.43,0.43,0.43,0.0
2010-02-04 14:30:00,INDEX:ADRN,0.05,0.05,0.05,0.05,0.0
2010-02-05 14:30:00,INDEX:ADRN,1.03,1.03,1.03,1.03,0.0
2010-02-08 14:30:00,INDEX:ADRN,0.36,0.36,0.36,0.36,0.0
2010-02-09 14:30:00,INDEX:ADRN,4.69,4.69,4.69,4.69,0.0
2010-02-10 14:30:00,INDEX:ADRN,0.74,0.74,0.74,0.74,0.0
2010-02-11 14:30:00,INDEX:ADRN,5.37,5.37,5.37,5.37,0.0
2010-02-12 14:30:00,INDEX:ADRN,1.38,1.38,1.38,1.38,0.0
2010-02-16 14:30:00,INDEX:ADRN,7.0,7.0,7.0,7.0,0.0
2010-02-17 14:30:00,INDEX:ADRN,1.83,1.83,1.83,1.83,0.0
2010-02-18 14:30:00,INDEX:ADRN,2.32,2.32,2.32,2.32,0.0
2010-02-19 14:30:00,INDEX:ADRN,1.51,1.51,1.51,1.51,0.0
2010-02-22 14:30:00,INDEX:ADRN,0.96,0.96,0.96,0.96,0.0
2010-02-23 14:30:00,INDEX:ADRN,0.22,0.22,0.22,0.22,0.0
2010-02-24 14:30:00,INDEX:ADRN,2.65,2.65,2.65,2.65,0.0
2010-02-25 14:30:00,INDEX:ADRN,0.95,0.95,0.95,0.95,0.0
2010-02-26 14:30:00,INDEX:ADRN,1.07,1.07,1.07,1.07,0.0
2010-03-01 14:30:00,INDEX:ADRN,4.8,4.8,4.8,4.8,0.0
2010-03-02 14:30:00,INDEX:ADRN,2.29,2.29,2.29,2.29,0.0
2010-03-03 14:30:00,INDEX:ADRN,1.28,1.28,1.28,1.28,0.0
2010-03-04 14:30:00,INDEX:ADRN,1.37,1.37,1.37,1.37,0.0
2010-03-05 14:30:00,INDEX:ADRN,7.81,7.81,7.81,7.81,0.0
2010-03-08 14:30:00,INDEX:ADRN,1.25,1.25,1.25,1.25,0.0
2010-03-09 14:30:00,INDEX:ADRN,1.18,1.18,1.18,1.18,0.0
2010-03-10 14:30:00,INDEX:ADRN,2.0,2.0,2.0,2.0,0.0
2010-03-11 14:30:00,INDEX:ADRN,1.45,1.45,1.45,1.45,0.0
2010-03-12 14:30:00,INDEX:ADRN,1.11,1.11,1.11,1.11,0.0
2010-03-15 13:30:00,INDEX:ADRN,0.67,0.67,0.67,0.67,0.0
2010-03-16 13:30:00,INDEX:ADRN,3.07,3.07,3.07,3.07,0.0
2010-03-17 13:30:00,INDEX:ADRN,2.32,2.32,2.32,2.32,0.0
2010-03-18 13:30:00,INDEX:ADRN,0.56,0.56,0.56,0.56,0.0
2010-03-19 13:30:00,INDEX:ADRN,0.37,0.37,0.37,0.37,0.0
2010-03-22 13:30:00,INDEX:ADRN,2.39,2.39,2.39,2.39,0.0
2010-03-23 13:30:00,INDEX:ADRN,3.08,3.08,3.08,3.08,0.0
2010-03-24 13:30:00,INDEX:ADRN,0.36,0.36,0.36,0.36,0.0
2010-03-25 13:30:00,INDEX:ADRN,0.59,0.59,0.59,0.59,0.0
2010-03-26 13:30:00,INDEX:ADRN,1.08,1.08,1.08,1.08,0.0
2010-03-29 13:30:00,INDEX:ADRN,2.38,2.38,2.38,2.38,0.0
2010-03-30 13:30:00,INDEX:ADRN,1.18,1.18,1.18,1.18,0.0
2010-03-31 13:30:00,INDEX:ADRN,0.54,0.54,0.54,0.54,0.0
2010-04-01 13:30:00,INDEX:ADRN,3.66,3.66,3.66,3.66,0.0
2010-04-05 13:30:00,INDEX:ADRN,5.38,5.38,5.38,5.38,0.0
2010-04-06 13:30:00,INDEX:ADRN,1.4,1.4,1.4,1.4,0.0
2010-04-07 13:30:00,INDEX:ADRN,0.5,0.5,0.5,0.5,0.0
2010-04-08 13:30:00,INDEX:ADRN,1.03,1.03,1.03,1.03,0.0
2010-04-09 13:30:00,INDEX:ADRN,2.34,2.34,2.34,2.34,0.0
2010-04-12 13:30:00,INDEX:ADRN,1.18,1.18,1.18,1.18,0.0
2010-04-13 13:30:00,INDEX:ADRN,1.07,1.07,1.07,1.07,0.0
2010-04-14 13:30:00,INDEX:ADRN,4.47,4.47,4.47,4.47,0.0
2010-04-15 13:30:00,INDEX:ADRN,1.0,1.0,1.0,1.0,0.0
2010-04-16 13:30:00,INDEX:ADRN,0.16,0.16,0.16,0.16,0.0
2010-04-19 13:30:00,INDEX:ADRN,0.75,0.75,0.75,0.75,0.0
2010-04-20 13:30:00,INDEX:ADRN,5.6,5.6,5.6,5.6,0.0
2010-04-21 13:30:00,INDEX:ADRN,1.35,1.35,1.35,1.35,0.0
2010-04-22 13:30:00,INDEX:ADRN,2.2,2.2,2.2,2.2,0.0
2010-04-23 13:30:00,INDEX:ADRN,2.9,2.9,2.9,2.9,0.0
2010-04-26 13:30:00,INDEX:ADRN,0.81,0.81,0.81,0.81,0.0
2010-04-27 13:30:00,INDEX:ADRN,0.09,0.09,0.09,0.09,0.0
2010-04-28 13:30:00,INDEX:ADRN,1.48,1.48,1.48,1.48,0.0
2010-04-29 13:30:00,INDEX:ADRN,4.24,4.24,4.24,4.24,0.0
2010-04-30 13:30:00,INDEX:ADRN,0.21,0.21,0.21,0.21,0.0
2010-05-03 13:30:00,INDEX:ADRN,2.0,3.18,1.73,3.16,0.0
2010-05-04 13:30:00,INDEX:ADRN,0.1,0.16,0.1,0.15,0.0
2010-05-05 13:30:00,INDEX:ADRN,0.09,0.51,0.09,0.24,0.0
2010-05-06 13:30:00,INDEX:ADRN,0.28,0.78,0.04,0.05,0.0
2010-05-07 13:30:00,INDEX:ADRN,0.38,1.23,0.19,0.39,0.0
2010-05-10 13:30:00,INDEX:ADRN,2.87,16.97,2.87,15.61,0.0
2010-05-11 13:30:00,INDEX:ADRN,0.15,2.49,0.15,1.16,0.0
2010-05-12 13:30:00,INDEX:ADRN,1.32,4.51,1.32,4.46,0.0
2010-05-13 13:30:00,INDEX:ADRN,0.3,1.27,0.3,0.52,0.0
2010-05-14 13:30:00,INDEX:ADRN,0.11,0.13,0.06,0.13,0.0
2010-05-17 13:30:00,INDEX:ADRN,1.43,1.43,0.14,0.66,0.0
2010-05-18 13:30:00,INDEX:ADRN,2.85,3.69,0.27,0.28,0.0
2010-05-19 13:30:00,INDEX:ADRN,0.28,0.7,0.09,0.26,0.0
2010-05-20 13:30:00,INDEX:ADRN,0.02,0.07,0.02,0.05,0.0
2010-05-21 13:30:00,INDEX:ADRN,0.06,3.56,0.06,3.15,0.0
2010-05-24 13:30:00,INDEX:ADRN,0.68,1.61,0.4,0.59,0.0
2010-05-25 13:30:00,INDEX:ADRN,0.02,0.56,0.02,0.56,0.0
2010-05-26 13:30:00,INDEX:ADRN,2.82,5.83,1.31,1.49,0.0
2010-05-27 13:30:00,INDEX:ADRN,3.6,10.16,3.6,10.16,0.0
2010-05-28 13:30:00,INDEX:ADRN,0.39,0.87,0.29,0.45,0.0
2010-06-01 13:30:00,INDEX:ADRN,0.17,1.06,0.17,0.25,0.0
2010-06-02 13:30:00,INDEX:ADRN,1.84,5.5,0.92,5.5,0.0
2010-06-03 13:30:00,INDEX:ADRN,1.69,2.45,0.68,1.67,0.0
2010-06-04 13:30:00,INDEX:ADRN,0.03,0.17,0.03,0.09,0.0
2010-06-07 13:30:00,INDEX:ADRN,1.09,1.84,0.35,0.35,0.0
2010-06-08 13:30:00,INDEX:ADRN,1.49,1.49,0.32,1.48,0.0
2010-06-09 13:30:00,INDEX:ADRN,2.27,4.52,0.89,0.99,0.0
2010-06-10 13:30:00,INDEX:ADRN,3.18,5.98,3.18,5.98,0.0
2010-06-11 13:30:00,INDEX:ADRN,0.13,2.1,0.13,2.1,0.0
2010-06-14 13:30:00,INDEX:ADRN,2.49,4.65,1.54,1.54,0.0
2010-06-15 13:30:00,INDEX:ADRN,2.26,5.43,2.22,5.37,0.0
2010-06-16 13:30:00,INDEX:ADRN,0.15,1.02,0.15,0.65,0.0
2010-06-17 13:30:00,INDEX:ADRN,1.44,1.44,0.31,0.94,0.0
2010-06-18 13:30:00,INDEX:ADRN,0.88,1.7,0.65,1.22,0.0
2010-06-21 13:30:00,INDEX:ADRN,2.87,3.51,0.63,0.68,0.0
2010-06-22 13:30:00,INDEX:ADRN,1.11,1.76,0.25,0.25,0.0
2010-06-23 13:30:00,INDEX:ADRN,0.55,1.38,0.24,0.88,0.0
2010-06-24 13:30:00,INDEX:ADRN,0.27,0.59,0.2,0.27,0.0
2010-06-25 13:30:00,INDEX:ADRN,0.69,3.15,0.69,2.56,0.0
2010-06-28 13:30:00,INDEX:ADRN,0.76,1.74,0.39,0.79,0.0
2010-06-29 13:30:00,INDEX:ADRN,0.06,0.09,0.06,0.09,0.0
2010-06-30 13:30:00,INDEX:ADRN,0.68,2.49,0.55,0.55,0.0
2010-07-01 13:30:00,INDEX:ADRN,0.6,1.02,0.16,0.66,0.0
2010-07-02 13:30:00,INDEX:ADRN,1.78,1.78,0.38,0.65,0.0
2010-07-06 13:30:00,INDEX:ADRN,3.57,4.99,0.75,0.94,0.0
2010-07-07 13:30:00,INDEX:ADRN,1.88,5.78,1.88,5.78,0.0
2010-07-08 13:30:00,INDEX:ADRN,2.46,3.0,1.17,3.0,0.0
2010-07-09 13:30:00,INDEX:ADRN,0.73,3.45,0.73,3.45,0.0
2010-07-12 13:30:00,INDEX:ADRN,0.45,0.83,0.26,0.53,0.0
2010-07-13 13:30:00,INDEX:ADRN,3.05,5.27,3.05,4.96,0.0
2010-07-14 13:30:00,INDEX:ADRN,0.25,1.08,0.24,0.78,0.0
2010-07-15 13:30:00,INDEX:ADRN,0.58,0.94,0.18,0.94,0.0
2010-07-16 13:30:00,INDEX:ADRN,0.18,0.24,0.14,0.24,0.0
2010-07-19 13:30:00,INDEX:ADRN,2.07,2.08,0.4,1.8,0.0
2010-07-20 13:30:00,INDEX:ADRN,0.11,4.12,0.11,4.12,0.0
2010-07-21 13:30:00,INDEX:ADRN,1.69,1.69,0.39,0.45,0.0
2010-07-22 13:30:00,INDEX:ADRN,3.21,6.55,3.21,6.08,0.0
2010-07-23 13:30:00,INDEX:ADRN,0.28,3.87,0.28,3.87,0.0
2010-07-26 13:30:00,INDEX:ADRN,0.83,3.51,0.83,3.51,0.0
2010-07-27 13:30:00,INDEX:ADRN,1.79,1.85,0.61,0.77,0.0
2010-07-28 13:30:00,INDEX:ADRN,0.8,0.8,0.36,0.45,0.0
2010-07-29 13:30:00,INDEX:ADRN,2.36,2.82,0.37,1.08,0.0
2010-07-30 13:30:00,INDEX:ADRN,0.11,1.74,0.11,1.36,0.0
2010-08-02 13:30:00,INDEX:ADRN,3.95,6.05,3.95,5.28,0.0
2010-08-03 13:30:00,INDEX:ADRN,0.32,0.94,0.23,0.61,0.0
2010-08-04 13:30:00,INDEX:ADRN,1.69,2.73,1.44,2.73,0.0
2010-08-05 13:30:00,INDEX:ADRN,0.17,0.77,0.17,0.71,0.0
2010-08-06 13:30:00,INDEX:ADRN,0.19,0.83,0.19,0.83,0.0
2010-08-09 13:30:00,INDEX:ADRN,1.82,2.58,1.21,2.5,0.0
2010-08-10 13:30:00,INDEX:ADRN,0.13,0.49,0.11,0.35,0.0
2010-08-11 13:30:00,INDEX:ADRN,0.04,0.12,0.04,0.12,0.0
2010-08-12 13:30:00,INDEX:ADRN,0.11,0.81,0.11,0.7,0.0
2010-08-13 13:30:00,INDEX:ADRN,0.74,1.36,0.59,0.81,0.0
2010-08-16 13:30:00,INDEX:ADRN,0.3,2.13,0.3,1.6,0.0
2010-08-17 13:30:00,INDEX:ADRN,2.77,4.88,2.6,3.61,0.0
2010-08-18 13:30:00,INDEX:ADRN,0.3,1.95,0.28,1.32,0.0
2010-08-19 13:30:00,INDEX:ADRN,0.32,0.43,0.16,0.22,0.0
2010-08-20 13:30:00,INDEX:ADRN,0.24,0.7,0.17,0.69,0.0
2010-08-23 13:30:00,INDEX:ADRN,2.25,3.12,0.57,0.57,0.0
2010-08-24 13:30:00,INDEX:ADRN,0.08,0.48,0.08,0.3,0.0
2010-08-25 13:30:00,INDEX:ADRN,0.18,1.59,0.18,1.53,0.0
2010-08-26 13:30:00,INDEX:ADRN,1.73,2.47,0.48,0.53,0.0
2010-08-27 13:30:00,INDEX:ADRN,2.36,5.61,0.45,5.61,0.0
2010-08-30 13:30:00,INDEX:ADRN,0.35,0.64,0.26,0.26,0.0
2010-08-31 13:30:00,INDEX:ADRN,0.31,2.21,0.29,1.22,0.0
2010-09-01 13:30:00,INDEX:ADRN,3.65,6.43,3.65,5.76,0.0
2010-09-02 13:30:00,INDEX:ADRN,0.56,2.28,0.56,2.28,0.0
2010-09-03 13:30:00,INDEX:ADRN,2.98,3.64,1.92,3.41,0.0
2010-09-07 13:30:00,INDEX:ADRN,0.22,0.42,0.2,0.34,0.0
2010-09-08 13:30:00,INDEX:ADRN,1.82,3.27,1.81,2.15,0.0
2010-09-09 13:30:00,INDEX:ADRN,3.16,3.28,1.03,1.54,0.0
2010-09-10 13:30:00,INDEX:ADRN,0.97,2.19,0.97,1.68,0.0
2010-09-13 13:30:00,INDEX:ADRN,2.33,3.15,2.3,2.51,0.0
2010-09-14 13:30:00,INDEX:ADRN,0.32,1.3,0.32,0.78,0.0
2010-09-15 13:30:00,INDEX:ADRN,0.26,1.16,0.26,1.07,0.0
2010-09-16 13:30:00,INDEX:ADRN,0.42,0.68,0.42,0.68,0.0
2010-09-17 13:30:00,INDEX:ADRN,1.66,1.66,0.53,1.36,0.0
2010-09-20 13:30:00,INDEX:ADRN,1.05,3.82,0.8,3.78,0.0
2010-09-21 13:30:00,INDEX:ADRN,0.48,0.99,0.47,0.52,0.0
2010-09-22 13:30:00,INDEX:ADRN,1.05,1.26,0.42,0.57,0.0
2010-09-23 13:30:00,INDEX:ADRN,0.12,1.11,0.12,0.41,0.0
2010-09-24 13:30:00,INDEX:ADRN,3.23,4.67,3.23,4.21,0.0
2010-09-27 13:30:00,INDEX:ADRN,0.61,1.07,0.53,0.68,0.0
2010-09-28 13:30:00,INDEX:ADRN,0.59,2.09,0.23,1.95,0.0
2010-09-29 13:30:00,INDEX:ADRN,0.36,1.37,0.36,1.12,0.0
2010-09-30 13:30:00,INDEX:ADRN,2.55,2.55,0.5,0.99,0.0
2010-10-01 13:30:00,INDEX:ADRN,2.04,2.04,2.04,2.04,0.0
2010-10-04 13:30:00,INDEX:ADRN,0.5,0.64,0.24,0.35,0.0
2010-10-05 13:30:00,INDEX:ADRN,2.74,4.43,2.48,4.01,0.0
2010-10-06 13:30:00,INDEX:ADRN,0.85,1.04,0.57,0.84,0.0
2010-10-07 13:30:00,INDEX:ADRN,1.55,1.55,0.42,0.81,0.0
2010-10-08 13:30:00,INDEX:ADRN,0.62,2.93,0.62,2.72,0.0
2010-10-11 13:30:00,INDEX:ADRN,0.66,1.63,0.66,1.16,0.0
2010-10-12 13:30:00,INDEX:ADRN,0.18,1.4,0.18,1.19,0.0
2010-10-13 13:30:00,INDEX:ADRN,1.7,3.24,1.43,2.44,0.0
2010-10-14 13:30:00,INDEX:ADRN,0.61,1.2,0.35,0.62,0.0
2010-10-15 13:30:00,INDEX:ADRN,1.86,1.86,0.36,0.63,0.0
2010-10-18 13:30:00,INDEX:ADRN,0.6,1.89,0.6,1.89,0.0
2010-10-19 13:30:00,INDEX:ADRN,0.1,0.49,0.1,0.2,0.0
2010-10-20 13:30:00,INDEX:ADRN,1.91,3.18,1.51,2.67,0.0
2010-10-21 13:30:00,INDEX:ADRN,1.52,2.96,0.51,0.92,0.0
2010-10-22 13:30:00,INDEX:ADRN,0.95,1.4,0.9,1.39,0.0
2010-10-25 13:30:00,INDEX:ADRN,3.01,3.46,1.4,1.41,0.0
2010-10-26 13:30:00,INDEX:ADRN,0.16,1.08,0.16,0.81,0.0
2010-10-27 13:30:00,INDEX:ADRN,0.21,0.47,0.21,0.47,0.0
2010-10-28 13:30:00,INDEX:ADRN,2.15,2.15,0.61,0.94,0.0
2010-10-29 13:30:00,INDEX:ADRN,0.56,1.48,0.56,1.36,0.0
2010-11-01 13:30:00,INDEX:ADRN,1.82,2.95,0.61,0.98,0.0
2010-11-02 13:30:00,INDEX:ADRN,3.0,3.0,1.81,2.66,0.0
2010-11-03 13:30:00,INDEX:ADRN,1.17,1.23,0.42,1.23,0.0
2010-11-04 13:30:00,INDEX:ADRN,3.02,4.59,3.02,4.59,0.0
2010-11-05 13:30:00,INDEX:ADRN,0.77,1.5,0.77,1.35,0.0
2010-11-08 14:30:00,INDEX:ADRN,0.38,0.82,0.34,0.78,0.0
2010-11-09 14:30:00,INDEX:ADRN,0.91,1.14,0.28,0.33,0.0
2010-11-10 14:30:00,INDEX:ADRN,0.69,1.42,0.33,1.42,0.0
2010-11-11 14:30:00,INDEX:ADRN,0.15,0.57,0.15,0.51,0.0
2010-11-12 14:30:00,INDEX:ADRN,0.15,0.35,0.15,0.19,0.0
2010-11-15 14:30:00,INDEX:ADRN,1.77,1.94,0.81,0.81,0.0
2010-11-16 14:30:00,INDEX:ADRN,0.09,0.15,0.05,0.15,0.0
2010-11-17 14:30:00,INDEX:ADRN,0.96,1.77,0.85,1.36,0.0
2010-11-18 14:30:00,INDEX:ADRN,3.1,3.95,3.1,3.57,0.0
2010-11-19 14:30:00,INDEX:ADRN,0.36,1.34,0.24,1.34,0.0
2010-11-22 14:30:00,INDEX:ADRN,0.27,1.0,0.27,0.95,0.0
2010-11-23 14:30:00,INDEX:ADRN,0.09,0.27,0.09,0.27,0.0
2010-11-24 14:30:00,INDEX:ADRN,2.77,4.14,2.56,4.14,0.0
2010-11-26 14:30:00,INDEX:ADRN,0.15,0.47,0.15,0.4,0.0
2010-11-29 14:30:00,INDEX:ADRN,0.19,0.71,0.14,0.66,0.0
2010-11-30 14:30:00,INDEX:ADRN,0.12,0.65,0.12,0.47,0.0
2010-12-01 14:30:00,INDEX:ADRN,3.7,4.37,3.12,3.12,0.0
2010-12-02 14:30:00,INDEX:ADRN,1.19,2.26,1.19,2.26,0.0
2010-12-03 14:30:00,INDEX:ADRN,0.32,1.59,0.32,1.55,0.0
2010-12-06 14:30:00,INDEX:ADRN,0.41,1.1,0.39,0.94,0.0
2010-12-07 14:30:00,INDEX:ADRN,2.74,2.74,0.97,0.97,0.0
2010-12-08 14:30:00,INDEX:ADRN,0.99,1.11,0.41,0.59,0.0
2010-12-09 14:30:00,INDEX:ADRN,1.61,1.61,0.69,1.15,0.0
2010-12-10 14:30:00,INDEX:ADRN,0.78,1.67,0.58,1.64,0.0
2010-12-13 14:30:00,INDEX:ADRN,1.22,1.22,0.75,0.76,0.0
2010-12-14 14:30:00,INDEX:ADRN,1.03,1.26,0.65,0.74,0.0
2010-12-15 14:30:00,INDEX:ADRN,0.44,1.06,0.44,0.48,0.0
2010-12-16 14:30:00,INDEX:ADRN,0.84,1.93,0.73,1.93,0.0
2010-12-17 14:30:00,INDEX:ADRN,0.49,1.18,0.49,1.18,0.0
2010-12-20 14:30:00,INDEX:ADRN,1.04,1.21,0.69,0.92,0.0
2010-12-21 14:30:00,INDEX:ADRN,1.57,2.0,1.31,1.98,0.0
2010-12-22 14:30:00,INDEX:ADRN,0.94,1.71,0.91,1.48,0.0
2010-12-23 14:30:00,INDEX:ADRN,0.55,1.0,0.55,0.85,0.0
2010-12-27 14:30:00,INDEX:ADRN,0.19,1.21,0.19,1.13,0.0
2010-12-28 14:30:00,INDEX:ADRN,0.91,0.94,0.47,0.85,0.0
2010-12-29 14:30:00,INDEX:ADRN,1.1,1.63,1.02,1.37,0.0
2010-12-30 14:30:00,INDEX:ADRN,0.86,1.28,0.79,0.93,0.0
2010-12-31 14:30:00,INDEX:ADRN,0.14,1.64,0.14,1.08,0.0
2011-01-03 14:30:00,INDEX:ADRN,2.07,3.02,2.07,2.58,0.0
2011-01-04 14:30:00,INDEX:ADRN,1.06,1.06,0.33,0.55,0.0
2011-01-05 14:30:00,INDEX:ADRN,0.42,1.4,0.42,1.4,0.0
2011-01-06 14:30:00,INDEX:ADRN,0.65,0.85,0.49,0.63,0.0
2011-01-07 14:30:00,INDEX:ADRN,1.17,1.3,0.34,0.75,0.0
2011-01-10 14:30:00,INDEX:ADRN,0.15,1.05,0.15,1.01,0.0
2011-01-11 14:30:00,INDEX:ADRN,1.63,1.75,1.05,1.34,0.0
2011-01-12 14:30:00,INDEX:ADRN,2.02,2.35,1.64,2.15,0.0
2011-01-13 14:30:00,INDEX:ADRN,0.6,0.97,0.53,0.77,0.0
2011-01-14 14:30:00,INDEX:ADRN,0.39,1.27,0.39,1.26,0.0
2011-01-18 14:30:00,INDEX:ADRN,0.57,1.11,0.5,1.11,0.0
2011-01-19 14:30:00,INDEX:ADRN,0.53,0.53,0.24,0.27,0.0
2011-01-20 14:30:00,INDEX:ADRN,0.41,0.77,0.41,0.49,0.0
2011-01-21 14:30:00,INDEX:ADRN,4.04,4.04,0.79,0.84,0.0
2011-01-24 14:30:00,INDEX:ADRN,1.26,3.28,1.2,2.72,0.0
2011-01-25 14:30:00,INDEX:ADRN,0.29,0.97,0.25,0.97,0.0
2011-01-26 14:30:00,INDEX:ADRN,2.39,3.8,1.1,2.86,0.0
2011-01-27 14:30:00,INDEX:ADRN,0.73,1.37,0.65,1.16,0.0
2011-01-28 14:30:00,INDEX:ADRN,0.64,0.7,0.08,0.1,0.0
2011-01-31 14:30:00,INDEX:ADRN,3.25,4.24,1.37,2.4,0.0
2011-02-01 14:30:00,INDEX:ADRN,4.84,7.8,3.37,6.99,0.0
2011-02-02 14:30:00,INDEX:ADRN,0.43,1.13,0.43,0.61,0.0
2011-02-03 14:30:00,INDEX:ADRN,0.63,1.26,0.24,1.24,0.0
2011-02-04 14:30:00,INDEX:ADRN,0.94,0.95,0.38,0.95,0.0
2011-02-07 14:30:00,INDEX:ADRN,1.73,5.36,1.73,2.8,0.0
2011-02-08 14:30:00,INDEX:ADRN,0.71,1.8,0.58,1.8,0.0
2011-02-09 14:30:00,INDEX:ADRN,0.35,0.69,0.27,0.51,0.0
2011-02-10 14:30:00,INDEX:ADRN,0.2,1.05,0.2,1.05,0.0
2011-02-11 14:30:00,INDEX:ADRN,0.27,2.95,0.27,2.94,0.0
2011-02-14 14:30:00,INDEX:ADRN,1.0,1.29,0.83,1.25,0.0
2011-02-15 14:30:00,INDEX:ADRN,0.42,0.93,0.42,0.55,0.0
2011-02-16 14:30:00,INDEX:ADRN,3.32,4.0,1.82,2.94,0.0
2011-02-17 14:30:00,INDEX:ADRN,0.51,2.28,0.51,1.97,0.0
2011-02-18 14:30:00,INDEX:ADRN,1.17,1.67,0.82,1.23,0.0
2011-02-22 14:30:00,INDEX:ADRN,0.12,0.32,0.08,0.09,0.0
2011-02-23 14:30:00,INDEX:ADRN,0.87,1.37,0.21,0.29,0.0
2011-02-24 14:30:00,INDEX:ADRN,0.59,2.29,0.42,1.1,0.0
2011-02-25 14:30:00,INDEX:ADRN,4.35,8.24,3.58,8.24,0.0
2011-02-28 14:30:00,INDEX:ADRN,4.17,4.17,0.99,1.67,0.0
2011-03-01 14:30:00,INDEX:ADRN,2.12,2.12,0.13,0.15,0.0
2011-03-02 14:30:00,INDEX:ADRN,0.97,2.53,0.84,1.52,0.0
2011-03-03 14:30:00,INDEX:ADRN,7.43,8.93,5.05,7.46,0.0
2011-03-04 14:30:00,INDEX:ADRN,0.74,0.74,0.17,0.4,0.0
2011-03-07 14:30:00,INDEX:ADRN,2.39,2.52,0.11,0.2,0.0
2011-03-08 14:30:00,INDEX:ADRN,1.29,4.74,0.8,3.49,0.0
2011-03-09 14:30:00,INDEX:ADRN,0.65,1.2,0.37,0.81,0.0
2011-03-10 14:30:00,INDEX:ADRN,0.03,0.21,0.02,0.21,0.0
2011-03-11 14:30:00,INDEX:ADRN,1.62,2.95,1.25,2.1,0.0
2011-03-14 13:30:00,INDEX:ADRN,0.2,0.52,0.14,0.39,0.0
2011-03-15 13:30:00,INDEX:ADRN,0.01,0.44,0.01,0.22,0.0
2011-03-16 13:30:00,INDEX:ADRN,0.47,1.16,0.13,0.19,0.0
2011-03-17 13:30:00,INDEX:ADRN,13.6,13.6,2.35,2.88,0.0
2011-03-18 13:30:00,INDEX:ADRN,7.83,7.93,2.12,2.63,0.0
2011-03-21 13:30:00,INDEX:ADRN,8.45,11.09,7.09,8.68,0.0
2011-03-22 13:30:00,INDEX:ADRN,1.48,1.48,0.49,0.53,0.0
2011-03-23 13:30:00,INDEX:ADRN,0.31,1.43,0.19,1.04,0.0
2011-03-24 13:30:00,INDEX:ADRN,3.24,3.24,0.68,2.58,0.0
2011-03-25 13:30:00,INDEX:ADRN,1.9,4.98,1.02,2.02,0.0
2011-03-28 13:30:00,INDEX:ADRN,1.6,2.42,0.51,0.51,0.0
2011-03-29 13:30:00,INDEX:ADRN,0.59,2.75,0.39,2.75,0.0
2011-03-30 13:30:00,INDEX:ADRN,4.16,4.76,2.6,3.99,0.0
2011-03-31 13:30:00,INDEX:ADRN,0.76,1.48,0.67,1.37,0.0
2011-04-01 13:30:00,INDEX:ADRN,5.47,5.47,1.7,2.42,0.0
2011-04-04 13:30:00,INDEX:ADRN,1.95,1.95,0.94,1.35,0.0
2011-04-05 13:30:00,INDEX:ADRN,0.4,2.08,0.4,1.09,0.0
2011-04-06 13:30:00,INDEX:ADRN,3.32,4.28,0.89,1.31,0.0
2011-04-07 13:30:00,INDEX:ADRN,0.92,1.68,0.33,0.48,0.0
2011-04-08 13:30:00,INDEX:ADRN,4.11,4.11,0.26,0.39,0.0
2011-04-11 13:30:00,INDEX:ADRN,1.45,1.45,0.31,0.41,0.0
2011-04-12 13:30:00,INDEX:ADRN,0.12,0.36,0.12,0.22,0.0
2011-04-13 13:30:00,INDEX:ADRN,5.09,5.09,0.66,1.11,0.0
2011-04-14 13:30:00,INDEX:ADRN,0.13,1.25,0.13,1.25,0.0
2011-04-15 13:30:00,INDEX:ADRN,0.94,2.87,0.71,2.64,0.0
2011-04-18 13:30:00,INDEX:ADRN,0.03,0.11,0.03,0.11,0.0
2011-04-19 13:30:00,INDEX:ADRN,3.75,3.75,0.88,1.69,0.0
2011-04-20 13:30:00,INDEX:ADRN,11.52,11.52,5.02,6.27,0.0
2011-04-21 13:30:00,INDEX:ADRN,1.83,2.34,0.98,2.34,0.0
2011-04-25 13:30:00,INDEX:ADRN,0.6,0.77,0.34,0.66,0.0
2011-04-26 13:30:00,INDEX:ADRN,2.64,4.59,1.53,3.14,0.0
2011-04-27 13:30:00,INDEX:ADRN,1.14,1.74,0.61,1.71,0.0
2011-04-28 13:30:00,INDEX:ADRN,0.63,1.54,0.63,1.5,0.0
2011-04-29 13:30:00,INDEX:ADRN,1.16,1.73,0.75,1.65,0.0
2011-05-02 13:30:00,INDEX:ADRN,2.11,2.11,0.41,0.47,0.0
2011-05-03 13:30:00,INDEX:ADRN,0.53,0.76,0.21,0.35,0.0
2011-05-04 13:30:00,INDEX:ADRN,0.59,0.62,0.12,0.24,0.0
2011-05-05 13:30:00,INDEX:ADRN,0.13,1.25,0.13,0.47,0.0
2011-05-06 13:30:00,INDEX:ADRN,10.13,10.13,1.13,1.75,0.0
2011-05-09 13:30:00,INDEX:ADRN,0.97,2.82,0.82,2.63,0.0
2011-05-10 13:30:00,INDEX:ADRN,3.17,5.77,2.79,5.51,0.0
2011-05-11 13:30:00,INDEX:ADRN,0.31,0.48,0.09,0.14,0.0
2011-05-12 13:30:00,INDEX:ADRN,0.2,2.33,0.13,1.67,0.0
2011-05-13 13:30:00,INDEX:ADRN,1.06,1.06,0.12,0.2,0.0
2011-05-16 13:30:00,INDEX:ADRN,0.16,1.65,0.16,0.32,0.0
2011-05-17 13:30:00,INDEX:ADRN,0.21,0.69,0.21,0.61,0.0
2011-05-18 13:30:00,INDEX:ADRN,1.03,5.29,1.03,5.29,0.0
2011-05-19 13:30:00,INDEX:ADRN,3.32,3.32,0.48,1.42,0.0
2011-05-20 13:30:00,INDEX:ADRN,0.23,0.67,0.12,0.34,0.0
2011-05-23 13:30:00,INDEX:ADRN,0.02,0.14,0.02,0.09,0.0
2011-05-24 13:30:00,INDEX:ADRN,2.39,3.04,0.57,0.76,0.0
2011-05-25 13:30:00,INDEX:ADRN,0.34,3.13,0.34,2.29,0.0
2011-05-26 13:30:00,INDEX:ADRN,0.38,3.34,0.36,3.13,0.0
2011-05-27 13:30:00,INDEX:ADRN,4.34,5.04,1.96,3.2,0.0
2011-05-31 13:30:00,INDEX:ADRN,8.75,8.75,1.6,4.61,0.0
2011-06-01 13:30:00,INDEX:ADRN,0.45,0.45,0.06,0.06,0.0
2011-06-02 13:30:00,INDEX:ADRN,2.11,2.11,0.41,0.86,0.0
2011-06-03 13:30:00,INDEX:ADRN,0.06,0.48,0.06,0.23,0.0
2011-06-06 13:30:00,INDEX:ADRN,0.63,0.67,0.11,0.11,0.0
2011-06-07 13:30:00,INDEX:ADRN,6.1,6.1,1.41,1.42,0.0
2011-06-08 13:30:00,INDEX:ADRN,0.36,0.65,0.27,0.29,0.0
2011-06-09 13:30:00,INDEX:ADRN,1.24,3.55,1.1,2.29,0.0
2011-06-10 13:30:00,INDEX:ADRN,0.17,0.23,0.09,0.13,0.0
2011-06-13 13:30:00,INDEX:ADRN,2.0,3.46,0.48,0.79,0.0
2011-06-14 13:30:00,INDEX:ADRN,11.13,14.73,8.87,9.86,0.0
2011-06-15 13:30:00,INDEX:ADRN,0.05,0.28,0.05,0.08,0.0
2011-06-16 13:30:00,INDEX:ADRN,0.77,2.4,0.4,0.98,0.0
2011-06-17 13:30:00,INDEX:ADRN,8.12,8.12,1.16,1.44,0.0
2011-06-20 13:30:00,INDEX:ADRN,0.6,2.8,0.6,2.63,0.0
2011-06-21 13:30:00,INDEX:ADRN,6.68,12.33,6.31,9.92,0.0
2011-06-22 13:30:00,INDEX:ADRN,0.32,1.59,0.32,0.39,0.0
2011-06-23 13:30:00,INDEX:ADRN,0.04,0.64,0.04,0.64,0.0
2011-06-24 13:30:00,INDEX:ADRN,1.6,1.72,0.31,0.41,0.0
2011-06-27 13:30:00,INDEX:ADRN,0.69,3.44,0.69,2.63,0.0
2011-06-28 13:30:00,INDEX:ADRN,2.4,5.05,2.4,5.05,0.0
2011-06-29 13:30:00,INDEX:ADRN,4.09,4.09,1.06,2.71,0.0
2011-06-30 13:30:00,INDEX:ADRN,2.71,4.74,2.71,3.31,0.0
2011-07-01 13:30:00,INDEX:ADRN,0.8,7.4,0.8,7.08,0.0
2011-07-05 13:30:00,INDEX:ADRN,0.58,0.93,0.41,0.76,0.0
2011-07-06 13:30:00,INDEX:ADRN,0.48,1.59,0.4,1.41,0.0
2011-07-07 13:30:00,INDEX:ADRN,8.91,8.91,4.92,5.21,0.0
2011-07-08 13:30:00,INDEX:ADRN,0.05,0.27,0.05,0.27,0.0
2011-07-11 13:30:00,INDEX:ADRN,0.04,0.07,0.02,0.05,0.0
2011-07-12 13:30:00,INDEX:ADRN,0.4,2.38,0.4,0.69,0.0
2011-07-13 13:30:00,INDEX:ADRN,4.93,10.71,1.74,2.39,0.0
2011-07-14 13:30:00,INDEX:ADRN,1.3,2.79,0.14,0.17,0.0
2011-07-15 13:30:00,INDEX:ADRN,3.85,3.85,0.9,1.88,0.0
2011-07-18 13:30:00,INDEX:ADRN,0.14,0.21,0.06,0.11,0.0
2011-07-19 13:30:00,INDEX:ADRN,6.45,7.8,3.35,7.23,0.0
2011-07-20 13:30:00,INDEX:ADRN,0.94,1.27,0.58,1.0,0.0
2011-07-21 13:30:00,INDEX:ADRN,3.64,8.6,3.64,5.1,0.0
2011-07-22 13:30:00,INDEX:ADRN,0.74,0.96,0.28,0.81,0.0
2011-07-25 13:30:00,INDEX:ADRN,0.08,0.55,0.08,0.24,0.0
2011-07-26 13:30:00,INDEX:ADRN,0.68,0.85,0.29,0.47,0.0
2011-07-27 13:30:00,INDEX:ADRN,0.14,0.14,0.06,0.06,0.0
2011-07-28 13:30:00,INDEX:ADRN,1.19,3.06,0.62,0.63,0.0
2011-07-29 13:30:00,INDEX:ADRN,0.06,1.41,0.05,0.56,0.0
2011-08-01 13:30:00,INDEX:ADRN,7.45,7.45,0.28,0.59,0.0
2011-08-02 13:30:00,INDEX:ADRN,0.27,0.87,0.07,0.07,0.0
2011-08-03 13:30:00,INDEX:ADRN,1.25,1.25,0.09,1.2,0.0
2011-08-04 13:30:00,INDEX:ADRN,0.07,0.11,0.02,0.02,0.0
2011-08-05 13:30:00,INDEX:ADRN,5.23,5.23,0.1,0.46,0.0
2011-08-08 13:30:00,INDEX:ADRN,0.02,0.06,0.01,0.01,0.0
2011-08-09 13:30:00,INDEX:ADRN,3.52,16.97,1.11,16.97,0.0
2011-08-10 13:30:00,INDEX:ADRN,0.03,0.53,0.03,0.12,0.0
2011-08-11 13:30:00,INDEX:ADRN,6.5,28.22,1.79,24.08,0.0
2011-08-12 13:30:00,INDEX:ADRN,6.77,6.77,0.88,1.35,0.0
2011-08-15 13:30:00,INDEX:ADRN,8.26,13.72,4.08,13.72,0.0
2011-08-16 13:30:00,INDEX:ADRN,0.05,0.29,0.05,0.19,0.0
2011-08-17 13:30:00,INDEX:ADRN,6.42,10.21,0.51,1.04,0.0
2011-08-18 13:30:00,INDEX:ADRN,0.01,0.02,0.01,0.01,0.0
2011-08-19 13:30:00,INDEX:ADRN,0.1,3.8,0.1,0.18,0.0
2011-08-22 13:30:00,INDEX:ADRN,9.66,13.45,0.61,0.93,0.0
2011-08-23 13:30:00,INDEX:ADRN,1.38,12.85,0.91,12.85,0.0
2011-08-24 13:30:00,INDEX:ADRN,0.96,4.84,0.48,3.08,0.0
2011-08-25 13:30:00,INDEX:ADRN,4.19,4.19,0.09,0.12,0.0
2011-08-26 13:30:00,INDEX:ADRN,0.15,9.4,0.08,8.31,0.0
2011-08-29 13:30:00,INDEX:ADRN,10.01,29.06,10.01,29.06,0.0
2011-08-30 13:30:00,INDEX:ADRN,0.15,2.85,0.11,1.61,0.0
2011-08-31 13:30:00,INDEX:ADRN,5.6,7.36,0.75,1.72,0.0
2011-09-01 13:30:00,INDEX:ADRN,0.58,2.68,0.13,0.13,0.0
2011-09-02 13:30:00,INDEX:ADRN,0.03,0.1,0.03,0.05,0.0
2011-09-06 13:30:00,INDEX:ADRN,0.02,0.33,0.02,0.33,0.0
2011-09-07 13:30:00,INDEX:ADRN,11.82,20.16,9.89,20.16,0.0
2011-09-08 13:30:00,INDEX:ADRN,0.16,1.14,0.12,0.15,0.0
2011-09-09 13:30:00,INDEX:ADRN,0.04,0.21,0.03,0.06,0.0
2011-09-12 13:30:00,INDEX:ADRN,0.08,1.15,0.08,1.15,0.0
2011-09-13 13:30:00,INDEX:ADRN,2.45,4.66,0.69,3.96,0.0
2011-09-14 13:30:00,INDEX:ADRN,4.48,9.06,0.27,4.68,0.0
2011-09-15 13:30:00,INDEX:ADRN,6.22,7.1,1.18,5.32,0.0
2011-09-16 13:30:00,INDEX:ADRN,2.68,3.75,0.53,1.06,0.0
2011-09-19 13:30:00,INDEX:ADRN,0.02,0.28,0.02,0.16,0.0
2011-09-20 13:30:00,INDEX:ADRN,2.62,4.79,0.37,0.37,0.0
2011-09-21 13:30:00,INDEX:ADRN,0.72,1.05,0.05,0.05,0.0
2011-09-22 13:30:00,INDEX:ADRN,0.01,0.1,0.01,0.07,0.0
2011-09-23 13:30:00,INDEX:ADRN,0.91,3.82,0.83,2.2,0.0
2011-09-26 13:30:00,INDEX:ADRN,4.66,5.23,0.4,5.23,0.0
2011-09-27 13:30:00,INDEX:ADRN,10.01,22.7,3.41,5.35,0.0
2011-09-28 13:30:00,INDEX:ADRN,0.62,1.63,0.05,0.05,0.0
2011-09-29 13:30:00,INDEX:ADRN,12.47,18.29,0.63,3.17,0.0
2011-09-30 13:30:00,INDEX:ADRN,0.04,0.45,0.04,0.1,0.0
2011-10-03 13:30:00,INDEX:ADRN,0.13,1.48,0.02,0.02,0.0
2011-10-04 13:30:00,INDEX:ADRN,0.11,5.02,0.11,4.96,0.0
2011-10-05 13:30:00,INDEX:ADRN,0.45,3.54,0.41,3.05,0.0
2011-10-06 13:30:00,INDEX:ADRN,0.82,8.99,0.45,8.99,0.0
2011-10-07 13:30:00,INDEX:ADRN,1.4,1.74,0.12,0.2,0.0
2011-10-10 13:30:00,INDEX:ADRN,14.63,35.69,14.63,35.69,0.0
2011-10-11 13:30:00,INDEX:ADRN,0.1,1.31,0.1,1.22,0.0
2011-10-12 13:30:00,INDEX:ADRN,5.31,10.43,4.77,5.14,0.0
2011-10-13 13:30:00,INDEX:ADRN,0.18,0.81,0.11,0.63,0.0
2011-10-14 13:30:00,INDEX:ADRN,10.23,10.23,1.83,6.87,0.0
2011-10-17 13:30:00,INDEX:ADRN,0.19,0.23,0.08,0.08,0.0
2011-10-18 13:30:00,INDEX:ADRN,1.33,10.01,0.19,8.94,0.0
2011-10-19 13:30:00,INDEX:ADRN,0.43,1.51,0.2,0.21,0.0
2011-10-20 13:30:00,INDEX:ADRN,0.76,1.61,0.14,1.49,0.0
2011-10-21 13:30:00,INDEX:ADRN,9.34,14.25,3.9,9.89,0.0
2011-10-24 13:30:00,INDEX:ADRN,2.5,10.5,2.5,9.39,0.0
2011-10-25 13:30:00,INDEX:ADRN,0.09,0.24,0.06,0.09,0.0
2011-10-26 13:30:00,INDEX:ADRN,10.14,10.14,0.58,4.88,0.0
2011-10-27 13:30:00,INDEX:ADRN,8.83,19.9,8.83,15.06,0.0
2011-10-28 13:30:00,INDEX:ADRN,0.73,1.74,0.73,0.76,0.0
2011-10-31 13:30:00,INDEX:ADRN,0.06,0.31,0.06,0.1,0.0
2011-11-01 13:30:00,INDEX:ADRN,0.01,0.11,0.01,0.06,0.0
2011-11-02 13:30:00,INDEX:ADRN,8.74,12.98,3.02,7.69,0.0
2011-11-03 13:30:00,INDEX:ADRN,4.78,5.48,0.46,5.11,0.0
2011-11-04 13:30:00,INDEX:ADRN,0.12,0.56,0.08,0.49,0.0
2011-11-07 14:30:00,INDEX:ADRN,0.96,1.76,0.17,1.19,0.0
2011-11-08 14:30:00,INDEX:ADRN,2.86,3.6,0.27,3.33,0.0
2011-11-09 14:30:00,INDEX:ADRN,0.01,0.06,0.01,0.02,0.0
2011-11-10 14:30:00,INDEX:ADRN,9.41,9.41,1.12,2.78,0.0
2011-11-11 14:30:00,INDEX:ADRN,9.47,15.93,9.19,10.92,0.0
2011-11-14 14:30:00,INDEX:ADRN,0.21,0.39,0.13,0.2,0.0
2011-11-15 14:30:00,INDEX:ADRN,0.27,3.12,0.2,2.23,0.0
2011-11-16 14:30:00,INDEX:ADRN,0.06,0.98,0.06,0.19,0.0
2011-11-17 14:30:00,INDEX:ADRN,0.49,1.28,0.12,0.16,0.0
2011-11-18 14:30:00,INDEX:ADRN,3.4,3.4,0.7,1.31,0.0
2011-11-21 14:30:00,INDEX:ADRN,0.02,0.09,0.02,0.08,0.0
2011-11-22 14:30:00,INDEX:ADRN,0.28,1.0,0.19,0.4,0.0
2011-11-23 14:30:00,INDEX:ADRN,0.05,0.08,0.03,0.04,0.0
2011-11-25 14:30:00,INDEX:ADRN,0.68,4.19,0.46,0.46,0.0
2011-11-28 14:30:00,INDEX:ADRN,12.19,44.58,12.19,20.52,0.0
2011-11-29 14:30:00,INDEX:ADRN,0.67,2.71,0.65,0.95,0.0
2011-11-30 14:30:00,INDEX:ADRN,14.02,36.46,14.02,18.74,0.0
2011-12-01 14:30:00,INDEX:ADRN,0.39,1.76,0.39,0.51,0.0
2011-12-02 14:30:00,INDEX:ADRN,7.16,7.59,1.29,1.4,0.0
2011-12-05 14:30:00,INDEX:ADRN,11.24,13.01,2.57,4.34,0.0
2011-12-06 14:30:00,INDEX:ADRN,0.75,1.84,0.29,0.88,0.0
2011-12-07 14:30:00,INDEX:ADRN,0.1,1.38,0.1,1.07,0.0
2011-12-08 14:30:00,INDEX:ADRN,0.07,0.12,0.04,0.04,0.0
2011-12-09 14:30:00,INDEX:ADRN,3.51,14.17,3.5,12.84,0.0
2011-12-12 14:30:00,INDEX:ADRN,0.03,0.13,0.03,0.13,0.0
2011-12-13 14:30:00,INDEX:ADRN,5.91,6.41,0.13,0.17,0.0
2011-12-14 14:30:00,INDEX:ADRN,0.24,0.53,0.16,0.29,0.0
2011-12-15 14:30:00,INDEX:ADRN,8.98,8.98,1.82,2.12,0.0
2011-12-16 14:30:00,INDEX:ADRN,5.91,8.09,1.22,1.91,0.0
2011-12-19 14:30:00,INDEX:ADRN,3.87,3.87,0.11,0.12,0.0
2011-12-20 14:30:00,INDEX:ADRN,17.03,27.55,17.03,21.41,0.0
2011-12-21 14:30:00,INDEX:ADRN,0.25,1.89,0.25,1.8,0.0
2011-12-22 14:30:00,INDEX:ADRN,1.96,4.6,1.83,2.87,0.0
2011-12-23 14:30:00,INDEX:ADRN,2.19,2.71,1.34,2.71,0.0
2011-12-27 14:30:00,INDEX:ADRN,0.27,1.6,0.27,1.11,0.0
2011-12-28 14:30:00,INDEX:ADRN,0.24,0.26,0.06,0.08,0.0
2011-12-29 14:30:00,INDEX:ADRN,2.94,7.13,2.94,7.13,0.0
2011-12-30 14:30:00,INDEX:ADRN,0.47,1.55,0.47,0.61,0.0
2012-01-03 14:30:00,INDEX:ADRN,27.89,27.89,3.65,4.14,0.0
2012-01-04 14:30:00,INDEX:ADRN,0.32,0.87,0.27,0.71,0.0
2012-01-05 14:30:00,INDEX:ADRN,0.18,1.37,0.11,1.32,0.0
2012-01-06 14:30:00,INDEX:ADRN,0.52,1.14,0.22,0.58,0.0
2012-01-09 14:30:00,INDEX:ADRN,2.27,2.27,0.68,1.5,0.0
2012-01-10 14:30:00,INDEX:ADRN,15.57,15.57,3.83,4.29,0.0
2012-01-11 14:30:00,INDEX:ADRN,0.25,1.39,0.25,1.29,0.0
2012-01-12 14:30:00,INDEX:ADRN,2.51,2.51,0.38,1.56,0.0
2012-01-13 14:30:00,INDEX:ADRN,0.08,0.34,0.08,0.34,0.0
2012-01-17 14:30:00,INDEX:ADRN,11.36,11.36,1.5,1.72,0.0
2012-01-18 14:30:00,INDEX:ADRN,0.57,5.51,0.57,5.51,0.0
2012-01-19 14:30:00,INDEX:ADRN,2.19,2.3,1.2,1.72,0.0
2012-01-20 14:30:00,INDEX:ADRN,0.68,1.32,0.68,1.32,0.0
2012-01-23 14:30:00,INDEX:ADRN,1.47,3.78,0.66,1.19,0.0
2012-01-24 14:30:00,INDEX:ADRN,0.15,1.27,0.12,1.26,0.0
2012-01-25 14:30:00,INDEX:ADRN,0.35,3.59,0.29,3.59,0.0
2012-01-26 14:30:00,INDEX:ADRN,2.95,2.95,0.55,0.7,0.0
2012-01-27 14:30:00,INDEX:ADRN,0.51,1.68,0.51,1.51,0.0
2012-01-30 14:30:00,INDEX:ADRN,0.06,0.48,0.06,0.36,0.0
2012-01-31 14:30:00,INDEX:ADRN,7.43,7.43,0.52,1.15,0.0
2012-02-01 14:30:00,INDEX:ADRN,8.19,8.35,4.8,5.97,0.0
2012-02-02 14:30:00,INDEX:ADRN,1.81,2.39,0.93,1.28,0.0
2012-02-03 14:30:00,INDEX:ADRN,9.26,9.26,5.21,5.52,0.0
2012-02-06 14:30:00,INDEX:ADRN,0.2,0.64,0.2,0.64,0.0
2012-02-07 14:30:00,INDEX:ADRN,0.52,1.52,0.26,1.05,0.0
2012-02-08 14:30:00,INDEX:ADRN,2.04,3.45,0.45,1.27,0.0
2012-02-09 14:30:00,INDEX:ADRN,2.36,2.36,0.37,0.88,0.0
2012-02-10 14:30:00,INDEX:ADRN,0.06,0.23,0.06,0.2,0.0
2012-02-13 14:30:00,INDEX:ADRN,12.57,12.57,2.43,3.71,0.0
2012-02-14 14:30:00,INDEX:ADRN,0.34,0.52,0.24,0.52,0.0
2012-02-15 14:30:00,INDEX:ADRN,3.7,3.7,0.4,0.52,0.0
2012-02-16 14:30:00,INDEX:ADRN,1.48,5.91,1.16,5.87,0.0
2012-02-17 14:30:00,INDEX:ADRN,3.55,3.55,0.95,1.2,0.0
2012-02-21 14:30:00,INDEX:ADRN,2.09,2.09,0.54,0.7,0.0
2012-02-22 14:30:00,INDEX:ADRN,0.67,0.96,0.36,0.47,0.0
2012-02-23 14:30:00,INDEX:ADRN,0.95,2.84,0.52,2.79,0.0
2012-02-24 14:30:00,INDEX:ADRN,1.44,1.64,0.86,0.89,0.0
2012-02-27 14:30:00,INDEX:ADRN,0.11,1.14,0.1,0.81,0.0
2012-02-28 14:30:00,INDEX:ADRN,0.88,1.47,0.5,0.75,0.0
2012-02-29 14:30:00,INDEX:ADRN,2.38,3.66,0.35,0.35,0.0
2012-03-01 14:30:00,INDEX:ADRN,4.14,4.69,1.89,2.07,0.0
2012-03-02 14:30:00,INDEX:ADRN,0.88,0.88,0.21,0.29,0.0
2012-03-05 14:30:00,INDEX:ADRN,0.35,0.85,0.27,0.78,0.0
2012-03-06 14:30:00,INDEX:ADRN,0.05,0.07,0.04,0.06,0.0
2012-03-07 14:30:00,INDEX:ADRN,2.39,4.78,1.55,4.21,0.0
2012-03-08 14:30:00,INDEX:ADRN,8.46,8.46,1.29,4.59,0.0
2012-03-09 14:30:00,INDEX:ADRN,1.24,5.53,1.24,3.09,0.0
2012-03-12 13:30:00,INDEX:ADRN,1.15,1.15,0.46,0.66,0.0
2012-03-13 13:30:00,INDEX:ADRN,5.92,8.74,3.04,8.73,0.0
2012-03-14 13:30:00,INDEX:ADRN,0.74,0.9,0.27,0.34,0.0
2012-03-15 13:30:00,INDEX:ADRN,0.86,2.47,0.7,2.46,0.0
2012-03-16 13:30:00,INDEX:ADRN,1.77,1.77,0.81,0.93,0.0
2012-03-19 13:30:00,INDEX:ADRN,0.52,3.42,0.52,1.73,0.0
2012-03-20 13:30:00,INDEX:ADRN,0.06,0.39,0.06,0.3,0.0
2012-03-21 13:30:00,INDEX:ADRN,1.27,1.94,0.58,0.8,0.0
2012-03-22 13:30:00,INDEX:ADRN,0.07,0.22,0.07,0.22,0.0
2012-03-23 13:30:00,INDEX:ADRN,0.98,2.97,0.35,2.92,0.0
2012-03-26 13:30:00,INDEX:ADRN,17.05,17.05,3.99,5.96,0.0
2012-03-27 13:30:00,INDEX:ADRN,1.31,1.34,0.42,0.42,0.0
2012-03-28 13:30:00,INDEX:ADRN,0.69,0.69,0.15,0.37,0.0
2012-03-29 13:30:00,INDEX:ADRN,0.1,0.8,0.09,0.61,0.0
2012-03-30 13:30:00,INDEX:ADRN,6.19,6.19,0.73,1.3,0.0
2012-04-02 13:30:00,INDEX:ADRN,0.51,4.88,0.51,3.94,0.0
2012-04-03 13:30:00,INDEX:ADRN,0.55,0.79,0.26,0.44,0.0
2012-04-04 13:30:00,INDEX:ADRN,0.03,0.13,0.03,0.12,0.0
2012-04-05 13:30:00,INDEX:ADRN,0.36,1.21,0.36,0.62,0.0
2012-04-09 13:30:00,INDEX:ADRN,0.03,0.15,0.03,0.1,0.0
2012-04-10 13:30:00,INDEX:ADRN,0.61,0.77,0.06,0.07,0.0
2012-04-11 13:30:00,INDEX:ADRN,19.0,19.02,4.02,5.45,0.0
2012-04-12 13:30:00,INDEX:ADRN,1.57,9.34,1.57,7.62,0.0
2012-04-13 13:30:00,INDEX:ADRN,0.25,0.34,0.14,0.16,0.0
2012-04-16 13:30:00,INDEX:ADRN,7.43,7.43,0.53,1.25,0.0
2012-04-17 13:30:00,INDEX:ADRN,12.57,12.57,4.5,6.7,0.0
2012-04-18 13:30:00,INDEX:ADRN,0.14,0.5,0.14,0.35,0.0
2012-04-19 13:30:00,INDEX:ADRN,0.54,2.84,0.34,0.57,0.0
2012-04-20 13:30:00,INDEX:ADRN,6.7,6.7,2.02,2.2,0.0
2012-04-23 13:30:00,INDEX:ADRN,0.03,0.16,0.02,0.16,0.0
2012-04-24 13:30:00,INDEX:ADRN,1.78,3.94,1.18,2.53,0.0
2012-04-25 13:30:00,INDEX:ADRN,10.7,10.7,3.37,4.81,0.0
2012-04-26 13:30:00,INDEX:ADRN,0.53,2.6,0.53,2.25,0.0
2012-04-27 13:30:00,INDEX:ADRN,2.23,2.59,0.51,2.49,0.0
2012-04-30 13:30:00,INDEX:ADRN,0.38,0.51,0.19,0.47,0.0
2012-05-01 13:30:00,INDEX:ADRN,1.06,6.11,0.73,1.43,0.0
2012-05-02 13:30:00,INDEX:ADRN,0.19,0.73,0.19,0.73,0.0
2012-05-03 13:30:00,INDEX:ADRN,0.86,0.96,0.2,0.24,0.0
2012-05-04 13:30:00,INDEX:ADRN,0.26,0.28,0.13,0.16,0.0
2012-05-07 13:30:00,INDEX:ADRN,0.37,1.46,0.37,1.17,0.0
2012-05-08 13:30:00,INDEX:ADRN,0.13,0.59,0.13,0.58,0.0
2012-05-09 13:30:00,INDEX:ADRN,0.06,0.83,0.06,0.39,0.0
2012-05-10 13:30:00,INDEX:ADRN,8.92,8.92,1.25,1.63,0.0
2012-05-11 13:30:00,INDEX:ADRN,0.15,1.65,0.15,0.57,0.0
2012-05-14 13:30:00,INDEX:ADRN,0.1,0.3,0.07,0.13,0.0
2012-05-15 13:30:00,INDEX:ADRN,1.12,1.58,0.39,0.43,0.0
2012-05-16 13:30:00,INDEX:ADRN,3.71,4.33,0.36,0.36,0.0
2012-05-17 13:30:00,INDEX:ADRN,0.83,0.83,0.12,0.12,0.0
2012-05-18 13:30:00,INDEX:ADRN,1.57,2.19,0.24,0.31,0.0
2012-05-21 13:30:00,INDEX:ADRN,2.64,8.12,1.01,8.11,0.0
2012-05-22 13:30:00,INDEX:ADRN,1.45,3.82,0.52,0.78,0.0
2012-05-23 13:30:00,INDEX:ADRN,0.18,1.56,0.07,1.38,0.0
2012-05-24 13:30:00,INDEX:ADRN,1.88,1.88,0.3,1.22,0.0
2012-05-25 13:30:00,INDEX:ADRN,0.93,1.27,0.57,0.84,0.0
2012-05-29 13:30:00,INDEX:ADRN,7.85,8.79,2.33,5.11,0.0
2012-05-30 13:30:00,INDEX:ADRN,0.06,0.1,0.04,0.07,0.0
2012-05-31 13:30:00,INDEX:ADRN,0.37,1.29,0.16,0.86,0.0
2012-06-01 13:30:00,INDEX:ADRN,0.05,0.11,0.05,0.08,0.0
2012-06-04 13:30:00,INDEX:ADRN,3.04,3.04,0.25,0.7,0.0
2012-06-05 13:30:00,INDEX:ADRN,0.51,3.92,0.51,3.54,0.0
2012-06-06 13:30:00,INDEX:ADRN,10.85,20.21,10.16,15.35,0.0
2012-06-07 13:30:00,INDEX:ADRN,13.72,15.35,0.7,0.7,0.0
2012-06-08 13:30:00,INDEX:ADRN,0.21,2.45,0.19,2.44,0.0
2012-06-11 13:30:00,INDEX:ADRN,5.72,5.72,0.12,0.12,0.0
2012-06-12 13:30:00,INDEX:ADRN,5.67,5.67,0.81,5.16,0.0
2012-06-13 13:30:00,INDEX:ADRN,0.22,1.27,0.2,0.29,0.0
2012-06-14 13:30:00,INDEX:ADRN,1.52,4.24,1.1,3.3,0.0
2012-06-15 13:30:00,INDEX:ADRN,1.45,3.48,1.38,3.15,0.0
2012-06-18 13:30:00,INDEX:ADRN,0.14,1.6,0.14,1.2,0.0
2012-06-19 13:30:00,INDEX:ADRN,4.46,11.09,2.67,6.49,0.0
2012-06-20 13:30:00,INDEX:ADRN,0.74,1.32,0.43,0.74,0.0
2012-06-21 13:30:00,INDEX:ADRN,1.11,1.11,0.06,0.06,0.0
2012-06-22 13:30:00,INDEX:ADRN,4.65,4.65,1.38,2.52,0.0
2012-06-25 13:30:00,INDEX:ADRN,0.07,0.18,0.07,0.15,0.0
2012-06-26 13:30:00,INDEX:ADRN,1.88,2.83,0.56,1.7,0.0
2012-06-27 13:30:00,INDEX:ADRN,2.74,4.52,1.85,3.76,0.0
2012-06-28 13:30:00,INDEX:ADRN,0.1,1.29,0.1,1.29,0.0
2012-06-29 13:30:00,INDEX:ADRN,40.95,40.95,10.78,14.42,0.0
2012-07-02 13:30:00,INDEX:ADRN,1.45,2.21,0.64,2.21,0.0
2012-07-03 13:30:00,INDEX:ADRN,1.17,4.36,1.17,4.25,0.0
2012-07-05 13:30:00,INDEX:ADRN,0.47,0.9,0.26,0.58,0.0
2012-07-06 13:30:00,INDEX:ADRN,0.06,0.28,0.06,0.27,0.0
2012-07-09 13:30:00,INDEX:ADRN,0.54,0.62,0.2,0.58,0.0
2012-07-10 13:30:00,INDEX:ADRN,8.09,8.09,0.23,0.33,0.0
2012-07-11 13:30:00,INDEX:ADRN,0.99,1.91,0.54,1.01,0.0
2012-07-12 13:30:00,INDEX:ADRN,0.08,0.81,0.06,0.49,0.0
2012-07-13 13:30:00,INDEX:ADRN,6.03,9.87,5.73,7.45,0.0
2012-07-16 13:30:00,INDEX:ADRN,0.32,0.75,0.18,0.54,0.0
2012-07-17 13:30:00,INDEX:ADRN,6.05,6.05,0.33,2.23,0.0
2012-07-18 13:30:00,INDEX:ADRN,0.49,2.41,0.49,1.7,0.0
2012-07-19 13:30:00,INDEX:ADRN,2.45,2.58,0.66,0.97,0.0
2012-07-20 13:30:00,INDEX:ADRN,0.15,0.34,0.15,0.29,0.0
2012-07-23 13:30:00,INDEX:ADRN,0.04,0.2,0.04,0.15,0.0
2012-07-24 13:30:00,INDEX:ADRN,1.15,1.15,0.13,0.21,0.0
2012-07-25 13:30:00,INDEX:ADRN,4.81,4.81,0.65,1.03,0.0
2012-07-26 13:30:00,INDEX:ADRN,10.82,10.82,2.25,3.27,0.0
2012-07-27 13:30:00,INDEX:ADRN,3.56,10.34,2.1,8.87,0.0
2012-07-30 13:30:00,INDEX:ADRN,1.71,1.85,0.61,0.89,0.0
2012-07-31 13:30:00,INDEX:ADRN,0.86,1.39,0.45,0.49,0.0
2012-08-01 13:30:00,INDEX:ADRN,2.91,2.91,0.38,0.38,0.0
2012-08-02 13:30:00,INDEX:ADRN,0.23,0.75,0.23,0.46,0.0
2012-08-03 13:30:00,INDEX:ADRN,13.04,13.83,7.21,7.66,0.0
2012-08-06 13:30:00,INDEX:ADRN,1.86,3.74,1.69,1.71,0.0
2012-08-07 13:30:00,INDEX:ADRN,4.75,4.75,2.08,2.11,0.0
2012-08-08 13:30:00,INDEX:ADRN,0.34,1.25,0.34,0.94,0.0
2012-08-09 13:30:00,INDEX:ADRN,0.66,2.0,0.66,1.28,0.0
2012-08-10 13:30:00,INDEX:ADRN,0.26,1.17,0.26,1.17,0.0
2012-08-13 13:30:00,INDEX:ADRN,0.56,0.74,0.2,0.58,0.0
2012-08-14 13:30:00,INDEX:ADRN,4.32,4.32,0.6,0.81,0.0
2012-08-15 13:30:00,INDEX:ADRN,0.78,2.3,0.78,2.2,0.0
2012-08-16 13:30:00,INDEX:ADRN,1.22,3.72,0.59,3.46,0.0
2012-08-17 13:30:00,INDEX:ADRN,0.99,1.89,0.88,1.89,0.0
2012-08-20 13:30:00,INDEX:ADRN,0.46,0.74,0.24,0.74,0.0
2012-08-21 13:30:00,INDEX:ADRN,4.21,4.88,0.78,0.78,0.0
2012-08-22 13:30:00,INDEX:ADRN,0.26,0.7,0.24,0.6,0.0
2012-08-23 13:30:00,INDEX:ADRN,0.36,0.5,0.2,0.26,0.0
2012-08-24 13:30:00,INDEX:ADRN,0.53,2.53,0.41,1.92,0.0
2012-08-27 13:30:00,INDEX:ADRN,2.41,2.41,0.6,0.78,0.0
2012-08-28 13:30:00,INDEX:ADRN,0.72,2.11,0.65,1.23,0.0
2012-08-29 13:30:00,INDEX:ADRN,1.3,1.78,0.62,1.25,0.0
2012-08-30 13:30:00,INDEX:ADRN,0.12,0.28,0.1,0.2,0.0
2012-08-31 13:30:00,INDEX:ADRN,10.86,10.86,1.34,2.5,0.0
2012-09-04 13:30:00,INDEX:ADRN,1.11,1.89,0.33,1.65,0.0
2012-09-05 13:30:00,INDEX:ADRN,1.19,1.19,0.52,0.8,0.0
2012-09-06 13:30:00,INDEX:ADRN,10.18,11.14,6.79,8.67,0.0
2012-09-07 13:30:00,INDEX:ADRN,2.32,2.76,1.79,2.14,0.0
2012-09-10 13:30:00,INDEX:ADRN,0.63,1.2,0.56,0.56,0.0
2012-09-11 13:30:00,INDEX:ADRN,1.37,3.4,1.37,2.06,0.0
2012-09-12 13:30:00,INDEX:ADRN,2.79,2.79,0.86,1.64,0.0
2012-09-13 13:30:00,INDEX:ADRN,0.6,7.73,0.48,6.1,0.0
2012-09-14 13:30:00,INDEX:ADRN,3.64,6.19,2.3,2.72,0.0
2012-09-17 13:30:00,INDEX:ADRN,0.35,0.46,0.25,0.35,0.0
2012-09-18 13:30:00,INDEX:ADRN,0.33,0.72,0.33,0.59,0.0
2012-09-19 13:30:00,INDEX:ADRN,1.56,2.0,0.88,1.16,0.0
2012-09-20 13:30:00,INDEX:ADRN,0.18,0.57,0.14,0.53,0.0
2012-09-21 13:30:00,INDEX:ADRN,7.22,7.22,1.2,1.2,0.0
2012-09-24 13:30:00,INDEX:ADRN,0.3,1.07,0.3,0.67,0.0
2012-09-25 13:30:00,INDEX:ADRN,3.56,3.56,0.15,0.15,0.0
2012-09-26 13:30:00,INDEX:ADRN,0.86,0.86,0.32,0.46,0.0
2012-09-27 13:30:00,INDEX:ADRN,4.33,5.39,1.38,3.89,0.0
2012-09-28 13:30:00,INDEX:ADRN,0.13,0.69,0.13,0.46,0.0
2012-10-01 13:30:00,INDEX:ADRN,4.3,4.8,1.05,1.35,0.0
2012-10-02 13:30:00,INDEX:ADRN,4.43,4.43,0.81,1.34,0.0
2012-10-03 13:30:00,INDEX:ADRN,1.68,1.68,0.4,0.88,0.0
2012-10-04 13:30:00,INDEX:ADRN,4.14,4.14,1.25,3.7,0.0
2012-10-05 13:30:00,INDEX:ADRN,5.86,5.96,0.83,1.06,0.0
2012-10-08 13:30:00,INDEX:ADRN,0.18,0.61,0.18,0.5,0.0
2012-10-09 13:30:00,INDEX:ADRN,0.77,1.22,0.24,0.24,0.0
2012-10-10 13:30:00,INDEX:ADRN,1.08,1.17,0.39,0.56,0.0
2012-10-11 13:30:00,INDEX:ADRN,8.21,8.21,1.8,1.8,0.0
2012-10-12 13:30:00,INDEX:ADRN,1.16,1.84,0.31,0.38,0.0
2012-10-15 13:30:00,INDEX:ADRN,2.67,2.83,0.64,2.83,0.0
2012-10-16 13:30:00,INDEX:ADRN,4.45,5.49,2.84,3.79,0.0
2012-10-17 13:30:00,INDEX:ADRN,1.21,3.11,1.21,2.84,0.0
2012-10-18 13:30:00,INDEX:ADRN,0.63,1.45,0.63,0.84,0.0
2012-10-19 13:30:00,INDEX:ADRN,0.17,0.34,0.09,0.13,0.0
2012-10-22 13:30:00,INDEX:ADRN,0.91,1.24,0.4,0.94,0.0
2012-10-23 13:30:00,INDEX:ADRN,0.06,0.29,0.04,0.26,0.0
2012-10-24 13:30:00,INDEX:ADRN,4.86,4.86,0.6,0.69,0.0
2012-10-25 13:30:00,INDEX:ADRN,8.82,8.82,0.86,1.65,0.0
2012-10-26 13:30:00,INDEX:ADRN,0.81,1.14,0.25,0.52,0.0
2012-10-31 13:30:00,INDEX:ADRN,1.51,1.87,0.87,1.59,0.0
2012-11-01 13:30:00,INDEX:ADRN,1.66,4.78,1.66,3.53,0.0
2012-11-02 13:30:00,INDEX:ADRN,2.25,2.25,0.29,0.29,0.0
2012-11-05 14:30:00,INDEX:ADRN,0.77,1.45,0.52,1.32,0.0
2012-11-06 14:30:00,INDEX:ADRN,2.55,4.12,1.85,3.4,0.0
2012-11-07 14:30:00,INDEX:ADRN,0.08,0.11,0.04,0.08,0.0
2012-11-08 14:30:00,INDEX:ADRN,0.93,1.44,0.22,0.22,0.0
2012-11-09 14:30:00,INDEX:ADRN,0.44,2.61,0.44,0.98,0.0
2012-11-12 14:30:00,INDEX:ADRN,1.8,1.8,0.64,0.77,0.0
2012-11-13 14:30:00,INDEX:ADRN,0.18,1.76,0.18,0.5,0.0
2012-11-14 14:30:00,INDEX:ADRN,2.32,2.32,0.09,0.11,0.0
2012-11-15 14:30:00,INDEX:ADRN,1.17,1.46,0.35,0.59,0.0
2012-11-16 14:30:00,INDEX:ADRN,0.72,2.28,0.37,2.19,0.0
2012-11-19 14:30:00,INDEX:ADRN,15.34,15.34,6.71,9.72,0.0
2012-11-20 14:30:00,INDEX:ADRN,0.4,1.21,0.31,1.1,0.0
2012-11-21 14:30:00,INDEX:ADRN,1.31,2.0,0.71,2.0,0.0
2012-11-23 14:30:00,INDEX:ADRN,4.73,6.56,3.15,6.55,0.0
2012-11-26 14:30:00,INDEX:ADRN,0.29,0.87,0.29,0.87,0.0
2012-11-27 14:30:00,INDEX:ADRN,0.56,1.46,0.55,0.55,0.0
2012-11-28 14:30:00,INDEX:ADRN,0.18,2.41,0.14,2.4,0.0
2012-11-29 14:30:00,INDEX:ADRN,5.69,5.69,1.58,3.1,0.0
2012-11-30 14:30:00,INDEX:ADRN,1.07,1.4,0.59,1.21,0.0
2012-12-03 14:30:00,INDEX:ADRN,3.0,3.0,0.52,0.6,0.0
2012-12-04 14:30:00,INDEX:ADRN,1.05,2.23,0.53,1.02,0.0
2012-12-05 14:30:00,INDEX:ADRN,1.75,1.75,0.48,1.06,0.0
2012-12-06 14:30:00,INDEX:ADRN,0.8,1.23,0.61,1.22,0.0
2012-12-07 14:30:00,INDEX:ADRN,3.46,3.46,0.83,1.49,0.0
2012-12-10 14:30:00,INDEX:ADRN,1.08,1.54,1.04,1.46,0.0
2012-12-11 14:30:00,INDEX:ADRN,3.73,3.73,1.5,2.29,0.0
2012-12-12 14:30:00,INDEX:ADRN,1.99,1.99,0.68,0.75,0.0
2012-12-13 14:30:00,INDEX:ADRN,0.86,1.16,0.25,0.38,0.0
2012-12-14 14:30:00,INDEX:ADRN,0.71,1.44,0.71,0.89,0.0
2012-12-17 14:30:00,INDEX:ADRN,2.75,3.77,1.95,3.77,0.0
2012-12-18 14:30:00,INDEX:ADRN,1.23,5.13,1.23,5.11,0.0
2012-12-19 14:30:00,INDEX:ADRN,1.01,1.6,0.71,0.76,0.0
2012-12-20 14:30:00,INDEX:ADRN,1.26,2.5,0.88,2.49,0.0
2012-12-21 14:30:00,INDEX:ADRN,0.05,0.36,0.05,0.36,0.0
2012-12-24 14:30:00,INDEX:ADRN,0.41,0.58,0.37,0.52,0.0
2012-12-26 14:30:00,INDEX:ADRN,1.63,1.63,0.4,0.4,0.0
2012-12-27 14:30:00,INDEX:ADRN,0.94,1.72,0.16,0.85,0.0
2012-12-28 14:30:00,INDEX:ADRN,0.14,0.64,0.14,0.26,0.0
2012-12-31 14:30:00,INDEX:ADRN,0.51,16.0,0.51,16.0,0.0
2013-01-02 14:30:00,INDEX:ADRN,32.89,32.89,7.48,12.65,0.0
2013-01-03 14:30:00,INDEX:ADRN,0.9,2.23,0.79,1.03,0.0
2013-01-04 14:30:00,INDEX:ADRN,1.98,3.74,1.98,3.31,0.0
2013-01-07 14:30:00,INDEX:ADRN,0.3,0.63,0.3,0.62,0.0
2013-01-08 14:30:00,INDEX:ADRN,0.72,0.88,0.38,0.7,0.0
2013-01-09 14:30:00,INDEX:ADRN,2.57,2.82,1.61,1.97,0.0
2013-01-10 14:30:00,INDEX:ADRN,3.28,3.28,0.95,1.89,0.0
2013-01-11 14:30:00,INDEX:ADRN,1.05,1.05,0.47,0.93,0.0
2013-01-14 14:30:00,INDEX:ADRN,1.13,1.16,0.65,1.08,0.0
2013-01-15 14:30:00,INDEX:ADRN,0.22,1.84,0.22,1.84,0.0
2013-01-16 14:30:00,INDEX:ADRN,0.31,0.72,0.31,0.61,0.0
2013-01-17 14:30:00,INDEX:ADRN,5.5,5.5,2.99,3.74,0.0
2013-01-18 14:30:00,INDEX:ADRN,1.27,1.67,0.65,1.67,0.0
2013-01-22 14:30:00,INDEX:ADRN,1.05,2.96,0.87,2.96,0.0
2013-01-23 14:30:00,INDEX:ADRN,0.82,0.82,0.44,0.68,0.0
2013-01-24 14:30:00,INDEX:ADRN,2.06,3.43,0.96,1.38,0.0
2013-01-25 14:30:00,INDEX:ADRN,2.33,2.37,0.85,2.0,0.0
2013-01-28 14:30:00,INDEX:ADRN,1.06,1.06,0.37,0.91,0.0
2013-01-29 14:30:00,INDEX:ADRN,1.01,1.79,0.84,1.78,0.0
2013-01-30 14:30:00,INDEX:ADRN,0.71,0.88,0.32,0.37,0.0
2013-01-31 14:30:00,INDEX:ADRN,0.53,1.56,0.53,1.26,0.0
2013-02-01 14:30:00,INDEX:ADRN,4.33,4.49,2.88,3.68,0.0
2013-02-04 14:30:00,INDEX:ADRN,0.18,0.34,0.18,0.18,0.0
2013-02-05 14:30:00,INDEX:ADRN,4.27,4.27,2.71,3.12,0.0
2013-02-06 14:30:00,INDEX:ADRN,0.27,1.62,0.27,1.6,0.0
2013-02-07 14:30:00,INDEX:ADRN,1.02,1.02,0.23,0.63,0.0
2013-02-08 14:30:00,INDEX:ADRN,1.75,2.47,1.71,2.36,0.0
2013-02-11 14:30:00,INDEX:ADRN,0.82,0.82,0.47,0.8,0.0
2013-02-12 14:30:00,INDEX:ADRN,1.36,2.32,1.36,2.03,0.0
2013-02-13 14:30:00,INDEX:ADRN,2.09,2.29,0.91,1.48,0.0
2013-02-14 14:30:00,INDEX:ADRN,0.37,1.15,0.37,1.07,0.0
2013-02-15 14:30:00,INDEX:ADRN,1.37,1.37,0.6,0.84,0.0
2013-02-19 14:30:00,INDEX:ADRN,1.78,2.9,1.65,2.52,0.0
2013-02-20 14:30:00,INDEX:ADRN,0.73,0.73,0.14,0.14,0.0
2013-02-21 14:30:00,INDEX:ADRN,0.31,0.45,0.2,0.29,0.0
2013-02-22 14:30:00,INDEX:ADRN,6.42,6.42,2.17,4.39,0.0
2013-02-25 14:30:00,INDEX:ADRN,4.52,4.52,0.11,0.11,0.0
2013-02-26 14:30:00,INDEX:ADRN,4.38,4.38,0.8,2.15,0.0
2013-02-27 14:30:00,INDEX:ADRN,1.12,5.94,1.12,4.36,0.0
2013-02-28 14:30:00,INDEX:ADRN,0.79,2.37,0.79,1.01,0.0
2013-03-01 14:30:00,INDEX:ADRN,0.17,1.14,0.17,1.14,0.0
2013-03-04 14:30:00,INDEX:ADRN,0.46,1.28,0.45,1.28,0.0
2013-03-05 14:30:00,INDEX:ADRN,5.6,6.56,3.74,4.1,0.0
2013-03-06 14:30:00,INDEX:ADRN,2.18,2.18,0.88,1.19,0.0
2013-03-07 14:30:00,INDEX:ADRN,1.58,1.81,1.16,1.54,0.0
2013-03-08 14:30:00,INDEX:ADRN,5.43,5.43,1.41,2.86,0.0
2013-03-11 13:30:00,INDEX:ADRN,0.48,1.29,0.44,1.28,0.0
2013-03-12 13:30:00,INDEX:ADRN,0.62,1.03,0.43,0.6,0.0
2013-03-13 13:30:00,INDEX:ADRN,1.12,1.43,0.57,1.39,0.0
2013-03-14 13:30:00,INDEX:ADRN,2.2,3.17,1.92,3.17,0.0
2013-03-15 13:30:00,INDEX:ADRN,0.67,1.08,0.52,0.92,0.0
2013-03-18 13:30:00,INDEX:ADRN,0.08,0.64,0.08,0.39,0.0
2013-03-19 13:30:00,INDEX:ADRN,2.45,2.45,0.28,0.64,0.0
2013-03-20 13:30:00,INDEX:ADRN,6.63,6.63,2.49,3.27,0.0
2013-03-21 13:30:00,INDEX:ADRN,0.29,0.64,0.29,0.33,0.0
2013-03-22 13:30:00,INDEX:ADRN,3.67,3.67,1.4,1.82,0.0
2013-03-25 13:30:00,INDEX:ADRN,3.12,3.93,0.39,0.71,0.0
2013-03-26 13:30:00,INDEX:ADRN,3.91,3.91,1.47,2.39,0.0
2013-03-27 13:30:00,INDEX:ADRN,0.09,1.03,0.09,0.95,0.0
2013-03-28 13:30:00,INDEX:ADRN,1.95,1.95,1.04,1.79,0.0
2013-04-01 13:30:00,INDEX:ADRN,0.72,0.72,0.15,0.27,0.0
2013-04-02 13:30:00,INDEX:ADRN,4.86,4.86,0.62,0.78,0.0
2013-04-03 13:30:00,INDEX:ADRN,1.3,1.3,0.14,0.17,0.0
2013-04-04 13:30:00,INDEX:ADRN,1.26,2.22,0.99,2.02,0.0
2013-04-05 13:30:00,INDEX:ADRN,0.04,0.74,0.04,0.73,0.0
2013-04-08 13:30:00,INDEX:ADRN,1.37,3.23,0.64,3.23,0.0
2013-04-09 13:30:00,INDEX:ADRN,2.07,2.09,0.73,1.19,0.0
2013-04-10 13:30:00,INDEX:ADRN,4.33,5.18,2.71,4.51,0.0
2013-04-11 13:30:00,INDEX:ADRN,0.97,2.6,0.97,1.59,0.0
2013-04-12 13:30:00,INDEX:ADRN,0.21,0.45,0.19,0.45,0.0
2013-04-15 13:30:00,INDEX:ADRN,0.11,0.11,0.02,0.03,0.0
2013-04-16 13:30:00,INDEX:ADRN,6.97,8.19,3.52,8.1,0.0
2013-04-17 13:30:00,INDEX:ADRN,0.14,0.14,0.05,0.09,0.0
2013-04-18 13:30:00,INDEX:ADRN,1.87,1.87,0.3,0.68,0.0
2013-04-19 13:30:00,INDEX:ADRN,2.75,3.89,1.11,3.87,0.0
2013-04-22 13:30:00,INDEX:ADRN,1.89,1.89,0.21,1.32,0.0
2013-04-23 13:30:00,INDEX:ADRN,3.96,5.44,2.87,4.94,0.0
2013-04-24 13:30:00,INDEX:ADRN,2.28,2.28,1.09,2.17,0.0
2013-04-25 13:30:00,INDEX:ADRN,2.6,3.94,1.83,1.99,0.0
2013-04-26 13:30:00,INDEX:ADRN,0.66,0.77,0.27,0.44,0.0
2013-04-29 13:30:00,INDEX:ADRN,3.26,4.57,2.29,3.36,0.0
2013-04-30 13:30:00,INDEX:ADRN,0.96,2.08,0.49,2.08,0.0
2013-05-01 13:30:00,INDEX:ADRN,0.33,0.33,0.14,0.14,0.0
2013-05-02 13:30:00,INDEX:ADRN,3.22,3.88,1.94,3.36,0.0
2013-05-03 13:30:00,INDEX:ADRN,10.53,10.53,3.96,4.06,0.0
2013-05-06 13:30:00,INDEX:ADRN,1.11,1.77,1.09,1.56,0.0
2013-05-07 13:30:00,INDEX:ADRN,1.99,3.35,1.52,3.03,0.0
2013-05-08 13:30:00,INDEX:ADRN,0.72,2.01,0.72,2.01,0.0
2013-05-09 13:30:00,INDEX:ADRN,0.79,0.9,0.36,0.45,0.0
2013-05-10 13:30:00,INDEX:ADRN,1.55,2.11,1.1,2.11,0.0
2013-05-13 13:30:00,INDEX:ADRN,0.49,0.8,0.29,0.62,0.0
2013-05-14 13:30:00,INDEX:ADRN,1.84,3.9,1.84,3.37,0.0
2013-05-15 13:30:00,INDEX:ADRN,0.45,2.06,0.45,1.67,0.0
2013-05-16 13:30:00,INDEX:ADRN,0.45,1.09,0.37,0.46,0.0
2013-05-17 13:30:00,INDEX:ADRN,4.07,4.13,2.29,3.86,0.0
2013-05-20 13:30:00,INDEX:ADRN,0.78,2.14,0.78,1.25,0.0
2013-05-21 13:30:00,INDEX:ADRN,1.72,1.72,0.62,1.11,0.0
2013-05-22 13:30:00,INDEX:ADRN,1.11,5.32,0.13,0.18,0.0
2013-05-23 13:30:00,INDEX:ADRN,0.1,0.77,0.09,0.74,0.0
2013-05-24 13:30:00,INDEX:ADRN,0.17,0.72,0.14,0.71,0.0
2013-05-28 13:30:00,INDEX:ADRN,11.93,11.93,1.73,2.28,0.0
2013-05-29 13:30:00,INDEX:ADRN,0.15,0.34,0.12,0.27,0.0
2013-05-30 13:30:00,INDEX:ADRN,1.41,3.21,1.41,1.68,0.0
2013-05-31 13:30:00,INDEX:ADRN,0.14,0.84,0.14,0.18,0.0
2013-06-03 13:30:00,INDEX:ADRN,1.43,1.47,0.48,1.47,0.0
2013-06-04 13:30:00,INDEX:ADRN,1.72,2.23,0.22,0.38,0.0
2013-06-05 13:30:00,INDEX:ADRN,0.36,0.46,0.12,0.12,0.0
2013-06-06 13:30:00,INDEX:ADRN,0.88,4.44,0.72,4.44,0.0
2013-06-07 13:30:00,INDEX:ADRN,2.43,3.44,1.2,2.87,0.0
2013-06-10 13:30:00,INDEX:ADRN,1.74,1.74,0.43,1.18,0.0
2013-06-11 13:30:00,INDEX:ADRN,0.03,0.32,0.03,0.14,0.0
2013-06-12 13:30:00,INDEX:ADRN,7.07,7.07,0.21,0.23,0.0
2013-06-13 13:30:00,INDEX:ADRN,0.61,7.54,0.61,7.54,0.0
2013-06-14 13:30:00,INDEX:ADRN,0.8,1.81,0.35,0.46,0.0
2013-06-17 13:30:00,INDEX:ADRN,11.06,11.06,1.54,2.59,0.0
2013-06-18 13:30:00,INDEX:ADRN,1.81,3.59,1.19,3.32,0.0
2013-06-19 13:30:00,INDEX:ADRN,0.66,0.69,0.13,0.13,0.0
2013-06-20 13:30:00,INDEX:ADRN,0.02,0.08,0.02,0.04,0.0
2013-06-21 13:30:00,INDEX:ADRN,5.05,5.05,0.36,1.12,0.0
2013-06-24 13:30:00,INDEX:ADRN,0.04,0.39,0.02,0.16,0.0
2013-06-25 13:30:00,INDEX:ADRN,11.84,11.84,2.75,5.22,0.0
2013-06-26 13:30:00,INDEX:ADRN,7.77,7.77,1.6,2.11,0.0
2013-06-27 13:30:00,INDEX:ADRN,8.68,8.81,5.01,5.06,0.0
2013-06-28 13:30:00,INDEX:ADRN,0.33,1.45,0.33,0.82,0.0
2013-07-01 13:30:00,INDEX:ADRN,6.35,6.35,2.45,2.77,0.0
2013-07-02 13:30:00,INDEX:ADRN,0.89,2.0,0.4,0.7,0.0
2013-07-03 13:30:00,INDEX:ADRN,0.2,1.12,0.2,0.86,0.0
2013-07-05 13:30:00,INDEX:ADRN,3.83,3.83,0.91,2.94,0.0
2013-07-08 13:30:00,INDEX:ADRN,4.25,4.52,1.76,1.97,0.0
2013-07-09 13:30:00,INDEX:ADRN,5.42,5.42,1.97,3.72,0.0
2013-07-10 13:30:00,INDEX:ADRN,1.1,1.31,0.65,1.19,0.0
2013-07-11 13:30:00,INDEX:ADRN,19.0,19.0,3.91,5.85,0.0
2013-07-12 13:30:00,INDEX:ADRN,0.85,1.17,0.59,1.11,0.0
2013-07-15 13:30:00,INDEX:ADRN,2.01,2.06,1.07,1.83,0.0
2013-07-16 13:30:00,INDEX:ADRN,1.19,1.19,0.35,0.49,0.0
2013-07-17 13:30:00,INDEX:ADRN,3.91,3.91,1.41,1.73,0.0
2013-07-18 13:30:00,INDEX:ADRN,2.95,5.51,2.82,3.0,0.0
2013-07-19 13:30:00,INDEX:ADRN,0.57,1.23,0.52,1.23,0.0
2013-07-22 13:30:00,INDEX:ADRN,1.33,2.26,1.15,1.7,0.0
2013-07-23 13:30:00,INDEX:ADRN,2.46,2.46,0.74,0.97,0.0
2013-07-24 13:30:00,INDEX:ADRN,1.63,1.63,0.27,0.32,0.0
2013-07-25 13:30:00,INDEX:ADRN,0.57,2.14,0.57,2.14,0.0
2013-07-26 13:30:00,INDEX:ADRN,0.2,0.69,0.2,0.69,0.0
2013-07-29 13:30:00,INDEX:ADRN,0.54,0.79,0.29,0.39,0.0
2013-07-30 13:30:00,INDEX:ADRN,3.14,3.14,0.72,1.08,0.0
2013-07-31 13:30:00,INDEX:ADRN,2.19,2.54,1.04,1.04,0.0
2013-08-01 13:30:00,INDEX:ADRN,7.46,7.46,2.95,3.21,0.0
2013-08-02 13:30:00,INDEX:ADRN,0.49,0.92,0.41,0.92,0.0
2013-08-05 13:30:00,INDEX:ADRN,0.54,1.08,0.49,0.93,0.0
2013-08-06 13:30:00,INDEX:ADRN,0.5,0.5,0.19,0.28,0.0
2013-08-07 13:30:00,INDEX:ADRN,0.22,0.45,0.2,0.37,0.0
2013-08-08 13:30:00,INDEX:ADRN,5.0,5.0,1.27,2.23,0.0
2013-08-09 13:30:00,INDEX:ADRN,0.63,1.29,0.52,0.91,0.0
2013-08-12 13:30:00,INDEX:ADRN,0.27,1.17,0.27,1.09,0.0
2013-08-13 13:30:00,INDEX:ADRN,1.1,1.1,0.35,0.85,0.0
2013-08-14 13:30:00,INDEX:ADRN,0.99,0.99,0.51,0.51,0.0
2013-08-15 13:30:00,INDEX:ADRN,0.07,0.19,0.07,0.18,0.0
2013-08-16 13:30:00,INDEX:ADRN,0.44,1.24,0.44,0.62,0.0
2013-08-19 13:30:00,INDEX:ADRN,0.47,0.78,0.23,0.23,0.0
2013-08-20 13:30:00,INDEX:ADRN,1.3,5.7,1.23,3.9,0.0
2013-08-21 13:30:00,INDEX:ADRN,0.19,0.97,0.19,0.26,0.0
2013-08-22 13:30:00,INDEX:ADRN,2.85,7.47,2.85,6.07,0.0
2013-08-23 13:30:00,INDEX:ADRN,1.72,1.78,0.68,1.76,0.0
2013-08-26 13:30:00,INDEX:ADRN,1.02,1.84,0.58,0.64,0.0
2013-08-27 13:30:00,INDEX:ADRN,0.09,0.19,0.09,0.11,0.0
2013-08-28 13:30:00,INDEX:ADRN,0.73,2.16,0.73,1.18,0.0
2013-08-29 13:30:00,INDEX:ADRN,0.7,3.34,0.7,1.97,0.0
2013-08-30 13:30:00,INDEX:ADRN,0.79,0.79,0.17,0.23,0.0
2013-09-03 13:30:00,INDEX:ADRN,14.2,14.2,0.83,1.47,0.0
2013-09-04 13:30:00,INDEX:ADRN,0.88,3.14,0.88,2.85,0.0
2013-09-05 13:30:00,INDEX:ADRN,1.44,1.89,1.16,1.26,0.0
2013-09-06 13:30:00,INDEX:ADRN,4.92,4.92,0.41,1.26,0.0
2013-09-09 13:30:00,INDEX:ADRN,4.73,7.36,3.32,7.36,0.0
2013-09-10 13:30:00,INDEX:ADRN,3.89,3.89,1.7,2.46,0.0
2013-09-11 13:30:00,INDEX:ADRN,0.74,1.46,0.51,1.32,0.0
2013-09-12 13:30:00,INDEX:ADRN,0.8,0.83,0.35,0.36,0.0
2013-09-13 13:30:00,INDEX:ADRN,1.73,1.94,0.91,1.67,0.0
2013-09-16 13:30:00,INDEX:ADRN,16.51,16.51,1.84,2.1,0.0
2013-09-17 13:30:00,INDEX:ADRN,1.36,2.41,1.36,2.41,0.0
2013-09-18 13:30:00,INDEX:ADRN,0.83,7.08,0.4,4.86,0.0
2013-09-19 13:30:00,INDEX:ADRN,2.44,2.44,0.59,0.71,0.0
2013-09-20 13:30:00,INDEX:ADRN,1.57,1.57,0.31,0.34,0.0
2013-09-23 13:30:00,INDEX:ADRN,0.51,0.82,0.42,0.65,0.0
2013-09-24 13:30:00,INDEX:ADRN,0.86,2.37,0.42,1.08,0.0
2013-09-25 13:30:00,INDEX:ADRN,1.18,2.31,0.87,0.91,0.0
2013-09-26 13:30:00,INDEX:ADRN,2.38,4.24,0.97,1.69,0.0
2013-09-27 13:30:00,INDEX:ADRN,0.18,0.46,0.18,0.4,0.0
2013-09-30 13:30:00,INDEX:ADRN,0.09,0.76,0.09,0.61,0.0
2013-10-01 13:30:00,INDEX:ADRN,2.23,5.35,2.23,4.04,0.0
2013-10-02 13:30:00,INDEX:ADRN,0.17,0.78,0.17,0.71,0.0
2013-10-03 13:30:00,INDEX:ADRN,0.58,0.58,0.1,0.22,0.0
2013-10-04 13:30:00,INDEX:ADRN,0.89,3.12,0.89,2.42,0.0
2013-10-07 13:30:00,INDEX:ADRN,0.09,0.48,0.09,0.28,0.0
2013-10-08 13:30:00,INDEX:ADRN,0.91,1.25,0.15,0.15,0.0
2013-10-09 13:30:00,INDEX:ADRN,1.51,1.64,0.43,0.97,0.0
2013-10-10 13:30:00,INDEX:ADRN,13.87,15.53,9.7,11.67,0.0
2013-10-11 13:30:00,INDEX:ADRN,0.57,4.04,0.57,4.04,0.0
2013-10-14 13:30:00,INDEX:ADRN,0.13,1.97,0.13,1.92,0.0
2013-10-15 13:30:00,INDEX:ADRN,0.35,0.66,0.25,0.27,0.0
2013-10-16 13:30:00,INDEX:ADRN,5.94,7.12,3.49,4.78,0.0
2013-10-17 13:30:00,INDEX:ADRN,0.46,4.51,0.46,4.5,0.0
2013-10-18 13:30:00,INDEX:ADRN,3.81,3.81,1.26,2.82,0.0
2013-10-21 13:30:00,INDEX:ADRN,0.63,0.93,0.62,0.82,0.0
2013-10-22 13:30:00,INDEX:ADRN,4.13,6.85,1.84,2.37,0.0
2013-10-23 13:30:00,INDEX:ADRN,0.26,0.57,0.26,0.54,0.0
2013-10-24 13:30:00,INDEX:ADRN,1.86,1.91,1.01,1.71,0.0
2013-10-25 13:30:00,INDEX:ADRN,1.56,1.56,0.74,1.28,0.0
2013-10-28 13:30:00,INDEX:ADRN,0.79,0.96,0.47,0.76,0.0
2013-10-29 13:30:00,INDEX:ADRN,1.94,1.94,0.84,1.55,0.0
2013-10-30 13:30:00,INDEX:ADRN,1.51,1.51,0.21,0.3,0.0
2013-10-31 13:30:00,INDEX:ADRN,0.78,1.32,0.44,0.56,0.0
2013-11-01 13:30:00,INDEX:ADRN,0.95,1.33,0.4,0.91,0.0
2013-11-04 14:30:00,INDEX:ADRN,3.16,3.16,1.25,2.62,0.0
2013-11-05 14:30:00,INDEX:ADRN,0.23,0.57,0.17,0.44,0.0
2013-11-06 14:30:00,INDEX:ADRN,3.77,3.77,0.97,1.15,0.0
2013-11-07 14:30:00,INDEX:ADRN,1.6,1.67,0.13,0.13,0.0
2013-11-08 14:30:00,INDEX:ADRN,0.97,2.62,0.97,2.62,0.0
2013-11-11 14:30:00,INDEX:ADRN,0.66,1.26,0.66,1.11,0.0
2013-11-12 14:30:00,INDEX:ADRN,0.36,0.73,0.36,0.67,0.0
2013-11-13 14:30:00,INDEX:ADRN,0.26,3.48,0.26,3.48,0.0
2013-11-14 14:30:00,INDEX:ADRN,1.48,2.02,0.83,1.89,0.0
2013-11-15 14:30:00,INDEX:ADRN,1.34,1.97,0.85,1.97,0.0
2013-11-18 14:30:00,INDEX:ADRN,2.16,2.16,0.41,0.47,0.0
2013-11-19 14:30:00,INDEX:ADRN,0.7,1.13,0.27,0.37,0.0
2013-11-20 14:30:00,INDEX:ADRN,2.28,2.85,0.4,0.57,0.0
2013-11-21 14:30:00,INDEX:ADRN,2.97,4.52,2.35,4.3,0.0
2013-11-22 14:30:00,INDEX:ADRN,1.05,1.76,0.64,1.72,0.0
2013-11-25 14:30:00,INDEX:ADRN,1.53,1.53,0.67,0.74,0.0
2013-11-26 14:30:00,INDEX:ADRN,0.92,1.56,0.8,1.17,0.0
2013-11-27 14:30:00,INDEX:ADRN,1.33,1.78,1.17,1.76,0.0
2013-11-29 14:30:00,INDEX:ADRN,1.71,2.3,1.04,1.05,0.0
2013-12-02 14:30:00,INDEX:ADRN,0.65,0.87,0.37,0.41,0.0
2013-12-03 14:30:00,INDEX:ADRN,0.36,0.9,0.34,0.56,0.0
2013-12-04 14:30:00,INDEX:ADRN,0.26,1.5,0.26,0.76,0.0
2013-12-05 14:30:00,INDEX:ADRN,0.49,0.89,0.38,0.69,0.0
2013-12-06 14:30:00,INDEX:ADRN,10.39,10.39,2.84,3.01,0.0
2013-12-09 14:30:00,INDEX:ADRN,1.65,1.65,0.76,1.05,0.0
2013-12-10 14:30:00,INDEX:ADRN,0.73,1.13,0.48,0.48,0.0
2013-12-11 14:30:00,INDEX:ADRN,0.82,0.82,0.12,0.14,0.0
2013-12-12 14:30:00,INDEX:ADRN,0.83,1.22,0.51,0.8,0.0
2013-12-13 14:30:00,INDEX:ADRN,2.82,2.82,0.81,1.29,0.0
2013-12-16 14:30:00,INDEX:ADRN,4.38,5.64,2.29,2.62,0.0
2013-12-17 14:30:00,INDEX:ADRN,0.66,0.9,0.36,0.73,0.0
2013-12-18 14:30:00,INDEX:ADRN,1.22,4.93,0.59,4.93,0.0
2013-12-19 14:30:00,INDEX:ADRN,0.42,0.65,0.33,0.55,0.0
2013-12-20 14:30:00,INDEX:ADRN,2.29,4.25,2.24,3.58,0.0
2013-12-23 14:30:00,INDEX:ADRN,4.05,4.05,2.18,2.47,0.0
2013-12-24 14:30:00,INDEX:ADRN,1.4,3.16,1.4,3.0,0.0
2013-12-26 14:30:00,INDEX:ADRN,2.95,3.52,1.24,1.39,0.0
2013-12-27 14:30:00,INDEX:ADRN,1.73,1.73,0.78,1.18,0.0
2013-12-30 14:30:00,INDEX:ADRN,1.09,1.23,0.87,1.04,0.0
2013-12-31 14:30:00,INDEX:ADRN,2.01,2.72,1.44,2.04,0.0
2014-01-02 14:30:00,INDEX:ADRN,0.29,0.36,0.17,0.25,0.0
2014-01-03 14:30:00,INDEX:ADRN,1.81,2.56,0.99,1.5,0.0
2014-01-06 14:30:00,INDEX:ADRN,2.21,2.21,0.46,0.48,0.0
2014-01-07 14:30:00,INDEX:ADRN,2.5,3.61,1.69,2.13,0.0
2014-01-08 14:30:00,INDEX:ADRN,0.58,0.82,0.32,0.67,0.0
2014-01-09 14:30:00,INDEX:ADRN,2.04,2.04,0.41,0.92,0.0
2014-01-10 14:30:00,INDEX:ADRN,1.66,2.05,1.01,2.05,0.0
2014-01-13 14:30:00,INDEX:ADRN,0.68,0.73,0.17,0.21,0.0
2014-01-14 14:30:00,INDEX:ADRN,3.59,4.03,2.04,3.61,0.0
2014-01-15 14:30:00,INDEX:ADRN,1.59,2.32,1.59,1.92,0.0
2014-01-16 14:30:00,INDEX:ADRN,0.89,1.08,0.57,1.08,0.0
2014-01-17 14:30:00,INDEX:ADRN,0.91,0.91,0.44,0.53,0.0
2014-01-21 14:30:00,INDEX:ADRN,5.05,5.05,0.92,1.75,0.0
2014-01-22 14:30:00,INDEX:ADRN,1.73,1.73,0.88,1.56,0.0
2014-01-23 14:30:00,INDEX:ADRN,0.24,0.34,0.21,0.34,0.0
2014-01-24 14:30:00,INDEX:ADRN,0.12,0.12,0.06,0.07,0.0
2014-01-27 14:30:00,INDEX:ADRN,0.99,1.68,0.14,0.3,0.0
2014-01-28 14:30:00,INDEX:ADRN,2.33,4.13,1.94,3.43,0.0
2014-01-29 14:30:00,INDEX:ADRN,0.14,0.45,0.14,0.22,0.0
2014-01-30 14:30:00,INDEX:ADRN,6.38,6.38,3.06,3.69,0.0
2014-01-31 14:30:00,INDEX:ADRN,0.09,0.88,0.09,0.48,0.0
2014-02-03 14:30:00,INDEX:ADRN,0.62,0.62,0.05,0.06,0.0
2014-02-04 14:30:00,INDEX:ADRN,2.9,3.36,1.01,2.43,0.0
2014-02-05 14:30:00,INDEX:ADRN,0.33,0.7,0.16,0.54,0.0
2014-02-06 14:30:00,INDEX:ADRN,3.39,5.75,3.08,4.24,0.0
2014-02-07 14:30:00,INDEX:ADRN,4.88,6.31,1.44,3.64,0.0
2014-02-10 14:30:00,INDEX:ADRN,0.54,1.08,0.48,1.08,0.0
2014-02-11 14:30:00,INDEX:ADRN,1.47,4.85,1.47,4.05,0.0
2014-02-12 14:30:00,INDEX:ADRN,1.86,2.78,0.94,1.29,0.0
2014-02-13 14:30:00,INDEX:ADRN,0.19,3.72,0.19,3.27,0.0
2014-02-14 14:30:00,INDEX:ADRN,0.98,1.93,0.54,1.83,0.0
2014-02-18 14:30:00,INDEX:ADRN,1.73,2.2,1.06,1.91,0.0
2014-02-19 14:30:00,INDEX:ADRN,0.48,1.53,0.31,0.34,0.0
2014-02-20 14:30:00,INDEX:ADRN,2.21,2.76,1.16,2.61,0.0
2014-02-21 14:30:00,INDEX:ADRN,1.6,1.92,1.01,1.04,0.0
2014-02-24 14:30:00,INDEX:ADRN,2.79,4.89,1.9,1.9,0.0
2014-02-25 14:30:00,INDEX:ADRN,0.99,1.38,0.49,0.7,0.0
2014-02-26 14:30:00,INDEX:ADRN,1.74,2.38,0.86,1.4,0.0
2014-02-27 14:30:00,INDEX:ADRN,0.69,1.72,0.69,1.72,0.0
2014-02-28 14:30:00,INDEX:ADRN,1.46,2.6,0.95,1.41,0.0
2014-03-03 14:30:00,INDEX:ADRN,0.25,0.54,0.17,0.41,0.0
2014-03-04 14:30:00,INDEX:ADRN,15.13,15.13,6.87,7.4,0.0
2014-03-05 14:30:00,INDEX:ADRN,0.53,0.92,0.53,0.83,0.0
2014-03-06 14:30:00,INDEX:ADRN,2.27,2.27,1.37,1.46,0.0
2014-03-07 14:30:00,INDEX:ADRN,1.61,1.61,0.56,0.86,0.0
2014-03-10 13:30:00,INDEX:ADRN,0.45,0.64,0.23,0.61,0.0
2014-03-11 13:30:00,INDEX:ADRN,1.27,1.54,0.24,0.34,0.0
2014-03-12 13:30:00,INDEX:ADRN,0.2,1.0,0.2,1.0,0.0
2014-03-13 13:30:00,INDEX:ADRN,2.53,2.53,0.18,0.24,0.0
2014-03-14 13:30:00,INDEX:ADRN,0.81,3.26,0.81,1.37,0.0
2014-03-17 13:30:00,INDEX:ADRN,5.85,8.15,2.32,2.86,0.0
2014-03-18 13:30:00,INDEX:ADRN,1.32,4.57,1.32,3.88,0.0
2014-03-19 13:30:00,INDEX:ADRN,0.85,0.96,0.21,0.29,0.0
2014-03-20 13:30:00,INDEX:ADRN,0.49,1.35,0.3,1.25,0.0
2014-03-21 13:30:00,INDEX:ADRN,5.16,5.16,1.12,1.15,0.0
2014-03-24 13:30:00,INDEX:ADRN,3.13,3.13,0.2,0.38,0.0
2014-03-25 13:30:00,INDEX:ADRN,9.5,9.5,0.93,1.39,0.0
2014-03-26 13:30:00,INDEX:ADRN,5.09,5.09,0.25,0.25,0.0
2014-03-27 13:30:00,INDEX:ADRN,0.88,1.79,0.63,1.03,0.0
2014-03-28 13:30:00,INDEX:ADRN,2.46,8.9,2.24,2.7,0.0
2014-03-31 13:30:00,INDEX:ADRN,4.02,5.22,3.02,4.39,0.0
2014-04-01 13:30:00,INDEX:ADRN,2.13,2.75,1.38,2.75,0.0
2014-04-02 13:30:00,INDEX:ADRN,0.9,1.86,0.9,1.75,0.0
2014-04-03 13:30:00,INDEX:ADRN,1.0,1.0,0.38,0.55,0.0
2014-04-04 13:30:00,INDEX:ADRN,2.59,4.19,0.28,0.31,0.0
2014-04-07 13:30:00,INDEX:ADRN,0.46,0.54,0.2,0.22,0.0
2014-04-08 13:30:00,INDEX:ADRN,1.25,3.82,0.79,2.61,0.0
2014-04-09 13:30:00,INDEX:ADRN,2.35,3.39,0.87,3.12,0.0
2014-04-10 13:30:00,INDEX:ADRN,0.55,1.14,0.07,0.1,0.0
2014-04-11 13:30:00,INDEX:ADRN,0.19,0.64,0.19,0.23,0.0
2014-04-14 13:30:00,INDEX:ADRN,5.77,5.96,0.79,2.38,0.0
2014-04-15 13:30:00,INDEX:ADRN,1.29,3.28,0.26,1.49,0.0
2014-04-16 13:30:00,INDEX:ADRN,5.94,5.94,1.97,4.36,0.0
2014-04-17 13:30:00,INDEX:ADRN,0.7,2.03,0.63,1.63,0.0
2014-04-21 13:30:00,INDEX:ADRN,0.98,1.57,0.6,1.4,0.0
2014-04-22 13:30:00,INDEX:ADRN,1.51,3.35,1.13,2.68,0.0
2014-04-23 13:30:00,INDEX:ADRN,0.8,1.17,0.5,0.63,0.0
2014-04-24 13:30:00,INDEX:ADRN,0.77,1.47,0.65,0.89,0.0
2014-04-25 13:30:00,INDEX:ADRN,0.31,0.34,0.18,0.25,0.0
2014-04-28 13:30:00,INDEX:ADRN,2.39,2.72,0.28,0.8,0.0
2014-04-29 13:30:00,INDEX:ADRN,4.0,4.0,1.37,1.47,0.0
2014-04-30 13:30:00,INDEX:ADRN,0.47,1.85,0.35,1.8,0.0
2014-05-01 13:30:00,INDEX:ADRN,0.52,1.49,0.41,1.07,0.0
2014-05-02 13:30:00,INDEX:ADRN,1.28,3.59,1.18,1.5,0.0
2014-05-05 13:30:00,INDEX:ADRN,0.13,0.89,0.13,0.78,0.0
2014-05-06 13:30:00,INDEX:ADRN,0.42,0.79,0.27,0.28,0.0
2014-05-07 13:30:00,INDEX:ADRN,1.15,1.64,0.41,1.64,0.0
2014-05-08 13:30:00,INDEX:ADRN,0.7,2.85,0.44,0.54,0.0
2014-05-09 13:30:00,INDEX:ADRN,0.73,1.37,0.38,1.37,0.0
2014-05-12 13:30:00,INDEX:ADRN,5.98,9.34,5.53,5.64,0.0
2014-05-13 13:30:00,INDEX:ADRN,1.19,1.43,0.56,0.56,0.0
2014-05-14 13:30:00,INDEX:ADRN,0.51,0.67,0.37,0.38,0.0
2014-05-15 13:30:00,INDEX:ADRN,0.18,0.28,0.09,0.28,0.0
2014-05-16 13:30:00,INDEX:ADRN,0.62,2.06,0.49,2.05,0.0
2014-05-19 13:30:00,INDEX:ADRN,0.5,2.5,0.5,1.94,0.0
2014-05-20 13:30:00,INDEX:ADRN,0.43,0.43,0.16,0.22,0.0
2014-05-21 13:30:00,INDEX:ADRN,4.09,4.25,1.05,2.16,0.0
2014-05-22 13:30:00,INDEX:ADRN,1.17,3.71,1.17,2.11,0.0
2014-05-23 13:30:00,INDEX:ADRN,1.8,3.08,1.54,2.82,0.0
2014-05-27 13:30:00,INDEX:ADRN,5.06,5.06,2.02,2.54,0.0
2014-05-28 13:30:00,INDEX:ADRN,0.69,1.0,0.42,0.73,0.0
2014-05-29 13:30:00,INDEX:ADRN,2.48,2.61,0.72,1.84,0.0
2014-05-30 13:30:00,INDEX:ADRN,0.89,1.19,0.59,0.93,0.0
2014-06-02 13:30:00,INDEX:ADRN,1.44,1.44,0.38,0.95,0.0
2014-06-03 13:30:00,INDEX:ADRN,0.32,0.97,0.32,0.79,0.0
2014-06-04 13:30:00,INDEX:ADRN,0.45,1.65,0.33,1.6,0.0
2014-06-05 13:30:00,INDEX:ADRN,2.3,5.96,0.63,4.65,0.0
2014-06-06 13:30:00,INDEX:ADRN,2.5,4.29,2.5,2.88,0.0
2014-06-09 13:30:00,INDEX:ADRN,1.17,2.74,1.11,1.61,0.0
2014-06-10 13:30:00,INDEX:ADRN,0.55,0.65,0.33,0.65,0.0
2014-06-11 13:30:00,INDEX:ADRN,0.27,0.45,0.21,0.4,0.0
2014-06-12 13:30:00,INDEX:ADRN,0.56,0.61,0.34,0.48,0.0
2014-06-13 13:30:00,INDEX:ADRN,1.23,1.73,0.45,1.44,0.0
2014-06-16 13:30:00,INDEX:ADRN,0.64,1.24,0.53,1.02,0.0
2014-06-17 13:30:00,INDEX:ADRN,0.48,2.32,0.48,1.98,0.0
2014-06-18 13:30:00,INDEX:ADRN,0.79,2.83,0.59,2.77,0.0
2014-06-19 13:30:00,INDEX:ADRN,1.82,2.32,0.82,1.25,0.0
2014-06-20 13:30:00,INDEX:ADRN,1.99,1.99,0.95,1.34,0.0
2014-06-23 13:30:00,INDEX:ADRN,1.23,1.29,0.64,0.77,0.0
2014-06-24 13:30:00,INDEX:ADRN,0.62,2.49,0.34,0.34,0.0
2014-06-25 13:30:00,INDEX:ADRN,0.67,2.44,0.67,2.44,0.0
2014-06-26 13:30:00,INDEX:ADRN,0.62,0.79,0.2,0.79,0.0
2014-06-27 13:30:00,INDEX:ADRN,0.5,2.27,0.5,2.0,0.0
2014-06-30 13:30:00,INDEX:ADRN,0.52,1.54,0.43,1.54,0.0
2014-07-01 13:30:00,INDEX:ADRN,3.56,3.97,2.28,2.28,0.0
2014-07-02 13:30:00,INDEX:ADRN,0.79,1.04,0.57,0.62,0.0
2014-07-03 13:30:00,INDEX:ADRN,2.23,2.27,1.42,2.26,0.0
2014-07-07 13:30:00,INDEX:ADRN,0.29,0.3,0.19,0.22,0.0
2014-07-08 13:30:00,INDEX:ADRN,0.33,0.47,0.2,0.39,0.0
2014-07-09 13:30:00,INDEX:ADRN,2.72,2.72,0.9,1.43,0.0
2014-07-10 13:30:00,INDEX:ADRN,0.06,0.48,0.06,0.34,0.0
2014-07-11 13:30:00,INDEX:ADRN,0.74,0.9,0.36,0.78,0.0
2014-07-14 13:30:00,INDEX:ADRN,4.86,4.86,2.18,2.33,0.0
2014-07-15 13:30:00,INDEX:ADRN,1.33,1.98,0.22,0.48,0.0
2014-07-16 13:30:00,INDEX:ADRN,4.45,4.45,0.73,1.32,0.0
2014-07-17 13:30:00,INDEX:ADRN,0.24,0.75,0.14,0.15,0.0
2014-07-18 13:30:00,INDEX:ADRN,2.44,7.61,2.31,6.64,0.0
2014-07-21 13:30:00,INDEX:ADRN,0.21,0.57,0.17,0.48,0.0
2014-07-22 13:30:00,INDEX:ADRN,5.31,5.31,2.38,2.58,0.0
2014-07-23 13:30:00,INDEX:ADRN,0.89,1.61,0.62,1.01,0.0
2014-07-24 13:30:00,INDEX:ADRN,1.92,1.92,0.77,0.88,0.0
2014-07-25 13:30:00,INDEX:ADRN,0.21,0.43,0.21,0.35,0.0
2014-07-28 13:30:00,INDEX:ADRN,0.82,0.84,0.31,0.71,0.0
2014-07-29 13:30:00,INDEX:ADRN,1.18,1.88,0.5,0.5,0.0
2014-07-30 13:30:00,INDEX:ADRN,3.59,3.59,0.58,0.82,0.0
2014-07-31 13:30:00,INDEX:ADRN,0.08,0.17,0.07,0.09,0.0
2014-08-01 13:30:00,INDEX:ADRN,0.75,1.45,0.29,0.63,0.0
2014-08-04 13:30:00,INDEX:ADRN,1.71,2.72,0.49,2.61,0.0
2014-08-05 13:30:00,INDEX:ADRN,0.21,0.94,0.21,0.38,0.0
2014-08-06 13:30:00,INDEX:ADRN,0.26,2.26,0.26,1.34,0.0
2014-08-07 13:30:00,INDEX:ADRN,2.81,2.81,0.33,0.5,0.0
2014-08-08 13:30:00,INDEX:ADRN,1.58,3.78,0.92,3.78,0.0
2014-08-11 13:30:00,INDEX:ADRN,3.87,7.43,2.63,2.79,0.0
2014-08-12 13:30:00,INDEX:ADRN,0.49,1.11,0.33,0.52,0.0
2014-08-13 13:30:00,INDEX:ADRN,3.82,3.82,2.0,2.55,0.0
2014-08-14 13:30:00,INDEX:ADRN,2.39,2.39,1.43,1.8,0.0
2014-08-15 13:30:00,INDEX:ADRN,5.59,5.59,0.3,0.83,0.0
2014-08-18 13:30:00,INDEX:ADRN,7.97,7.97,3.9,4.68,0.0
2014-08-19 13:30:00,INDEX:ADRN,2.37,2.7,1.75,1.79,0.0
2014-08-20 13:30:00,INDEX:ADRN,0.32,1.17,0.32,0.97,0.0
2014-08-21 13:30:00,INDEX:ADRN,1.37,1.72,0.5,1.52,0.0
2014-08-22 13:30:00,INDEX:ADRN,0.48,0.84,0.29,0.57,0.0
2014-08-25 13:30:00,INDEX:ADRN,4.33,4.33,1.24,1.62,0.0
2014-08-26 13:30:00,INDEX:ADRN,2.14,2.78,1.77,1.78,0.0
2014-08-27 13:30:00,INDEX:ADRN,1.63,1.63,0.76,0.98,0.0
2014-08-28 13:30:00,INDEX:ADRN,0.19,0.68,0.19,0.53,0.0
2014-08-29 13:30:00,INDEX:ADRN,1.72,2.96,0.75,2.96,0.0
2014-09-02 13:30:00,INDEX:ADRN,1.51,1.6,0.67,1.14,0.0
2014-09-03 13:30:00,INDEX:ADRN,4.38,4.38,0.65,0.73,0.0
2014-09-04 13:30:00,INDEX:ADRN,1.45,2.62,0.43,0.58,0.0
2014-09-05 13:30:00,INDEX:ADRN,0.64,1.88,0.5,1.88,0.0
2014-09-08 13:30:00,INDEX:ADRN,0.65,1.07,0.37,0.62,0.0
2014-09-09 13:30:00,INDEX:ADRN,0.37,0.43,0.19,0.24,0.0
2014-09-10 13:30:00,INDEX:ADRN,0.9,1.15,0.41,1.15,0.0
2014-09-11 13:30:00,INDEX:ADRN,0.34,1.59,0.34,1.5,0.0
2014-09-12 13:30:00,INDEX:ADRN,0.55,0.55,0.19,0.26,0.0
2014-09-15 13:30:00,INDEX:ADRN,0.65,0.65,0.26,0.42,0.0
2014-09-16 13:30:00,INDEX:ADRN,1.42,3.03,0.78,2.3,0.0
2014-09-17 13:30:00,INDEX:ADRN,1.53,2.5,0.8,0.84,0.0
2014-09-18 13:30:00,INDEX:ADRN,2.68,2.68,1.12,1.37,0.0
2014-09-19 13:30:00,INDEX:ADRN,2.56,2.56,0.29,0.44,0.0
2014-09-22 13:30:00,INDEX:ADRN,0.21,0.24,0.1,0.13,0.0
2014-09-23 13:30:00,INDEX:ADRN,0.35,1.03,0.26,0.26,0.0
2014-09-24 13:30:00,INDEX:ADRN,1.28,2.31,0.54,1.84,0.0
2014-09-25 13:30:00,INDEX:ADRN,0.23,0.23,0.06,0.1,0.0
2014-09-26 13:30:00,INDEX:ADRN,1.42,3.66,1.33,3.58,0.0
2014-09-29 13:30:00,INDEX:ADRN,0.06,0.58,0.06,0.56,0.0
2014-09-30 13:30:00,INDEX:ADRN,0.26,0.86,0.26,0.29,0.0
2014-10-01 13:30:00,INDEX:ADRN,0.43,0.72,0.15,0.21,0.0
2014-10-02 13:30:00,INDEX:ADRN,1.16,2.18,0.25,1.51,0.0
2014-10-03 13:30:00,INDEX:ADRN,3.64,3.79,2.05,2.24,0.0
2014-10-06 13:30:00,INDEX:ADRN,3.93,3.93,0.5,0.68,0.0
2014-10-07 13:30:00,INDEX:ADRN,0.11,0.57,0.11,0.13,0.0
2014-10-08 13:30:00,INDEX:ADRN,0.8,4.58,0.34,4.58,0.0
2014-10-09 13:30:00,INDEX:ADRN,0.52,0.52,0.07,0.07,0.0
2014-10-10 13:30:00,INDEX:ADRN,1.58,1.58,0.25,0.25,0.0
2014-10-13 13:30:00,INDEX:ADRN,2.52,2.52,0.48,0.48,0.0
2014-10-14 13:30:00,INDEX:ADRN,2.89,6.99,1.55,2.04,0.0
2014-10-15 13:30:00,INDEX:ADRN,0.06,1.31,0.06,1.02,0.0
2014-10-16 13:30:00,INDEX:ADRN,0.06,3.4,0.06,2.11,0.0
2014-10-17 13:30:00,INDEX:ADRN,8.8,8.8,1.28,1.63,0.0
2014-10-20 13:30:00,INDEX:ADRN,0.97,3.44,0.97,3.44,0.0
2014-10-21 13:30:00,INDEX:ADRN,3.92,6.48,3.92,6.48,0.0
2014-10-22 13:30:00,INDEX:ADRN,1.43,2.09,0.26,0.26,0.0
2014-10-23 13:30:00,INDEX:ADRN,7.66,8.0,4.23,4.59,0.0
2014-10-24 13:30:00,INDEX:ADRN,1.07,1.6,0.7,1.54,0.0
2014-10-27 13:30:00,INDEX:ADRN,0.29,0.71,0.17,0.71,0.0
2014-10-28 13:30:00,INDEX:ADRN,4.28,8.84,3.61,8.84,0.0
2014-10-29 13:30:00,INDEX:ADRN,0.99,1.79,0.34,0.6,0.0
2014-10-30 13:30:00,INDEX:ADRN,0.45,2.48,0.41,1.89,0.0
2014-10-31 13:30:00,INDEX:ADRN,4.67,4.67,2.52,4.32,0.0
2014-11-03 14:30:00,INDEX:ADRN,1.33,1.55,0.68,0.81,0.0
2014-11-04 14:30:00,INDEX:ADRN,0.55,0.79,0.28,0.53,0.0
2014-11-05 14:30:00,INDEX:ADRN,1.43,1.92,1.1,1.53,0.0
2014-11-06 14:30:00,INDEX:ADRN,0.75,1.41,0.68,1.41,0.0
2014-11-07 14:30:00,INDEX:ADRN,0.84,1.56,0.68,1.45,0.0
2014-11-10 14:30:00,INDEX:ADRN,1.59,1.83,1.02,1.4,0.0
2014-11-11 14:30:00,INDEX:ADRN,0.85,1.04,0.55,0.92,0.0
2014-11-12 14:30:00,INDEX:ADRN,0.36,1.16,0.36,1.08,0.0
2014-11-13 14:30:00,INDEX:ADRN,1.32,1.32,0.37,0.44,0.0
2014-11-14 14:30:00,INDEX:ADRN,1.05,1.56,0.78,1.02,0.0
2014-11-17 14:30:00,INDEX:ADRN,0.68,0.97,0.54,0.74,0.0
2014-11-18 14:30:00,INDEX:ADRN,2.33,3.9,1.77,1.77,0.0
2014-11-19 14:30:00,INDEX:ADRN,0.3,0.67,0.22,0.47,0.0
2014-11-20 14:30:00,INDEX:ADRN,0.45,2.54,0.45,2.44,0.0
2014-11-21 14:30:00,INDEX:ADRN,10.33,11.44,1.65,2.08,0.0
2014-11-24 14:30:00,INDEX:ADRN,2.58,2.58,1.33,1.78,0.0
2014-11-25 14:30:00,INDEX:ADRN,1.83,1.83,0.61,0.94,0.0
2014-11-26 14:30:00,INDEX:ADRN,0.95,1.27,0.75,1.22,0.0
2014-11-28 14:30:00,INDEX:ADRN,0.79,1.03,0.5,0.5,0.0
2014-12-01 14:30:00,INDEX:ADRN,0.25,0.39,0.2,0.24,0.0
2014-12-02 14:30:00,INDEX:ADRN,1.42,3.75,1.42,2.14,0.0
2014-12-03 14:30:00,INDEX:ADRN,1.01,3.72,1.01,2.65,0.0
2014-12-04 14:30:00,INDEX:ADRN,0.51,0.77,0.28,0.58,0.0
2014-12-05 14:30:00,INDEX:ADRN,1.52,1.73,1.0,1.22,0.0
2014-12-08 14:30:00,INDEX:ADRN,0.46,1.07,0.22,0.31,0.0
2014-12-09 14:30:00,INDEX:ADRN,0.15,2.19,0.15,2.19,0.0
2014-12-10 14:30:00,INDEX:ADRN,0.26,0.33,0.1,0.1,0.0
2014-12-11 14:30:00,INDEX:ADRN,5.11,6.95,1.2,1.39,0.0
2014-12-12 14:30:00,INDEX:ADRN,0.14,0.43,0.14,0.18,0.0
2014-12-15 14:30:00,INDEX:ADRN,3.75,3.75,0.24,0.31,0.0
2014-12-16 14:30:00,INDEX:ADRN,0.33,5.15,0.33,0.83,0.0
2014-12-17 14:30:00,INDEX:ADRN,2.18,15.44,2.09,15.16,0.0
2014-12-18 14:30:00,INDEX:ADRN,13.93,13.93,2.38,5.32,0.0
2014-12-19 14:30:00,INDEX:ADRN,1.3,2.31,0.94,1.58,0.0
2014-12-22 14:30:00,INDEX:ADRN,1.56,1.63,0.94,1.63,0.0
2014-12-23 14:30:00,INDEX:ADRN,2.45,3.06,1.87,2.12,0.0
2014-12-24 14:30:00,INDEX:ADRN,1.33,1.5,0.81,0.97,0.0
2014-12-26 14:30:00,INDEX:ADRN,4.6,4.6,2.03,2.04,0.0
2014-12-29 14:30:00,INDEX:ADRN,1.01,2.24,1.01,1.31,0.0
2014-12-30 14:30:00,INDEX:ADRN,0.53,0.82,0.49,0.52,0.0
2014-12-31 14:30:00,INDEX:ADRN,1.59,1.88,0.32,0.33,0.0
2015-01-02 14:30:00,INDEX:ADRN,3.79,3.79,0.4,0.91,0.0
2015-01-05 14:30:00,INDEX:ADRN,0.16,0.34,0.16,0.2,0.0
2015-01-06 14:30:00,INDEX:ADRN,1.4,1.4,0.16,0.26,0.0
2015-01-07 14:30:00,INDEX:ADRN,4.42,4.67,1.53,2.7,0.0
2015-01-08 14:30:00,INDEX:ADRN,6.27,6.51,4.45,5.05,0.0
2015-01-09 14:30:00,INDEX:ADRN,0.76,0.76,0.21,0.39,0.0
2015-01-12 14:30:00,INDEX:ADRN,0.77,0.77,0.21,0.48,0.0
2015-01-13 14:30:00,INDEX:ADRN,7.71,7.71,0.28,0.88,0.0
2015-01-14 14:30:00,INDEX:ADRN,0.11,0.64,0.11,0.64,0.0
2015-01-15 14:30:00,INDEX:ADRN,2.57,2.57,0.3,0.36,0.0
2015-01-16 14:30:00,INDEX:ADRN,1.18,6.21,1.11,6.21,0.0
2015-01-20 14:30:00,INDEX:ADRN,1.81,1.81,0.25,0.55,0.0
2015-01-21 14:30:00,INDEX:ADRN,0.47,2.73,0.47,1.65,0.0
2015-01-22 14:30:00,INDEX:ADRN,5.0,5.0,1.38,4.47,0.0
2015-01-23 14:30:00,INDEX:ADRN,0.78,0.94,0.56,0.56,0.0
2015-01-26 14:30:00,INDEX:ADRN,0.6,2.88,0.46,2.88,0.0
2015-01-27 14:30:00,INDEX:ADRN,0.16,0.77,0.16,0.54,0.0
2015-01-28 14:30:00,INDEX:ADRN,1.77,1.77,0.12,0.13,0.0
2015-01-29 14:30:00,INDEX:ADRN,1.44,2.27,0.39,2.27,0.0
2015-01-30 14:30:00,INDEX:ADRN,0.16,0.57,0.16,0.3,0.0
2015-02-02 14:30:00,INDEX:ADRN,1.71,2.98,0.55,2.98,0.0
2015-02-03 14:30:00,INDEX:ADRN,4.26,7.31,3.45,7.22,0.0
2015-02-04 14:30:00,INDEX:ADRN,0.35,0.99,0.35,0.53,0.0
2015-02-05 14:30:00,INDEX:ADRN,2.98,5.15,2.98,4.75,0.0
2015-02-06 14:30:00,INDEX:ADRN,1.0,1.28,0.6,0.69,0.0
2015-02-09 14:30:00,INDEX:ADRN,0.7,1.36,0.52,0.54,0.0
2015-02-10 14:30:00,INDEX:ADRN,2.35,2.35,0.52,1.45,0.0
2015-02-11 14:30:00,INDEX:ADRN,0.68,0.81,0.37,0.71,0.0
2015-02-12 14:30:00,INDEX:ADRN,4.68,5.57,3.19,4.6,0.0
2015-02-13 14:30:00,INDEX:ADRN,1.38,2.16,1.22,1.82,0.0
2015-02-17 14:30:00,INDEX:ADRN,0.72,1.47,0.6,1.07,0.0
2015-02-18 14:30:00,INDEX:ADRN,0.6,1.28,0.6,1.28,0.0
2015-02-19 14:30:00,INDEX:ADRN,0.36,1.01,0.36,0.78,0.0
2015-02-20 14:30:00,INDEX:ADRN,0.96,1.73,0.29,1.72,0.0
2015-02-23 14:30:00,INDEX:ADRN,0.53,0.72,0.33,0.72,0.0
2015-02-24 14:30:00,INDEX:ADRN,1.03,1.67,0.91,1.25,0.0
2015-02-25 14:30:00,INDEX:ADRN,1.09,1.32,0.77,1.05,0.0
2015-02-26 14:30:00,INDEX:ADRN,0.75,0.9,0.47,0.74,0.0
2015-02-27 14:30:00,INDEX:ADRN,1.2,1.32,0.67,0.76,0.0
2015-03-02 14:30:00,INDEX:ADRN,1.02,1.87,1.02,1.61,0.0
2015-03-03 14:30:00,INDEX:ADRN,0.43,0.57,0.31,0.53,0.0
2015-03-04 14:30:00,INDEX:ADRN,0.26,0.47,0.15,0.42,0.0
2015-03-05 14:30:00,INDEX:ADRN,0.9,1.55,0.75,1.13,0.0
2015-03-06 14:30:00,INDEX:ADRN,0.25,0.48,0.18,0.2,0.0
2015-03-09 13:30:00,INDEX:ADRN,1.94,1.94,1.05,1.2,0.0
2015-03-10 13:30:00,INDEX:ADRN,0.1,0.25,0.1,0.18,0.0
2015-03-11 13:30:00,INDEX:ADRN,1.23,1.68,0.67,1.43,0.0
2015-03-12 13:30:00,INDEX:ADRN,7.55,7.55,3.25,3.87,0.0
2015-03-13 13:30:00,INDEX:ADRN,0.3,0.41,0.14,0.38,0.0
2015-03-16 13:30:00,INDEX:ADRN,2.49,2.49,1.58,2.19,0.0
2015-03-17 13:30:00,INDEX:ADRN,0.28,1.21,0.28,1.04,0.0
2015-03-18 13:30:00,INDEX:ADRN,0.33,5.64,0.31,4.52,0.0
2015-03-19 13:30:00,INDEX:ADRN,0.3,0.68,0.3,0.51,0.0
2015-03-20 13:30:00,INDEX:ADRN,7.04,7.04,3.82,3.96,0.0
2015-03-23 13:30:00,INDEX:ADRN,1.44,2.18,1.24,1.24,0.0
2015-03-24 13:30:00,INDEX:ADRN,0.69,1.06,0.54,0.67,0.0
2015-03-25 13:30:00,INDEX:ADRN,1.61,1.61,0.23,0.23,0.0
2015-03-26 13:30:00,INDEX:ADRN,0.69,1.07,0.43,0.63,0.0
2015-03-27 13:30:00,INDEX:ADRN,0.92,1.31,0.63,1.29,0.0
2015-03-30 13:30:00,INDEX:ADRN,4.75,4.91,3.09,3.63,0.0
2015-03-31 13:30:00,INDEX:ADRN,0.21,0.79,0.21,0.58,0.0
2015-04-01 13:30:00,INDEX:ADRN,0.79,1.26,0.45,1.04,0.0
2015-04-02 13:30:00,INDEX:ADRN,1.61,5.63,1.61,2.23,0.0
2015-04-06 13:30:00,INDEX:ADRN,0.78,4.06,0.78,3.12,0.0
2015-04-07 13:30:00,INDEX:ADRN,1.04,1.26,0.56,0.56,0.0
2015-04-08 13:30:00,INDEX:ADRN,2.47,2.75,0.9,1.47,0.0
2015-04-09 13:30:00,INDEX:ADRN,1.45,1.45,0.38,0.88,0.0
2015-04-10 13:30:00,INDEX:ADRN,2.33,2.33,1.4,1.55,0.0
2015-04-13 13:30:00,INDEX:ADRN,1.06,1.44,0.57,0.57,0.0
2015-04-14 13:30:00,INDEX:ADRN,2.13,2.13,0.72,1.54,0.0
2015-04-15 13:30:00,INDEX:ADRN,3.36,3.36,1.95,1.96,0.0
2015-04-16 13:30:00,INDEX:ADRN,0.47,1.08,0.42,0.72,0.0
2015-04-17 13:30:00,INDEX:ADRN,0.11,0.16,0.09,0.16,0.0
2015-04-20 13:30:00,INDEX:ADRN,4.05,4.14,2.52,2.74,0.0
2015-04-21 13:30:00,INDEX:ADRN,2.17,2.17,0.75,0.79,0.0
2015-04-22 13:30:00,INDEX:ADRN,1.16,1.59,0.48,1.55,0.0
2015-04-23 13:30:00,INDEX:ADRN,0.84,2.63,0.84,2.04,0.0
2015-04-24 13:30:00,INDEX:ADRN,1.06,1.14,0.82,1.0,0.0
2015-04-27 13:30:00,INDEX:ADRN,2.27,3.11,0.49,0.54,0.0
2015-04-28 13:30:00,INDEX:ADRN,1.01,1.83,0.47,1.83,0.0
2015-04-29 13:30:00,INDEX:ADRN,0.25,0.61,0.25,0.45,0.0
2015-04-30 13:30:00,INDEX:ADRN,0.43,0.43,0.17,0.24,0.0
2015-05-01 13:30:00,INDEX:ADRN,3.1,3.1,1.18,2.15,0.0
2015-05-04 13:30:00,INDEX:ADRN,2.67,4.31,1.43,1.55,0.0
2015-05-05 13:30:00,INDEX:ADRN,1.09,1.17,0.18,0.23,0.0
2015-05-06 13:30:00,INDEX:ADRN,3.17,3.17,0.35,0.73,0.0
2015-05-07 13:30:00,INDEX:ADRN,0.66,1.64,0.55,1.27,0.0
2015-05-08 13:30:00,INDEX:ADRN,7.72,7.72,3.13,3.58,0.0
2015-05-11 13:30:00,INDEX:ADRN,1.14,1.65,0.68,0.7,0.0
2015-05-12 13:30:00,INDEX:ADRN,0.24,0.81,0.19,0.67,0.0
2015-05-13 13:30:00,INDEX:ADRN,3.28,3.28,0.72,0.98,0.0
2015-05-14 13:30:00,INDEX:ADRN,3.79,4.89,2.34,2.96,0.0
2015-05-15 13:30:00,INDEX:ADRN,1.11,1.19,0.44,1.19,0.0
2015-05-18 13:30:00,INDEX:ADRN,0.55,1.81,0.55,1.67,0.0
2015-05-19 13:30:00,INDEX:ADRN,0.75,0.81,0.47,0.66,0.0
2015-05-20 13:30:00,INDEX:ADRN,1.05,1.58,0.67,1.02,0.0
2015-05-21 13:30:00,INDEX:ADRN,0.92,1.48,0.8,1.04,0.0
2015-05-22 13:30:00,INDEX:ADRN,0.45,0.86,0.39,0.46,0.0
2015-05-26 13:30:00,INDEX:ADRN,0.25,0.25,0.12,0.14,0.0
2015-05-27 13:30:00,INDEX:ADRN,1.03,3.04,1.03,3.04,0.0
2015-05-28 13:30:00,INDEX:ADRN,0.5,0.71,0.22,0.71,0.0
2015-05-29 13:30:00,INDEX:ADRN,0.58,0.58,0.19,0.37,0.0
2015-06-01 13:30:00,INDEX:ADRN,2.15,2.15,0.47,1.1,0.0
2015-06-02 13:30:00,INDEX:ADRN,0.62,2.47,0.6,1.58,0.0
2015-06-03 13:30:00,INDEX:ADRN,0.96,2.12,0.95,1.42,0.0
2015-06-04 13:30:00,INDEX:ADRN,0.2,0.39,0.13,0.18,0.0
2015-06-05 13:30:00,INDEX:ADRN,0.29,1.3,0.22,1.25,0.0
2015-06-08 13:30:00,INDEX:ADRN,0.58,0.72,0.35,0.35,0.0
2015-06-09 13:30:00,INDEX:ADRN,1.51,1.51,0.49,0.71,0.0
2015-06-10 13:30:00,INDEX:ADRN,6.36,10.32,4.88,4.88,0.0
2015-06-11 13:30:00,INDEX:ADRN,2.05,2.05,1.03,1.35,0.0
2015-06-12 13:30:00,INDEX:ADRN,0.28,0.52,0.22,0.44,0.0
2015-06-15 13:30:00,INDEX:ADRN,0.09,0.53,0.09,0.4,0.0
2015-06-16 13:30:00,INDEX:ADRN,0.5,1.96,0.5,1.84,0.0
2015-06-17 13:30:00,INDEX:ADRN,2.95,2.95,0.47,1.18,0.0
2015-06-18 13:30:00,INDEX:ADRN,3.24,4.54,2.67,3.0,0.0
2015-06-19 13:30:00,INDEX:ADRN,0.64,1.02,0.56,0.57,0.0
2015-06-22 13:30:00,INDEX:ADRN,3.48,3.48,1.78,1.78,0.0
2015-06-23 13:30:00,INDEX:ADRN,1.29,1.46,0.97,1.4,0.0
2015-06-24 13:30:00,INDEX:ADRN,0.69,0.85,0.26,0.26,0.0
2015-06-25 13:30:00,INDEX:ADRN,1.66,1.66,0.45,0.58,0.0
2015-06-26 13:30:00,INDEX:ADRN,0.92,1.56,0.61,0.99,0.0
2015-06-29 13:30:00,INDEX:ADRN,0.19,0.27,0.04,0.04,0.0
2015-06-30 13:30:00,INDEX:ADRN,6.08,6.08,0.83,1.29,0.0
2015-07-01 13:30:00,INDEX:ADRN,3.46,3.46,1.02,1.46,0.0
2015-07-02 13:30:00,INDEX:ADRN,1.77,1.77,0.54,0.72,0.0
2015-07-06 13:30:00,INDEX:ADRN,0.13,0.78,0.13,0.53,0.0
2015-07-07 13:30:00,INDEX:ADRN,0.63,1.45,0.17,1.41,0.0
2015-07-08 13:30:00,INDEX:ADRN,0.14,0.26,0.07,0.12,0.0
2015-07-09 13:30:00,INDEX:ADRN,17.06,17.06,1.42,1.43,0.0
2015-07-10 13:30:00,INDEX:ADRN,9.17,10.98,4.13,4.92,0.0
2015-07-13 13:30:00,INDEX:ADRN,4.89,4.89,2.61,3.44,0.0
2015-07-14 13:30:00,INDEX:ADRN,0.84,2.26,0.84,1.87,0.0
2015-07-15 13:30:00,INDEX:ADRN,0.65,0.65,0.31,0.41,0.0
2015-07-16 13:30:00,INDEX:ADRN,3.75,4.16,1.77,1.97,0.0
2015-07-17 13:30:00,INDEX:ADRN,0.63,0.63,0.26,0.38,0.0
2015-07-20 13:30:00,INDEX:ADRN,0.76,0.76,0.33,0.45,0.0
2015-07-21 13:30:00,INDEX:ADRN,2.24,2.24,0.55,0.59,0.0
2015-07-22 13:30:00,INDEX:ADRN,0.54,1.17,0.54,0.9,0.0
2015-07-23 13:30:00,INDEX:ADRN,1.47,1.47,0.3,0.34,0.0
2015-07-24 13:30:00,INDEX:ADRN,0.49,0.61,0.22,0.25,0.0
2015-07-27 13:30:00,INDEX:ADRN,0.24,0.49,0.24,0.32,0.0
2015-07-28 13:30:00,INDEX:ADRN,1.96,3.55,0.75,3.31,0.0
2015-07-29 13:30:00,INDEX:ADRN,1.13,3.47,1.13,3.16,0.0
2015-07-30 13:30:00,INDEX:ADRN,0.45,0.93,0.38,0.93,0.0
2015-07-31 13:30:00,INDEX:ADRN,2.26,2.67,1.31,1.31,0.0
2015-08-03 13:30:00,INDEX:ADRN,0.85,0.85,0.3,0.51,0.0
2015-08-04 13:30:00,INDEX:ADRN,1.47,2.0,0.64,0.77,0.0
2015-08-05 13:30:00,INDEX:ADRN,5.1,5.1,1.08,1.1,0.0
2015-08-06 13:30:00,INDEX:ADRN,0.93,0.93,0.37,0.63,0.0
2015-08-07 13:30:00,INDEX:ADRN,0.38,0.73,0.38,0.62,0.0
2015-08-10 13:30:00,INDEX:ADRN,5.7,6.02,3.74,4.25,0.0
2015-08-11 13:30:00,INDEX:ADRN,0.21,0.42,0.21,0.42,0.0
2015-08-12 13:30:00,INDEX:ADRN,0.18,0.89,0.18,0.88,0.0
2015-08-13 13:30:00,INDEX:ADRN,0.86,1.18,0.31,0.65,0.0
2015-08-14 13:30:00,INDEX:ADRN,0.86,2.4,0.86,2.4,0.0
2015-08-17 13:30:00,INDEX:ADRN,0.22,2.05,0.22,2.02,0.0
2015-08-18 13:30:00,INDEX:ADRN,0.47,0.55,0.35,0.47,0.0
2015-08-19 13:30:00,INDEX:ADRN,0.12,0.56,0.1,0.24,0.0
2015-08-20 13:30:00,INDEX:ADRN,0.11,0.31,0.11,0.11,0.0
2015-08-21 13:30:00,INDEX:ADRN,0.13,0.33,0.09,0.12,0.0
2015-08-24 13:30:00,INDEX:ADRN,0.01,0.25,0.01,0.04,0.0
2015-08-25 13:30:00,INDEX:ADRN,52.14,52.14,0.5,0.5,0.0
2015-08-26 13:30:00,INDEX:ADRN,17.94,17.94,1.21,7.18,0.0
2015-08-27 13:30:00,INDEX:ADRN,12.84,16.76,2.96,10.67,0.0
2015-08-28 13:30:00,INDEX:ADRN,0.57,2.22,0.57,1.82,0.0
2015-08-31 13:30:00,INDEX:ADRN,0.22,1.09,0.18,0.69,0.0
2015-09-01 13:30:00,INDEX:ADRN,0.03,0.09,0.03,0.04,0.0
2015-09-02 13:30:00,INDEX:ADRN,9.95,9.95,0.86,3.52,0.0
2015-09-03 13:30:00,INDEX:ADRN,2.33,8.47,1.54,1.85,0.0
2015-09-04 13:30:00,INDEX:ADRN,0.05,0.24,0.05,0.19,0.0
2015-09-08 13:30:00,INDEX:ADRN,16.55,16.55,5.58,5.84,0.0
2015-09-09 13:30:00,INDEX:ADRN,7.31,7.31,0.23,0.23,0.0
2015-09-10 13:30:00,INDEX:ADRN,1.12,2.88,0.65,1.23,0.0
2015-09-11 13:30:00,INDEX:ADRN,0.19,1.24,0.19,1.24,0.0
2015-09-14 13:30:00,INDEX:ADRN,0.65,0.65,0.31,0.47,0.0
2015-09-15 13:30:00,INDEX:ADRN,1.6,4.39,1.47,4.03,0.0
2015-09-16 13:30:00,INDEX:ADRN,2.4,4.93,1.72,4.46,0.0
2015-09-17 13:30:00,INDEX:ADRN,0.78,4.98,0.78,1.14,0.0
2015-09-18 13:30:00,INDEX:ADRN,0.07,0.41,0.07,0.24,0.0
2015-09-21 13:30:00,INDEX:ADRN,4.27,4.98,1.42,1.6,0.0
2015-09-22 13:30:00,INDEX:ADRN,0.04,0.18,0.04,0.11,0.0
2015-09-23 13:30:00,INDEX:ADRN,1.59,1.6,0.38,0.54,0.0
2015-09-24 13:30:00,INDEX:ADRN,0.22,0.71,0.13,0.7,0.0
2015-09-25 13:30:00,INDEX:ADRN,4.66,4.66,0.54,0.74,0.0
2015-09-28 13:30:00,INDEX:ADRN,0.16,0.19,0.05,0.06,0.0
2015-09-29 13:30:00,INDEX:ADRN,1.21,2.6,0.56,0.92,0.0
2015-09-30 13:30:00,INDEX:ADRN,10.63,10.63,1.83,4.82,0.0
2015-10-01 13:30:00,INDEX:ADRN,2.37,2.37,0.3,0.93,0.0
2015-10-02 13:30:00,INDEX:ADRN,0.15,4.61,0.15,4.61,0.0
2015-10-05 13:30:00,INDEX:ADRN,12.53,14.77,9.35,13.21,0.0
2015-10-06 13:30:00,INDEX:ADRN,0.68,1.82,0.68,0.91,0.0
2015-10-07 13:30:00,INDEX:ADRN,6.79,7.6,1.66,4.57,0.0
2015-10-08 13:30:00,INDEX:ADRN,0.49,4.67,0.49,3.92,0.0
2015-10-09 13:30:00,INDEX:ADRN,2.02,2.02,0.8,1.07,0.0
2015-10-12 13:30:00,INDEX:ADRN,0.92,1.09,0.63,0.92,0.0
2015-10-13 13:30:00,INDEX:ADRN,0.16,1.49,0.16,0.22,0.0
2015-10-14 13:30:00,INDEX:ADRN,1.18,2.37,0.48,0.54,0.0
2015-10-15 13:30:00,INDEX:ADRN,2.34,5.81,0.83,5.81,0.0
2015-10-16 13:30:00,INDEX:ADRN,2.08,2.08,0.52,1.13,0.0
2015-10-19 13:30:00,INDEX:ADRN,0.33,0.97,0.33,0.84,0.0
2015-10-20 13:30:00,INDEX:ADRN,0.75,2.85,0.75,1.48,0.0
2015-10-21 13:30:00,INDEX:ADRN,1.91,1.91,0.22,0.22,0.0
2015-10-22 13:30:00,INDEX:ADRN,4.42,4.42,2.08,2.83,0.0
2015-10-23 13:30:00,INDEX:ADRN,2.04,2.4,0.88,1.48,0.0
2015-10-26 13:30:00,INDEX:ADRN,0.87,0.87,0.37,0.5,0.0
2015-10-27 13:30:00,INDEX:ADRN,0.23,0.33,0.16,0.25,0.0
2015-10-28 13:30:00,INDEX:ADRN,2.13,6.58,1.75,4.77,0.0
2015-10-29 13:30:00,INDEX:ADRN,0.38,0.92,0.38,0.54,0.0
2015-10-30 13:30:00,INDEX:ADRN,1.49,1.49,0.59,0.98,0.0
2015-11-02 14:30:00,INDEX:ADRN,1.37,5.37,1.37,4.74,0.0
2015-11-03 14:30:00,INDEX:ADRN,0.59,1.8,0.59,1.33,0.0
2015-11-04 14:30:00,INDEX:ADRN,2.21,2.21,0.41,0.56,0.0
2015-11-05 14:30:00,INDEX:ADRN,0.89,1.37,0.38,0.91,0.0
2015-11-06 14:30:00,INDEX:ADRN,0.34,0.93,0.29,0.93,0.0
2015-11-09 14:30:00,INDEX:ADRN,0.37,0.43,0.14,0.23,0.0
2015-11-10 14:30:00,INDEX:ADRN,0.67,1.25,0.56,1.18,0.0
2015-11-11 14:30:00,INDEX:ADRN,1.96,1.96,0.53,0.62,0.0
2015-11-12 14:30:00,INDEX:ADRN,0.15,0.32,0.13,0.13,0.0
2015-11-13 14:30:00,INDEX:ADRN,0.53,1.2,0.25,0.48,0.0
2015-11-16 14:30:00,INDEX:ADRN,1.04,4.0,0.87,4.0,0.0
2015-11-17 14:30:00,INDEX:ADRN,1.07,1.99,0.46,0.51,0.0
2015-11-18 14:30:00,INDEX:ADRN,2.99,5.51,1.89,5.29,0.0
2015-11-19 14:30:00,INDEX:ADRN,0.94,1.33,0.8,1.04,0.0
2015-11-20 14:30:00,INDEX:ADRN,3.71,4.7,1.36,1.48,0.0
2015-11-23 14:30:00,INDEX:ADRN,0.92,2.18,0.78,1.0,0.0
2015-11-24 14:30:00,INDEX:ADRN,0.34,1.97,0.34,1.72,0.0
2015-11-25 14:30:00,INDEX:ADRN,1.06,1.79,0.65,1.39,0.0
2015-11-27 14:30:00,INDEX:ADRN,0.89,1.46,0.56,1.34,0.0
2015-11-30 14:30:00,INDEX:ADRN,1.8,1.8,0.7,0.73,0.0
2015-12-01 14:30:00,INDEX:ADRN,3.54,3.65,1.23,2.17,0.0
2015-12-02 14:30:00,INDEX:ADRN,0.43,0.64,0.18,0.22,0.0
2015-12-03 14:30:00,INDEX:ADRN,1.63,1.63,0.16,0.2,0.0
2015-12-04 14:30:00,INDEX:ADRN,1.26,2.22,1.26,2.05,0.0
2015-12-07 14:30:00,INDEX:ADRN,0.3,0.3,0.14,0.23,0.0
2015-12-08 14:30:00,INDEX:ADRN,0.09,0.54,0.09,0.39,0.0
2015-12-09 14:30:00,INDEX:ADRN,0.68,4.84,0.42,0.57,0.0
2015-12-10 14:30:00,INDEX:ADRN,0.7,2.43,0.7,1.02,0.0
2015-12-11 14:30:00,INDEX:ADRN,0.06,0.19,0.06,0.1,0.0
2015-12-14 14:30:00,INDEX:ADRN,1.24,1.24,0.2,0.54,0.0
2015-12-15 14:30:00,INDEX:ADRN,8.2,8.75,2.67,3.45,0.0
2015-12-16 14:30:00,INDEX:ADRN,4.08,4.97,1.54,4.14,0.0
2015-12-17 14:30:00,INDEX:ADRN,1.44,1.44,0.21,0.24,0.0
2015-12-18 14:30:00,INDEX:ADRN,0.29,0.69,0.29,0.37,0.0
2015-12-21 14:30:00,INDEX:ADRN,4.9,4.9,1.03,1.88,0.0
2015-12-22 14:30:00,INDEX:ADRN,2.35,4.76,1.11,4.01,0.0
2015-12-23 14:30:00,INDEX:ADRN,8.46,8.64,5.41,7.22,0.0
2015-12-24 14:30:00,INDEX:ADRN,1.01,1.92,0.57,0.93,0.0
2015-12-28 14:30:00,INDEX:ADRN,0.2,0.49,0.13,0.49,0.0
2015-12-29 14:30:00,INDEX:ADRN,7.69,7.69,1.32,3.19,0.0
2015-12-30 14:30:00,INDEX:ADRN,0.31,0.62,0.19,0.19,0.0
2015-12-31 14:30:00,INDEX:ADRN,0.23,1.05,0.23,0.4,0.0
2016-01-04 14:30:00,INDEX:ADRN,0.1,0.29,0.09,0.29,0.0
2016-01-05 14:30:00,INDEX:ADRN,2.11,2.11,0.56,1.07,0.0
2016-01-06 14:30:00,INDEX:ADRN,0.06,0.32,0.06,0.24,0.0
2016-01-07 14:30:00,INDEX:ADRN,0.03,0.19,0.03,0.09,0.0
2016-01-08 14:30:00,INDEX:ADRN,5.45,5.45,0.29,0.29,0.0
2016-01-11 14:30:00,INDEX:ADRN,4.04,4.04,0.33,0.71,0.0
2016-01-12 14:30:00,INDEX:ADRN,5.91,5.91,0.28,0.97,0.0
2016-01-13 14:30:00,INDEX:ADRN,3.01,3.89,0.08,0.09,0.0
2016-01-14 14:30:00,INDEX:ADRN,1.71,4.45,0.31,2.74,0.0
2016-01-15 14:30:00,INDEX:ADRN,0.03,0.15,0.02,0.15,0.0
2016-01-19 14:30:00,INDEX:ADRN,5.42,5.42,0.31,0.48,0.0
2016-01-20 14:30:00,INDEX:ADRN,0.03,0.92,0.02,0.56,0.0
2016-01-21 14:30:00,INDEX:ADRN,0.98,4.78,0.52,1.57,0.0
2016-01-22 14:30:00,INDEX:ADRN,32.72,32.88,6.88,10.22,0.0
2016-01-25 14:30:00,INDEX:ADRN,0.3,0.48,0.14,0.14,0.0
2016-01-26 14:30:00,INDEX:ADRN,5.64,8.66,1.97,7.02,0.0
2016-01-27 14:30:00,INDEX:ADRN,0.3,1.83,0.3,0.44,0.0
2016-01-28 14:30:00,INDEX:ADRN,7.02,7.02,1.25,1.51,0.0
2016-01-29 14:30:00,INDEX:ADRN,6.8,12.13,4.33,11.51,0.0
2016-02-01 14:30:00,INDEX:ADRN,0.16,1.08,0.16,0.73,0.0
2016-02-02 14:30:00,INDEX:ADRN,0.1,0.15,0.05,0.14,0.0
2016-02-03 14:30:00,INDEX:ADRN,5.04,5.04,0.3,1.87,0.0
2016-02-04 14:30:00,INDEX:ADRN,1.34,3.82,1.26,1.87,0.0
2016-02-05 14:30:00,INDEX:ADRN,0.28,0.62,0.25,0.25,0.0
2016-02-08 14:30:00,INDEX:ADRN,0.09,0.3,0.08,0.28,0.0
2016-02-09 14:30:00,INDEX:ADRN,0.13,0.81,0.13,0.49,0.0
2016-02-10 14:30:00,INDEX:ADRN,2.81,4.91,0.99,0.99,0.0
2016-02-11 14:30:00,INDEX:ADRN,0.08,0.33,0.08,0.26,0.0
2016-02-12 14:30:00,INDEX:ADRN,6.62,6.62,3.04,5.53,0.0
2016-02-16 14:30:00,INDEX:ADRN,8.61,8.61,2.57,6.27,0.0
2016-02-17 14:30:00,INDEX:ADRN,7.77,9.32,4.69,5.15,0.0
2016-02-18 14:30:00,INDEX:ADRN,0.77,0.99,0.62,0.81,0.0
2016-02-19 14:30:00,INDEX:ADRN,0.26,0.82,0.26,0.78,0.0
2016-02-22 14:30:00,INDEX:ADRN,9.42,12.54,5.32,5.56,0.0
2016-02-23 14:30:00,INDEX:ADRN,0.42,0.74,0.29,0.33,0.0
2016-02-24 14:30:00,INDEX:ADRN,0.11,1.79,0.11,1.78,0.0
2016-02-25 14:30:00,INDEX:ADRN,2.56,2.71,0.85,2.71,0.0
2016-02-26 14:30:00,INDEX:ADRN,2.94,2.95,1.33,1.55,0.0
2016-02-29 14:30:00,INDEX:ADRN,1.35,3.28,0.97,0.97,0.0
2016-03-01 14:30:00,INDEX:ADRN,7.74,7.74,2.64,4.69,0.0
2016-03-02 14:30:00,INDEX:ADRN,0.56,2.85,0.56,2.84,0.0
2016-03-03 14:30:00,INDEX:ADRN,0.95,3.64,0.95,3.51,0.0
2016-03-04 14:30:00,INDEX:ADRN,1.62,3.41,0.9,1.84,0.0
2016-03-07 14:30:00,INDEX:ADRN,0.55,2.56,0.55,2.17,0.0
2016-03-08 14:30:00,INDEX:ADRN,0.2,0.31,0.15,0.17,0.0
2016-03-09 14:30:00,INDEX:ADRN,4.84,4.84,1.32,2.23,0.0
2016-03-10 14:30:00,INDEX:ADRN,2.29,2.29,0.19,0.57,0.0
2016-03-11 14:30:00,INDEX:ADRN,12.77,12.77,5.15,6.5,0.0
2016-03-14 13:30:00,INDEX:ADRN,0.43,0.77,0.29,0.61,0.0
2016-03-15 13:30:00,INDEX:ADRN,0.12,0.35,0.12,0.33,0.0
2016-03-16 13:30:00,INDEX:ADRN,0.45,4.53,0.45,4.16,0.0
2016-03-17 13:30:00,INDEX:ADRN,1.27,5.41,1.04,4.41,0.0
2016-03-18 13:30:00,INDEX:ADRN,2.75,3.17,1.26,1.51,0.0
2016-03-21 13:30:00,INDEX:ADRN,0.69,1.11,0.45,0.78,0.0
2016-03-22 13:30:00,INDEX:ADRN,0.19,1.04,0.18,0.69,0.0
2016-03-23 13:30:00,INDEX:ADRN,0.31,0.31,0.17,0.17,0.0
2016-03-24 13:30:00,INDEX:ADRN,0.09,1.25,0.09,1.25,0.0
2016-03-28 13:30:00,INDEX:ADRN,2.81,2.81,0.59,1.25,0.0
2016-03-29 13:30:00,INDEX:ADRN,0.36,5.45,0.36,5.08,0.0
2016-03-30 13:30:00,INDEX:ADRN,5.46,5.46,1.15,1.43,0.0
2016-03-31 13:30:00,INDEX:ADRN,1.12,1.54,0.94,1.05,0.0
2016-04-01 13:30:00,INDEX:ADRN,0.1,1.1,0.1,1.08,0.0
2016-04-04 13:30:00,INDEX:ADRN,0.7,0.91,0.3,0.32,0.0
2016-04-05 13:30:00,INDEX:ADRN,0.13,0.42,0.13,0.25,0.0
2016-04-06 13:30:00,INDEX:ADRN,1.55,3.04,0.63,3.04,0.0
2016-04-07 13:30:00,INDEX:ADRN,0.23,0.5,0.16,0.23,0.0
2016-04-08 13:30:00,INDEX:ADRN,10.62,10.62,2.27,3.1,0.0
2016-04-11 13:30:00,INDEX:ADRN,4.91,7.22,1.13,1.13,0.0
2016-04-12 13:30:00,INDEX:ADRN,2.01,5.95,1.37,4.87,0.0
2016-04-13 13:30:00,INDEX:ADRN,4.3,4.3,2.26,3.79,0.0
2016-04-14 13:30:00,INDEX:ADRN,1.05,1.05,0.39,0.7,0.0
2016-04-15 13:30:00,INDEX:ADRN,0.67,1.46,0.65,1.26,0.0
2016-04-18 13:30:00,INDEX:ADRN,0.24,2.94,0.24,2.77,0.0
2016-04-19 13:30:00,INDEX:ADRN,3.43,5.39,1.55,2.32,0.0
2016-04-20 13:30:00,INDEX:ADRN,0.86,1.82,0.56,1.11,0.0
2016-04-21 13:30:00,INDEX:ADRN,1.44,1.44,0.41,0.47,0.0
2016-04-22 13:30:00,INDEX:ADRN,1.83,4.1,1.81,2.8,0.0
2016-04-25 13:30:00,INDEX:ADRN,0.43,0.49,0.3,0.49,0.0
2016-04-26 13:30:00,INDEX:ADRN,2.43,3.85,1.58,3.85,0.0
2016-04-27 13:30:00,INDEX:ADRN,1.22,2.29,0.84,1.97,0.0
2016-04-28 13:30:00,INDEX:ADRN,0.26,1.19,0.26,0.4,0.0
2016-04-29 13:30:00,INDEX:ADRN,0.81,0.81,0.25,0.56,0.0
2016-05-02 13:30:00,INDEX:ADRN,1.77,1.77,0.82,1.68,0.0
2016-05-03 13:30:00,INDEX:ADRN,0.15,0.22,0.08,0.18,0.0
2016-05-04 13:30:00,INDEX:ADRN,0.35,1.14,0.35,0.56,0.0
2016-05-05 13:30:00,INDEX:ADRN,2.39,2.5,0.67,0.77,0.0
2016-05-06 13:30:00,INDEX:ADRN,0.39,1.91,0.39,1.8,0.0
2016-05-09 13:30:00,INDEX:ADRN,0.7,1.16,0.57,0.85,0.0
2016-05-10 13:30:00,INDEX:ADRN,3.48,4.04,2.5,4.03,0.0
2016-05-11 13:30:00,INDEX:ADRN,0.5,0.83,0.34,0.4,0.0
2016-05-12 13:30:00,INDEX:ADRN,3.55,3.55,0.4,0.79,0.0
2016-05-13 13:30:00,INDEX:ADRN,0.4,1.01,0.23,0.3,0.0
2016-05-16 13:30:00,INDEX:ADRN,2.71,5.6,2.71,3.87,0.0
2016-05-17 13:30:00,INDEX:ADRN,0.6,1.37,0.33,0.4,0.0
2016-05-18 13:30:00,INDEX:ADRN,0.36,1.61,0.36,0.59,0.0
2016-05-19 13:30:00,INDEX:ADRN,0.22,0.51,0.13,0.45,0.0
2016-05-20 13:30:00,INDEX:ADRN,5.04,5.18,3.16,5.01,0.0
2016-05-23 13:30:00,INDEX:ADRN,0.85,1.15,0.55,0.64,0.0
2016-05-24 13:30:00,INDEX:ADRN,5.83,6.04,3.35,4.62,0.0
2016-05-25 13:30:00,INDEX:ADRN,3.33,3.33,1.86,2.19,0.0
2016-05-26 13:30:00,INDEX:ADRN,2.0,2.0,0.68,0.84,0.0
2016-05-27 13:30:00,INDEX:ADRN,1.16,2.35,1.16,2.32,0.0
2016-05-31 13:30:00,INDEX:ADRN,1.74,1.96,0.68,1.14,0.0
2016-06-01 13:30:00,INDEX:ADRN,0.26,1.9,0.26,1.9,0.0
2016-06-02 13:30:00,INDEX:ADRN,0.38,1.94,0.38,1.94,0.0
2016-06-03 13:30:00,INDEX:ADRN,0.92,0.93,0.42,0.75,0.0
2016-06-06 13:30:00,INDEX:ADRN,2.04,3.59,1.76,2.92,0.0
2016-06-07 13:30:00,INDEX:ADRN,1.81,2.96,1.35,1.78,0.0
2016-06-08 13:30:00,INDEX:ADRN,1.96,2.63,1.42,2.3,0.0
2016-06-09 13:30:00,INDEX:ADRN,0.18,0.52,0.18,0.48,0.0
2016-06-10 13:30:00,INDEX:ADRN,0.11,0.22,0.07,0.14,0.0
2016-06-13 13:30:00,INDEX:ADRN,0.38,0.93,0.18,0.18,0.0
2016-06-14 13:30:00,INDEX:ADRN,0.47,1.29,0.23,0.55,0.0
2016-06-15 13:30:00,INDEX:ADRN,1.86,3.45,1.23,1.28,0.0
2016-06-16 13:30:00,INDEX:ADRN,0.17,1.04,0.12,0.98,0.0
2016-06-17 13:30:00,INDEX:ADRN,1.53,1.97,0.9,1.36,0.0
2016-06-20 13:30:00,INDEX:ADRN,13.33,13.33,4.19,4.19,0.0
2016-06-21 13:30:00,INDEX:ADRN,1.09,1.37,0.56,1.03,0.0
2016-06-22 13:30:00,INDEX:ADRN,1.97,2.44,0.59,0.59,0.0
2016-06-23 13:30:00,INDEX:ADRN,13.87,15.07,6.81,9.49,0.0
2016-06-24 13:30:00,INDEX:ADRN,0.03,0.13,0.02,0.1,0.0
2016-06-27 13:30:00,INDEX:ADRN,0.12,0.14,0.05,0.13,0.0
2016-06-28 13:30:00,INDEX:ADRN,6.33,11.38,3.77,5.87,0.0
2016-06-29 13:30:00,INDEX:ADRN,19.42,19.42,7.78,9.23,0.0
2016-06-30 13:30:00,INDEX:ADRN,1.44,4.44,0.65,4.4,0.0
2016-07-01 13:30:00,INDEX:ADRN,1.98,3.91,1.23,1.72,0.0
2016-07-05 13:30:00,INDEX:ADRN,0.26,0.29,0.18,0.26,0.0
2016-07-06 13:30:00,INDEX:ADRN,0.29,1.85,0.23,1.85,0.0
2016-07-07 13:30:00,INDEX:ADRN,2.25,3.49,0.54,0.97,0.0
2016-07-08 13:30:00,INDEX:ADRN,9.25,19.39,7.2,13.91,0.0
2016-07-11 13:30:00,INDEX:ADRN,3.74,4.16,2.43,2.81,0.0
2016-07-12 13:30:00,INDEX:ADRN,5.1,5.29,2.98,3.61,0.0
2016-07-13 13:30:00,INDEX:ADRN,2.28,2.28,0.54,0.9,0.0
2016-07-14 13:30:00,INDEX:ADRN,4.05,4.05,1.39,1.39,0.0
2016-07-15 13:30:00,INDEX:ADRN,2.07,2.07,0.65,1.1,0.0
2016-07-18 13:30:00,INDEX:ADRN,0.72,1.73,0.57,1.48,0.0
2016-07-19 13:30:00,INDEX:ADRN,0.39,0.62,0.31,0.51,0.0
2016-07-20 13:30:00,INDEX:ADRN,1.03,2.73,0.63,2.09,0.0
2016-07-21 13:30:00,INDEX:ADRN,0.87,1.53,0.45,0.58,0.0
2016-07-22 13:30:00,INDEX:ADRN,1.24,2.35,0.87,2.26,0.0
2016-07-25 13:30:00,INDEX:ADRN,0.53,0.75,0.34,0.52,0.0
2016-07-26 13:30:00,INDEX:ADRN,1.13,2.82,0.95,1.64,0.0
2016-07-27 13:30:00,INDEX:ADRN,1.68,1.68,0.39,0.63,0.0
2016-07-28 13:30:00,INDEX:ADRN,0.68,1.09,0.47,0.91,0.0
2016-07-29 13:30:00,INDEX:ADRN,0.92,2.1,0.55,1.49,0.0
2016-08-01 13:30:00,INDEX:ADRN,0.74,1.14,0.34,0.62,0.0
2016-08-02 13:30:00,INDEX:ADRN,1.03,1.03,0.15,0.26,0.0
2016-08-03 13:30:00,INDEX:ADRN,0.5,2.07,0.5,2.06,0.0
2016-08-04 13:30:00,INDEX:ADRN,1.43,2.35,0.94,1.14,0.0
2016-08-05 13:30:00,INDEX:ADRN,2.46,3.57,2.46,3.05,0.0
2016-08-08 13:30:00,INDEX:ADRN,0.7,0.7,0.7,0.7,0.0
2016-08-09 13:30:00,INDEX:ADRN,1.36,1.57,0.82,1.04,0.0
2016-08-10 13:30:00,INDEX:ADRN,1.63,1.63,0.48,0.7,0.0
2016-08-11 13:30:00,INDEX:ADRN,2.79,2.79,1.47,1.98,0.0
2016-08-12 13:30:00,INDEX:ADRN,0.87,1.18,0.54,0.72,0.0
2016-08-15 13:30:00,INDEX:ADRN,2.94,4.84,2.55,2.55,0.0
2016-08-16 13:30:00,INDEX:ADRN,0.41,0.55,0.3,0.33,0.0
2016-08-17 13:30:00,INDEX:ADRN,0.55,0.87,0.24,0.86,0.0
2016-08-18 13:30:00,INDEX:ADRN,1.9,2.95,1.57,2.7,0.0
2016-08-19 13:30:00,INDEX:ADRN,0.21,0.73,0.21,0.69,0.0
2016-08-22 13:30:00,INDEX:ADRN,0.34,0.88,0.23,0.88,0.0
2016-08-23 13:30:00,INDEX:ADRN,4.75,5.65,2.22,2.23,0.0
2016-08-24 13:30:00,INDEX:ADRN,0.56,0.66,0.27,0.33,0.0
2016-08-25 13:30:00,INDEX:ADRN,0.51,2.35,0.51,1.48,0.0
2016-08-26 13:30:00,INDEX:ADRN,2.34,7.46,0.25,0.52,0.0
2016-08-29 13:30:00,INDEX:ADRN,1.43,4.61,1.43,2.84,0.0
2016-08-30 13:30:00,INDEX:ADRN,1.57,1.58,0.61,0.92,0.0
2016-08-31 13:30:00,INDEX:ADRN,0.41,0.67,0.18,0.51,0.0
2016-09-01 13:30:00,INDEX:ADRN,1.02,1.03,0.23,0.83,0.0
2016-09-02 13:30:00,INDEX:ADRN,6.6,8.78,3.68,6.46,0.0
2016-09-06 13:30:00,INDEX:ADRN,1.87,1.87,0.64,1.32,0.0
2016-09-07 13:30:00,INDEX:ADRN,0.85,1.77,0.85,1.77,0.0
2016-09-08 13:30:00,INDEX:ADRN,0.65,0.95,0.54,0.71,0.0
2016-09-09 13:30:00,INDEX:ADRN,0.09,0.11,0.03,0.03,0.0
2016-09-12 13:30:00,INDEX:ADRN,0.22,4.5,0.22,4.14,0.0
2016-09-13 13:30:00,INDEX:ADRN,0.06,0.11,0.03,0.06,0.0
2016-09-14 13:30:00,INDEX:ADRN,1.59,2.83,0.59,0.72,0.0
2016-09-15 13:30:00,INDEX:ADRN,1.43,6.18,1.25,4.45,0.0
2016-09-16 13:30:00,INDEX:ADRN,0.23,0.57,0.17,0.57,0.0
2016-09-19 13:30:00,INDEX:ADRN,6.25,9.17,1.56,2.21,0.0
2016-09-20 13:30:00,INDEX:ADRN,2.95,2.95,0.57,0.58,0.0
2016-09-21 13:30:00,INDEX:ADRN,6.09,8.91,1.48,8.38,0.0
2016-09-22 13:30:00,INDEX:ADRN,14.72,14.72,3.95,5.15,0.0
2016-09-23 13:30:00,INDEX:ADRN,0.41,0.64,0.34,0.36,0.0
2016-09-26 13:30:00,INDEX:ADRN,0.53,0.62,0.31,0.31,0.0
2016-09-27 13:30:00,INDEX:ADRN,0.45,1.65,0.45,1.27,0.0
2016-09-28 13:30:00,INDEX:ADRN,2.64,3.13,0.56,3.13,0.0
2016-09-29 13:30:00,INDEX:ADRN,0.5,0.98,0.22,0.26,0.0
2016-09-30 13:30:00,INDEX:ADRN,6.39,6.39,1.55,2.81,0.0
2016-10-03 13:30:00,INDEX:ADRN,0.48,0.6,0.31,0.57,0.0
2016-10-04 13:30:00,INDEX:ADRN,1.48,1.48,0.28,0.41,0.0
2016-10-05 13:30:00,INDEX:ADRN,5.01,5.01,1.98,1.98,0.0
2016-10-06 13:30:00,INDEX:ADRN,0.52,1.07,0.29,0.84,0.0
2016-10-07 13:30:00,INDEX:ADRN,1.42,1.42,0.2,0.36,0.0
2016-10-10 13:30:00,INDEX:ADRN,8.2,13.43,3.73,3.76,0.0
2016-10-11 13:30:00,INDEX:ADRN,0.24,0.26,0.07,0.11,0.0
2016-10-12 13:30:00,INDEX:ADRN,0.97,2.19,0.66,1.55,0.0
2016-10-13 13:30:00,INDEX:ADRN,0.17,0.72,0.11,0.5,0.0
2016-10-14 13:30:00,INDEX:ADRN,3.51,6.45,0.9,0.9,0.0
2016-10-17 13:30:00,INDEX:ADRN,1.35,1.58,0.73,0.73,0.0
2016-10-18 13:30:00,INDEX:ADRN,12.54,12.54,2.59,3.11,0.0
2016-10-19 13:30:00,INDEX:ADRN,1.83,3.22,0.92,2.14,0.0
2016-10-20 13:30:00,INDEX:ADRN,0.49,1.03,0.3,0.65,0.0
2016-10-21 13:30:00,INDEX:ADRN,0.12,0.72,0.12,0.69,0.0
2016-10-24 13:30:00,INDEX:ADRN,5.68,6.16,1.4,1.99,0.0
2016-10-25 13:30:00,INDEX:ADRN,0.54,0.65,0.31,0.43,0.0
2016-10-26 13:30:00,INDEX:ADRN,0.23,1.01,0.23,0.52,0.0
2016-10-27 13:30:00,INDEX:ADRN,1.71,1.71,0.41,0.41,0.0
2016-10-28 13:30:00,INDEX:ADRN,1.29,2.42,0.68,0.86,0.0
2016-10-31 13:30:00,INDEX:ADRN,1.41,1.51,0.8,1.27,0.0
2016-11-01 13:30:00,INDEX:ADRN,1.67,1.67,0.15,0.27,0.0
2016-11-02 13:30:00,INDEX:ADRN,0.4,0.85,0.27,0.27,0.0
2016-11-03 13:30:00,INDEX:ADRN,1.43,2.49,0.71,0.81,0.0
2016-11-04 13:30:00,INDEX:ADRN,0.65,2.72,0.65,1.06,0.0
2016-11-07 14:30:00,INDEX:ADRN,19.67,19.67,6.75,7.86,0.0
2016-11-08 14:30:00,INDEX:ADRN,0.39,2.44,0.39,1.54,0.0
2016-11-09 14:30:00,INDEX:ADRN,0.39,2.5,0.39,2.25,0.0
2016-11-10 14:30:00,INDEX:ADRN,2.03,2.22,1.04,1.43,0.0
2016-11-11 14:30:00,INDEX:ADRN,0.86,1.68,0.86,1.64,0.0
2016-11-14 14:30:00,INDEX:ADRN,1.97,2.34,1.43,1.8,0.0
2016-11-15 14:30:00,INDEX:ADRN,1.4,1.92,1.01,1.83,0.0
2016-11-16 14:30:00,INDEX:ADRN,0.56,0.94,0.56,0.87,0.0
2016-11-17 14:30:00,INDEX:ADRN,2.61,3.51,1.31,1.4,0.0
2016-11-18 14:30:00,INDEX:ADRN,1.34,1.34,0.9,1.2,0.0
2016-11-21 14:30:00,INDEX:ADRN,4.28,5.43,1.72,2.63,0.0
2016-11-22 14:30:00,INDEX:ADRN,2.48,2.48,1.2,2.07,0.0
2016-11-23 14:30:00,INDEX:ADRN,0.47,1.32,0.4,1.32,0.0
2016-11-25 14:30:00,INDEX:ADRN,1.43,1.79,1.22,1.79,0.0
2016-11-28 14:30:00,INDEX:ADRN,0.75,0.75,0.36,0.39,0.0
2016-11-29 14:30:00,INDEX:ADRN,1.03,1.42,0.77,0.97,0.0
2016-11-30 14:30:00,INDEX:ADRN,2.03,2.03,0.75,0.76,0.0
2016-12-01 14:30:00,INDEX:ADRN,1.76,2.08,0.67,0.75,0.0
2016-12-02 14:30:00,INDEX:ADRN,0.98,1.78,0.97,1.14,0.0
2016-12-05 14:30:00,INDEX:ADRN,4.68,5.51,3.56,3.93,0.0
2016-12-06 14:30:00,INDEX:ADRN,1.38,2.67,0.71,2.42,0.0
2016-12-07 14:30:00,INDEX:ADRN,1.44,3.46,1.28,3.26,0.0
2016-12-08 14:30:00,INDEX:ADRN,1.27,3.35,0.88,2.73,0.0
2016-12-09 14:30:00,INDEX:ADRN,1.38,1.71,0.82,1.12,0.0
2016-12-12 14:30:00,INDEX:ADRN,0.81,1.21,0.48,0.55,0.0
2016-12-13 14:30:00,INDEX:ADRN,3.61,3.76,0.73,1.29,0.0
2016-12-14 14:30:00,INDEX:ADRN,0.6,0.63,0.14,0.14,0.0
2016-12-15 14:30:00,INDEX:ADRN,0.67,3.17,0.61,1.53,0.0
2016-12-16 14:30:00,INDEX:ADRN,2.1,3.17,0.88,1.08,0.0
2016-12-19 14:30:00,INDEX:ADRN,1.53,2.11,1.16,1.5,0.0
2016-12-20 14:30:00,INDEX:ADRN,2.07,2.07,2.07,2.07,0.0
2016-12-21 14:30:00,INDEX:ADRN,1.06,1.1,0.61,0.61,0.0
2016-12-22 14:30:00,INDEX:ADRN,0.5,0.61,0.32,0.51,0.0
2016-12-23 14:30:00,INDEX:ADRN,1.14,1.96,1.1,1.71,0.0
2016-12-27 14:30:00,INDEX:ADRN,1.8,3.47,1.8,2.16,0.0
2016-12-28 14:30:00,INDEX:ADRN,1.22,1.22,0.17,0.2,0.0
2016-12-29 14:30:00,INDEX:ADRN,3.25,3.76,0.92,1.41,0.0
2016-12-30 14:30:00,INDEX:ADRN,1.19,1.19,0.44,0.59,0.0
2017-01-03 14:30:00,INDEX:ADRN,5.45,5.45,1.41,2.91,0.0
2017-01-04 14:30:00,INDEX:ADRN,4.57,6.3,3.26,5.87,0.0
2017-01-05 14:30:00,INDEX:ADRN,0.72,0.96,0.41,0.64,0.0
2017-01-06 14:30:00,INDEX:ADRN,0.91,1.21,0.51,0.72,0.0
2017-01-09 14:30:00,INDEX:ADRN,0.41,0.54,0.25,0.31,0.0
2017-01-10 14:30:00,INDEX:ADRN,1.29,2.64,1.29,1.7,0.0
2017-01-11 14:30:00,INDEX:ADRN,0.91,1.99,0.91,1.99,0.0
2017-01-12 14:30:00,INDEX:ADRN,0.58,0.58,0.21,0.52,0.0
2017-01-13 14:30:00,INDEX:ADRN,2.44,2.69,1.7,1.9,0.0
2017-01-17 14:30:00,INDEX:ADRN,0.78,0.94,0.63,0.68,0.0
2017-01-18 14:30:00,INDEX:ADRN,1.14,1.46,0.9,1.3,0.0
2017-01-19 14:30:00,INDEX:ADRN,0.55,0.55,0.24,0.36,0.0
2017-01-20 14:30:00,INDEX:ADRN,3.12,3.7,1.53,2.52,0.0
2017-01-23 14:30:00,INDEX:ADRN,0.66,1.13,0.42,0.8,0.0
2017-01-24 14:30:00,INDEX:ADRN,2.81,4.85,1.78,3.9,0.0
2017-01-25 14:30:00,INDEX:ADRN,3.97,3.97,2.17,2.63,0.0
2017-01-26 14:30:00,INDEX:ADRN,1.31,1.31,0.55,0.61,0.0
2017-01-27 14:30:00,INDEX:ADRN,1.04,1.04,0.35,0.53,0.0
2017-01-30 14:30:00,INDEX:ADRN,0.14,0.24,0.08,0.24,0.0
2017-01-31 14:30:00,INDEX:ADRN,0.76,1.65,0.45,1.64,0.0
2017-02-01 14:30:00,INDEX:ADRN,2.05,2.05,0.58,0.85,0.0
2017-02-02 14:30:00,INDEX:ADRN,0.82,1.46,0.82,1.07,0.0
2017-02-03 14:30:00,INDEX:ADRN,4.48,5.06,2.71,4.16,0.0
2017-02-06 14:30:00,INDEX:ADRN,0.48,0.71,0.33,0.41,0.0
2017-02-07 14:30:00,INDEX:ADRN,1.18,1.63,0.48,0.61,0.0
2017-02-08 14:30:00,INDEX:ADRN,0.35,1.09,0.35,1.04,0.0
2017-02-09 14:30:00,INDEX:ADRN,2.49,3.83,2.49,2.9,0.0
2017-02-10 14:30:00,INDEX:ADRN,2.56,4.13,1.91,3.06,0.0
2017-02-13 14:30:00,INDEX:ADRN,2.91,3.25,1.34,1.52,0.0
2017-02-14 14:30:00,INDEX:ADRN,0.53,1.18,0.45,1.18,0.0
2017-02-15 14:30:00,INDEX:ADRN,0.47,1.76,0.47,1.67,0.0
2017-02-16 14:30:00,INDEX:ADRN,1.6,1.6,0.43,0.72,0.0
2017-02-17 14:30:00,INDEX:ADRN,0.37,0.89,0.35,0.89,0.0
2017-02-21 14:30:00,INDEX:ADRN,2.24,3.61,2.0,3.02,0.0
2017-02-22 14:30:00,INDEX:ADRN,0.44,0.63,0.33,0.58,0.0
2017-02-23 14:30:00,INDEX:ADRN,2.95,2.95,0.47,0.75,0.0
2017-02-24 14:30:00,INDEX:ADRN,0.22,0.89,0.22,0.89,0.0
2017-02-27 14:30:00,INDEX:ADRN,0.73,2.19,0.6,1.79,0.0
2017-02-28 14:30:00,INDEX:ADRN,0.35,0.53,0.3,0.35,0.0
2017-03-01 14:30:00,INDEX:ADRN,4.34,5.3,3.53,3.78,0.0
2017-03-02 14:30:00,INDEX:ADRN,0.27,0.48,0.27,0.31,0.0
2017-03-03 14:30:00,INDEX:ADRN,1.24,1.54,0.53,1.0,0.0
2017-03-06 14:30:00,INDEX:ADRN,0.16,0.39,0.11,0.32,0.0
2017-03-07 14:30:00,INDEX:ADRN,0.69,0.69,0.31,0.39,0.0
2017-03-08 14:30:00,INDEX:ADRN,1.1,1.3,0.45,0.45,0.0
2017-03-09 14:30:00,INDEX:ADRN,0.83,1.72,0.37,0.53,0.0
2017-03-10 14:30:00,INDEX:ADRN,8.7,8.7,1.04,2.16,0.0
2017-03-13 13:30:00,INDEX:ADRN,1.98,2.27,1.1,1.59,0.0
2017-03-14 13:30:00,INDEX:ADRN,0.15,0.45,0.15,0.38,0.0
2017-03-15 13:30:00,INDEX:ADRN,4.74,8.49,3.71,7.08,0.0
2017-03-16 13:30:00,INDEX:ADRN,2.3,2.3,0.92,1.12,0.0
2017-03-17 13:30:00,INDEX:ADRN,1.58,1.58,0.83,1.26,0.0
2017-03-20 13:30:00,INDEX:ADRN,0.54,0.61,0.33,0.49,0.0
2017-03-21 13:30:00,INDEX:ADRN,3.67,3.67,0.16,0.16,0.0
2017-03-22 13:30:00,INDEX:ADRN,0.4,1.0,0.32,0.94,0.0
2017-03-23 13:30:00,INDEX:ADRN,0.58,4.69,0.58,1.85,0.0
2017-03-24 13:30:00,INDEX:ADRN,3.17,3.56,0.6,0.88,0.0
2017-03-27 13:30:00,INDEX:ADRN,0.24,1.1,0.18,0.95,0.0
2017-03-28 13:30:00,INDEX:ADRN,0.94,3.34,0.6,3.27,0.0
2017-03-29 13:30:00,INDEX:ADRN,0.65,1.88,0.63,1.72,0.0
2017-03-30 13:30:00,INDEX:ADRN,1.2,1.7,0.96,1.54,0.0
2017-03-31 13:30:00,INDEX:ADRN,0.58,2.14,0.58,1.37,0.0
2017-04-03 13:30:00,INDEX:ADRN,1.62,1.62,0.25,0.45,0.0
2017-04-04 13:30:00,INDEX:ADRN,0.6,1.14,0.58,1.01,0.0
2017-04-05 13:30:00,INDEX:ADRN,3.8,5.86,0.39,0.39,0.0
2017-04-06 13:30:00,INDEX:ADRN,0.9,3.93,0.9,3.48,0.0
2017-04-07 13:30:00,INDEX:ADRN,0.92,1.39,0.63,0.71,0.0
2017-04-10 13:30:00,INDEX:ADRN,1.32,4.28,1.02,1.82,0.0
2017-04-11 13:30:00,INDEX:ADRN,0.64,2.0,0.41,2.0,0.0
2017-04-12 13:30:00,INDEX:ADRN,0.42,0.56,0.25,0.31,0.0
2017-04-13 13:30:00,INDEX:ADRN,0.46,1.06,0.2,0.2,0.0
2017-04-17 13:30:00,INDEX:ADRN,4.45,4.98,1.99,4.96,0.0
2017-04-18 13:30:00,INDEX:ADRN,0.24,0.89,0.24,0.88,0.0
2017-04-19 13:30:00,INDEX:ADRN,3.06,3.06,0.74,0.88,0.0
2017-04-20 13:30:00,INDEX:ADRN,3.09,3.72,1.95,3.25,0.0
2017-04-21 13:30:00,INDEX:ADRN,0.56,0.79,0.42,0.58,0.0
2017-04-24 13:30:00,INDEX:ADRN,11.53,11.53,2.88,3.26,0.0
2017-04-25 13:30:00,INDEX:ADRN,3.19,5.12,2.64,2.89,0.0
2017-04-26 13:30:00,INDEX:ADRN,0.8,2.96,0.8,1.36,0.0
2017-04-27 13:30:00,INDEX:ADRN,1.1,1.53,0.56,0.77,0.0
2017-04-28 13:30:00,INDEX:ADRN,0.74,0.74,0.33,0.4,0.0
2017-05-01 13:30:00,INDEX:ADRN,1.65,1.69,0.72,1.24,0.0
2017-05-02 13:30:00,INDEX:ADRN,2.18,2.18,0.66,0.88,0.0
2017-05-03 13:30:00,INDEX:ADRN,0.31,0.55,0.24,0.45,0.0
2017-05-04 13:30:00,INDEX:ADRN,1.13,1.13,0.39,0.69,0.0
2017-05-05 13:30:00,INDEX:ADRN,2.61,3.07,1.58,3.06,0.0
2017-05-08 13:30:00,INDEX:ADRN,1.1,1.1,0.37,0.73,0.0
2017-05-09 13:30:00,INDEX:ADRN,0.97,0.99,0.59,0.76,0.0
2017-05-10 13:30:00,INDEX:ADRN,1.09,2.33,1.09,2.17,0.0
2017-05-11 13:30:00,INDEX:ADRN,0.42,0.61,0.17,0.51,0.0
2017-05-12 13:30:00,INDEX:ADRN,0.55,0.65,0.44,0.52,0.0
2017-05-15 13:30:00,INDEX:ADRN,3.98,7.35,2.74,3.31,0.0
2017-05-16 13:30:00,INDEX:ADRN,1.86,1.86,0.35,0.7,0.0
2017-05-17 13:30:00,INDEX:ADRN,0.23,0.25,0.15,0.18,0.0
2017-05-18 13:30:00,INDEX:ADRN,0.4,1.71,0.33,1.07,0.0
2017-05-19 13:30:00,INDEX:ADRN,2.44,7.26,2.44,4.32,0.0
2017-05-22 13:30:00,INDEX:ADRN,3.14,4.5,1.41,2.21,0.0
2017-05-23 13:30:00,INDEX:ADRN,1.74,1.93,0.73,1.22,0.0
2017-05-24 13:30:00,INDEX:ADRN,1.7,2.09,0.75,1.25,0.0
2017-05-25 13:30:00,INDEX:ADRN,1.76,3.87,0.83,0.99,0.0
2017-05-26 13:30:00,INDEX:ADRN,0.73,1.08,0.54,1.0,0.0
2017-05-30 13:30:00,INDEX:ADRN,0.37,0.65,0.3,0.47,0.0
2017-05-31 13:30:00,INDEX:ADRN,1.48,1.48,0.29,0.93,0.0
2017-06-01 13:30:00,INDEX:ADRN,1.77,6.27,1.77,6.1,0.0
2017-06-02 13:30:00,INDEX:ADRN,1.77,2.0,0.93,1.21,0.0
2017-06-05 13:30:00,INDEX:ADRN,0.44,0.7,0.37,0.49,0.0
2017-06-06 13:30:00,INDEX:ADRN,0.2,1.13,0.2,0.76,0.0
2017-06-07 13:30:00,INDEX:ADRN,1.16,1.91,0.65,0.91,0.0
2017-06-08 13:30:00,INDEX:ADRN,0.58,1.77,0.58,1.53,0.0
2017-06-09 13:30:00,INDEX:ADRN,1.9,3.55,1.38,2.11,0.0
2017-06-12 13:30:00,INDEX:ADRN,1.76,2.04,0.86,1.12,0.0
2017-06-13 13:30:00,INDEX:ADRN,1.69,2.76,1.22,2.58,0.0
2017-06-14 13:30:00,INDEX:ADRN,1.32,1.32,0.39,0.64,0.0
2017-06-15 13:30:00,INDEX:ADRN,0.15,0.55,0.15,0.54,0.0
2017-06-16 13:30:00,INDEX:ADRN,0.59,1.27,0.56,1.27,0.0
2017-06-19 13:30:00,INDEX:ADRN,2.16,2.16,1.35,1.7,0.0
2017-06-20 13:30:00,INDEX:ADRN,0.36,0.36,0.18,0.23,0.0
2017-06-21 13:30:00,INDEX:ADRN,1.09,1.42,0.38,0.43,0.0
2017-06-22 13:30:00,INDEX:ADRN,1.25,2.04,0.9,1.41,0.0
2017-06-23 13:30:00,INDEX:ADRN,1.49,3.28,0.97,2.39,0.0
2017-06-26 13:30:00,INDEX:ADRN,3.2,3.2,1.07,1.9,0.0
2017-06-27 13:30:00,INDEX:ADRN,0.95,1.51,0.46,0.46,0.0
2017-06-28 13:30:00,INDEX:ADRN,6.52,8.13,3.12,3.86,0.0
2017-06-29 13:30:00,INDEX:ADRN,1.2,1.2,0.26,0.48,0.0
2017-06-30 13:30:00,INDEX:ADRN,3.88,3.88,1.09,1.36,0.0
2017-07-03 13:30:00,INDEX:ADRN,4.14,4.14,2.4,2.51,0.0
2017-07-05 13:30:00,INDEX:ADRN,0.64,0.64,0.3,0.51,0.0
2017-07-06 13:30:00,INDEX:ADRN,0.27,0.42,0.15,0.18,0.0
2017-07-07 13:30:00,INDEX:ADRN,1.52,2.59,1.17,2.58,0.0
2017-07-10 13:30:00,INDEX:ADRN,0.46,1.51,0.46,0.84,0.0
2017-07-11 13:30:00,INDEX:ADRN,0.83,1.36,0.57,1.19,0.0
2017-07-12 13:30:00,INDEX:ADRN,8.93,12.11,3.1,3.29,0.0
2017-07-13 13:30:00,INDEX:ADRN,1.29,1.29,0.63,1.2,0.0
2017-07-14 13:30:00,INDEX:ADRN,1.75,3.21,1.75,2.38,0.0
2017-07-17 13:30:00,INDEX:ADRN,0.66,1.95,0.66,1.42,0.0
2017-07-18 13:30:00,INDEX:ADRN,0.43,0.68,0.38,0.65,0.0
2017-07-19 13:30:00,INDEX:ADRN,2.59,4.04,2.46,4.04,0.0
2017-07-20 13:30:00,INDEX:ADRN,1.48,1.48,0.7,0.87,0.0
2017-07-21 13:30:00,INDEX:ADRN,1.04,1.04,0.43,0.68,0.0
2017-07-24 13:30:00,INDEX:ADRN,0.75,0.91,0.58,0.85,0.0
2017-07-25 13:30:00,INDEX:ADRN,3.8,3.8,2.44,2.48,0.0
2017-07-26 13:30:00,INDEX:ADRN,1.06,1.06,0.72,0.76,0.0
2017-07-27 13:30:00,INDEX:ADRN,1.03,1.23,0.57,0.81,0.0
2017-07-28 13:30:00,INDEX:ADRN,0.53,1.01,0.53,0.95,0.0
2017-07-31 13:30:00,INDEX:ADRN,1.85,1.85,0.53,0.94,0.0
2017-08-01 13:30:00,INDEX:ADRN,2.76,2.76,0.9,1.33,0.0
2017-08-02 13:30:00,INDEX:ADRN,0.48,0.62,0.25,0.52,0.0
2017-08-03 13:30:00,INDEX:ADRN,0.8,0.96,0.56,0.63,0.0
2017-08-04 13:30:00,INDEX:ADRN,1.91,1.91,1.1,1.67,0.0
2017-08-07 13:30:00,INDEX:ADRN,0.71,1.05,0.56,0.87,0.0
2017-08-08 13:30:00,INDEX:ADRN,0.69,1.9,0.5,0.6,0.0
2017-08-09 13:30:00,INDEX:ADRN,0.35,0.56,0.31,0.49,0.0
2017-08-10 13:30:00,INDEX:ADRN,0.31,0.4,0.17,0.17,0.0
2017-08-11 13:30:00,INDEX:ADRN,0.89,1.28,0.81,0.93,0.0
2017-08-14 13:30:00,INDEX:ADRN,5.09,6.43,3.42,3.64,0.0
2017-08-15 13:30:00,INDEX:ADRN,0.73,0.73,0.4,0.47,0.0
2017-08-16 13:30:00,INDEX:ADRN,4.46,4.46,1.28,1.33,0.0
2017-08-17 13:30:00,INDEX:ADRN,0.39,1.05,0.14,0.14,0.0
2017-08-18 13:30:00,INDEX:ADRN,0.3,1.65,0.3,0.94,0.0
2017-08-21 13:30:00,INDEX:ADRN,0.61,1.15,0.53,0.99,0.0
2017-08-22 13:30:00,INDEX:ADRN,3.96,4.58,2.48,3.09,0.0
2017-08-23 13:30:00,INDEX:ADRN,0.37,1.41,0.37,0.94,0.0
2017-08-24 13:30:00,INDEX:ADRN,2.78,2.78,0.98,1.06,0.0
2017-08-25 13:30:00,INDEX:ADRN,4.15,4.15,1.92,2.44,0.0
2017-08-28 13:30:00,INDEX:ADRN,2.36,2.36,0.51,0.74,0.0
2017-08-29 13:30:00,INDEX:ADRN,0.27,0.95,0.27,0.84,0.0
2017-08-30 13:30:00,INDEX:ADRN,0.6,1.83,0.6,1.6,0.0
2017-08-31 13:30:00,INDEX:ADRN,4.88,4.88,3.06,3.14,0.0
2017-09-01 13:30:00,INDEX:ADRN,2.17,2.84,1.87,2.62,0.0
2017-09-05 13:30:00,INDEX:ADRN,0.99,1.01,0.25,0.41,0.0
2017-09-06 13:30:00,INDEX:ADRN,3.24,3.24,1.36,1.54,0.0
2017-09-07 13:30:00,INDEX:ADRN,1.78,1.78,0.73,1.01,0.0
2017-09-08 13:30:00,INDEX:ADRN,0.44,1.21,0.44,1.03,0.0
2017-09-11 13:30:00,INDEX:ADRN,5.01,6.21,3.99,4.3,0.0
2017-09-12 13:30:00,INDEX:ADRN,1.68,2.4,1.66,1.83,0.0
2017-09-13 13:30:00,INDEX:ADRN,0.86,1.2,0.86,1.07,0.0
2017-09-14 13:30:00,INDEX:ADRN,0.54,1.21,0.44,1.12,0.0
2017-09-15 13:30:00,INDEX:ADRN,0.79,1.64,0.78,1.64,0.0
2017-09-18 13:30:00,INDEX:ADRN,2.09,3.03,1.31,1.51,0.0
2017-09-19 13:30:00,INDEX:ADRN,1.74,1.74,0.89,1.12,0.0
2017-09-20 13:30:00,INDEX:ADRN,1.73,2.01,0.97,1.35,0.0
2017-09-21 13:30:00,INDEX:ADRN,0.89,1.04,0.64,0.72,0.0
2017-09-22 13:30:00,INDEX:ADRN,1.16,1.96,1.16,1.82,0.0
2017-09-25 13:30:00,INDEX:ADRN,1.15,1.75,0.84,1.34,0.0
2017-09-26 13:30:00,INDEX:ADRN,1.47,2.0,1.41,1.41,0.0
2017-09-27 13:30:00,INDEX:ADRN,2.87,2.87,0.75,1.86,0.0
2017-09-28 13:30:00,INDEX:ADRN,0.9,1.49,0.52,1.48,0.0
2017-09-29 13:30:00,INDEX:ADRN,1.14,1.41,1.05,1.22,0.0
2017-10-02 13:30:00,INDEX:ADRN,1.39,2.67,1.39,2.67,0.0
2017-10-03 13:30:00,INDEX:ADRN,1.45,1.53,0.83,1.53,0.0
2017-10-04 13:30:00,INDEX:ADRN,1.13,1.53,0.69,0.95,0.0
2017-10-05 13:30:00,INDEX:ADRN,1.91,2.65,1.6,1.79,0.0
2017-10-06 13:30:00,INDEX:ADRN,0.32,0.65,0.32,0.65,0.0
2017-10-09 13:30:00,INDEX:ADRN,2.12,2.12,0.64,0.72,0.0
2017-10-10 13:30:00,INDEX:ADRN,4.26,5.23,1.36,1.68,0.0
2017-10-11 13:30:00,INDEX:ADRN,1.69,1.69,0.95,1.29,0.0
2017-10-12 13:30:00,INDEX:ADRN,0.68,1.22,0.48,0.95,0.0
2017-10-13 13:30:00,INDEX:ADRN,2.44,2.44,1.21,1.27,0.0
2017-10-16 13:30:00,INDEX:ADRN,1.99,1.99,0.82,1.02,0.0
2017-10-17 13:30:00,INDEX:ADRN,0.77,0.96,0.51,0.62,0.0
2017-10-18 13:30:00,INDEX:ADRN,2.74,2.74,1.01,1.31,0.0
2017-10-19 13:30:00,INDEX:ADRN,0.31,0.93,0.27,0.92,0.0
2017-10-20 13:30:00,INDEX:ADRN,2.55,2.55,1.57,1.73,0.0
2017-10-23 13:30:00,INDEX:ADRN,1.34,1.34,0.39,0.39,0.0
2017-10-24 13:30:00,INDEX:ADRN,2.66,2.66,1.16,1.3,0.0
2017-10-25 13:30:00,INDEX:ADRN,0.66,0.66,0.15,0.44,0.0
2017-10-26 13:30:00,INDEX:ADRN,2.47,2.47,1.21,1.23,0.0
2017-10-27 13:30:00,INDEX:ADRN,0.87,1.71,0.65,1.71,0.0
2017-10-30 13:30:00,INDEX:ADRN,0.53,0.68,0.39,0.46,0.0
2017-10-31 13:30:00,INDEX:ADRN,1.67,2.05,1.15,1.69,0.0
2017-11-01 13:30:00,INDEX:ADRN,4.07,4.07,0.8,1.08,0.0
2017-11-02 13:30:00,INDEX:ADRN,0.98,1.31,0.68,1.08,0.0
2017-11-03 13:30:00,INDEX:ADRN,0.7,1.0,0.67,0.9,0.0
2017-11-06 14:30:00,INDEX:ADRN,1.06,1.79,1.06,1.56,0.0
2017-11-07 14:30:00,INDEX:ADRN,0.97,1.32,0.43,0.59,0.0
2017-11-08 14:30:00,INDEX:ADRN,0.59,1.24,0.55,1.14,0.0
2017-11-09 14:30:00,INDEX:ADRN,0.26,0.85,0.26,0.69,0.0
2017-11-10 14:30:00,INDEX:ADRN,0.84,1.34,0.79,0.86,0.0
2017-11-13 14:30:00,INDEX:ADRN,0.36,0.89,0.35,0.78,0.0
2017-11-14 14:30:00,INDEX:ADRN,0.29,0.73,0.29,0.69,0.0
2017-11-15 14:30:00,INDEX:ADRN,0.16,0.59,0.13,0.44,0.0
2017-11-16 14:30:00,INDEX:ADRN,3.29,4.99,2.51,3.4,0.0
2017-11-17 14:30:00,INDEX:ADRN,0.62,2.0,0.62,1.66,0.0
2017-11-20 14:30:00,INDEX:ADRN,1.28,1.68,0.83,1.68,0.0
2017-11-21 14:30:00,INDEX:ADRN,3.85,3.85,2.01,2.27,0.0
2017-11-22 14:30:00,INDEX:ADRN,1.84,2.29,1.12,1.12,0.0
2017-11-24 14:30:00,INDEX:ADRN,2.81,2.81,1.2,1.41,0.0
2017-11-27 14:30:00,INDEX:ADRN,1.04,1.04,0.61,0.63,0.0
2017-11-28 14:30:00,INDEX:ADRN,1.68,2.96,1.51,2.83,0.0
2017-11-29 14:30:00,INDEX:ADRN,1.45,1.91,1.08,1.3,0.0
2017-11-30 14:30:00,INDEX:ADRN,3.39,3.39,1.31,1.42,0.0
2017-12-01 14:30:00,INDEX:ADRN,1.23,1.23,0.25,0.81,0.0
2017-12-04 14:30:00,INDEX:ADRN,5.78,5.78,0.98,0.99,0.0
2017-12-05 14:30:00,INDEX:ADRN,1.0,1.0,0.36,0.36,0.0
2017-12-06 14:30:00,INDEX:ADRN,0.54,0.86,0.42,0.51,0.0
2017-12-07 14:30:00,INDEX:ADRN,0.64,2.79,0.64,2.0,0.0
2017-12-08 14:30:00,INDEX:ADRN,3.69,3.69,1.41,1.9,0.0
2017-12-11 14:30:00,INDEX:ADRN,1.53,1.72,0.99,1.13,0.0
2017-12-12 14:30:00,INDEX:ADRN,1.7,1.7,0.92,0.92,0.0
2017-12-13 14:30:00,INDEX:ADRN,1.74,2.45,1.28,1.3,0.0
2017-12-14 14:30:00,INDEX:ADRN,1.27,1.35,0.38,0.39,0.0
2017-12-15 14:30:00,INDEX:ADRN,3.9,4.41,2.95,3.05,0.0
2017-12-18 14:30:00,INDEX:ADRN,9.75,9.75,3.06,3.26,0.0
2017-12-19 14:30:00,INDEX:ADRN,1.5,1.5,0.46,0.46,0.0
2017-12-20 14:30:00,INDEX:ADRN,3.09,3.09,1.22,1.22,0.0
2017-12-21 14:30:00,INDEX:ADRN,2.84,2.84,1.57,1.73,0.0
2017-12-22 14:30:00,INDEX:ADRN,0.78,1.09,0.67,0.9,0.0
2017-12-26 14:30:00,INDEX:ADRN,1.41,2.22,1.34,1.43,0.0
2017-12-27 14:30:00,INDEX:ADRN,1.02,1.85,0.83,1.07,0.0
2017-12-28 14:30:00,INDEX:ADRN,1.58,2.38,0.94,2.38,0.0
2017-12-29 14:30:00,INDEX:ADRN,2.21,2.21,0.44,0.44,0.0
2018-01-02 14:30:00,INDEX:ADRN,3.41,3.41,1.7,2.45,0.0
2018-01-03 14:30:00,INDEX:ADRN,1.64,1.64,0.89,1.15,0.0
2018-01-04 14:30:00,INDEX:ADRN,3.48,3.48,1.41,1.5,0.0
2018-01-05 14:30:00,INDEX:ADRN,1.73,1.73,0.86,1.55,0.0
2018-01-08 14:30:00,INDEX:ADRN,0.83,1.47,0.5,1.39,0.0
2018-01-09 14:30:00,INDEX:ADRN,1.54,1.54,0.63,0.64,0.0
2018-01-10 14:30:00,INDEX:ADRN,0.39,0.86,0.39,0.69,0.0
2018-01-11 14:30:00,INDEX:ADRN,2.52,4.52,2.52,4.38,0.0
2018-01-12 14:30:00,INDEX:ADRN,1.86,1.86,1.28,1.48,0.0
2018-01-16 14:30:00,INDEX:ADRN,3.54,3.54,0.41,0.42,0.0
2018-01-17 14:30:00,INDEX:ADRN,2.99,3.46,1.59,2.83,0.0
2018-01-18 14:30:00,INDEX:ADRN,0.6,0.62,0.34,0.42,0.0
2018-01-19 14:30:00,INDEX:ADRN,1.44,3.17,1.44,3.17,0.0
2018-01-22 14:30:00,INDEX:ADRN,1.01,1.81,0.79,1.8,0.0
2018-01-23 14:30:00,INDEX:ADRN,1.07,1.57,0.58,1.33,0.0
2018-01-24 14:30:00,INDEX:ADRN,3.07,3.07,0.53,0.8,0.0
2018-01-25 14:30:00,INDEX:ADRN,3.49,3.49,0.65,0.96,0.0
2018-01-26 14:30:00,INDEX:ADRN,1.59,1.74,0.95,1.74,0.0
2018-01-29 14:30:00,INDEX:ADRN,0.28,0.49,0.24,0.24,0.0
2018-01-30 14:30:00,INDEX:ADRN,0.22,0.29,0.17,0.25,0.0
2018-01-31 14:30:00,INDEX:ADRN,4.49,4.49,0.53,0.79,0.0
2018-02-01 14:30:00,INDEX:ADRN,0.54,1.22,0.54,0.96,0.0
2018-02-02 14:30:00,INDEX:ADRN,0.11,0.18,0.08,0.08,0.0
2018-02-05 14:30:00,INDEX:ADRN,0.17,0.63,0.04,0.04,0.0
2018-02-06 14:30:00,INDEX:ADRN,0.09,3.36,0.09,2.6,0.0
2018-02-07 14:30:00,INDEX:ADRN,0.6,2.52,0.6,0.72,0.0
2018-02-08 14:30:00,INDEX:ADRN,1.02,1.02,0.08,0.08,0.0
2018-02-09 14:30:00,INDEX:ADRN,7.38,7.38,0.2,1.88,0.0
2018-02-12 14:30:00,INDEX:ADRN,4.59,4.85,0.99,3.33,0.0
2018-02-13 14:30:00,INDEX:ADRN,0.41,1.51,0.33,1.36,0.0
2018-02-14 14:30:00,INDEX:ADRN,0.25,4.22,0.25,3.66,0.0
2018-02-15 14:30:00,INDEX:ADRN,4.06,4.06,0.77,2.6,0.0
2018-02-16 14:30:00,INDEX:ADRN,0.7,3.25,0.7,1.3,0.0
2018-02-20 14:30:00,INDEX:ADRN,0.48,1.01,0.28,0.37,0.0
2018-02-21 14:30:00,INDEX:ADRN,2.21,3.62,0.73,0.73,0.0
2018-02-22 14:30:00,INDEX:ADRN,4.86,4.86,1.06,1.06,0.0
2018-02-23 14:30:00,INDEX:ADRN,6.3,6.3,2.0,4.81,0.0
2018-02-26 14:30:00,INDEX:ADRN,2.43,2.43,0.64,2.02,0.0
2018-02-27 14:30:00,INDEX:ADRN,1.08,1.49,0.14,0.14,0.0
2018-02-28 14:30:00,INDEX:ADRN,3.6,3.6,0.21,0.21,0.0
2018-03-01 14:30:00,INDEX:ADRN,1.09,2.01,0.35,0.71,0.0
2018-03-02 14:30:00,INDEX:ADRN,0.17,2.46,0.17,2.39,0.0
2018-03-05 14:30:00,INDEX:ADRN,0.32,3.66,0.32,3.08,0.0
2018-03-06 14:30:00,INDEX:ADRN,2.72,2.72,0.76,2.52,0.0
2018-03-07 14:30:00,INDEX:ADRN,0.41,1.25,0.37,1.09,0.0
2018-03-08 14:30:00,INDEX:ADRN,2.65,2.65,0.54,1.15,0.0
2018-03-09 14:30:00,INDEX:ADRN,3.09,4.63,2.23,4.63,0.0
2018-03-12 13:30:00,INDEX:ADRN,1.74,2.31,0.96,1.32,0.0
2018-03-13 13:30:00,INDEX:ADRN,3.57,3.94,0.46,0.52,0.0
2018-03-14 13:30:00,INDEX:ADRN,3.22,3.22,0.44,0.56,0.0
2018-03-15 13:30:00,INDEX:ADRN,1.97,1.97,0.36,0.5,0.0
2018-03-16 13:30:00,INDEX:ADRN,1.68,3.92,1.35,2.78,0.0
2018-03-19 13:30:00,INDEX:ADRN,0.27,0.28,0.1,0.24,0.0
2018-03-20 13:30:00,INDEX:ADRN,2.29,2.29,0.71,0.85,0.0
2018-03-21 13:30:00,INDEX:ADRN,1.06,2.97,1.06,1.49,0.0
2018-03-22 13:30:00,INDEX:ADRN,0.13,0.55,0.12,0.12,0.0
2018-03-23 13:30:00,INDEX:ADRN,4.03,4.03,0.17,0.17,0.0
2018-03-26 13:30:00,INDEX:ADRN,18.38,18.38,2.07,5.89,0.0
2018-03-27 13:30:00,INDEX:ADRN,0.84,1.79,0.27,0.3,0.0
2018-03-28 13:30:00,INDEX:ADRN,1.89,1.89,0.8,1.01,0.0
2018-03-29 13:30:00,INDEX:ADRN,7.03,7.03,3.58,3.91,0.0
2018-04-02 13:30:00,INDEX:ADRN,0.55,0.72,0.08,0.12,0.0
2018-04-03 13:30:00,INDEX:ADRN,3.32,5.54,1.33,4.99,0.0
2018-04-04 13:30:00,INDEX:ADRN,0.08,3.35,0.08,3.09,0.0
2018-04-05 13:30:00,INDEX:ADRN,3.85,4.4,2.11,3.6,0.0
2018-04-06 13:30:00,INDEX:ADRN,0.36,0.8,0.09,0.14,0.0
2018-04-09 13:30:00,INDEX:ADRN,4.65,4.65,0.81,0.81,0.0
2018-04-10 13:30:00,INDEX:ADRN,9.74,9.74,4.72,4.99,0.0
2018-04-11 13:30:00,INDEX:ADRN,0.38,1.57,0.38,0.93,0.0
2018-04-12 13:30:00,INDEX:ADRN,2.39,2.39,1.4,1.42,0.0
2018-04-13 13:30:00,INDEX:ADRN,3.25,3.25,0.48,0.74,0.0
2018-04-16 13:30:00,INDEX:ADRN,2.4,4.97,2.15,3.64,0.0
2018-04-17 13:30:00,INDEX:ADRN,3.61,5.5,2.95,3.48,0.0
2018-04-18 13:30:00,INDEX:ADRN,4.06,4.16,1.61,1.61,0.0
2018-04-19 13:30:00,INDEX:ADRN,0.72,0.96,0.34,0.49,0.0
2018-04-20 13:30:00,INDEX:ADRN,0.7,0.83,0.29,0.37,0.0
2018-04-23 13:30:00,INDEX:ADRN,1.35,1.85,0.54,0.95,0.0
2018-04-24 13:30:00,INDEX:ADRN,4.05,4.05,0.35,0.55,0.0
2018-04-25 13:30:00,INDEX:ADRN,0.35,1.37,0.23,1.02,0.0
2018-04-26 13:30:00,INDEX:ADRN,1.35,2.32,1.23,1.8,0.0
2018-04-27 13:30:00,INDEX:ADRN,1.49,1.53,0.75,1.2,0.0
2018-04-30 13:30:00,INDEX:ADRN,2.63,2.63,0.41,0.41,0.0
2018-05-01 13:30:00,INDEX:ADRN,0.36,1.05,0.2,1.05,0.0
2018-05-02 13:30:00,INDEX:ADRN,0.76,1.83,0.76,0.83,0.0
2018-05-03 13:30:00,INDEX:ADRN,0.43,0.86,0.23,0.67,0.0
2018-05-04 13:30:00,INDEX:ADRN,0.32,5.46,0.32,4.09,0.0
2018-05-07 13:30:00,INDEX:ADRN,2.77,2.94,1.62,1.84,0.0
2018-05-08 13:30:00,INDEX:ADRN,0.9,1.15,0.65,1.12,0.0
2018-05-09 13:30:00,INDEX:ADRN,2.39,2.46,1.05,2.12,0.0
2018-05-10 13:30:00,INDEX:ADRN,2.74,3.61,1.64,2.75,0.0
2018-05-11 13:30:00,INDEX:ADRN,1.41,2.13,0.69,1.02,0.0
2018-05-14 13:30:00,INDEX:ADRN,2.64,2.64,0.7,0.77,0.0
2018-05-15 13:30:00,INDEX:ADRN,0.24,0.79,0.23,0.72,0.0
2018-05-16 13:30:00,INDEX:ADRN,2.2,3.11,1.55,2.27,0.0
2018-05-17 13:30:00,INDEX:ADRN,1.58,2.58,1.11,1.5,0.0
2018-05-18 13:30:00,INDEX:ADRN,1.36,1.36,0.88,0.94,0.0
2018-05-21 13:30:00,INDEX:ADRN,6.2,6.2,2.15,3.15,0.0
2018-05-22 13:30:00,INDEX:ADRN,1.83,1.83,0.56,0.56,0.0
2018-05-23 13:30:00,INDEX:ADRN,0.34,0.97,0.34,0.97,0.0
2018-05-24 13:30:00,INDEX:ADRN,0.63,0.89,0.3,0.74,0.0
2018-05-25 13:30:00,INDEX:ADRN,0.62,1.04,0.52,0.79,0.0
2018-05-29 13:30:00,INDEX:ADRN,0.18,0.8,0.18,0.58,0.0
2018-05-30 13:30:00,INDEX:ADRN,4.0,8.22,4.0,6.15,0.0
2018-05-31 13:30:00,INDEX:ADRN,0.63,0.66,0.28,0.34,0.0
2018-06-01 13:30:00,INDEX:ADRN,2.86,3.66,2.03,2.34,0.0
2018-06-04 13:30:00,INDEX:ADRN,5.07,5.36,1.24,2.06,0.0
2018-06-05 13:30:00,INDEX:ADRN,1.14,1.48,0.76,1.3,0.0
2018-06-06 13:30:00,INDEX:ADRN,2.07,2.22,1.12,2.22,0.0
2018-06-07 13:30:00,INDEX:ADRN,1.88,1.97,0.79,1.05,0.0
2018-06-08 13:30:00,INDEX:ADRN,1.08,1.58,0.75,1.48,0.0
2018-06-11 13:30:00,INDEX:ADRN,1.51,1.8,1.17,1.3,0.0
2018-06-12 13:30:00,INDEX:ADRN,1.68,1.68,0.82,1.08,0.0
2018-06-13 13:30:00,INDEX:ADRN,1.48,1.48,0.43,0.43,0.0
2018-06-14 13:30:00,INDEX:ADRN,2.47,2.47,0.93,1.29,0.0
2018-06-15 13:30:00,INDEX:ADRN,0.29,0.92,0.28,0.76,0.0
2018-06-18 13:30:00,INDEX:ADRN,0.34,1.43,0.34,1.4,0.0
2018-06-19 13:30:00,INDEX:ADRN,0.23,0.73,0.21,0.68,0.0
2018-06-20 13:30:00,INDEX:ADRN,2.79,2.79,1.13,1.8,0.0
2018-06-21 13:30:00,INDEX:ADRN,0.74,0.74,0.27,0.38,0.0
2018-06-22 13:30:00,INDEX:ADRN,4.37,4.37,1.6,1.85,0.0
2018-06-25 13:30:00,INDEX:ADRN,0.43,0.43,0.14,0.25,0.0
2018-06-26 13:30:00,INDEX:ADRN,1.32,2.48,0.92,1.65,0.0
2018-06-27 13:30:00,INDEX:ADRN,1.38,1.79,0.25,0.25,0.0
2018-06-28 13:30:00,INDEX:ADRN,1.03,1.9,0.61,1.5,0.0
2018-06-29 13:30:00,INDEX:ADRN,2.47,3.0,1.21,1.21,0.0
2018-07-02 13:30:00,INDEX:ADRN,0.19,1.02,0.18,1.02,0.0
2018-07-03 13:30:00,INDEX:ADRN,3.44,4.23,1.61,1.66,0.0
2018-07-05 13:30:00,INDEX:ADRN,4.39,4.39,1.25,3.65,0.0
2018-07-06 13:30:00,INDEX:ADRN,0.84,4.72,0.84,3.47,0.0
2018-07-09 13:30:00,INDEX:ADRN,4.35,4.35,1.93,2.2,0.0
2018-07-10 13:30:00,INDEX:ADRN,1.7,1.86,0.63,0.91,0.0
2018-07-11 13:30:00,INDEX:ADRN,0.21,0.68,0.21,0.33,0.0
2018-07-12 13:30:00,INDEX:ADRN,2.48,2.48,0.91,1.55,0.0
2018-07-13 13:30:00,INDEX:ADRN,1.36,2.29,0.98,1.08,0.0
2018-07-16 13:30:00,INDEX:ADRN,0.89,0.89,0.36,0.48,0.0
2018-07-17 13:30:00,INDEX:ADRN,0.93,2.01,0.93,1.53,0.0
2018-07-18 13:30:00,INDEX:ADRN,0.82,1.28,0.54,1.28,0.0
2018-07-19 13:30:00,INDEX:ADRN,0.57,1.71,0.56,1.39,0.0
2018-07-20 13:30:00,INDEX:ADRN,0.78,0.98,0.57,0.63,0.0
2018-07-23 13:30:00,INDEX:ADRN,0.71,0.92,0.46,0.76,0.0
2018-07-24 13:30:00,INDEX:ADRN,2.95,2.95,0.61,0.8,0.0
2018-07-25 13:30:00,INDEX:ADRN,0.97,1.83,0.86,1.77,0.0
2018-07-26 13:30:00,INDEX:ADRN,1.24,2.8,1.24,1.7,0.0
2018-07-27 13:30:00,INDEX:ADRN,1.73,1.73,0.31,0.35,0.0
2018-07-30 13:30:00,INDEX:ADRN,1.64,1.82,0.92,0.92,0.0
2018-07-31 13:30:00,INDEX:ADRN,2.1,3.33,1.48,2.5,0.0
2018-08-01 13:30:00,INDEX:ADRN,0.64,0.73,0.35,0.58,0.0
2018-08-02 13:30:00,INDEX:ADRN,0.37,1.54,0.37,1.34,0.0
2018-08-03 13:30:00,INDEX:ADRN,1.83,1.83,0.9,1.27,0.0
2018-08-06 13:30:00,INDEX:ADRN,0.71,1.91,0.71,1.47,0.0
2018-08-07 13:30:00,INDEX:ADRN,2.23,2.29,1.2,1.21,0.0
2018-08-08 13:30:00,INDEX:ADRN,0.72,1.0,0.41,0.8,0.0
2018-08-09 13:30:00,INDEX:ADRN,1.47,2.09,0.99,1.04,0.0
2018-08-10 13:30:00,INDEX:ADRN,0.19,0.69,0.19,0.41,0.0
2018-08-13 13:30:00,INDEX:ADRN,0.84,1.1,0.23,0.39,0.0
2018-08-14 13:30:00,INDEX:ADRN,4.7,5.72,3.07,3.38,0.0
2018-08-15 13:30:00,INDEX:ADRN,0.21,0.34,0.17,0.33,0.0
2018-08-16 13:30:00,INDEX:ADRN,4.88,6.94,3.71,3.79,0.0
2018-08-17 13:30:00,INDEX:ADRN,0.68,3.09,0.68,2.7,0.0
2018-08-20 13:30:00,INDEX:ADRN,2.76,3.25,1.41,2.13,0.0
2018-08-21 13:30:00,INDEX:ADRN,2.54,3.04,2.12,2.12,0.0
2018-08-22 13:30:00,INDEX:ADRN,1.1,1.1,0.67,0.96,0.0
2018-08-23 13:30:00,INDEX:ADRN,0.62,0.81,0.4,0.43,0.0
2018-08-24 13:30:00,INDEX:ADRN,2.7,2.7,1.78,2.43,0.0
2018-08-27 13:30:00,INDEX:ADRN,1.73,1.73,1.73,1.73,0.0
2018-08-28 13:30:00,INDEX:ADRN,0.8,0.8,0.8,0.8,0.0
2018-08-29 13:30:00,INDEX:ADRN,1.63,1.63,1.63,1.63,0.0
2018-08-30 13:30:00,INDEX:ADRN,0.36,0.36,0.36,0.36,0.0
2018-08-31 13:30:00,INDEX:ADRN,1.16,1.16,1.16,1.16,0.0
2018-09-04 13:30:00,INDEX:ADRN,0.46,0.7,0.27,0.49,0.0
2018-09-05 13:30:00,INDEX:ADRN,0.39,1.11,0.39,1.03,0.0
2018-09-06 13:30:00,INDEX:ADRN,1.44,1.92,0.59,0.71,0.0
2018-09-07 13:30:00,INDEX:ADRN,0.23,0.9,0.23,0.61,0.0
2018-09-10 13:30:00,INDEX:ADRN,4.33,4.33,1.26,1.33,0.0
2018-09-11 13:30:00,INDEX:ADRN,0.38,1.47,0.38,1.06,0.0
2018-09-12 13:30:00,INDEX:ADRN,0.79,1.47,0.69,1.2,0.0
2018-09-13 13:30:00,INDEX:ADRN,3.06,3.06,1.2,1.39,0.0
2018-09-14 13:30:00,INDEX:ADRN,1.07,1.76,0.82,1.26,0.0
2018-09-17 13:30:00,INDEX:ADRN,1.1,1.21,0.63,0.72,0.0
2018-09-18 13:30:00,INDEX:ADRN,2.01,2.01,1.11,1.49,0.0
2018-09-19 13:30:00,INDEX:ADRN,1.41,1.93,0.92,0.95,0.0
2018-09-20 13:30:00,INDEX:ADRN,3.45,3.45,1.7,3.19,0.0
2018-09-21 13:30:00,INDEX:ADRN,1.42,1.99,0.95,0.97,0.0
2018-09-24 13:30:00,INDEX:ADRN,0.59,0.59,0.3,0.37,0.0
2018-09-25 13:30:00,INDEX:ADRN,1.79,1.79,0.96,0.96,0.0
2018-09-26 13:30:00,INDEX:ADRN,0.94,1.11,0.39,0.39,0.0
2018-09-27 13:30:00,INDEX:ADRN,1.44,2.43,1.14,1.15,0.0
2018-09-28 13:30:00,INDEX:ADRN,0.76,2.15,0.76,1.39,0.0
2018-10-01 13:30:00,INDEX:ADRN,2.51,2.51,0.53,0.65,0.0
2018-10-02 13:30:00,INDEX:ADRN,0.87,1.57,0.46,0.62,0.0
2018-10-03 13:30:00,INDEX:ADRN,3.25,3.25,1.45,1.59,0.0
2018-10-04 13:30:00,INDEX:ADRN,0.32,0.45,0.21,0.3,0.0
2018-10-05 13:30:00,INDEX:ADRN,1.68,1.68,0.32,0.51,0.0
2018-10-08 13:30:00,INDEX:ADRN,0.51,1.3,0.51,1.23,0.0
2018-10-09 13:30:00,INDEX:ADRN,0.49,1.27,0.49,0.69,0.0
2018-10-10 13:30:00,INDEX:ADRN,0.5,0.55,0.09,0.09,0.0
2018-10-11 13:30:00,INDEX:ADRN,0.42,0.82,0.16,0.17,0.0
2018-10-12 13:30:00,INDEX:ADRN,7.48,7.48,0.57,1.29,0.0
2018-10-15 13:30:00,INDEX:ADRN,1.15,3.42,0.9,1.68,0.0
2018-10-16 13:30:00,INDEX:ADRN,2.93,10.08,1.46,9.95,0.0
2018-10-17 13:30:00,INDEX:ADRN,0.35,0.63,0.14,0.49,0.0
2018-10-18 13:30:00,INDEX:ADRN,0.26,0.78,0.11,0.17,0.0
2018-10-19 13:30:00,INDEX:ADRN,1.36,4.35,0.65,0.76,0.0
2018-10-22 13:30:00,INDEX:ADRN,3.09,3.09,0.59,0.63,0.0
2018-10-23 13:30:00,INDEX:ADRN,0.12,0.65,0.07,0.41,0.0
2018-10-24 13:30:00,INDEX:ADRN,0.92,1.33,0.17,0.17,0.0
2018-10-25 13:30:00,INDEX:ADRN,3.26,4.66,3.04,3.81,0.0
2018-10-26 13:30:00,INDEX:ADRN,0.13,0.74,0.08,0.35,0.0
2018-10-29 13:30:00,INDEX:ADRN,6.63,6.77,0.38,0.7,0.0
2018-10-30 13:30:00,INDEX:ADRN,1.09,5.92,1.09,4.03,0.0
2018-10-31 13:30:00,INDEX:ADRN,4.78,4.78,1.39,1.39,0.0
2018-11-01 13:30:00,INDEX:ADRN,2.84,3.87,2.53,3.58,0.0
2018-11-02 13:30:00,INDEX:ADRN,3.61,3.61,0.48,0.88,0.0
2018-11-05 14:30:00,INDEX:ADRN,2.75,2.75,0.96,1.67,0.0
2018-11-06 14:30:00,INDEX:ADRN,0.92,1.82,0.92,1.71,0.0
2018-11-07 14:30:00,INDEX:ADRN,4.97,4.97,1.4,3.81,0.0
2018-11-08 14:30:00,INDEX:ADRN,0.47,0.88,0.46,0.69,0.0
2018-11-09 14:30:00,INDEX:ADRN,0.28,0.43,0.21,0.37,0.0
2018-11-12 14:30:00,INDEX:ADRN,0.78,0.78,0.25,0.25,0.0
2018-11-13 14:30:00,INDEX:ADRN,2.71,2.71,0.76,0.88,0.0
2018-11-14 14:30:00,INDEX:ADRN,5.58,5.58,0.39,0.66,0.0
2018-11-15 14:30:00,INDEX:ADRN,0.22,2.41,0.22,2.35,0.0
2018-11-16 14:30:00,INDEX:ADRN,0.38,1.55,0.38,1.31,0.0
2018-11-19 14:30:00,INDEX:ADRN,0.58,1.15,0.25,0.38,0.0
2018-11-20 14:30:00,INDEX:ADRN,0.19,0.36,0.11,0.16,0.0
2018-11-21 14:30:00,INDEX:ADRN,3.38,9.01,3.38,3.77,0.0
2018-11-23 14:30:00,INDEX:ADRN,0.2,1.31,0.2,0.73,0.0
2018-11-26 14:30:00,INDEX:ADRN,8.14,8.14,1.62,2.41,0.0
2018-11-27 14:30:00,INDEX:ADRN,0.55,0.88,0.39,0.6,0.0
2018-11-28 14:30:00,INDEX:ADRN,2.68,6.47,0.54,6.44,0.0
2018-11-29 14:30:00,INDEX:ADRN,0.75,1.37,0.36,0.73,0.0
2018-11-30 14:30:00,INDEX:ADRN,0.74,1.46,0.69,1.3,0.0
2018-12-03 14:30:00,INDEX:ADRN,6.81,6.81,1.25,2.86,0.0
2018-12-04 14:30:00,INDEX:ADRN,0.67,0.67,0.08,0.08,0.0
2018-12-06 14:30:00,INDEX:ADRN,0.08,0.72,0.07,0.72,0.0
2018-12-07 14:30:00,INDEX:ADRN,1.55,2.58,0.23,0.28,0.0
2018-12-10 14:30:00,INDEX:ADRN,0.8,0.8,0.1,0.41,0.0
2018-12-11 14:30:00,INDEX:ADRN,11.56,11.56,0.48,0.75,0.0
2018-12-12 14:30:00,INDEX:ADRN,14.16,14.16,2.28,2.28,0.0
2018-12-13 14:30:00,INDEX:ADRN,1.89,1.89,0.44,0.54,0.0
2018-12-14 14:30:00,INDEX:ADRN,0.14,0.87,0.14,0.23,0.0
2018-12-17 14:30:00,INDEX:ADRN,0.41,1.04,0.12,0.14,0.0
2018-12-18 14:30:00,INDEX:ADRN,5.74,5.74,0.92,1.02,0.0
2018-12-19 14:30:00,INDEX:ADRN,2.52,4.02,0.21,0.24,0.0
2018-12-20 14:30:00,INDEX:ADRN,0.66,1.53,0.11,0.24,0.0
2018-12-21 14:30:00,INDEX:ADRN,1.13,3.27,0.18,0.18,0.0
2018-12-24 14:30:00,INDEX:ADRN,0.22,0.52,0.13,0.15,0.0
2018-12-26 14:30:00,INDEX:ADRN,8.64,16.57,0.65,16.56,0.0
2018-12-27 14:30:00,INDEX:ADRN,0.09,1.46,0.08,1.46,0.0
2018-12-28 14:30:00,INDEX:ADRN,2.62,5.86,0.64,1.24,0.0
2018-12-31 14:30:00,INDEX:ADRN,5.07,5.07,0.51,2.45,0.0
2019-01-02 14:30:00,INDEX:ADRN,0.06,1.82,0.06,1.64,0.0
2019-01-03 14:30:00,INDEX:ADRN,0.39,1.09,0.24,0.44,0.0
2019-01-04 14:30:00,INDEX:ADRN,10.08,26.35,10.08,18.25,0.0
2019-01-07 14:30:00,INDEX:ADRN,1.34,6.25,0.98,3.55,0.0
2019-01-08 14:30:00,INDEX:ADRN,7.35,7.35,1.42,4.13,0.0
2019-01-09 14:30:00,INDEX:ADRN,4.99,4.99,1.26,2.76,0.0
2019-01-10 14:30:00,INDEX:ADRN,0.19,1.72,0.19,1.67,0.0
2019-01-11 14:30:00,INDEX:ADRN,0.29,1.21,0.29,1.12,0.0
2019-01-14 14:30:00,INDEX:ADRN,0.13,0.91,0.13,0.5,0.0
2019-01-15 14:30:00,INDEX:ADRN,1.91,1.91,1.91,1.91,0.0
2019-01-16 14:30:00,INDEX:ADRN,1.85,3.21,1.81,2.0,0.0
2019-01-17 14:30:00,INDEX:ADRN,0.56,3.58,0.56,2.99,0.0
2019-01-18 14:30:00,INDEX:ADRN,6.24,6.24,2.65,3.87,0.0
2019-01-22 14:30:00,INDEX:ADRN,0.22,0.28,0.11,0.21,0.0
2019-01-23 14:30:00,INDEX:ADRN,3.42,3.46,0.44,0.92,0.0
2019-01-24 14:30:00,INDEX:ADRN,1.02,2.37,0.97,2.0,0.0
2019-01-25 14:30:00,INDEX:ADRN,8.99,8.99,3.53,3.98,0.0
2019-01-28 14:30:00,INDEX:ADRN,0.13,0.69,0.13,0.68,0.0
2019-01-29 14:30:00,INDEX:ADRN,1.69,1.82,0.95,1.24,0.0
2019-01-30 14:30:00,INDEX:ADRN,2.89,5.31,0.98,3.74,0.0
2019-01-31 14:30:00,INDEX:ADRN,0.89,2.7,0.72,2.01,0.0
2019-02-01 14:30:00,INDEX:ADRN,1.38,1.44,0.84,1.29,0.0
2019-02-04 14:30:00,INDEX:ADRN,0.6,2.59,0.52,2.59,0.0
2019-02-05 14:30:00,INDEX:ADRN,2.05,2.05,0.81,1.75,0.0
2019-02-06 14:30:00,INDEX:ADRN,0.72,0.72,0.37,0.59,0.0
2019-02-07 14:30:00,INDEX:ADRN,0.23,0.57,0.22,0.45,0.0
2019-02-08 14:30:00,INDEX:ADRN,0.36,0.85,0.29,0.85,0.0
2019-02-11 14:30:00,INDEX:ADRN,1.43,1.83,1.1,1.8,0.0
2019-02-12 14:30:00,INDEX:ADRN,5.04,5.04,2.94,3.33,0.0
2019-02-13 14:30:00,INDEX:ADRN,2.99,2.99,1.12,1.65,0.0
2019-02-14 14:30:00,INDEX:ADRN,0.26,1.58,0.26,1.0,0.0
2019-02-15 14:30:00,INDEX:ADRN,4.64,5.71,3.77,4.56,0.0
2019-02-19 14:30:00,INDEX:ADRN,0.48,2.32,0.48,1.67,0.0
2019-02-20 14:30:00,INDEX:ADRN,1.05,1.96,1.05,1.61,0.0
2019-02-21 14:30:00,INDEX:ADRN,0.39,0.71,0.39,0.64,0.0
2019-02-22 14:30:00,INDEX:ADRN,2.83,4.09,2.19,3.06,0.0
2019-02-25 14:30:00,INDEX:ADRN,3.18,3.18,0.83,0.83,0.0
2019-02-26 14:30:00,INDEX:ADRN,0.7,0.97,0.54,0.54,0.0
2019-02-27 14:30:00,INDEX:ADRN,0.5,1.11,0.43,1.0,0.0
2019-02-28 14:30:00,INDEX:ADRN,0.52,0.88,0.49,0.65,0.0
2019-03-01 14:30:00,INDEX:ADRN,5.13,5.13,0.83,1.7,0.0
2019-03-04 14:30:00,INDEX:ADRN,2.44,2.44,0.26,0.69,0.0
2019-03-05 14:30:00,INDEX:ADRN,0.98,1.0,0.54,0.64,0.0
2019-03-06 14:30:00,INDEX:ADRN,0.94,0.94,0.19,0.2,0.0
2019-03-07 14:30:00,INDEX:ADRN,0.56,0.62,0.27,0.36,0.0
2019-03-08 14:30:00,INDEX:ADRN,0.24,0.79,0.24,0.77,0.0
2019-03-11 13:30:00,INDEX:ADRN,3.59,6.16,3.13,6.16,0.0
2019-03-12 13:30:00,INDEX:ADRN,2.23,2.23,1.1,1.35,0.0
2019-03-13 13:30:00,INDEX:ADRN,3.91,4.64,2.2,2.2,0.0
2019-03-15 13:30:00,INDEX:ADRN,1.91,2.87,1.15,1.41,0.0
2019-03-18 13:30:00,INDEX:ADRN,2.19,3.92,1.08,2.38,0.0
2019-03-19 13:30:00,INDEX:ADRN,2.89,2.89,0.45,0.58,0.0
2019-03-20 13:30:00,INDEX:ADRN,0.48,1.43,0.24,0.58,0.0
2019-03-21 13:30:00,INDEX:ADRN,0.61,4.27,0.61,3.02,0.0
2019-03-22 13:30:00,INDEX:ADRN,0.22,0.27,0.09,0.09,0.0
2019-03-25 13:30:00,INDEX:ADRN,0.65,2.26,0.33,1.32,0.0
2019-03-26 13:30:00,INDEX:ADRN,8.01,11.18,1.79,3.35,0.0
2019-03-27 13:30:00,INDEX:ADRN,1.58,1.58,0.23,0.75,0.0
2019-03-28 13:30:00,INDEX:ADRN,2.12,3.64,0.68,2.26,0.0
2019-03-29 13:30:00,INDEX:ADRN,4.11,4.11,0.99,1.51,0.0
2019-04-01 13:30:00,INDEX:ADRN,6.4,6.4,2.01,3.52,0.0
2019-04-02 13:30:00,INDEX:ADRN,0.59,0.76,0.27,0.68,0.0
2019-04-03 13:30:00,INDEX:ADRN,3.33,3.89,1.1,1.35,0.0
2019-04-04 13:30:00,INDEX:ADRN,1.47,2.09,1.27,2.08,0.0
2019-04-05 13:30:00,INDEX:ADRN,2.93,4.26,1.95,3.31,0.0
2019-04-08 13:30:00,INDEX:ADRN,0.55,1.05,0.44,1.05,0.0
2019-04-09 13:30:00,INDEX:ADRN,0.23,0.4,0.2,0.23,0.0
2019-04-10 13:30:00,INDEX:ADRN,3.53,3.8,1.93,3.24,0.0
2019-04-11 13:30:00,INDEX:ADRN,1.24,1.53,0.77,1.09,0.0
2019-04-12 13:30:00,INDEX:ADRN,3.38,3.38,1.45,2.17,0.0
2019-04-15 13:30:00,INDEX:ADRN,1.47,1.47,0.5,0.66,0.0
2019-04-16 13:30:00,INDEX:ADRN,2.73,2.73,1.03,1.28,0.0
2019-04-17 13:30:00,INDEX:ADRN,2.03,2.03,0.57,0.69,0.0
2019-04-18 13:30:00,INDEX:ADRN,0.86,1.46,0.57,1.1,0.0
2019-04-22 13:30:00,INDEX:ADRN,0.5,0.67,0.48,0.65,0.0
2019-04-23 13:30:00,INDEX:ADRN,1.7,4.02,1.43,3.03,0.0
2019-04-24 13:30:00,INDEX:ADRN,0.89,1.49,0.77,0.96,0.0
2019-04-25 13:30:00,INDEX:ADRN,0.24,0.59,0.22,0.48,0.0
2019-04-26 13:30:00,INDEX:ADRN,1.32,2.89,1.13,2.85,0.0
2019-04-29 13:30:00,INDEX:ADRN,1.39,1.88,1.25,1.29,0.0
2019-04-30 13:30:00,INDEX:ADRN,1.32,1.32,0.42,0.97,0.0
2019-05-01 13:30:00,INDEX:ADRN,1.64,1.64,0.35,0.35,0.0
2019-05-02 13:30:00,INDEX:ADRN,0.79,1.66,0.42,0.97,0.0
2019-05-03 13:30:00,INDEX:ADRN,6.75,6.75,3.83,5.39,0.0
2019-05-06 13:30:00,INDEX:ADRN,0.1,0.79,0.1,0.63,0.0
2019-05-07 13:30:00,INDEX:ADRN,0.16,0.22,0.09,0.14,0.0
2019-05-08 13:30:00,INDEX:ADRN,0.62,1.65,0.62,0.66,0.0
2019-05-09 13:30:00,INDEX:ADRN,0.16,0.88,0.13,0.78,0.0
2019-05-10 13:30:00,INDEX:ADRN,0.44,2.12,0.21,1.76,0.0
2019-05-13 13:30:00,INDEX:ADRN,0.07,0.13,0.06,0.12,0.0
2019-05-14 13:30:00,INDEX:ADRN,3.6,4.85,2.22,3.45,0.0
2019-05-15 13:30:00,INDEX:ADRN,0.19,2.06,0.19,1.69,0.0
2019-05-16 13:30:00,INDEX:ADRN,2.04,2.04,2.04,2.04,0.0
2019-05-17 13:30:00,INDEX:ADRN,0.15,0.99,0.15,0.27,0.0
2019-05-20 13:30:00,INDEX:ADRN,0.28,0.78,0.28,0.53,0.0
2019-05-21 13:30:00,INDEX:ADRN,5.12,7.27,4.35,4.62,0.0
2019-05-22 13:30:00,INDEX:ADRN,0.36,0.54,0.33,0.43,0.0
2019-05-23 13:30:00,INDEX:ADRN,0.09,0.2,0.09,0.2,0.0
2019-05-24 13:30:00,INDEX:ADRN,9.73,9.73,1.28,1.98,0.0
2019-05-28 13:30:00,INDEX:ADRN,2.06,2.06,0.35,0.35,0.0
2019-05-29 13:30:00,INDEX:ADRN,0.15,0.45,0.11,0.39,0.0
2019-05-30 13:30:00,INDEX:ADRN,3.18,4.78,0.56,0.83,0.0
2019-05-31 13:30:00,INDEX:ADRN,0.09,0.39,0.09,0.38,0.0
2019-06-03 13:30:00,INDEX:ADRN,2.4,3.63,1.18,2.31,0.0
2019-06-04 13:30:00,INDEX:ADRN,6.4,6.4,2.76,5.46,0.0
2019-06-05 13:30:00,INDEX:ADRN,2.24,2.24,0.45,0.86,0.0
2019-06-06 13:30:00,INDEX:ADRN,1.17,1.56,0.46,1.2,0.0
2019-06-07 13:30:00,INDEX:ADRN,4.13,5.33,2.35,2.46,0.0
2019-06-10 13:30:00,INDEX:ADRN,2.8,2.8,1.41,1.41,0.0
2019-06-11 13:30:00,INDEX:ADRN,6.49,6.49,0.82,1.05,0.0
2019-06-12 13:30:00,INDEX:ADRN,0.66,0.99,0.59,0.83,0.0
2019-06-13 13:30:00,INDEX:ADRN,3.85,5.07,2.04,3.08,0.0
2019-06-14 13:30:00,INDEX:ADRN,0.38,0.65,0.37,0.47,0.0
2019-06-17 13:30:00,INDEX:ADRN,1.15,1.56,0.83,1.09,0.0
2019-06-18 13:30:00,INDEX:ADRN,7.25,10.42,2.57,2.9,0.0
2019-06-19 13:30:00,INDEX:ADRN,0.93,1.92,0.74,1.68,0.0
2019-06-20 13:30:00,INDEX:ADRN,9.76,9.76,1.57,2.7,0.0
2019-06-21 13:30:00,INDEX:ADRN,0.36,0.67,0.25,0.52,0.0
2019-06-24 13:30:00,INDEX:ADRN,1.29,1.29,0.46,0.46,0.0
2019-06-25 13:30:00,INDEX:ADRN,0.93,1.21,0.48,0.48,0.0
2019-06-26 13:30:00,INDEX:ADRN,2.0,2.06,1.01,1.01,0.0
2019-06-27 13:30:00,INDEX:ADRN,3.14,3.23,1.9,3.22,0.0
2019-06-28 13:30:00,INDEX:ADRN,3.69,4.51,2.79,3.68,0.0
2019-07-01 13:30:00,INDEX:ADRN,9.59,9.59,1.03,1.44,0.0
2019-07-02 13:30:00,INDEX:ADRN,0.71,0.94,0.61,0.87,0.0
2019-07-03 13:30:00,INDEX:ADRN,2.16,2.92,1.9,2.83,0.0
2019-07-05 13:30:00,INDEX:ADRN,0.26,1.34,0.26,1.34,0.0
2019-07-08 13:30:00,INDEX:ADRN,0.36,0.76,0.36,0.44,0.0
2019-07-09 13:30:00,INDEX:ADRN,0.34,0.91,0.32,0.9,0.0
2019-07-10 13:30:00,INDEX:ADRN,5.85,5.85,1.04,1.35,0.0
2019-07-11 13:30:00,INDEX:ADRN,1.33,1.43,0.47,0.85,0.0
2019-07-12 13:30:00,INDEX:ADRN,1.96,2.28,1.54,1.97,0.0
2019-07-15 13:30:00,INDEX:ADRN,1.41,1.41,0.49,0.71,0.0
2019-07-16 13:30:00,INDEX:ADRN,0.6,1.72,0.6,0.98,0.0
2019-07-17 13:30:00,INDEX:ADRN,0.84,0.84,0.31,0.38,0.0
2019-07-18 13:30:00,INDEX:ADRN,0.45,1.31,0.44,1.13,0.0
2019-07-19 13:30:00,INDEX:ADRN,1.4,1.73,0.58,0.58,0.0
2019-07-22 13:30:00,INDEX:ADRN,1.96,2.02,0.7,0.8,0.0
2019-07-23 13:30:00,INDEX:ADRN,3.01,3.01,1.27,2.42,0.0
2019-07-24 13:30:00,INDEX:ADRN,0.65,2.7,0.65,2.63,0.0
2019-07-25 13:30:00,INDEX:ADRN,0.64,0.64,0.25,0.31,0.0
2019-07-26 13:30:00,INDEX:ADRN,2.19,2.72,1.66,2.32,0.0
2019-07-29 13:30:00,INDEX:ADRN,1.13,1.13,0.56,0.71,0.0
2019-07-30 13:30:00,INDEX:ADRN,0.27,1.68,0.27,1.67,0.0
2019-07-31 13:30:00,INDEX:ADRN,1.75,1.84,0.3,0.38,0.0
2019-08-01 13:30:00,INDEX:ADRN,0.85,1.68,0.3,0.33,0.0
2019-08-02 13:30:00,INDEX:ADRN,0.43,0.54,0.23,0.45,0.0
2019-08-05 13:30:00,INDEX:ADRN,0.05,0.08,0.04,0.06,0.0
2019-08-06 13:30:00,INDEX:ADRN,5.62,5.62,0.78,2.24,0.0
2019-08-07 13:30:00,INDEX:ADRN,0.11,1.05,0.11,1.05,0.0
2019-08-08 13:30:00,INDEX:ADRN,3.66,6.35,3.08,6.09,0.0
2019-08-09 13:30:00,INDEX:ADRN,0.42,0.47,0.21,0.31,0.0
2019-08-12 13:30:00,INDEX:ADRN,0.21,0.37,0.19,0.26,0.0
2019-08-13 13:30:00,INDEX:ADRN,0.39,6.25,0.39,2.87,0.0
2019-08-14 13:30:00,INDEX:ADRN,0.07,0.09,0.04,0.05,0.0
2019-08-15 13:30:00,INDEX:ADRN,1.96,1.96,0.56,0.93,0.0
2019-08-16 13:30:00,INDEX:ADRN,6.25,10.76,5.83,8.18,0.0
2019-08-19 13:30:00,INDEX:ADRN,7.93,7.93,3.8,3.8,0.0
2019-08-20 13:30:00,INDEX:ADRN,0.32,0.72,0.31,0.42,0.0
2019-08-21 13:30:00,INDEX:ADRN,5.76,7.84,2.38,2.7,0.0
2019-08-22 13:30:00,INDEX:ADRN,2.99,2.99,0.42,0.79,0.0
2019-08-23 13:30:00,INDEX:ADRN,0.24,0.88,0.06,0.06,0.0
2019-08-26 13:30:00,INDEX:ADRN,13.22,13.22,1.96,2.82,0.0
2019-08-27 13:30:00,INDEX:ADRN,5.82,5.82,0.28,0.33,0.0
2019-08-28 13:30:00,INDEX:ADRN,0.4,4.65,0.4,3.31,0.0
2019-08-29 13:30:00,INDEX:ADRN,13.92,13.92,5.38,5.97,0.0
2019-08-30 13:30:00,INDEX:ADRN,5.16,5.16,0.73,1.39,0.0
2019-09-03 13:30:00,INDEX:ADRN,0.14,0.44,0.14,0.42,0.0
2019-09-04 13:30:00,INDEX:ADRN,13.01,13.01,3.76,4.93,0.0
2019-09-05 13:30:00,INDEX:ADRN,4.87,5.28,3.04,3.2,0.0
2019-09-06 13:30:00,INDEX:ADRN,1.88,2.09,1.04,1.17,0.0
2019-09-09 13:30:00,INDEX:ADRN,1.99,2.17,1.68,2.13,0.0
2019-09-10 13:30:00,INDEX:ADRN,0.88,2.36,0.83,2.16,0.0
2019-09-11 13:30:00,INDEX:ADRN,1.06,3.55,1.06,3.54,0.0
2019-09-12 13:30:00,INDEX:ADRN,0.95,1.3,0.53,1.01,0.0
2019-09-13 13:30:00,INDEX:ADRN,2.76,3.31,1.21,1.22,0.0
2019-09-16 13:30:00,INDEX:ADRN,0.53,1.46,0.53,1.08,0.0
2019-09-17 13:30:00,INDEX:ADRN,0.43,0.91,0.43,0.9,0.0
2019-09-18 13:30:00,INDEX:ADRN,0.46,0.62,0.26,0.6,0.0
2019-09-19 13:30:00,INDEX:ADRN,2.96,2.96,0.74,0.76,0.0
2019-09-20 13:30:00,INDEX:ADRN,2.9,2.9,0.68,0.78,0.0
2019-09-23 13:30:00,INDEX:ADRN,0.29,1.52,0.29,1.06,0.0
2019-09-24 13:30:00,INDEX:ADRN,1.59,1.59,0.26,0.31,0.0
2019-09-25 13:30:00,INDEX:ADRN,1.19,2.67,0.75,2.45,0.0
2019-09-26 13:30:00,INDEX:ADRN,0.86,0.87,0.37,0.64,0.0
2019-09-27 13:30:00,INDEX:ADRN,2.08,2.2,0.42,0.66,0.0
2019-09-30 13:30:00,INDEX:ADRN,1.87,2.08,1.06,1.37,0.0
2019-10-01 13:30:00,INDEX:ADRN,2.96,2.96,0.16,0.17,0.0
2019-10-02 13:30:00,INDEX:ADRN,0.14,0.25,0.1,0.22,0.0
2019-10-03 13:30:00,INDEX:ADRN,0.7,1.91,0.2,1.76,0.0
2019-10-04 13:30:00,INDEX:ADRN,3.93,3.93,0.96,3.77,0.0
2019-10-07 13:30:00,INDEX:ADRN,0.32,1.53,0.22,0.52,0.0
2019-10-08 13:30:00,INDEX:ADRN,0.14,0.38,0.11,0.18,0.0
2019-10-09 13:30:00,INDEX:ADRN,7.42,7.42,1.48,2.17,0.0
2019-10-10 13:30:00,INDEX:ADRN,1.56,3.25,1.56,1.94,0.0
2019-10-11 13:30:00,INDEX:ADRN,8.6,9.93,4.63,4.63,0.0
2019-10-14 13:30:00,INDEX:ADRN,0.33,0.7,0.29,0.59,0.0
2019-10-15 13:30:00,INDEX:ADRN,1.43,3.74,1.41,2.37,0.0
2019-10-16 13:30:00,INDEX:ADRN,0.77,1.67,0.77,1.02,0.0
2019-10-17 13:30:00,INDEX:ADRN,3.16,4.89,1.82,2.41,0.0
2019-10-18 13:30:00,INDEX:ADRN,0.64,1.22,0.52,1.0,0.0
2019-10-21 13:30:00,INDEX:ADRN,4.95,4.95,2.49,2.78,0.0
2019-10-22 13:30:00,INDEX:ADRN,1.19,1.9,0.77,1.19,0.0
2019-10-23 13:30:00,INDEX:ADRN,0.79,1.77,0.79,1.76,0.0
2019-10-24 13:30:00,INDEX:ADRN,2.03,2.03,0.52,0.73,0.0
2019-10-25 13:30:00,INDEX:ADRN,0.7,2.25,0.7,1.58,0.0
2019-10-28 13:30:00,INDEX:ADRN,3.85,3.85,1.54,1.54,0.0
2019-10-29 13:30:00,INDEX:ADRN,0.47,1.7,0.47,1.24,0.0
2019-10-30 13:30:00,INDEX:ADRN,0.63,0.94,0.41,0.9,0.0
2019-10-31 13:30:00,INDEX:ADRN,0.49,0.49,0.25,0.47,0.0
2019-11-01 13:30:00,INDEX:ADRN,4.9,5.95,2.91,3.52,0.0
2019-11-04 14:30:00,INDEX:ADRN,3.66,3.66,1.64,1.78,0.0
2019-11-05 14:30:00,INDEX:ADRN,1.91,2.07,0.9,1.03,0.0
2019-11-06 14:30:00,INDEX:ADRN,0.56,1.07,0.56,0.75,0.0
2019-11-07 14:30:00,INDEX:ADRN,3.66,3.66,1.02,1.18,0.0
2019-11-08 14:30:00,INDEX:ADRN,0.48,1.03,0.48,0.96,0.0
2019-11-11 14:30:00,INDEX:ADRN,0.37,0.76,0.37,0.76,0.0
2019-11-12 14:30:00,INDEX:ADRN,1.07,2.04,0.75,0.81,0.0
2019-11-13 14:30:00,INDEX:ADRN,0.31,0.78,0.31,0.68,0.0
2019-11-14 14:30:00,INDEX:ADRN,1.16,1.79,1.02,1.18,0.0
2019-11-15 14:30:00,INDEX:ADRN,3.8,3.8,1.42,2.0,0.0
2019-11-18 14:30:00,INDEX:ADRN,0.55,0.75,0.55,0.72,0.0
2019-11-19 14:30:00,INDEX:ADRN,1.44,1.44,0.7,0.9,0.0
2019-11-20 14:30:00,INDEX:ADRN,0.46,1.18,0.37,0.61,0.0
2019-11-21 14:30:00,INDEX:ADRN,0.82,0.98,0.36,0.67,0.0
2019-11-22 14:30:00,INDEX:ADRN,2.76,2.76,0.9,1.53,0.0
2019-11-25 14:30:00,INDEX:ADRN,3.57,5.81,3.57,4.12,0.0
2019-11-26 14:30:00,INDEX:ADRN,0.75,1.56,0.75,1.1,0.0
2019-11-27 14:30:00,INDEX:ADRN,1.86,2.16,1.28,2.15,0.0
2019-11-29 14:30:00,INDEX:ADRN,0.36,0.74,0.36,0.41,0.0
2019-12-02 14:30:00,INDEX:ADRN,0.92,0.94,0.29,0.3,0.0
2019-12-03 14:30:00,INDEX:ADRN,0.2,0.53,0.18,0.51,0.0
2019-12-04 14:30:00,INDEX:ADRN,5.15,6.52,2.52,2.52,0.0
2019-12-05 14:30:00,INDEX:ADRN,2.54,2.54,1.0,1.44,0.0
2019-12-06 14:30:00,INDEX:ADRN,7.35,7.35,3.76,3.77,0.0
2019-12-09 14:30:00,INDEX:ADRN,0.78,1.32,0.78,0.86,0.0
2019-12-10 14:30:00,INDEX:ADRN,0.6,1.25,0.6,0.87,0.0
2019-12-11 14:30:00,INDEX:ADRN,1.52,1.65,0.91,1.43,0.0
2019-12-12 14:30:00,INDEX:ADRN,3.3,4.73,1.63,2.08,0.0
2019-12-13 14:30:00,INDEX:ADRN,0.69,1.62,0.47,0.76,0.0
2019-12-16 14:30:00,INDEX:ADRN,4.22,4.24,2.29,2.31,0.0
2019-12-17 14:30:00,INDEX:ADRN,1.36,1.5,1.11,1.39,0.0
2019-12-18 14:30:00,INDEX:ADRN,1.97,1.97,0.94,1.51,0.0
2019-12-19 14:30:00,INDEX:ADRN,1.14,1.5,1.01,1.41,0.0
2019-12-20 14:30:00,INDEX:ADRN,2.66,2.66,1.36,1.49,0.0
2019-12-23 14:30:00,INDEX:ADRN,0.6,1.12,0.6,1.0,0.0
2019-12-24 14:30:00,INDEX:ADRN,1.07,1.44,1.07,1.21,0.0
2019-12-26 14:30:00,INDEX:ADRN,2.28,2.34,1.21,1.81,0.0
2019-12-27 14:30:00,INDEX:ADRN,1.61,1.61,0.61,0.67,0.0
2019-12-30 14:30:00,INDEX:ADRN,0.54,1.21,0.42,0.72,0.0
2019-12-31 14:30:00,INDEX:ADRN,1.8,3.13,1.45,1.92,0.0
2020-01-02 14:30:00,INDEX:ADRN,2.74,2.74,0.6,1.16,0.0
2020-01-03 14:30:00,INDEX:ADRN,0.31,0.72,0.31,0.68,0.0
2020-01-06 14:30:00,INDEX:ADRN,0.44,1.29,0.39,1.15,0.0
2020-01-07 14:30:00,INDEX:ADRN,0.37,0.79,0.35,0.58,0.0
2020-01-08 14:30:00,INDEX:ADRN,1.53,1.84,0.88,1.17,0.0
2020-01-09 14:30:00,INDEX:ADRN,1.15,1.53,1.09,1.2,0.0
2020-01-10 14:30:00,INDEX:ADRN,0.54,1.22,0.54,0.65,0.0
2020-01-13 14:30:00,INDEX:ADRN,1.11,2.59,1.11,2.52,0.0
2020-01-14 14:30:00,INDEX:ADRN,0.62,1.78,0.58,1.17,0.0
2020-01-15 14:30:00,INDEX:ADRN,1.9,1.97,0.94,1.26,0.0
2020-01-16 14:30:00,INDEX:ADRN,6.55,6.55,3.24,3.69,0.0
2020-01-17 14:30:00,INDEX:ADRN,1.76,1.76,0.86,0.96,0.0
2020-01-21 14:30:00,INDEX:ADRN,0.3,0.59,0.3,0.5,0.0
2020-01-22 14:30:00,INDEX:ADRN,2.6,2.6,0.72,0.82,0.0
2020-01-23 14:30:00,INDEX:ADRN,0.2,1.22,0.2,1.03,0.0
2020-01-24 14:30:00,INDEX:ADRN,0.76,0.76,0.14,0.25,0.0
2020-01-27 14:30:00,INDEX:ADRN,0.08,0.25,0.07,0.16,0.0
2020-01-28 14:30:00,INDEX:ADRN,3.16,5.04,2.72,2.73,0.0
2020-01-29 14:30:00,INDEX:ADRN,2.17,2.17,0.61,0.65,0.0
2020-01-30 14:30:00,INDEX:ADRN,0.38,0.98,0.19,0.98,0.0
2020-01-31 14:30:00,INDEX:ADRN,0.27,0.27,0.09,0.11,0.0
2020-02-03 14:30:00,INDEX:ADRN,3.84,4.64,1.93,2.07,0.0
2020-02-04 14:30:00,INDEX:ADRN,8.81,8.81,3.07,3.07,0.0
2020-02-05 14:30:00,INDEX:ADRN,4.36,4.51,3.45,4.0,0.0
2020-02-06 14:30:00,INDEX:ADRN,1.03,1.3,0.72,0.72,0.0
2020-02-07 14:30:00,INDEX:ADRN,0.27,0.41,0.23,0.32,0.0
2020-02-10 14:30:00,INDEX:ADRN,0.75,1.27,0.62,1.27,0.0
2020-02-11 14:30:00,INDEX:ADRN,4.14,5.4,2.19,2.42,0.0
2020-02-12 14:30:00,INDEX:ADRN,2.81,2.81,2.0,2.12,0.0
2020-02-13 14:30:00,INDEX:ADRN,0.69,1.11,0.4,0.93,0.0
2020-02-14 14:30:00,INDEX:ADRN,1.09,1.2,0.64,0.93,0.0
2020-02-18 14:30:00,INDEX:ADRN,0.79,0.94,0.4,0.62,0.0
2020-02-19 14:30:00,INDEX:ADRN,2.15,2.15,1.31,1.34,0.0
2020-02-20 14:30:00,INDEX:ADRN,1.11,1.91,0.58,1.33,0.0
2020-02-21 14:30:00,INDEX:ADRN,0.28,0.51,0.24,0.4,0.0
2020-02-24 14:30:00,INDEX:ADRN,0.04,0.08,0.04,0.07,0.0
2020-02-25 14:30:00,INDEX:ADRN,0.57,0.57,0.05,0.06,0.0
2020-02-26 14:30:00,INDEX:ADRN,3.54,3.54,0.36,0.36,0.0
2020-02-27 14:30:00,INDEX:ADRN,0.07,0.64,0.04,0.1,0.0
2020-02-28 14:30:00,INDEX:ADRN,0.06,0.44,0.06,0.44,0.0
2020-03-02 14:30:00,INDEX:ADRN,0.63,3.79,0.58,3.79,0.0
2020-03-03 14:30:00,INDEX:ADRN,0.35,3.89,0.14,0.22,0.0
2020-03-04 14:30:00,INDEX:ADRN,3.64,5.85,1.65,5.84,0.0
2020-03-05 14:30:00,INDEX:ADRN,0.05,0.14,0.05,0.1,0.0
2020-03-06 14:30:00,INDEX:ADRN,0.03,0.26,0.03,0.22,0.0
2020-03-09 13:30:00,INDEX:ADRN,0.01,0.03,0.01,0.02,0.0
2020-03-10 13:30:00,INDEX:ADRN,8.38,13.53,0.67,4.69,0.0
2020-03-11 13:30:00,INDEX:ADRN,0.04,0.08,0.03,0.04,0.0
2020-03-12 13:30:00,INDEX:ADRN,0.01,0.06,0.01,0.03,0.0
2020-03-13 13:30:00,INDEX:ADRN,6.61,11.41,0.98,7.24,0.0
2020-03-16 13:30:00,INDEX:ADRN,0.03,0.09,0.01,0.04,0.0
2020-03-17 13:30:00,INDEX:ADRN,0.53,3.12,0.53,1.92,0.0
2020-03-18 13:30:00,INDEX:ADRN,0.04,0.12,0.03,0.09,0.0
2020-03-19 13:30:00,INDEX:ADRN,0.25,3.23,0.25,2.71,0.0
2020-03-20 13:30:00,INDEX:ADRN,1.47,2.72,0.46,0.48,0.0
2020-03-23 13:30:00,INDEX:ADRN,0.18,0.6,0.18,0.4,0.0
2020-03-24 13:30:00,INDEX:ADRN,36.11,36.11,6.35,12.45,0.0
2020-03-25 13:30:00,INDEX:ADRN,4.21,8.76,0.62,2.72,0.0
2020-03-26 13:30:00,INDEX:ADRN,4.12,12.32,3.35,5.88,0.0
2020-03-27 13:30:00,INDEX:ADRN,0.04,0.43,0.04,0.23,0.0
2020-03-30 13:30:00,INDEX:ADRN,0.42,1.44,0.42,1.43,0.0
2020-03-31 13:30:00,INDEX:ADRN,0.85,1.54,0.48,0.75,0.0
2020-04-01 13:30:00,INDEX:ADRN,0.05,0.13,0.05,0.07,0.0
2020-04-02 13:30:00,INDEX:ADRN,1.83,5.02,0.6,1.58,0.0
2020-04-03 13:30:00,INDEX:ADRN,0.95,0.95,0.13,0.29,0.0
2020-04-06 13:30:00,INDEX:ADRN,19.32,25.05,9.86,11.1,0.0
2020-04-07 13:30:00,INDEX:ADRN,16.32,16.32,1.52,1.76,0.0
2020-04-08 13:30:00,INDEX:ADRN,4.6,8.94,2.54,8.04,0.0
2020-04-09 13:30:00,INDEX:ADRN,17.35,18.58,2.69,4.7,0.0
2020-04-13 13:30:00,INDEX:ADRN,0.21,0.37,0.17,0.35,0.0
2020-04-14 13:30:00,INDEX:ADRN,14.34,14.34,1.77,2.42,0.0
2020-04-15 13:30:00,INDEX:ADRN,0.04,0.12,0.04,0.1,0.0
2020-04-16 13:30:00,INDEX:ADRN,0.69,0.69,0.22,0.5,0.0
2020-04-17 13:30:00,INDEX:ADRN,13.02,13.02,5.99,8.45,0.0
2020-04-20 13:30:00,INDEX:ADRN,0.15,0.68,0.15,0.26,0.0
2020-04-21 13:30:00,INDEX:ADRN,0.1,0.28,0.1,0.23,0.0
2020-04-22 13:30:00,INDEX:ADRN,10.65,10.65,2.16,2.37,0.0
2020-04-23 13:30:00,INDEX:ADRN,3.94,6.54,1.73,1.74,0.0
2020-04-24 13:30:00,INDEX:ADRN,2.19,2.61,0.55,1.96,0.0
2020-04-27 13:30:00,INDEX:ADRN,3.33,8.62,3.33,6.96,0.0
2020-04-28 13:30:00,INDEX:ADRN,8.88,9.12,1.92,3.0,0.0
2020-04-29 13:30:00,INDEX:ADRN,8.65,10.07,6.8,6.96,0.0
2020-04-30 13:30:00,INDEX:ADRN,0.14,0.3,0.14,0.19,0.0
2020-05-01 13:30:00,INDEX:ADRN,0.09,0.1,0.06,0.1,0.0
2020-05-04 13:30:00,INDEX:ADRN,0.14,0.77,0.14,0.77,0.0
2020-05-05 13:30:00,INDEX:ADRN,8.81,8.81,1.09,1.09,0.0
2020-05-06 13:30:00,INDEX:ADRN,1.0,1.0,0.3,0.33,0.0
2020-05-07 13:30:00,INDEX:ADRN,8.45,8.45,2.73,2.94,0.0
2020-05-08 13:30:00,INDEX:ADRN,8.81,9.62,5.58,6.6,0.0
2020-05-11 13:30:00,INDEX:ADRN,0.19,0.54,0.19,0.36,0.0
2020-05-12 13:30:00,INDEX:ADRN,0.49,0.72,0.17,0.17,0.0
2020-05-13 13:30:00,INDEX:ADRN,0.17,0.35,0.07,0.12,0.0
2020-05-14 13:30:00,INDEX:ADRN,0.05,1.77,0.04,1.76,0.0
2020-05-15 13:30:00,INDEX:ADRN,0.58,1.73,0.58,1.46,0.0
2020-05-18 13:30:00,INDEX:ADRN,25.98,25.98,11.37,11.53,0.0
2020-05-19 13:30:00,INDEX:ADRN,0.33,1.21,0.25,0.36,0.0
2020-05-20 13:30:00,INDEX:ADRN,10.98,10.98,3.61,4.42,0.0
2020-05-21 13:30:00,INDEX:ADRN,1.96,1.96,0.41,0.9,0.0
2020-05-22 13:30:00,INDEX:ADRN,0.47,0.96,0.28,0.96,0.0
2020-05-26 13:30:00,INDEX:ADRN,15.75,15.75,5.43,5.92,0.0
2020-05-27 13:30:00,INDEX:ADRN,4.51,4.51,1.18,4.46,0.0
2020-05-28 13:30:00,INDEX:ADRN,0.65,0.95,0.38,0.42,0.0
2020-05-29 13:30:00,INDEX:ADRN,0.28,0.74,0.23,0.59,0.0
2020-06-01 13:30:00,INDEX:ADRN,2.32,4.8,2.3,2.91,0.0
2020-06-02 13:30:00,INDEX:ADRN,4.5,4.5,2.31,2.87,0.0
2020-06-03 13:30:00,INDEX:ADRN,7.82,7.82,4.95,5.13,0.0
2020-06-04 13:30:00,INDEX:ADRN,0.29,1.69,0.29,1.45,0.0
2020-06-05 13:30:00,INDEX:ADRN,14.81,15.4,7.14,8.18,0.0
2020-06-08 13:30:00,INDEX:ADRN,5.79,5.79,3.52,4.18,0.0
2020-06-09 13:30:00,INDEX:ADRN,0.11,0.23,0.08,0.16,0.0
2020-06-10 13:30:00,INDEX:ADRN,0.27,0.37,0.13,0.21,0.0
2020-06-11 13:30:00,INDEX:ADRN,0.02,0.04,0.01,0.01,0.0
2020-06-12 13:30:00,INDEX:ADRN,48.63,48.63,1.18,5.37,0.0
2020-06-15 13:30:00,INDEX:ADRN,0.05,3.06,0.05,2.44,0.0
2020-06-16 13:30:00,INDEX:ADRN,23.16,23.16,2.83,4.77,0.0
2020-06-17 13:30:00,INDEX:ADRN,0.58,0.66,0.28,0.29,0.0
2020-06-18 13:30:00,INDEX:ADRN,0.39,1.45,0.39,0.64,0.0
2020-06-19 13:30:00,INDEX:ADRN,4.39,4.39,0.3,0.43,0.0
2020-06-22 13:30:00,INDEX:ADRN,0.24,1.34,0.24,1.2,0.0
2020-06-23 13:30:00,INDEX:ADRN,8.21,8.21,1.14,1.15,0.0
2020-06-24 13:30:00,INDEX:ADRN,0.12,0.12,0.02,0.06,0.0
2020-06-25 13:30:00,INDEX:ADRN,0.19,2.5,0.19,2.5,0.0
2020-06-26 13:30:00,INDEX:ADRN,0.27,0.27,0.07,0.19,0.0
2020-06-29 13:30:00,INDEX:ADRN,1.67,7.19,1.67,5.44,0.0
2020-06-30 13:30:00,INDEX:ADRN,0.65,2.65,0.47,2.34,0.0
2020-07-01 13:30:00,INDEX:ADRN,3.96,3.96,0.5,0.63,0.0
2020-07-02 13:30:00,INDEX:ADRN,12.66,13.45,1.36,1.47,0.0
2020-07-06 13:30:00,INDEX:ADRN,14.91,14.91,1.76,2.71,0.0
2020-07-07 13:30:00,INDEX:ADRN,0.14,0.4,0.14,0.19,0.0
2020-07-08 13:30:00,INDEX:ADRN,1.25,3.45,0.47,1.35,0.0
2020-07-09 13:30:00,INDEX:ADRN,0.34,0.38,0.09,0.19,0.0
2020-07-10 13:30:00,INDEX:ADRN,2.17,3.68,1.35,3.59,0.0
2020-07-13 13:30:00,INDEX:ADRN,1.68,3.61,0.61,0.61,0.0
2020-07-14 13:30:00,INDEX:ADRN,1.01,2.97,0.78,2.97,0.0
2020-07-15 13:30:00,INDEX:ADRN,9.32,10.9,4.38,6.52,0.0
2020-07-16 13:30:00,INDEX:ADRN,0.2,1.13,0.2,0.65,0.0
2020-07-17 13:30:00,INDEX:ADRN,1.76,2.51,0.65,1.01,0.0
2020-07-20 13:30:00,INDEX:ADRN,0.55,0.57,0.33,0.47,0.0
2020-07-21 13:30:00,INDEX:ADRN,8.74,9.71,3.25,3.62,0.0
2020-07-22 13:30:00,INDEX:ADRN,0.44,1.63,0.44,1.48,0.0
2020-07-23 13:30:00,INDEX:ADRN,1.02,1.99,0.62,0.84,0.0
2020-07-24 13:30:00,INDEX:ADRN,0.59,0.78,0.26,0.31,0.0
2020-07-27 13:30:00,INDEX:ADRN,0.63,1.53,0.59,1.53,0.0
2020-07-28 13:30:00,INDEX:ADRN,0.9,1.09,0.54,0.61,0.0
2020-07-29 13:30:00,INDEX:ADRN,3.95,4.5,1.7,4.39,0.0
2020-07-30 13:30:00,INDEX:ADRN,0.12,0.39,0.1,0.36,0.0
2020-07-31 13:30:00,INDEX:ADRN,0.51,0.51,0.13,0.49,0.0
2020-08-03 13:30:00,INDEX:ADRN,1.22,1.9,0.77,1.66,0.0
2020-08-04 13:30:00,INDEX:ADRN,1.16,1.84,0.78,1.84,0.0
2020-08-05 13:30:00,INDEX:ADRN,5.96,5.96,1.77,2.47,0.0
2020-08-06 13:30:00,INDEX:ADRN,0.83,1.26,0.54,0.83,0.0
2020-08-07 13:30:00,INDEX:ADRN,0.44,2.06,0.44,2.06,0.0
2020-08-10 13:30:00,INDEX:ADRN,3.89,3.99,2.54,2.55,0.0
2020-08-11 13:30:00,INDEX:ADRN,5.36,5.36,0.9,1.08,0.0
2020-08-12 13:30:00,INDEX:ADRN,10.92,10.92,1.04,1.52,0.0
2020-08-13 13:30:00,INDEX:ADRN,0.32,1.12,0.32,0.53,0.0
2020-08-14 13:30:00,INDEX:ADRN,0.33,1.68,0.27,1.07,0.0
2020-08-17 13:30:00,INDEX:ADRN,1.13,1.13,0.67,0.83,0.0
2020-08-18 13:30:00,INDEX:ADRN,0.9,0.9,0.3,0.4,0.0
2020-08-19 13:30:00,INDEX:ADRN,0.85,2.0,0.85,1.11,0.0
2020-08-20 13:30:00,INDEX:ADRN,0.54,0.63,0.48,0.51,0.0
2020-08-21 13:30:00,INDEX:ADRN,0.58,0.58,0.28,0.46,0.0
2020-08-24 13:30:00,INDEX:ADRN,4.41,4.41,1.54,3.46,0.0
2020-08-25 13:30:00,INDEX:ADRN,2.64,2.64,0.35,0.91,0.0
2020-08-26 13:30:00,INDEX:ADRN,0.44,0.79,0.41,0.5,0.0
2020-08-27 13:30:00,INDEX:ADRN,2.95,2.95,1.03,1.47,0.0
2020-08-28 13:30:00,INDEX:ADRN,2.76,2.97,1.08,2.96,0.0
2020-08-31 13:30:00,INDEX:ADRN,0.28,0.35,0.22,0.24,0.0
2020-09-01 13:30:00,INDEX:ADRN,0.35,1.66,0.35,1.66,0.0
2020-09-02 13:30:00,INDEX:ADRN,0.99,2.41,0.71,2.23,0.0
2020-09-03 13:30:00,INDEX:ADRN,1.0,1.35,0.19,0.25,0.0
2020-09-04 13:30:00,INDEX:ADRN,3.65,3.65,0.27,0.84,0.0
2020-09-08 13:30:00,INDEX:ADRN,0.09,0.51,0.08,0.22,0.0
2020-09-09 13:30:00,INDEX:ADRN,4.97,4.97,1.49,2.22,0.0
2020-09-10 13:30:00,INDEX:ADRN,2.07,2.21,0.24,0.24,0.0
2020-09-11 13:30:00,INDEX:ADRN,1.63,1.63,0.53,0.93,0.0
2020-09-14 13:30:00,INDEX:ADRN,4.77,6.45,3.8,4.86,0.0
2020-09-15 13:30:00,INDEX:ADRN,5.18,5.18,0.91,0.98,0.0
2020-09-16 13:30:00,INDEX:ADRN,2.27,4.49,1.65,1.79,0.0
2020-09-17 13:30:00,INDEX:ADRN,0.07,0.8,0.07,0.68,0.0
2020-09-18 13:30:00,INDEX:ADRN,1.17,1.31,0.25,0.4,0.0
2020-09-21 13:30:00,INDEX:ADRN,0.05,0.14,0.04,0.14,0.0
2020-09-22 13:30:00,INDEX:ADRN,3.19,3.81,0.61,1.24,0.0
2020-09-23 13:30:00,INDEX:ADRN,1.78,2.01,0.09,0.09,0.0
2020-09-24 13:30:00,INDEX:ADRN,0.28,3.8,0.14,1.27,0.0
2020-09-25 13:30:00,INDEX:ADRN,0.4,3.09,0.4,2.51,0.0
2020-09-28 13:30:00,INDEX:ADRN,19.3,19.3,6.67,6.71,0.0
2020-09-29 13:30:00,INDEX:ADRN,0.74,0.79,0.26,0.42,0.0
2020-09-30 13:30:00,INDEX:ADRN,3.93,5.87,0.79,1.32,0.0
2020-10-01 13:30:00,INDEX:ADRN,3.88,4.04,0.77,1.96,0.0
2020-10-02 13:30:00,INDEX:ADRN,0.06,2.71,0.06,2.21,0.0
2020-10-05 13:30:00,INDEX:ADRN,9.77,9.77,2.66,4.18,0.0
2020-10-06 13:30:00,INDEX:ADRN,4.26,4.26,0.47,0.47,0.0
2020-10-07 13:30:00,INDEX:ADRN,9.51,9.51,2.36,3.35,0.0
2020-10-08 13:30:00,INDEX:ADRN,7.4,7.4,2.4,4.37,0.0
2020-10-09 13:30:00,INDEX:ADRN,8.59,8.59,0.81,1.0,0.0
2020-10-12 13:30:00,INDEX:ADRN,1.12,1.9,1.0,1.64,0.0
2020-10-13 13:30:00,INDEX:ADRN,0.28,0.36,0.22,0.31,0.0
2020-10-14 13:30:00,INDEX:ADRN,2.37,3.37,0.65,0.65,0.0
2020-10-15 13:30:00,INDEX:ADRN,0.06,1.86,0.06,1.72,0.0
2020-10-16 13:30:00,INDEX:ADRN,1.38,1.65,0.73,0.75,0.0
2020-10-19 13:30:00,INDEX:ADRN,2.11,3.16,0.27,0.28,0.0
2020-10-20 13:30:00,INDEX:ADRN,8.05,8.05,2.13,2.21,0.0
2020-10-21 13:30:00,INDEX:ADRN,0.94,1.42,0.61,0.65,0.0
2020-10-22 13:30:00,INDEX:ADRN,2.15,3.07,0.9,2.78,0.0
2020-10-23 13:30:00,INDEX:ADRN,4.15,4.15,0.98,1.86,0.0
2020-10-26 13:30:00,INDEX:ADRN,0.11,0.14,0.05,0.11,0.0
2020-10-27 13:30:00,INDEX:ADRN,0.76,0.86,0.31,0.31,0.0
2020-10-28 13:30:00,INDEX:ADRN,0.03,0.11,0.03,0.07,0.0
2020-10-29 13:30:00,INDEX:ADRN,0.55,3.19,0.28,2.32,0.0
2020-10-30 13:30:00,INDEX:ADRN,0.8,0.8,0.21,0.54,0.0
2020-11-02 14:30:00,INDEX:ADRN,6.6,6.8,2.75,4.52,0.0
2020-11-03 14:30:00,INDEX:ADRN,11.82,14.84,4.44,5.89,0.0
2020-11-04 14:30:00,INDEX:ADRN,0.56,1.36,0.44,0.63,0.0
2020-11-05 14:30:00,INDEX:ADRN,8.09,10.5,4.71,4.95,0.0
2020-11-06 14:30:00,INDEX:ADRN,1.48,1.48,0.52,0.57,0.0
2020-11-09 14:30:00,INDEX:ADRN,8.43,8.43,3.11,3.11,0.0
2020-11-10 14:30:00,INDEX:ADRN,2.55,2.76,1.63,2.67,0.0
2020-11-11 14:30:00,INDEX:ADRN,1.49,1.49,0.57,0.76,0.0
2020-11-12 14:30:00,INDEX:ADRN,0.25,0.46,0.15,0.2,0.0
2020-11-13 14:30:00,INDEX:ADRN,6.84,9.48,4.41,6.68,0.0
2020-11-16 14:30:00,INDEX:ADRN,6.32,6.32,4.01,5.33,0.0
2020-11-17 14:30:00,INDEX:ADRN,0.22,1.57,0.18,1.15,0.0
2020-11-18 14:30:00,INDEX:ADRN,1.68,2.16,0.45,0.45,0.0
2020-11-19 14:30:00,INDEX:ADRN,0.36,1.62,0.36,1.62,0.0
2020-11-20 14:30:00,INDEX:ADRN,0.62,0.87,0.51,0.8,0.0
2020-11-23 14:30:00,INDEX:ADRN,5.9,6.01,2.94,3.41,0.0
2020-11-24 14:30:00,INDEX:ADRN,6.93,6.93,3.73,4.16,0.0
2020-11-25 14:30:00,INDEX:ADRN,0.35,0.61,0.28,0.56,0.0
2020-11-27 14:30:00,INDEX:ADRN,1.0,1.1,0.58,0.89,0.0
2020-11-30 14:30:00,INDEX:ADRN,0.48,0.48,0.15,0.25,0.0
2020-12-01 14:30:00,INDEX:ADRN,8.93,8.93,2.27,2.48,0.0
2020-12-02 14:30:00,INDEX:ADRN,0.25,1.52,0.25,1.39,0.0
2020-12-03 14:30:00,INDEX:ADRN,1.74,3.25,1.39,1.74,0.0
2020-12-04 14:30:00,INDEX:ADRN,5.23,6.02,3.76,4.94,0.0
2020-12-07 14:30:00,INDEX:ADRN,0.64,0.68,0.4,0.56,0.0
2020-12-08 14:30:00,INDEX:ADRN,0.51,1.64,0.51,1.48,0.0
2020-12-09 14:30:00,INDEX:ADRN,3.98,3.98,0.58,0.91,0.0
2020-12-10 14:30:00,INDEX:ADRN,0.36,1.52,0.36,1.35,0.0
2020-12-11 14:30:00,INDEX:ADRN,0.3,0.73,0.26,0.52,0.0
2020-12-14 14:30:00,INDEX:ADRN,7.61,7.61,0.44,0.44,0.0
2020-12-15 14:30:00,INDEX:ADRN,4.17,5.4,2.05,5.36,0.0
2020-12-16 14:30:00,INDEX:ADRN,1.63,1.63,0.53,0.67,0.0
2020-12-17 14:30:00,INDEX:ADRN,2.46,2.46,1.11,2.15,0.0
2020-12-18 14:30:00,INDEX:ADRN,1.52,1.52,0.46,0.56,0.0
2020-12-21 14:30:00,INDEX:ADRN,0.13,0.49,0.13,0.45,0.0
2020-12-22 14:30:00,INDEX:ADRN,1.16,1.16,0.57,0.74,0.0
2020-12-23 14:30:00,INDEX:ADRN,5.41,5.41,2.57,2.57,0.0
2020-12-24 14:30:00,INDEX:ADRN,1.18,1.18,0.59,1.18,0.0
2020-12-28 14:30:00,INDEX:ADRN,5.04,5.04,1.12,1.13,0.0
2020-12-29 14:30:00,INDEX:ADRN,3.42,3.42,0.28,0.37,0.0
2020-12-30 14:30:00,INDEX:ADRN,3.67,6.69,2.26,2.41,0.0
2020-12-31 14:30:00,INDEX:ADRN,0.33,1.72,0.33,1.37,0.0
2021-01-04 14:30:00,INDEX:ADRN,2.96,2.96,0.24,0.38,0.0
2021-01-05 14:30:00,INDEX:ADRN,2.46,4.4,1.85,3.14,0.0
2021-01-06 14:30:00,INDEX:ADRN,3.07,6.16,3.0,3.81,0.0
2021-01-07 14:30:00,INDEX:ADRN,2.61,2.61,1.4,1.69,0.0
2021-01-08 14:30:00,INDEX:ADRN,2.21,2.21,0.36,0.79,0.0
2021-01-11 14:30:00,INDEX:ADRN,0.22,0.85,0.22,0.73,0.0
2021-01-12 14:30:00,INDEX:ADRN,2.08,3.13,1.75,3.05,0.0
2021-01-13 14:30:00,INDEX:ADRN,1.08,1.08,0.5,0.6,0.0
2021-01-14 14:30:00,INDEX:ADRN,3.95,4.16,2.25,2.41,0.0
2021-01-15 14:30:00,INDEX:ADRN,0.22,0.47,0.12,0.38,0.0
2021-01-19 14:30:00,INDEX:ADRN,2.92,2.92,1.03,1.5,0.0
2021-01-20 14:30:00,INDEX:ADRN,2.24,2.31,1.11,1.5,0.0
2021-01-21 14:30:00,INDEX:ADRN,0.94,0.94,0.42,0.51,0.0
2021-01-22 14:30:00,INDEX:ADRN,0.17,1.07,0.17,1.06,0.0
2021-01-25 14:30:00,INDEX:ADRN,0.62,1.18,0.4,0.66,0.0
2021-01-26 14:30:00,INDEX:ADRN,3.03,3.03,0.48,0.6,0.0
2021-01-27 14:30:00,INDEX:ADRN,0.1,0.37,0.1,0.22,0.0
2021-01-28 14:30:00,INDEX:ADRN,4.17,4.17,1.45,1.79,0.0
2021-01-29 14:30:00,INDEX:ADRN,0.44,0.82,0.17,0.21,0.0
2021-02-01 14:30:00,INDEX:ADRN,4.25,5.61,1.34,4.91,0.0
2021-02-02 14:30:00,INDEX:ADRN,3.16,3.97,2.33,3.09,0.0
2021-02-03 14:30:00,INDEX:ADRN,1.54,1.65,0.77,1.55,0.0
2021-02-04 14:30:00,INDEX:ADRN,1.85,2.85,1.8,2.85,0.0
2021-02-05 14:30:00,INDEX:ADRN,4.38,4.38,1.42,2.18,0.0
2021-02-08 14:30:00,INDEX:ADRN,4.28,4.28,2.47,3.55,0.0
2021-02-09 14:30:00,INDEX:ADRN,0.79,1.34,0.52,1.05,0.0
2021-02-10 14:30:00,INDEX:ADRN,2.73,3.51,0.58,1.07,0.0
2021-02-11 14:30:00,INDEX:ADRN,1.78,2.33,0.43,0.95,0.0
2021-02-12 14:30:00,INDEX:ADRN,0.55,1.62,0.55,1.61,0.0
2021-02-16 14:30:00,INDEX:ADRN,3.0,3.0,1.0,1.06,0.0
2021-02-17 14:30:00,INDEX:ADRN,0.28,0.69,0.28,0.64,0.0
2021-02-18 14:30:00,INDEX:ADRN,0.31,0.48,0.24,0.37,0.0
2021-02-19 14:30:00,INDEX:ADRN,4.0,4.28,2.58,2.68,0.0
2021-02-22 14:30:00,INDEX:ADRN,0.72,1.69,0.72,1.22,0.0
2021-02-23 14:30:00,INDEX:ADRN,0.39,0.98,0.35,0.84,0.0
2021-02-24 14:30:00,INDEX:ADRN,2.0,3.91,1.64,3.04,0.0
2021-02-25 14:30:00,INDEX:ADRN,1.17,1.17,0.12,0.13,0.0
2021-02-26 14:30:00,INDEX:ADRN,1.14,1.23,0.19,0.43,0.0
2021-03-01 14:30:00,INDEX:ADRN,22.07,22.07,5.72,5.75,0.0
2021-03-02 14:30:00,INDEX:ADRN,0.94,0.94,0.4,0.56,0.0
2021-03-03 14:30:00,INDEX:ADRN,2.02,2.02,0.97,1.0,0.0
2021-03-04 14:30:00,INDEX:ADRN,1.63,1.63,0.12,0.28,0.0
2021-03-05 14:30:00,INDEX:ADRN,6.37,6.37,0.45,4.36,0.0
2021-03-08 14:30:00,INDEX:ADRN,1.81,3.4,1.81,1.82,0.0
2021-03-09 14:30:00,INDEX:ADRN,1.32,2.55,1.15,1.15,0.0
2021-03-10 14:30:00,INDEX:ADRN,4.28,5.91,2.83,3.52,0.0
2021-03-11 14:30:00,INDEX:ADRN,1.78,3.84,1.75,2.53,0.0
2021-03-12 14:30:00,INDEX:ADRN,1.17,2.07,1.17,2.07,0.0
2021-03-15 13:30:00,INDEX:ADRN,1.28,1.52,0.72,1.52,0.0
2021-03-16 13:30:00,INDEX:ADRN,0.48,0.49,0.23,0.29,0.0
2021-03-17 13:30:00,INDEX:ADRN,0.47,1.8,0.36,1.74,0.0
2021-03-18 13:30:00,INDEX:ADRN,0.51,1.15,0.29,0.31,0.0
2021-03-19 13:30:00,INDEX:ADRN,0.86,1.77,0.44,0.96,0.0
2021-03-22 13:30:00,INDEX:ADRN,0.59,0.71,0.41,0.55,0.0
2021-03-23 13:30:00,INDEX:ADRN,0.26,0.37,0.12,0.15,0.0
2021-03-24 13:30:00,INDEX:ADRN,3.19,3.19,0.57,0.57,0.0
2021-03-25 13:30:00,INDEX:ADRN,0.25,3.79,0.16,3.54,0.0
2021-03-26 13:30:00,INDEX:ADRN,5.25,5.25,1.46,4.33,0.0
2021-03-29 13:30:00,INDEX:ADRN,0.52,0.99,0.2,0.31,0.0
2021-03-30 13:30:00,INDEX:ADRN,0.99,1.91,0.74,1.82,0.0
2021-03-31 13:30:00,INDEX:ADRN,1.99,1.99,0.77,0.88,0.0
2021-04-01 13:30:00,INDEX:ADRN,2.96,4.03,1.94,4.01,0.0
2021-04-05 13:30:00,INDEX:ADRN,4.35,4.35,1.28,1.73,0.0
2021-04-06 13:30:00,INDEX:ADRN,1.35,2.4,1.17,1.34,0.0
2021-04-07 13:30:00,INDEX:ADRN,1.33,1.33,0.32,0.5,0.0
2021-04-08 13:30:00,INDEX:ADRN,1.11,1.46,0.49,1.44,0.0
2021-04-09 13:30:00,INDEX:ADRN,1.07,1.31,0.7,1.28,0.0
2021-04-12 13:30:00,INDEX:ADRN,1.14,1.19,0.6,1.14,0.0
2021-04-13 13:30:00,INDEX:ADRN,0.55,0.81,0.34,0.68,0.0
2021-04-14 13:30:00,INDEX:ADRN,1.93,3.84,1.58,1.66,0.0
2021-04-15 13:30:00,INDEX:ADRN,2.48,2.48,1.0,1.68,0.0
2021-04-16 13:30:00,INDEX:ADRN,2.76,2.76,1.02,1.63,0.0
2021-04-19 13:30:00,INDEX:ADRN,0.47,0.73,0.3,0.5,0.0
2021-04-20 13:30:00,INDEX:ADRN,0.52,0.55,0.21,0.3,0.0
2021-04-21 13:30:00,INDEX:ADRN,0.58,5.63,0.58,5.46,0.0
2021-04-22 13:30:00,INDEX:ADRN,1.18,1.8,0.41,0.55,0.0
2021-04-23 13:30:00,INDEX:ADRN,1.97,4.86,1.97,3.97,0.0
2021-04-26 13:30:00,INDEX:ADRN,3.34,3.34,1.47,1.72,0.0
2021-04-27 13:30:00,INDEX:ADRN,1.17,1.52,0.72,1.1,0.0
2021-04-28 13:30:00,INDEX:ADRN,1.03,1.67,1.03,1.41,0.0
2021-04-29 13:30:00,INDEX:ADRN,4.01,4.01,0.81,1.3,0.0
2021-04-30 13:30:00,INDEX:ADRN,0.32,0.57,0.28,0.32,0.0
2021-05-03 13:30:00,INDEX:ADRN,4.2,4.28,2.17,2.27,0.0
2021-05-04 13:30:00,INDEX:ADRN,0.64,0.66,0.25,0.66,0.0
2021-05-05 13:30:00,INDEX:ADRN,1.43,1.43,0.6,1.12,0.0
2021-05-06 13:30:00,INDEX:ADRN,1.1,1.47,0.42,1.47,0.0
2021-05-07 13:30:00,INDEX:ADRN,0.79,3.13,0.79,3.13,0.0
2021-05-10 13:30:00,INDEX:ADRN,2.12,2.12,0.46,0.47,0.0
2021-05-11 13:30:00,INDEX:ADRN,0.06,0.43,0.06,0.39,0.0
2021-05-12 13:30:00,INDEX:ADRN,0.58,0.58,0.13,0.13,0.0
2021-05-13 13:30:00,INDEX:ADRN,2.96,8.25,2.41,2.51,0.0
2021-05-14 13:30:00,INDEX:ADRN,8.37,8.52,5.36,6.49,0.0
2021-05-17 13:30:00,INDEX:ADRN,0.61,1.2,0.38,1.13,0.0
2021-05-18 13:30:00,INDEX:ADRN,0.83,1.29,0.58,0.58,0.0
2021-05-19 13:30:00,INDEX:ADRN,0.07,0.41,0.05,0.41,0.0
2021-05-20 13:30:00,INDEX:ADRN,1.16,2.22,0.71,1.77,0.0
2021-05-21 13:30:00,INDEX:ADRN,4.66,5.48,1.12,1.4,0.0
2021-05-24 13:30:00,INDEX:ADRN,1.65,2.71,1.54,1.95,0.0
2021-05-25 13:30:00,INDEX:ADRN,1.55,2.41,0.36,0.36,0.0
2021-05-26 13:30:00,INDEX:ADRN,2.5,3.61,1.87,3.13,0.0
2021-05-27 13:30:00,INDEX:ADRN,3.26,3.26,1.92,1.93,0.0
2021-05-28 13:30:00,INDEX:ADRN,1.61,1.61,0.83,1.23,0.0
2021-06-01 13:30:00,INDEX:ADRN,5.79,5.79,2.34,3.0,0.0
2021-06-02 13:30:00,INDEX:ADRN,0.82,1.11,0.75,0.96,0.0
2021-06-03 13:30:00,INDEX:ADRN,0.18,0.76,0.13,0.68,0.0
2021-06-04 13:30:00,INDEX:ADRN,3.35,3.35,0.78,1.57,0.0
2021-06-07 13:30:00,INDEX:ADRN,1.96,1.96,1.01,1.24,0.0
2021-06-08 13:30:00,INDEX:ADRN,1.09,2.37,0.67,1.96,0.0
2021-06-09 13:30:00,INDEX:ADRN,1.16,1.16,0.6,0.61,0.0
2021-06-10 13:30:00,INDEX:ADRN,2.69,2.91,0.72,0.86,0.0
2021-06-11 13:30:00,INDEX:ADRN,2.37,2.45,1.27,2.04,0.0
2021-06-14 13:30:00,INDEX:ADRN,1.46,1.46,0.41,0.54,0.0
2021-06-15 13:30:00,INDEX:ADRN,1.25,1.25,0.36,1.01,0.0
2021-06-16 13:30:00,INDEX:ADRN,0.55,1.18,0.34,0.54,0.0
2021-06-17 13:30:00,INDEX:ADRN,0.89,0.89,0.23,0.32,0.0
2021-06-18 13:30:00,INDEX:ADRN,0.17,0.3,0.16,0.19,0.0
2021-06-21 13:30:00,INDEX:ADRN,3.44,5.5,3.06,5.04,0.0
2021-06-22 13:30:00,INDEX:ADRN,0.37,1.29,0.3,0.97,0.0
2021-06-23 13:30:00,INDEX:ADRN,1.52,2.11,1.01,1.02,0.0
2021-06-24 13:30:00,INDEX:ADRN,2.87,2.99,1.32,2.77,0.0
2021-06-25 13:30:00,INDEX:ADRN,2.17,2.39,1.38,1.38,0.0
2021-06-28 13:30:00,INDEX:ADRN,0.63,0.63,0.29,0.41,0.0
2021-06-29 13:30:00,INDEX:ADRN,2.41,2.41,0.57,0.61,0.0
2021-06-30 13:30:00,INDEX:ADRN,0.61,1.51,0.61,1.29,0.0
2021-07-01 13:30:00,INDEX:ADRN,3.89,3.89,1.75,2.26,0.0
2021-07-02 13:30:00,INDEX:ADRN,1.06,1.06,0.46,0.74,0.0
2021-07-06 13:30:00,INDEX:ADRN,0.44,0.44,0.17,0.34,0.0
2021-07-07 13:30:00,INDEX:ADRN,1.18,1.18,0.32,0.82,0.0
2021-07-08 13:30:00,INDEX:ADRN,0.04,0.45,0.04,0.21,0.0
2021-07-09 13:30:00,INDEX:ADRN,8.12,8.87,5.71,8.87,0.0
2021-07-12 13:30:00,INDEX:ADRN,0.35,1.48,0.31,1.43,0.0
2021-07-13 13:30:00,INDEX:ADRN,0.33,0.33,0.2,0.2,0.0
2021-07-14 13:30:00,INDEX:ADRN,3.52,4.28,0.46,0.59,0.0
2021-07-15 13:30:00,INDEX:ADRN,0.31,1.05,0.25,0.7,0.0
2021-07-16 13:30:00,INDEX:ADRN,3.46,3.46,0.34,0.37,0.0
2021-07-19 13:30:00,INDEX:ADRN,0.04,0.19,0.04,0.15,0.0
2021-07-20 13:30:00,INDEX:ADRN,1.66,9.79,1.66,7.45,0.0
2021-07-21 13:30:00,INDEX:ADRN,6.02,6.7,4.37,4.62,0.0
2021-07-22 13:30:00,INDEX:ADRN,0.48,0.48,0.25,0.35,0.0
2021-07-23 13:30:00,INDEX:ADRN,2.26,2.47,0.97,1.77,0.0
2021-07-26 13:30:00,INDEX:ADRN,2.24,2.24,1.2,1.58,0.0
2021-07-27 13:30:00,INDEX:ADRN,0.17,0.61,0.17,0.51,0.0
2021-07-28 13:30:00,INDEX:ADRN,3.1,3.1,0.54,1.81,0.0
2021-07-29 13:30:00,INDEX:ADRN,4.74,4.74,2.47,2.47,0.0
2021-07-30 13:30:00,INDEX:ADRN,0.67,1.76,0.44,0.54,0.0
2021-08-02 13:30:00,INDEX:ADRN,3.76,3.87,0.63,0.63,0.0
2021-08-03 13:30:00,INDEX:ADRN,1.03,1.68,0.35,1.68,0.0
2021-08-04 13:30:00,INDEX:ADRN,0.44,0.6,0.27,0.31,0.0
2021-08-05 13:30:00,INDEX:ADRN,2.74,3.23,2.13,2.62,0.0
2021-08-06 13:30:00,INDEX:ADRN,2.41,2.41,1.42,1.67,0.0
2021-08-09 13:30:00,INDEX:ADRN,0.36,0.81,0.35,0.55,0.0
2021-08-10 13:30:00,INDEX:ADRN,1.35,2.15,1.35,1.75,0.0
2021-08-11 13:30:00,INDEX:ADRN,1.04,2.49,1.04,2.49,0.0
2021-08-12 13:30:00,INDEX:ADRN,0.6,0.92,0.35,0.63,0.0
2021-08-13 13:30:00,INDEX:ADRN,0.76,0.92,0.54,0.73,0.0
2021-08-16 13:30:00,INDEX:ADRN,0.18,0.6,0.17,0.46,0.0
2021-08-17 13:30:00,INDEX:ADRN,0.11,0.38,0.11,0.34,0.0
2021-08-18 13:30:00,INDEX:ADRN,0.46,1.42,0.33,0.33,0.0
2021-08-19 13:30:00,INDEX:ADRN,0.13,0.48,0.13,0.33,0.0
2021-08-20 13:30:00,INDEX:ADRN,0.73,4.45,0.73,3.67,0.0
2021-08-23 13:30:00,INDEX:ADRN,5.69,5.69,2.33,2.95,0.0
2021-08-24 13:30:00,INDEX:ADRN,2.81,3.09,2.24,2.65,0.0
2021-08-25 13:30:00,INDEX:ADRN,0.53,2.61,0.53,1.66,0.0
2021-08-26 13:30:00,INDEX:ADRN,0.53,0.95,0.26,0.3,0.0
2021-08-27 13:30:00,INDEX:ADRN,3.24,8.73,3.24,6.58,0.0
2021-08-30 13:30:00,INDEX:ADRN,1.17,1.17,0.46,0.64,0.0
2021-08-31 13:30:00,INDEX:ADRN,1.01,1.65,0.7,1.25,0.0
2021-09-01 13:30:00,INDEX:ADRN,1.47,1.94,0.77,1.44,0.0
2021-09-02 13:30:00,INDEX:ADRN,2.97,2.97,1.45,2.08,0.0
2021-09-03 13:30:00,INDEX:ADRN,0.54,0.66,0.37,0.61,0.0
2021-09-07 13:30:00,INDEX:ADRN,0.63,0.93,0.41,0.41,0.0
2021-09-08 13:30:00,INDEX:ADRN,0.42,0.79,0.32,0.52,0.0
2021-09-09 13:30:00,INDEX:ADRN,0.56,1.82,0.56,0.82,0.0
2021-09-10 13:30:00,INDEX:ADRN,1.42,1.42,0.4,0.4,0.0
2021-09-13 13:30:00,INDEX:ADRN,3.13,3.13,1.5,2.09,0.0
2021-09-14 13:30:00,INDEX:ADRN,2.03,2.03,0.27,0.33,0.0
2021-09-15 13:30:00,INDEX:ADRN,0.88,2.62,0.88,2.5,0.0
2021-09-16 13:30:00,INDEX:ADRN,1.16,1.16,0.38,0.65,0.0
2021-09-17 13:30:00,INDEX:ADRN,1.11,1.11,0.4,0.53,0.0
2021-09-20 13:30:00,INDEX:ADRN,0.04,0.16,0.04,0.16,0.0
2021-09-21 13:30:00,INDEX:ADRN,6.27,6.27,0.66,0.96,0.0
2021-09-22 13:30:00,INDEX:ADRN,6.42,9.65,4.52,4.53,0.0
2021-09-23 13:30:00,INDEX:ADRN,4.22,5.44,3.55,3.69,0.0
2021-09-24 13:30:00,INDEX:ADRN,0.48,1.23,0.48,0.78,0.0
2021-09-27 13:30:00,INDEX:ADRN,2.3,2.31,2.3,2.31,0.0
2021-09-28 13:30:00,INDEX:ADRN,0.54,0.78,0.2,0.23,0.0
2021-09-29 13:30:00,INDEX:ADRN,1.57,2.12,1.05,1.15,0.0
2021-09-30 13:30:00,INDEX:ADRN,1.85,2.04,0.33,0.4,0.0
2021-10-01 13:30:00,INDEX:ADRN,3.96,4.96,0.99,3.85,0.0
2021-10-04 13:30:00,INDEX:ADRN,0.73,0.83,0.57,0.68,0.0
2021-10-05 13:30:00,INDEX:ADRN,1.26,3.52,1.26,1.72,0.0
2021-10-06 13:30:00,INDEX:ADRN,0.11,0.72,0.1,0.72,0.0
2021-10-07 13:30:00,INDEX:ADRN,5.38,7.64,3.1,3.35,0.0
2021-10-08 13:30:00,INDEX:ADRN,1.2,1.84,0.72,0.72,0.0
2021-10-11 13:30:00,INDEX:ADRN,1.5,3.12,0.61,0.61,0.0
2021-10-12 13:30:00,INDEX:ADRN,1.85,2.65,1.24,1.47,0.0
2021-10-13 13:30:00,INDEX:ADRN,1.14,1.48,0.4,1.36,0.0
2021-10-14 13:30:00,INDEX:ADRN,8.25,8.25,3.17,3.63,0.0
2021-10-15 13:30:00,INDEX:ADRN,5.12,5.12,1.02,1.02,0.0
2021-10-18 13:30:00,INDEX:ADRN,1.0,1.33,0.85,0.99,0.0
2021-10-19 13:30:00,INDEX:ADRN,2.26,2.26,0.96,1.53,0.0
2021-10-20 13:30:00,INDEX:ADRN,1.07,3.03,1.07,2.53,0.0
2021-10-21 13:30:00,INDEX:ADRN,0.83,1.22,0.58,0.99,0.0
2021-10-22 13:30:00,INDEX:ADRN,1.26,1.75,0.84,0.96,0.0
2021-10-25 13:30:00,INDEX:ADRN,1.2,2.25,0.96,1.83,0.0
2021-10-26 13:30:00,INDEX:ADRN,1.06,1.39,0.58,0.59,0.0
2021-10-27 13:30:00,INDEX:ADRN,0.51,0.63,0.23,0.23,0.0
2021-10-28 13:30:00,INDEX:ADRN,2.26,2.83,2.09,2.74,0.0
2021-10-29 13:30:00,INDEX:ADRN,0.64,0.98,0.45,0.67,0.0
2021-11-01 13:30:00,INDEX:ADRN,2.95,4.34,2.31,3.86,0.0
2021-11-02 13:30:00,INDEX:ADRN,0.69,0.69,0.45,0.66,0.0
2021-11-03 13:30:00,INDEX:ADRN,0.92,2.63,0.92,2.41,0.0
2021-11-04 13:30:00,INDEX:ADRN,1.72,1.93,0.49,0.61,0.0
2021-11-05 13:30:00,INDEX:ADRN,3.63,4.31,1.84,2.17,0.0
2021-11-08 14:30:00,INDEX:ADRN,2.61,2.61,1.0,1.18,0.0
2021-11-09 14:30:00,INDEX:ADRN,1.27,1.27,0.52,0.94,0.0
2021-11-10 14:30:00,INDEX:ADRN,0.95,1.21,0.45,0.56,0.0
2021-11-11 14:30:00,INDEX:ADRN,1.8,1.96,1.49,1.64,0.0
2021-11-12 14:30:00,INDEX:ADRN,1.3,1.63,0.94,1.15,0.0
2021-11-15 14:30:00,INDEX:ADRN,1.64,1.64,0.75,0.92,0.0
2021-11-16 14:30:00,INDEX:ADRN,0.66,1.06,0.66,0.76,0.0
2021-11-17 14:30:00,INDEX:ADRN,0.44,0.49,0.25,0.4,0.0
2021-11-18 14:30:00,INDEX:ADRN,1.23,1.23,0.24,0.51,0.0
2021-11-19 14:30:00,INDEX:ADRN,0.38,0.62,0.38,0.43,0.0
2021-11-22 14:30:00,INDEX:ADRN,1.67,2.37,1.04,1.04,0.0
2021-11-23 14:30:00,INDEX:ADRN,1.36,1.97,0.73,1.17,0.0
2021-11-24 14:30:00,INDEX:ADRN,0.23,1.25,0.23,1.1,0.0
2021-11-26 14:30:00,INDEX:ADRN,0.09,0.12,0.07,0.11,0.0
2021-11-29 14:30:00,INDEX:ADRN,4.27,4.27,0.51,0.88,0.0
2021-11-30 14:30:00,INDEX:ADRN,0.28,0.33,0.08,0.16,0.0
2021-12-01 14:30:00,INDEX:ADRN,10.21,10.21,0.25,0.25,0.0
2021-12-02 14:30:00,INDEX:ADRN,5.52,7.61,3.22,5.31,0.0
2021-12-03 14:30:00,INDEX:ADRN,2.36,2.36,0.2,0.37,0.0
2021-12-06 14:30:00,INDEX:ADRN,2.73,5.77,2.25,4.58,0.0
2021-12-07 14:30:00,INDEX:ADRN,8.65,12.54,3.67,4.6,0.0
2021-12-08 14:30:00,INDEX:ADRN,1.44,2.32,1.44,1.93,0.0
2021-12-09 14:30:00,INDEX:ADRN,0.24,0.41,0.21,0.21,0.0
2021-12-10 14:30:00,INDEX:ADRN,4.09,4.09,0.53,1.03,0.0
2021-12-13 14:30:00,INDEX:ADRN,0.48,0.48,0.27,0.32,0.0
2021-12-14 14:30:00,INDEX:ADRN,0.49,1.47,0.39,0.39,0.0
2021-12-15 14:30:00,INDEX:ADRN,1.04,2.41,0.33,2.25,0.0
2021-12-16 14:30:00,INDEX:ADRN,3.6,3.6,0.53,0.63,0.0
2021-12-17 14:30:00,INDEX:ADRN,0.29,1.48,0.21,0.74,0.0
2021-12-20 14:30:00,INDEX:ADRN,0.07,0.2,0.06,0.2,0.0
2021-12-21 14:30:00,INDEX:ADRN,10.28,10.28,6.23,7.04,0.0
2021-12-22 14:30:00,INDEX:ADRN,1.18,3.12,0.79,3.0,0.0
2021-12-23 14:30:00,INDEX:ADRN,2.76,3.68,2.13,2.74,0.0
2021-12-27 14:30:00,INDEX:ADRN,1.38,3.28,0.77,3.27,0.0
2021-12-28 14:30:00,INDEX:ADRN,1.07,3.69,0.73,0.86,0.0
2021-12-29 14:30:00,INDEX:ADRN,0.72,1.44,0.72,1.22,0.0
2021-12-30 14:30:00,INDEX:ADRN,3.34,4.88,0.99,0.99,0.0
2021-12-31 14:30:00,INDEX:ADRN,1.41,2.04,0.84,1.32,0.0
2022-01-03 14:30:00,INDEX:ADRN,3.0,3.0,1.41,1.81,0.0
2022-01-04 14:30:00,INDEX:ADRN,3.31,3.31,1.65,1.66,0.0
2022-01-05 14:30:00,INDEX:ADRN,1.8,1.85,0.22,0.22,0.0
2022-01-06 14:30:00,INDEX:ADRN,2.37,2.39,0.77,1.23,0.0
2022-01-07 14:30:00,INDEX:ADRN,0.97,1.97,0.97,1.03,0.0
2022-01-10 14:30:00,INDEX:ADRN,0.43,0.57,0.17,0.57,0.0
2022-01-11 14:30:00,INDEX:ADRN,1.52,3.16,0.73,3.02,0.0
2022-01-12 14:30:00,INDEX:ADRN,3.59,3.59,0.59,0.99,0.0
2022-01-13 14:30:00,INDEX:ADRN,2.09,2.76,0.91,0.91,0.0
2022-01-14 14:30:00,INDEX:ADRN,0.23,0.86,0.23,0.85,0.0
2022-01-18 14:30:00,INDEX:ADRN,0.25,0.32,0.12,0.18,0.0
2022-01-19 14:30:00,INDEX:ADRN,2.48,2.48,0.36,0.36,0.0
2022-01-20 14:30:00,INDEX:ADRN,2.18,5.24,0.25,0.26,0.0
2022-01-21 14:30:00,INDEX:ADRN,0.36,1.33,0.2,0.2,0.0
2022-01-24 14:30:00,INDEX:ADRN,0.06,1.37,0.06,1.33,0.0
2022-01-25 14:30:00,INDEX:ADRN,0.07,1.05,0.06,0.63,0.0
2022-01-26 14:30:00,INDEX:ADRN,6.21,10.39,0.2,0.37,0.0
2022-01-27 14:30:00,INDEX:ADRN,4.53,5.57,0.25,0.34,0.0
2022-01-28 14:30:00,INDEX:ADRN,0.56,3.33,0.23,3.32,0.0
2022-01-31 14:30:00,INDEX:ADRN,0.86,5.83,0.86,5.83,0.0
2022-02-01 14:30:00,INDEX:ADRN,1.53,2.76,0.56,2.74,0.0
2022-02-02 14:30:00,INDEX:ADRN,0.79,0.89,0.43,0.81,0.0
2022-02-03 14:30:00,INDEX:ADRN,0.13,0.53,0.13,0.22,0.0
2022-02-04 14:30:00,INDEX:ADRN,0.51,1.73,0.41,1.14,0.0
2022-02-07 14:30:00,INDEX:ADRN,1.42,2.72,0.93,1.35,0.0
2022-02-08 14:30:00,INDEX:ADRN,1.68,2.82,1.55,2.63,0.0
2022-02-09 14:30:00,INDEX:ADRN,5.83,5.83,3.27,3.52,0.0
2022-02-10 14:30:00,INDEX:ADRN,0.24,1.89,0.24,0.35,0.0
2022-02-11 14:30:00,INDEX:ADRN,1.74,3.61,0.37,0.5,0.0
2022-02-14 14:30:00,INDEX:ADRN,1.1,1.1,0.26,0.46,0.0
2022-02-15 14:30:00,INDEX:ADRN,5.03,5.5,4.13,4.56,0.0
2022-02-16 14:30:00,INDEX:ADRN,0.92,1.78,0.72,1.48,0.0
2022-02-17 14:30:00,INDEX:ADRN,0.19,0.38,0.19,0.26,0.0
2022-02-18 14:30:00,INDEX:ADRN,0.71,1.81,0.35,0.47,0.0
2022-02-22 14:30:00,INDEX:ADRN,0.35,0.89,0.19,0.29,0.0
2022-02-23 14:30:00,INDEX:ADRN,3.43,3.43,0.3,0.31,0.0
2022-02-24 14:30:00,INDEX:ADRN,0.11,1.63,0.11,1.55,0.0
2022-02-25 14:30:00,INDEX:ADRN,3.47,5.45,1.29,5.45,0.0
2022-02-28 14:30:00,INDEX:ADRN,0.79,0.79,0.78,0.78,0.0
2022-03-01 14:30:00,INDEX:ADRN,1.02,1.02,0.3,0.43,0.0
2022-03-02 14:30:00,INDEX:ADRN,2.88,4.72,2.55,4.32,0.0
2022-03-03 14:30:00,INDEX:ADRN,2.19,2.19,0.31,0.69,0.0
2022-03-04 14:30:00,INDEX:ADRN,0.23,0.53,0.22,0.53,0.0
2022-03-07 14:30:00,INDEX:ADRN,0.7,0.7,0.29,0.3,0.0
2022-03-08 14:30:00,INDEX:ADRN,1.15,2.72,0.86,1.29,0.0
2022-03-09 14:30:00,INDEX:ADRN,4.47,5.43,3.68,3.98,0.0
2022-03-10 14:30:00,INDEX:ADRN,0.38,0.91,0.31,0.86,0.0
2022-03-11 14:30:00,INDEX:ADRN,2.8,2.8,0.35,0.35,0.0
2022-03-14 13:30:00,INDEX:ADRN,1.32,1.37,0.36,0.47,0.0
2022-03-15 13:30:00,INDEX:ADRN,1.84,2.86,1.44,2.65,0.0
2022-03-16 13:30:00,INDEX:ADRN,7.07,7.46,1.29,4.69,0.0
2022-03-17 13:30:00,INDEX:ADRN,0.55,3.45,0.55,3.45,0.0
2022-03-18 13:30:00,INDEX:ADRN,0.52,2.0,0.52,1.89,0.0
2022-03-21 13:30:00,INDEX:ADRN,1.43,1.43,0.62,0.8,0.0
2022-03-22 13:30:00,INDEX:ADRN,3.08,4.26,1.45,1.99,0.0
2022-03-23 13:30:00,INDEX:ADRN,0.4,0.69,0.31,0.42,0.0
2022-03-24 13:30:00,INDEX:ADRN,1.58,2.48,1.25,2.48,0.0
2022-03-25 13:30:00,INDEX:ADRN,1.53,1.63,1.01,1.62,0.0
2022-03-28 13:30:00,INDEX:ADRN,0.58,0.84,0.32,0.84,0.0
2022-03-29 13:30:00,INDEX:ADRN,2.99,4.47,2.56,4.41,0.0
2022-03-30 13:30:00,INDEX:ADRN,0.6,0.82,0.37,0.44,0.0
2022-03-31 13:30:00,INDEX:ADRN,0.93,1.52,0.37,0.37,0.0
2022-04-01 13:30:00,INDEX:ADRN,3.02,3.02,1.15,2.49,0.0
2022-04-04 13:30:00,INDEX:ADRN,0.93,1.07,0.69,1.07,0.0
2022-04-05 13:30:00,INDEX:ADRN,1.41,1.41,0.22,0.22,0.0
2022-04-06 13:30:00,INDEX:ADRN,0.24,0.53,0.24,0.47,0.0
2022-04-07 13:30:00,INDEX:ADRN,0.72,1.04,0.29,0.77,0.0
2022-04-08 13:30:00,INDEX:ADRN,0.95,2.33,0.59,1.0,0.0
2022-04-11 13:30:00,INDEX:ADRN,0.83,1.34,0.5,0.54,0.0
2022-04-12 13:30:00,INDEX:ADRN,3.92,7.46,0.83,1.0,0.0
2022-04-13 13:30:00,INDEX:ADRN,1.97,5.45,1.87,5.25,0.0
2022-04-14 13:30:00,INDEX:ADRN,2.19,2.19,0.63,0.63,0.0
2022-04-18 13:30:00,INDEX:ADRN,0.73,0.99,0.46,0.61,0.0
2022-04-19 13:30:00,INDEX:ADRN,1.75,4.14,1.75,3.38,0.0
2022-04-20 13:30:00,INDEX:ADRN,1.81,2.83,1.75,1.87,0.0
2022-04-21 13:30:00,INDEX:ADRN,4.09,4.09,0.2,0.2,0.0
2022-04-22 13:30:00,INDEX:ADRN,0.44,0.52,0.12,0.12,0.0
2022-04-25 13:30:00,INDEX:ADRN,0.2,1.02,0.16,1.02,0.0
2022-04-26 13:30:00,INDEX:ADRN,0.29,0.34,0.12,0.12,0.0
2022-04-27 13:30:00,INDEX:ADRN,1.6,2.79,1.0,1.0,0.0
2022-04-28 13:30:00,INDEX:ADRN,3.36,5.13,0.45,4.51,0.0
2022-04-29 13:30:00,INDEX:ADRN,0.82,1.23,0.13,0.13,0.0
2022-05-02 13:30:00,INDEX:ADRN,0.86,2.31,0.3,1.15,0.0
2022-05-03 13:30:00,INDEX:ADRN,1.16,3.05,1.16,2.19,0.0
2022-05-04 13:30:00,INDEX:ADRN,1.01,6.33,0.54,6.3,0.0
2022-05-05 13:30:00,INDEX:ADRN,0.18,0.18,0.05,0.08,0.0
2022-05-06 13:30:00,INDEX:ADRN,0.14,0.54,0.14,0.4,0.0
2022-05-09 13:30:00,INDEX:ADRN,0.06,0.23,0.06,0.13,0.0
2022-05-10 13:30:00,INDEX:ADRN,8.3,8.3,0.19,0.62,0.0
2022-05-11 13:30:00,INDEX:ADRN,3.04,4.01,0.37,0.38,0.0
2022-05-12 13:30:00,INDEX:ADRN,0.65,2.02,0.49,1.39,0.0
2022-05-13 13:30:00,INDEX:ADRN,10.23,12.46,4.5,7.48,0.0
2022-05-16 13:30:00,INDEX:ADRN,0.6,1.64,0.6,0.94,0.0
2022-05-17 13:30:00,INDEX:ADRN,7.78,7.78,3.74,7.46,0.0
2022-05-18 13:30:00,INDEX:ADRN,0.31,0.38,0.09,0.11,0.0
2022-05-19 13:30:00,INDEX:ADRN,0.5,1.85,0.5,0.97,0.0
2022-05-20 13:30:00,INDEX:ADRN,1.84,1.84,0.16,0.88,0.0
2022-05-23 13:30:00,INDEX:ADRN,3.46,3.88,1.42,2.97,0.0
2022-05-24 13:30:00,INDEX:ADRN,0.2,0.6,0.1,0.6,0.0
2022-05-25 13:30:00,INDEX:ADRN,0.85,5.09,0.85,3.51,0.0
2022-05-26 13:30:00,INDEX:ADRN,7.61,8.87,4.89,4.89,0.0
2022-05-27 13:30:00,INDEX:ADRN,4.09,6.78,4.09,6.75,0.0
2022-05-31 13:30:00,INDEX:ADRN,0.31,0.67,0.29,0.43,0.0
2022-06-01 13:30:00,INDEX:ADRN,2.19,2.19,0.22,0.59,0.0
2022-06-02 13:30:00,INDEX:ADRN,1.27,4.6,1.27,4.6,0.0
2022-06-03 13:30:00,INDEX:ADRN,0.2,0.37,0.18,0.32,0.0
2022-06-06 13:30:00,INDEX:ADRN,4.84,4.84,1.43,1.57,0.0
2022-06-07 13:30:00,INDEX:ADRN,0.19,2.54,0.19,2.54,0.0
2022-06-08 13:30:00,INDEX:ADRN,0.23,0.59,0.23,0.28,0.0
2022-06-09 13:30:00,INDEX:ADRN,0.2,0.49,0.14,0.14,0.0
2022-06-10 13:30:00,INDEX:ADRN,0.04,0.21,0.04,0.16,0.0
2022-06-13 13:30:00,INDEX:ADRN,0.02,0.05,0.02,0.04,0.0
2022-06-14 13:30:00,INDEX:ADRN,1.88,1.88,0.44,0.65,0.0
2022-06-15 13:30:00,INDEX:ADRN,7.35,8.63,2.21,3.0,0.0
2022-06-16 13:30:00,INDEX:ADRN,0.04,0.08,0.04,0.07,0.0
2022-06-17 13:30:00,INDEX:ADRN,2.79,2.79,0.8,1.57,0.0
2022-06-21 13:30:00,INDEX:ADRN,5.42,5.42,3.15,3.17,0.0
2022-06-22 13:30:00,INDEX:ADRN,0.36,1.28,0.36,0.75,0.0
2022-06-23 13:30:00,INDEX:ADRN,2.38,2.38,0.71,1.28,0.0
2022-06-24 13:30:00,INDEX:ADRN,7.32,11.08,5.71,5.71,0.0
2022-06-27 13:30:00,INDEX:ADRN,1.13,2.16,0.9,1.28,0.0
2022-06-28 13:30:00,INDEX:ADRN,6.57,6.57,0.29,0.3,0.0
2022-06-29 13:30:00,INDEX:ADRN,0.29,0.37,0.18,0.35,0.0
2022-06-30 13:30:00,INDEX:ADRN,0.08,0.91,0.08,0.56,0.0
2022-07-01 13:30:00,INDEX:ADRN,1.05,3.17,0.55,3.17,0.0
2022-07-05 13:30:00,INDEX:ADRN,0.06,0.78,0.06,0.78,0.0
2022-07-06 13:30:00,INDEX:ADRN,1.97,1.97,0.21,0.51,0.0
2022-07-07 13:30:00,INDEX:ADRN,6.61,7.08,4.47,4.71,0.0
2022-07-08 13:30:00,INDEX:ADRN,0.24,1.63,0.24,0.69,0.0
2022-07-11 13:30:00,INDEX:ADRN,0.33,0.4,0.17,0.26,0.0
2022-07-12 13:30:00,INDEX:ADRN,1.6,1.98,0.6,0.78,0.0
2022-07-13 13:30:00,INDEX:ADRN,0.32,1.18,0.32,0.79,0.0
2022-07-14 13:30:00,INDEX:ADRN,0.04,0.27,0.04,0.27,0.0
2022-07-15 13:30:00,INDEX:ADRN,1.6,7.34,1.6,7.03,0.0
2022-07-18 13:30:00,INDEX:ADRN,8.24,8.24,1.21,1.26,0.0
2022-07-19 13:30:00,INDEX:ADRN,12.05,12.95,9.57,10.32,0.0
2022-07-20 13:30:00,INDEX:ADRN,1.08,2.35,0.78,2.06,0.0
2022-07-21 13:30:00,INDEX:ADRN,0.38,1.57,0.26,1.57,0.0
2022-07-22 13:30:00,INDEX:ADRN,1.87,1.87,0.23,0.45,0.0
2022-07-25 13:30:00,INDEX:ADRN,0.96,2.19,0.96,1.89,0.0
2022-07-26 13:30:00,INDEX:ADRN,0.46,0.73,0.36,0.56,0.0
2022-07-27 13:30:00,INDEX:ADRN,3.69,6.99,1.83,6.19,0.0
2022-07-28 13:30:00,INDEX:ADRN,3.47,3.47,0.6,2.9,0.0
2022-07-29 13:30:00,INDEX:ADRN,0.88,2.57,0.88,2.1,0.0
2022-08-01 13:30:00,INDEX:ADRN,0.18,1.21,0.18,0.87,0.0
2022-08-02 13:30:00,INDEX:ADRN,0.58,1.42,0.43,0.57,0.0
2022-08-03 13:30:00,INDEX:ADRN,2.29,2.65,1.45,2.11,0.0
2022-08-04 13:30:00,INDEX:ADRN,0.89,0.98,0.74,0.86,0.0
2022-08-05 13:30:00,INDEX:ADRN,0.28,1.35,0.28,1.35,0.0
2022-08-08 13:30:00,INDEX:ADRN,5.4,5.71,1.84,2.28,0.0
2022-08-09 13:30:00,INDEX:ADRN,0.71,0.71,0.49,0.61,0.0
2022-08-10 13:30:00,INDEX:ADRN,7.65,7.65,4.93,6.41,0.0
2022-08-11 13:30:00,INDEX:ADRN,5.63,7.83,1.82,1.82,0.0
2022-08-12 13:30:00,INDEX:ADRN,2.18,5.76,2.07,5.75,0.0
2022-08-15 13:30:00,INDEX:ADRN,0.24,1.01,0.24,0.93,0.0
2022-08-16 13:30:00,INDEX:ADRN,0.59,1.97,0.59,1.45,0.0
2022-08-17 13:30:00,INDEX:ADRN,0.12,0.41,0.12,0.27,0.0
2022-08-18 13:30:00,INDEX:ADRN,1.07,1.9,0.81,1.65,0.0
2022-08-19 13:30:00,INDEX:ADRN,0.13,0.16,0.08,0.13,0.0
2022-08-22 13:30:00,INDEX:ADRN,0.08,0.2,0.08,0.18,0.0
2022-08-23 13:30:00,INDEX:ADRN,2.64,3.26,1.08,1.09,0.0
2022-08-24 13:30:00,INDEX:ADRN,1.31,3.25,1.31,1.86,0.0
2022-08-25 13:30:00,INDEX:ADRN,2.64,6.16,2.64,6.11,0.0
2022-08-26 13:30:00,INDEX:ADRN,0.35,0.35,0.06,0.07,0.0
2022-08-29 13:30:00,INDEX:ADRN,0.17,0.94,0.17,0.48,0.0
2022-08-30 13:30:00,INDEX:ADRN,1.55,1.55,0.13,0.19,0.0
2022-08-31 13:30:00,INDEX:ADRN,0.97,1.7,0.38,0.38,0.0
2022-09-01 13:30:00,INDEX:ADRN,0.12,0.44,0.1,0.44,0.0
2022-09-02 13:30:00,INDEX:ADRN,4.74,7.23,0.48,0.53,0.0
2022-09-06 13:30:00,INDEX:ADRN,2.04,2.04,0.34,0.5,0.0
2022-09-07 13:30:00,INDEX:ADRN,0.76,4.83,0.76,4.74,0.0
2022-09-08 13:30:00,INDEX:ADRN,0.48,1.63,0.48,1.61,0.0
2022-09-09 13:30:00,INDEX:ADRN,6.71,14.19,6.71,8.45,0.0
2022-09-12 13:30:00,INDEX:ADRN,3.89,5.1,3.58,4.84,0.0
2022-09-13 13:30:00,INDEX:ADRN,0.09,0.09,0.04,0.04,0.0
2022-09-14 13:30:00,INDEX:ADRN,0.74,1.18,0.5,0.97,0.0
2022-09-15 13:30:00,INDEX:ADRN,1.61,2.08,0.33,0.44,0.0
2022-09-16 13:30:00,INDEX:ADRN,0.05,0.35,0.05,0.35,0.0
2022-09-19 13:30:00,INDEX:ADRN,0.29,2.48,0.29,2.48,0.0
2022-09-20 13:30:00,INDEX:ADRN,0.11,0.19,0.09,0.14,0.0
2022-09-21 13:30:00,INDEX:ADRN,2.51,2.89,0.19,0.19,0.0
2022-09-22 13:30:00,INDEX:ADRN,0.63,0.63,0.18,0.21,0.0
2022-09-23 13:30:00,INDEX:ADRN,0.05,0.11,0.03,0.11,0.0
2022-09-26 13:30:00,INDEX:ADRN,0.98,1.23,0.16,0.17,0.0
2022-09-27 13:30:00,INDEX:ADRN,11.73,11.73,0.62,0.97,0.0
2022-09-28 13:30:00,INDEX:ADRN,2.04,13.2,2.04,11.08,0.0
2022-09-29 13:30:00,INDEX:ADRN,0.04,0.15,0.03,0.15,0.0
2022-09-30 13:30:00,INDEX:ADRN,0.94,4.92,0.56,0.56,0.0
2022-10-03 13:30:00,INDEX:ADRN,3.3,12.38,3.3,8.98,0.0
2022-10-04 13:30:00,INDEX:ADRN,25.95,29.49,13.47,16.63,0.0
2022-10-05 13:30:00,INDEX:ADRN,0.16,0.65,0.09,0.45,0.0
2022-10-06 13:30:00,INDEX:ADRN,0.8,1.22,0.28,0.38,0.0
2022-10-07 13:30:00,INDEX:ADRN,0.15,0.2,0.08,0.11,0.0
2022-10-10 13:30:00,INDEX:ADRN,1.16,1.16,0.38,0.6,0.0
2022-10-11 13:30:00,INDEX:ADRN,0.29,2.7,0.25,0.87,0.0
2022-10-12 13:30:00,INDEX:ADRN,0.36,1.2,0.36,0.66,0.0
2022-10-13 13:30:00,INDEX:ADRN,0.05,7.12,0.05,5.49,0.0
2022-10-14 13:30:00,INDEX:ADRN,1.63,1.63,0.12,0.12,0.0
2022-10-17 13:30:00,INDEX:ADRN,22.81,23.01,10.74,11.38,0.0
2022-10-18 13:30:00,INDEX:ADRN,11.84,11.84,2.38,4.14,0.0
2022-10-19 13:30:00,INDEX:ADRN,0.32,0.49,0.16,0.29,0.0
2022-10-20 13:30:00,INDEX:ADRN,1.57,4.16,0.35,0.45,0.0
2022-10-21 13:30:00,INDEX:ADRN,1.2,5.42,1.19,5.42,0.0
2022-10-24 13:30:00,INDEX:ADRN,1.35,1.84,0.81,1.59,0.0
2022-10-25 13:30:00,INDEX:ADRN,4.78,8.03,4.78,7.77,0.0
2022-10-26 13:30:00,INDEX:ADRN,2.43,5.51,1.36,1.37,0.0
2022-10-27 13:30:00,INDEX:ADRN,2.25,4.58,1.31,1.35,0.0
2022-10-28 13:30:00,INDEX:ADRN,1.84,3.96,0.87,3.95,0.0
2022-10-31 13:30:00,INDEX:ADRN,0.5,1.45,0.5,0.85,0.0
2022-11-01 13:30:00,INDEX:ADRN,6.36,6.36,1.42,1.57,0.0
2022-11-02 13:30:00,INDEX:ADRN,0.27,1.62,0.12,0.12,0.0
2022-11-03 13:30:00,INDEX:ADRN,0.17,1.2,0.17,0.8,0.0
2022-11-04 13:30:00,INDEX:ADRN,7.39,7.39,1.42,3.28,0.0
2022-11-07 14:30:00,INDEX:ADRN,3.27,3.27,0.92,1.75,0.0
2022-11-08 14:30:00,INDEX:ADRN,1.44,3.16,0.47,1.22,0.0
2022-11-09 14:30:00,INDEX:ADRN,0.15,0.56,0.14,0.14,0.0
2022-11-10 14:30:00,INDEX:ADRN,16.32,17.6,8.79,10.59,0.0
2022-11-11 14:30:00,INDEX:ADRN,2.82,3.4,1.72,1.93,0.0
2022-11-14 14:30:00,INDEX:ADRN,0.48,1.17,0.4,0.4,0.0
2022-11-15 14:30:00,INDEX:ADRN,7.3,9.3,2.27,3.09,0.0
2022-11-16 14:30:00,INDEX:ADRN,0.37,0.4,0.26,0.31,0.0
2022-11-17 14:30:00,INDEX:ADRN,0.07,0.56,0.07,0.56,0.0
2022-11-18 14:30:00,INDEX:ADRN,3.07,3.07,0.97,1.57,0.0
2022-11-21 14:30:00,INDEX:ADRN,0.44,0.83,0.4,0.74,0.0
2022-11-22 14:30:00,INDEX:ADRN,2.6,3.51,2.12,3.5,0.0
2022-11-23 14:30:00,INDEX:ADRN,0.68,1.69,0.68,1.38,0.0
2022-11-25 14:30:00,INDEX:ADRN,1.18,2.61,1.18,1.86,0.0
2022-11-28 14:30:00,INDEX:ADRN,0.26,0.28,0.13,0.14,0.0
2022-11-29 14:30:00,INDEX:ADRN,1.18,3.44,1.18,1.77,0.0
2022-11-30 14:30:00,INDEX:ADRN,1.18,8.41,0.43,8.41,0.0
2022-12-01 14:30:00,INDEX:ADRN,2.82,2.82,0.8,0.96,0.0
2022-12-02 14:30:00,INDEX:ADRN,0.19,1.61,0.19,1.28,0.0
2022-12-05 14:30:00,INDEX:ADRN,0.3,0.3,0.1,0.12,0.0
2022-12-06 14:30:00,INDEX:ADRN,0.97,0.97,0.19,0.34,0.0
2022-12-07 14:30:00,INDEX:ADRN,0.68,1.79,0.68,0.68,0.0
2022-12-08 14:30:00,INDEX:ADRN,1.9,5.5,1.39,1.75,0.0
2022-12-09 14:30:00,INDEX:ADRN,0.51,1.39,0.43,0.43,0.0
2022-12-12 14:30:00,INDEX:ADRN,1.04,2.52,0.79,2.48,0.0
2022-12-13 14:30:00,INDEX:ADRN,18.94,18.94,1.46,2.07,0.0
2022-12-14 14:30:00,INDEX:ADRN,1.26,2.29,0.4,0.57,0.0
2022-12-15 14:30:00,INDEX:ADRN,0.11,0.18,0.08,0.15,0.0
2022-12-16 14:30:00,INDEX:ADRN,0.2,0.38,0.15,0.35,0.0
2022-12-19 14:30:00,INDEX:ADRN,1.0,1.0,0.25,0.36,0.0
2022-12-20 14:30:00,INDEX:ADRN,0.85,2.99,0.68,1.52,0.0
2022-12-21 14:30:00,INDEX:ADRN,4.82,9.57,4.82,5.32,0.0
2022-12-22 14:30:00,INDEX:ADRN,0.13,0.26,0.06,0.26,0.0
2022-12-23 14:30:00,INDEX:ADRN,0.47,2.93,0.47,2.91,0.0
2022-12-27 14:30:00,INDEX:ADRN,0.78,1.47,0.53,1.08,0.0
2022-12-28 14:30:00,INDEX:ADRN,1.68,1.68,0.16,0.17,0.0
2022-12-29 14:30:00,INDEX:ADRN,6.44,17.6,6.44,10.41,0.0
2022-12-30 14:30:00,INDEX:ADRN,0.2,0.74,0.15,0.64,0.0
2023-01-03 14:30:00,INDEX:ADRN,3.9,3.9,0.58,1.09,0.0
2023-01-04 14:30:00,INDEX:ADRN,4.66,7.08,2.74,3.99,0.0
2023-01-05 14:30:00,INDEX:ADRN,0.21,0.63,0.21,0.51,0.0
2023-01-06 14:30:00,INDEX:ADRN,6.6,8.27,2.41,6.9,0.0
2023-01-09 14:30:00,INDEX:ADRN,2.92,4.72,1.33,1.33,0.0
2023-01-10 14:30:00,INDEX:ADRN,1.41,2.96,0.77,2.96,0.0
2023-01-11 14:30:00,INDEX:ADRN,3.39,4.95,2.26,3.32,0.0
2023-01-12 14:30:00,INDEX:ADRN,1.76,3.65,1.66,3.0,0.0
2023-01-13 14:30:00,INDEX:ADRN,0.24,1.74,0.24,1.67,0.0
2023-01-17 14:30:00,INDEX:ADRN,1.21,1.68,0.86,0.89,0.0
2023-01-18 14:30:00,INDEX:ADRN,3.53,3.53,0.23,0.23,0.0
2023-01-19 14:30:00,INDEX:ADRN,0.27,0.69,0.24,0.51,0.0
2023-01-20 14:30:00,INDEX:ADRN,1.14,5.48,1.14,5.45,0.0
2023-01-23 14:30:00,INDEX:ADRN,1.14,4.69,1.14,2.72,0.0
2023-01-24 14:30:00,INDEX:ADRN,0.39,1.11,0.39,0.77,0.0
2023-01-25 14:30:00,INDEX:ADRN,0.12,1.46,0.12,1.46,0.0
2023-01-26 14:30:00,INDEX:ADRN,1.35,2.2,0.84,2.19,0.0
2023-01-27 14:30:00,INDEX:ADRN,0.52,2.03,0.52,1.35,0.0
2023-01-30 14:30:00,INDEX:ADRN,0.22,1.04,0.22,0.26,0.0
2023-01-31 14:30:00,INDEX:ADRN,2.15,8.96,2.15,8.96,0.0
2023-02-01 14:30:00,INDEX:ADRN,1.04,4.01,0.51,2.67,0.0
2023-02-02 14:30:00,INDEX:ADRN,3.26,3.26,1.54,1.98,0.0
2023-02-03 14:30:00,INDEX:ADRN,0.29,0.82,0.29,0.42,0.0
2023-02-06 14:30:00,INDEX:ADRN,0.29,0.34,0.17,0.32,0.0
2023-02-07 14:30:00,INDEX:ADRN,0.39,2.3,0.29,1.91,0.0
2023-02-08 14:30:00,INDEX:ADRN,0.41,0.62,0.22,0.3,0.0
2023-02-09 14:30:00,INDEX:ADRN,5.7,5.7,0.22,0.27,0.0
2023-02-10 14:30:00,INDEX:ADRN,0.61,1.45,0.61,1.36,0.0
2023-02-13 14:30:00,INDEX:ADRN,0.9,3.97,0.9,3.65,0.0
2023-02-14 14:30:00,INDEX:ADRN,0.54,2.32,0.27,0.87,0.0
2023-02-15 14:30:00,INDEX:ADRN,0.23,1.92,0.23,1.92,0.0
2023-02-16 14:30:00,INDEX:ADRN,0.12,0.92,0.12,0.36,0.0
2023-02-17 14:30:00,INDEX:ADRN,0.32,0.89,0.32,0.85,0.0
2023-02-21 14:30:00,INDEX:ADRN,0.2,0.21,0.1,0.11,0.0
2023-02-22 14:30:00,INDEX:ADRN,2.48,3.01,0.86,1.04,0.0
2023-02-23 14:30:00,INDEX:ADRN,5.0,5.0,0.48,1.79,0.0
2023-02-24 14:30:00,INDEX:ADRN,0.08,0.37,0.08,0.37,0.0
2023-02-27 14:30:00,INDEX:ADRN,5.71,7.79,1.09,1.24,0.0
2023-02-28 14:30:00,INDEX:ADRN,0.87,2.22,0.74,0.74,0.0
2023-03-01 14:30:00,INDEX:ADRN,1.6,1.6,0.71,0.93,0.0
2023-03-02 14:30:00,INDEX:ADRN,0.18,1.68,0.18,1.68,0.0
2023-03-03 14:30:00,INDEX:ADRN,2.76,6.34,1.52,4.88,0.0
2023-03-06 14:30:00,INDEX:ADRN,1.04,1.12,0.34,0.37,0.0
2023-03-07 14:30:00,INDEX:ADRN,0.8,0.8,0.18,0.21,0.0
2023-03-08 14:30:00,INDEX:ADRN,1.56,2.25,0.59,1.17,0.0
2023-03-09 14:30:00,INDEX:ADRN,1.59,1.59,0.09,0.09,0.0
2023-03-10 14:30:00,INDEX:ADRN,0.34,0.6,0.08,0.11,0.0
2023-03-13 13:30:00,INDEX:ADRN,0.39,0.71,0.38,0.4,0.0
2023-03-14 13:30:00,INDEX:ADRN,11.04,11.04,1.65,3.22,0.0
2023-03-15 13:30:00,INDEX:ADRN,0.05,0.25,0.05,0.25,0.0
2023-03-16 13:30:00,INDEX:ADRN,0.29,4.01,0.29,3.25,0.0
2023-03-17 13:30:00,INDEX:ADRN,0.2,0.2,0.09,0.14,0.0
2023-03-20 13:30:00,INDEX:ADRN,4.07,4.92,2.31,2.58,0.0
2023-03-21 13:30:00,INDEX:ADRN,11.16,11.16,3.73,4.61,0.0
2023-03-22 13:30:00,INDEX:ADRN,0.55,1.06,0.13,0.13,0.0
2023-03-23 13:30:00,INDEX:ADRN,5.25,7.81,0.38,0.56,0.0
2023-03-24 13:30:00,INDEX:ADRN,0.2,2.0,0.2,1.99,0.0
2023-03-27 13:30:00,INDEX:ADRN,7.02,7.02,2.24,3.49,0.0
2023-03-28 13:30:00,INDEX:ADRN,0.5,2.87,0.5,1.69,0.0
2023-03-29 13:30:00,INDEX:ADRN,6.06,6.57,2.65,4.24,0.0
2023-03-30 13:30:00,INDEX:ADRN,7.2,7.2,1.35,1.88,0.0
2023-03-31 13:30:00,INDEX:ADRN,6.6,7.09,3.7,6.49,0.0
2023-04-03 13:30:00,INDEX:ADRN,1.5,1.74,0.47,0.95,0.0
2023-04-04 13:30:00,INDEX:ADRN,0.44,0.44,0.19,0.3,0.0
2023-04-05 13:30:00,INDEX:ADRN,0.39,0.5,0.26,0.5,0.0
2023-04-06 13:30:00,INDEX:ADRN,0.81,1.31,0.53,1.07,0.0
2023-04-10 13:30:00,INDEX:ADRN,0.36,2.48,0.36,2.48,0.0
2023-04-11 13:30:00,INDEX:ADRN,3.08,5.5,2.74,2.98,0.0
2023-04-12 13:30:00,INDEX:ADRN,3.0,3.0,0.66,0.68,0.0
2023-04-13 13:30:00,INDEX:ADRN,3.0,3.0,0.66,2.69,0.0
2023-04-14 13:30:00,INDEX:ADRN,1.41,2.68,0.26,0.51,0.0
2023-04-17 13:30:00,INDEX:ADRN,1.19,2.08,0.97,2.08,0.0
2023-04-18 13:30:00,INDEX:ADRN,1.19,1.19,0.55,0.79,0.0
2023-04-19 13:30:00,INDEX:ADRN,0.28,1.05,0.28,0.9,0.0
2023-04-20 13:30:00,INDEX:ADRN,0.27,0.68,0.27,0.51,0.0
2023-04-21 13:30:00,INDEX:ADRN,1.19,1.19,0.38,0.78,0.0
2023-04-24 13:30:00,INDEX:ADRN,0.89,1.78,0.71,1.12,0.0
2023-04-25 13:30:00,INDEX:ADRN,0.19,0.24,0.13,0.14,0.0
2023-04-26 13:30:00,INDEX:ADRN,0.85,0.99,0.33,0.37,0.0
2023-04-27 13:30:00,INDEX:ADRN,3.24,4.52,1.31,4.46,0.0
2023-04-28 13:30:00,INDEX:ADRN,0.87,3.63,0.87,2.71,0.0
2023-05-01 13:30:00,INDEX:ADRN,1.06,2.37,0.73,0.81,0.0
2023-05-02 13:30:00,INDEX:ADRN,0.11,0.24,0.08,0.22,0.0
2023-05-03 13:30:00,INDEX:ADRN,2.91,2.91,0.68,0.68,0.0
2023-05-04 13:30:00,INDEX:ADRN,0.63,0.63,0.27,0.42,0.0
2023-05-05 13:30:00,INDEX:ADRN,7.3,7.35,5.01,6.57,0.0
2023-05-08 13:30:00,INDEX:ADRN,2.03,2.03,0.8,0.95,0.0
2023-05-09 13:30:00,INDEX:ADRN,0.24,0.98,0.24,0.74,0.0
2023-05-10 13:30:00,INDEX:ADRN,5.42,5.42,0.53,1.11,0.0
2023-05-11 13:30:00,INDEX:ADRN,0.21,0.46,0.21,0.46,0.0
2023-05-12 13:30:00,INDEX:ADRN,2.49,2.5,0.35,0.73,0.0
2023-05-15 13:30:00,INDEX:ADRN,1.59,3.48,1.38,2.43,0.0
2023-05-16 13:30:00,INDEX:ADRN,0.28,0.28,0.15,0.18,0.0
2023-05-17 13:30:00,INDEX:ADRN,3.91,5.0,1.49,4.06,0.0
2023-05-18 13:30:00,INDEX:ADRN,0.31,1.9,0.31,1.76,0.0
2023-05-19 13:30:00,INDEX:ADRN,3.51,3.51,0.46,0.6,0.0
2023-05-22 13:30:00,INDEX:ADRN,2.09,2.74,1.07,1.74,0.0
2023-05-23 13:30:00,INDEX:ADRN,0.68,2.09,0.64,0.64,0.0
2023-05-24 13:30:00,INDEX:ADRN,0.37,0.37,0.15,0.26,0.0
2023-05-25 13:30:00,INDEX:ADRN,0.55,0.55,0.24,0.44,0.0
2023-05-26 13:30:00,INDEX:ADRN,1.75,2.97,1.31,2.22,0.0
2023-05-30 13:30:00,INDEX:ADRN,1.95,1.95,0.56,0.68,0.0
2023-05-31 13:30:00,INDEX:ADRN,0.41,0.47,0.21,0.47,0.0
2023-06-01 13:30:00,INDEX:ADRN,0.98,3.43,0.72,2.67,0.0
2023-06-02 13:30:00,INDEX:ADRN,9.74,10.91,7.22,10.44,0.0
2023-06-05 13:30:00,INDEX:ADRN,0.58,0.65,0.36,0.42,0.0
2023-06-06 13:30:00,INDEX:ADRN,0.42,5.43,0.42,4.89,0.0
2023-06-07 13:30:00,INDEX:ADRN,4.83,4.83,2.58,2.95,0.0
2023-06-08 13:30:00,INDEX:ADRN,0.87,0.87,0.29,0.73,0.0
2023-06-09 13:30:00,INDEX:ADRN,0.69,0.89,0.45,0.52,0.0
2023-06-12 13:30:00,INDEX:ADRN,0.79,1.67,0.79,1.22,0.0
2023-06-13 13:30:00,INDEX:ADRN,5.06,6.05,2.66,2.93,0.0
2023-06-14 13:30:00,INDEX:ADRN,3.09,3.09,0.41,0.54,0.0
2023-06-15 13:30:00,INDEX:ADRN,1.45,3.84,1.15,3.84,0.0
2023-06-16 13:30:00,INDEX:ADRN,2.39,2.39,0.49,0.67,0.0
2023-06-20 13:30:00,INDEX:ADRN,0.27,0.44,0.26,0.39,0.0
2023-06-21 13:30:00,INDEX:ADRN,0.23,1.71,0.23,1.0,0.0
2023-06-22 13:30:00,INDEX:ADRN,0.24,0.45,0.2,0.42,0.0
2023-06-23 13:30:00,INDEX:ADRN,0.12,0.34,0.12,0.27,0.0
2023-06-26 13:30:00,INDEX:ADRN,1.57,3.73,1.57,1.93,0.0
2023-06-27 13:30:00,INDEX:ADRN,1.78,4.07,1.78,3.34,0.0
2023-06-28 13:30:00,INDEX:ADRN,0.31,0.93,0.31,0.93,0.0
2023-06-29 13:30:00,INDEX:ADRN,1.28,4.69,1.28,4.08,0.0
2023-06-30 13:30:00,INDEX:ADRN,6.15,6.15,1.75,2.16,0.0
2023-07-03 13:30:00,INDEX:ADRN,1.58,2.41,1.58,2.17,0.0
2023-07-05 13:30:00,INDEX:ADRN,0.17,0.5,0.17,0.36,0.0
2023-07-06 13:30:00,INDEX:ADRN,0.08,0.17,0.04,0.17,0.0
2023-07-07 13:30:00,INDEX:ADRN,2.46,6.06,2.46,2.63,0.0
2023-07-10 13:30:00,INDEX:ADRN,1.28,3.93,1.28,2.26,0.0
2023-07-11 13:30:00,INDEX:ADRN,4.44,4.44,2.18,4.2,0.0
2023-07-12 13:30:00,INDEX:ADRN,15.14,15.14,2.44,2.44,0.0
2023-07-13 13:30:00,INDEX:ADRN,1.75,3.26,1.75,2.49,0.0
2023-07-14 13:30:00,INDEX:ADRN,0.36,0.36,0.17,0.31,0.0
2023-07-17 13:30:00,INDEX:ADRN,0.51,2.05,0.51,1.56,0.0
2023-07-18 13:30:00,INDEX:ADRN,3.99,4.72,1.89,2.56,0.0
2023-07-19 13:30:00,INDEX:ADRN,2.03,2.88,1.18,1.65,0.0
2023-07-20 13:30:00,INDEX:ADRN,0.61,0.82,0.43,0.81,0.0
2023-07-21 13:30:00,INDEX:ADRN,1.5,1.5,0.73,0.77,0.0
2023-07-24 13:30:00,INDEX:ADRN,3.71,3.71,1.23,1.71,0.0
2023-07-25 13:30:00,INDEX:ADRN,0.93,1.55,0.84,1.13,0.0
2023-07-26 13:30:00,INDEX:ADRN,2.44,2.44,1.19,1.67,0.0
2023-07-27 13:30:00,INDEX:ADRN,1.62,1.62,0.27,0.28,0.0
2023-07-28 13:30:00,INDEX:ADRN,5.42,5.49,2.01,2.57,0.0
2023-07-31 13:30:00,INDEX:ADRN,3.32,3.59,1.83,2.44,0.0
2023-08-01 13:30:00,INDEX:ADRN,0.6,0.6,0.27,0.58,0.0
2023-08-02 13:30:00,INDEX:ADRN,0.19,0.33,0.17,0.3,0.0
2023-08-03 13:30:00,INDEX:ADRN,0.37,1.02,0.37,0.79,0.0
2023-08-04 13:30:00,INDEX:ADRN,2.05,3.1,0.88,0.92,0.0
2023-08-07 13:30:00,INDEX:ADRN,2.86,2.86,1.16,1.98,0.0
2023-08-08 13:30:00,INDEX:ADRN,0.13,0.52,0.13,0.52,0.0
2023-08-09 13:30:00,INDEX:ADRN,0.99,1.05,0.51,0.69,0.0
2023-08-10 13:30:00,INDEX:ADRN,4.23,6.2,0.57,0.77,0.0
2023-08-11 13:30:00,INDEX:ADRN,0.63,1.61,0.63,1.13,0.0
2023-08-14 13:30:00,INDEX:ADRN,0.19,0.58,0.19,0.58,0.0
2023-08-15 13:30:00,INDEX:ADRN,0.16,0.21,0.11,0.16,0.0
2023-08-16 13:30:00,INDEX:ADRN,1.83,1.83,0.34,0.34,0.0
2023-08-17 13:30:00,INDEX:ADRN,2.98,2.98,0.46,0.46,0.0
2023-08-18 13:30:00,INDEX:ADRN,0.64,1.98,0.64,1.62,0.0
2023-08-21 13:30:00,INDEX:ADRN,0.99,0.99,0.32,0.63,0.0
2023-08-22 13:30:00,INDEX:ADRN,1.87,1.87,0.63,0.7,0.0
2023-08-23 13:30:00,INDEX:ADRN,1.74,3.73,1.74,3.12,0.0
2023-08-24 13:30:00,INDEX:ADRN,1.96,1.96,0.3,0.3,0.0
2023-08-25 13:30:00,INDEX:ADRN,3.41,3.41,0.43,1.64,0.0
2023-08-28 13:30:00,INDEX:ADRN,8.37,8.79,2.67,3.57,0.0
2023-08-29 13:30:00,INDEX:ADRN,1.26,5.63,1.19,5.26,0.0
2023-08-30 13:30:00,INDEX:ADRN,1.28,3.0,1.28,1.5,0.0
2023-08-31 13:30:00,INDEX:ADRN,1.47,2.13,0.64,0.67,0.0
2023-09-01 13:30:00,INDEX:ADRN,9.12,9.12,2.36,2.45,0.0
2023-09-05 13:30:00,INDEX:ADRN,0.24,0.33,0.23,0.23,0.0
2023-09-06 13:30:00,INDEX:ADRN,1.57,1.57,0.34,0.61,0.0
2023-09-07 13:30:00,INDEX:ADRN,0.57,0.59,0.3,0.52,0.0
2023-09-08 13:30:00,INDEX:ADRN,0.78,1.5,0.75,1.01,0.0
2023-09-11 13:30:00,INDEX:ADRN,7.3,7.3,1.3,1.35,0.0
2023-09-12 13:30:00,INDEX:ADRN,1.44,1.65,0.92,1.01,0.0
2023-09-13 13:30:00,INDEX:ADRN,0.57,0.75,0.44,0.51,0.0
2023-09-14 13:30:00,INDEX:ADRN,8.22,8.22,4.26,5.64,0.0
2023-09-15 13:30:00,INDEX:ADRN,0.59,0.6,0.31,0.43,0.0
2023-09-18 13:30:00,INDEX:ADRN,0.54,0.97,0.54,0.67,0.0
2023-09-19 13:30:00,INDEX:ADRN,1.67,1.67,0.45,0.65,0.0
2023-09-20 13:30:00,INDEX:ADRN,6.15,6.62,0.54,0.54,0.0
2023-09-21 13:30:00,INDEX:ADRN,0.12,0.31,0.12,0.19,0.0
2023-09-22 13:30:00,INDEX:ADRN,2.02,2.18,0.71,0.71,0.0
2023-09-25 13:30:00,INDEX:ADRN,0.65,1.72,0.65,1.35,0.0
2023-09-26 13:30:00,INDEX:ADRN,0.65,0.65,0.15,0.15,0.0
2023-09-27 13:30:00,INDEX:ADRN,2.79,3.74,0.88,1.46,0.0
2023-09-28 13:30:00,INDEX:ADRN,1.6,4.62,1.6,2.76,0.0
2023-09-29 13:30:00,INDEX:ADRN,3.04,3.04,0.53,0.65,0.0
2023-10-02 13:30:00,INDEX:ADRN,0.28,0.37,0.16,0.22,0.0
2023-10-03 13:30:00,INDEX:ADRN,0.17,0.24,0.14,0.22,0.0
2023-10-04 13:30:00,INDEX:ADRN,1.05,1.59,0.39,1.55,0.0
2023-10-05 13:30:00,INDEX:ADRN,0.58,1.29,0.45,0.96,0.0
2023-10-06 13:30:00,INDEX:ADRN,0.34,4.64,0.31,2.6,0.0
2023-10-09 13:30:00,INDEX:ADRN,0.61,2.49,0.54,1.89,0.0
2023-10-10 13:30:00,INDEX:ADRN,3.2,8.02,2.99,2.99,0.0
2023-10-11 13:30:00,INDEX:ADRN,3.24,3.24,0.77,1.46,0.0
2023-10-12 13:30:00,INDEX:ADRN,0.29,0.29,0.08,0.16,0.0
2023-10-13 13:30:00,INDEX:ADRN,1.82,1.82,0.45,0.57,0.0
2023-10-16 13:30:00,INDEX:ADRN,2.79,7.51,2.79,5.67,0.0
2023-10-17 13:30:00,INDEX:ADRN,2.02,7.14,1.97,2.69,0.0
2023-10-18 13:30:00,INDEX:ADRN,0.23,0.29,0.16,0.17,0.0
2023-10-19 13:30:00,INDEX:ADRN,0.47,1.17,0.21,0.23,0.0
2023-10-20 13:30:00,INDEX:ADRN,0.72,0.72,0.26,0.26,0.0
2023-10-23 13:30:00,INDEX:ADRN,0.14,1.42,0.14,0.36,0.0
2023-10-24 13:30:00,INDEX:ADRN,3.57,4.76,1.39,1.89,0.0
2023-10-25 13:30:00,INDEX:ADRN,0.37,0.6,0.24,0.34,0.0
2023-10-26 13:30:00,INDEX:ADRN,1.3,2.32,0.88,1.21,0.0
2023-10-27 13:30:00,INDEX:ADRN,0.48,0.68,0.27,0.29,0.0
2023-10-30 13:30:00,INDEX:ADRN,6.28,6.28,1.26,2.44,0.0
2023-10-31 13:30:00,INDEX:ADRN,1.29,2.51,1.2,2.32,0.0
2023-11-01 13:30:00,INDEX:ADRN,0.44,1.7,0.44,1.48,0.0
2023-11-02 13:30:00,INDEX:ADRN,6.78,7.61,4.65,7.6,0.0
2023-11-03 13:30:00,INDEX:ADRN,7.82,8.46,4.57,4.68,0.0
2023-11-06 14:30:00,INDEX:ADRN,0.42,0.42,0.3,0.38,0.0
2023-11-07 14:30:00,INDEX:ADRN,0.3,0.76,0.3,0.62,0.0
2023-11-08 14:30:00,INDEX:ADRN,1.11,1.13,0.39,0.52,0.0
2023-11-09 14:30:00,INDEX:ADRN,1.86,1.86,0.37,0.4,0.0
2023-11-10 14:30:00,INDEX:ADRN,1.74,3.04,0.77,2.89,0.0
2023-11-13 14:30:00,INDEX:ADRN,0.39,1.21,0.39,0.82,0.0
2023-11-14 14:30:00,INDEX:ADRN,15.46,16.63,11.1,13.6,0.0
2023-11-15 14:30:00,INDEX:ADRN,2.08,4.15,1.25,1.25,0.0
2023-11-16 14:30:00,INDEX:ADRN,0.66,0.66,0.29,0.37,0.0
2023-11-17 14:30:00,INDEX:ADRN,3.99,4.24,2.17,3.11,0.0
2023-11-20 14:30:00,INDEX:ADRN,0.96,1.98,0.89,1.73,0.0
2023-11-21 14:30:00,INDEX:ADRN,0.32,0.58,0.28,0.43,0.0
2023-11-22 14:30:00,INDEX:ADRN,3.51,3.51,1.52,2.43,0.0
2023-11-24 14:30:00,INDEX:ADRN,1.96,3.96,1.96,3.35,0.0
2023-11-27 14:30:00,INDEX:ADRN,0.23,0.73,0.23,0.58,0.0
2023-11-28 14:30:00,INDEX:ADRN,0.34,1.47,0.34,0.77,0.0
2023-11-29 14:30:00,INDEX:ADRN,3.72,3.72,1.52,1.54,0.0
2023-11-30 14:30:00,INDEX:ADRN,0.71,2.12,0.71,1.68,0.0
2023-12-01 14:30:00,INDEX:ADRN,1.13,8.57,1.13,7.49,0.0
2023-12-04 14:30:00,INDEX:ADRN,1.28,1.41,0.85,1.39,0.0
2023-12-05 14:30:00,INDEX:ADRN,0.17,0.36,0.17,0.23,0.0
2023-12-06 14:30:00,INDEX:ADRN,3.61,4.74,0.87,0.88,0.0
2023-12-07 14:30:00,INDEX:ADRN,0.85,2.17,0.85,1.9,0.0
2023-12-08 14:30:00,INDEX:ADRN,1.82,1.82,1.82,1.82,0.0
2023-12-11 14:30:00,INDEX:ADRN,1.04,1.29,0.8,1.21,0.0
2023-12-12 14:30:00,INDEX:ADRN,0.28,1.0,0.28,0.77,0.0
2023-12-13 14:30:00,INDEX:ADRN,0.89,9.32,0.66,9.04,0.0
2023-12-14 14:30:00,INDEX:ADRN,6.11,6.11,2.65,3.36,0.0
2023-12-15 14:30:00,INDEX:ADRN,0.41,0.66,0.25,0.36,0.0
2023-12-18 14:30:00,INDEX:ADRN,1.22,1.5,1.01,1.07,0.0
2023-12-19 14:30:00,INDEX:ADRN,6.28,7.18,4.73,5.9,0.0
2023-12-20 14:30:00,INDEX:ADRN,0.54,2.08,0.16,0.16,0.0
2023-12-21 14:30:00,INDEX:ADRN,8.79,10.2,2.38,6.98,0.0
2023-12-22 14:30:00,INDEX:ADRN,5.64,5.64,1.34,2.19,0.0
2023-12-26 14:30:00,INDEX:ADRN,2.28,6.07,1.69,4.01,0.0
2023-12-27 14:30:00,INDEX:ADRN,1.26,2.18,0.8,1.23,0.0
2023-12-28 14:30:00,INDEX:ADRN,0.81,1.53,0.65,0.9,0.0
2023-12-29 14:30:00,INDEX:ADRN,0.78,0.78,0.18,0.26,0.0
2024-01-02 14:30:00,INDEX:ADRN,0.88,1.23,0.57,0.72,0.0
2024-01-03 14:30:00,INDEX:ADRN,0.17,0.41,0.17,0.26,0.0
2024-01-04 14:30:00,INDEX:ADRN,1.69,2.11,0.84,0.84,0.0
2024-01-05 14:30:00,INDEX:ADRN,3.81,3.97,1.02,1.3,0.0
2024-01-08 14:30:00,INDEX:ADRN,0.63,2.85,0.63,2.85,0.0
2024-01-09 14:30:00,INDEX:ADRN,0.11,0.32,0.11,0.28,0.0
2024-01-10 14:30:00,INDEX:ADRN,1.13,1.46,0.63,1.24,0.0
2024-01-11 14:30:00,INDEX:ADRN,0.35,0.58,0.14,0.58,0.0
2024-01-12 14:30:00,INDEX:ADRN,7.17,7.17,0.86,1.02,0.0
2024-01-16 14:30:00,INDEX:ADRN,0.15,0.3,0.15,0.28,0.0
2024-01-17 14:30:00,INDEX:ADRN,0.18,0.42,0.18,0.3,0.0
2024-01-18 14:30:00,INDEX:ADRN,1.35,1.72,0.56,1.71,0.0
2024-01-19 14:30:00,INDEX:ADRN,0.61,2.52,0.4,2.52,0.0
2024-01-22 14:30:00,INDEX:ADRN,4.19,4.98,2.41,3.07,0.0
2024-01-23 14:30:00,INDEX:ADRN,2.76,2.76,0.64,0.89,0.0
2024-01-24 14:30:00,INDEX:ADRN,1.85,1.93,0.5,0.52,0.0
2024-01-25 14:30:00,INDEX:ADRN,5.34,5.34,1.65,3.25,0.0
2024-01-26 14:30:00,INDEX:ADRN,4.1,4.1,1.08,1.45,0.0
2024-01-29 14:30:00,INDEX:ADRN,0.43,2.47,0.43,2.43,0.0
2024-01-30 14:30:00,INDEX:ADRN,0.4,0.87,0.36,0.71,0.0
2024-01-31 14:30:00,INDEX:ADRN,0.87,1.17,0.15,0.15,0.0
2024-02-01 14:30:00,INDEX:ADRN,3.2,3.3,0.88,3.3,0.0
2024-02-02 14:30:00,INDEX:ADRN,0.15,0.79,0.15,0.5,0.0
2024-02-05 14:30:00,INDEX:ADRN,0.12,0.25,0.08,0.18,0.0
2024-02-06 14:30:00,INDEX:ADRN,2.86,3.36,2.07,2.74,0.0
2024-02-07 14:30:00,INDEX:ADRN,0.61,1.17,0.61,0.91,0.0
2024-02-08 14:30:00,INDEX:ADRN,0.66,1.77,0.66,1.74,0.0
2024-02-09 14:30:00,INDEX:ADRN,0.79,2.0,0.69,1.9,0.0
2024-02-12 14:30:00,INDEX:ADRN,3.3,5.51,3.3,3.73,0.0
2024-02-13 14:30:00,INDEX:ADRN,0.06,0.1,0.05,0.07,0.0
2024-02-14 14:30:00,INDEX:ADRN,6.05,6.05,2.54,5.15,0.0
2024-02-15 14:30:00,INDEX:ADRN,4.19,5.51,2.96,5.48,0.0
2024-02-16 14:30:00,INDEX:ADRN,0.3,1.14,0.3,0.51,0.0
2024-02-20 14:30:00,INDEX:ADRN,0.34,0.65,0.34,0.47,0.0
2024-02-21 14:30:00,INDEX:ADRN,1.05,1.07,0.65,1.07,0.0
2024-02-22 14:30:00,INDEX:ADRN,1.41,1.74,1.04,1.5,0.0
2024-02-23 14:30:00,INDEX:ADRN,0.89,2.3,0.89,1.46,0.0
2024-02-26 14:30:00,INDEX:ADRN,0.9,1.98,0.55,0.71,0.0
2024-02-27 14:30:00,INDEX:ADRN,2.91,2.91,1.4,1.83,0.0
2024-02-28 14:30:00,INDEX:ADRN,0.54,1.21,0.54,0.68,0.0
2024-02-29 14:30:00,INDEX:ADRN,4.5,4.5,1.65,2.18,0.0
2024-03-01 14:30:00,INDEX:ADRN,0.5,1.8,0.5,1.8,0.0
2024-03-04 14:30:00,INDEX:ADRN,1.18,1.21,0.8,0.82,0.0
2024-03-05 14:30:00,INDEX:ADRN,1.03,1.18,0.51,0.56,0.0
2024-03-06 14:30:00,INDEX:ADRN,2.5,3.64,1.96,2.4,0.0
2024-03-07 14:30:00,INDEX:ADRN,5.37,5.37,1.97,2.28,0.0
2024-03-08 14:30:00,INDEX:ADRN,4.52,4.52,0.86,1.08,0.0
2024-03-11 13:30:00,INDEX:ADRN,0.77,1.05,0.53,0.99,0.0
2024-03-12 13:30:00,INDEX:ADRN,0.52,1.25,0.52,1.14,0.0
2024-03-13 13:30:00,INDEX:ADRN,3.33,3.4,1.07,1.43,0.0
2024-03-14 13:30:00,INDEX:ADRN,0.48,0.48,0.16,0.24,0.0
2024-03-15 13:30:00,INDEX:ADRN,1.55,2.01,0.94,1.39,0.0
2024-03-18 13:30:00,INDEX:ADRN,0.84,1.44,0.82,0.82,0.0
2024-03-19 13:30:00,INDEX:ADRN,1.97,2.67,1.71,2.12,0.0
2024-03-20 13:30:00,INDEX:ADRN,0.95,5.14,0.95,4.55,0.0
2024-03-21 13:30:00,INDEX:ADRN,4.19,4.19,2.11,2.25,0.0
2024-03-22 13:30:00,INDEX:ADRN,0.96,0.96,0.32,0.33,0.0
2024-03-25 13:30:00,INDEX:ADRN,3.24,3.24,0.91,0.91,0.0
2024-03-26 13:30:00,INDEX:ADRN,2.03,2.06,0.72,0.72,0.0
2024-03-27 13:30:00,INDEX:ADRN,5.35,6.67,4.14,6.67,0.0
2024-03-28 13:30:00,INDEX:ADRN,3.15,3.73,2.03,2.3,0.0
2024-04-01 13:30:00,INDEX:ADRN,0.53,0.62,0.36,0.41,0.0
2024-04-02 13:30:00,INDEX:ADRN,0.28,0.34,0.21,0.34,0.0
2024-04-03 13:30:00,INDEX:ADRN,0.82,2.0,0.82,1.65,0.0
2024-04-04 13:30:00,INDEX:ADRN,5.78,5.78,0.29,0.35,0.0
2024-04-05 13:30:00,INDEX:ADRN,1.03,2.84,0.85,1.72,0.0
2024-04-08 13:30:00,INDEX:ADRN,1.5,2.6,1.5,1.66,0.0
2024-04-09 13:30:00,INDEX:ADRN,2.89,2.89,0.81,1.52,0.0
2024-04-10 13:30:00,INDEX:ADRN,0.07,0.19,0.07,0.18,0.0
2024-04-11 13:30:00,INDEX:ADRN,1.16,1.58,0.34,1.25,0.0
2024-04-12 13:30:00,INDEX:ADRN,0.49,0.49,0.06,0.09,0.0
2024-04-15 13:30:00,INDEX:ADRN,3.94,3.94,0.16,0.21,0.0
2024-04-16 13:30:00,INDEX:ADRN,0.15,0.59,0.15,0.42,0.0
2024-04-17 13:30:00,INDEX:ADRN,5.13,5.13,0.54,0.6,0.0
2024-04-18 13:30:00,INDEX:ADRN,1.7,4.73,0.98,1.17,0.0
2024-04-19 13:30:00,INDEX:ADRN,3.76,5.13,1.48,2.4,0.0
2024-04-22 13:30:00,INDEX:ADRN,1.12,4.75,1.12,2.94,0.0
2024-04-23 13:30:00,INDEX:ADRN,4.89,6.43,3.94,4.16,0.0
2024-04-24 13:30:00,INDEX:ADRN,0.69,0.82,0.34,0.81,0.0
2024-04-25 13:30:00,INDEX:ADRN,0.11,0.59,0.11,0.52,0.0
2024-04-26 13:30:00,INDEX:ADRN,3.04,3.32,1.79,1.97,0.0
2024-04-29 13:30:00,INDEX:ADRN,2.72,3.18,1.67,2.17,0.0
2024-04-30 13:30:00,INDEX:ADRN,0.25,0.29,0.15,0.15,0.0
2024-05-01 13:30:00,INDEX:ADRN,1.26,3.88,0.94,1.24,0.0
2024-05-02 13:30:00,INDEX:ADRN,2.86,4.43,1.58,3.75,0.0
2024-05-03 13:30:00,INDEX:ADRN,5.52,5.52,1.78,2.4,0.0
2024-05-06 13:30:00,INDEX:ADRN,6.15,6.15,2.91,3.25,0.0
2024-05-07 13:30:00,INDEX:ADRN,2.47,2.47,1.22,1.22,0.0
2024-05-08 13:30:00,INDEX:ADRN,0.38,0.99,0.38,0.99,0.0
2024-05-09 13:30:00,INDEX:ADRN,1.52,3.27,1.52,3.26,0.0
2024-05-10 13:30:00,INDEX:ADRN,1.78,1.78,0.62,0.85,0.0
2024-05-13 13:30:00,INDEX:ADRN,3.06,3.88,0.95,0.95,0.0
2024-05-14 13:30:00,INDEX:ADRN,3.19,3.19,1.71,2.59,0.0
2024-05-15 13:30:00,INDEX:ADRN,2.46,2.46,1.42,1.69,0.0
2024-05-16 13:30:00,INDEX:ADRN,0.64,1.01,0.64,0.85,0.0
2024-05-17 13:30:00,INDEX:ADRN,0.85,1.38,0.85,1.27,0.0
2024-05-20 13:30:00,INDEX:ADRN,0.75,1.58,0.75,0.84,0.0
2024-05-21 13:30:00,INDEX:ADRN,0.71,0.88,0.57,0.88,0.0
2024-05-22 13:30:00,INDEX:ADRN,0.68,0.7,0.26,0.38,0.0
2024-05-23 13:30:00,INDEX:ADRN,0.62,0.62,0.12,0.17,0.0
2024-05-24 13:30:00,INDEX:ADRN,3.26,3.75,1.96,2.61,0.0
2024-05-28 13:30:00,INDEX:ADRN,1.77,1.77,0.45,0.56,0.0
2024-05-29 13:30:00,INDEX:ADRN,0.12,0.21,0.12,0.19,0.0
2024-05-30 13:30:00,INDEX:ADRN,3.12,4.31,2.98,3.32,0.0
2024-05-31 13:30:00,INDEX:ADRN,5.98,5.98,1.28,3.28,0.0
2024-06-03 13:30:00,INDEX:ADRN,0.78,0.87,0.38,0.61,0.0
2024-06-04 13:30:00,INDEX:ADRN,0.28,0.44,0.26,0.37,0.0
2024-06-05 13:30:00,INDEX:ADRN,0.87,2.15,0.87,2.14,0.0
2024-06-06 13:30:00,INDEX:ADRN,0.8,1.19,0.53,0.69,0.0
2024-06-07 13:30:00,INDEX:ADRN,0.33,0.66,0.3,0.3,0.0
2024-06-10 13:30:00,INDEX:ADRN,0.39,1.24,0.39,1.09,0.0
2024-06-11 13:30:00,INDEX:ADRN,0.13,0.51,0.12,0.51,0.0
2024-06-12 13:30:00,INDEX:ADRN,7.07,7.07,1.98,2.13,0.0
2024-06-13 13:30:00,INDEX:ADRN,0.41,0.42,0.19,0.39,0.0
2024-06-14 13:30:00,INDEX:ADRN,0.12,0.27,0.11,0.27,0.0
2024-06-17 13:30:00,INDEX:ADRN,0.62,1.77,0.45,1.75,0.0
2024-06-18 13:30:00,INDEX:ADRN,2.02,2.02,1.0,1.13,0.0
2024-06-20 13:30:00,INDEX:ADRN,1.13,1.73,0.89,1.12,0.0
2024-06-21 13:30:00,INDEX:ADRN,0.57,0.98,0.57,0.98,0.0
2024-06-24 13:30:00,INDEX:ADRN,2.52,5.15,2.41,2.49,0.0
2024-06-25 13:30:00,INDEX:ADRN,0.36,0.37,0.22,0.35,0.0
2024-06-26 13:30:00,INDEX:ADRN,0.26,0.86,0.26,0.79,0.0
2024-06-27 13:30:00,INDEX:ADRN,1.58,1.58,0.87,1.5,0.0
2024-06-28 13:30:00,INDEX:ADRN,3.67,3.67,0.97,1.68,0.0
2024-07-01 13:30:00,INDEX:ADRN,1.61,1.61,0.29,0.37,0.0
2024-07-02 13:30:00,INDEX:ADRN,1.59,1.78,1.01,1.69,0.0
2024-07-03 13:30:00,INDEX:ADRN,1.64,4.05,1.58,1.65,0.0
2024-07-05 13:30:00,INDEX:ADRN,0.38,0.55,0.35,0.55,0.0
2024-07-08 13:30:00,INDEX:ADRN,2.6,3.02,1.2,1.41,0.0
2024-07-09 13:30:00,INDEX:ADRN,0.54,1.14,0.44,0.56,0.0
2024-07-10 13:30:00,INDEX:ADRN,2.09,3.27,1.63,3.27,0.0
2024-07-11 13:30:00,INDEX:ADRN,5.97,9.23,5.97,7.3,0.0
2024-07-12 13:30:00,INDEX:ADRN,3.13,5.43,3.13,3.37,0.0
2024-07-15 13:30:00,INDEX:ADRN,1.55,2.89,1.55,1.68,0.0
2024-07-16 13:30:00,INDEX:ADRN,3.66,6.72,3.66,6.72,0.0
2024-07-17 13:30:00,INDEX:ADRN,1.28,1.28,0.67,0.8,0.0
2024-07-18 13:30:00,INDEX:ADRN,1.47,2.92,0.19,0.23,0.0
2024-07-19 13:30:00,INDEX:ADRN,0.89,0.95,0.33,0.48,0.0
2024-07-22 13:30:00,INDEX:ADRN,2.34,3.51,0.7,3.5,0.0
2024-07-23 13:30:00,INDEX:ADRN,0.4,1.62,0.4,1.21,0.0
2024-07-24 13:30:00,INDEX:ADRN,0.35,0.75,0.21,0.21,0.0
2024-07-25 13:30:00,INDEX:ADRN,2.1,4.68,1.86,1.88,0.0
2024-07-26 13:30:00,INDEX:ADRN,6.47,6.47,2.6,5.26,0.0
2024-07-29 13:30:00,INDEX:ADRN,0.99,1.07,0.47,0.64,0.0
2024-07-30 13:30:00,INDEX:ADRN,1.8,1.87,0.95,1.64,0.0
2024-07-31 13:30:00,INDEX:ADRN,1.36,4.47,1.15,1.59,0.0
2024-08-01 13:30:00,INDEX:ADRN,1.82,1.82,0.18,0.24,0.0
2024-08-02 13:30:00,INDEX:ADRN,0.09,0.19,0.08,0.19,0.0
2024-08-05 13:30:00,INDEX:ADRN,0.01,0.11,0.01,0.06,0.0
2024-08-06 13:30:00,INDEX:ADRN,2.83,5.46,2.08,2.68,0.0
2024-08-07 13:30:00,INDEX:ADRN,3.52,3.57,0.43,0.43,0.0
2024-08-08 13:30:00,INDEX:ADRN,5.7,7.15,4.28,5.52,0.0
2024-08-09 13:30:00,INDEX:ADRN,0.51,1.2,0.49,1.02,0.0
2024-08-12 13:30:00,INDEX:ADRN,0.68,0.73,0.41,0.46,0.0
2024-08-13 13:30:00,INDEX:ADRN,3.88,4.52,1.88,4.45,0.0
2024-08-14 13:30:00,INDEX:ADRN,1.58,1.58,0.7,1.06,0.0
2024-08-15 13:30:00,INDEX:ADRN,7.13,7.31,4.57,6.19,0.0
2024-08-16 13:30:00,INDEX:ADRN,1.25,1.9,0.84,1.51,0.0
2024-08-19 13:30:00,INDEX:ADRN,3.76,3.76,2.81,3.69,0.0
2024-08-20 13:30:00,INDEX:ADRN,0.64,0.64,0.24,0.31,0.0
2024-08-21 13:30:00,INDEX:ADRN,2.58,3.49,1.64,3.49,0.0
2024-08-22 13:30:00,INDEX:ADRN,1.68,1.68,0.41,0.48,0.0
2024-08-23 13:30:00,INDEX:ADRN,5.92,14.47,5.92,11.01,0.0
2024-08-26 13:30:00,INDEX:ADRN,3.42,4.19,1.11,1.11,0.0
2024-08-27 13:30:00,INDEX:ADRN,0.36,0.72,0.31,0.63,0.0
2024-08-28 13:30:00,INDEX:ADRN,0.58,1.05,0.28,0.5,0.0
2024-08-29 13:30:00,INDEX:ADRN,1.11,4.87,1.11,2.23,0.0
2024-08-30 13:30:00,INDEX:ADRN,3.42,3.42,0.44,2.37,0.0
2024-09-03 13:30:00,INDEX:ADRN,0.29,0.3,0.18,0.21,0.0
2024-09-04 13:30:00,INDEX:ADRN,1.17,2.79,0.59,0.74,0.0
2024-09-05 13:30:00,INDEX:ADRN,0.88,1.16,0.42,0.53,0.0
2024-09-06 13:30:00,INDEX:ADRN,0.27,0.27,0.16,0.2,0.0
2024-09-09 13:30:00,INDEX:ADRN,1.4,3.1,1.4,1.46,0.0
2024-09-10 13:30:00,INDEX:ADRN,0.83,0.89,0.34,0.89,0.0
2024-09-11 13:30:00,INDEX:ADRN,0.25,1.16,0.13,1.16,0.0
2024-09-12 13:30:00,INDEX:ADRN,2.45,4.7,0.79,3.64,0.0
2024-09-13 13:30:00,INDEX:ADRN,6.7,9.62,4.83,6.4,0.0
2024-09-16 13:30:00,INDEX:ADRN,3.08,3.37,1.3,2.32,0.0
2024-09-17 13:30:00,INDEX:ADRN,2.73,4.67,1.43,1.6,0.0
2024-09-18 13:30:00,INDEX:ADRN,1.53,4.85,0.66,0.83,0.0
2024-09-19 13:30:00,INDEX:ADRN,5.42,5.62,3.59,3.96,0.0
2024-09-20 13:30:00,INDEX:ADRN,0.27,0.5,0.25,0.4,0.0
2024-09-23 13:30:00,INDEX:ADRN,2.33,2.33,1.12,1.38,0.0
2024-09-24 13:30:00,INDEX:ADRN,1.96,1.97,1.3,1.47,0.0
2024-09-25 13:30:00,INDEX:ADRN,0.61,0.61,0.26,0.3,0.0
2024-09-26 13:30:00,INDEX:ADRN,4.02,4.02,1.86,2.04,0.0
2024-09-27 13:30:00,INDEX:ADRN,5.1,6.14,1.45,1.93,0.0
2024-09-30 13:30:00,INDEX:ADRN,0.45,1.24,0.36,1.24,0.0
2024-10-01 13:30:00,INDEX:ADRN,0.23,0.58,0.23,0.45,0.0
2024-10-02 13:30:00,INDEX:ADRN,0.64,1.47,0.64,0.82,0.0
2024-10-03 13:30:00,INDEX:ADRN,0.21,0.55,0.15,0.46,0.0
2024-10-04 13:30:00,INDEX:ADRN,3.28,3.28,1.51,2.88,0.0
2024-10-07 13:30:00,INDEX:ADRN,0.36,0.48,0.24,0.38,0.0
2024-10-08 13:30:00,INDEX:ADRN,0.63,1.03,0.52,0.77,0.0
2024-10-09 13:30:00,INDEX:ADRN,1.22,2.4,0.89,1.44,0.0
2024-10-10 13:30:00,INDEX:ADRN,0.28,0.69,0.28,0.67,0.0
2024-10-11 13:30:00,INDEX:ADRN,3.4,5.64,3.4,4.93,0.0
2024-10-14 13:30:00,INDEX:ADRN,0.48,1.77,0.48,1.68,0.0
2024-10-15 13:30:00,INDEX:ADRN,0.89,2.01,0.89,0.91,0.0
2024-10-16 13:30:00,INDEX:ADRN,3.71,5.15,3.55,3.72,0.0
2024-10-17 13:30:00,INDEX:ADRN,0.85,0.89,0.54,0.88,0.0
2024-10-18 13:30:00,INDEX:ADRN,1.17,1.18,1.02,1.16,0.0
2024-10-21 13:30:00,INDEX:ADRN,0.56,0.68,0.15,0.23,0.0
2024-10-22 13:30:00,INDEX:ADRN,0.42,0.68,0.35,0.62,0.0
2024-10-23 13:30:00,INDEX:ADRN,0.57,0.74,0.23,0.46,0.0
2024-10-24 13:30:00,INDEX:ADRN,1.73,1.73,0.58,1.26,0.0
2024-10-25 13:30:00,INDEX:ADRN,1.93,2.17,0.43,0.49,0.0
2024-10-28 13:30:00,INDEX:ADRN,4.22,4.49,2.7,2.71,0.0
2024-10-29 13:30:00,INDEX:ADRN,0.24,0.67,0.24,0.51,0.0
2024-10-30 13:30:00,INDEX:ADRN,1.12,2.65,0.95,0.95,0.0
2024-10-31 13:30:00,INDEX:ADRN,0.81,0.81,0.27,0.27,0.0
2024-11-01 13:30:00,INDEX:ADRN,4.93,4.93,0.89,0.93,0.0
2024-11-04 14:30:00,INDEX:ADRN,1.4,2.8,1.35,1.35,0.0
2024-11-05 14:30:00,INDEX:ADRN,2.42,5.02,2.42,5.02,0.0
2024-11-06 14:30:00,INDEX:ADRN,2.2,2.82,2.08,2.82,0.0
2024-11-07 14:30:00,INDEX:ADRN,1.44,1.64,0.97,1.02,0.0
2024-11-08 14:30:00,INDEX:ADRN,0.74,1.27,0.74,1.16,0.0
2024-11-11 14:30:00,INDEX:ADRN,2.94,2.94,1.78,1.78,0.0
2024-11-12 14:30:00,INDEX:ADRN,0.72,0.72,0.21,0.28,0.0
2024-11-13 14:30:00,INDEX:ADRN,2.18,2.18,0.68,0.68,0.0
2024-11-14 14:30:00,INDEX:ADRN,1.47,1.47,0.48,0.53,0.0
2024-11-15 14:30:00,INDEX:ADRN,1.24,1.26,0.42,0.54,0.0
2024-11-18 14:30:00,INDEX:ADRN,1.7,2.4,1.33,1.43,0.0
2024-11-19 14:30:00,INDEX:ADRN,0.2,1.12,0.2,1.06,0.0
2024-11-20 14:30:00,INDEX:ADRN,0.53,1.08,0.43,1.07,0.0
2024-11-21 14:30:00,INDEX:ADRN,1.43,4.97,1.43,4.26,0.0
2024-11-22 14:30:00,INDEX:ADRN,3.86,3.86,3.03,3.64,0.0
2024-11-25 14:30:00,INDEX:ADRN,6.22,6.22,2.57,2.57,0.0
2024-11-26 14:30:00,INDEX:ADRN,0.59,0.59,0.59,0.59,0.0
2024-11-27 14:30:00,INDEX:ADRN,1.71,1.71,1.14,1.14,0.0
2024-11-29 14:30:00,INDEX:ADRN,3.42,3.42,1.54,1.54,0.0
2024-12-02 14:30:00,INDEX:ADRN,0.4,0.94,0.38,0.78,0.0
2024-12-03 14:30:00,INDEX:ADRN,0.83,0.83,0.42,0.6,0.0
2024-12-04 14:30:00,INDEX:ADRN,0.88,1.07,0.63,0.92,0.0
2024-12-05 14:30:00,INDEX:ADRN,0.88,1.08,0.53,0.53,0.0
2024-12-06 14:30:00,INDEX:ADRN,2.16,2.16,0.52,0.72,0.0
2024-12-09 14:30:00,INDEX:ADRN,2.55,2.55,1.0,1.0,0.0
2024-12-10 14:30:00,INDEX:ADRN,0.42,1.04,0.34,0.56,0.0
2024-12-11 14:30:00,INDEX:ADRN,2.06,2.06,0.88,1.23,0.0
2024-12-12 14:30:00,INDEX:ADRN,0.74,0.85,0.38,0.38,0.0
2024-12-13 14:30:00,INDEX:ADRN,0.65,0.65,0.32,0.5,0.0
2024-12-16 14:30:00,INDEX:ADRN,0.64,1.54,0.64,0.69,0.0
2024-12-17 14:30:00,INDEX:ADRN,0.51,0.51,0.28,0.34,0.0
2024-12-18 14:30:00,INDEX:ADRN,2.2,2.2,0.04,0.04,0.0
2024-12-19 14:30:00,INDEX:ADRN,3.35,3.35,0.66,0.66,0.0
2024-12-20 14:30:00,INDEX:ADRN,2.2,10.1,1.9,3.01,0.0
2024-12-23 14:30:00,INDEX:ADRN,0.43,1.09,0.24,1.09,0.0
2024-12-24 14:30:00,INDEX:ADRN,0.81,5.47,0.81,5.47,0.0
2024-12-26 14:30:00,INDEX:ADRN,1.45,1.95,1.21,1.82,0.0
2024-12-27 14:30:00,INDEX:ADRN,0.36,0.36,0.08,0.19,0.0
2024-12-30 14:30:00,INDEX:ADRN,0.13,0.54,0.09,0.35,0.0
2024-12-31 14:30:00,INDEX:ADRN,4.15,9.04,1.0,1.95,0.0
2025-01-02 14:30:00,INDEX:ADRN,3.81,5.63,0.53,0.78,0.0
2025-01-03 14:30:00,INDEX:ADRN,2.65,3.1,0.9,2.77,0.0
2025-01-06 14:30:00,INDEX:ADRN,1.93,2.76,0.72,0.76,0.0
2025-01-07 14:30:00,INDEX:ADRN,3.29,3.29,0.42,0.59,0.0
2025-01-08 14:30:00,INDEX:ADRN,0.23,0.8,0.14,0.8,0.0
2025-01-10 14:30:00,INDEX:ADRN,0.27,0.28,0.21,0.26,0.0
2025-01-13 14:30:00,INDEX:ADRN,0.44,1.84,0.44,1.84,0.0
2025-01-14 14:30:00,INDEX:ADRN,4.26,4.26,1.6,3.46,0.0
2025-01-15 14:30:00,INDEX:ADRN,10.74,10.74,3.68,4.37,0.0
2025-01-16 14:30:00,INDEX:ADRN,1.35,1.86,0.93,1.67,0.0
2025-01-17 14:30:00,INDEX:ADRN,4.31,4.31,1.38,1.6,0.0
2025-01-21 14:30:00,INDEX:ADRN,3.82,4.51,3.1,3.56,0.0
2025-01-22 14:30:00,INDEX:ADRN,0.42,0.6,0.4,0.4,0.0
2025-01-23 14:30:00,INDEX:ADRN,0.73,1.94,0.68,1.73,0.0
2025-01-24 14:30:00,INDEX:ADRN,1.03,1.73,0.62,1.02,0.0
2025-01-27 14:30:00,INDEX:ADRN,1.12,1.68,1.0,1.24,0.0
2025-01-28 14:30:00,INDEX:ADRN,0.71,1.13,0.49,0.81,0.0
2025-01-29 14:30:00,INDEX:ADRN,0.97,1.94,0.43,0.67,0.0
2025-01-30 14:30:00,INDEX:ADRN,6.97,6.97,3.21,3.64,0.0
2025-01-31 14:30:00,INDEX:ADRN,0.71,1.4,0.2,0.28,0.0
2025-02-03 14:30:00,INDEX:ADRN,0.08,0.5,0.08,0.36,0.0
2025-02-04 14:30:00,INDEX:ADRN,0.99,2.98,0.99,2.38,0.0
2025-02-05 14:30:00,INDEX:ADRN,1.77,2.0,1.03,1.93,0.0
2025-02-06 14:30:00,INDEX:ADRN,1.89,1.89,0.63,1.01,0.0
2025-02-07 14:30:00,INDEX:ADRN,0.96,0.96,0.29,0.34,0.0
2025-02-10 14:30:00,INDEX:ADRN,1.27,1.65,1.08,1.34,0.0
2025-02-11 14:30:00,INDEX:ADRN,0.36,1.09,0.36,1.08,0.0
2025-02-12 14:30:00,INDEX:ADRN,0.17,0.51,0.17,0.43,0.0
2025-02-13 14:30:00,INDEX:ADRN,1.75,3.5,1.52,3.5,0.0
2025-02-14 14:30:00,INDEX:ADRN,2.31,2.51,0.87,0.88,0.0
2025-02-18 14:30:00,INDEX:ADRN,1.02,2.24,1.02,1.86,0.0
2025-02-19 14:30:00,INDEX:ADRN,0.33,0.76,0.33,0.69,0.0
2025-02-20 14:30:00,INDEX:ADRN,0.66,0.66,0.38,0.64,0.0
2025-02-21 14:30:00,INDEX:ADRN,1.22,1.22,0.18,0.2,0.0
2025-02-24 14:30:00,INDEX:ADRN,0.72,1.63,0.72,0.75,0.0
2025-02-25 14:30:00,INDEX:ADRN,2.4,2.4,0.79,1.17,0.0
2025-02-26 14:30:00,INDEX:ADRN,1.3,2.39,0.71,0.91,0.0
2025-02-27 14:30:00,INDEX:ADRN,0.87,1.3,0.45,0.45,0.0
2025-02-28 14:30:00,INDEX:ADRN,1.24,2.51,0.62,2.51,0.0
2025-03-03 14:30:00,INDEX:ADRN,3.42,3.42,0.23,0.27,0.0
2025-03-04 14:30:00,INDEX:ADRN,0.22,0.63,0.17,0.3,0.0
2025-03-05 14:30:00,INDEX:ADRN,2.27,3.46,1.43,2.75,0.0
2025-03-06 14:30:00,INDEX:ADRN,0.27,0.67,0.25,0.45,0.0
2025-03-07 14:30:00,INDEX:ADRN,0.92,2.27,0.57,1.77,0.0
2025-03-10 13:30:00,INDEX:ADRN,0.51,0.64,0.16,0.22,0.0
2025-03-11 13:30:00,INDEX:ADRN,1.4,1.4,0.4,0.7,0.0
2025-03-12 13:30:00,INDEX:ADRN,1.25,1.35,0.47,0.98,0.0
2025-03-13 13:30:00,INDEX:ADRN,1.29,1.29,0.24,0.32,0.0
2025-03-14 13:30:00,INDEX:ADRN,9.63,11.26,5.37,8.93,0.0
2025-03-17 13:30:00,INDEX:ADRN,3.26,6.0,2.8,4.99,0.0
2025-03-18 13:30:00,INDEX:ADRN,0.55,0.69,0.38,0.62,0.0
2025-03-19 13:30:00,INDEX:ADRN,1.9,3.87,1.26,3.11,0.0
2025-03-20 13:30:00,INDEX:ADRN,0.2,1.33,0.2,0.55,0.0
2025-03-21 13:30:00,INDEX:ADRN,0.11,0.47,0.11,0.39,0.0
2025-03-24 13:30:00,INDEX:ADRN,8.64,8.64,3.09,4.23,0.0
2025-03-25 13:30:00,INDEX:ADRN,1.4,1.4,0.63,0.66,0.0
2025-03-26 13:30:00,INDEX:ADRN,2.43,2.43,0.53,0.76,0.0
2025-03-27 13:30:00,INDEX:ADRN,0.46,1.63,0.46,0.84,0.0
2025-03-28 13:30:00,INDEX:ADRN,0.71,0.71,0.12,0.17,0.0
2025-03-31 13:30:00,INDEX:ADRN,0.31,1.55,0.31,1.17,0.0
2025-04-01 13:30:00,INDEX:ADRN,0.3,3.18,0.26,1.76,0.0
2025-04-02 13:30:00,INDEX:ADRN,0.45,2.95,0.45,2.92,0.0
2025-04-03 13:30:00,INDEX:ADRN,0.15,0.17,0.12,0.13,0.0
2025-04-04 13:30:00,INDEX:ADRN,0.03,0.08,0.03,0.07,0.0
2025-04-07 13:30:00,INDEX:ADRN,0.02,0.61,0.02,0.35,0.0
2025-04-08 13:30:00,INDEX:ADRN,12.97,12.97,0.08,0.16,0.0
2025-04-09 13:30:00,INDEX:ADRN,0.96,38.83,0.47,37.22,0.0
2025-04-10 13:30:00,INDEX:ADRN,0.11,0.16,0.04,0.11,0.0
2025-04-11 13:30:00,INDEX:ADRN,0.61,4.5,0.3,4.06,0.0
2025-04-14 13:30:00,INDEX:ADRN,6.0,7.67,1.04,3.42,0.0
2025-04-15 13:30:00,INDEX:ADRN,1.91,3.16,0.76,0.87,0.0
2025-04-16 13:30:00,INDEX:ADRN,0.72,1.62,0.25,0.47,0.0
2025-04-17 13:30:00,INDEX:ADRN,3.35,5.67,1.67,3.66,0.0
2025-04-21 13:30:00,INDEX:ADRN,0.15,0.15,0.07,0.15,0.0
2025-04-22 13:30:00,INDEX:ADRN,13.09,18.1,5.19,12.37,0.0
2025-04-23 13:30:00,INDEX:ADRN,10.46,10.46,1.86,2.35,0.0
2025-04-24 13:30:00,INDEX:ADRN,1.19,5.61,1.19,4.81,0.0
2025-04-25 13:30:00,INDEX:ADRN,0.39,0.88,0.29,0.88,0.0
2025-04-28 13:30:00,INDEX:ADRN,3.24,3.29,0.46,1.81,0.0
2025-04-29 13:30:00,INDEX:ADRN,0.66,2.69,0.45,1.9,0.0
2025-04-30 13:30:00,INDEX:ADRN,0.1,0.74,0.1,0.72,0.0
2025-05-01 13:30:00,INDEX:ADRN,1.79,2.77,1.0,1.12,0.0
2025-05-02 13:30:00,INDEX:ADRN,11.47,11.47,5.25,6.64,0.0
2025-05-05 13:30:00,INDEX:ADRN,0.33,1.09,0.28,0.47,0.0
2025-05-06 13:30:00,INDEX:ADRN,0.41,1.04,0.39,0.59,0.0
2025-05-07 13:30:00,INDEX:ADRN,2.38,2.76,0.93,1.46,0.0
2025-05-08 13:30:00,INDEX:ADRN,3.48,4.83,2.5,2.61,0.0
2025-05-09 13:30:00,INDEX:ADRN,2.12,2.12,0.84,1.19,0.0
2025-05-12 13:30:00,INDEX:ADRN,5.66,5.66,3.73,4.48,0.0
2025-05-13 13:30:00,INDEX:ADRN,1.93,2.27,1.63,1.63,0.0
2025-05-14 13:30:00,INDEX:ADRN,0.51,0.58,0.34,0.46,0.0
2025-05-15 13:30:00,INDEX:ADRN,0.77,1.68,0.75,1.68,0.0
2025-05-16 13:30:00,INDEX:ADRN,1.13,2.85,1.04,2.5,0.0
2025-05-19 13:30:00,INDEX:ADRN,0.17,0.73,0.17,0.73,0.0
2025-05-20 13:30:00,INDEX:ADRN,0.48,1.09,0.48,0.6,0.0
2025-05-21 13:30:00,INDEX:ADRN,0.22,0.3,0.09,0.09,0.0
2025-05-22 13:30:00,INDEX:ADRN,0.23,1.39,0.23,0.71,0.0
2025-05-23 13:30:00,INDEX:ADRN,0.19,0.94,0.19,0.73,0.0
2025-05-27 13:30:00,INDEX:ADRN,5.59,7.88,4.36,7.4,0.0
2025-05-28 13:30:00,INDEX:ADRN,0.68,0.68,0.26,0.29,0.0
2025-05-29 13:30:00,INDEX:ADRN,2.66,2.66,0.59,2.12,0.0
2025-05-30 13:30:00,INDEX:ADRN,0.29,0.81,0.29,0.62,0.0
2025-06-02 13:30:00,INDEX:ADRN,0.26,0.75,0.26,0.75,0.0
2025-06-03 13:30:00,INDEX:ADRN,0.79,3.49,0.58,2.65,0.0
2025-06-04 13:30:00,INDEX:ADRN,1.66,1.66,0.72,0.72,0.0
2025-06-05 13:30:00,INDEX:ADRN,1.09,2.04,0.51,0.9,0.0
2025-06-06 13:30:00,INDEX:ADRN,7.43,7.43,2.53,3.87,0.0
2025-06-09 13:30:00,INDEX:ADRN,1.61,2.75,1.42,1.63,0.0
2025-06-10 13:30:00,INDEX:ADRN,2.08,2.79,1.5,1.76,0.0
2025-06-11 13:30:00,INDEX:ADRN,1.74,2.26,0.66,0.73,0.0
2025-06-12 13:30:00,INDEX:ADRN,0.32,1.09,0.32,1.09,0.0
2025-06-13 13:30:00,INDEX:ADRN,0.28,0.3,0.18,0.21,0.0
2025-06-16 13:30:00,INDEX:ADRN,5.83,5.83,1.98,2.08,0.0
2025-06-17 13:30:00,INDEX:ADRN,0.32,0.66,0.32,0.34,0.0
2025-06-18 13:30:00,INDEX:ADRN,1.97,3.14,1.25,1.25,0.0
2025-06-20 13:30:00,INDEX:ADRN,3.1,3.1,0.6,0.78,0.0
2025-06-23 13:30:00,INDEX:ADRN,0.88,2.53,0.48,2.28,0.0
2025-06-24 13:30:00,INDEX:ADRN,1.92,3.58,1.92,2.44,0.0
2025-06-25 13:30:00,INDEX:ADRN,0.37,0.41,0.24,0.28,0.0
2025-06-26 13:30:00,INDEX:ADRN,3.52,4.97,2.69,4.97,0.0
2025-06-27 13:30:00,INDEX:ADRN,1.3,2.94,0.6,1.31,0.0
2025-06-30 13:30:00,INDEX:ADRN,1.08,1.31,0.77,1.19,0.0
2025-07-01 13:30:00,INDEX:ADRN,0.75,3.53,0.75,2.65,0.0
2025-07-02 13:30:00,INDEX:ADRN,1.0,2.58,0.93,2.57,0.0
2025-07-03 13:30:00,INDEX:ADRN,2.89,2.89,1.83,2.42,0.0
2025-07-07 13:30:00,INDEX:ADRN,0.4,0.92,0.15,0.24,0.0
2025-07-08 13:30:00,INDEX:ADRN,1.6,2.57,1.4,1.66,0.0
2025-07-09 13:30:00,INDEX:ADRN,1.99,1.99,0.6,1.45,0.0
2025-07-10 13:30:00,INDEX:ADRN,0.85,2.81,0.85,2.05,0.0
2025-07-11 13:30:00,INDEX:ADRN,0.19,0.47,0.17,0.39,0.0
2025-07-14 13:30:00,INDEX:ADRN,0.78,1.17,0.75,1.17,0.0
2025-07-15 13:30:00,INDEX:ADRN,0.5,0.5,0.15,0.15,0.0
2025-07-16 13:30:00,INDEX:ADRN,3.59,3.59,0.52,1.97,0.0
2025-07-17 13:30:00,INDEX:ADRN,2.02,3.1,1.6,2.3,0.0
2025-07-18 13:30:00,INDEX:ADRN,2.47,2.47,0.47,0.59,0.0
2025-07-21 13:30:00,INDEX:ADRN,2.29,2.61,0.72,0.72,0.0
2025-07-22 13:30:00,INDEX:ADRN,2.03,4.64,2.03,3.69,0.0
2025-07-23 13:30:00,INDEX:ADRN,3.01,3.27,2.2,3.26,0.0
2025-07-24 13:30:00,INDEX:ADRN,0.34,0.68,0.34,0.39,0.0
2025-07-25 13:30:00,INDEX:ADRN,1.36,1.47,0.6,1.44,0.0
2025-07-28 13:30:00,INDEX:ADRN,0.67,0.78,0.43,0.49,0.0
2025-07-29 13:30:00,INDEX:ADRN,1.56,1.56,0.62,0.77,0.0
2025-07-30 13:30:00,INDEX:ADRN,0.99,1.03,0.24,0.31,0.0
2025-07-31 13:30:00,INDEX:ADRN,0.71,0.87,0.38,0.44,0.0
2025-08-01 13:30:00,INDEX:ADRN,0.3,0.35,0.19,0.28,0.0
2025-08-04 13:30:00,INDEX:ADRN,4.07,6.3,3.79,4.78,0.0
2025-08-05 13:30:00,INDEX:ADRN,1.98,2.21,0.66,1.54,0.0
2025-08-06 13:30:00,INDEX:ADRN,1.15,1.15,0.91,0.92,0.0
2025-08-07 13:30:00,INDEX:ADRN,4.42,4.42,0.69,0.87,0.0
2025-08-08 13:30:00,INDEX:ADRN,1.74,2.18,1.02,1.03,0.0
2025-08-11 13:30:00,INDEX:ADRN,2.34,2.34,0.54,0.67,0.0
2025-08-12 13:30:00,INDEX:ADRN,2.82,6.22,2.82,5.98,0.0
2025-08-13 13:30:00,INDEX:ADRN,2.44,4.26,2.15,4.19,0.0
2025-08-14 13:30:00,INDEX:ADRN,0.14,0.31,0.14,0.29,0.0
2025-08-15 13:30:00,INDEX:ADRN,1.48,1.48,0.47,0.63,0.0
2025-08-18 13:30:00,INDEX:ADRN,0.77,1.59,0.77,1.16,0.0
2025-08-19 13:30:00,INDEX:ADRN,2.09,2.68,0.99,1.2,0.0
2025-08-20 13:30:00,INDEX:ADRN,1.38,1.38,0.59,0.87,0.0
2025-08-21 13:30:00,INDEX:ADRN,0.32,1.08,0.32,0.86,0.0
2025-08-22 13:30:00,INDEX:ADRN,5.64,20.15,5.64,10.0,0.0
2025-08-25 13:30:00,INDEX:ADRN,0.46,0.51,0.34,0.34,0.0
2025-08-26 13:30:00,INDEX:ADRN,1.01,1.74,0.99,1.2,0.0
2025-08-27 13:30:00,INDEX:ADRN,1.11,2.71,1.11,1.89,0.0
2025-08-28 13:30:00,INDEX:ADRN,0.96,0.96,0.44,0.92,0.0
2025-08-29 13:30:00,INDEX:ADRN,1.47,1.84,0.73,1.05,0.0
2025-09-02 13:30:00,INDEX:ADRN,0.12,0.38,0.12,0.38,0.0
2025-09-03 13:30:00,INDEX:ADRN,1.27,1.27,0.54,0.85,0.0
2025-09-04 13:30:00,INDEX:ADRN,1.4,2.94,1.35,2.94,0.0
2025-09-05 13:30:00,INDEX:ADRN,4.43,4.43,0.81,1.33,0.0
2025-09-08 13:30:00,INDEX:ADRN,0.59,0.87,0.36,0.87,0.0
2025-09-09 13:30:00,INDEX:ADRN,0.51,0.58,0.41,0.48,0.0
2025-09-10 13:30:00,INDEX:ADRN,1.39,1.78,0.59,0.81,0.0
2025-09-11 13:30:00,INDEX:ADRN,2.66,5.3,2.66,5.16,0.0
2025-09-12 13:30:00,INDEX:ADRN,0.53,0.53,0.3,0.3,0.0
2025-09-15 13:30:00,INDEX:ADRN,1.37,2.01,0.84,0.97,0.0
2025-09-16 13:30:00,INDEX:ADRN,0.86,0.86,0.44,0.71,0.0
2025-09-17 13:30:00,INDEX:ADRN,3.81,5.43,0.95,0.96,0.0
2025-09-18 13:30:00,INDEX:ADRN,2.03,3.14,1.69,2.58,0.0
2025-09-19 13:30:00,INDEX:ADRN,0.6,0.65,0.3,0.37,0.0
2025-09-22 13:30:00,INDEX:ADRN,0.37,1.24,0.37,1.04,0.0
2025-09-23 13:30:00,INDEX:ADRN,3.59,5.05,0.84,0.92,0.0
2025-09-24 13:30:00,INDEX:ADRN,1.45,1.45,0.6,0.66,0.0
2025-09-25 13:30:00,INDEX:ADRN,0.41,0.48,0.24,0.36,0.0
2025-09-26 13:30:00,INDEX:ADRN,3.24,3.37,2.21,3.14,0.0
2025-09-29 13:30:00,INDEX:ADRN,0.72,0.85,0.51,0.8,0.0
2025-09-30 13:30:00,INDEX:ADRN,1.1,1.12,0.52,1.12,0.0
2025-10-01 13:30:00,INDEX:ADRN,0.7,1.17,0.7,0.98,0.0
2025-10-02 13:30:00,INDEX:ADRN,1.0,1.31,0.4,1.02,0.0
2025-10-03 13:30:00,INDEX:ADRN,3.4,4.76,1.91,1.91,0.0
2025-10-06 13:30:00,INDEX:ADRN,1.24,1.32,0.65,0.81,0.0
2025-10-07 13:30:00,INDEX:ADRN,1.17,1.17,0.31,0.37,0.0
2025-10-08 13:30:00,INDEX:ADRN,1.02,1.97,1.02,1.57,0.0
2025-10-09 13:30:00,INDEX:ADRN,0.8,0.8,0.23,0.28,0.0
2025-10-10 13:30:00,INDEX:ADRN,1.9,1.9,0.12,0.12,0.0
2025-10-13 13:30:00,INDEX:ADRN,6.16,6.16,3.73,4.0,0.0
2025-10-14 13:30:00,INDEX:ADRN,0.24,3.87,0.24,2.7,0.0
2025-10-15 13:30:00,INDEX:ADRN,3.89,5.98,0.91,1.25,0.0
2025-10-16 13:30:00,INDEX:ADRN,1.34,1.34,0.28,0.35,0.0
2025-10-17 13:30:00,INDEX:ADRN,1.43,1.43,0.76,1.26,0.0
2025-10-20 13:30:00,INDEX:ADRN,7.68,7.68,2.58,4.34,0.0
2025-10-21 13:30:00,INDEX:ADRN,0.7,1.8,0.62,1.18,0.0
2025-10-22 13:30:00,INDEX:ADRN,0.9,1.36,0.52,0.81,0.0
2025-10-23 13:30:00,INDEX:ADRN,2.33,2.43,1.41,1.94,0.0
2025-10-24 13:30:00,INDEX:ADRN,4.48,4.48,1.47,1.48,0.0
2025-10-27 13:30:00,INDEX:ADRN,2.04,2.04,0.8,1.11,0.0
2025-10-28 13:30:00,INDEX:ADRN,0.39,0.79,0.27,0.49,0.0
2025-10-29 13:30:00,INDEX:ADRN,0.61,1.14,0.28,0.36,0.0
2025-10-30 13:30:00,INDEX:ADRN,0.56,1.46,0.55,0.55,0.0
2025-10-31 13:30:00,INDEX:ADRN,0.81,1.58,0.76,1.36,0.0
2025-11-03 14:30:00,INDEX:ADRN,0.3,0.83,0.28,0.82,0.0
2025-11-04 14:30:00,INDEX:ADRN,0.24,0.56,0.24,0.48,0.0
2025-11-05 14:30:00,INDEX:ADRN,1.63,3.31,1.4,2.22,0.0
2025-11-06 14:30:00,INDEX:ADRN,1.11,1.11,0.39,0.44,0.0
2025-11-07 14:30:00,INDEX:ADRN,1.16,2.28,0.78,2.28,0.0
2025-11-10 14:30:00,INDEX:ADRN,1.93,2.41,0.89,1.72,0.0
2025-11-11 14:30:00,INDEX:ADRN,1.71,2.36,1.53,1.86,0.0
2025-11-12 14:30:00,INDEX:ADRN,2.34,2.73,1.11,1.11,0.0
2025-11-13 14:30:00,INDEX:ADRN,0.76,0.92,0.29,0.3,0.0
2025-11-14 14:30:00,INDEX:ADRN,0.27,0.92,0.27,0.69,0.0
2025-11-17 14:30:00,INDEX:ADRN,0.58,0.61,0.15,0.16,0.0
2025-11-18 14:30:00,INDEX:ADRN,0.95,2.28,0.91,1.45,0.0
2025-11-19 14:30:00,INDEX:ADRN,0.84,1.27,0.46,0.67,0.0
2025-11-20 14:30:00,INDEX:ADRN,8.49,8.49,0.31,0.31,0.0
2025-11-21 14:30:00,INDEX:ADRN,2.88,8.98,2.55,6.03,0.0
2025-11-24 14:30:00,INDEX:ADRN,0.6,1.75,0.6,1.38,0.0
2025-11-25 14:30:00,INDEX:ADRN,2.7,5.34,2.7,5.32,0.0
2025-11-26 14:30:00,INDEX:ADRN,2.13,5.12,2.13,2.25,0.0
2025-11-28 14:30:00,INDEX:ADRN,1.51,2.66,1.51,2.02,0.0
2025-12-01 14:30:00,INDEX:ADRN,0.94,1.15,0.56,0.56,0.0
2025-12-02 14:30:00,INDEX:ADRN,0.9,1.1,0.65,0.74,0.0
2025-12-03 14:30:00,INDEX:ADRN,3.47,3.47,2.17,2.84,0.0
2025-12-04 14:30:00,INDEX:ADRN,1.17,1.32,0.86,0.92,0.0
2025-12-05 14:30:00,INDEX:ADRN,0.87,2.28,0.79,0.82,0.0
2025-12-08 14:30:00,INDEX:ADRN,0.87,0.87,0.47,0.48,0.0
2025-12-09 14:30:00,INDEX:ADRN,1.98,2.83,1.26,1.26,0.0
2025-12-10 14:30:00,INDEX:ADRN,1.19,3.98,1.19,2.89,0.0
2025-12-11 14:30:00,INDEX:ADRN,1.93,3.1,1.93,2.38,0.0
2025-12-12 14:30:00,INDEX:ADRN,0.67,0.74,0.51,0.59,0.0
2025-12-15 14:30:00,INDEX:ADRN,1.17,1.17,0.57,0.85,0.0
2025-12-16 14:30:00,INDEX:ADRN,0.58,0.72,0.34,0.5,0.0
2025-12-17 14:30:00,INDEX:ADRN,1.97,3.14,0.94,0.97,0.0
2025-12-18 14:30:00,INDEX:ADRN,2.83,2.89,1.33,1.34,0.0
2025-12-19 14:30:00,INDEX:ADRN,1.35,1.43,1.0,1.04,0.0
2025-12-22 14:30:00,INDEX:ADRN,2.28,2.77,1.81,1.99,0.0
2025-12-23 14:30:00,INDEX:ADRN,0.47,0.81,0.47,0.7,0.0
2025-12-24 14:30:00,INDEX:ADRN,0.79,2.5,0.79,2.22,0.0
2025-12-26 14:30:00,INDEX:ADRN,0.81,1.01,0.4,1.01,0.0
2025-12-29 14:30:00,INDEX:ADRN,0.85,0.85,0.42,0.6,0.0
2025-12-30 14:30:00,INDEX:ADRN,0.84,1.05,0.65,0.65,0.0
2025-12-31 14:30:00,INDEX:ADRN,0.54,0.54,0.21,0.22,0.0
2026-01-02 14:30:00,INDEX:ADRN,0.93,2.35,0.88,1.93,0.0
2026-01-05 14:30:00,INDEX:ADRN,1.5,3.36,1.5,2.51,0.0
2026-01-06 14:30:00,INDEX:ADRN,1.27,2.29,1.27,2.22,0.0
2026-01-07 14:30:00,INDEX:ADRN,0.76,0.76,0.35,0.38,0.0
2026-01-08 14:30:00,INDEX:ADRN,1.37,3.42,1.37,3.14,0.0
2026-01-09 14:30:00,INDEX:ADRN,0.77,1.88,0.77,1.35,0.0
2026-01-12 14:30:00,INDEX:ADRN,0.92,1.44,0.86,1.31,0.0
2026-01-13 14:30:00,INDEX:ADRN,1.1,1.19,0.65,0.9,0.0
2026-01-14 14:30:00,INDEX:ADRN,1.06,1.88,1.06,1.87,0.0
2026-01-15 14:30:00,INDEX:ADRN,1.28,2.83,1.28,2.03,0.0
2026-01-16 14:30:00,INDEX:ADRN,0.43,0.88,0.43,0.76,0.0
2026-01-20 14:30:00,INDEX:ADRN,0.2,0.46,0.2,0.29,0.0
2026-01-21 14:30:00,INDEX:ADRN,4.99,4.99,2.08,4.2,0.0
2026-01-22 14:30:00,INDEX:ADRN,4.2,4.2,1.34,1.41,0.0
2026-01-23 14:30:00,INDEX:ADRN,0.5,0.53,0.38,0.48,0.0
2026-01-26 14:30:00,INDEX:ADRN,1.67,1.67,0.72,0.96,0.0
2026-01-27 14:30:00,INDEX:ADRN,0.84,1.14,0.77,1.1,0.0
2026-01-28 14:30:00,INDEX:ADRN,0.8,0.8,0.49,0.52,0.0
2026-01-29 14:30:00,INDEX:ADRN,1.32,1.71,0.76,1.71,0.0
2026-01-30 14:30:00,INDEX:ADRN,0.27,0.61,0.22,0.6,0.0
2026-02-02 14:30:00,INDEX:ADRN,1.23,1.94,1.23,1.49,0.0
2026-02-03 14:30:00,INDEX:ADRN,1.44,1.44,0.82,1.42,0.0
2026-02-04 14:30:00,INDEX:ADRN,1.98,2.39,1.3,1.86,0.0
2026-02-05 14:30:00,INDEX:ADRN,0.57,0.59,0.37,0.47,0.0
2026-02-06 14:30:00,INDEX:ADRN,8.84,8.84,4.41,5.09,0.0
2026-02-09 14:30:00,INDEX:ADRN,0.44,1.41,0.44,1.16,0.0
2026-02-10 14:30:00,INDEX:ADRN,1.66,2.12,1.46,1.48,0.0
2026-02-11 14:30:00,INDEX:ADRN,1.32,1.32,0.69,1.01,0.0
2026-02-12 14:30:00,INDEX:ADRN,2.43,2.43,0.28,0.34,0.0
2026-02-13 14:30:00,INDEX:ADRN,1.46,4.1,1.46,2.5,0.0
2026-02-17 14:30:00,INDEX:ADRN,0.55,1.1,0.37,0.84,0.0
2026-02-18 14:30:00,INDEX:ADRN,2.23,3.13,1.23,1.41,0.0
2026-02-19 14:30:00,INDEX:ADRN,0.56,1.01,0.56,1.01,0.0
2026-02-20 14:30:00,INDEX:ADRN,1.8,1.93,0.68,1.64,0.0
2026-02-23 14:30:00,INDEX:ADRN,0.71,0.71,0.23,0.33,0.0
2026-02-24 14:30:00,INDEX:ADRN,1.76,2.53,1.41,2.2,0.0
2026-02-25 14:30:00,INDEX:ADRN,0.72,1.26,0.57,1.26,0.0
2026-02-26 14:30:00,INDEX:ADRN,1.32,2.09,1.05,2.02,0.0
2026-02-27 14:30:00,INDEX:ADRN,0.46,0.68,0.41,0.67,0.0
2026-03-02 14:30:00,INDEX:ADRN,0.34,1.34,0.34,1.25,0.0
2026-03-03 14:30:00,INDEX:ADRN,0.06,0.44,0.03,0.34,0.0
2026-03-04 14:30:00,INDEX:ADRN,0.93,2.11,0.93,1.75,0.0
2026-03-05 14:30:00,INDEX:ADRN,0.53,0.53,0.23,0.34,0.0
2026-03-06 14:30:00,INDEX:ADRN,0.18,0.32,0.17,0.28,0.0
2026-03-09 13:30:00,INDEX:ADRN,0.12,1.25,0.12,1.02,0.0
2026-03-10 13:30:00,INDEX:ADRN,0.47,2.04,0.47,0.6,0.0
2026-03-11 13:30:00,INDEX:ADRN,0.62,0.7,0.33,0.58,0.0
2026-03-12 13:30:00,INDEX:ADRN,0.3,0.44,0.25,0.25,0.0
2026-03-13 13:30:00,INDEX:ADRN,1.94,1.94,0.64,0.71,0.0
2026-03-16 13:30:00,INDEX:ADRN,5.28,6.6,2.37,2.38,0.0
2026-03-17 13:30:00,INDEX:ADRN,7.15,7.15,2.0,2.0,0.0
2026-03-18 13:30:00,INDEX:ADRN,0.32,0.58,0.22,0.22,0.0
2026-03-19 13:30:00,INDEX:ADRN,0.47,1.57,0.39,0.93,0.0
2026-03-20 13:30:00,INDEX:ADRN,0.35,0.35,0.12,0.2,0.0
2026-03-23 13:30:00,INDEX:ADRN,5.4,9.86,4.96,4.96,0.0
2026-03-24 13:30:00,INDEX:ADRN,0.36,2.24,0.36,1.22,0.0
2026-03-25 13:30:00,INDEX:ADRN,7.42,7.42,1.52,1.95,0.0
2026-03-26 13:30:00,INDEX:ADRN,1.57,1.59,0.48,0.52,0.0
2026-03-27 13:30:00,INDEX:ADRN,0.35,0.65,0.24,0.26,0.0
2026-03-30 13:30:00,INDEX:ADRN,3.41,3.41,0.82,1.01,0.0
2026-03-31 13:30:00,INDEX:ADRN,8.4,8.4,3.18,5.01,0.0
2026-04-01 13:30:00,INDEX:ADRN,8.4,8.4,1.47,1.47,0.0
2026-04-02 13:30:00,INDEX:ADRN,0.26,1.5,0.26,1.49,0.0
2026-04-06 13:30:00,INDEX:ADRN,0.94,1.76,0.81,1.64,0.0
2026-04-07 13:30:00,INDEX:ADRN,0.42,0.8,0.42,0.8,0.0
2026-04-08 13:30:00,INDEX:ADRN,6.01,6.01,3.98,4.61,0.0
2026-04-09 13:30:00,INDEX:ADRN,0.66,1.9,0.66,1.44,0.0
2026-04-10 13:30:00,INDEX:ADRN,1.0,1.09,0.57,0.7,0.0
2026-04-13 13:30:00,INDEX:ADRN,0.43,2.87,0.43,2.87,0.0
2026-04-14 13:30:00,INDEX:ADRN,1.35,2.09,1.35,1.46,0.0
2026-04-15 13:30:00,INDEX:ADRN,0.71,1.06,0.71,1.0,0.0
2026-04-16 13:30:00,INDEX:ADRN,1.33,1.45,0.84,1.16,0.0
2026-04-17 13:30:00,INDEX:ADRN,3.68,4.35,3.21,3.43,0.0
2026-04-20 13:30:00,INDEX:ADRN,1.28,1.56,1.19,1.3,0.0
2026-04-21 13:30:00,INDEX:ADRN,1.76,2.3,0.38,0.4,0.0
2026-04-22 13:30:00,INDEX:ADRN,2.58,2.62,0.81,0.96,0.0
2026-04-23 13:30:00,INDEX:ADRN,1.03,1.2,0.59,0.86,0.0
2026-04-24 13:30:00,INDEX:ADRN,0.81,1.22,0.79,1.06,0.0
2026-04-27 13:30:00,INDEX:ADRN,2.39,2.39,1.13,1.14,0.0
2026-04-28 13:30:00,INDEX:ADRN,1.78,1.78,0.83,0.98,0.0
2026-04-29 13:30:00,INDEX:ADRN,0.65,0.65,0.29,0.35,0.0
2026-04-30 13:30:00,INDEX:ADRN,1.57,3.71,1.57,3.5,0.0
2026-05-01 13:30:00,INDEX:ADRN,0.82,1.46,0.75,0.8,0.0
2026-05-04 13:30:00,INDEX:ADRN,0.48,1.03,0.36,0.4,0.0
2026-05-05 13:30:00,INDEX:ADRN,2.68,3.11,2.18,2.33,0.0
2026-05-06 13:30:00,INDEX:ADRN,1.67,2.03,1.67,1.71,0.0
2026-05-07 13:30:00,INDEX:ADRN,1.03,1.03,0.5,0.54,0.0
2026-05-08 13:30:00,INDEX:ADRN,1.2,1.33,0.94,1.04,0.0
2026-05-11 13:30:00,INDEX:ADRN,0.82,0.86,0.58,0.58,0.0
2026-05-12 13:30:00,INDEX:ADRN,0.52,0.84,0.37,0.7,0.0
2026-05-13 13:30:00,INDEX:ADRN,0.33,0.61,0.33,0.54,0.0
2026-05-14 13:30:00,INDEX:ADRN,2.35,3.17,1.64,1.65,0.0
2026-05-15 13:30:00,INDEX:ADRN,0.29,0.4,0.25,0.32,0.0
2026-05-18 13:30:00,INDEX:ADRN,3.22,3.22,1.88,2.02,0.0
2026-05-19 13:30:00,INDEX:ADRN,0.37,0.75,0.37,0.43,0.0
2026-05-20 13:30:00,INDEX:ADRN,1.82,3.01,1.82,2.92,0.0
2026-05-21 13:30:00,INDEX:ADRN,0.56,1.68,0.43,1.31,0.0
2026-05-22 13:30:00,INDEX:ADRN,1.56,2.12,1.1,1.32,0.0
2026-05-26 13:30:00,INDEX:ADRN,2.14,2.31,1.57,1.8,0.0
2026-05-27 13:30:00,INDEX:ADRN,1.52,1.87,0.95,0.96,0.0
2026-05-28 13:30:00,INDEX:ADRN,0.67,1.36,0.67,1.09,0.0
2026-05-29 13:30:00,INDEX:ADRN,0.6,0.92,0.6,0.62,0.0
2026-06-01 13:30:00,INDEX:ADRN,0.59,0.93,0.58,0.85,0.0
2026-06-02 13:30:00,INDEX:ADRN,1.27,1.59,1.27,1.34,0.0
2026-06-03 13:30:00,INDEX:ADRN,0.46,0.53,0.34,0.34,0.0
2026-06-04 13:30:00,INDEX:ADRN,3.07,3.38,2.16,2.66,0.0
2026-06-05 13:30:00,INDEX:ADRN,0.7,0.78,0.49,0.53,0.0
2026-06-08 13:30:00,INDEX:ADRN,1.25,1.76,0.89,0.89,0.0
2026-06-09 13:30:00,INDEX:ADRN,5.38,5.38,1.22,2.27,0.0
2026-06-10 13:30:00,INDEX:ADRN,1.88,1.96,0.66,0.66,0.0
2026-06-11 13:30:00,INDEX:ADRN,3.01,4.09,1.32,2.41,0.0
2026-06-12 13:30:00,INDEX:ADRN,1.71,3.33,1.71,2.32,0.0
2026-06-15 13:30:00,INDEX:ADRN,1.78,1.78,0.79,0.79,0.0
2026-06-16 13:30:00,INDEX:ADRN,1.78,1.78,0.94,1.02,0.0
2026-06-17 13:30:00,INDEX:ADRN,1.68,1.68,0.26,0.28,0.0
2026-06-18 13:30:00,INDEX:ADRN,2.01,2.01,1.33,1.58,0.0
2026-06-22 13:30:00,INDEX:ADRN,1.43,1.43,0.83,0.83,0.0
2026-06-23 13:30:00,INDEX:ADRN,1.27,1.63,1.16,1.23,0.0
2026-06-24 13:30:00,INDEX:ADRN,1.9,1.9,1.16,1.3,0.0
2026-06-25 13:30:00,INDEX:ADRN,2.0,2.67,1.23,1.42,0.0
2026-06-26 13:30:00,INDEX:ADRN,1.21,2.63,1.21,2.34,0.0
2026-06-29 13:30:00,INDEX:ADRN,0.6,0.78,0.47,0.78,0.0
2026-06-30 13:30:00,INDEX:ADRN,0.71,1.04,0.7,0.79,0.0
2026-07-01 13:30:00,INDEX:ADRN,1.79,2.08,1.09,1.09,0.0
2026-07-02 13:30:00,INDEX:ADRN,2.21,2.21,1.14,1.6,0.0
2026-07-06 13:30:00,INDEX:ADRN,1.05,1.27,0.79,1.07,0.0
2026-07-07 13:30:00,INDEX:ADRN,1.29,1.29,0.78,0.78,0.0
2026-07-08 13:30:00,INDEX:ADRN,0.37,0.4,0.31,0.4,0.0
2026-07-09 13:30:00,INDEX:ADRN,1.4,1.91,1.4,1.55,0.0
2026-07-10 13:30:00,INDEX:ADRN,2.36,2.45,1.32,1.66,0.0
2026-07-13 13:30:00,INDEX:ADRN,2.0,2.0,0.93,0.93,0.0
2026-07-14 13:30:00,INDEX:ADRN,1.86,1.86,1.16,1.22,0.0
2026-07-15 13:30:00,INDEX:ADRN,2.52,2.52,1.33,1.33,0.0
2026-07-16 13:30:00,INDEX:ADRN,1.62,2.36,1.62,1.82,0.0
2026-07-17 13:30:00,INDEX:ADRN,1.09,1.09,0.37,0.46,0.0
2026-07-20 13:30:00,INDEX:ADRN,0.62,0.67,0.47,0.47,0.0
2026-07-21 13:30:00,INDEX:ADRN,1.61,1.61,1.06,1.43,0.0
2026-07-22 13:30:00,INDEX:ADRN,1.51,1.51,0.81,0.94,0.0
2026-07-23 13:30:00,INDEX:ADRN,0.53,0.61,0.4,0.49,0.0
2026-07-24 13:30:00,INDEX:ADRN,1.98,2.73,1.88,1.89,0.0
2026-07-27 13:30:00,INDEX:ADRN,3.75,3.75,1.49,1.79,0.0
2026-07-28 13:30:00,INDEX:ADRN,1.86,2.09,1.78,1.84,0.0
2026-07-29 13:30:00,INDEX:ADRN,0.71,0.92,0.48,0.48,0.0
2026-07-30 13:30:00,INDEX:ADRN,1.02,1.02,0.6,0.97,0.0
2026-07-31 13:30:00,INDEX:ADRN,0.47,0.91,0.26,0.79,0.0
2026-08-03 13:30:00,INDEX:ADRN,2.37,3.16,2.01,2.38,0.0
2026-08-04 13:30:00,INDEX:ADRN,0.86,2.22,0.86,1.95,0.0
2026-08-05 13:30:00,INDEX:ADRN,0.91,1.12,0.64,0.76,0.0
2026-08-06 13:30:00,INDEX:ADRN,1.11,1.16,0.58,0.64,0.0
2026-08-07 13:30:00,INDEX:ADRN,1.52,1.84,1.41,1.61,0.0
2026-08-10 13:30:00,INDEX:ADRN,0.57,0.64,0.48,0.6,0.0
2026-08-11 13:30:00,INDEX:ADRN,1.69,2.16,1.11,1.11,0.0
2026-08-12 13:30:00,INDEX:ADRN,0.93,1.31,0.72,1.15,0.0
2026-08-13 13:30:00,INDEX:ADRN,2.31,2.5,1.29,1.6,0.0
2026-08-14 13:30:00,INDEX:ADRN,1.48,1.58,1.09,1.28,0.0
2026-08-17 13:30:00,INDEX:ADRN,0.5,0.57,0.39,0.45,0.0
2026-08-18 13:30:00,INDEX:ADRN,1.16,1.16,0.55,0.55,0.0
2026-08-19 13:30:00,INDEX:ADRN,4.4,4.4,1.61,1.61,0.0
2026-08-20 13:30:00,INDEX:ADRN,0.62,0.77,0.48,0.54,0.0
2026-08-21 13:30:00,INDEX:ADRN,2.44,2.44,1.61,2.04,0.0
2026-08-24 13:30:00,INDEX:ADRN,1.36,1.51,0.83,0.98,0.0
2026-08-25 13:30:00,INDEX:ADRN,0.93,0.98,0.59,0.96,0.0
2026-08-26 13:30:00,INDEX:ADRN,0.79,1.5,0.79,0.93,0.0
2026-08-27 13:30:00,INDEX:ADRN,0.55,0.8,0.48,0.64,0.0
2026-08-28 13:30:00,INDEX:ADRN,1.82,1.82,0.65,0.75,0.0
2026-08-31 13:30:00,INDEX:ADRN,0.57,0.57,0.39,0.49,0.0
2026-09-01 13:30:00,INDEX:ADRN,0.65,0.9,0.44,0.47,0.0
2026-09-02 13:30:00,INDEX:ADRN,1.85,3.1,1.85,2.05,0.0
2026-09-03 13:30:00,INDEX:ADRN,4.16,4.16,1.07,1.78,0.0
2026-09-04 13:30:00,INDEX:ADRN,0.49,1.38,0.49,1.06,0.0
2026-09-08 13:30:00,INDEX:ADRN,0.54,0.65,0.44,0.44,0.0
2026-09-09 13:30:00,INDEX:ADRN,0.44,0.44,0.27,0.32,0.0
2026-09-10 13:30:00,INDEX:ADRN,0.56,0.66,0.37,0.46,0.0
2026-09-11 13:30:00,INDEX:ADRN,6.86,6.86,1.54,1.65,0.0
