datetime,symbol,open,high,low,close,volume
2002-01-02 14:30:00,INDEX:MMTH,57.97,57.97,57.97,57.97,0.0
2002-01-03 14:30:00,INDEX:MMTH,61.65,61.65,61.65,61.65,0.0
2002-01-04 14:30:00,INDEX:MMTH,63.57,63.57,63.57,63.57,0.0
2002-01-07 14:30:00,INDEX:MMTH,62.73,62.73,62.73,62.73,0.0
2002-01-08 14:30:00,INDEX:MMTH,63.35,63.35,63.35,63.35,0.0
2002-01-09 14:30:00,INDEX:MMTH,62.57,62.57,62.57,62.57,0.0
2002-01-10 14:30:00,INDEX:MMTH,62.83,62.83,62.83,62.83,0.0
2002-01-11 14:30:00,INDEX:MMTH,61.79,61.79,61.79,61.79,0.0
2002-01-14 14:30:00,INDEX:MMTH,59.9,59.9,59.9,59.9,0.0
2002-01-15 14:30:00,INDEX:MMTH,60.66,60.66,60.66,60.66,0.0
2002-01-16 14:30:00,INDEX:MMTH,57.63,57.63,57.63,57.63,0.0
2002-01-17 14:30:00,INDEX:MMTH,59.26,59.26,59.26,59.26,0.0
2002-01-18 14:30:00,INDEX:MMTH,56.95,56.95,56.95,56.95,0.0
2002-01-22 14:30:00,INDEX:MMTH,55.18,55.18,55.18,55.18,0.0
2002-01-23 14:30:00,INDEX:MMTH,57.03,57.03,57.03,57.03,0.0
2002-01-24 14:30:00,INDEX:MMTH,57.78,57.78,57.78,57.78,0.0
2002-01-25 14:30:00,INDEX:MMTH,57.59,57.59,57.59,57.59,0.0
2002-01-28 14:30:00,INDEX:MMTH,57.59,57.59,57.59,57.59,0.0
2002-01-29 14:30:00,INDEX:MMTH,54.29,54.29,54.29,54.29,0.0
2002-01-30 14:30:00,INDEX:MMTH,55.84,55.84,55.84,55.84,0.0
2002-01-31 14:30:00,INDEX:MMTH,57.33,57.33,57.33,57.33,0.0
2002-02-01 14:30:00,INDEX:MMTH,56.61,56.61,56.61,56.61,0.0
2002-02-04 14:30:00,INDEX:MMTH,53.28,53.28,53.28,53.28,0.0
2002-02-05 14:30:00,INDEX:MMTH,52.36,52.36,52.36,52.36,0.0
2002-02-06 14:30:00,INDEX:MMTH,50.63,50.63,50.63,50.63,0.0
2002-02-07 14:30:00,INDEX:MMTH,49.42,49.42,49.42,49.42,0.0
2002-02-08 14:30:00,INDEX:MMTH,52.22,52.22,52.22,52.22,0.0
2002-02-11 14:30:00,INDEX:MMTH,54.17,54.17,54.17,54.17,0.0
2002-02-12 14:30:00,INDEX:MMTH,54.15,54.15,54.15,54.15,0.0
2002-02-13 14:30:00,INDEX:MMTH,55.15,55.15,55.15,55.15,0.0
2002-02-14 14:30:00,INDEX:MMTH,54.42,54.42,54.42,54.42,0.0
2002-02-15 14:30:00,INDEX:MMTH,54.47,54.47,54.47,54.47,0.0
2002-02-19 14:30:00,INDEX:MMTH,51.03,51.03,51.03,51.03,0.0
2002-02-20 14:30:00,INDEX:MMTH,52.87,52.87,52.87,52.87,0.0
2002-02-21 14:30:00,INDEX:MMTH,50.94,50.94,50.94,50.94,0.0
2002-02-22 14:30:00,INDEX:MMTH,52.77,52.77,52.77,52.77,0.0
2002-02-25 14:30:00,INDEX:MMTH,54.33,54.33,54.33,54.33,0.0
2002-02-26 14:30:00,INDEX:MMTH,54.85,54.85,54.85,54.85,0.0
2002-02-27 14:30:00,INDEX:MMTH,55.53,55.53,55.53,55.53,0.0
2002-02-28 14:30:00,INDEX:MMTH,55.3,55.3,55.3,55.3,0.0
2002-03-01 14:30:00,INDEX:MMTH,58.36,58.36,58.36,58.36,0.0
2002-03-04 14:30:00,INDEX:MMTH,61.33,61.33,61.33,61.33,0.0
2002-03-05 14:30:00,INDEX:MMTH,61.41,61.41,61.41,61.41,0.0
2002-03-06 14:30:00,INDEX:MMTH,64.29,64.29,64.29,64.29,0.0
2002-03-07 14:30:00,INDEX:MMTH,63.99,63.99,63.99,63.99,0.0
2002-03-08 14:30:00,INDEX:MMTH,64.79,64.79,64.79,64.79,0.0
2002-03-11 14:30:00,INDEX:MMTH,65.95,65.95,65.95,65.95,0.0
2002-03-12 14:30:00,INDEX:MMTH,64.73,64.73,64.73,64.73,0.0
2002-03-13 14:30:00,INDEX:MMTH,63.45,63.45,63.45,63.45,0.0
2002-03-14 14:30:00,INDEX:MMTH,64.14,64.14,64.14,64.14,0.0
2002-03-15 14:30:00,INDEX:MMTH,64.86,64.86,64.86,64.86,0.0
2002-03-18 14:30:00,INDEX:MMTH,65.17,65.17,65.17,65.17,0.0
2002-03-19 14:30:00,INDEX:MMTH,65.47,65.47,65.47,65.47,0.0
2002-03-20 14:30:00,INDEX:MMTH,64.0,64.0,64.0,64.0,0.0
2002-03-21 14:30:00,INDEX:MMTH,64.33,64.33,64.33,64.33,0.0
2002-03-22 14:30:00,INDEX:MMTH,63.94,63.94,63.94,63.94,0.0
2002-03-25 14:30:00,INDEX:MMTH,62.02,62.02,62.02,62.02,0.0
2002-03-26 14:30:00,INDEX:MMTH,62.73,62.73,62.73,62.73,0.0
2002-03-27 14:30:00,INDEX:MMTH,64.09,64.09,64.09,64.09,0.0
2002-03-28 14:30:00,INDEX:MMTH,65.3,65.3,65.3,65.3,0.0
2002-04-01 14:30:00,INDEX:MMTH,64.69,64.69,64.69,64.69,0.0
2002-04-02 14:30:00,INDEX:MMTH,64.25,64.25,64.25,64.25,0.0
2002-04-03 14:30:00,INDEX:MMTH,63.02,63.02,63.02,63.02,0.0
2002-04-04 14:30:00,INDEX:MMTH,63.19,63.19,63.19,63.19,0.0
2002-04-05 14:30:00,INDEX:MMTH,63.04,63.04,63.04,63.04,0.0
2002-04-08 13:30:00,INDEX:MMTH,63.05,63.05,63.05,63.05,0.0
2002-04-09 13:30:00,INDEX:MMTH,62.98,62.98,62.98,62.98,0.0
2002-04-10 13:30:00,INDEX:MMTH,64.55,64.55,64.55,64.55,0.0
2002-04-11 13:30:00,INDEX:MMTH,62.88,62.88,62.88,62.88,0.0
2002-04-12 13:30:00,INDEX:MMTH,64.36,64.36,64.36,64.36,0.0
2002-04-15 13:30:00,INDEX:MMTH,64.41,64.41,64.41,64.41,0.0
2002-04-16 13:30:00,INDEX:MMTH,66.83,66.83,66.83,66.83,0.0
2002-04-17 13:30:00,INDEX:MMTH,66.95,66.95,66.95,66.95,0.0
2002-04-18 13:30:00,INDEX:MMTH,67.05,67.05,67.05,67.05,0.0
2002-04-19 13:30:00,INDEX:MMTH,67.49,67.49,67.49,67.49,0.0
2002-04-22 13:30:00,INDEX:MMTH,65.84,65.84,65.84,65.84,0.0
2002-04-23 13:30:00,INDEX:MMTH,65.53,65.53,65.53,65.53,0.0
2002-04-24 13:30:00,INDEX:MMTH,64.72,64.72,64.72,64.72,0.0
2002-04-25 13:30:00,INDEX:MMTH,64.38,64.38,64.38,64.38,0.0
2002-04-26 13:30:00,INDEX:MMTH,62.87,62.87,62.87,62.87,0.0
2002-04-29 13:30:00,INDEX:MMTH,62.37,62.37,62.37,62.37,0.0
2002-04-30 13:30:00,INDEX:MMTH,64.07,64.07,64.07,64.07,0.0
2002-05-01 13:30:00,INDEX:MMTH,64.93,64.93,64.93,64.93,0.0
2002-05-02 13:30:00,INDEX:MMTH,64.88,64.88,64.88,64.88,0.0
2002-05-03 13:30:00,INDEX:MMTH,64.69,64.69,64.69,64.69,0.0
2002-05-06 13:30:00,INDEX:MMTH,62.94,62.94,62.94,62.94,0.0
2002-05-07 13:30:00,INDEX:MMTH,62.38,62.38,62.38,62.38,0.0
2002-05-08 13:30:00,INDEX:MMTH,65.19,65.19,65.19,65.19,0.0
2002-05-09 13:30:00,INDEX:MMTH,63.15,63.15,63.15,63.15,0.0
2002-05-10 13:30:00,INDEX:MMTH,61.36,61.36,61.36,61.36,0.0
2002-05-13 13:30:00,INDEX:MMTH,62.55,62.55,62.55,62.55,0.0
2002-05-14 13:30:00,INDEX:MMTH,65.31,65.31,65.31,65.31,0.0
2002-05-15 13:30:00,INDEX:MMTH,65.45,65.45,65.45,65.45,0.0
2002-05-16 13:30:00,INDEX:MMTH,65.3,65.3,65.3,65.3,0.0
2002-05-17 13:30:00,INDEX:MMTH,65.91,65.91,65.91,65.91,0.0
2002-05-20 13:30:00,INDEX:MMTH,64.25,64.25,64.25,64.25,0.0
2002-05-21 13:30:00,INDEX:MMTH,62.85,62.85,62.85,62.85,0.0
2002-05-22 13:30:00,INDEX:MMTH,62.28,62.28,62.28,62.28,0.0
2002-05-23 13:30:00,INDEX:MMTH,63.47,63.47,63.47,63.47,0.0
2002-05-24 13:30:00,INDEX:MMTH,62.41,62.41,62.41,62.41,0.0
2002-05-28 13:30:00,INDEX:MMTH,62.1,62.1,62.1,62.1,0.0
2002-05-29 13:30:00,INDEX:MMTH,61.34,61.34,61.34,61.34,0.0
2002-05-30 13:30:00,INDEX:MMTH,61.38,61.38,61.38,61.38,0.0
2002-05-31 13:30:00,INDEX:MMTH,62.16,62.16,62.16,62.16,0.0
2002-06-03 13:30:00,INDEX:MMTH,58.7,58.7,58.7,58.7,0.0
2002-06-05 13:30:00,INDEX:MMTH,58.85,58.85,58.85,58.85,0.0
2002-06-06 13:30:00,INDEX:MMTH,56.39,56.39,56.39,56.39,0.0
2002-06-07 13:30:00,INDEX:MMTH,56.92,56.92,56.92,56.92,0.0
2002-06-10 13:30:00,INDEX:MMTH,57.05,57.05,57.05,57.05,0.0
2002-06-11 13:30:00,INDEX:MMTH,55.14,55.14,55.14,55.14,0.0
2002-06-12 13:30:00,INDEX:MMTH,54.02,54.02,54.02,54.02,0.0
2002-06-13 13:30:00,INDEX:MMTH,52.68,52.68,52.68,52.68,0.0
2002-06-14 13:30:00,INDEX:MMTH,52.77,52.77,52.77,52.77,0.0
2002-06-17 13:30:00,INDEX:MMTH,55.92,55.92,55.92,55.92,0.0
2002-06-18 13:30:00,INDEX:MMTH,56.06,56.06,56.06,56.06,0.0
2002-06-19 13:30:00,INDEX:MMTH,53.3,53.3,53.3,53.3,0.0
2002-06-20 13:30:00,INDEX:MMTH,52.39,52.39,52.39,52.39,0.0
2002-06-21 13:30:00,INDEX:MMTH,51.72,51.72,51.72,51.72,0.0
2002-06-24 13:30:00,INDEX:MMTH,50.45,50.45,50.45,50.45,0.0
2002-06-25 13:30:00,INDEX:MMTH,49.88,49.88,49.88,49.88,0.0
2002-06-26 13:30:00,INDEX:MMTH,48.32,48.32,48.32,48.32,0.0
2002-06-27 13:30:00,INDEX:MMTH,50.65,50.65,50.65,50.65,0.0
2002-06-28 13:30:00,INDEX:MMTH,52.21,52.21,52.21,52.21,0.0
2002-07-01 13:30:00,INDEX:MMTH,50.43,50.43,50.43,50.43,0.0
2002-07-02 13:30:00,INDEX:MMTH,46.5,46.5,46.5,46.5,0.0
2002-07-03 13:30:00,INDEX:MMTH,44.74,44.74,44.74,44.74,0.0
2002-07-05 13:30:00,INDEX:MMTH,46.79,46.79,46.79,46.79,0.0
2002-07-08 13:30:00,INDEX:MMTH,47.65,47.65,47.65,47.65,0.0
2002-07-09 13:30:00,INDEX:MMTH,46.13,46.13,46.13,46.13,0.0
2002-07-10 13:30:00,INDEX:MMTH,42.04,42.04,42.04,42.04,0.0
2002-07-11 13:30:00,INDEX:MMTH,40.1,40.1,40.1,40.1,0.0
2002-07-12 13:30:00,INDEX:MMTH,38.13,38.13,38.13,38.13,0.0
2002-07-15 13:30:00,INDEX:MMTH,35.19,35.19,35.19,35.19,0.0
2002-07-16 13:30:00,INDEX:MMTH,32.71,32.71,32.71,32.71,0.0
2002-07-17 13:30:00,INDEX:MMTH,34.45,34.45,34.45,34.45,0.0
2002-07-18 13:30:00,INDEX:MMTH,30.92,30.92,30.92,30.92,0.0
2002-07-19 13:30:00,INDEX:MMTH,27.47,27.47,27.47,27.47,0.0
2002-07-22 13:30:00,INDEX:MMTH,23.4,23.4,23.4,23.4,0.0
2002-07-23 13:30:00,INDEX:MMTH,18.53,18.53,18.53,18.53,0.0
2002-07-24 13:30:00,INDEX:MMTH,21.88,21.88,21.88,21.88,0.0
2002-07-25 13:30:00,INDEX:MMTH,23.4,23.4,23.4,23.4,0.0
2002-07-26 13:30:00,INDEX:MMTH,25.16,25.16,25.16,25.16,0.0
2002-07-29 13:30:00,INDEX:MMTH,31.98,31.98,31.98,31.98,0.0
2002-07-30 13:30:00,INDEX:MMTH,32.29,32.29,32.29,32.29,0.0
2002-07-31 13:30:00,INDEX:MMTH,32.07,32.07,32.07,32.07,0.0
2002-08-01 13:30:00,INDEX:MMTH,30.25,30.25,30.25,30.25,0.0
2002-08-02 13:30:00,INDEX:MMTH,26.56,26.56,26.56,26.56,0.0
2002-08-05 13:30:00,INDEX:MMTH,24.56,24.56,24.56,24.56,0.0
2002-08-06 13:30:00,INDEX:MMTH,27.46,27.46,27.46,27.46,0.0
2002-08-07 13:30:00,INDEX:MMTH,28.92,28.92,28.92,28.92,0.0
2002-08-08 13:30:00,INDEX:MMTH,30.85,30.85,30.85,30.85,0.0
2002-08-09 13:30:00,INDEX:MMTH,30.8,30.8,30.8,30.8,0.0
2002-08-13 13:30:00,INDEX:MMTH,28.69,28.69,28.69,28.69,0.0
2002-08-14 13:30:00,INDEX:MMTH,31.88,31.88,31.88,31.88,0.0
2002-08-15 13:30:00,INDEX:MMTH,33.53,33.53,33.53,33.53,0.0
2002-08-16 13:30:00,INDEX:MMTH,33.87,33.87,33.87,33.87,0.0
2002-08-19 13:30:00,INDEX:MMTH,35.49,35.49,35.49,35.49,0.0
2002-08-20 13:30:00,INDEX:MMTH,33.54,33.54,33.54,33.54,0.0
2002-08-21 13:30:00,INDEX:MMTH,35.65,35.65,35.65,35.65,0.0
2002-08-22 13:30:00,INDEX:MMTH,37.63,37.63,37.63,37.63,0.0
2002-08-23 13:30:00,INDEX:MMTH,35.32,35.32,35.32,35.32,0.0
2002-08-26 13:30:00,INDEX:MMTH,37.73,37.73,37.73,37.73,0.0
2002-08-27 13:30:00,INDEX:MMTH,36.17,36.17,36.17,36.17,0.0
2002-08-28 13:30:00,INDEX:MMTH,33.91,33.91,33.91,33.91,0.0
2002-08-29 13:30:00,INDEX:MMTH,35.14,35.14,35.14,35.14,0.0
2002-08-30 13:30:00,INDEX:MMTH,35.65,35.65,35.65,35.65,0.0
2002-09-03 13:30:00,INDEX:MMTH,31.87,31.87,31.87,31.87,0.0
2002-09-04 13:30:00,INDEX:MMTH,33.94,33.94,33.94,33.94,0.0
2002-09-05 13:30:00,INDEX:MMTH,31.99,31.99,31.99,31.99,0.0
2002-09-06 13:30:00,INDEX:MMTH,34.36,34.36,34.36,34.36,0.0
2002-09-09 13:30:00,INDEX:MMTH,35.05,35.05,35.05,35.05,0.0
2002-09-10 13:30:00,INDEX:MMTH,35.33,35.33,35.33,35.33,0.0
2002-09-11 13:30:00,INDEX:MMTH,34.91,34.91,34.91,34.91,0.0
2002-09-12 13:30:00,INDEX:MMTH,32.49,32.49,32.49,32.49,0.0
2002-09-13 13:30:00,INDEX:MMTH,33.26,33.26,33.26,33.26,0.0
2002-09-16 13:30:00,INDEX:MMTH,33.11,33.11,33.11,33.11,0.0
2002-09-17 13:30:00,INDEX:MMTH,31.6,31.6,31.6,31.6,0.0
2002-09-18 13:30:00,INDEX:MMTH,31.0,31.0,31.0,31.0,0.0
2002-09-19 13:30:00,INDEX:MMTH,27.92,27.92,27.92,27.92,0.0
2002-09-20 13:30:00,INDEX:MMTH,28.46,28.46,28.46,28.46,0.0
2002-09-23 13:30:00,INDEX:MMTH,26.67,26.67,26.67,26.67,0.0
2002-09-24 13:30:00,INDEX:MMTH,26.08,26.08,26.08,26.08,0.0
2002-09-25 13:30:00,INDEX:MMTH,27.02,27.02,27.02,27.02,0.0
2002-09-26 13:30:00,INDEX:MMTH,29.28,29.28,29.28,29.28,0.0
2002-09-27 13:30:00,INDEX:MMTH,27.2,27.2,27.2,27.2,0.0
2002-09-30 13:30:00,INDEX:MMTH,27.43,27.43,27.43,27.43,0.0
2002-10-01 13:30:00,INDEX:MMTH,29.82,29.82,29.82,29.82,0.0
2002-10-02 13:30:00,INDEX:MMTH,28.24,28.24,28.24,28.24,0.0
2002-10-03 13:30:00,INDEX:MMTH,27.83,27.83,27.83,27.83,0.0
2002-10-04 13:30:00,INDEX:MMTH,25.04,25.04,25.04,25.04,0.0
2002-10-07 13:30:00,INDEX:MMTH,23.31,23.31,23.31,23.31,0.0
2002-10-08 13:30:00,INDEX:MMTH,23.12,23.12,23.12,23.12,0.0
2002-10-09 13:30:00,INDEX:MMTH,19.45,19.45,19.45,19.45,0.0
2002-10-10 13:30:00,INDEX:MMTH,19.58,19.58,19.58,19.58,0.0
2002-10-11 13:30:00,INDEX:MMTH,22.2,22.2,22.2,22.2,0.0
2002-10-14 13:30:00,INDEX:MMTH,22.16,22.16,22.16,22.16,0.0
2002-10-15 13:30:00,INDEX:MMTH,25.19,25.19,25.19,25.19,0.0
2002-10-16 13:30:00,INDEX:MMTH,22.46,22.46,22.46,22.46,0.0
2002-10-17 13:30:00,INDEX:MMTH,24.18,24.18,24.18,24.18,0.0
2002-10-18 13:30:00,INDEX:MMTH,23.87,23.87,23.87,23.87,0.0
2002-10-21 13:30:00,INDEX:MMTH,24.31,24.31,24.31,24.31,0.0
2002-10-22 13:30:00,INDEX:MMTH,22.71,22.71,22.71,22.71,0.0
2002-10-23 13:30:00,INDEX:MMTH,24.18,24.18,24.18,24.18,0.0
2002-10-24 13:30:00,INDEX:MMTH,23.44,23.44,23.44,23.44,0.0
2002-10-25 13:30:00,INDEX:MMTH,25.28,25.28,25.28,25.28,0.0
2002-10-28 14:30:00,INDEX:MMTH,24.25,24.25,24.25,24.25,0.0
2002-10-29 14:30:00,INDEX:MMTH,24.06,24.06,24.06,24.06,0.0
2002-10-30 14:30:00,INDEX:MMTH,25.5,25.5,25.5,25.5,0.0
2002-10-31 14:30:00,INDEX:MMTH,26.37,26.37,26.37,26.37,0.0
2002-11-01 14:30:00,INDEX:MMTH,28.52,28.52,28.52,28.52,0.0
2002-11-04 14:30:00,INDEX:MMTH,29.23,29.23,29.23,29.23,0.0
2002-11-05 14:30:00,INDEX:MMTH,29.75,29.75,29.75,29.75,0.0
2002-11-06 14:30:00,INDEX:MMTH,30.67,30.67,30.67,30.67,0.0
2002-11-07 14:30:00,INDEX:MMTH,29.05,29.05,29.05,29.05,0.0
2002-11-08 14:30:00,INDEX:MMTH,28.53,28.53,28.53,28.53,0.0
2002-11-11 14:30:00,INDEX:MMTH,25.93,25.93,25.93,25.93,0.0
2002-11-12 14:30:00,INDEX:MMTH,27.44,27.44,27.44,27.44,0.0
2002-11-13 14:30:00,INDEX:MMTH,27.21,27.21,27.21,27.21,0.0
2002-11-14 14:30:00,INDEX:MMTH,29.29,29.29,29.29,29.29,0.0
2002-11-15 14:30:00,INDEX:MMTH,30.07,30.07,30.07,30.07,0.0
2002-11-18 14:30:00,INDEX:MMTH,29.17,29.17,29.17,29.17,0.0
2002-11-19 14:30:00,INDEX:MMTH,28.39,28.39,28.39,28.39,0.0
2002-11-20 14:30:00,INDEX:MMTH,30.94,30.94,30.94,30.94,0.0
2002-11-21 14:30:00,INDEX:MMTH,33.6,33.6,33.6,33.6,0.0
2002-11-22 14:30:00,INDEX:MMTH,34.26,34.26,34.26,34.26,0.0
2002-11-25 14:30:00,INDEX:MMTH,35.07,35.07,35.07,35.07,0.0
2002-11-26 14:30:00,INDEX:MMTH,32.5,32.5,32.5,32.5,0.0
2002-11-27 14:30:00,INDEX:MMTH,36.64,36.64,36.64,36.64,0.0
2002-11-29 14:30:00,INDEX:MMTH,36.63,36.63,36.63,36.63,0.0
2002-12-02 14:30:00,INDEX:MMTH,37.44,37.44,37.44,37.44,0.0
2002-12-03 14:30:00,INDEX:MMTH,35.85,35.85,35.85,35.85,0.0
2002-12-04 14:30:00,INDEX:MMTH,35.53,35.53,35.53,35.53,0.0
2002-12-05 14:30:00,INDEX:MMTH,34.35,34.35,34.35,34.35,0.0
2002-12-06 14:30:00,INDEX:MMTH,35.81,35.81,35.81,35.81,0.0
2002-12-09 14:30:00,INDEX:MMTH,32.79,32.79,32.79,32.79,0.0
2002-12-10 14:30:00,INDEX:MMTH,34.99,34.99,34.99,34.99,0.0
2002-12-11 14:30:00,INDEX:MMTH,34.64,34.64,34.64,34.64,0.0
2002-12-12 14:30:00,INDEX:MMTH,34.81,34.81,34.81,34.81,0.0
2002-12-13 14:30:00,INDEX:MMTH,32.89,32.89,32.89,32.89,0.0
2002-12-16 14:30:00,INDEX:MMTH,36.04,36.04,36.04,36.04,0.0
2002-12-17 14:30:00,INDEX:MMTH,35.16,35.16,35.16,35.16,0.0
2002-12-18 14:30:00,INDEX:MMTH,33.53,33.53,33.53,33.53,0.0
2002-12-19 14:30:00,INDEX:MMTH,33.77,33.77,33.77,33.77,0.0
2002-12-20 14:30:00,INDEX:MMTH,35.62,35.62,35.62,35.62,0.0
2002-12-23 14:30:00,INDEX:MMTH,36.72,36.72,36.72,36.72,0.0
2002-12-24 14:30:00,INDEX:MMTH,36.43,36.43,36.43,36.43,0.0
2002-12-26 14:30:00,INDEX:MMTH,36.93,36.93,36.93,36.93,0.0
2002-12-27 14:30:00,INDEX:MMTH,35.01,35.01,35.01,35.01,0.0
2002-12-30 14:30:00,INDEX:MMTH,35.28,35.28,35.28,35.28,0.0
2002-12-31 14:30:00,INDEX:MMTH,36.86,36.86,36.86,36.86,0.0
2003-01-02 14:30:00,INDEX:MMTH,40.97,40.97,40.97,40.97,0.0
2003-01-03 14:30:00,INDEX:MMTH,41.34,41.34,41.34,41.34,0.0
2003-01-06 14:30:00,INDEX:MMTH,45.84,45.84,45.84,45.84,0.0
2003-01-07 14:30:00,INDEX:MMTH,44.01,44.01,44.01,44.01,0.0
2003-01-08 14:30:00,INDEX:MMTH,41.55,41.55,41.55,41.55,0.0
2003-01-09 14:30:00,INDEX:MMTH,44.4,44.4,44.4,44.4,0.0
2003-01-10 14:30:00,INDEX:MMTH,44.95,44.95,44.95,44.95,0.0
2003-01-13 14:30:00,INDEX:MMTH,45.07,45.07,45.07,45.07,0.0
2003-01-14 14:30:00,INDEX:MMTH,46.42,46.42,46.42,46.42,0.0
2003-01-15 14:30:00,INDEX:MMTH,44.86,44.86,44.86,44.86,0.0
2003-01-16 14:30:00,INDEX:MMTH,45.21,45.21,45.21,45.21,0.0
2003-01-17 14:30:00,INDEX:MMTH,42.93,42.93,42.93,42.93,0.0
2003-01-21 14:30:00,INDEX:MMTH,40.77,40.77,40.77,40.77,0.0
2003-01-22 14:30:00,INDEX:MMTH,39.62,39.62,39.62,39.62,0.0
2003-01-23 14:30:00,INDEX:MMTH,41.03,41.03,41.03,41.03,0.0
2003-01-24 14:30:00,INDEX:MMTH,37.53,37.53,37.53,37.53,0.0
2003-01-27 14:30:00,INDEX:MMTH,34.74,34.74,34.74,34.74,0.0
2003-01-28 14:30:00,INDEX:MMTH,36.56,36.56,36.56,36.56,0.0
2003-01-29 14:30:00,INDEX:MMTH,37.6,37.6,37.6,37.6,0.0
2003-01-30 14:30:00,INDEX:MMTH,36.05,36.05,36.05,36.05,0.0
2003-01-31 14:30:00,INDEX:MMTH,37.95,37.95,37.95,37.95,0.0
2003-02-03 14:30:00,INDEX:MMTH,38.24,38.24,38.24,38.24,0.0
2003-02-04 14:30:00,INDEX:MMTH,37.81,37.81,37.81,37.81,0.0
2003-02-05 14:30:00,INDEX:MMTH,37.67,37.67,37.67,37.67,0.0
2003-02-06 14:30:00,INDEX:MMTH,36.96,36.96,36.96,36.96,0.0
2003-02-07 14:30:00,INDEX:MMTH,35.87,35.87,35.87,35.87,0.0
2003-02-10 14:30:00,INDEX:MMTH,36.54,36.54,36.54,36.54,0.0
2003-02-11 14:30:00,INDEX:MMTH,36.34,36.34,36.34,36.34,0.0
2003-02-12 14:30:00,INDEX:MMTH,34.21,34.21,34.21,34.21,0.0
2003-02-13 14:30:00,INDEX:MMTH,34.12,34.12,34.12,34.12,0.0
2003-02-14 14:30:00,INDEX:MMTH,35.6,35.6,35.6,35.6,0.0
2003-02-18 14:30:00,INDEX:MMTH,38.1,38.1,38.1,38.1,0.0
2003-02-19 14:30:00,INDEX:MMTH,37.56,37.56,37.56,37.56,0.0
2003-02-20 14:30:00,INDEX:MMTH,38.14,38.14,38.14,38.14,0.0
2003-02-21 14:30:00,INDEX:MMTH,39.94,39.94,39.94,39.94,0.0
2003-02-24 14:30:00,INDEX:MMTH,38.23,38.23,38.23,38.23,0.0
2003-02-25 14:30:00,INDEX:MMTH,38.97,38.97,38.97,38.97,0.0
2003-02-26 14:30:00,INDEX:MMTH,37.94,37.94,37.94,37.94,0.0
2003-02-27 14:30:00,INDEX:MMTH,39.4,39.4,39.4,39.4,0.0
2003-02-28 14:30:00,INDEX:MMTH,40.23,40.23,40.23,40.23,0.0
2003-03-03 14:30:00,INDEX:MMTH,40.26,40.26,40.26,40.26,0.0
2003-03-04 14:30:00,INDEX:MMTH,39.51,39.51,39.51,39.51,0.0
2003-03-05 14:30:00,INDEX:MMTH,39.51,39.51,39.51,39.51,0.0
2003-03-06 14:30:00,INDEX:MMTH,39.17,39.17,39.17,39.17,0.0
2003-03-07 14:30:00,INDEX:MMTH,39.42,39.42,39.42,39.42,0.0
2003-03-10 14:30:00,INDEX:MMTH,37.73,37.73,37.73,37.73,0.0
2003-03-11 14:30:00,INDEX:MMTH,37.48,37.48,37.48,37.48,0.0
2003-03-12 14:30:00,INDEX:MMTH,36.05,36.05,36.05,36.05,0.0
2003-03-13 14:30:00,INDEX:MMTH,38.68,38.68,38.68,38.68,0.0
2003-03-14 14:30:00,INDEX:MMTH,38.98,38.98,38.98,38.98,0.0
2003-03-17 14:30:00,INDEX:MMTH,43.0,43.0,43.0,43.0,0.0
2003-03-18 14:30:00,INDEX:MMTH,43.47,43.47,43.47,43.47,0.0
2003-03-19 14:30:00,INDEX:MMTH,43.48,43.48,43.48,43.48,0.0
2003-03-20 14:30:00,INDEX:MMTH,44.9,44.9,44.9,44.9,0.0
2003-03-21 14:30:00,INDEX:MMTH,48.31,48.31,48.31,48.31,0.0
2003-03-24 14:30:00,INDEX:MMTH,42.57,42.57,42.57,42.57,0.0
2003-03-25 14:30:00,INDEX:MMTH,45.35,45.35,45.35,45.35,0.0
2003-03-26 14:30:00,INDEX:MMTH,44.31,44.31,44.31,44.31,0.0
2003-03-27 14:30:00,INDEX:MMTH,44.86,44.86,44.86,44.86,0.0
2003-03-28 14:30:00,INDEX:MMTH,45.12,45.12,45.12,45.12,0.0
2003-03-31 14:30:00,INDEX:MMTH,44.14,44.14,44.14,44.14,0.0
2003-04-01 14:30:00,INDEX:MMTH,45.25,45.25,45.25,45.25,0.0
2003-04-02 14:30:00,INDEX:MMTH,49.3,49.3,49.3,49.3,0.0
2003-04-03 14:30:00,INDEX:MMTH,48.96,48.96,48.96,48.96,0.0
2003-04-04 14:30:00,INDEX:MMTH,48.78,48.78,48.78,48.78,0.0
2003-04-07 13:30:00,INDEX:MMTH,50.78,50.78,50.78,50.78,0.0
2003-04-08 13:30:00,INDEX:MMTH,50.61,50.61,50.61,50.61,0.0
2003-04-09 13:30:00,INDEX:MMTH,49.55,49.55,49.55,49.55,0.0
2003-04-10 13:30:00,INDEX:MMTH,50.23,50.23,50.23,50.23,0.0
2003-04-11 13:30:00,INDEX:MMTH,49.48,49.48,49.48,49.48,0.0
2003-04-14 13:30:00,INDEX:MMTH,52.96,52.96,52.96,52.96,0.0
2003-04-15 13:30:00,INDEX:MMTH,54.96,54.96,54.96,54.96,0.0
2003-04-16 13:30:00,INDEX:MMTH,54.38,54.38,54.38,54.38,0.0
2003-04-17 13:30:00,INDEX:MMTH,57.72,57.72,57.72,57.72,0.0
2003-04-21 13:30:00,INDEX:MMTH,58.54,58.54,58.54,58.54,0.0
2003-04-22 13:30:00,INDEX:MMTH,62.69,62.69,62.69,62.69,0.0
2003-04-23 13:30:00,INDEX:MMTH,65.27,65.27,65.27,65.27,0.0
2003-04-24 13:30:00,INDEX:MMTH,63.65,63.65,63.65,63.65,0.0
2003-04-25 13:30:00,INDEX:MMTH,61.9,61.9,61.9,61.9,0.0
2003-04-28 13:30:00,INDEX:MMTH,65.6,65.6,65.6,65.6,0.0
2003-04-29 13:30:00,INDEX:MMTH,66.71,66.71,66.71,66.71,0.0
2003-04-30 13:30:00,INDEX:MMTH,67.83,67.83,67.83,67.83,0.0
2003-05-01 13:30:00,INDEX:MMTH,68.0,68.0,68.0,68.0,0.0
2003-05-02 13:30:00,INDEX:MMTH,70.99,70.99,70.99,70.99,0.0
2003-05-05 13:30:00,INDEX:MMTH,71.86,71.86,71.86,71.86,0.0
2003-05-06 13:30:00,INDEX:MMTH,73.33,73.33,73.33,73.33,0.0
2003-05-07 13:30:00,INDEX:MMTH,72.98,72.98,72.98,72.98,0.0
2003-05-08 13:30:00,INDEX:MMTH,72.21,72.21,72.21,72.21,0.0
2003-05-09 13:30:00,INDEX:MMTH,74.76,74.76,74.76,74.76,0.0
2003-05-12 13:30:00,INDEX:MMTH,76.25,76.25,76.25,76.25,0.0
2003-05-13 13:30:00,INDEX:MMTH,76.24,76.24,76.24,76.24,0.0
2003-05-14 13:30:00,INDEX:MMTH,76.31,76.31,76.31,76.31,0.0
2003-05-15 13:30:00,INDEX:MMTH,76.99,76.99,76.99,76.99,0.0
2003-05-16 13:30:00,INDEX:MMTH,76.06,76.06,76.06,76.06,0.0
2003-05-19 13:30:00,INDEX:MMTH,73.37,73.37,73.37,73.37,0.0
2003-05-20 13:30:00,INDEX:MMTH,73.45,73.45,73.45,73.45,0.0
2003-05-21 13:30:00,INDEX:MMTH,73.71,73.71,73.71,73.71,0.0
2003-05-22 13:30:00,INDEX:MMTH,74.96,74.96,74.96,74.96,0.0
2003-05-23 13:30:00,INDEX:MMTH,76.07,76.07,76.07,76.07,0.0
2003-05-27 13:30:00,INDEX:MMTH,78.53,78.53,78.53,78.53,0.0
2003-05-28 13:30:00,INDEX:MMTH,79.62,79.62,79.62,79.62,0.0
2003-05-29 13:30:00,INDEX:MMTH,80.1,80.1,80.1,80.1,0.0
2003-05-30 13:30:00,INDEX:MMTH,82.87,82.87,82.87,82.87,0.0
2003-06-02 13:30:00,INDEX:MMTH,83.92,83.92,83.92,83.92,0.0
2003-06-03 13:30:00,INDEX:MMTH,83.99,83.99,83.99,83.99,0.0
2003-06-04 13:30:00,INDEX:MMTH,85.95,85.95,85.95,85.95,0.0
2003-06-05 13:30:00,INDEX:MMTH,86.59,86.59,86.59,86.59,0.0
2003-06-06 13:30:00,INDEX:MMTH,86.52,86.52,86.52,86.52,0.0
2003-06-09 13:30:00,INDEX:MMTH,85.2,85.2,85.2,85.2,0.0
2003-06-10 13:30:00,INDEX:MMTH,86.42,86.42,86.42,86.42,0.0
2003-06-11 13:30:00,INDEX:MMTH,87.34,87.34,87.34,87.34,0.0
2003-06-12 13:30:00,INDEX:MMTH,87.41,87.41,87.41,87.41,0.0
2003-06-13 13:30:00,INDEX:MMTH,86.38,86.38,86.38,86.38,0.0
2003-06-16 13:30:00,INDEX:MMTH,88.51,88.51,88.51,88.51,0.0
2003-06-17 13:30:00,INDEX:MMTH,88.66,88.66,88.66,88.66,0.0
2003-06-18 13:30:00,INDEX:MMTH,88.33,88.33,88.33,88.33,0.0
2003-06-19 13:30:00,INDEX:MMTH,87.42,87.42,87.42,87.42,0.0
2003-06-20 13:30:00,INDEX:MMTH,87.73,87.73,87.73,87.73,0.0
2003-06-23 13:30:00,INDEX:MMTH,85.28,85.28,85.28,85.28,0.0
2003-06-24 13:30:00,INDEX:MMTH,85.24,85.24,85.24,85.24,0.0
2003-06-25 13:30:00,INDEX:MMTH,85.14,85.14,85.14,85.14,0.0
2003-06-26 13:30:00,INDEX:MMTH,85.97,85.97,85.97,85.97,0.0
2003-06-27 13:30:00,INDEX:MMTH,85.65,85.65,85.65,85.65,0.0
2003-06-30 13:30:00,INDEX:MMTH,85.12,85.12,85.12,85.12,0.0
2003-07-01 13:30:00,INDEX:MMTH,86.1,86.1,86.1,86.1,0.0
2003-07-02 13:30:00,INDEX:MMTH,87.67,87.67,87.67,87.67,0.0
2003-07-03 13:30:00,INDEX:MMTH,87.36,87.36,87.36,87.36,0.0
2003-07-07 13:30:00,INDEX:MMTH,88.65,88.65,88.65,88.65,0.0
2003-07-08 13:30:00,INDEX:MMTH,89.52,89.52,89.52,89.52,0.0
2003-07-09 13:30:00,INDEX:MMTH,89.71,89.71,89.71,89.71,0.0
2003-07-10 13:30:00,INDEX:MMTH,88.42,88.42,88.42,88.42,0.0
2003-07-11 13:30:00,INDEX:MMTH,89.09,89.09,89.09,89.09,0.0
2003-07-14 13:30:00,INDEX:MMTH,89.54,89.54,89.54,89.54,0.0
2003-07-15 13:30:00,INDEX:MMTH,88.53,88.53,88.53,88.53,0.0
2003-07-16 13:30:00,INDEX:MMTH,87.46,87.46,87.46,87.46,0.0
2003-07-17 13:30:00,INDEX:MMTH,84.94,84.94,84.94,84.94,0.0
2003-07-18 13:30:00,INDEX:MMTH,85.86,85.86,85.86,85.86,0.0
2003-07-21 13:30:00,INDEX:MMTH,83.67,83.67,83.67,83.67,0.0
2003-07-22 13:30:00,INDEX:MMTH,83.75,83.75,83.75,83.75,0.0
2003-07-23 13:30:00,INDEX:MMTH,84.46,84.46,84.46,84.46,0.0
2003-07-24 13:30:00,INDEX:MMTH,83.46,83.46,83.46,83.46,0.0
2003-07-25 13:30:00,INDEX:MMTH,83.88,83.88,83.88,83.88,0.0
2003-07-28 13:30:00,INDEX:MMTH,83.58,83.58,83.58,83.58,0.0
2003-07-29 13:30:00,INDEX:MMTH,82.01,82.01,82.01,82.01,0.0
2003-07-30 13:30:00,INDEX:MMTH,81.51,81.51,81.51,81.51,0.0
2003-07-31 13:30:00,INDEX:MMTH,80.46,80.46,80.46,80.46,0.0
2003-08-01 13:30:00,INDEX:MMTH,78.29,78.29,78.29,78.29,0.0
2003-08-04 13:30:00,INDEX:MMTH,77.31,77.31,77.31,77.31,0.0
2003-08-05 13:30:00,INDEX:MMTH,74.99,74.99,74.99,74.99,0.0
2003-08-06 13:30:00,INDEX:MMTH,74.83,74.83,74.83,74.83,0.0
2003-08-07 13:30:00,INDEX:MMTH,75.38,75.38,75.38,75.38,0.0
2003-08-08 13:30:00,INDEX:MMTH,75.9,75.9,75.9,75.9,0.0
2003-08-11 13:30:00,INDEX:MMTH,76.71,76.71,76.71,76.71,0.0
2003-08-12 13:30:00,INDEX:MMTH,77.93,77.93,77.93,77.93,0.0
2003-08-13 13:30:00,INDEX:MMTH,77.24,77.24,77.24,77.24,0.0
2003-08-14 13:30:00,INDEX:MMTH,77.73,77.73,77.73,77.73,0.0
2003-08-15 13:30:00,INDEX:MMTH,78.08,78.08,78.08,78.08,0.0
2003-08-18 13:30:00,INDEX:MMTH,78.85,78.85,78.85,78.85,0.0
2003-08-19 13:30:00,INDEX:MMTH,79.94,79.94,79.94,79.94,0.0
2003-08-20 13:30:00,INDEX:MMTH,80.42,80.42,80.42,80.42,0.0
2003-08-21 13:30:00,INDEX:MMTH,80.92,80.92,80.92,80.92,0.0
2003-08-22 13:30:00,INDEX:MMTH,79.71,79.71,79.71,79.71,0.0
2003-08-25 13:30:00,INDEX:MMTH,79.58,79.58,79.58,79.58,0.0
2003-08-26 13:30:00,INDEX:MMTH,80.14,80.14,80.14,80.14,0.0
2003-08-27 13:30:00,INDEX:MMTH,80.44,80.44,80.44,80.44,0.0
2003-08-28 13:30:00,INDEX:MMTH,81.3,81.3,81.3,81.3,0.0
2003-08-29 13:30:00,INDEX:MMTH,82.13,82.13,82.13,82.13,0.0
2003-09-02 13:30:00,INDEX:MMTH,83.3,83.3,83.3,83.3,0.0
2003-09-03 13:30:00,INDEX:MMTH,84.65,84.65,84.65,84.65,0.0
2003-09-04 13:30:00,INDEX:MMTH,84.36,84.36,84.36,84.36,0.0
2003-09-05 13:30:00,INDEX:MMTH,84.52,84.52,84.52,84.52,0.0
2003-09-08 13:30:00,INDEX:MMTH,85.71,85.71,85.71,85.71,0.0
2003-09-09 13:30:00,INDEX:MMTH,85.16,85.16,85.16,85.16,0.0
2003-09-10 13:30:00,INDEX:MMTH,84.45,84.45,84.45,84.45,0.0
2003-09-11 13:30:00,INDEX:MMTH,83.88,83.88,83.88,83.88,0.0
2003-09-12 13:30:00,INDEX:MMTH,84.61,84.61,84.61,84.61,0.0
2003-09-15 13:30:00,INDEX:MMTH,84.3,84.3,84.3,84.3,0.0
2003-09-16 13:30:00,INDEX:MMTH,85.29,85.29,85.29,85.29,0.0
2003-09-17 13:30:00,INDEX:MMTH,85.3,85.3,85.3,85.3,0.0
2003-09-18 13:30:00,INDEX:MMTH,86.05,86.05,86.05,86.05,0.0
2003-09-19 13:30:00,INDEX:MMTH,86.37,86.37,86.37,86.37,0.0
2003-09-22 13:30:00,INDEX:MMTH,85.11,85.11,85.11,85.11,0.0
2003-09-23 13:30:00,INDEX:MMTH,84.96,84.96,84.96,84.96,0.0
2003-09-24 13:30:00,INDEX:MMTH,83.79,83.79,83.79,83.79,0.0
2003-09-25 13:30:00,INDEX:MMTH,81.56,81.56,81.56,81.56,0.0
2003-09-26 13:30:00,INDEX:MMTH,80.08,80.08,80.08,80.08,0.0
2003-09-29 13:30:00,INDEX:MMTH,81.11,81.11,81.11,81.11,0.0
2003-09-30 13:30:00,INDEX:MMTH,81.43,81.43,81.43,81.43,0.0
2003-10-01 13:30:00,INDEX:MMTH,84.68,84.68,84.68,84.68,0.0
2003-10-02 13:30:00,INDEX:MMTH,84.49,84.49,84.49,84.49,0.0
2003-10-03 13:30:00,INDEX:MMTH,84.7,84.7,84.7,84.7,0.0
2003-10-06 13:30:00,INDEX:MMTH,85.15,85.15,85.15,85.15,0.0
2003-10-07 13:30:00,INDEX:MMTH,85.5,85.5,85.5,85.5,0.0
2003-10-08 13:30:00,INDEX:MMTH,85.38,85.38,85.38,85.38,0.0
2003-10-09 13:30:00,INDEX:MMTH,85.24,85.24,85.24,85.24,0.0
2003-10-10 13:30:00,INDEX:MMTH,84.99,84.99,84.99,84.99,0.0
2003-10-13 13:30:00,INDEX:MMTH,85.66,85.66,85.66,85.66,0.0
2003-10-14 13:30:00,INDEX:MMTH,85.77,85.77,85.77,85.77,0.0
2003-10-15 13:30:00,INDEX:MMTH,84.73,84.73,84.73,84.73,0.0
2003-10-16 13:30:00,INDEX:MMTH,85.12,85.12,85.12,85.12,0.0
2003-10-17 13:30:00,INDEX:MMTH,84.55,84.55,84.55,84.55,0.0
2003-10-20 13:30:00,INDEX:MMTH,84.17,84.17,84.17,84.17,0.0
2003-10-21 13:30:00,INDEX:MMTH,84.29,84.29,84.29,84.29,0.0
2003-10-22 13:30:00,INDEX:MMTH,82.84,82.84,82.84,82.84,0.0
2003-10-23 13:30:00,INDEX:MMTH,82.99,82.99,82.99,82.99,0.0
2003-10-24 13:30:00,INDEX:MMTH,82.77,82.77,82.77,82.77,0.0
2003-10-27 14:30:00,INDEX:MMTH,83.31,83.31,83.31,83.31,0.0
2003-10-28 14:30:00,INDEX:MMTH,84.46,84.46,84.46,84.46,0.0
2003-10-29 14:30:00,INDEX:MMTH,84.75,84.75,84.75,84.75,0.0
2003-10-30 14:30:00,INDEX:MMTH,84.25,84.25,84.25,84.25,0.0
2003-10-31 14:30:00,INDEX:MMTH,84.78,84.78,84.78,84.78,0.0
2003-11-03 14:30:00,INDEX:MMTH,85.86,85.86,85.86,85.86,0.0
2003-11-04 14:30:00,INDEX:MMTH,85.85,85.85,85.85,85.85,0.0
2003-11-05 14:30:00,INDEX:MMTH,85.93,85.93,85.93,85.93,0.0
2003-11-06 14:30:00,INDEX:MMTH,86.12,86.12,86.12,86.12,0.0
2003-11-07 14:30:00,INDEX:MMTH,86.26,86.26,86.26,86.26,0.0
2003-11-10 14:30:00,INDEX:MMTH,85.18,85.18,85.18,85.18,0.0
2003-11-11 14:30:00,INDEX:MMTH,84.98,84.98,84.98,84.98,0.0
2003-11-12 14:30:00,INDEX:MMTH,85.89,85.89,85.89,85.89,0.0
2003-11-13 14:30:00,INDEX:MMTH,86.16,86.16,86.16,86.16,0.0
2003-11-14 14:30:00,INDEX:MMTH,85.43,85.43,85.43,85.43,0.0
2003-11-17 14:30:00,INDEX:MMTH,84.2,84.2,84.2,84.2,0.0
2003-11-18 14:30:00,INDEX:MMTH,83.58,83.58,83.58,83.58,0.0
2003-11-19 14:30:00,INDEX:MMTH,83.92,83.92,83.92,83.92,0.0
2003-11-20 14:30:00,INDEX:MMTH,83.4,83.4,83.4,83.4,0.0
2003-11-21 14:30:00,INDEX:MMTH,83.72,83.72,83.72,83.72,0.0
2003-11-24 14:30:00,INDEX:MMTH,85.06,85.06,85.06,85.06,0.0
2003-11-25 14:30:00,INDEX:MMTH,85.6,85.6,85.6,85.6,0.0
2003-11-26 14:30:00,INDEX:MMTH,86.12,86.12,86.12,86.12,0.0
2003-11-28 14:30:00,INDEX:MMTH,86.6,86.6,86.6,86.6,0.0
2003-12-01 14:30:00,INDEX:MMTH,87.39,87.39,87.39,87.39,0.0
2003-12-02 14:30:00,INDEX:MMTH,87.29,87.29,87.29,87.29,0.0
2003-12-03 14:30:00,INDEX:MMTH,86.16,86.16,86.16,86.16,0.0
2003-12-04 14:30:00,INDEX:MMTH,86.33,86.33,86.33,86.33,0.0
2003-12-05 14:30:00,INDEX:MMTH,86.14,86.14,86.14,86.14,0.0
2003-12-08 14:30:00,INDEX:MMTH,86.42,86.42,86.42,86.42,0.0
2003-12-09 14:30:00,INDEX:MMTH,85.86,85.86,85.86,85.86,0.0
2003-12-10 14:30:00,INDEX:MMTH,84.6,84.6,84.6,84.6,0.0
2003-12-11 14:30:00,INDEX:MMTH,85.92,85.92,85.92,85.92,0.0
2003-12-12 14:30:00,INDEX:MMTH,86.61,86.61,86.61,86.61,0.0
2003-12-15 14:30:00,INDEX:MMTH,85.1,85.1,85.1,85.1,0.0
2003-12-16 14:30:00,INDEX:MMTH,84.86,84.86,84.86,84.86,0.0
2003-12-17 14:30:00,INDEX:MMTH,85.21,85.21,85.21,85.21,0.0
2003-12-18 14:30:00,INDEX:MMTH,86.48,86.48,86.48,86.48,0.0
2003-12-19 14:30:00,INDEX:MMTH,86.31,86.31,86.31,86.31,0.0
2003-12-22 14:30:00,INDEX:MMTH,86.78,86.78,86.78,86.78,0.0
2003-12-23 14:30:00,INDEX:MMTH,87.28,87.28,87.28,87.28,0.0
2003-12-24 14:30:00,INDEX:MMTH,87.18,87.18,87.18,87.18,0.0
2003-12-26 14:30:00,INDEX:MMTH,87.17,87.17,87.17,87.17,0.0
2003-12-29 14:30:00,INDEX:MMTH,87.56,87.56,87.56,87.56,0.0
2003-12-30 14:30:00,INDEX:MMTH,87.82,87.82,87.82,87.82,0.0
2003-12-31 14:30:00,INDEX:MMTH,87.88,87.88,87.88,87.88,0.0
2004-01-02 14:30:00,INDEX:MMTH,88.02,88.02,88.02,88.02,0.0
2004-01-05 14:30:00,INDEX:MMTH,88.83,88.83,88.83,88.83,0.0
2004-01-06 14:30:00,INDEX:MMTH,89.22,89.22,89.22,89.22,0.0
2004-01-07 14:30:00,INDEX:MMTH,89.44,89.44,89.44,89.44,0.0
2004-01-08 14:30:00,INDEX:MMTH,90.01,90.01,90.01,90.01,0.0
2004-01-09 14:30:00,INDEX:MMTH,90.27,90.27,90.27,90.27,0.0
2004-01-12 14:30:00,INDEX:MMTH,90.77,90.77,90.77,90.77,0.0
2004-01-13 14:30:00,INDEX:MMTH,90.53,90.53,90.53,90.53,0.0
2004-01-14 14:30:00,INDEX:MMTH,91.01,91.01,91.01,91.01,0.0
2004-01-15 14:30:00,INDEX:MMTH,91.01,91.01,91.01,91.01,0.0
2004-01-16 14:30:00,INDEX:MMTH,91.42,91.42,91.42,91.42,0.0
2004-01-20 14:30:00,INDEX:MMTH,91.8,91.8,91.8,91.8,0.0
2004-01-21 14:30:00,INDEX:MMTH,92.08,92.08,92.08,92.08,0.0
2004-01-22 14:30:00,INDEX:MMTH,91.75,91.75,91.75,91.75,0.0
2004-01-23 14:30:00,INDEX:MMTH,91.88,91.88,91.88,91.88,0.0
2004-01-26 14:30:00,INDEX:MMTH,92.28,92.28,92.28,92.28,0.0
2004-01-27 14:30:00,INDEX:MMTH,91.74,91.74,91.74,91.74,0.0
2004-01-28 14:30:00,INDEX:MMTH,90.2,90.2,90.2,90.2,0.0
2004-01-29 14:30:00,INDEX:MMTH,89.17,89.17,89.17,89.17,0.0
2004-01-30 14:30:00,INDEX:MMTH,89.16,89.16,89.16,89.16,0.0
2004-02-02 14:30:00,INDEX:MMTH,88.15,88.15,88.15,88.15,0.0
2004-02-03 14:30:00,INDEX:MMTH,88.83,88.83,88.83,88.83,0.0
2004-02-04 14:30:00,INDEX:MMTH,86.39,86.39,86.39,86.39,0.0
2004-02-05 14:30:00,INDEX:MMTH,86.8,86.8,86.8,86.8,0.0
2004-02-06 14:30:00,INDEX:MMTH,88.55,88.55,88.55,88.55,0.0
2004-02-09 14:30:00,INDEX:MMTH,88.47,88.47,88.47,88.47,0.0
2004-02-10 14:30:00,INDEX:MMTH,88.87,88.87,88.87,88.87,0.0
2004-02-11 14:30:00,INDEX:MMTH,88.8,88.8,88.8,88.8,0.0
2004-02-12 14:30:00,INDEX:MMTH,88.7,88.7,88.7,88.7,0.0
2004-02-13 14:30:00,INDEX:MMTH,87.72,87.72,87.72,87.72,0.0
2004-02-17 14:30:00,INDEX:MMTH,88.6,88.6,88.6,88.6,0.0
2004-02-18 14:30:00,INDEX:MMTH,87.99,87.99,87.99,87.99,0.0
2004-02-19 14:30:00,INDEX:MMTH,86.78,86.78,86.78,86.78,0.0
2004-02-20 14:30:00,INDEX:MMTH,86.06,86.06,86.06,86.06,0.0
2004-02-23 14:30:00,INDEX:MMTH,84.77,84.77,84.77,84.77,0.0
2004-02-24 14:30:00,INDEX:MMTH,84.42,84.42,84.42,84.42,0.0
2004-02-25 14:30:00,INDEX:MMTH,85.05,85.05,85.05,85.05,0.0
2004-02-26 14:30:00,INDEX:MMTH,85.57,85.57,85.57,85.57,0.0
2004-02-27 14:30:00,INDEX:MMTH,86.11,86.11,86.11,86.11,0.0
2004-03-01 14:30:00,INDEX:MMTH,86.86,86.86,86.86,86.86,0.0
2004-03-02 14:30:00,INDEX:MMTH,86.19,86.19,86.19,86.19,0.0
2004-03-03 14:30:00,INDEX:MMTH,86.29,86.29,86.29,86.29,0.0
2004-03-04 14:30:00,INDEX:MMTH,87.15,87.15,87.15,87.15,0.0
2004-03-05 14:30:00,INDEX:MMTH,87.44,87.44,87.44,87.44,0.0
2004-03-08 14:30:00,INDEX:MMTH,86.39,86.39,86.39,86.39,0.0
2004-03-09 14:30:00,INDEX:MMTH,85.36,85.36,85.36,85.36,0.0
2004-03-10 14:30:00,INDEX:MMTH,82.52,82.52,82.52,82.52,0.0
2004-03-11 14:30:00,INDEX:MMTH,80.43,80.43,80.43,80.43,0.0
2004-03-12 14:30:00,INDEX:MMTH,82.79,82.79,82.79,82.79,0.0
2004-03-15 14:30:00,INDEX:MMTH,79.6,79.6,79.6,79.6,0.0
2004-03-16 14:30:00,INDEX:MMTH,79.04,79.04,79.04,79.04,0.0
2004-03-17 14:30:00,INDEX:MMTH,81.35,81.35,81.35,81.35,0.0
2004-03-18 14:30:00,INDEX:MMTH,80.53,80.53,80.53,80.53,0.0
2004-03-19 14:30:00,INDEX:MMTH,79.14,79.14,79.14,79.14,0.0
2004-03-22 14:30:00,INDEX:MMTH,75.35,75.35,75.35,75.35,0.0
2004-03-23 14:30:00,INDEX:MMTH,75.87,75.87,75.87,75.87,0.0
2004-03-24 14:30:00,INDEX:MMTH,75.02,75.02,75.02,75.02,0.0
2004-03-25 14:30:00,INDEX:MMTH,77.92,77.92,77.92,77.92,0.0
2004-03-26 14:30:00,INDEX:MMTH,77.95,77.95,77.95,77.95,0.0
2004-03-29 14:30:00,INDEX:MMTH,80.13,80.13,80.13,80.13,0.0
2004-03-30 14:30:00,INDEX:MMTH,80.66,80.66,80.66,80.66,0.0
2004-03-31 14:30:00,INDEX:MMTH,81.19,81.19,81.19,81.19,0.0
2004-04-01 14:30:00,INDEX:MMTH,82.32,82.32,82.32,82.32,0.0
2004-04-02 14:30:00,INDEX:MMTH,82.65,82.65,82.65,82.65,0.0
2004-04-05 13:30:00,INDEX:MMTH,79.57,79.57,79.57,79.57,0.0
2004-04-06 13:30:00,INDEX:MMTH,76.64,76.64,76.64,76.64,0.0
2004-04-07 13:30:00,INDEX:MMTH,77.0,77.0,77.0,77.0,0.0
2004-04-08 13:30:00,INDEX:MMTH,76.18,76.18,76.18,76.18,0.0
2004-04-12 13:30:00,INDEX:MMTH,74.49,74.49,74.49,74.49,0.0
2004-04-13 13:30:00,INDEX:MMTH,69.71,69.71,69.71,69.71,0.0
2004-04-14 13:30:00,INDEX:MMTH,65.31,65.31,65.31,65.31,0.0
2004-04-15 13:30:00,INDEX:MMTH,64.6,64.6,64.6,64.6,0.0
2004-04-16 13:30:00,INDEX:MMTH,65.96,65.96,65.96,65.96,0.0
2004-04-19 13:30:00,INDEX:MMTH,66.11,66.11,66.11,66.11,0.0
2004-04-20 13:30:00,INDEX:MMTH,62.32,62.32,62.32,62.32,0.0
2004-04-21 13:30:00,INDEX:MMTH,62.34,62.34,62.34,62.34,0.0
2004-04-22 13:30:00,INDEX:MMTH,65.01,65.01,65.01,65.01,0.0
2004-04-23 13:30:00,INDEX:MMTH,63.94,63.94,63.94,63.94,0.0
2004-04-26 13:30:00,INDEX:MMTH,63.24,63.24,63.24,63.24,0.0
2004-04-27 13:30:00,INDEX:MMTH,63.46,63.46,63.46,63.46,0.0
2004-04-28 13:30:00,INDEX:MMTH,58.85,58.85,58.85,58.85,0.0
2004-04-29 13:30:00,INDEX:MMTH,55.3,55.3,55.3,55.3,0.0
2004-04-30 13:30:00,INDEX:MMTH,53.15,53.15,53.15,53.15,0.0
2004-05-03 13:30:00,INDEX:MMTH,53.38,53.38,53.38,53.38,0.0
2004-05-04 13:30:00,INDEX:MMTH,54.69,54.69,54.69,54.69,0.0
2004-05-05 13:30:00,INDEX:MMTH,55.11,55.11,55.11,55.11,0.0
2004-05-06 13:30:00,INDEX:MMTH,51.93,51.93,51.93,51.93,0.0
2004-05-07 13:30:00,INDEX:MMTH,46.35,46.35,46.35,46.35,0.0
2004-05-10 13:30:00,INDEX:MMTH,40.93,40.93,40.93,40.93,0.0
2004-05-11 13:30:00,INDEX:MMTH,43.82,43.82,43.82,43.82,0.0
2004-05-12 13:30:00,INDEX:MMTH,43.34,43.34,43.34,43.34,0.0
2004-05-13 13:30:00,INDEX:MMTH,42.89,42.89,42.89,42.89,0.0
2004-05-14 13:30:00,INDEX:MMTH,41.44,41.44,41.44,41.44,0.0
2004-05-18 13:30:00,INDEX:MMTH,40.6,40.6,40.6,40.6,0.0
2004-05-19 13:30:00,INDEX:MMTH,41.12,41.12,41.12,41.12,0.0
2004-05-20 13:30:00,INDEX:MMTH,40.63,40.63,40.63,40.63,0.0
2004-05-21 13:30:00,INDEX:MMTH,41.93,41.93,41.93,41.93,0.0
2004-05-24 13:30:00,INDEX:MMTH,43.47,43.47,43.47,43.47,0.0
2004-05-25 13:30:00,INDEX:MMTH,47.85,47.85,47.85,47.85,0.0
2004-05-26 13:30:00,INDEX:MMTH,48.69,48.69,48.69,48.69,0.0
2004-05-27 13:30:00,INDEX:MMTH,50.1,50.1,50.1,50.1,0.0
2004-05-28 13:30:00,INDEX:MMTH,50.28,50.28,50.28,50.28,0.0
2004-06-01 13:30:00,INDEX:MMTH,49.97,49.97,49.97,49.97,0.0
2004-06-02 13:30:00,INDEX:MMTH,50.53,50.53,50.53,50.53,0.0
2004-06-03 13:30:00,INDEX:MMTH,47.48,47.48,47.48,47.48,0.0
2004-06-04 13:30:00,INDEX:MMTH,49.37,49.37,49.37,49.37,0.0
2004-06-07 13:30:00,INDEX:MMTH,52.81,52.81,52.81,52.81,0.0
2004-06-08 13:30:00,INDEX:MMTH,52.35,52.35,52.35,52.35,0.0
2004-06-09 13:30:00,INDEX:MMTH,49.42,49.42,49.42,49.42,0.0
2004-06-10 13:30:00,INDEX:MMTH,50.04,50.04,50.04,50.04,0.0
2004-06-14 13:30:00,INDEX:MMTH,45.9,45.9,45.9,45.9,0.0
2004-06-15 13:30:00,INDEX:MMTH,48.42,48.42,48.42,48.42,0.0
2004-06-16 13:30:00,INDEX:MMTH,48.46,48.46,48.46,48.46,0.0
2004-06-17 13:30:00,INDEX:MMTH,48.59,48.59,48.59,48.59,0.0
2004-06-18 13:30:00,INDEX:MMTH,48.58,48.58,48.58,48.58,0.0
2004-06-21 13:30:00,INDEX:MMTH,48.51,48.51,48.51,48.51,0.0
2004-06-22 13:30:00,INDEX:MMTH,49.01,49.01,49.01,49.01,0.0
2004-06-23 13:30:00,INDEX:MMTH,50.49,50.49,50.49,50.49,0.0
2004-06-24 13:30:00,INDEX:MMTH,50.77,50.77,50.77,50.77,0.0
2004-06-25 13:30:00,INDEX:MMTH,51.48,51.48,51.48,51.48,0.0
2004-06-28 13:30:00,INDEX:MMTH,51.12,51.12,51.12,51.12,0.0
2004-06-29 13:30:00,INDEX:MMTH,51.65,51.65,51.65,51.65,0.0
2004-06-30 13:30:00,INDEX:MMTH,52.85,52.85,52.85,52.85,0.0
2004-07-01 13:30:00,INDEX:MMTH,50.35,50.35,50.35,50.35,0.0
2004-07-02 13:30:00,INDEX:MMTH,51.1,51.1,51.1,51.1,0.0
2004-07-06 13:30:00,INDEX:MMTH,48.26,48.26,48.26,48.26,0.0
2004-07-07 13:30:00,INDEX:MMTH,48.94,48.94,48.94,48.94,0.0
2004-07-08 13:30:00,INDEX:MMTH,45.93,45.93,45.93,45.93,0.0
2004-07-09 13:30:00,INDEX:MMTH,46.66,46.66,46.66,46.66,0.0
2004-07-12 13:30:00,INDEX:MMTH,47.08,47.08,47.08,47.08,0.0
2004-07-13 13:30:00,INDEX:MMTH,46.79,46.79,46.79,46.79,0.0
2004-07-14 13:30:00,INDEX:MMTH,45.79,45.79,45.79,45.79,0.0
2004-07-15 13:30:00,INDEX:MMTH,45.3,45.3,45.3,45.3,0.0
2004-07-16 13:30:00,INDEX:MMTH,44.57,44.57,44.57,44.57,0.0
2004-07-19 13:30:00,INDEX:MMTH,44.25,44.25,44.25,44.25,0.0
2004-07-20 13:30:00,INDEX:MMTH,45.43,45.43,45.43,45.43,0.0
2004-07-21 13:30:00,INDEX:MMTH,41.82,41.82,41.82,41.82,0.0
2004-07-22 13:30:00,INDEX:MMTH,40.16,40.16,40.16,40.16,0.0
2004-07-23 13:30:00,INDEX:MMTH,37.92,37.92,37.92,37.92,0.0
2004-07-26 13:30:00,INDEX:MMTH,35.63,35.63,35.63,35.63,0.0
2004-07-27 13:30:00,INDEX:MMTH,38.53,38.53,38.53,38.53,0.0
2004-07-28 13:30:00,INDEX:MMTH,37.58,37.58,37.58,37.58,0.0
2004-07-29 13:30:00,INDEX:MMTH,39.08,39.08,39.08,39.08,0.0
2004-07-30 13:30:00,INDEX:MMTH,40.34,40.34,40.34,40.34,0.0
2004-08-02 13:30:00,INDEX:MMTH,41.37,41.37,41.37,41.37,0.0
2004-08-03 13:30:00,INDEX:MMTH,39.41,39.41,39.41,39.41,0.0
2004-08-04 13:30:00,INDEX:MMTH,39.45,39.45,39.45,39.45,0.0
2004-08-05 13:30:00,INDEX:MMTH,36.38,36.38,36.38,36.38,0.0
2004-08-06 13:30:00,INDEX:MMTH,33.81,33.81,33.81,33.81,0.0
2004-08-09 13:30:00,INDEX:MMTH,33.55,33.55,33.55,33.55,0.0
2004-08-10 13:30:00,INDEX:MMTH,36.8,36.8,36.8,36.8,0.0
2004-08-11 13:30:00,INDEX:MMTH,34.62,34.62,34.62,34.62,0.0
2004-08-12 13:30:00,INDEX:MMTH,32.43,32.43,32.43,32.43,0.0
2004-08-13 13:30:00,INDEX:MMTH,33.29,33.29,33.29,33.29,0.0
2004-08-16 13:30:00,INDEX:MMTH,36.42,36.42,36.42,36.42,0.0
2004-08-17 13:30:00,INDEX:MMTH,37.56,37.56,37.56,37.56,0.0
2004-08-18 13:30:00,INDEX:MMTH,40.75,40.75,40.75,40.75,0.0
2004-08-19 13:30:00,INDEX:MMTH,40.03,40.03,40.03,40.03,0.0
2004-08-20 13:30:00,INDEX:MMTH,42.93,42.93,42.93,42.93,0.0
2004-08-23 13:30:00,INDEX:MMTH,41.89,41.89,41.89,41.89,0.0
2004-08-24 13:30:00,INDEX:MMTH,42.28,42.28,42.28,42.28,0.0
2004-08-25 13:30:00,INDEX:MMTH,44.39,44.39,44.39,44.39,0.0
2004-08-26 13:30:00,INDEX:MMTH,44.86,44.86,44.86,44.86,0.0
2004-08-27 13:30:00,INDEX:MMTH,46.29,46.29,46.29,46.29,0.0
2004-08-30 13:30:00,INDEX:MMTH,45.06,45.06,45.06,45.06,0.0
2004-08-31 13:30:00,INDEX:MMTH,48.04,48.04,48.04,48.04,0.0
2004-09-01 13:30:00,INDEX:MMTH,48.75,48.75,48.75,48.75,0.0
2004-09-02 13:30:00,INDEX:MMTH,50.71,50.71,50.71,50.71,0.0
2004-09-03 13:30:00,INDEX:MMTH,49.56,49.56,49.56,49.56,0.0
2004-09-07 13:30:00,INDEX:MMTH,52.44,52.44,52.44,52.44,0.0
2004-09-08 13:30:00,INDEX:MMTH,51.92,51.92,51.92,51.92,0.0
2004-09-09 13:30:00,INDEX:MMTH,53.27,53.27,53.27,53.27,0.0
2004-09-10 13:30:00,INDEX:MMTH,54.11,54.11,54.11,54.11,0.0
2004-09-13 13:30:00,INDEX:MMTH,54.77,54.77,54.77,54.77,0.0
2004-09-14 13:30:00,INDEX:MMTH,54.82,54.82,54.82,54.82,0.0
2004-09-15 13:30:00,INDEX:MMTH,53.66,53.66,53.66,53.66,0.0
2004-09-16 13:30:00,INDEX:MMTH,56.23,56.23,56.23,56.23,0.0
2004-09-17 13:30:00,INDEX:MMTH,56.15,56.15,56.15,56.15,0.0
2004-09-20 13:30:00,INDEX:MMTH,55.38,55.38,55.38,55.38,0.0
2004-09-21 13:30:00,INDEX:MMTH,57.15,57.15,57.15,57.15,0.0
2004-09-22 13:30:00,INDEX:MMTH,54.42,54.42,54.42,54.42,0.0
2004-09-23 13:30:00,INDEX:MMTH,54.55,54.55,54.55,54.55,0.0
2004-09-24 13:30:00,INDEX:MMTH,54.59,54.59,54.59,54.59,0.0
2004-09-27 13:30:00,INDEX:MMTH,52.52,52.52,52.52,52.52,0.0
2004-09-28 13:30:00,INDEX:MMTH,53.95,53.95,53.95,53.95,0.0
2004-09-29 13:30:00,INDEX:MMTH,54.47,54.47,54.47,54.47,0.0
2004-09-30 13:30:00,INDEX:MMTH,54.64,54.64,54.64,54.64,0.0
2004-10-01 13:30:00,INDEX:MMTH,57.84,57.84,57.84,57.84,0.0
2004-10-04 13:30:00,INDEX:MMTH,58.92,58.92,58.92,58.92,0.0
2004-10-05 13:30:00,INDEX:MMTH,59.08,59.08,59.08,59.08,0.0
2004-10-06 13:30:00,INDEX:MMTH,60.36,60.36,60.36,60.36,0.0
2004-10-07 13:30:00,INDEX:MMTH,58.08,58.08,58.08,58.08,0.0
2004-10-08 13:30:00,INDEX:MMTH,57.65,57.65,57.65,57.65,0.0
2004-10-11 13:30:00,INDEX:MMTH,58.23,58.23,58.23,58.23,0.0
2004-10-12 13:30:00,INDEX:MMTH,58.08,58.08,58.08,58.08,0.0
2004-10-13 13:30:00,INDEX:MMTH,55.69,55.69,55.69,55.69,0.0
2004-10-14 13:30:00,INDEX:MMTH,53.53,53.53,53.53,53.53,0.0
2004-10-15 13:30:00,INDEX:MMTH,55.34,55.34,55.34,55.34,0.0
2004-10-18 13:30:00,INDEX:MMTH,55.72,55.72,55.72,55.72,0.0
2004-10-19 13:30:00,INDEX:MMTH,54.42,54.42,54.42,54.42,0.0
2004-10-20 13:30:00,INDEX:MMTH,54.8,54.8,54.8,54.8,0.0
2004-10-21 13:30:00,INDEX:MMTH,56.4,56.4,56.4,56.4,0.0
2004-10-22 13:30:00,INDEX:MMTH,54.32,54.32,54.32,54.32,0.0
2004-10-25 13:30:00,INDEX:MMTH,55.27,55.27,55.27,55.27,0.0
2004-10-26 13:30:00,INDEX:MMTH,57.9,57.9,57.9,57.9,0.0
2004-10-27 13:30:00,INDEX:MMTH,60.36,60.36,60.36,60.36,0.0
2004-10-28 13:30:00,INDEX:MMTH,60.03,60.03,60.03,60.03,0.0
2004-10-29 13:30:00,INDEX:MMTH,60.83,60.83,60.83,60.83,0.0
2004-11-01 14:30:00,INDEX:MMTH,60.9,60.9,60.9,60.9,0.0
2004-11-02 14:30:00,INDEX:MMTH,61.26,61.26,61.26,61.26,0.0
2004-11-03 14:30:00,INDEX:MMTH,63.84,63.84,63.84,63.84,0.0
2004-11-04 14:30:00,INDEX:MMTH,66.34,66.34,66.34,66.34,0.0
2004-11-05 14:30:00,INDEX:MMTH,65.88,65.88,65.88,65.88,0.0
2004-11-08 14:30:00,INDEX:MMTH,63.89,63.89,63.89,63.89,0.0
2004-11-09 14:30:00,INDEX:MMTH,64.73,64.73,64.73,64.73,0.0
2004-11-10 14:30:00,INDEX:MMTH,64.91,64.91,64.91,64.91,0.0
2004-11-11 14:30:00,INDEX:MMTH,67.13,67.13,67.13,67.13,0.0
2004-11-12 14:30:00,INDEX:MMTH,68.93,68.93,68.93,68.93,0.0
2004-11-15 14:30:00,INDEX:MMTH,70.07,70.07,70.07,70.07,0.0
2004-11-16 14:30:00,INDEX:MMTH,69.01,69.01,69.01,69.01,0.0
2004-11-17 14:30:00,INDEX:MMTH,71.05,71.05,71.05,71.05,0.0
2004-11-18 14:30:00,INDEX:MMTH,70.83,70.83,70.83,70.83,0.0
2004-11-19 14:30:00,INDEX:MMTH,69.31,69.31,69.31,69.31,0.0
2004-11-22 14:30:00,INDEX:MMTH,69.89,69.89,69.89,69.89,0.0
2004-11-23 14:30:00,INDEX:MMTH,71.04,71.04,71.04,71.04,0.0
2004-11-24 14:30:00,INDEX:MMTH,71.93,71.93,71.93,71.93,0.0
2004-11-26 14:30:00,INDEX:MMTH,72.2,72.2,72.2,72.2,0.0
2004-11-29 14:30:00,INDEX:MMTH,72.06,72.06,72.06,72.06,0.0
2004-11-30 14:30:00,INDEX:MMTH,71.28,71.28,71.28,71.28,0.0
2004-12-01 14:30:00,INDEX:MMTH,73.06,73.06,73.06,73.06,0.0
2004-12-02 14:30:00,INDEX:MMTH,73.15,73.15,73.15,73.15,0.0
2004-12-03 14:30:00,INDEX:MMTH,73.9,73.9,73.9,73.9,0.0
2004-12-06 14:30:00,INDEX:MMTH,73.28,73.28,73.28,73.28,0.0
2004-12-07 14:30:00,INDEX:MMTH,71.2,71.2,71.2,71.2,0.0
2004-12-08 14:30:00,INDEX:MMTH,72.16,72.16,72.16,72.16,0.0
2004-12-09 14:30:00,INDEX:MMTH,72.56,72.56,72.56,72.56,0.0
2004-12-10 14:30:00,INDEX:MMTH,73.16,73.16,73.16,73.16,0.0
2004-12-13 14:30:00,INDEX:MMTH,73.5,73.5,73.5,73.5,0.0
2004-12-14 14:30:00,INDEX:MMTH,74.32,74.32,74.32,74.32,0.0
2004-12-15 14:30:00,INDEX:MMTH,75.14,75.14,75.14,75.14,0.0
2004-12-16 14:30:00,INDEX:MMTH,74.3,74.3,74.3,74.3,0.0
2004-12-17 14:30:00,INDEX:MMTH,74.23,74.23,74.23,74.23,0.0
2004-12-20 14:30:00,INDEX:MMTH,73.5,73.5,73.5,73.5,0.0
2004-12-21 14:30:00,INDEX:MMTH,74.97,74.97,74.97,74.97,0.0
2004-12-22 14:30:00,INDEX:MMTH,75.91,75.91,75.91,75.91,0.0
2004-12-23 14:30:00,INDEX:MMTH,76.28,76.28,76.28,76.28,0.0
2004-12-27 14:30:00,INDEX:MMTH,75.75,75.75,75.75,75.75,0.0
2004-12-28 14:30:00,INDEX:MMTH,76.94,76.94,76.94,76.94,0.0
2004-12-29 14:30:00,INDEX:MMTH,77.22,77.22,77.22,77.22,0.0
2004-12-30 14:30:00,INDEX:MMTH,77.74,77.74,77.74,77.74,0.0
2004-12-31 14:30:00,INDEX:MMTH,78.67,78.67,78.67,78.67,0.0
2005-01-03 14:30:00,INDEX:MMTH,77.49,77.49,77.49,77.49,0.0
2005-01-04 14:30:00,INDEX:MMTH,74.76,74.76,74.76,74.76,0.0
2005-01-05 14:30:00,INDEX:MMTH,72.3,72.3,72.3,72.3,0.0
2005-01-06 14:30:00,INDEX:MMTH,73.09,73.09,73.09,73.09,0.0
2005-01-07 14:30:00,INDEX:MMTH,72.01,72.01,72.01,72.01,0.0
2005-01-10 14:30:00,INDEX:MMTH,73.57,73.57,73.57,73.57,0.0
2005-01-11 14:30:00,INDEX:MMTH,71.84,71.84,71.84,71.84,0.0
2005-01-12 14:30:00,INDEX:MMTH,71.74,71.74,71.74,71.74,0.0
2005-01-13 14:30:00,INDEX:MMTH,70.81,70.81,70.81,70.81,0.0
2005-01-14 14:30:00,INDEX:MMTH,72.34,72.34,72.34,72.34,0.0
2005-01-18 14:30:00,INDEX:MMTH,73.99,73.99,73.99,73.99,0.0
2005-01-19 14:30:00,INDEX:MMTH,72.21,72.21,72.21,72.21,0.0
2005-01-20 14:30:00,INDEX:MMTH,70.78,70.78,70.78,70.78,0.0
2005-01-21 14:30:00,INDEX:MMTH,70.34,70.34,70.34,70.34,0.0
2005-01-24 14:30:00,INDEX:MMTH,68.41,68.41,68.41,68.41,0.0
2005-01-25 14:30:00,INDEX:MMTH,68.81,68.81,68.81,68.81,0.0
2005-01-26 14:30:00,INDEX:MMTH,70.93,70.93,70.93,70.93,0.0
2005-01-27 14:30:00,INDEX:MMTH,71.16,71.16,71.16,71.16,0.0
2005-01-28 14:30:00,INDEX:MMTH,70.52,70.52,70.52,70.52,0.0
2005-01-31 14:30:00,INDEX:MMTH,73.28,73.28,73.28,73.28,0.0
2005-02-01 14:30:00,INDEX:MMTH,74.27,74.27,74.27,74.27,0.0
2005-02-02 14:30:00,INDEX:MMTH,75.05,75.05,75.05,75.05,0.0
2005-02-03 14:30:00,INDEX:MMTH,74.53,74.53,74.53,74.53,0.0
2005-02-04 14:30:00,INDEX:MMTH,76.65,76.65,76.65,76.65,0.0
2005-02-07 14:30:00,INDEX:MMTH,76.7,76.7,76.7,76.7,0.0
2005-02-08 14:30:00,INDEX:MMTH,77.14,77.14,77.14,77.14,0.0
2005-02-09 14:30:00,INDEX:MMTH,74.4,74.4,74.4,74.4,0.0
2005-02-10 14:30:00,INDEX:MMTH,74.78,74.78,74.78,74.78,0.0
2005-02-11 14:30:00,INDEX:MMTH,76.46,76.46,76.46,76.46,0.0
2005-02-14 14:30:00,INDEX:MMTH,76.26,76.26,76.26,76.26,0.0
2005-02-15 14:30:00,INDEX:MMTH,76.05,76.05,76.05,76.05,0.0
2005-02-16 14:30:00,INDEX:MMTH,76.48,76.48,76.48,76.48,0.0
2005-02-17 14:30:00,INDEX:MMTH,74.81,74.81,74.81,74.81,0.0
2005-02-18 14:30:00,INDEX:MMTH,73.65,73.65,73.65,73.65,0.0
2005-02-22 14:30:00,INDEX:MMTH,70.32,70.32,70.32,70.32,0.0
2005-02-23 14:30:00,INDEX:MMTH,70.62,70.62,70.62,70.62,0.0
2005-02-24 14:30:00,INDEX:MMTH,71.69,71.69,71.69,71.69,0.0
2005-02-25 14:30:00,INDEX:MMTH,73.5,73.5,73.5,73.5,0.0
2005-02-28 14:30:00,INDEX:MMTH,72.76,72.76,72.76,72.76,0.0
2005-03-01 14:30:00,INDEX:MMTH,73.84,73.84,73.84,73.84,0.0
2005-03-02 14:30:00,INDEX:MMTH,73.76,73.76,73.76,73.76,0.0
2005-03-03 14:30:00,INDEX:MMTH,73.69,73.69,73.69,73.69,0.0
2005-03-04 14:30:00,INDEX:MMTH,74.59,74.59,74.59,74.59,0.0
2005-03-07 14:30:00,INDEX:MMTH,74.5,74.5,74.5,74.5,0.0
2005-03-08 14:30:00,INDEX:MMTH,73.21,73.21,73.21,73.21,0.0
2005-03-09 14:30:00,INDEX:MMTH,70.33,70.33,70.33,70.33,0.0
2005-03-10 14:30:00,INDEX:MMTH,69.71,69.71,69.71,69.71,0.0
2005-03-11 14:30:00,INDEX:MMTH,67.63,67.63,67.63,67.63,0.0
2005-03-14 14:30:00,INDEX:MMTH,67.23,67.23,67.23,67.23,0.0
2005-03-15 14:30:00,INDEX:MMTH,65.66,65.66,65.66,65.66,0.0
2005-03-16 14:30:00,INDEX:MMTH,62.76,62.76,62.76,62.76,0.0
2005-03-17 14:30:00,INDEX:MMTH,63.05,63.05,63.05,63.05,0.0
2005-03-18 14:30:00,INDEX:MMTH,61.69,61.69,61.69,61.69,0.0
2005-03-21 14:30:00,INDEX:MMTH,60.36,60.36,60.36,60.36,0.0
2005-03-22 14:30:00,INDEX:MMTH,57.11,57.11,57.11,57.11,0.0
2005-03-23 14:30:00,INDEX:MMTH,53.64,53.64,53.64,53.64,0.0
2005-03-24 14:30:00,INDEX:MMTH,53.93,53.93,53.93,53.93,0.0
2005-03-28 14:30:00,INDEX:MMTH,53.6,53.6,53.6,53.6,0.0
2005-03-29 14:30:00,INDEX:MMTH,50.56,50.56,50.56,50.56,0.0
2005-03-30 14:30:00,INDEX:MMTH,53.3,53.3,53.3,53.3,0.0
2005-03-31 14:30:00,INDEX:MMTH,54.24,54.24,54.24,54.24,0.0
2005-04-01 14:30:00,INDEX:MMTH,53.43,53.43,53.43,53.43,0.0
2005-04-04 13:30:00,INDEX:MMTH,53.79,53.79,53.79,53.79,0.0
2005-04-05 13:30:00,INDEX:MMTH,54.22,54.22,54.22,54.22,0.0
2005-04-06 13:30:00,INDEX:MMTH,54.81,54.81,54.81,54.81,0.0
2005-04-07 13:30:00,INDEX:MMTH,55.86,55.86,55.86,55.86,0.0
2005-04-08 13:30:00,INDEX:MMTH,53.08,53.08,53.08,53.08,0.0
2005-04-11 13:30:00,INDEX:MMTH,53.01,53.01,53.01,53.01,0.0
2005-04-12 13:30:00,INDEX:MMTH,53.74,53.74,53.74,53.74,0.0
2005-04-13 13:30:00,INDEX:MMTH,51.01,51.01,51.01,51.01,0.0
2005-04-14 13:30:00,INDEX:MMTH,47.07,47.07,47.07,47.07,0.0
2005-04-15 13:30:00,INDEX:MMTH,42.69,42.69,42.69,42.69,0.0
2005-04-18 13:30:00,INDEX:MMTH,43.3,43.3,43.3,43.3,0.0
2005-04-19 13:30:00,INDEX:MMTH,46.98,46.98,46.98,46.98,0.0
2005-04-20 13:30:00,INDEX:MMTH,43.02,43.02,43.02,43.02,0.0
2005-04-21 13:30:00,INDEX:MMTH,47.33,47.33,47.33,47.33,0.0
2005-04-22 13:30:00,INDEX:MMTH,45.61,45.61,45.61,45.61,0.0
2005-04-25 13:30:00,INDEX:MMTH,47.93,47.93,47.93,47.93,0.0
2005-04-26 13:30:00,INDEX:MMTH,45.21,45.21,45.21,45.21,0.0
2005-04-27 13:30:00,INDEX:MMTH,45.64,45.64,45.64,45.64,0.0
2005-04-28 13:30:00,INDEX:MMTH,43.09,43.09,43.09,43.09,0.0
2005-04-29 13:30:00,INDEX:MMTH,44.51,44.51,44.51,44.51,0.0
2005-05-02 13:30:00,INDEX:MMTH,45.9,45.9,45.9,45.9,0.0
2005-05-03 13:30:00,INDEX:MMTH,45.63,45.63,45.63,45.63,0.0
2005-05-04 13:30:00,INDEX:MMTH,48.77,48.77,48.77,48.77,0.0
2005-05-05 13:30:00,INDEX:MMTH,49.44,49.44,49.44,49.44,0.0
2005-05-06 13:30:00,INDEX:MMTH,48.96,48.96,48.96,48.96,0.0
2005-05-09 13:30:00,INDEX:MMTH,50.59,50.59,50.59,50.59,0.0
2005-05-10 13:30:00,INDEX:MMTH,48.26,48.26,48.26,48.26,0.0
2005-05-11 13:30:00,INDEX:MMTH,48.07,48.07,48.07,48.07,0.0
2005-05-12 13:30:00,INDEX:MMTH,45.33,45.33,45.33,45.33,0.0
2005-05-13 13:30:00,INDEX:MMTH,43.62,43.62,43.62,43.62,0.0
2005-05-16 13:30:00,INDEX:MMTH,46.24,46.24,46.24,46.24,0.0
2005-05-17 13:30:00,INDEX:MMTH,47.61,47.61,47.61,47.61,0.0
2005-05-18 13:30:00,INDEX:MMTH,51.69,51.69,51.69,51.69,0.0
2005-05-19 13:30:00,INDEX:MMTH,53.21,53.21,53.21,53.21,0.0
2005-05-20 13:30:00,INDEX:MMTH,52.69,52.69,52.69,52.69,0.0
2005-05-23 13:30:00,INDEX:MMTH,53.7,53.7,53.7,53.7,0.0
2005-05-24 13:30:00,INDEX:MMTH,53.75,53.75,53.75,53.75,0.0
2005-05-25 13:30:00,INDEX:MMTH,51.68,51.68,51.68,51.68,0.0
2005-05-26 13:30:00,INDEX:MMTH,53.24,53.24,53.24,53.24,0.0
2005-05-27 13:30:00,INDEX:MMTH,54.43,54.43,54.43,54.43,0.0
2005-05-31 13:30:00,INDEX:MMTH,54.29,54.29,54.29,54.29,0.0
2005-06-01 13:30:00,INDEX:MMTH,56.45,56.45,56.45,56.45,0.0
2005-06-02 13:30:00,INDEX:MMTH,56.93,56.93,56.93,56.93,0.0
2005-06-03 13:30:00,INDEX:MMTH,55.92,55.92,55.92,55.92,0.0
2005-06-06 13:30:00,INDEX:MMTH,56.58,56.58,56.58,56.58,0.0
2005-06-07 13:30:00,INDEX:MMTH,57.34,57.34,57.34,57.34,0.0
2005-06-08 13:30:00,INDEX:MMTH,56.15,56.15,56.15,56.15,0.0
2005-06-09 13:30:00,INDEX:MMTH,56.98,56.98,56.98,56.98,0.0
2005-06-10 13:30:00,INDEX:MMTH,56.61,56.61,56.61,56.61,0.0
2005-06-13 13:30:00,INDEX:MMTH,56.13,56.13,56.13,56.13,0.0
2005-06-14 13:30:00,INDEX:MMTH,56.76,56.76,56.76,56.76,0.0
2005-06-15 13:30:00,INDEX:MMTH,57.45,57.45,57.45,57.45,0.0
2005-06-16 13:30:00,INDEX:MMTH,59.28,59.28,59.28,59.28,0.0
2005-06-17 13:30:00,INDEX:MMTH,59.82,59.82,59.82,59.82,0.0
2005-06-20 13:30:00,INDEX:MMTH,59.05,59.05,59.05,59.05,0.0
2005-06-21 13:30:00,INDEX:MMTH,59.27,59.27,59.27,59.27,0.0
2005-06-22 13:30:00,INDEX:MMTH,59.78,59.78,59.78,59.78,0.0
2005-06-23 13:30:00,INDEX:MMTH,57.11,57.11,57.11,57.11,0.0
2005-06-24 13:30:00,INDEX:MMTH,55.65,55.65,55.65,55.65,0.0
2005-06-27 13:30:00,INDEX:MMTH,54.96,54.96,54.96,54.96,0.0
2005-06-28 13:30:00,INDEX:MMTH,57.45,57.45,57.45,57.45,0.0
2005-06-29 13:30:00,INDEX:MMTH,57.88,57.88,57.88,57.88,0.0
2005-06-30 13:30:00,INDEX:MMTH,57.21,57.21,57.21,57.21,0.0
2005-07-01 13:30:00,INDEX:MMTH,57.99,57.99,57.99,57.99,0.0
2005-07-05 13:30:00,INDEX:MMTH,59.57,59.57,59.57,59.57,0.0
2005-07-06 13:30:00,INDEX:MMTH,59.24,59.24,59.24,59.24,0.0
2005-07-07 13:30:00,INDEX:MMTH,58.81,58.81,58.81,58.81,0.0
2005-07-08 13:30:00,INDEX:MMTH,61.81,61.81,61.81,61.81,0.0
2005-07-11 13:30:00,INDEX:MMTH,64.33,64.33,64.33,64.33,0.0
2005-07-12 13:30:00,INDEX:MMTH,65.29,65.29,65.29,65.29,0.0
2005-07-13 13:30:00,INDEX:MMTH,64.35,64.35,64.35,64.35,0.0
2005-07-14 13:30:00,INDEX:MMTH,64.27,64.27,64.27,64.27,0.0
2005-07-15 13:30:00,INDEX:MMTH,64.44,64.44,64.44,64.44,0.0
2005-07-18 13:30:00,INDEX:MMTH,63.34,63.34,63.34,63.34,0.0
2005-07-19 13:30:00,INDEX:MMTH,64.94,64.94,64.94,64.94,0.0
2005-07-20 13:30:00,INDEX:MMTH,67.08,67.08,67.08,67.08,0.0
2005-07-21 13:30:00,INDEX:MMTH,65.93,65.93,65.93,65.93,0.0
2005-07-22 13:30:00,INDEX:MMTH,67.18,67.18,67.18,67.18,0.0
2005-07-25 13:30:00,INDEX:MMTH,65.67,65.67,65.67,65.67,0.0
2005-07-26 13:30:00,INDEX:MMTH,66.26,66.26,66.26,66.26,0.0
2005-07-27 13:30:00,INDEX:MMTH,66.67,66.67,66.67,66.67,0.0
2005-07-28 13:30:00,INDEX:MMTH,68.11,68.11,68.11,68.11,0.0
2005-07-29 13:30:00,INDEX:MMTH,67.56,67.56,67.56,67.56,0.0
2005-08-01 13:30:00,INDEX:MMTH,67.6,67.6,67.6,67.6,0.0
2005-08-02 13:30:00,INDEX:MMTH,69.01,69.01,69.01,69.01,0.0
2005-08-03 13:30:00,INDEX:MMTH,68.75,68.75,68.75,68.75,0.0
2005-08-04 13:30:00,INDEX:MMTH,66.86,66.86,66.86,66.86,0.0
2005-08-05 13:30:00,INDEX:MMTH,64.19,64.19,64.19,64.19,0.0
2005-08-08 13:30:00,INDEX:MMTH,61.85,61.85,61.85,61.85,0.0
2005-08-09 13:30:00,INDEX:MMTH,62.34,62.34,62.34,62.34,0.0
2005-08-10 13:30:00,INDEX:MMTH,62.12,62.12,62.12,62.12,0.0
2005-08-11 13:30:00,INDEX:MMTH,62.87,62.87,62.87,62.87,0.0
2005-08-12 13:30:00,INDEX:MMTH,61.6,61.6,61.6,61.6,0.0
2005-08-15 13:30:00,INDEX:MMTH,62.91,62.91,62.91,62.91,0.0
2005-08-16 13:30:00,INDEX:MMTH,60.73,60.73,60.73,60.73,0.0
2005-08-17 13:30:00,INDEX:MMTH,60.09,60.09,60.09,60.09,0.0
2005-08-18 13:30:00,INDEX:MMTH,59.37,59.37,59.37,59.37,0.0
2005-08-19 13:30:00,INDEX:MMTH,59.43,59.43,59.43,59.43,0.0
2005-08-22 13:30:00,INDEX:MMTH,60.58,60.58,60.58,60.58,0.0
2005-08-23 13:30:00,INDEX:MMTH,60.37,60.37,60.37,60.37,0.0
2005-08-24 13:30:00,INDEX:MMTH,59.83,59.83,59.83,59.83,0.0
2005-08-25 13:30:00,INDEX:MMTH,60.67,60.67,60.67,60.67,0.0
2005-08-26 13:30:00,INDEX:MMTH,58.54,58.54,58.54,58.54,0.0
2005-08-29 13:30:00,INDEX:MMTH,59.39,59.39,59.39,59.39,0.0
2005-08-30 13:30:00,INDEX:MMTH,57.98,57.98,57.98,57.98,0.0
2005-08-31 13:30:00,INDEX:MMTH,61.34,61.34,61.34,61.34,0.0
2005-09-01 13:30:00,INDEX:MMTH,61.68,61.68,61.68,61.68,0.0
2005-09-02 13:30:00,INDEX:MMTH,61.71,61.71,61.71,61.71,0.0
2005-09-06 13:30:00,INDEX:MMTH,64.08,64.08,64.08,64.08,0.0
2005-09-07 13:30:00,INDEX:MMTH,64.13,64.13,64.13,64.13,0.0
2005-09-08 13:30:00,INDEX:MMTH,63.4,63.4,63.4,63.4,0.0
2005-09-09 13:30:00,INDEX:MMTH,64.68,64.68,64.68,64.68,0.0
2005-09-12 13:30:00,INDEX:MMTH,64.52,64.52,64.52,64.52,0.0
2005-09-13 13:30:00,INDEX:MMTH,62.29,62.29,62.29,62.29,0.0
2005-09-14 13:30:00,INDEX:MMTH,60.41,60.41,60.41,60.41,0.0
2005-09-15 13:30:00,INDEX:MMTH,59.87,59.87,59.87,59.87,0.0
2005-09-16 13:30:00,INDEX:MMTH,60.83,60.83,60.83,60.83,0.0
2005-09-19 13:30:00,INDEX:MMTH,59.08,59.08,59.08,59.08,0.0
2005-09-20 13:30:00,INDEX:MMTH,57.21,57.21,57.21,57.21,0.0
2005-09-21 13:30:00,INDEX:MMTH,54.68,54.68,54.68,54.68,0.0
2005-09-22 13:30:00,INDEX:MMTH,53.41,53.41,53.41,53.41,0.0
2005-09-23 13:30:00,INDEX:MMTH,54.26,54.26,54.26,54.26,0.0
2005-09-26 13:30:00,INDEX:MMTH,55.21,55.21,55.21,55.21,0.0
2005-09-27 13:30:00,INDEX:MMTH,53.74,53.74,53.74,53.74,0.0
2005-09-28 13:30:00,INDEX:MMTH,53.34,53.34,53.34,53.34,0.0
2005-09-29 13:30:00,INDEX:MMTH,55.26,55.26,55.26,55.26,0.0
2005-09-30 13:30:00,INDEX:MMTH,56.61,56.61,56.61,56.61,0.0
2005-10-03 13:30:00,INDEX:MMTH,57.33,57.33,57.33,57.33,0.0
2005-10-04 13:30:00,INDEX:MMTH,55.39,55.39,55.39,55.39,0.0
2005-10-05 13:30:00,INDEX:MMTH,50.3,50.3,50.3,50.3,0.0
2005-10-06 13:30:00,INDEX:MMTH,48.8,48.8,48.8,48.8,0.0
2005-10-07 13:30:00,INDEX:MMTH,49.49,49.49,49.49,49.49,0.0
2005-10-10 13:30:00,INDEX:MMTH,48.26,48.26,48.26,48.26,0.0
2005-10-11 13:30:00,INDEX:MMTH,45.63,45.63,45.63,45.63,0.0
2005-10-12 13:30:00,INDEX:MMTH,40.94,40.94,40.94,40.94,0.0
2005-10-13 13:30:00,INDEX:MMTH,39.51,39.51,39.51,39.51,0.0
2005-10-14 13:30:00,INDEX:MMTH,42.61,42.61,42.61,42.61,0.0
2005-10-17 13:30:00,INDEX:MMTH,43.56,43.56,43.56,43.56,0.0
2005-10-18 13:30:00,INDEX:MMTH,40.59,40.59,40.59,40.59,0.0
2005-10-19 13:30:00,INDEX:MMTH,43.68,43.68,43.68,43.68,0.0
2005-10-20 13:30:00,INDEX:MMTH,39.76,39.76,39.76,39.76,0.0
2005-10-21 13:30:00,INDEX:MMTH,42.36,42.36,42.36,42.36,0.0
2005-10-24 13:30:00,INDEX:MMTH,46.15,46.15,46.15,46.15,0.0
2005-10-25 13:30:00,INDEX:MMTH,44.63,44.63,44.63,44.63,0.0
2005-10-26 13:30:00,INDEX:MMTH,43.6,43.6,43.6,43.6,0.0
2005-10-27 13:30:00,INDEX:MMTH,40.0,40.0,40.0,40.0,0.0
2005-10-28 13:30:00,INDEX:MMTH,43.78,43.78,43.78,43.78,0.0
2005-10-31 14:30:00,INDEX:MMTH,47.09,47.09,47.09,47.09,0.0
2005-11-01 14:30:00,INDEX:MMTH,45.72,45.72,45.72,45.72,0.0
2005-11-02 14:30:00,INDEX:MMTH,49.45,49.45,49.45,49.45,0.0
2005-11-03 14:30:00,INDEX:MMTH,49.39,49.39,49.39,49.39,0.0
2005-11-04 14:30:00,INDEX:MMTH,49.04,49.04,49.04,49.04,0.0
2005-11-07 14:30:00,INDEX:MMTH,50.54,50.54,50.54,50.54,0.0
2005-11-08 14:30:00,INDEX:MMTH,49.0,49.0,49.0,49.0,0.0
2005-11-09 14:30:00,INDEX:MMTH,50.02,50.02,50.02,50.02,0.0
2005-11-10 14:30:00,INDEX:MMTH,51.11,51.11,51.11,51.11,0.0
2005-11-11 14:30:00,INDEX:MMTH,51.86,51.86,51.86,51.86,0.0
2005-11-14 14:30:00,INDEX:MMTH,50.36,50.36,50.36,50.36,0.0
2005-11-15 14:30:00,INDEX:MMTH,48.51,48.51,48.51,48.51,0.0
2005-11-16 14:30:00,INDEX:MMTH,47.73,47.73,47.73,47.73,0.0
2005-11-17 14:30:00,INDEX:MMTH,50.64,50.64,50.64,50.64,0.0
2005-11-18 14:30:00,INDEX:MMTH,52.14,52.14,52.14,52.14,0.0
2005-11-21 14:30:00,INDEX:MMTH,53.71,53.71,53.71,53.71,0.0
2005-11-22 14:30:00,INDEX:MMTH,54.53,54.53,54.53,54.53,0.0
2005-11-23 14:30:00,INDEX:MMTH,55.32,55.32,55.32,55.32,0.0
2005-11-25 14:30:00,INDEX:MMTH,56.64,56.64,56.64,56.64,0.0
2005-11-28 14:30:00,INDEX:MMTH,54.32,54.32,54.32,54.32,0.0
2005-11-29 14:30:00,INDEX:MMTH,53.77,53.77,53.77,53.77,0.0
2005-11-30 14:30:00,INDEX:MMTH,53.76,53.76,53.76,53.76,0.0
2005-12-01 14:30:00,INDEX:MMTH,56.67,56.67,56.67,56.67,0.0
2005-12-02 14:30:00,INDEX:MMTH,57.18,57.18,57.18,57.18,0.0
2005-12-05 14:30:00,INDEX:MMTH,57.04,57.04,57.04,57.04,0.0
2005-12-06 14:30:00,INDEX:MMTH,56.59,56.59,56.59,56.59,0.0
2005-12-07 14:30:00,INDEX:MMTH,55.81,55.81,55.81,55.81,0.0
2005-12-08 14:30:00,INDEX:MMTH,55.98,55.98,55.98,55.98,0.0
2005-12-09 14:30:00,INDEX:MMTH,57.04,57.04,57.04,57.04,0.0
2005-12-12 14:30:00,INDEX:MMTH,56.94,56.94,56.94,56.94,0.0
2005-12-13 14:30:00,INDEX:MMTH,57.0,57.0,57.0,57.0,0.0
2005-12-14 14:30:00,INDEX:MMTH,57.71,57.71,57.71,57.71,0.0
2005-12-15 14:30:00,INDEX:MMTH,56.58,56.58,56.58,56.58,0.0
2005-12-16 14:30:00,INDEX:MMTH,56.23,56.23,56.23,56.23,0.0
2005-12-19 14:30:00,INDEX:MMTH,54.18,54.18,54.18,54.18,0.0
2005-12-20 14:30:00,INDEX:MMTH,53.8,53.8,53.8,53.8,0.0
2005-12-21 14:30:00,INDEX:MMTH,54.83,54.83,54.83,54.83,0.0
2005-12-22 14:30:00,INDEX:MMTH,55.67,55.67,55.67,55.67,0.0
2005-12-23 14:30:00,INDEX:MMTH,56.26,56.26,56.26,56.26,0.0
2005-12-27 14:30:00,INDEX:MMTH,54.34,54.34,54.34,54.34,0.0
2005-12-28 14:30:00,INDEX:MMTH,54.94,54.94,54.94,54.94,0.0
2005-12-29 14:30:00,INDEX:MMTH,54.7,54.7,54.7,54.7,0.0
2005-12-30 14:30:00,INDEX:MMTH,54.29,54.29,54.29,54.29,0.0
2006-01-03 14:30:00,INDEX:MMTH,57.44,57.44,57.44,57.44,0.0
2006-01-04 14:30:00,INDEX:MMTH,58.66,58.66,58.66,58.66,0.0
2006-01-05 14:30:00,INDEX:MMTH,59.45,59.45,59.45,59.45,0.0
2006-01-06 14:30:00,INDEX:MMTH,61.56,61.56,61.56,61.56,0.0
2006-01-09 14:30:00,INDEX:MMTH,62.96,62.96,62.96,62.96,0.0
2006-01-10 14:30:00,INDEX:MMTH,63.82,63.82,63.82,63.82,0.0
2006-01-11 14:30:00,INDEX:MMTH,63.74,63.74,63.74,63.74,0.0
2006-01-12 14:30:00,INDEX:MMTH,63.15,63.15,63.15,63.15,0.0
2006-01-13 14:30:00,INDEX:MMTH,64.16,64.16,64.16,64.16,0.0
2006-01-17 14:30:00,INDEX:MMTH,62.38,62.38,62.38,62.38,0.0
2006-01-18 14:30:00,INDEX:MMTH,62.0,62.0,62.0,62.0,0.0
2006-01-19 14:30:00,INDEX:MMTH,64.11,64.11,64.11,64.11,0.0
2006-01-20 14:30:00,INDEX:MMTH,61.78,61.78,61.78,61.78,0.0
2006-01-23 14:30:00,INDEX:MMTH,63.1,63.1,63.1,63.1,0.0
2006-01-24 14:30:00,INDEX:MMTH,64.23,64.23,64.23,64.23,0.0
2006-01-25 14:30:00,INDEX:MMTH,64.21,64.21,64.21,64.21,0.0
2006-01-26 14:30:00,INDEX:MMTH,65.32,65.32,65.32,65.32,0.0
2006-01-27 14:30:00,INDEX:MMTH,66.02,66.02,66.02,66.02,0.0
2006-01-30 14:30:00,INDEX:MMTH,65.76,65.76,65.76,65.76,0.0
2006-01-31 14:30:00,INDEX:MMTH,65.37,65.37,65.37,65.37,0.0
2006-02-01 14:30:00,INDEX:MMTH,65.85,65.85,65.85,65.85,0.0
2006-02-02 14:30:00,INDEX:MMTH,64.03,64.03,64.03,64.03,0.0
2006-02-03 14:30:00,INDEX:MMTH,63.42,63.42,63.42,63.42,0.0
2006-02-06 14:30:00,INDEX:MMTH,64.2,64.2,64.2,64.2,0.0
2006-02-07 14:30:00,INDEX:MMTH,62.08,62.08,62.08,62.08,0.0
2006-02-08 14:30:00,INDEX:MMTH,62.76,62.76,62.76,62.76,0.0
2006-02-09 14:30:00,INDEX:MMTH,62.55,62.55,62.55,62.55,0.0
2006-02-10 14:30:00,INDEX:MMTH,62.47,62.47,62.47,62.47,0.0
2006-02-13 14:30:00,INDEX:MMTH,61.01,61.01,61.01,61.01,0.0
2006-02-14 14:30:00,INDEX:MMTH,62.42,62.42,62.42,62.42,0.0
2006-02-15 14:30:00,INDEX:MMTH,63.55,63.55,63.55,63.55,0.0
2006-02-16 14:30:00,INDEX:MMTH,65.23,65.23,65.23,65.23,0.0
2006-02-17 14:30:00,INDEX:MMTH,65.79,65.79,65.79,65.79,0.0
2006-02-21 14:30:00,INDEX:MMTH,64.6,64.6,64.6,64.6,0.0
2006-02-22 14:30:00,INDEX:MMTH,66.56,66.56,66.56,66.56,0.0
2006-02-23 14:30:00,INDEX:MMTH,66.04,66.04,66.04,66.04,0.0
2006-02-24 14:30:00,INDEX:MMTH,66.63,66.63,66.63,66.63,0.0
2006-02-27 14:30:00,INDEX:MMTH,67.18,67.18,67.18,67.18,0.0
2006-02-28 14:30:00,INDEX:MMTH,65.2,65.2,65.2,65.2,0.0
2006-03-01 14:30:00,INDEX:MMTH,67.1,67.1,67.1,67.1,0.0
2006-03-02 14:30:00,INDEX:MMTH,66.39,66.39,66.39,66.39,0.0
2006-03-03 14:30:00,INDEX:MMTH,65.06,65.06,65.06,65.06,0.0
2006-03-06 14:30:00,INDEX:MMTH,62.9,62.9,62.9,62.9,0.0
2006-03-07 14:30:00,INDEX:MMTH,60.66,60.66,60.66,60.66,0.0
2006-03-08 14:30:00,INDEX:MMTH,60.64,60.64,60.64,60.64,0.0
2006-03-09 14:30:00,INDEX:MMTH,59.75,59.75,59.75,59.75,0.0
2006-03-10 14:30:00,INDEX:MMTH,61.14,61.14,61.14,61.14,0.0
2006-03-13 14:30:00,INDEX:MMTH,61.72,61.72,61.72,61.72,0.0
2006-03-14 14:30:00,INDEX:MMTH,62.8,62.8,62.8,62.8,0.0
2006-03-15 14:30:00,INDEX:MMTH,63.56,63.56,63.56,63.56,0.0
2006-03-16 14:30:00,INDEX:MMTH,64.23,64.23,64.23,64.23,0.0
2006-03-17 14:30:00,INDEX:MMTH,64.37,64.37,64.37,64.37,0.0
2006-03-20 14:30:00,INDEX:MMTH,63.91,63.91,63.91,63.91,0.0
2006-03-21 14:30:00,INDEX:MMTH,61.76,61.76,61.76,61.76,0.0
2006-03-22 14:30:00,INDEX:MMTH,63.41,63.41,63.41,63.41,0.0
2006-03-23 14:30:00,INDEX:MMTH,63.46,63.46,63.46,63.46,0.0
2006-03-24 14:30:00,INDEX:MMTH,64.29,64.29,64.29,64.29,0.0
2006-03-27 14:30:00,INDEX:MMTH,63.81,63.81,63.81,63.81,0.0
2006-03-28 14:30:00,INDEX:MMTH,62.97,62.97,62.97,62.97,0.0
2006-03-29 14:30:00,INDEX:MMTH,64.5,64.5,64.5,64.5,0.0
2006-03-30 14:30:00,INDEX:MMTH,64.11,64.11,64.11,64.11,0.0
2006-03-31 14:30:00,INDEX:MMTH,65.15,65.15,65.15,65.15,0.0
2006-04-03 13:30:00,INDEX:MMTH,64.72,64.72,64.72,64.72,0.0
2006-04-04 13:30:00,INDEX:MMTH,64.14,64.14,64.14,64.14,0.0
2006-04-05 13:30:00,INDEX:MMTH,64.91,64.91,64.91,64.91,0.0
2006-04-06 13:30:00,INDEX:MMTH,64.46,64.46,64.46,64.46,0.0
2006-04-07 13:30:00,INDEX:MMTH,61.88,61.88,61.88,61.88,0.0
2006-04-10 13:30:00,INDEX:MMTH,61.19,61.19,61.19,61.19,0.0
2006-04-11 13:30:00,INDEX:MMTH,59.69,59.69,59.69,59.69,0.0
2006-04-12 13:30:00,INDEX:MMTH,58.54,58.54,58.54,58.54,0.0
2006-04-13 13:30:00,INDEX:MMTH,58.41,58.41,58.41,58.41,0.0
2006-04-17 13:30:00,INDEX:MMTH,57.73,57.73,57.73,57.73,0.0
2006-04-18 13:30:00,INDEX:MMTH,61.22,61.22,61.22,61.22,0.0
2006-04-19 13:30:00,INDEX:MMTH,62.77,62.77,62.77,62.77,0.0
2006-04-20 13:30:00,INDEX:MMTH,62.17,62.17,62.17,62.17,0.0
2006-04-21 13:30:00,INDEX:MMTH,62.04,62.04,62.04,62.04,0.0
2006-04-24 13:30:00,INDEX:MMTH,62.38,62.38,62.38,62.38,0.0
2006-04-25 13:30:00,INDEX:MMTH,61.01,61.01,61.01,61.01,0.0
2006-04-26 13:30:00,INDEX:MMTH,61.39,61.39,61.39,61.39,0.0
2006-04-27 13:30:00,INDEX:MMTH,61.51,61.51,61.51,61.51,0.0
2006-04-28 13:30:00,INDEX:MMTH,62.17,62.17,62.17,62.17,0.0
2006-05-01 13:30:00,INDEX:MMTH,60.64,60.64,60.64,60.64,0.0
2006-05-02 13:30:00,INDEX:MMTH,61.88,61.88,61.88,61.88,0.0
2006-05-03 13:30:00,INDEX:MMTH,61.19,61.19,61.19,61.19,0.0
2006-05-04 13:30:00,INDEX:MMTH,61.97,61.97,61.97,61.97,0.0
2006-05-05 13:30:00,INDEX:MMTH,64.04,64.04,64.04,64.04,0.0
2006-05-08 13:30:00,INDEX:MMTH,64.3,64.3,64.3,64.3,0.0
2006-05-09 13:30:00,INDEX:MMTH,63.69,63.69,63.69,63.69,0.0
2006-05-10 13:30:00,INDEX:MMTH,62.63,62.63,62.63,62.63,0.0
2006-05-11 13:30:00,INDEX:MMTH,58.32,58.32,58.32,58.32,0.0
2006-05-12 13:30:00,INDEX:MMTH,55.58,55.58,55.58,55.58,0.0
2006-05-15 13:30:00,INDEX:MMTH,55.69,55.69,55.69,55.69,0.0
2006-05-16 13:30:00,INDEX:MMTH,54.85,54.85,54.85,54.85,0.0
2006-05-17 13:30:00,INDEX:MMTH,51.02,51.02,51.02,51.02,0.0
2006-05-18 13:30:00,INDEX:MMTH,49.51,49.51,49.51,49.51,0.0
2006-05-19 13:30:00,INDEX:MMTH,50.13,50.13,50.13,50.13,0.0
2006-05-22 13:30:00,INDEX:MMTH,47.55,47.55,47.55,47.55,0.0
2006-05-23 13:30:00,INDEX:MMTH,46.86,46.86,46.86,46.86,0.0
2006-05-24 13:30:00,INDEX:MMTH,46.67,46.67,46.67,46.67,0.0
2006-05-25 13:30:00,INDEX:MMTH,50.54,50.54,50.54,50.54,0.0
2006-05-26 13:30:00,INDEX:MMTH,52.27,52.27,52.27,52.27,0.0
2006-05-30 13:30:00,INDEX:MMTH,47.54,47.54,47.54,47.54,0.0
2006-05-31 13:30:00,INDEX:MMTH,50.29,50.29,50.29,50.29,0.0
2006-06-01 13:30:00,INDEX:MMTH,54.3,54.3,54.3,54.3,0.0
2006-06-02 13:30:00,INDEX:MMTH,55.51,55.51,55.51,55.51,0.0
2006-06-05 13:30:00,INDEX:MMTH,50.91,50.91,50.91,50.91,0.0
2006-06-06 13:30:00,INDEX:MMTH,48.16,48.16,48.16,48.16,0.0
2006-06-07 13:30:00,INDEX:MMTH,46.82,46.82,46.82,46.82,0.0
2006-06-08 13:30:00,INDEX:MMTH,45.73,45.73,45.73,45.73,0.0
2006-06-09 13:30:00,INDEX:MMTH,44.7,44.7,44.7,44.7,0.0
2006-06-12 13:30:00,INDEX:MMTH,39.16,39.16,39.16,39.16,0.0
2006-06-13 13:30:00,INDEX:MMTH,33.39,33.39,33.39,33.39,0.0
2006-06-14 13:30:00,INDEX:MMTH,33.75,33.75,33.75,33.75,0.0
2006-06-15 13:30:00,INDEX:MMTH,42.01,42.01,42.01,42.01,0.0
2006-06-16 13:30:00,INDEX:MMTH,40.54,40.54,40.54,40.54,0.0
2006-06-19 13:30:00,INDEX:MMTH,36.76,36.76,36.76,36.76,0.0
2006-06-20 13:30:00,INDEX:MMTH,36.21,36.21,36.21,36.21,0.0
2006-06-21 13:30:00,INDEX:MMTH,40.05,40.05,40.05,40.05,0.0
2006-06-22 13:30:00,INDEX:MMTH,38.92,38.92,38.92,38.92,0.0
2006-06-23 13:30:00,INDEX:MMTH,39.18,39.18,39.18,39.18,0.0
2006-06-26 13:30:00,INDEX:MMTH,41.4,41.4,41.4,41.4,0.0
2006-06-27 13:30:00,INDEX:MMTH,37.57,37.57,37.57,37.57,0.0
2006-06-28 13:30:00,INDEX:MMTH,38.81,38.81,38.81,38.81,0.0
2006-06-29 13:30:00,INDEX:MMTH,46.75,46.75,46.75,46.75,0.0
2006-06-30 13:30:00,INDEX:MMTH,48.68,48.68,48.68,48.68,0.0
2006-07-03 13:30:00,INDEX:MMTH,51.13,51.13,51.13,51.13,0.0
2006-07-05 13:30:00,INDEX:MMTH,48.36,48.36,48.36,48.36,0.0
2006-07-06 13:30:00,INDEX:MMTH,48.59,48.59,48.59,48.59,0.0
2006-07-07 13:30:00,INDEX:MMTH,45.93,45.93,45.93,45.93,0.0
2006-07-10 13:30:00,INDEX:MMTH,46.23,46.23,46.23,46.23,0.0
2006-07-11 13:30:00,INDEX:MMTH,47.07,47.07,47.07,47.07,0.0
2006-07-12 13:30:00,INDEX:MMTH,43.93,43.93,43.93,43.93,0.0
2006-07-13 13:30:00,INDEX:MMTH,39.13,39.13,39.13,39.13,0.0
2006-07-14 13:30:00,INDEX:MMTH,37.34,37.34,37.34,37.34,0.0
2006-07-17 13:30:00,INDEX:MMTH,36.17,36.17,36.17,36.17,0.0
2006-07-18 13:30:00,INDEX:MMTH,36.34,36.34,36.34,36.34,0.0
2006-07-19 13:30:00,INDEX:MMTH,42.83,42.83,42.83,42.83,0.0
2006-07-20 13:30:00,INDEX:MMTH,39.21,39.21,39.21,39.21,0.0
2006-07-21 13:30:00,INDEX:MMTH,37.29,37.29,37.29,37.29,0.0
2006-07-24 13:30:00,INDEX:MMTH,42.1,42.1,42.1,42.1,0.0
2006-07-25 13:30:00,INDEX:MMTH,43.39,43.39,43.39,43.39,0.0
2006-07-26 13:30:00,INDEX:MMTH,43.34,43.34,43.34,43.34,0.0
2006-07-27 13:30:00,INDEX:MMTH,41.97,41.97,41.97,41.97,0.0
2006-07-28 13:30:00,INDEX:MMTH,46.1,46.1,46.1,46.1,0.0
2006-07-31 13:30:00,INDEX:MMTH,46.23,46.23,46.23,46.23,0.0
2006-08-01 13:30:00,INDEX:MMTH,44.69,44.69,44.69,44.69,0.0
2006-08-02 13:30:00,INDEX:MMTH,47.8,47.8,47.8,47.8,0.0
2006-08-03 13:30:00,INDEX:MMTH,48.12,48.12,48.12,48.12,0.0
2006-08-04 13:30:00,INDEX:MMTH,48.5,48.5,48.5,48.5,0.0
2006-08-07 13:30:00,INDEX:MMTH,47.28,47.28,47.28,47.28,0.0
2006-08-08 13:30:00,INDEX:MMTH,46.34,46.34,46.34,46.34,0.0
2006-08-09 13:30:00,INDEX:MMTH,44.95,44.95,44.95,44.95,0.0
2006-08-10 13:30:00,INDEX:MMTH,46.55,46.55,46.55,46.55,0.0
2006-08-11 13:30:00,INDEX:MMTH,44.17,44.17,44.17,44.17,0.0
2006-08-14 13:30:00,INDEX:MMTH,44.52,44.52,44.52,44.52,0.0
2006-08-15 13:30:00,INDEX:MMTH,48.91,48.91,48.91,48.91,0.0
2006-08-16 13:30:00,INDEX:MMTH,51.83,51.83,51.83,51.83,0.0
2006-08-17 13:30:00,INDEX:MMTH,52.7,52.7,52.7,52.7,0.0
2006-08-18 13:30:00,INDEX:MMTH,52.92,52.92,52.92,52.92,0.0
2006-08-21 13:30:00,INDEX:MMTH,52.68,52.68,52.68,52.68,0.0
2006-08-22 13:30:00,INDEX:MMTH,52.3,52.3,52.3,52.3,0.0
2006-08-23 13:30:00,INDEX:MMTH,50.34,50.34,50.34,50.34,0.0
2006-08-24 13:30:00,INDEX:MMTH,50.55,50.55,50.55,50.55,0.0
2006-08-25 13:30:00,INDEX:MMTH,50.74,50.74,50.74,50.74,0.0
2006-08-28 13:30:00,INDEX:MMTH,53.29,53.29,53.29,53.29,0.0
2006-08-29 13:30:00,INDEX:MMTH,54.18,54.18,54.18,54.18,0.0
2006-08-30 13:30:00,INDEX:MMTH,55.53,55.53,55.53,55.53,0.0
2006-08-31 13:30:00,INDEX:MMTH,56.3,56.3,56.3,56.3,0.0
2006-09-01 13:30:00,INDEX:MMTH,57.17,57.17,57.17,57.17,0.0
2006-09-05 13:30:00,INDEX:MMTH,58.27,58.27,58.27,58.27,0.0
2006-09-06 13:30:00,INDEX:MMTH,53.88,53.88,53.88,53.88,0.0
2006-09-07 13:30:00,INDEX:MMTH,52.09,52.09,52.09,52.09,0.0
2006-09-08 13:30:00,INDEX:MMTH,52.73,52.73,52.73,52.73,0.0
2006-09-11 13:30:00,INDEX:MMTH,51.6,51.6,51.6,51.6,0.0
2006-09-12 13:30:00,INDEX:MMTH,55.64,55.64,55.64,55.64,0.0
2006-09-13 13:30:00,INDEX:MMTH,56.86,56.86,56.86,56.86,0.0
2006-09-14 13:30:00,INDEX:MMTH,56.01,56.01,56.01,56.01,0.0
2006-09-15 13:30:00,INDEX:MMTH,57.07,57.07,57.07,57.07,0.0
2006-09-18 13:30:00,INDEX:MMTH,56.84,56.84,56.84,56.84,0.0
2006-09-19 13:30:00,INDEX:MMTH,55.75,55.75,55.75,55.75,0.0
2006-09-20 13:30:00,INDEX:MMTH,57.8,57.8,57.8,57.8,0.0
2006-09-21 13:30:00,INDEX:MMTH,56.71,56.71,56.71,56.71,0.0
2006-09-22 13:30:00,INDEX:MMTH,55.34,55.34,55.34,55.34,0.0
2006-09-25 13:30:00,INDEX:MMTH,57.22,57.22,57.22,57.22,0.0
2006-09-26 13:30:00,INDEX:MMTH,58.24,58.24,58.24,58.24,0.0
2006-09-27 13:30:00,INDEX:MMTH,58.97,58.97,58.97,58.97,0.0
2006-09-28 13:30:00,INDEX:MMTH,59.63,59.63,59.63,59.63,0.0
2006-09-29 13:30:00,INDEX:MMTH,57.79,57.79,57.79,57.79,0.0
2006-10-02 13:30:00,INDEX:MMTH,56.5,56.5,56.5,56.5,0.0
2006-10-03 13:30:00,INDEX:MMTH,55.99,55.99,55.99,55.99,0.0
2006-10-04 13:30:00,INDEX:MMTH,59.91,59.91,59.91,59.91,0.0
2006-10-05 13:30:00,INDEX:MMTH,62.03,62.03,62.03,62.03,0.0
2006-10-06 13:30:00,INDEX:MMTH,61.05,61.05,61.05,61.05,0.0
2006-10-09 13:30:00,INDEX:MMTH,61.73,61.73,61.73,61.73,0.0
2006-10-10 13:30:00,INDEX:MMTH,62.09,62.09,62.09,62.09,0.0
2006-10-11 13:30:00,INDEX:MMTH,60.9,60.9,60.9,60.9,0.0
2006-10-12 13:30:00,INDEX:MMTH,64.05,64.05,64.05,64.05,0.0
2006-10-13 13:30:00,INDEX:MMTH,65.2,65.2,65.2,65.2,0.0
2006-10-16 13:30:00,INDEX:MMTH,67.14,67.14,67.14,67.14,0.0
2006-10-17 13:30:00,INDEX:MMTH,65.7,65.7,65.7,65.7,0.0
2006-10-18 13:30:00,INDEX:MMTH,65.61,65.61,65.61,65.61,0.0
2006-10-19 13:30:00,INDEX:MMTH,66.82,66.82,66.82,66.82,0.0
2006-10-20 13:30:00,INDEX:MMTH,66.3,66.3,66.3,66.3,0.0
2006-10-23 13:30:00,INDEX:MMTH,66.17,66.17,66.17,66.17,0.0
2006-10-24 13:30:00,INDEX:MMTH,66.15,66.15,66.15,66.15,0.0
2006-10-25 13:30:00,INDEX:MMTH,67.1,67.1,67.1,67.1,0.0
2006-10-26 13:30:00,INDEX:MMTH,68.69,68.69,68.69,68.69,0.0
2006-10-27 13:30:00,INDEX:MMTH,67.21,67.21,67.21,67.21,0.0
2006-10-30 14:30:00,INDEX:MMTH,67.43,67.43,67.43,67.43,0.0
2006-10-31 14:30:00,INDEX:MMTH,67.61,67.61,67.61,67.61,0.0
2006-11-01 14:30:00,INDEX:MMTH,64.63,64.63,64.63,64.63,0.0
2006-11-02 14:30:00,INDEX:MMTH,63.8,63.8,63.8,63.8,0.0
2006-11-03 14:30:00,INDEX:MMTH,64.18,64.18,64.18,64.18,0.0
2006-11-06 14:30:00,INDEX:MMTH,66.44,66.44,66.44,66.44,0.0
2006-11-07 14:30:00,INDEX:MMTH,66.71,66.71,66.71,66.71,0.0
2006-11-08 14:30:00,INDEX:MMTH,67.63,67.63,67.63,67.63,0.0
2006-11-09 14:30:00,INDEX:MMTH,66.62,66.62,66.62,66.62,0.0
2006-11-10 14:30:00,INDEX:MMTH,67.56,67.56,67.56,67.56,0.0
2006-11-13 14:30:00,INDEX:MMTH,68.13,68.13,68.13,68.13,0.0
2006-11-14 14:30:00,INDEX:MMTH,69.86,69.86,69.86,69.86,0.0
2006-11-15 14:30:00,INDEX:MMTH,71.04,71.04,71.04,71.04,0.0
2006-11-16 14:30:00,INDEX:MMTH,70.79,70.79,70.79,70.79,0.0
2006-11-17 14:30:00,INDEX:MMTH,70.48,70.48,70.48,70.48,0.0
2006-11-20 14:30:00,INDEX:MMTH,70.68,70.68,70.68,70.68,0.0
2006-11-21 14:30:00,INDEX:MMTH,71.15,71.15,71.15,71.15,0.0
2006-11-22 14:30:00,INDEX:MMTH,71.57,71.57,71.57,71.57,0.0
2006-11-24 14:30:00,INDEX:MMTH,71.69,71.69,71.69,71.69,0.0
2006-11-27 14:30:00,INDEX:MMTH,67.78,67.78,67.78,67.78,0.0
2006-11-28 14:30:00,INDEX:MMTH,68.33,68.33,68.33,68.33,0.0
2006-11-29 14:30:00,INDEX:MMTH,70.62,70.62,70.62,70.62,0.0
2006-11-30 14:30:00,INDEX:MMTH,71.66,71.66,71.66,71.66,0.0
2006-12-01 14:30:00,INDEX:MMTH,71.21,71.21,71.21,71.21,0.0
2006-12-04 14:30:00,INDEX:MMTH,73.19,73.19,73.19,73.19,0.0
2006-12-05 14:30:00,INDEX:MMTH,74.06,74.06,74.06,74.06,0.0
2006-12-06 14:30:00,INDEX:MMTH,73.83,73.83,73.83,73.83,0.0
2006-12-07 14:30:00,INDEX:MMTH,73.29,73.29,73.29,73.29,0.0
2006-12-08 14:30:00,INDEX:MMTH,73.2,73.2,73.2,73.2,0.0
2006-12-11 14:30:00,INDEX:MMTH,73.55,73.55,73.55,73.55,0.0
2006-12-12 14:30:00,INDEX:MMTH,72.64,72.64,72.64,72.64,0.0
2006-12-13 14:30:00,INDEX:MMTH,72.1,72.1,72.1,72.1,0.0
2006-12-14 14:30:00,INDEX:MMTH,72.89,72.89,72.89,72.89,0.0
2006-12-15 14:30:00,INDEX:MMTH,72.55,72.55,72.55,72.55,0.0
2006-12-18 14:30:00,INDEX:MMTH,70.71,70.71,70.71,70.71,0.0
2006-12-19 14:30:00,INDEX:MMTH,70.61,70.61,70.61,70.61,0.0
2006-12-20 14:30:00,INDEX:MMTH,70.72,70.72,70.72,70.72,0.0
2006-12-21 14:30:00,INDEX:MMTH,70.43,70.43,70.43,70.43,0.0
2006-12-22 14:30:00,INDEX:MMTH,69.71,69.71,69.71,69.71,0.0
2006-12-26 14:30:00,INDEX:MMTH,71.0,71.0,71.0,71.0,0.0
2006-12-27 14:30:00,INDEX:MMTH,72.07,72.07,72.07,72.07,0.0
2006-12-28 14:30:00,INDEX:MMTH,72.04,72.04,72.04,72.04,0.0
2006-12-29 14:30:00,INDEX:MMTH,71.76,71.76,71.76,71.76,0.0
2007-01-03 14:30:00,INDEX:MMTH,71.23,71.23,71.23,71.23,0.0
2007-01-04 14:30:00,INDEX:MMTH,71.47,71.47,71.47,71.47,0.0
2007-01-05 14:30:00,INDEX:MMTH,68.94,68.94,68.94,68.94,0.0
2007-01-08 14:30:00,INDEX:MMTH,68.8,68.8,68.8,68.8,0.0
2007-01-09 14:30:00,INDEX:MMTH,69.2,69.2,69.2,69.2,0.0
2007-01-10 14:30:00,INDEX:MMTH,68.78,68.78,68.78,68.78,0.0
2007-01-11 14:30:00,INDEX:MMTH,70.26,70.26,70.26,70.26,0.0
2007-01-12 14:30:00,INDEX:MMTH,71.62,71.62,71.62,71.62,0.0
2007-01-16 14:30:00,INDEX:MMTH,71.57,71.57,71.57,71.57,0.0
2007-01-17 14:30:00,INDEX:MMTH,71.56,71.56,71.56,71.56,0.0
2007-01-18 14:30:00,INDEX:MMTH,69.83,69.83,69.83,69.83,0.0
2007-01-19 14:30:00,INDEX:MMTH,71.47,71.47,71.47,71.47,0.0
2007-01-22 14:30:00,INDEX:MMTH,70.45,70.45,70.45,70.45,0.0
2007-01-23 14:30:00,INDEX:MMTH,71.85,71.85,71.85,71.85,0.0
2007-01-24 14:30:00,INDEX:MMTH,73.58,73.58,73.58,73.58,0.0
2007-01-25 14:30:00,INDEX:MMTH,71.21,71.21,71.21,71.21,0.0
2007-01-26 14:30:00,INDEX:MMTH,72.05,72.05,72.05,72.05,0.0
2007-01-29 14:30:00,INDEX:MMTH,72.75,72.75,72.75,72.75,0.0
2007-01-30 14:30:00,INDEX:MMTH,73.84,73.84,73.84,73.84,0.0
2007-01-31 14:30:00,INDEX:MMTH,75.01,75.01,75.01,75.01,0.0
2007-02-01 14:30:00,INDEX:MMTH,76.09,76.09,76.09,76.09,0.0
2007-02-02 14:30:00,INDEX:MMTH,76.51,76.51,76.51,76.51,0.0
2007-02-05 14:30:00,INDEX:MMTH,76.11,76.11,76.11,76.11,0.0
2007-02-06 14:30:00,INDEX:MMTH,76.5,76.5,76.5,76.5,0.0
2007-02-07 14:30:00,INDEX:MMTH,77.47,77.47,77.47,77.47,0.0
2007-02-08 14:30:00,INDEX:MMTH,77.17,77.17,77.17,77.17,0.0
2007-02-09 14:30:00,INDEX:MMTH,75.78,75.78,75.78,75.78,0.0
2007-02-12 14:30:00,INDEX:MMTH,75.26,75.26,75.26,75.26,0.0
2007-02-13 14:30:00,INDEX:MMTH,76.55,76.55,76.55,76.55,0.0
2007-02-14 14:30:00,INDEX:MMTH,76.92,76.92,76.92,76.92,0.0
2007-02-15 14:30:00,INDEX:MMTH,76.8,76.8,76.8,76.8,0.0
2007-02-16 14:30:00,INDEX:MMTH,77.54,77.54,77.54,77.54,0.0
2007-02-20 14:30:00,INDEX:MMTH,78.35,78.35,78.35,78.35,0.0
2007-02-21 14:30:00,INDEX:MMTH,78.64,78.64,78.64,78.64,0.0
2007-02-22 14:30:00,INDEX:MMTH,79.13,79.13,79.13,79.13,0.0
2007-02-23 14:30:00,INDEX:MMTH,78.94,78.94,78.94,78.94,0.0
2007-02-26 14:30:00,INDEX:MMTH,78.5,78.5,78.5,78.5,0.0
2007-02-27 14:30:00,INDEX:MMTH,71.64,71.64,71.64,71.64,0.0
2007-02-28 14:30:00,INDEX:MMTH,72.75,72.75,72.75,72.75,0.0
2007-03-01 14:30:00,INDEX:MMTH,71.66,71.66,71.66,71.66,0.0
2007-03-02 14:30:00,INDEX:MMTH,67.4,67.4,67.4,67.4,0.0
2007-03-05 14:30:00,INDEX:MMTH,61.93,61.93,61.93,61.93,0.0
2007-03-06 14:30:00,INDEX:MMTH,66.86,66.86,66.86,66.86,0.0
2007-03-07 14:30:00,INDEX:MMTH,66.27,66.27,66.27,66.27,0.0
2007-03-08 14:30:00,INDEX:MMTH,68.14,68.14,68.14,68.14,0.0
2007-03-09 14:30:00,INDEX:MMTH,68.7,68.7,68.7,68.7,0.0
2007-03-12 13:30:00,INDEX:MMTH,69.58,69.58,69.58,69.58,0.0
2007-03-13 13:30:00,INDEX:MMTH,64.12,64.12,64.12,64.12,0.0
2007-03-14 13:30:00,INDEX:MMTH,64.96,64.96,64.96,64.96,0.0
2007-03-15 13:30:00,INDEX:MMTH,66.57,66.57,66.57,66.57,0.0
2007-03-16 13:30:00,INDEX:MMTH,65.44,65.44,65.44,65.44,0.0
2007-03-19 13:30:00,INDEX:MMTH,67.57,67.57,67.57,67.57,0.0
2007-03-20 13:30:00,INDEX:MMTH,68.99,68.99,68.99,68.99,0.0
2007-03-21 13:30:00,INDEX:MMTH,72.64,72.64,72.64,72.64,0.0
2007-03-22 13:30:00,INDEX:MMTH,72.7,72.7,72.7,72.7,0.0
2007-03-23 13:30:00,INDEX:MMTH,73.1,73.1,73.1,73.1,0.0
2007-03-26 13:30:00,INDEX:MMTH,72.88,72.88,72.88,72.88,0.0
2007-03-27 13:30:00,INDEX:MMTH,71.57,71.57,71.57,71.57,0.0
2007-03-28 13:30:00,INDEX:MMTH,69.24,69.24,69.24,69.24,0.0
2007-03-29 13:30:00,INDEX:MMTH,69.57,69.57,69.57,69.57,0.0
2007-03-30 13:30:00,INDEX:MMTH,70.12,70.12,70.12,70.12,0.0
2007-04-02 13:30:00,INDEX:MMTH,70.46,70.46,70.46,70.46,0.0
2007-04-03 13:30:00,INDEX:MMTH,72.08,72.08,72.08,72.08,0.0
2007-04-04 13:30:00,INDEX:MMTH,72.06,72.06,72.06,72.06,0.0
2007-04-05 13:30:00,INDEX:MMTH,72.2,72.2,72.2,72.2,0.0
2007-04-09 13:30:00,INDEX:MMTH,71.82,71.82,71.82,71.82,0.0
2007-04-10 13:30:00,INDEX:MMTH,71.95,71.95,71.95,71.95,0.0
2007-04-11 13:30:00,INDEX:MMTH,70.9,70.9,70.9,70.9,0.0
2007-04-12 13:30:00,INDEX:MMTH,71.53,71.53,71.53,71.53,0.0
2007-04-16 13:30:00,INDEX:MMTH,75.03,75.03,75.03,75.03,0.0
2007-04-17 13:30:00,INDEX:MMTH,74.7,74.7,74.7,74.7,0.0
2007-04-18 13:30:00,INDEX:MMTH,73.98,73.98,73.98,73.98,0.0
2007-04-19 13:30:00,INDEX:MMTH,73.02,73.02,73.02,73.02,0.0
2007-04-20 13:30:00,INDEX:MMTH,74.56,74.56,74.56,74.56,0.0
2007-04-23 13:30:00,INDEX:MMTH,73.85,73.85,73.85,73.85,0.0
2007-04-24 13:30:00,INDEX:MMTH,73.38,73.38,73.38,73.38,0.0
2007-04-25 13:30:00,INDEX:MMTH,74.53,74.53,74.53,74.53,0.0
2007-04-26 13:30:00,INDEX:MMTH,74.12,74.12,74.12,74.12,0.0
2007-04-27 13:30:00,INDEX:MMTH,72.98,72.98,72.98,72.98,0.0
2007-04-30 13:30:00,INDEX:MMTH,71.05,71.05,71.05,71.05,0.0
2007-05-01 13:30:00,INDEX:MMTH,70.79,70.79,70.79,70.79,0.0
2007-05-02 13:30:00,INDEX:MMTH,72.53,72.53,72.53,72.53,0.0
2007-05-03 13:30:00,INDEX:MMTH,72.46,72.46,72.46,72.46,0.0
2007-05-04 13:30:00,INDEX:MMTH,72.57,72.57,72.57,72.57,0.0
2007-05-07 13:30:00,INDEX:MMTH,72.45,72.45,72.45,72.45,0.0
2007-05-08 13:30:00,INDEX:MMTH,71.85,71.85,71.85,71.85,0.0
2007-05-09 13:30:00,INDEX:MMTH,72.29,72.29,72.29,72.29,0.0
2007-05-10 13:30:00,INDEX:MMTH,69.39,69.39,69.39,69.39,0.0
2007-05-11 13:30:00,INDEX:MMTH,70.97,70.97,70.97,70.97,0.0
2007-05-14 13:30:00,INDEX:MMTH,69.3,69.3,69.3,69.3,0.0
2007-05-15 13:30:00,INDEX:MMTH,67.4,67.4,67.4,67.4,0.0
2007-05-16 13:30:00,INDEX:MMTH,67.21,67.21,67.21,67.21,0.0
2007-05-17 13:30:00,INDEX:MMTH,65.75,65.75,65.75,65.75,0.0
2007-05-18 13:30:00,INDEX:MMTH,65.84,65.84,65.84,65.84,0.0
2007-05-21 13:30:00,INDEX:MMTH,66.9,66.9,66.9,66.9,0.0
2007-05-22 13:30:00,INDEX:MMTH,67.55,67.55,67.55,67.55,0.0
2007-05-23 13:30:00,INDEX:MMTH,66.38,66.38,66.38,66.38,0.0
2007-05-24 13:30:00,INDEX:MMTH,63.18,63.18,63.18,63.18,0.0
2007-05-25 13:30:00,INDEX:MMTH,64.55,64.55,64.55,64.55,0.0
2007-05-29 13:30:00,INDEX:MMTH,65.62,65.62,65.62,65.62,0.0
2007-05-30 13:30:00,INDEX:MMTH,66.34,66.34,66.34,66.34,0.0
2007-05-31 13:30:00,INDEX:MMTH,67.36,67.36,67.36,67.36,0.0
2007-06-01 13:30:00,INDEX:MMTH,67.82,67.82,67.82,67.82,0.0
2007-06-04 13:30:00,INDEX:MMTH,67.99,67.99,67.99,67.99,0.0
2007-06-05 13:30:00,INDEX:MMTH,66.45,66.45,66.45,66.45,0.0
2007-06-06 13:30:00,INDEX:MMTH,64.03,64.03,64.03,64.03,0.0
2007-06-07 13:30:00,INDEX:MMTH,59.09,59.09,59.09,59.09,0.0
2007-06-08 13:30:00,INDEX:MMTH,60.32,60.32,60.32,60.32,0.0
2007-06-11 13:30:00,INDEX:MMTH,59.78,59.78,59.78,59.78,0.0
2007-06-12 13:30:00,INDEX:MMTH,56.65,56.65,56.65,56.65,0.0
2007-06-13 13:30:00,INDEX:MMTH,58.41,58.41,58.41,58.41,0.0
2007-06-14 13:30:00,INDEX:MMTH,59.06,59.06,59.06,59.06,0.0
2007-06-15 13:30:00,INDEX:MMTH,60.9,60.9,60.9,60.9,0.0
2007-06-18 13:30:00,INDEX:MMTH,60.82,60.82,60.82,60.82,0.0
2007-06-19 13:30:00,INDEX:MMTH,61.07,61.07,61.07,61.07,0.0
2007-06-20 13:30:00,INDEX:MMTH,58.59,58.59,58.59,58.59,0.0
2007-06-21 13:30:00,INDEX:MMTH,58.53,58.53,58.53,58.53,0.0
2007-06-22 13:30:00,INDEX:MMTH,56.76,56.76,56.76,56.76,0.0
2007-06-25 13:30:00,INDEX:MMTH,55.72,55.72,55.72,55.72,0.0
2007-06-26 13:30:00,INDEX:MMTH,54.88,54.88,54.88,54.88,0.0
2007-06-27 13:30:00,INDEX:MMTH,56.48,56.48,56.48,56.48,0.0
2007-06-28 13:30:00,INDEX:MMTH,56.81,56.81,56.81,56.81,0.0
2007-06-29 13:30:00,INDEX:MMTH,56.34,56.34,56.34,56.34,0.0
2007-07-02 13:30:00,INDEX:MMTH,57.92,57.92,57.92,57.92,0.0
2007-07-03 13:30:00,INDEX:MMTH,58.6,58.6,58.6,58.6,0.0
2007-07-05 13:30:00,INDEX:MMTH,58.36,58.36,58.36,58.36,0.0
2007-07-06 13:30:00,INDEX:MMTH,59.18,59.18,59.18,59.18,0.0
2007-07-09 13:30:00,INDEX:MMTH,58.68,58.68,58.68,58.68,0.0
2007-07-10 13:30:00,INDEX:MMTH,55.72,55.72,55.72,55.72,0.0
2007-07-11 13:30:00,INDEX:MMTH,56.1,56.1,56.1,56.1,0.0
2007-07-12 13:30:00,INDEX:MMTH,58.42,58.42,58.42,58.42,0.0
2007-07-13 13:30:00,INDEX:MMTH,58.26,58.26,58.26,58.26,0.0
2007-07-16 13:30:00,INDEX:MMTH,56.83,56.83,56.83,56.83,0.0
2007-07-17 13:30:00,INDEX:MMTH,56.29,56.29,56.29,56.29,0.0
2007-07-18 13:30:00,INDEX:MMTH,55.27,55.27,55.27,55.27,0.0
2007-07-19 13:30:00,INDEX:MMTH,55.83,55.83,55.83,55.83,0.0
2007-07-20 13:30:00,INDEX:MMTH,53.66,53.66,53.66,53.66,0.0
2007-07-23 13:30:00,INDEX:MMTH,53.62,53.62,53.62,53.62,0.0
2007-07-24 13:30:00,INDEX:MMTH,48.94,48.94,48.94,48.94,0.0
2007-07-25 13:30:00,INDEX:MMTH,48.94,48.94,48.94,48.94,0.0
2007-07-26 13:30:00,INDEX:MMTH,43.5,43.5,43.5,43.5,0.0
2007-07-27 13:30:00,INDEX:MMTH,39.93,39.93,39.93,39.93,0.0
2007-07-30 13:30:00,INDEX:MMTH,41.18,41.18,41.18,41.18,0.0
2007-07-31 13:30:00,INDEX:MMTH,39.96,39.96,39.96,39.96,0.0
2007-08-01 13:30:00,INDEX:MMTH,39.38,39.38,39.38,39.38,0.0
2007-08-02 13:30:00,INDEX:MMTH,40.55,40.55,40.55,40.55,0.0
2007-08-03 13:30:00,INDEX:MMTH,34.88,34.88,34.88,34.88,0.0
2007-08-06 13:30:00,INDEX:MMTH,36.22,36.22,36.22,36.22,0.0
2007-08-07 13:30:00,INDEX:MMTH,37.56,37.56,37.56,37.56,0.0
2007-08-08 13:30:00,INDEX:MMTH,40.88,40.88,40.88,40.88,0.0
2007-08-09 13:30:00,INDEX:MMTH,36.55,36.55,36.55,36.55,0.0
2007-08-10 13:30:00,INDEX:MMTH,36.29,36.29,36.29,36.29,0.0
2007-08-13 13:30:00,INDEX:MMTH,36.02,36.02,36.02,36.02,0.0
2007-08-14 13:30:00,INDEX:MMTH,31.78,31.78,31.78,31.78,0.0
2007-08-15 13:30:00,INDEX:MMTH,27.7,27.7,27.7,27.7,0.0
2007-08-16 13:30:00,INDEX:MMTH,27.0,27.0,27.0,27.0,0.0
2007-08-17 13:30:00,INDEX:MMTH,32.04,32.04,32.04,32.04,0.0
2007-08-20 13:30:00,INDEX:MMTH,32.52,32.52,32.52,32.52,0.0
2007-08-21 13:30:00,INDEX:MMTH,32.93,32.93,32.93,32.93,0.0
2007-08-22 13:30:00,INDEX:MMTH,36.66,36.66,36.66,36.66,0.0
2007-08-23 13:30:00,INDEX:MMTH,35.65,35.65,35.65,35.65,0.0
2007-08-24 13:30:00,INDEX:MMTH,38.66,38.66,38.66,38.66,0.0
2007-08-27 13:30:00,INDEX:MMTH,36.32,36.32,36.32,36.32,0.0
2007-08-28 13:30:00,INDEX:MMTH,30.92,30.92,30.92,30.92,0.0
2007-08-29 13:30:00,INDEX:MMTH,35.5,35.5,35.5,35.5,0.0
2007-08-30 13:30:00,INDEX:MMTH,34.56,34.56,34.56,34.56,0.0
2007-08-31 13:30:00,INDEX:MMTH,37.22,37.22,37.22,37.22,0.0
2007-09-04 13:30:00,INDEX:MMTH,39.32,39.32,39.32,39.32,0.0
2007-09-05 13:30:00,INDEX:MMTH,36.81,36.81,36.81,36.81,0.0
2007-09-06 13:30:00,INDEX:MMTH,37.95,37.95,37.95,37.95,0.0
2007-09-07 13:30:00,INDEX:MMTH,34.21,34.21,34.21,34.21,0.0
2007-09-10 13:30:00,INDEX:MMTH,33.13,33.13,33.13,33.13,0.0
2007-09-11 13:30:00,INDEX:MMTH,35.64,35.64,35.64,35.64,0.0
2007-09-12 13:30:00,INDEX:MMTH,35.0,35.0,35.0,35.0,0.0
2007-09-13 13:30:00,INDEX:MMTH,35.59,35.59,35.59,35.59,0.0
2007-09-14 13:30:00,INDEX:MMTH,35.71,35.71,35.71,35.71,0.0
2007-09-17 13:30:00,INDEX:MMTH,33.95,33.95,33.95,33.95,0.0
2007-09-18 13:30:00,INDEX:MMTH,40.69,40.69,40.69,40.69,0.0
2007-09-19 13:30:00,INDEX:MMTH,42.92,42.92,42.92,42.92,0.0
2007-09-20 13:30:00,INDEX:MMTH,41.48,41.48,41.48,41.48,0.0
2007-09-21 13:30:00,INDEX:MMTH,42.25,42.25,42.25,42.25,0.0
2007-09-24 13:30:00,INDEX:MMTH,40.8,40.8,40.8,40.8,0.0
2007-09-25 13:30:00,INDEX:MMTH,40.29,40.29,40.29,40.29,0.0
2007-09-26 13:30:00,INDEX:MMTH,41.54,41.54,41.54,41.54,0.0
2007-09-27 13:30:00,INDEX:MMTH,42.86,42.86,42.86,42.86,0.0
2007-09-28 13:30:00,INDEX:MMTH,41.64,41.64,41.64,41.64,0.0
2007-10-01 13:30:00,INDEX:MMTH,45.27,45.27,45.27,45.27,0.0
2007-10-02 13:30:00,INDEX:MMTH,46.37,46.37,46.37,46.37,0.0
2007-10-03 13:30:00,INDEX:MMTH,45.07,45.07,45.07,45.07,0.0
2007-10-04 13:30:00,INDEX:MMTH,45.96,45.96,45.96,45.96,0.0
2007-10-05 13:30:00,INDEX:MMTH,49.05,49.05,49.05,49.05,0.0
2007-10-08 13:30:00,INDEX:MMTH,48.25,48.25,48.25,48.25,0.0
2007-10-09 13:30:00,INDEX:MMTH,49.24,49.24,49.24,49.24,0.0
2007-10-10 13:30:00,INDEX:MMTH,48.86,48.86,48.86,48.86,0.0
2007-10-11 13:30:00,INDEX:MMTH,47.48,47.48,47.48,47.48,0.0
2007-10-12 13:30:00,INDEX:MMTH,48.41,48.41,48.41,48.41,0.0
2007-10-15 13:30:00,INDEX:MMTH,46.03,46.03,46.03,46.03,0.0
2007-10-16 13:30:00,INDEX:MMTH,44.31,44.31,44.31,44.31,0.0
2007-10-17 13:30:00,INDEX:MMTH,44.31,44.31,44.31,44.31,0.0
2007-10-18 13:30:00,INDEX:MMTH,44.67,44.67,44.67,44.67,0.0
2007-10-19 13:30:00,INDEX:MMTH,39.71,39.71,39.71,39.71,0.0
2007-10-22 13:30:00,INDEX:MMTH,41.02,41.02,41.02,41.02,0.0
2007-10-23 13:30:00,INDEX:MMTH,42.4,42.4,42.4,42.4,0.0
2007-10-24 13:30:00,INDEX:MMTH,40.97,40.97,40.97,40.97,0.0
2007-10-25 13:30:00,INDEX:MMTH,40.6,40.6,40.6,40.6,0.0
2007-10-26 13:30:00,INDEX:MMTH,43.1,43.1,43.1,43.1,0.0
2007-10-29 13:30:00,INDEX:MMTH,43.73,43.73,43.73,43.73,0.0
2007-10-30 13:30:00,INDEX:MMTH,42.72,42.72,42.72,42.72,0.0
2007-10-31 13:30:00,INDEX:MMTH,45.05,45.05,45.05,45.05,0.0
2007-11-01 13:30:00,INDEX:MMTH,38.97,38.97,38.97,38.97,0.0
2007-11-02 13:30:00,INDEX:MMTH,39.21,39.21,39.21,39.21,0.0
2007-11-05 14:30:00,INDEX:MMTH,37.65,37.65,37.65,37.65,0.0
2007-11-06 14:30:00,INDEX:MMTH,39.39,39.39,39.39,39.39,0.0
2007-11-07 14:30:00,INDEX:MMTH,34.26,34.26,34.26,34.26,0.0
2007-11-08 14:30:00,INDEX:MMTH,35.1,35.1,35.1,35.1,0.0
2007-11-09 14:30:00,INDEX:MMTH,32.73,32.73,32.73,32.73,0.0
2007-11-12 14:30:00,INDEX:MMTH,30.72,30.72,30.72,30.72,0.0
2007-11-13 14:30:00,INDEX:MMTH,34.65,34.65,34.65,34.65,0.0
2007-11-14 14:30:00,INDEX:MMTH,33.42,33.42,33.42,33.42,0.0
2007-11-15 14:30:00,INDEX:MMTH,31.1,31.1,31.1,31.1,0.0
2007-11-16 14:30:00,INDEX:MMTH,31.59,31.59,31.59,31.59,0.0
2007-11-19 14:30:00,INDEX:MMTH,28.27,28.27,28.27,28.27,0.0
2007-11-20 14:30:00,INDEX:MMTH,28.99,28.99,28.99,28.99,0.0
2007-11-21 14:30:00,INDEX:MMTH,26.4,26.4,26.4,26.4,0.0
2007-11-23 14:30:00,INDEX:MMTH,29.17,29.17,29.17,29.17,0.0
2007-11-26 14:30:00,INDEX:MMTH,25.9,25.9,25.9,25.9,0.0
2007-11-27 14:30:00,INDEX:MMTH,27.7,27.7,27.7,27.7,0.0
2007-11-28 14:30:00,INDEX:MMTH,32.39,32.39,32.39,32.39,0.0
2007-11-29 14:30:00,INDEX:MMTH,32.04,32.04,32.04,32.04,0.0
2007-11-30 14:30:00,INDEX:MMTH,32.82,32.82,32.82,32.82,0.0
2007-12-03 14:30:00,INDEX:MMTH,31.58,31.58,31.58,31.58,0.0
2007-12-04 14:30:00,INDEX:MMTH,30.81,30.81,30.81,30.81,0.0
2007-12-05 14:30:00,INDEX:MMTH,32.84,32.84,32.84,32.84,0.0
2007-12-06 14:30:00,INDEX:MMTH,36.2,36.2,36.2,36.2,0.0
2007-12-07 14:30:00,INDEX:MMTH,36.24,36.24,36.24,36.24,0.0
2007-12-10 14:30:00,INDEX:MMTH,37.13,37.13,37.13,37.13,0.0
2007-12-11 14:30:00,INDEX:MMTH,32.65,32.65,32.65,32.65,0.0
2007-12-12 14:30:00,INDEX:MMTH,33.27,33.27,33.27,33.27,0.0
2007-12-13 14:30:00,INDEX:MMTH,32.95,32.95,32.95,32.95,0.0
2007-12-14 14:30:00,INDEX:MMTH,29.97,29.97,29.97,29.97,0.0
2007-12-17 14:30:00,INDEX:MMTH,26.76,26.76,26.76,26.76,0.0
2007-12-18 14:30:00,INDEX:MMTH,28.12,28.12,28.12,28.12,0.0
2007-12-19 14:30:00,INDEX:MMTH,27.98,27.98,27.98,27.98,0.0
2007-12-20 14:30:00,INDEX:MMTH,29.02,29.02,29.02,29.02,0.0
2007-12-21 14:30:00,INDEX:MMTH,32.2,32.2,32.2,32.2,0.0
2007-12-24 14:30:00,INDEX:MMTH,33.98,33.98,33.98,33.98,0.0
2007-12-26 14:30:00,INDEX:MMTH,34.42,34.42,34.42,34.42,0.0
2007-12-27 14:30:00,INDEX:MMTH,31.11,31.11,31.11,31.11,0.0
2007-12-28 14:30:00,INDEX:MMTH,30.73,30.73,30.73,30.73,0.0
2007-12-31 14:30:00,INDEX:MMTH,30.27,30.27,30.27,30.27,0.0
2008-01-02 14:30:00,INDEX:MMTH,27.92,27.92,27.92,27.92,0.0
2008-01-03 14:30:00,INDEX:MMTH,27.94,27.94,27.94,27.94,0.0
2008-01-04 14:30:00,INDEX:MMTH,25.17,25.17,25.17,25.17,0.0
2008-01-07 14:30:00,INDEX:MMTH,25.27,25.27,25.27,25.27,0.0
2008-01-08 14:30:00,INDEX:MMTH,24.15,24.15,24.15,24.15,0.0
2008-01-09 14:30:00,INDEX:MMTH,24.81,24.81,24.81,24.81,0.0
2008-01-10 14:30:00,INDEX:MMTH,25.85,25.85,25.85,25.85,0.0
2008-01-11 14:30:00,INDEX:MMTH,24.39,24.39,24.39,24.39,0.0
2008-01-14 14:30:00,INDEX:MMTH,25.64,25.64,25.64,25.64,0.0
2008-01-15 14:30:00,INDEX:MMTH,23.53,23.53,23.53,23.53,0.0
2008-01-16 14:30:00,INDEX:MMTH,23.09,23.09,23.09,23.09,0.0
2008-01-17 14:30:00,INDEX:MMTH,19.3,19.3,19.3,19.3,0.0
2008-01-18 14:30:00,INDEX:MMTH,17.16,17.16,17.16,17.16,0.0
2008-01-22 14:30:00,INDEX:MMTH,16.16,16.16,16.16,16.16,0.0
2008-01-23 14:30:00,INDEX:MMTH,19.16,19.16,19.16,19.16,0.0
2008-01-24 14:30:00,INDEX:MMTH,20.23,20.23,20.23,20.23,0.0
2008-01-25 14:30:00,INDEX:MMTH,19.6,19.6,19.6,19.6,0.0
2008-01-28 14:30:00,INDEX:MMTH,21.68,21.68,21.68,21.68,0.0
2008-01-29 14:30:00,INDEX:MMTH,22.41,22.41,22.41,22.41,0.0
2008-01-30 14:30:00,INDEX:MMTH,21.9,21.9,21.9,21.9,0.0
2008-01-31 14:30:00,INDEX:MMTH,24.56,24.56,24.56,24.56,0.0
2008-02-01 14:30:00,INDEX:MMTH,27.62,27.62,27.62,27.62,0.0
2008-02-04 14:30:00,INDEX:MMTH,27.26,27.26,27.26,27.26,0.0
2008-02-05 14:30:00,INDEX:MMTH,23.73,23.73,23.73,23.73,0.0
2008-02-06 14:30:00,INDEX:MMTH,22.71,22.71,22.71,22.71,0.0
2008-02-07 14:30:00,INDEX:MMTH,23.76,23.76,23.76,23.76,0.0
2008-02-08 14:30:00,INDEX:MMTH,23.66,23.66,23.66,23.66,0.0
2008-02-11 14:30:00,INDEX:MMTH,24.18,24.18,24.18,24.18,0.0
2008-02-12 14:30:00,INDEX:MMTH,25.12,25.12,25.12,25.12,0.0
2008-02-13 14:30:00,INDEX:MMTH,25.52,25.52,25.52,25.52,0.0
2008-02-14 14:30:00,INDEX:MMTH,22.1,22.1,22.1,22.1,0.0
2008-02-15 14:30:00,INDEX:MMTH,21.61,21.61,21.61,21.61,0.0
2008-02-19 14:30:00,INDEX:MMTH,22.71,22.71,22.71,22.71,0.0
2008-02-20 14:30:00,INDEX:MMTH,23.87,23.87,23.87,23.87,0.0
2008-02-21 14:30:00,INDEX:MMTH,22.06,22.06,22.06,22.06,0.0
2008-02-22 14:30:00,INDEX:MMTH,22.26,22.26,22.26,22.26,0.0
2008-02-25 14:30:00,INDEX:MMTH,24.39,24.39,24.39,24.39,0.0
2008-02-26 14:30:00,INDEX:MMTH,25.92,25.92,25.92,25.92,0.0
2008-02-27 14:30:00,INDEX:MMTH,26.16,26.16,26.16,26.16,0.0
2008-02-28 14:30:00,INDEX:MMTH,24.61,24.61,24.61,24.61,0.0
2008-02-29 14:30:00,INDEX:MMTH,21.8,21.8,21.8,21.8,0.0
2008-03-03 14:30:00,INDEX:MMTH,21.11,21.11,21.11,21.11,0.0
2008-03-04 14:30:00,INDEX:MMTH,19.9,19.9,19.9,19.9,0.0
2008-03-05 14:30:00,INDEX:MMTH,20.92,20.92,20.92,20.92,0.0
2008-03-06 14:30:00,INDEX:MMTH,18.18,18.18,18.18,18.18,0.0
2008-03-07 14:30:00,INDEX:MMTH,17.16,17.16,17.16,17.16,0.0
2008-03-10 13:30:00,INDEX:MMTH,14.56,14.56,14.56,14.56,0.0
2008-03-11 13:30:00,INDEX:MMTH,17.91,17.91,17.91,17.91,0.0
2008-03-12 13:30:00,INDEX:MMTH,17.54,17.54,17.54,17.54,0.0
2008-03-13 13:30:00,INDEX:MMTH,18.65,18.65,18.65,18.65,0.0
2008-03-14 13:30:00,INDEX:MMTH,16.44,16.44,16.44,16.44,0.0
2008-03-17 13:30:00,INDEX:MMTH,14.35,14.35,14.35,14.35,0.0
2008-03-18 13:30:00,INDEX:MMTH,18.26,18.26,18.26,18.26,0.0
2008-03-19 13:30:00,INDEX:MMTH,15.37,15.37,15.37,15.37,0.0
2008-03-20 13:30:00,INDEX:MMTH,17.87,17.87,17.87,17.87,0.0
2008-03-24 13:30:00,INDEX:MMTH,21.09,21.09,21.09,21.09,0.0
2008-03-25 13:30:00,INDEX:MMTH,22.54,22.54,22.54,22.54,0.0
2008-03-26 13:30:00,INDEX:MMTH,22.34,22.34,22.34,22.34,0.0
2008-03-27 13:30:00,INDEX:MMTH,21.41,21.41,21.41,21.41,0.0
2008-03-28 13:30:00,INDEX:MMTH,20.38,20.38,20.38,20.38,0.0
2008-03-31 13:30:00,INDEX:MMTH,20.71,20.71,20.71,20.71,0.0
2008-04-01 13:30:00,INDEX:MMTH,25.22,25.22,25.22,25.22,0.0
2008-04-02 13:30:00,INDEX:MMTH,25.93,25.93,25.93,25.93,0.0
2008-04-03 13:30:00,INDEX:MMTH,26.35,26.35,26.35,26.35,0.0
2008-04-04 13:30:00,INDEX:MMTH,26.91,26.91,26.91,26.91,0.0
2008-04-07 13:30:00,INDEX:MMTH,26.9,26.9,26.9,26.9,0.0
2008-04-08 13:30:00,INDEX:MMTH,26.26,26.26,26.26,26.26,0.0
2008-04-09 13:30:00,INDEX:MMTH,24.34,24.34,24.34,24.34,0.0
2008-04-10 13:30:00,INDEX:MMTH,25.68,25.68,25.68,25.68,0.0
2008-04-11 13:30:00,INDEX:MMTH,22.65,22.65,22.65,22.65,0.0
2008-04-14 13:30:00,INDEX:MMTH,22.06,22.06,22.06,22.06,0.0
2008-04-15 13:30:00,INDEX:MMTH,23.06,23.06,23.06,23.06,0.0
2008-04-16 13:30:00,INDEX:MMTH,27.79,27.79,27.79,27.79,0.0
2008-04-17 13:30:00,INDEX:MMTH,27.61,27.61,27.61,27.61,0.0
2008-04-18 13:30:00,INDEX:MMTH,30.1,30.1,30.1,30.1,0.0
2008-04-21 13:30:00,INDEX:MMTH,29.42,29.42,29.42,29.42,0.0
2008-04-22 13:30:00,INDEX:MMTH,27.6,27.6,27.6,27.6,0.0
2008-04-23 13:30:00,INDEX:MMTH,28.66,28.66,28.66,28.66,0.0
2008-04-24 13:30:00,INDEX:MMTH,30.39,30.39,30.39,30.39,0.0
2008-04-25 13:30:00,INDEX:MMTH,31.66,31.66,31.66,31.66,0.0
2008-04-28 13:30:00,INDEX:MMTH,32.37,32.37,32.37,32.37,0.0
2008-04-29 13:30:00,INDEX:MMTH,31.29,31.29,31.29,31.29,0.0
2008-04-30 13:30:00,INDEX:MMTH,31.72,31.72,31.72,31.72,0.0
2008-05-01 13:30:00,INDEX:MMTH,35.26,35.26,35.26,35.26,0.0
2008-05-02 13:30:00,INDEX:MMTH,35.93,35.93,35.93,35.93,0.0
2008-05-05 13:30:00,INDEX:MMTH,35.35,35.35,35.35,35.35,0.0
2008-05-06 13:30:00,INDEX:MMTH,37.25,37.25,37.25,37.25,0.0
2008-05-07 13:30:00,INDEX:MMTH,33.64,33.64,33.64,33.64,0.0
2008-05-08 13:30:00,INDEX:MMTH,35.1,35.1,35.1,35.1,0.0
2008-05-09 13:30:00,INDEX:MMTH,35.0,35.0,35.0,35.0,0.0
2008-05-12 13:30:00,INDEX:MMTH,38.68,38.68,38.68,38.68,0.0
2008-05-13 13:30:00,INDEX:MMTH,38.51,38.51,38.51,38.51,0.0
2008-05-14 13:30:00,INDEX:MMTH,39.91,39.91,39.91,39.91,0.0
2008-05-15 13:30:00,INDEX:MMTH,42.82,42.82,42.82,42.82,0.0
2008-05-16 13:30:00,INDEX:MMTH,43.44,43.44,43.44,43.44,0.0
2008-05-19 13:30:00,INDEX:MMTH,43.04,43.04,43.04,43.04,0.0
2008-05-20 13:30:00,INDEX:MMTH,41.21,41.21,41.21,41.21,0.0
2008-05-21 13:30:00,INDEX:MMTH,38.8,38.8,38.8,38.8,0.0
2008-05-22 13:30:00,INDEX:MMTH,39.64,39.64,39.64,39.64,0.0
2008-05-23 13:30:00,INDEX:MMTH,37.05,37.05,37.05,37.05,0.0
2008-05-27 13:30:00,INDEX:MMTH,38.99,38.99,38.99,38.99,0.0
2008-05-28 13:30:00,INDEX:MMTH,39.85,39.85,39.85,39.85,0.0
2008-05-29 13:30:00,INDEX:MMTH,41.65,41.65,41.65,41.65,0.0
2008-05-30 13:30:00,INDEX:MMTH,42.19,42.19,42.19,42.19,0.0
2008-06-02 13:30:00,INDEX:MMTH,39.81,39.81,39.81,39.81,0.0
2008-06-03 13:30:00,INDEX:MMTH,38.75,38.75,38.75,38.75,0.0
2008-06-04 13:30:00,INDEX:MMTH,38.61,38.61,38.61,38.61,0.0
2008-06-05 13:30:00,INDEX:MMTH,43.06,43.06,43.06,43.06,0.0
2008-06-06 13:30:00,INDEX:MMTH,37.45,37.45,37.45,37.45,0.0
2008-06-09 13:30:00,INDEX:MMTH,35.45,35.45,35.45,35.45,0.0
2008-06-10 13:30:00,INDEX:MMTH,33.64,33.64,33.64,33.64,0.0
2008-06-11 13:30:00,INDEX:MMTH,29.1,29.1,29.1,29.1,0.0
2008-06-12 13:30:00,INDEX:MMTH,29.64,29.64,29.64,29.64,0.0
2008-06-13 13:30:00,INDEX:MMTH,32.13,32.13,32.13,32.13,0.0
2008-06-16 13:30:00,INDEX:MMTH,33.78,33.78,33.78,33.78,0.0
2008-06-17 13:30:00,INDEX:MMTH,32.97,32.97,32.97,32.97,0.0
2008-06-18 13:30:00,INDEX:MMTH,30.89,30.89,30.89,30.89,0.0
2008-06-19 13:30:00,INDEX:MMTH,31.78,31.78,31.78,31.78,0.0
2008-06-20 13:30:00,INDEX:MMTH,28.57,28.57,28.57,28.57,0.0
2008-06-23 13:30:00,INDEX:MMTH,27.35,27.35,27.35,27.35,0.0
2008-06-24 13:30:00,INDEX:MMTH,25.92,25.92,25.92,25.92,0.0
2008-06-25 13:30:00,INDEX:MMTH,27.49,27.49,27.49,27.49,0.0
2008-06-26 13:30:00,INDEX:MMTH,24.06,24.06,24.06,24.06,0.0
2008-06-27 13:30:00,INDEX:MMTH,23.96,23.96,23.96,23.96,0.0
2008-06-30 13:30:00,INDEX:MMTH,23.27,23.27,23.27,23.27,0.0
2008-07-01 13:30:00,INDEX:MMTH,22.77,22.77,22.77,22.77,0.0
2008-07-02 13:30:00,INDEX:MMTH,20.3,20.3,20.3,20.3,0.0
2008-07-03 13:30:00,INDEX:MMTH,19.38,19.38,19.38,19.38,0.0
2008-07-07 13:30:00,INDEX:MMTH,18.52,18.52,18.52,18.52,0.0
2008-07-08 13:30:00,INDEX:MMTH,20.95,20.95,20.95,20.95,0.0
2008-07-09 13:30:00,INDEX:MMTH,19.24,19.24,19.24,19.24,0.0
2008-07-10 13:30:00,INDEX:MMTH,20.47,20.47,20.47,20.47,0.0
2008-07-11 13:30:00,INDEX:MMTH,20.32,20.32,20.32,20.32,0.0
2008-07-14 13:30:00,INDEX:MMTH,19.14,19.14,19.14,19.14,0.0
2008-07-15 13:30:00,INDEX:MMTH,18.54,18.54,18.54,18.54,0.0
2008-07-16 13:30:00,INDEX:MMTH,21.17,21.17,21.17,21.17,0.0
2008-07-17 13:30:00,INDEX:MMTH,22.21,22.21,22.21,22.21,0.0
2008-07-18 13:30:00,INDEX:MMTH,22.08,22.08,22.08,22.08,0.0
2008-07-21 13:30:00,INDEX:MMTH,23.47,23.47,23.47,23.47,0.0
2008-07-22 13:30:00,INDEX:MMTH,25.1,25.1,25.1,25.1,0.0
2008-07-23 13:30:00,INDEX:MMTH,25.02,25.02,25.02,25.02,0.0
2008-07-24 13:30:00,INDEX:MMTH,22.87,22.87,22.87,22.87,0.0
2008-07-25 13:30:00,INDEX:MMTH,24.43,24.43,24.43,24.43,0.0
2008-07-28 13:30:00,INDEX:MMTH,22.74,22.74,22.74,22.74,0.0
2008-07-29 13:30:00,INDEX:MMTH,25.31,25.31,25.31,25.31,0.0
2008-07-30 13:30:00,INDEX:MMTH,26.94,26.94,26.94,26.94,0.0
2008-07-31 13:30:00,INDEX:MMTH,26.24,26.24,26.24,26.24,0.0
2008-08-01 13:30:00,INDEX:MMTH,26.11,26.11,26.11,26.11,0.0
2008-08-04 13:30:00,INDEX:MMTH,24.09,24.09,24.09,24.09,0.0
2008-08-05 13:30:00,INDEX:MMTH,26.95,26.95,26.95,26.95,0.0
2008-08-06 13:30:00,INDEX:MMTH,27.78,27.78,27.78,27.78,0.0
2008-08-07 13:30:00,INDEX:MMTH,25.74,25.74,25.74,25.74,0.0
2008-08-08 13:30:00,INDEX:MMTH,29.21,29.21,29.21,29.21,0.0
2008-08-11 13:30:00,INDEX:MMTH,31.84,31.84,31.84,31.84,0.0
2008-08-12 13:30:00,INDEX:MMTH,31.04,31.04,31.04,31.04,0.0
2008-08-13 13:30:00,INDEX:MMTH,31.47,31.47,31.47,31.47,0.0
2008-08-14 13:30:00,INDEX:MMTH,32.5,32.5,32.5,32.5,0.0
2008-08-15 13:30:00,INDEX:MMTH,32.85,32.85,32.85,32.85,0.0
2008-08-18 13:30:00,INDEX:MMTH,31.26,31.26,31.26,31.26,0.0
2008-08-19 13:30:00,INDEX:MMTH,29.25,29.25,29.25,29.25,0.0
2008-08-20 13:30:00,INDEX:MMTH,29.77,29.77,29.77,29.77,0.0
2008-08-21 13:30:00,INDEX:MMTH,29.31,29.31,29.31,29.31,0.0
2008-08-22 13:30:00,INDEX:MMTH,31.65,31.65,31.65,31.65,0.0
2008-08-25 13:30:00,INDEX:MMTH,28.18,28.18,28.18,28.18,0.0
2008-08-26 13:30:00,INDEX:MMTH,29.22,29.22,29.22,29.22,0.0
2008-08-27 13:30:00,INDEX:MMTH,30.67,30.67,30.67,30.67,0.0
2008-08-28 13:30:00,INDEX:MMTH,33.93,33.93,33.93,33.93,0.0
2008-08-29 13:30:00,INDEX:MMTH,32.58,32.58,32.58,32.58,0.0
2008-09-02 13:30:00,INDEX:MMTH,31.82,31.82,31.82,31.82,0.0
2008-09-03 13:30:00,INDEX:MMTH,31.84,31.84,31.84,31.84,0.0
2008-09-04 13:30:00,INDEX:MMTH,27.71,27.71,27.71,27.71,0.0
2008-09-05 13:30:00,INDEX:MMTH,27.45,27.45,27.45,27.45,0.0
2008-09-08 13:30:00,INDEX:MMTH,30.67,30.67,30.67,30.67,0.0
2008-09-09 13:30:00,INDEX:MMTH,25.95,25.95,25.95,25.95,0.0
2008-09-10 13:30:00,INDEX:MMTH,27.38,27.38,27.38,27.38,0.0
2008-09-11 13:30:00,INDEX:MMTH,27.72,27.72,27.72,27.72,0.0
2008-09-12 13:30:00,INDEX:MMTH,28.06,28.06,28.06,28.06,0.0
2008-09-15 13:30:00,INDEX:MMTH,21.74,21.74,21.74,21.74,0.0
2008-09-16 13:30:00,INDEX:MMTH,24.29,24.29,24.29,24.29,0.0
2008-09-17 13:30:00,INDEX:MMTH,18.41,18.41,18.41,18.41,0.0
2008-09-18 13:30:00,INDEX:MMTH,25.5,25.5,25.5,25.5,0.0
2008-09-19 13:30:00,INDEX:MMTH,31.03,31.03,31.03,31.03,0.0
2008-09-22 13:30:00,INDEX:MMTH,25.18,25.18,25.18,25.18,0.0
2008-09-23 13:30:00,INDEX:MMTH,23.51,23.51,23.51,23.51,0.0
2008-09-24 13:30:00,INDEX:MMTH,21.96,21.96,21.96,21.96,0.0
2008-09-25 13:30:00,INDEX:MMTH,23.61,23.61,23.61,23.61,0.0
2008-09-26 13:30:00,INDEX:MMTH,23.35,23.35,23.35,23.35,0.0
2008-09-29 13:30:00,INDEX:MMTH,16.53,16.53,16.53,16.53,0.0
2008-09-30 13:30:00,INDEX:MMTH,19.23,19.23,19.23,19.23,0.0
2008-10-01 13:30:00,INDEX:MMTH,18.17,18.17,18.17,18.17,0.0
2008-10-02 13:30:00,INDEX:MMTH,14.24,14.24,14.24,14.24,0.0
2008-10-03 13:30:00,INDEX:MMTH,12.51,12.51,12.51,12.51,0.0
2008-10-06 13:30:00,INDEX:MMTH,9.66,9.66,9.66,9.66,0.0
2008-10-07 13:30:00,INDEX:MMTH,6.98,6.98,6.98,6.98,0.0
2008-10-08 13:30:00,INDEX:MMTH,6.12,6.12,6.12,6.12,0.0
2008-10-09 13:30:00,INDEX:MMTH,3.51,3.51,3.51,3.51,0.0
2008-10-10 13:30:00,INDEX:MMTH,5.01,5.01,5.01,5.01,0.0
2008-10-13 13:30:00,INDEX:MMTH,7.92,7.92,7.92,7.92,0.0
2008-10-14 13:30:00,INDEX:MMTH,6.99,6.99,6.99,6.99,0.0
2008-10-15 13:30:00,INDEX:MMTH,4.43,4.43,4.43,4.43,0.0
2008-10-16 13:30:00,INDEX:MMTH,7.0,7.0,7.0,7.0,0.0
2008-10-17 13:30:00,INDEX:MMTH,6.41,6.41,6.41,6.41,0.0
2008-10-20 13:30:00,INDEX:MMTH,7.53,7.53,7.53,7.53,0.0
2008-10-21 13:30:00,INDEX:MMTH,6.8,6.8,6.8,6.8,0.0
2008-10-22 13:30:00,INDEX:MMTH,5.24,5.24,5.24,5.24,0.0
2008-10-23 13:30:00,INDEX:MMTH,4.73,4.73,4.73,4.73,0.0
2008-10-24 13:30:00,INDEX:MMTH,4.06,4.06,4.06,4.06,0.0
2008-10-27 13:30:00,INDEX:MMTH,3.53,3.53,3.53,3.53,0.0
2008-10-28 13:30:00,INDEX:MMTH,5.07,5.07,5.07,5.07,0.0
2008-10-29 13:30:00,INDEX:MMTH,5.35,5.35,5.35,5.35,0.0
2008-10-30 13:30:00,INDEX:MMTH,6.85,6.85,6.85,6.85,0.0
2008-10-31 13:30:00,INDEX:MMTH,8.34,8.34,8.34,8.34,0.0
2008-11-03 14:30:00,INDEX:MMTH,8.67,8.67,8.67,8.67,0.0
2008-11-04 14:30:00,INDEX:MMTH,9.32,9.32,9.32,9.32,0.0
2008-11-05 14:30:00,INDEX:MMTH,7.0,7.0,7.0,7.0,0.0
2008-11-06 14:30:00,INDEX:MMTH,6.13,6.13,6.13,6.13,0.0
2008-11-07 14:30:00,INDEX:MMTH,6.75,6.75,6.75,6.75,0.0
2008-11-10 14:30:00,INDEX:MMTH,6.33,6.33,6.33,6.33,0.0
2008-11-11 14:30:00,INDEX:MMTH,6.08,6.08,6.08,6.08,0.0
2008-11-12 14:30:00,INDEX:MMTH,4.64,4.64,4.64,4.64,0.0
2008-11-13 14:30:00,INDEX:MMTH,7.03,7.03,7.03,7.03,0.0
2008-11-14 14:30:00,INDEX:MMTH,5.04,5.04,5.04,5.04,0.0
2008-11-17 14:30:00,INDEX:MMTH,5.12,5.12,5.12,5.12,0.0
2008-11-18 14:30:00,INDEX:MMTH,5.29,5.29,5.29,5.29,0.0
2008-11-19 14:30:00,INDEX:MMTH,3.84,3.84,3.84,3.84,0.0
2008-11-20 14:30:00,INDEX:MMTH,3.06,3.06,3.06,3.06,0.0
2008-11-21 14:30:00,INDEX:MMTH,3.83,3.83,3.83,3.83,0.0
2008-11-24 14:30:00,INDEX:MMTH,5.14,5.14,5.14,5.14,0.0
2008-11-25 14:30:00,INDEX:MMTH,5.08,5.08,5.08,5.08,0.0
2008-11-26 14:30:00,INDEX:MMTH,6.6,6.6,6.6,6.6,0.0
2008-11-28 14:30:00,INDEX:MMTH,7.01,7.01,7.01,7.01,0.0
2008-12-01 14:30:00,INDEX:MMTH,4.06,4.06,4.06,4.06,0.0
2008-12-02 14:30:00,INDEX:MMTH,5.5,5.5,5.5,5.5,0.0
2008-12-03 14:30:00,INDEX:MMTH,5.95,5.95,5.95,5.95,0.0
2008-12-04 14:30:00,INDEX:MMTH,5.19,5.19,5.19,5.19,0.0
2008-12-05 14:30:00,INDEX:MMTH,6.77,6.77,6.77,6.77,0.0
2008-12-08 14:30:00,INDEX:MMTH,7.73,7.73,7.73,7.73,0.0
2008-12-09 14:30:00,INDEX:MMTH,6.28,6.28,6.28,6.28,0.0
2008-12-10 14:30:00,INDEX:MMTH,7.03,7.03,7.03,7.03,0.0
2008-12-11 14:30:00,INDEX:MMTH,5.45,5.45,5.45,5.45,0.0
2008-12-12 14:30:00,INDEX:MMTH,6.64,6.64,6.64,6.64,0.0
2008-12-15 14:30:00,INDEX:MMTH,5.82,5.82,5.82,5.82,0.0
2008-12-16 14:30:00,INDEX:MMTH,7.68,7.68,7.68,7.68,0.0
2008-12-17 14:30:00,INDEX:MMTH,7.97,7.97,7.97,7.97,0.0
2008-12-18 14:30:00,INDEX:MMTH,7.76,7.76,7.76,7.76,0.0
2008-12-19 14:30:00,INDEX:MMTH,8.14,8.14,8.14,8.14,0.0
2008-12-22 14:30:00,INDEX:MMTH,7.7,7.7,7.7,7.7,0.0
2008-12-23 14:30:00,INDEX:MMTH,7.3,7.3,7.3,7.3,0.0
2008-12-24 14:30:00,INDEX:MMTH,7.71,7.71,7.71,7.71,0.0
2008-12-26 14:30:00,INDEX:MMTH,8.3,8.3,8.3,8.3,0.0
2008-12-29 14:30:00,INDEX:MMTH,7.98,7.98,7.98,7.98,0.0
2008-12-30 14:30:00,INDEX:MMTH,9.09,9.09,9.09,9.09,0.0
2008-12-31 14:30:00,INDEX:MMTH,10.67,10.67,10.67,10.67,0.0
2009-01-02 14:30:00,INDEX:MMTH,11.47,11.47,11.47,11.47,0.0
2009-01-05 14:30:00,INDEX:MMTH,11.2,11.2,11.2,11.2,0.0
2009-01-06 14:30:00,INDEX:MMTH,12.44,12.44,12.44,12.44,0.0
2009-01-07 14:30:00,INDEX:MMTH,10.71,10.71,10.71,10.71,0.0
2009-01-08 14:30:00,INDEX:MMTH,11.54,11.54,11.54,11.54,0.0
2009-01-09 14:30:00,INDEX:MMTH,10.57,10.57,10.57,10.57,0.0
2009-01-12 14:30:00,INDEX:MMTH,9.92,9.92,9.92,9.92,0.0
2009-01-13 14:30:00,INDEX:MMTH,10.0,10.0,10.0,10.0,0.0
2009-01-14 14:30:00,INDEX:MMTH,8.48,8.48,8.48,8.48,0.0
2009-01-15 14:30:00,INDEX:MMTH,8.52,8.52,8.52,8.52,0.0
2009-01-16 14:30:00,INDEX:MMTH,9.24,9.24,9.24,9.24,0.0
2009-01-20 14:30:00,INDEX:MMTH,7.64,7.64,7.64,7.64,0.0
2009-01-21 14:30:00,INDEX:MMTH,8.38,8.38,8.38,8.38,0.0
2009-01-22 14:30:00,INDEX:MMTH,7.84,7.84,7.84,7.84,0.0
2009-01-23 14:30:00,INDEX:MMTH,8.22,8.22,8.22,8.22,0.0
2009-01-26 14:30:00,INDEX:MMTH,10.81,10.81,10.81,10.81,0.0
2009-01-27 14:30:00,INDEX:MMTH,11.53,11.53,11.53,11.53,0.0
2009-01-28 14:30:00,INDEX:MMTH,14.02,14.02,14.02,14.02,0.0
2009-01-29 14:30:00,INDEX:MMTH,12.73,12.73,12.73,12.73,0.0
2009-01-30 14:30:00,INDEX:MMTH,12.2,12.2,12.2,12.2,0.0
2009-02-02 14:30:00,INDEX:MMTH,12.78,12.78,12.78,12.78,0.0
2009-02-03 14:30:00,INDEX:MMTH,13.52,13.52,13.52,13.52,0.0
2009-02-04 14:30:00,INDEX:MMTH,13.07,13.07,13.07,13.07,0.0
2009-02-05 14:30:00,INDEX:MMTH,13.6,13.6,13.6,13.6,0.0
2009-02-06 14:30:00,INDEX:MMTH,15.12,15.12,15.12,15.12,0.0
2009-02-09 14:30:00,INDEX:MMTH,15.27,15.27,15.27,15.27,0.0
2009-02-10 14:30:00,INDEX:MMTH,13.36,13.36,13.36,13.36,0.0
2009-02-11 14:30:00,INDEX:MMTH,14.54,14.54,14.54,14.54,0.0
2009-02-12 14:30:00,INDEX:MMTH,14.99,14.99,14.99,14.99,0.0
2009-02-13 14:30:00,INDEX:MMTH,14.63,14.63,14.63,14.63,0.0
2009-02-17 14:30:00,INDEX:MMTH,11.67,11.67,11.67,11.67,0.0
2009-02-18 14:30:00,INDEX:MMTH,10.79,10.79,10.79,10.79,0.0
2009-02-19 14:30:00,INDEX:MMTH,10.08,10.08,10.08,10.08,0.0
2009-02-20 14:30:00,INDEX:MMTH,9.08,9.08,9.08,9.08,0.0
2009-02-23 14:30:00,INDEX:MMTH,7.85,7.85,7.85,7.85,0.0
2009-02-24 14:30:00,INDEX:MMTH,9.15,9.15,9.15,9.15,0.0
2009-02-25 14:30:00,INDEX:MMTH,8.96,8.96,8.96,8.96,0.0
2009-02-26 14:30:00,INDEX:MMTH,8.87,8.87,8.87,8.87,0.0
2009-02-27 14:30:00,INDEX:MMTH,9.03,9.03,9.03,9.03,0.0
2009-03-02 14:30:00,INDEX:MMTH,7.13,7.13,7.13,7.13,0.0
2009-03-03 14:30:00,INDEX:MMTH,6.53,6.53,6.53,6.53,0.0
2009-03-04 14:30:00,INDEX:MMTH,7.22,7.22,7.22,7.22,0.0
2009-03-05 14:30:00,INDEX:MMTH,6.35,6.35,6.35,6.35,0.0
2009-03-06 14:30:00,INDEX:MMTH,6.25,6.25,6.25,6.25,0.0
2009-03-09 13:30:00,INDEX:MMTH,5.62,5.62,5.62,5.62,0.0
2009-03-10 13:30:00,INDEX:MMTH,7.04,7.04,7.04,7.04,0.0
2009-03-11 13:30:00,INDEX:MMTH,7.23,7.23,7.23,7.23,0.0
2009-03-12 13:30:00,INDEX:MMTH,9.11,9.11,9.11,9.11,0.0
2009-03-13 13:30:00,INDEX:MMTH,9.5,9.5,9.5,9.5,0.0
2009-03-16 13:30:00,INDEX:MMTH,9.17,9.17,9.17,9.17,0.0
2009-03-17 13:30:00,INDEX:MMTH,10.62,10.62,10.62,10.62,0.0
2009-03-18 13:30:00,INDEX:MMTH,12.28,12.28,12.28,12.28,0.0
2009-03-19 13:30:00,INDEX:MMTH,12.78,12.78,12.78,12.78,0.0
2009-03-20 13:30:00,INDEX:MMTH,11.28,11.28,11.28,11.28,0.0
2009-03-23 13:30:00,INDEX:MMTH,15.16,15.16,15.16,15.16,0.0
2009-03-24 13:30:00,INDEX:MMTH,13.84,13.84,13.84,13.84,0.0
2009-03-25 13:30:00,INDEX:MMTH,15.09,15.09,15.09,15.09,0.0
2009-03-26 13:30:00,INDEX:MMTH,17.84,17.84,17.84,17.84,0.0
2009-03-27 13:30:00,INDEX:MMTH,16.58,16.58,16.58,16.58,0.0
2009-03-30 13:30:00,INDEX:MMTH,14.34,14.34,14.34,14.34,0.0
2009-03-31 13:30:00,INDEX:MMTH,16.3,16.3,16.3,16.3,0.0
2009-04-01 13:30:00,INDEX:MMTH,17.85,17.85,17.85,17.85,0.0
2009-04-02 13:30:00,INDEX:MMTH,21.44,21.44,21.44,21.44,0.0
2009-04-03 13:30:00,INDEX:MMTH,22.89,22.89,22.89,22.89,0.0
2009-04-06 13:30:00,INDEX:MMTH,21.53,21.53,21.53,21.53,0.0
2009-04-07 13:30:00,INDEX:MMTH,19.19,19.19,19.19,19.19,0.0
2009-04-08 13:30:00,INDEX:MMTH,21.13,21.13,21.13,21.13,0.0
2009-04-09 13:30:00,INDEX:MMTH,26.56,26.56,26.56,26.56,0.0
2009-04-13 13:30:00,INDEX:MMTH,27.39,27.39,27.39,27.39,0.0
2009-04-14 13:30:00,INDEX:MMTH,25.3,25.3,25.3,25.3,0.0
2009-04-15 13:30:00,INDEX:MMTH,27.62,27.62,27.62,27.62,0.0
2009-04-16 13:30:00,INDEX:MMTH,30.95,30.95,30.95,30.95,0.0
2009-04-17 13:30:00,INDEX:MMTH,32.86,32.86,32.86,32.86,0.0
2009-04-20 13:30:00,INDEX:MMTH,26.14,26.14,26.14,26.14,0.0
2009-04-21 13:30:00,INDEX:MMTH,30.43,30.43,30.43,30.43,0.0
2009-04-22 13:30:00,INDEX:MMTH,30.93,30.93,30.93,30.93,0.0
2009-04-23 13:30:00,INDEX:MMTH,31.61,31.61,31.61,31.61,0.0
2009-04-24 13:30:00,INDEX:MMTH,35.0,35.0,35.0,35.0,0.0
2009-04-27 13:30:00,INDEX:MMTH,33.2,33.2,33.2,33.2,0.0
2009-04-28 13:30:00,INDEX:MMTH,33.71,33.71,33.71,33.71,0.0
2009-04-29 13:30:00,INDEX:MMTH,39.3,39.3,39.3,39.3,0.0
2009-04-30 13:30:00,INDEX:MMTH,39.85,39.85,39.85,39.85,0.0
2009-05-01 13:30:00,INDEX:MMTH,41.16,41.16,41.16,41.16,0.0
2009-05-04 13:30:00,INDEX:MMTH,48.34,48.34,48.34,48.34,0.0
2009-05-05 13:30:00,INDEX:MMTH,47.72,47.72,47.72,47.72,0.0
2009-05-06 13:30:00,INDEX:MMTH,51.11,51.11,51.11,51.11,0.0
2009-05-07 13:30:00,INDEX:MMTH,47.83,47.83,47.83,47.83,0.0
2009-05-08 13:30:00,INDEX:MMTH,55.23,55.23,55.23,55.23,0.0
2009-05-11 13:30:00,INDEX:MMTH,51.88,51.88,51.88,51.88,0.0
2009-05-12 13:30:00,INDEX:MMTH,50.84,50.84,50.84,50.84,0.0
2009-05-13 13:30:00,INDEX:MMTH,43.25,43.25,43.25,43.25,0.0
2009-05-14 13:30:00,INDEX:MMTH,46.7,46.7,46.7,46.7,0.0
2009-05-15 13:30:00,INDEX:MMTH,45.6,45.6,45.6,45.6,0.0
2009-05-18 13:30:00,INDEX:MMTH,53.33,53.33,53.33,53.33,0.0
2009-05-19 13:30:00,INDEX:MMTH,54.88,54.88,54.88,54.88,0.0
2009-05-20 13:30:00,INDEX:MMTH,55.27,55.27,55.27,55.27,0.0
2009-05-21 13:30:00,INDEX:MMTH,52.24,52.24,52.24,52.24,0.0
2009-05-22 13:30:00,INDEX:MMTH,52.99,52.99,52.99,52.99,0.0
2009-05-26 13:30:00,INDEX:MMTH,59.65,59.65,59.65,59.65,0.0
2009-05-27 13:30:00,INDEX:MMTH,57.34,57.34,57.34,57.34,0.0
2009-05-28 13:30:00,INDEX:MMTH,60.01,60.01,60.01,60.01,0.0
2009-05-29 13:30:00,INDEX:MMTH,63.28,63.28,63.28,63.28,0.0
2009-06-01 13:30:00,INDEX:MMTH,69.22,69.22,69.22,69.22,0.0
2009-06-02 13:30:00,INDEX:MMTH,70.73,70.73,70.73,70.73,0.0
2009-06-03 13:30:00,INDEX:MMTH,68.89,68.89,68.89,68.89,0.0
2009-06-04 13:30:00,INDEX:MMTH,71.69,71.69,71.69,71.69,0.0
2009-06-05 13:30:00,INDEX:MMTH,71.71,71.71,71.71,71.71,0.0
2009-06-08 13:30:00,INDEX:MMTH,71.25,71.25,71.25,71.25,0.0
2009-06-09 13:30:00,INDEX:MMTH,72.47,72.47,72.47,72.47,0.0
2009-06-10 13:30:00,INDEX:MMTH,71.95,71.95,71.95,71.95,0.0
2009-06-11 13:30:00,INDEX:MMTH,73.72,73.72,73.72,73.72,0.0
2009-06-12 13:30:00,INDEX:MMTH,74.29,74.29,74.29,74.29,0.0
2009-06-15 13:30:00,INDEX:MMTH,70.08,70.08,70.08,70.08,0.0
2009-06-16 13:30:00,INDEX:MMTH,68.12,68.12,68.12,68.12,0.0
2009-06-17 13:30:00,INDEX:MMTH,69.34,69.34,69.34,69.34,0.0
2009-06-18 13:30:00,INDEX:MMTH,70.67,70.67,70.67,70.67,0.0
2009-06-19 13:30:00,INDEX:MMTH,71.53,71.53,71.53,71.53,0.0
2009-06-22 13:30:00,INDEX:MMTH,65.46,65.46,65.46,65.46,0.0
2009-06-23 13:30:00,INDEX:MMTH,65.22,65.22,65.22,65.22,0.0
2009-06-24 13:30:00,INDEX:MMTH,67.55,67.55,67.55,67.55,0.0
2009-06-25 13:30:00,INDEX:MMTH,71.95,71.95,71.95,71.95,0.0
2009-06-26 13:30:00,INDEX:MMTH,73.53,73.53,73.53,73.53,0.0
2009-06-29 13:30:00,INDEX:MMTH,74.54,74.54,74.54,74.54,0.0
2009-06-30 13:30:00,INDEX:MMTH,74.24,74.24,74.24,74.24,0.0
2009-07-01 13:30:00,INDEX:MMTH,76.28,76.28,76.28,76.28,0.0
2009-07-02 13:30:00,INDEX:MMTH,71.53,71.53,71.53,71.53,0.0
2009-07-06 13:30:00,INDEX:MMTH,71.0,71.0,71.0,71.0,0.0
2009-07-07 13:30:00,INDEX:MMTH,67.48,67.48,67.48,67.48,0.0
2009-07-08 13:30:00,INDEX:MMTH,67.15,67.15,67.15,67.15,0.0
2009-07-09 13:30:00,INDEX:MMTH,68.13,68.13,68.13,68.13,0.0
2009-07-10 13:30:00,INDEX:MMTH,68.36,68.36,68.36,68.36,0.0
2009-07-13 13:30:00,INDEX:MMTH,72.78,72.78,72.78,72.78,0.0
2009-07-14 13:30:00,INDEX:MMTH,74.48,74.48,74.48,74.48,0.0
2009-07-15 13:30:00,INDEX:MMTH,79.51,79.51,79.51,79.51,0.0
2009-07-16 13:30:00,INDEX:MMTH,81.18,81.18,81.18,81.18,0.0
2009-07-17 13:30:00,INDEX:MMTH,80.6,80.6,80.6,80.6,0.0
2009-07-20 13:30:00,INDEX:MMTH,82.46,82.46,82.46,82.46,0.0
2009-07-21 13:30:00,INDEX:MMTH,82.27,82.27,82.27,82.27,0.0
2009-07-22 13:30:00,INDEX:MMTH,83.22,83.22,83.22,83.22,0.0
2009-07-23 13:30:00,INDEX:MMTH,85.39,85.39,85.39,85.39,0.0
2009-07-24 13:30:00,INDEX:MMTH,85.78,85.78,85.78,85.78,0.0
2009-07-27 13:30:00,INDEX:MMTH,86.27,86.27,86.27,86.27,0.0
2009-07-28 13:30:00,INDEX:MMTH,86.41,86.41,86.41,86.41,0.0
2009-07-29 13:30:00,INDEX:MMTH,85.8,85.8,85.8,85.8,0.0
2009-07-30 13:30:00,INDEX:MMTH,86.93,86.93,86.93,86.93,0.0
2009-07-31 13:30:00,INDEX:MMTH,87.11,87.11,87.11,87.11,0.0
2009-08-03 13:30:00,INDEX:MMTH,88.57,88.57,88.57,88.57,0.0
2009-08-04 13:30:00,INDEX:MMTH,89.25,89.25,89.25,89.25,0.0
2009-08-05 13:30:00,INDEX:MMTH,89.03,89.03,89.03,89.03,0.0
2009-08-06 13:30:00,INDEX:MMTH,88.21,88.21,88.21,88.21,0.0
2009-08-07 13:30:00,INDEX:MMTH,89.18,89.18,89.18,89.18,0.0
2009-08-10 13:30:00,INDEX:MMTH,89.42,89.42,89.42,89.42,0.0
2009-08-11 13:30:00,INDEX:MMTH,88.35,88.35,88.35,88.35,0.0
2009-08-12 13:30:00,INDEX:MMTH,89.53,89.53,89.53,89.53,0.0
2009-08-13 13:30:00,INDEX:MMTH,89.59,89.59,89.59,89.59,0.0
2009-08-14 13:30:00,INDEX:MMTH,88.42,88.42,88.42,88.42,0.0
2009-08-17 13:30:00,INDEX:MMTH,86.76,86.76,86.76,86.76,0.0
2009-08-18 13:30:00,INDEX:MMTH,87.8,87.8,87.8,87.8,0.0
2009-08-19 13:30:00,INDEX:MMTH,88.48,88.48,88.48,88.48,0.0
2009-08-20 13:30:00,INDEX:MMTH,89.01,89.01,89.01,89.01,0.0
2009-08-21 13:30:00,INDEX:MMTH,90.27,90.27,90.27,90.27,0.0
2009-08-24 13:30:00,INDEX:MMTH,90.23,90.23,90.23,90.23,0.0
2009-08-25 13:30:00,INDEX:MMTH,90.31,90.31,90.31,90.31,0.0
2009-08-26 13:30:00,INDEX:MMTH,90.39,90.39,90.39,90.39,0.0
2009-08-27 13:30:00,INDEX:MMTH,90.32,90.32,90.32,90.32,0.0
2009-08-28 13:30:00,INDEX:MMTH,90.0,90.0,90.0,90.0,0.0
2009-08-31 13:30:00,INDEX:MMTH,88.96,88.96,88.96,88.96,0.0
2009-09-01 13:30:00,INDEX:MMTH,87.54,87.54,87.54,87.54,0.0
2009-09-02 13:30:00,INDEX:MMTH,87.55,87.55,87.55,87.55,0.0
2009-09-03 13:30:00,INDEX:MMTH,87.96,87.96,87.96,87.96,0.0
2009-09-04 13:30:00,INDEX:MMTH,89.0,89.0,89.0,89.0,0.0
2009-09-08 13:30:00,INDEX:MMTH,89.29,89.29,89.29,89.29,0.0
2009-09-09 13:30:00,INDEX:MMTH,90.08,90.08,90.08,90.08,0.0
2009-09-10 13:30:00,INDEX:MMTH,90.79,90.79,90.79,90.79,0.0
2009-09-11 13:30:00,INDEX:MMTH,90.57,90.57,90.57,90.57,0.0
2009-09-14 13:30:00,INDEX:MMTH,90.96,90.96,90.96,90.96,0.0
2009-09-15 13:30:00,INDEX:MMTH,91.33,91.33,91.33,91.33,0.0
2009-09-16 13:30:00,INDEX:MMTH,92.48,92.48,92.48,92.48,0.0
2009-09-17 13:30:00,INDEX:MMTH,92.43,92.43,92.43,92.43,0.0
2009-09-18 13:30:00,INDEX:MMTH,92.53,92.53,92.53,92.53,0.0
2009-09-21 13:30:00,INDEX:MMTH,92.23,92.23,92.23,92.23,0.0
2009-09-22 13:30:00,INDEX:MMTH,92.24,92.24,92.24,92.24,0.0
2009-09-23 13:30:00,INDEX:MMTH,91.48,91.48,91.48,91.48,0.0
2009-09-24 13:30:00,INDEX:MMTH,90.48,90.48,90.48,90.48,0.0
2009-09-25 13:30:00,INDEX:MMTH,90.43,90.43,90.43,90.43,0.0
2009-09-28 13:30:00,INDEX:MMTH,92.31,92.31,92.31,92.31,0.0
2009-09-29 13:30:00,INDEX:MMTH,91.84,91.84,91.84,91.84,0.0
2009-09-30 13:30:00,INDEX:MMTH,91.25,91.25,91.25,91.25,0.0
2009-10-01 13:30:00,INDEX:MMTH,89.54,89.54,89.54,89.54,0.0
2009-10-02 13:30:00,INDEX:MMTH,88.84,88.84,88.84,88.84,0.0
2009-10-05 13:30:00,INDEX:MMTH,89.85,89.85,89.85,89.85,0.0
2009-10-06 13:30:00,INDEX:MMTH,90.74,90.74,90.74,90.74,0.0
2009-10-07 13:30:00,INDEX:MMTH,90.55,90.55,90.55,90.55,0.0
2009-10-08 13:30:00,INDEX:MMTH,91.11,91.11,91.11,91.11,0.0
2009-10-09 13:30:00,INDEX:MMTH,91.4,91.4,91.4,91.4,0.0
2009-10-12 13:30:00,INDEX:MMTH,91.36,91.36,91.36,91.36,0.0
2009-10-13 13:30:00,INDEX:MMTH,91.42,91.42,91.42,91.42,0.0
2009-10-14 13:30:00,INDEX:MMTH,92.14,92.14,92.14,92.14,0.0
2009-10-15 13:30:00,INDEX:MMTH,91.96,91.96,91.96,91.96,0.0
2009-10-16 13:30:00,INDEX:MMTH,91.32,91.32,91.32,91.32,0.0
2009-10-19 13:30:00,INDEX:MMTH,91.85,91.85,91.85,91.85,0.0
2009-10-20 13:30:00,INDEX:MMTH,91.14,91.14,91.14,91.14,0.0
2009-10-21 13:30:00,INDEX:MMTH,90.29,90.29,90.29,90.29,0.0
2009-10-22 13:30:00,INDEX:MMTH,90.97,90.97,90.97,90.97,0.0
2009-10-23 13:30:00,INDEX:MMTH,89.68,89.68,89.68,89.68,0.0
2009-10-26 13:30:00,INDEX:MMTH,88.55,88.55,88.55,88.55,0.0
2009-10-27 13:30:00,INDEX:MMTH,88.03,88.03,88.03,88.03,0.0
2009-10-28 13:30:00,INDEX:MMTH,85.52,85.52,85.52,85.52,0.0
2009-10-29 13:30:00,INDEX:MMTH,86.88,86.88,86.88,86.88,0.0
2009-10-30 13:30:00,INDEX:MMTH,84.44,84.44,84.44,84.44,0.0
2009-11-02 14:30:00,INDEX:MMTH,84.14,84.14,84.14,84.14,0.0
2009-11-03 14:30:00,INDEX:MMTH,84.68,84.68,84.68,84.68,0.0
2009-11-04 14:30:00,INDEX:MMTH,83.81,83.81,83.81,83.81,0.0
2009-11-05 14:30:00,INDEX:MMTH,86.16,86.16,86.16,86.16,0.0
2009-11-06 14:30:00,INDEX:MMTH,85.77,85.77,85.77,85.77,0.0
2009-11-09 14:30:00,INDEX:MMTH,87.03,87.03,87.03,87.03,0.0
2009-11-10 14:30:00,INDEX:MMTH,85.77,85.77,85.77,85.77,0.0
2009-11-11 14:30:00,INDEX:MMTH,86.84,86.84,86.84,86.84,0.0
2009-11-12 14:30:00,INDEX:MMTH,84.83,84.83,84.83,84.83,0.0
2009-11-13 14:30:00,INDEX:MMTH,85.36,85.36,85.36,85.36,0.0
2009-11-16 14:30:00,INDEX:MMTH,87.09,87.09,87.09,87.09,0.0
2009-11-17 14:30:00,INDEX:MMTH,86.89,86.89,86.89,86.89,0.0
2009-11-18 14:30:00,INDEX:MMTH,86.47,86.47,86.47,86.47,0.0
2009-11-19 14:30:00,INDEX:MMTH,84.82,84.82,84.82,84.82,0.0
2009-11-20 14:30:00,INDEX:MMTH,84.39,84.39,84.39,84.39,0.0
2009-11-23 14:30:00,INDEX:MMTH,85.69,85.69,85.69,85.69,0.0
2009-11-24 14:30:00,INDEX:MMTH,85.32,85.32,85.32,85.32,0.0
2009-11-25 14:30:00,INDEX:MMTH,85.2,85.2,85.2,85.2,0.0
2009-11-27 14:30:00,INDEX:MMTH,83.14,83.14,83.14,83.14,0.0
2009-11-30 14:30:00,INDEX:MMTH,83.36,83.36,83.36,83.36,0.0
2009-12-01 14:30:00,INDEX:MMTH,84.55,84.55,84.55,84.55,0.0
2009-12-02 14:30:00,INDEX:MMTH,85.15,85.15,85.15,85.15,0.0
2009-12-03 14:30:00,INDEX:MMTH,84.1,84.1,84.1,84.1,0.0
2009-12-04 14:30:00,INDEX:MMTH,85.67,85.67,85.67,85.67,0.0
2009-12-07 14:30:00,INDEX:MMTH,85.75,85.75,85.75,85.75,0.0
2009-12-08 14:30:00,INDEX:MMTH,84.61,84.61,84.61,84.61,0.0
2009-12-09 14:30:00,INDEX:MMTH,84.67,84.67,84.67,84.67,0.0
2009-12-10 14:30:00,INDEX:MMTH,84.1,84.1,84.1,84.1,0.0
2009-12-11 14:30:00,INDEX:MMTH,84.36,84.36,84.36,84.36,0.0
2009-12-14 14:30:00,INDEX:MMTH,85.12,85.12,85.12,85.12,0.0
2009-12-15 14:30:00,INDEX:MMTH,84.11,84.11,84.11,84.11,0.0
2009-12-16 14:30:00,INDEX:MMTH,84.69,84.69,84.69,84.69,0.0
2009-12-17 14:30:00,INDEX:MMTH,83.59,83.59,83.59,83.59,0.0
2009-12-18 14:30:00,INDEX:MMTH,83.97,83.97,83.97,83.97,0.0
2009-12-21 14:30:00,INDEX:MMTH,84.47,84.47,84.47,84.47,0.0
2009-12-22 14:30:00,INDEX:MMTH,84.57,84.57,84.57,84.57,0.0
2009-12-23 14:30:00,INDEX:MMTH,85.29,85.29,85.29,85.29,0.0
2009-12-24 14:30:00,INDEX:MMTH,85.79,85.79,85.79,85.79,0.0
2009-12-28 14:30:00,INDEX:MMTH,85.67,85.67,85.67,85.67,0.0
2009-12-29 14:30:00,INDEX:MMTH,85.65,85.65,85.65,85.65,0.0
2009-12-30 14:30:00,INDEX:MMTH,85.38,85.38,85.38,85.38,0.0
2009-12-31 14:30:00,INDEX:MMTH,84.88,84.88,84.88,84.88,0.0
2010-01-04 14:30:00,INDEX:MMTH,86.73,86.73,86.73,86.73,0.0
2010-01-05 14:30:00,INDEX:MMTH,86.39,86.39,86.39,86.39,0.0
2010-01-06 14:30:00,INDEX:MMTH,86.2,86.2,86.2,86.2,0.0
2010-01-07 14:30:00,INDEX:MMTH,86.96,86.96,86.96,86.96,0.0
2010-01-08 14:30:00,INDEX:MMTH,87.14,87.14,87.14,87.14,0.0
2010-01-11 14:30:00,INDEX:MMTH,87.34,87.34,87.34,87.34,0.0
2010-01-12 14:30:00,INDEX:MMTH,86.29,86.29,86.29,86.29,0.0
2010-01-13 14:30:00,INDEX:MMTH,86.97,86.97,86.97,86.97,0.0
2010-01-14 14:30:00,INDEX:MMTH,86.96,86.96,86.96,86.96,0.0
2010-01-15 14:30:00,INDEX:MMTH,86.1,86.1,86.1,86.1,0.0
2010-01-19 14:30:00,INDEX:MMTH,87.01,87.01,87.01,87.01,0.0
2010-01-20 14:30:00,INDEX:MMTH,85.7,85.7,85.7,85.7,0.0
2010-01-21 14:30:00,INDEX:MMTH,83.31,83.31,83.31,83.31,0.0
2010-01-22 14:30:00,INDEX:MMTH,81.73,81.73,81.73,81.73,0.0
2010-01-25 14:30:00,INDEX:MMTH,81.54,81.54,81.54,81.54,0.0
2010-01-26 14:30:00,INDEX:MMTH,80.22,80.22,80.22,80.22,0.0
2010-01-27 14:30:00,INDEX:MMTH,80.6,80.6,80.6,80.6,0.0
2010-01-28 14:30:00,INDEX:MMTH,78.45,78.45,78.45,78.45,0.0
2010-01-29 14:30:00,INDEX:MMTH,76.24,76.24,76.24,76.24,0.0
2010-02-01 14:30:00,INDEX:MMTH,78.38,78.38,78.38,78.38,0.0
2010-02-02 14:30:00,INDEX:MMTH,79.46,79.46,79.46,79.46,0.0
2010-02-03 14:30:00,INDEX:MMTH,78.14,78.14,78.14,78.14,0.0
2010-02-04 14:30:00,INDEX:MMTH,71.89,71.89,71.89,71.89,0.0
2010-02-05 14:30:00,INDEX:MMTH,71.71,71.71,71.71,71.71,0.0
2010-02-08 14:30:00,INDEX:MMTH,69.37,69.37,69.37,69.37,0.0
2010-02-09 14:30:00,INDEX:MMTH,72.41,72.41,72.41,72.41,0.0
2010-02-10 14:30:00,INDEX:MMTH,72.11,72.11,72.11,72.11,0.0
2010-02-11 14:30:00,INDEX:MMTH,74.81,74.81,74.81,74.81,0.0
2010-02-12 14:30:00,INDEX:MMTH,74.61,74.61,74.61,74.61,0.0
2010-02-16 14:30:00,INDEX:MMTH,78.02,78.02,78.02,78.02,0.0
2010-02-17 14:30:00,INDEX:MMTH,78.38,78.38,78.38,78.38,0.0
2010-02-18 14:30:00,INDEX:MMTH,78.96,78.96,78.96,78.96,0.0
2010-02-19 14:30:00,INDEX:MMTH,79.04,79.04,79.04,79.04,0.0
2010-02-22 14:30:00,INDEX:MMTH,79.05,79.05,79.05,79.05,0.0
2010-02-23 14:30:00,INDEX:MMTH,77.44,77.44,77.44,77.44,0.0
2010-02-24 14:30:00,INDEX:MMTH,78.15,78.15,78.15,78.15,0.0
2010-02-25 14:30:00,INDEX:MMTH,77.57,77.57,77.57,77.57,0.0
2010-02-26 14:30:00,INDEX:MMTH,77.57,77.57,77.57,77.57,0.0
2010-03-01 14:30:00,INDEX:MMTH,79.72,79.72,79.72,79.72,0.0
2010-03-02 14:30:00,INDEX:MMTH,80.83,80.83,80.83,80.83,0.0
2010-03-03 14:30:00,INDEX:MMTH,81.11,81.11,81.11,81.11,0.0
2010-03-04 14:30:00,INDEX:MMTH,81.33,81.33,81.33,81.33,0.0
2010-03-05 14:30:00,INDEX:MMTH,83.62,83.62,83.62,83.62,0.0
2010-03-08 14:30:00,INDEX:MMTH,83.99,83.99,83.99,83.99,0.0
2010-03-09 14:30:00,INDEX:MMTH,84.3,84.3,84.3,84.3,0.0
2010-03-10 14:30:00,INDEX:MMTH,84.78,84.78,84.78,84.78,0.0
2010-03-11 14:30:00,INDEX:MMTH,85.01,85.01,85.01,85.01,0.0
2010-03-12 14:30:00,INDEX:MMTH,84.78,84.78,84.78,84.78,0.0
2010-03-15 13:30:00,INDEX:MMTH,84.09,84.09,84.09,84.09,0.0
2010-03-16 13:30:00,INDEX:MMTH,85.23,85.23,85.23,85.23,0.0
2010-03-17 13:30:00,INDEX:MMTH,85.62,85.62,85.62,85.62,0.0
2010-03-18 13:30:00,INDEX:MMTH,85.11,85.11,85.11,85.11,0.0
2010-03-19 13:30:00,INDEX:MMTH,84.01,84.01,84.01,84.01,0.0
2010-03-22 13:30:00,INDEX:MMTH,84.6,84.6,84.6,84.6,0.0
2010-03-23 13:30:00,INDEX:MMTH,85.31,85.31,85.31,85.31,0.0
2010-03-24 13:30:00,INDEX:MMTH,83.76,83.76,83.76,83.76,0.0
2010-03-25 13:30:00,INDEX:MMTH,83.29,84.87,83.12,83.12,0.0
2010-03-26 13:30:00,INDEX:MMTH,83.62,84.08,83.03,83.28,0.0
2010-03-29 13:30:00,INDEX:MMTH,83.93,84.18,83.75,84.08,0.0
2010-03-30 13:30:00,INDEX:MMTH,84.1,84.58,83.86,84.35,0.0
2010-03-31 13:30:00,INDEX:MMTH,84.29,84.69,83.74,83.74,0.0
2010-04-01 13:30:00,INDEX:MMTH,84.67,85.0,83.95,84.44,0.0
2010-04-05 13:30:00,INDEX:MMTH,84.29,85.64,84.29,85.64,0.0
2010-04-06 13:30:00,INDEX:MMTH,85.23,86.18,85.23,86.18,0.0
2010-04-07 13:30:00,INDEX:MMTH,85.98,86.11,85.21,85.76,0.0
2010-04-08 13:30:00,INDEX:MMTH,84.88,85.63,84.71,85.41,0.0
2010-04-09 13:30:00,INDEX:MMTH,85.56,85.96,85.22,85.96,0.0
2010-04-12 13:30:00,INDEX:MMTH,86.14,86.15,85.8,85.93,0.0
2010-04-13 13:30:00,INDEX:MMTH,86.22,86.26,85.5,85.8,0.0
2010-04-14 13:30:00,INDEX:MMTH,86.73,87.27,86.43,87.27,0.0
2010-04-15 13:30:00,INDEX:MMTH,87.65,87.65,86.96,87.45,0.0
2010-04-16 13:30:00,INDEX:MMTH,86.92,87.27,85.72,85.93,0.0
2010-04-19 13:30:00,INDEX:MMTH,85.47,85.94,84.52,85.64,0.0
2010-04-20 13:30:00,INDEX:MMTH,86.92,87.22,86.46,87.2,0.0
2010-04-21 13:30:00,INDEX:MMTH,86.86,87.06,86.4,86.98,0.0
2010-04-22 13:30:00,INDEX:MMTH,85.72,86.98,85.24,86.98,0.0
2010-04-23 13:30:00,INDEX:MMTH,86.46,87.48,86.4,87.48,0.0
2010-04-26 13:30:00,INDEX:MMTH,87.51,87.85,87.2,87.2,0.0
2010-04-27 13:30:00,INDEX:MMTH,86.39,86.92,84.46,84.46,0.0
2010-04-28 13:30:00,INDEX:MMTH,84.8,85.0,84.15,84.63,0.0
2010-04-29 13:30:00,INDEX:MMTH,84.96,86.12,84.84,86.09,0.0
2010-04-30 13:30:00,INDEX:MMTH,85.33,85.63,83.53,83.53,0.0
2010-05-03 13:30:00,INDEX:MMTH,83.57,84.58,83.35,84.41,0.0
2010-05-04 13:30:00,INDEX:MMTH,81.5,81.81,80.2,80.61,0.0
2010-05-05 13:30:00,INDEX:MMTH,76.42,79.25,75.93,77.74,0.0
2010-05-06 13:30:00,INDEX:MMTH,75.71,77.07,64.61,67.79,0.0
2010-05-07 13:30:00,INDEX:MMTH,64.96,68.23,62.03,64.67,0.0
2010-05-10 13:30:00,INDEX:MMTH,73.76,76.1,73.6,76.08,0.0
2010-05-11 13:30:00,INDEX:MMTH,72.22,77.08,72.22,75.51,0.0
2010-05-12 13:30:00,INDEX:MMTH,75.99,79.15,75.99,79.15,0.0
2010-05-13 13:30:00,INDEX:MMTH,77.63,79.24,77.21,77.62,0.0
2010-05-14 13:30:00,INDEX:MMTH,75.02,75.02,71.52,72.89,0.0
2010-05-17 13:30:00,INDEX:MMTH,72.55,72.72,68.87,72.31,0.0
2010-05-18 13:30:00,INDEX:MMTH,73.52,74.04,69.18,69.3,0.0
2010-05-19 13:30:00,INDEX:MMTH,67.07,68.36,63.39,66.68,0.0
2010-05-20 13:30:00,INDEX:MMTH,58.8,59.04,54.08,54.08,0.0
2010-05-21 13:30:00,INDEX:MMTH,46.12,58.1,46.12,57.28,0.0
2010-05-24 13:30:00,INDEX:MMTH,56.07,58.64,55.22,55.65,0.0
2010-05-25 13:30:00,INDEX:MMTH,45.13,53.69,43.94,53.68,0.0
2010-05-26 13:30:00,INDEX:MMTH,55.55,59.13,54.76,55.11,0.0
2010-05-27 13:30:00,INDEX:MMTH,59.15,64.51,58.94,64.51,0.0
2010-05-28 13:30:00,INDEX:MMTH,62.46,63.78,60.66,61.97,0.0
2010-06-01 13:30:00,INDEX:MMTH,57.69,61.54,55.66,55.66,0.0
2010-06-02 13:30:00,INDEX:MMTH,55.27,61.84,54.57,61.84,0.0
2010-06-03 13:30:00,INDEX:MMTH,61.47,62.87,60.31,62.63,0.0
2010-06-04 13:30:00,INDEX:MMTH,55.48,57.76,51.53,51.71,0.0
2010-06-07 13:30:00,INDEX:MMTH,51.6,53.25,47.51,47.61,0.0
2010-06-08 13:30:00,INDEX:MMTH,46.5,48.04,44.27,48.04,0.0
2010-06-09 13:30:00,INDEX:MMTH,49.27,52.76,47.88,48.17,0.0
2010-06-10 13:30:00,INDEX:MMTH,51.35,55.56,51.35,55.56,0.0
2010-06-11 13:30:00,INDEX:MMTH,51.9,58.01,51.9,58.01,0.0
2010-06-14 13:30:00,INDEX:MMTH,59.8,62.31,59.01,59.03,0.0
2010-06-15 13:30:00,INDEX:MMTH,59.49,65.29,59.49,65.14,0.0
2010-06-16 13:30:00,INDEX:MMTH,62.61,64.98,62.61,64.03,0.0
2010-06-17 13:30:00,INDEX:MMTH,64.19,64.19,61.74,63.6,0.0
2010-06-18 13:30:00,INDEX:MMTH,62.88,64.64,62.88,64.35,0.0
2010-06-21 13:30:00,INDEX:MMTH,66.36,67.34,63.0,63.5,0.0
2010-06-22 13:30:00,INDEX:MMTH,63.32,64.7,58.62,58.63,0.0
2010-06-23 13:30:00,INDEX:MMTH,56.61,58.76,55.22,57.77,0.0
2010-06-24 13:30:00,INDEX:MMTH,55.09,56.64,53.17,53.31,0.0
2010-06-25 13:30:00,INDEX:MMTH,52.07,57.15,52.07,57.14,0.0
2010-06-28 13:30:00,INDEX:MMTH,55.92,57.89,54.7,56.03,0.0
2010-06-29 13:30:00,INDEX:MMTH,49.25,49.25,46.19,46.77,0.0
2010-06-30 13:30:00,INDEX:MMTH,45.9,48.28,45.38,45.47,0.0
2010-07-01 13:30:00,INDEX:MMTH,43.43,44.28,40.28,44.26,0.0
2010-07-02 13:30:00,INDEX:MMTH,43.45,44.03,42.24,42.98,0.0
2010-07-06 13:30:00,INDEX:MMTH,44.83,46.12,41.26,41.57,0.0
2010-07-07 13:30:00,INDEX:MMTH,41.72,47.31,41.72,47.31,0.0
2010-07-08 13:30:00,INDEX:MMTH,47.85,49.85,47.71,49.82,0.0
2010-07-09 13:30:00,INDEX:MMTH,49.2,52.81,49.2,52.79,0.0
2010-07-12 13:30:00,INDEX:MMTH,51.0,52.33,49.8,50.86,0.0
2010-07-13 13:30:00,INDEX:MMTH,53.5,57.78,53.5,57.76,0.0
2010-07-14 13:30:00,INDEX:MMTH,55.37,57.93,55.23,56.9,0.0
2010-07-15 13:30:00,INDEX:MMTH,55.8,55.97,52.36,55.85,0.0
2010-07-16 13:30:00,INDEX:MMTH,52.15,52.15,47.66,47.76,0.0
2010-07-19 13:30:00,INDEX:MMTH,47.64,49.34,45.24,49.14,0.0
2010-07-20 13:30:00,INDEX:MMTH,43.94,52.43,43.94,52.43,0.0
2010-07-21 13:30:00,INDEX:MMTH,53.32,53.32,48.79,48.93,0.0
2010-07-22 13:30:00,INDEX:MMTH,51.93,57.26,51.93,56.72,0.0
2010-07-23 13:30:00,INDEX:MMTH,54.16,61.3,54.16,61.28,0.0
2010-07-26 13:30:00,INDEX:MMTH,60.35,65.41,60.35,65.41,0.0
2010-07-27 13:30:00,INDEX:MMTH,65.86,66.51,64.07,64.82,0.0
2010-07-28 13:30:00,INDEX:MMTH,63.21,63.43,61.02,61.59,0.0
2010-07-29 13:30:00,INDEX:MMTH,63.18,63.97,58.59,61.49,0.0
2010-07-30 13:30:00,INDEX:MMTH,56.98,62.42,56.98,61.64,0.0
2010-08-02 13:30:00,INDEX:MMTH,65.66,67.69,65.43,67.56,0.0
2010-08-03 13:30:00,INDEX:MMTH,65.61,67.66,64.22,66.37,0.0
2010-08-04 13:30:00,INDEX:MMTH,66.78,68.43,66.78,68.32,0.0
2010-08-05 13:30:00,INDEX:MMTH,65.34,67.49,65.34,67.15,0.0
2010-08-06 13:30:00,INDEX:MMTH,63.62,66.28,63.04,65.96,0.0
2010-08-09 13:30:00,INDEX:MMTH,65.72,68.03,65.69,67.85,0.0
2010-08-10 13:30:00,INDEX:MMTH,64.07,65.63,62.52,64.28,0.0
2010-08-11 13:30:00,INDEX:MMTH,54.65,56.13,52.9,53.02,0.0
2010-08-12 13:30:00,INDEX:MMTH,47.41,52.34,47.41,51.82,0.0
2010-08-13 13:30:00,INDEX:MMTH,50.06,51.92,49.96,50.43,0.0
2010-08-16 13:30:00,INDEX:MMTH,47.12,52.03,47.12,51.39,0.0
2010-08-17 13:30:00,INDEX:MMTH,52.63,57.21,52.6,56.16,0.0
2010-08-18 13:30:00,INDEX:MMTH,53.47,57.66,53.38,56.78,0.0
2010-08-19 13:30:00,INDEX:MMTH,54.44,54.79,50.68,50.87,0.0
2010-08-20 13:30:00,INDEX:MMTH,47.82,50.04,47.0,50.04,0.0
2010-08-23 13:30:00,INDEX:MMTH,50.38,51.22,47.86,47.89,0.0
2010-08-24 13:30:00,INDEX:MMTH,42.91,46.19,42.64,45.07,0.0
2010-08-25 13:30:00,INDEX:MMTH,42.01,46.49,42.01,46.48,0.0
2010-08-26 13:30:00,INDEX:MMTH,45.35,47.64,45.18,45.53,0.0
2010-08-27 13:30:00,INDEX:MMTH,45.21,49.98,44.68,49.98,0.0
2010-08-30 13:30:00,INDEX:MMTH,47.67,48.88,46.3,46.34,0.0
2010-08-31 13:30:00,INDEX:MMTH,43.99,47.51,43.88,46.74,0.0
2010-09-01 13:30:00,INDEX:MMTH,48.71,53.37,48.58,53.37,0.0
2010-09-02 13:30:00,INDEX:MMTH,51.84,55.96,51.84,55.96,0.0
2010-09-03 13:30:00,INDEX:MMTH,58.15,59.91,57.58,59.91,0.0
2010-09-07 13:30:00,INDEX:MMTH,56.85,56.95,55.16,55.23,0.0
2010-09-08 13:30:00,INDEX:MMTH,54.95,58.49,54.95,57.32,0.0
2010-09-09 13:30:00,INDEX:MMTH,59.44,59.8,57.36,58.15,0.0
2010-09-10 13:30:00,INDEX:MMTH,57.11,59.57,57.11,59.44,0.0
2010-09-13 13:30:00,INDEX:MMTH,60.53,64.45,60.53,64.18,0.0
2010-09-14 13:30:00,INDEX:MMTH,61.73,64.86,61.73,64.05,0.0
2010-09-15 13:30:00,INDEX:MMTH,61.4,64.74,61.4,64.4,0.0
2010-09-16 13:30:00,INDEX:MMTH,62.55,63.49,62.44,63.34,0.0
2010-09-17 13:30:00,INDEX:MMTH,63.07,63.86,61.7,63.36,0.0
2010-09-20 13:30:00,INDEX:MMTH,62.42,68.2,62.42,68.2,0.0
2010-09-21 13:30:00,INDEX:MMTH,66.83,68.79,66.83,67.23,0.0
2010-09-22 13:30:00,INDEX:MMTH,66.78,67.46,64.77,65.62,0.0
2010-09-23 13:30:00,INDEX:MMTH,62.25,65.95,62.25,63.33,0.0
2010-09-24 13:30:00,INDEX:MMTH,64.89,69.12,64.89,69.12,0.0
2010-09-27 13:30:00,INDEX:MMTH,67.83,68.91,67.77,68.03,0.0
2010-09-28 13:30:00,INDEX:MMTH,67.32,70.03,65.85,70.03,0.0
2010-09-29 13:30:00,INDEX:MMTH,68.76,70.74,68.76,70.41,0.0
2010-09-30 13:30:00,INDEX:MMTH,71.11,71.39,68.95,70.44,0.0
2010-10-01 13:30:00,INDEX:MMTH,71.08,71.08,71.08,71.08,0.0
2010-10-04 13:30:00,INDEX:MMTH,70.14,70.24,67.72,68.29,0.0
2010-10-05 13:30:00,INDEX:MMTH,69.45,73.39,69.45,73.39,0.0
2010-10-06 13:30:00,INDEX:MMTH,72.95,73.65,72.26,72.84,0.0
2010-10-07 13:30:00,INDEX:MMTH,73.61,73.61,71.43,72.28,0.0
2010-10-08 13:30:00,INDEX:MMTH,71.7,74.6,71.7,74.2,0.0
2010-10-11 13:30:00,INDEX:MMTH,73.86,74.78,73.82,74.16,0.0
2010-10-12 13:30:00,INDEX:MMTH,72.89,75.05,72.19,75.05,0.0
2010-10-13 13:30:00,INDEX:MMTH,75.21,77.53,75.21,76.92,0.0
2010-10-14 13:30:00,INDEX:MMTH,76.46,77.58,75.49,76.51,0.0
2010-10-15 13:30:00,INDEX:MMTH,77.67,77.67,75.69,76.16,0.0
2010-10-18 13:30:00,INDEX:MMTH,76.11,77.83,76.11,77.81,0.0
2010-10-19 13:30:00,INDEX:MMTH,75.29,77.07,74.17,74.59,0.0
2010-10-20 13:30:00,INDEX:MMTH,75.53,76.92,75.22,76.39,0.0
2010-10-21 13:30:00,INDEX:MMTH,76.34,77.48,74.42,75.58,0.0
2010-10-22 13:30:00,INDEX:MMTH,75.96,76.2,75.51,76.17,0.0
2010-10-25 13:30:00,INDEX:MMTH,77.13,77.71,76.7,76.92,0.0
2010-10-26 13:30:00,INDEX:MMTH,74.96,77.32,74.96,76.89,0.0
2010-10-27 13:30:00,INDEX:MMTH,75.76,76.23,74.96,76.23,0.0
2010-10-28 13:30:00,INDEX:MMTH,76.62,76.62,75.22,75.87,0.0
2010-10-29 13:30:00,INDEX:MMTH,74.65,76.28,74.65,76.15,0.0
2010-11-01 13:30:00,INDEX:MMTH,76.9,77.35,74.21,75.0,0.0
2010-11-02 13:30:00,INDEX:MMTH,76.39,77.39,76.01,77.39,0.0
2010-11-03 13:30:00,INDEX:MMTH,77.57,77.61,76.19,77.6,0.0
2010-11-04 13:30:00,INDEX:MMTH,79.59,80.83,79.58,80.83,0.0
2010-11-05 13:30:00,INDEX:MMTH,80.66,81.51,80.58,81.28,0.0
2010-11-08 14:30:00,INDEX:MMTH,81.15,81.49,80.79,81.41,0.0
2010-11-09 14:30:00,INDEX:MMTH,81.84,81.95,79.54,79.81,0.0
2010-11-10 14:30:00,INDEX:MMTH,79.66,79.73,78.0,79.73,0.0
2010-11-11 14:30:00,INDEX:MMTH,77.38,77.38,76.65,77.04,0.0
2010-11-12 14:30:00,INDEX:MMTH,75.82,76.13,74.66,75.03,0.0
2010-11-15 14:30:00,INDEX:MMTH,75.44,75.44,73.57,73.59,0.0
2010-11-16 14:30:00,INDEX:MMTH,71.71,71.71,69.41,70.62,0.0
2010-11-17 14:30:00,INDEX:MMTH,70.09,71.03,69.96,70.75,0.0
2010-11-18 14:30:00,INDEX:MMTH,71.97,72.96,71.94,72.69,0.0
2010-11-19 14:30:00,INDEX:MMTH,71.73,73.15,71.07,73.09,0.0
2010-11-22 14:30:00,INDEX:MMTH,72.28,73.45,71.71,73.43,0.0
2010-11-23 14:30:00,INDEX:MMTH,71.2,71.96,71.01,71.96,0.0
2010-11-24 14:30:00,INDEX:MMTH,73.38,74.7,72.97,74.7,0.0
2010-11-26 14:30:00,INDEX:MMTH,72.89,74.09,72.89,73.91,0.0
2010-11-29 14:30:00,INDEX:MMTH,72.42,73.67,71.04,73.67,0.0
2010-11-30 14:30:00,INDEX:MMTH,71.6,73.04,71.26,72.42,0.0
2010-12-01 14:30:00,INDEX:MMTH,74.86,75.43,74.39,74.73,0.0
2010-12-02 14:30:00,INDEX:MMTH,74.84,75.97,74.84,75.34,0.0
2010-12-03 14:30:00,INDEX:MMTH,75.01,76.21,74.78,76.1,0.0
2010-12-06 14:30:00,INDEX:MMTH,75.71,76.46,75.53,76.32,0.0
2010-12-07 14:30:00,INDEX:MMTH,77.63,77.63,76.2,76.37,0.0
2010-12-08 14:30:00,INDEX:MMTH,76.9,76.96,76.26,76.43,0.0
2010-12-09 14:30:00,INDEX:MMTH,77.22,77.22,76.15,76.72,0.0
2010-12-10 14:30:00,INDEX:MMTH,76.89,77.49,76.19,77.33,0.0
2010-12-13 14:30:00,INDEX:MMTH,78.06,78.06,76.64,76.73,0.0
2010-12-14 14:30:00,INDEX:MMTH,76.75,77.15,76.31,76.48,0.0
2010-12-15 14:30:00,INDEX:MMTH,76.46,76.78,75.12,75.25,0.0
2010-12-16 14:30:00,INDEX:MMTH,76.05,76.43,75.46,76.33,0.0
2010-12-17 14:30:00,INDEX:MMTH,77.64,77.64,76.23,76.55,0.0
2010-12-20 14:30:00,INDEX:MMTH,78.27,78.27,76.28,76.4,0.0
2010-12-21 14:30:00,INDEX:MMTH,77.63,77.63,76.72,77.51,0.0
2010-12-22 14:30:00,INDEX:MMTH,78.63,78.63,77.62,78.06,0.0
2010-12-23 14:30:00,INDEX:MMTH,79.01,79.02,77.84,77.86,0.0
2010-12-27 14:30:00,INDEX:MMTH,79.32,79.32,77.43,78.14,0.0
2010-12-28 14:30:00,INDEX:MMTH,78.79,78.79,77.45,77.77,0.0
2010-12-29 14:30:00,INDEX:MMTH,78.82,78.82,77.93,78.51,0.0
2010-12-30 14:30:00,INDEX:MMTH,78.29,78.72,78.12,78.39,0.0
2010-12-31 14:30:00,INDEX:MMTH,81.78,81.78,78.6,78.72,0.0
2011-01-03 14:30:00,INDEX:MMTH,80.94,80.94,80.25,80.49,0.0
2011-01-04 14:30:00,INDEX:MMTH,81.69,81.69,79.23,79.9,0.0
2011-01-05 14:30:00,INDEX:MMTH,80.94,80.94,79.83,80.21,0.0
2011-01-06 14:30:00,INDEX:MMTH,81.59,81.59,79.81,80.03,0.0
2011-01-07 14:30:00,INDEX:MMTH,81.27,81.27,78.84,79.56,0.0
2011-01-10 14:30:00,INDEX:MMTH,80.27,80.27,78.97,79.3,0.0
2011-01-11 14:30:00,INDEX:MMTH,81.41,81.41,79.71,80.03,0.0
2011-01-12 14:30:00,INDEX:MMTH,81.81,81.81,80.72,81.15,0.0
2011-01-13 14:30:00,INDEX:MMTH,82.14,82.14,80.76,81.1,0.0
2011-01-14 14:30:00,INDEX:MMTH,81.31,81.7,80.74,81.6,0.0
2011-01-18 14:30:00,INDEX:MMTH,83.01,83.01,81.11,81.55,0.0
2011-01-19 14:30:00,INDEX:MMTH,82.95,82.95,79.5,79.54,0.0
2011-01-20 14:30:00,INDEX:MMTH,78.59,80.03,78.35,80.03,0.0
2011-01-21 14:30:00,INDEX:MMTH,82.49,82.49,79.05,79.08,0.0
2011-01-24 14:30:00,INDEX:MMTH,80.83,81.06,80.06,80.33,0.0
2011-01-25 14:30:00,INDEX:MMTH,81.18,81.18,79.36,80.28,0.0
2011-01-26 14:30:00,INDEX:MMTH,82.52,82.52,81.09,81.95,0.0
2011-01-27 14:30:00,INDEX:MMTH,83.4,83.4,81.9,82.08,0.0
2011-01-28 14:30:00,INDEX:MMTH,82.91,82.91,78.27,78.31,0.0
2011-01-31 14:30:00,INDEX:MMTH,79.71,79.71,77.66,78.64,0.0
2011-02-01 14:30:00,INDEX:MMTH,80.19,81.34,80.0,80.94,0.0
2011-02-02 14:30:00,INDEX:MMTH,81.61,81.84,80.85,81.02,0.0
2011-02-03 14:30:00,INDEX:MMTH,81.92,81.92,80.84,81.38,0.0
2011-02-04 14:30:00,INDEX:MMTH,82.65,82.65,80.52,80.98,0.0
2011-02-07 14:30:00,INDEX:MMTH,82.25,82.51,81.7,82.01,0.0
2011-02-08 14:30:00,INDEX:MMTH,83.04,83.04,81.82,82.4,0.0
2011-02-09 14:30:00,INDEX:MMTH,83.6,83.6,81.7,82.06,0.0
2011-02-10 14:30:00,INDEX:MMTH,82.79,82.79,81.59,81.69,0.0
2011-02-11 14:30:00,INDEX:MMTH,82.55,82.74,81.99,82.74,0.0
2011-02-14 14:30:00,INDEX:MMTH,83.81,83.81,82.91,83.09,0.0
2011-02-15 14:30:00,INDEX:MMTH,83.88,83.88,82.69,82.76,0.0
2011-02-16 14:30:00,INDEX:MMTH,85.57,85.57,83.61,83.69,0.0
2011-02-17 14:30:00,INDEX:MMTH,85.71,85.71,83.96,84.14,0.0
2011-02-18 14:30:00,INDEX:MMTH,86.53,86.53,84.06,84.27,0.0
2011-02-22 14:30:00,INDEX:MMTH,84.3,84.3,81.1,81.14,0.0
2011-02-23 14:30:00,INDEX:MMTH,82.63,82.63,79.23,79.38,0.0
2011-02-24 14:30:00,INDEX:MMTH,80.25,80.25,78.56,79.71,0.0
2011-02-25 14:30:00,INDEX:MMTH,82.44,82.44,80.77,81.9,0.0
2011-02-28 14:30:00,INDEX:MMTH,84.41,84.41,81.49,82.12,0.0
2011-03-01 14:30:00,INDEX:MMTH,83.72,83.72,80.18,80.36,0.0
2011-03-02 14:30:00,INDEX:MMTH,81.64,81.64,79.71,80.49,0.0
2011-03-03 14:30:00,INDEX:MMTH,83.55,83.55,82.38,82.56,0.0
2011-03-04 14:30:00,INDEX:MMTH,83.28,83.28,81.02,81.34,0.0
2011-03-07 14:30:00,INDEX:MMTH,83.64,83.64,79.13,79.28,0.0
2011-03-08 14:30:00,INDEX:MMTH,80.25,81.53,79.81,81.48,0.0
2011-03-09 14:30:00,INDEX:MMTH,82.26,82.26,81.18,81.4,0.0
2011-03-10 14:30:00,INDEX:MMTH,80.12,80.12,72.41,78.25,0.0
2011-03-11 14:30:00,INDEX:MMTH,50.0,78.19,50.0,78.19,0.0
2011-03-14 13:30:00,INDEX:MMTH,77.49,77.51,75.74,76.7,0.0
2011-03-15 13:30:00,INDEX:MMTH,71.66,75.09,71.66,74.54,0.0
2011-03-16 13:30:00,INDEX:MMTH,75.01,75.01,71.34,71.35,0.0
2011-03-17 13:30:00,INDEX:MMTH,74.0,74.15,72.59,72.77,0.0
2011-03-18 13:30:00,INDEX:MMTH,74.78,74.91,74.24,74.82,0.0
2011-03-21 13:30:00,INDEX:MMTH,77.55,77.79,76.95,77.77,0.0
2011-03-22 13:30:00,INDEX:MMTH,78.78,78.78,77.02,77.37,0.0
2011-03-23 13:30:00,INDEX:MMTH,76.83,78.16,75.45,77.99,0.0
2011-03-24 13:30:00,INDEX:MMTH,79.37,79.37,77.88,78.54,0.0
2011-03-25 13:30:00,INDEX:MMTH,80.15,80.35,78.87,78.87,0.0
2011-03-28 13:30:00,INDEX:MMTH,80.52,80.52,78.32,78.32,0.0
2011-03-29 13:30:00,INDEX:MMTH,80.46,80.46,78.85,79.38,0.0
2011-03-30 13:30:00,INDEX:MMTH,81.32,81.32,80.36,80.68,0.0
2011-03-31 13:30:00,INDEX:MMTH,82.38,82.38,80.9,81.54,0.0
2011-04-01 13:30:00,INDEX:MMTH,83.51,83.51,81.55,81.85,0.0
2011-04-04 13:30:00,INDEX:MMTH,83.58,83.58,81.71,82.17,0.0
2011-04-05 13:30:00,INDEX:MMTH,82.42,82.66,81.81,82.11,0.0
2011-04-06 13:30:00,INDEX:MMTH,83.89,83.89,82.1,82.48,0.0
2011-04-07 13:30:00,INDEX:MMTH,83.38,83.38,82.02,82.35,0.0
2011-04-08 13:30:00,INDEX:MMTH,84.06,84.06,80.79,80.79,0.0
2011-04-11 13:30:00,INDEX:MMTH,81.75,81.75,79.43,79.43,0.0
2011-04-12 13:30:00,INDEX:MMTH,80.18,80.18,77.48,77.5,0.0
2011-04-13 13:30:00,INDEX:MMTH,79.48,79.48,76.75,77.14,0.0
2011-04-14 13:30:00,INDEX:MMTH,77.56,77.98,76.39,77.95,0.0
2011-04-15 13:30:00,INDEX:MMTH,79.67,79.67,77.98,79.42,0.0
2011-04-18 13:30:00,INDEX:MMTH,77.52,77.52,75.55,76.59,0.0
2011-04-19 13:30:00,INDEX:MMTH,78.56,78.56,76.05,76.32,0.0
2011-04-20 13:30:00,INDEX:MMTH,79.54,79.54,78.18,79.13,0.0
2011-04-21 13:30:00,INDEX:MMTH,81.53,81.53,79.35,79.75,0.0
2011-04-25 13:30:00,INDEX:MMTH,81.6,81.6,79.07,79.44,0.0
2011-04-26 13:30:00,INDEX:MMTH,81.13,81.3,80.29,80.3,0.0
2011-04-27 13:30:00,INDEX:MMTH,81.85,81.85,80.38,81.3,0.0
2011-04-28 13:30:00,INDEX:MMTH,82.48,82.48,80.97,81.42,0.0
2011-04-29 13:30:00,INDEX:MMTH,82.84,82.84,81.11,81.84,0.0
2011-05-02 13:30:00,INDEX:MMTH,83.94,83.94,79.75,79.78,0.0
2011-05-03 13:30:00,INDEX:MMTH,80.94,80.94,77.63,78.31,0.0
2011-05-04 13:30:00,INDEX:MMTH,79.66,79.66,75.71,75.99,0.0
2011-05-05 13:30:00,INDEX:MMTH,76.71,76.73,74.2,74.67,0.0
2011-05-06 13:30:00,INDEX:MMTH,78.08,78.08,74.84,75.37,0.0
2011-05-09 13:30:00,INDEX:MMTH,76.8,76.8,75.63,76.43,0.0
2011-05-10 13:30:00,INDEX:MMTH,79.12,79.12,77.5,78.27,0.0
2011-05-11 13:30:00,INDEX:MMTH,79.27,79.27,75.04,75.4,0.0
2011-05-12 13:30:00,INDEX:MMTH,75.38,76.47,73.98,76.45,0.0
2011-05-13 13:30:00,INDEX:MMTH,78.67,78.67,73.36,73.42,0.0
2011-05-16 13:30:00,INDEX:MMTH,73.32,73.96,70.58,70.66,0.0
2011-05-17 13:30:00,INDEX:MMTH,71.06,71.06,68.87,69.67,0.0
2011-05-18 13:30:00,INDEX:MMTH,71.81,72.26,71.03,72.26,0.0
2011-05-19 13:30:00,INDEX:MMTH,75.38,75.38,71.6,72.25,0.0
2011-05-20 13:30:00,INDEX:MMTH,73.02,73.02,70.6,70.93,0.0
2011-05-23 13:30:00,INDEX:MMTH,68.51,68.56,67.19,67.24,0.0
2011-05-24 13:30:00,INDEX:MMTH,68.43,68.43,66.45,66.7,0.0
2011-05-25 13:30:00,INDEX:MMTH,66.64,68.51,66.33,68.22,0.0
2011-05-26 13:30:00,INDEX:MMTH,68.87,70.14,67.68,69.95,0.0
2011-05-27 13:30:00,INDEX:MMTH,72.38,72.38,70.58,71.12,0.0
2011-05-31 13:30:00,INDEX:MMTH,73.62,73.62,71.44,73.05,0.0
2011-06-01 13:30:00,INDEX:MMTH,73.73,73.73,66.65,66.82,0.0
2011-06-02 13:30:00,INDEX:MMTH,68.22,68.22,65.81,66.69,0.0
2011-06-03 13:30:00,INDEX:MMTH,64.11,65.26,63.19,63.34,0.0
2011-06-06 13:30:00,INDEX:MMTH,64.02,64.02,59.18,59.21,0.0
2011-06-07 13:30:00,INDEX:MMTH,61.24,61.28,59.37,59.42,0.0
2011-06-08 13:30:00,INDEX:MMTH,58.83,58.98,56.2,56.36,0.0
2011-06-09 13:30:00,INDEX:MMTH,56.8,58.43,56.59,57.63,0.0
2011-06-10 13:30:00,INDEX:MMTH,56.76,56.76,52.84,53.31,0.0
2011-06-13 13:30:00,INDEX:MMTH,53.61,54.64,50.61,51.61,0.0
2011-06-14 13:30:00,INDEX:MMTH,55.02,56.64,54.93,55.93,0.0
2011-06-15 13:30:00,INDEX:MMTH,53.41,53.99,49.98,50.7,0.0
2011-06-16 13:30:00,INDEX:MMTH,50.85,52.7,48.65,50.78,0.0
2011-06-17 13:30:00,INDEX:MMTH,53.65,53.66,50.41,51.55,0.0
2011-06-20 13:30:00,INDEX:MMTH,50.98,53.04,50.86,52.46,0.0
2011-06-21 13:30:00,INDEX:MMTH,54.77,58.31,54.77,58.3,0.0
2011-06-22 13:30:00,INDEX:MMTH,57.67,58.4,55.66,55.67,0.0
2011-06-23 13:30:00,INDEX:MMTH,51.88,55.35,50.03,55.35,0.0
2011-06-24 13:30:00,INDEX:MMTH,55.99,55.99,53.1,53.98,0.0
2011-06-27 13:30:00,INDEX:MMTH,53.4,56.23,53.4,56.04,0.0
2011-06-28 13:30:00,INDEX:MMTH,57.01,58.57,57.01,58.57,0.0
2011-06-29 13:30:00,INDEX:MMTH,60.84,60.84,58.97,60.0,0.0
2011-06-30 13:30:00,INDEX:MMTH,61.91,62.85,61.82,62.66,0.0
2011-07-01 13:30:00,INDEX:MMTH,63.02,65.43,62.59,65.26,0.0
2011-07-05 13:30:00,INDEX:MMTH,66.5,66.5,63.7,64.51,0.0
2011-07-06 13:30:00,INDEX:MMTH,65.79,65.79,63.49,64.8,0.0
2011-07-07 13:30:00,INDEX:MMTH,68.27,68.52,67.22,68.03,0.0
2011-07-08 13:30:00,INDEX:MMTH,66.73,66.77,64.55,65.95,0.0
2011-07-11 13:30:00,INDEX:MMTH,63.88,63.88,60.63,60.71,0.0
2011-07-12 13:30:00,INDEX:MMTH,60.97,61.83,59.89,59.89,0.0
2011-07-13 13:30:00,INDEX:MMTH,62.29,63.99,61.03,62.08,0.0
2011-07-14 13:30:00,INDEX:MMTH,63.35,63.56,58.06,58.08,0.0
2011-07-15 13:30:00,INDEX:MMTH,59.69,59.7,58.27,59.3,0.0
2011-07-18 13:30:00,INDEX:MMTH,57.86,57.87,54.9,55.46,0.0
2011-07-19 13:30:00,INDEX:MMTH,58.61,59.66,57.15,59.66,0.0
2011-07-20 13:30:00,INDEX:MMTH,59.7,59.93,58.68,59.46,0.0
2011-07-21 13:30:00,INDEX:MMTH,61.27,62.46,60.34,62.46,0.0
2011-07-22 13:30:00,INDEX:MMTH,62.66,62.66,60.47,61.38,0.0
2011-07-25 13:30:00,INDEX:MMTH,59.44,60.27,58.66,58.69,0.0
2011-07-26 13:30:00,INDEX:MMTH,59.93,59.93,56.72,56.89,0.0
2011-07-27 13:30:00,INDEX:MMTH,55.82,55.82,49.8,49.91,0.0
2011-07-28 13:30:00,INDEX:MMTH,50.22,51.7,48.9,49.24,0.0
2011-07-29 13:30:00,INDEX:MMTH,44.82,49.01,44.26,48.06,0.0
2011-08-01 13:30:00,INDEX:MMTH,51.17,51.17,45.02,46.91,0.0
2011-08-02 13:30:00,INDEX:MMTH,46.96,49.32,39.44,39.44,0.0
2011-08-03 13:30:00,INDEX:MMTH,38.82,40.36,34.84,40.23,0.0
2011-08-04 13:30:00,INDEX:MMTH,36.3,36.54,28.01,28.03,0.0
2011-08-05 13:30:00,INDEX:MMTH,28.78,28.78,22.02,25.83,0.0
2011-08-08 13:30:00,INDEX:MMTH,18.49,20.8,13.2,13.2,0.0
2011-08-09 13:30:00,INDEX:MMTH,13.38,21.71,12.34,21.68,0.0
2011-08-10 13:30:00,INDEX:MMTH,16.52,20.17,15.46,15.47,0.0
2011-08-11 13:30:00,INDEX:MMTH,16.82,23.62,15.62,22.36,0.0
2011-08-12 13:30:00,INDEX:MMTH,23.92,23.92,21.18,22.39,0.0
2011-08-15 13:30:00,INDEX:MMTH,24.39,26.75,23.89,26.75,0.0
2011-08-16 13:30:00,INDEX:MMTH,23.18,24.87,22.78,24.18,0.0
2011-08-17 13:30:00,INDEX:MMTH,25.66,26.34,23.36,24.64,0.0
2011-08-18 13:30:00,INDEX:MMTH,19.02,19.02,15.7,16.31,0.0
2011-08-19 13:30:00,INDEX:MMTH,13.91,17.68,13.91,15.21,0.0
2011-08-22 13:30:00,INDEX:MMTH,16.88,16.88,14.36,15.25,0.0
2011-08-23 13:30:00,INDEX:MMTH,14.48,20.64,13.87,20.64,0.0
2011-08-24 13:30:00,INDEX:MMTH,19.87,22.47,19.19,22.43,0.0
2011-08-25 13:30:00,INDEX:MMTH,22.98,22.98,18.43,18.45,0.0
2011-08-26 13:30:00,INDEX:MMTH,17.37,21.9,16.07,21.79,0.0
2011-08-29 13:30:00,INDEX:MMTH,23.94,28.39,23.94,28.39,0.0
2011-08-30 13:30:00,INDEX:MMTH,27.01,29.43,25.59,29.0,0.0
2011-08-31 13:30:00,INDEX:MMTH,29.81,30.57,27.59,29.29,0.0
2011-09-01 13:30:00,INDEX:MMTH,29.27,30.37,26.18,26.18,0.0
2011-09-02 13:30:00,INDEX:MMTH,22.81,23.63,20.72,21.11,0.0
2011-09-06 13:30:00,INDEX:MMTH,16.7,20.13,16.7,20.12,0.0
2011-09-07 13:30:00,INDEX:MMTH,22.39,25.24,22.27,25.24,0.0
2011-09-08 13:30:00,INDEX:MMTH,24.63,25.33,22.58,22.79,0.0
2011-09-09 13:30:00,INDEX:MMTH,20.44,21.05,17.84,18.45,0.0
2011-09-12 13:30:00,INDEX:MMTH,16.77,18.91,16.77,18.91,0.0
2011-09-13 13:30:00,INDEX:MMTH,19.62,20.85,18.93,20.85,0.0
2011-09-14 13:30:00,INDEX:MMTH,21.74,24.09,19.85,22.82,0.0
2011-09-15 13:30:00,INDEX:MMTH,24.09,24.83,22.26,24.83,0.0
2011-09-16 13:30:00,INDEX:MMTH,25.64,25.71,24.11,25.47,0.0
2011-09-19 13:30:00,INDEX:MMTH,22.18,24.08,21.63,23.38,0.0
2011-09-20 13:30:00,INDEX:MMTH,24.42,25.01,21.54,21.54,0.0
2011-09-21 13:30:00,INDEX:MMTH,22.07,22.27,17.62,17.67,0.0
2011-09-22 13:30:00,INDEX:MMTH,13.67,14.95,12.62,13.85,0.0
2011-09-23 13:30:00,INDEX:MMTH,13.83,14.63,13.57,14.63,0.0
2011-09-26 13:30:00,INDEX:MMTH,15.64,16.78,13.59,16.78,0.0
2011-09-27 13:30:00,INDEX:MMTH,19.67,20.94,17.97,19.07,0.0
2011-09-28 13:30:00,INDEX:MMTH,18.63,19.47,15.39,15.52,0.0
2011-09-29 13:30:00,INDEX:MMTH,17.49,17.49,14.03,16.39,0.0
2011-09-30 13:30:00,INDEX:MMTH,14.6,16.33,14.46,14.51,0.0
2011-10-03 13:30:00,INDEX:MMTH,13.29,14.67,10.28,10.34,0.0
2011-10-04 13:30:00,INDEX:MMTH,8.71,14.01,8.58,14.0,0.0
2011-10-05 13:30:00,INDEX:MMTH,13.15,15.4,12.26,15.05,0.0
2011-10-06 13:30:00,INDEX:MMTH,15.47,17.71,14.54,17.71,0.0
2011-10-07 13:30:00,INDEX:MMTH,17.36,17.85,15.19,15.58,0.0
2011-10-10 13:30:00,INDEX:MMTH,18.58,20.55,18.32,20.55,0.0
2011-10-11 13:30:00,INDEX:MMTH,19.53,21.52,19.53,21.52,0.0
2011-10-12 13:30:00,INDEX:MMTH,23.2,24.63,22.94,23.71,0.0
2011-10-13 13:30:00,INDEX:MMTH,22.62,23.81,21.81,23.81,0.0
2011-10-14 13:30:00,INDEX:MMTH,26.49,26.49,24.36,26.28,0.0
2011-10-17 13:30:00,INDEX:MMTH,26.02,26.02,22.29,22.31,0.0
2011-10-18 13:30:00,INDEX:MMTH,22.86,26.87,20.51,25.94,0.0
2011-10-19 13:30:00,INDEX:MMTH,25.43,26.8,23.36,23.38,0.0
2011-10-20 13:30:00,INDEX:MMTH,23.68,24.0,21.0,23.71,0.0
2011-10-21 13:30:00,INDEX:MMTH,27.26,28.1,25.85,28.09,0.0
2011-10-24 13:30:00,INDEX:MMTH,29.55,33.42,29.55,33.42,0.0
2011-10-25 13:30:00,INDEX:MMTH,31.87,31.87,27.91,27.97,0.0
2011-10-26 13:30:00,INDEX:MMTH,31.74,32.65,27.61,31.88,0.0
2011-10-27 13:30:00,INDEX:MMTH,40.41,43.19,37.96,41.69,0.0
2011-10-28 13:30:00,INDEX:MMTH,42.89,42.89,40.61,41.31,0.0
2011-10-31 13:30:00,INDEX:MMTH,38.24,39.02,35.32,35.36,0.0
2011-11-01 13:30:00,INDEX:MMTH,27.78,31.47,27.41,27.77,0.0
2011-11-02 13:30:00,INDEX:MMTH,32.87,33.52,30.28,33.46,0.0
2011-11-03 13:30:00,INDEX:MMTH,35.79,38.17,32.06,38.17,0.0
2011-11-04 13:30:00,INDEX:MMTH,37.22,37.39,34.81,37.1,0.0
2011-11-07 14:30:00,INDEX:MMTH,37.68,37.68,33.29,37.21,0.0
2011-11-08 14:30:00,INDEX:MMTH,39.61,39.68,35.01,39.5,0.0
2011-11-09 14:30:00,INDEX:MMTH,34.53,35.26,29.93,30.06,0.0
2011-11-10 14:30:00,INDEX:MMTH,33.95,33.95,29.91,32.01,0.0
2011-11-11 14:30:00,INDEX:MMTH,35.57,37.78,35.57,37.7,0.0
2011-11-14 14:30:00,INDEX:MMTH,37.59,37.59,33.89,34.68,0.0
2011-11-15 14:30:00,INDEX:MMTH,34.26,37.56,32.85,37.06,0.0
2011-11-16 14:30:00,INDEX:MMTH,34.88,37.72,33.54,33.54,0.0
2011-11-17 14:30:00,INDEX:MMTH,33.75,34.76,29.55,30.28,0.0
2011-11-18 14:30:00,INDEX:MMTH,31.3,31.3,27.14,28.07,0.0
2011-11-21 14:30:00,INDEX:MMTH,24.99,24.99,22.72,24.02,0.0
2011-11-22 14:30:00,INDEX:MMTH,23.14,24.47,22.64,23.13,0.0
2011-11-23 14:30:00,INDEX:MMTH,21.42,21.42,18.15,18.17,0.0
2011-11-25 14:30:00,INDEX:MMTH,17.2,19.28,16.97,16.97,0.0
2011-11-28 14:30:00,INDEX:MMTH,22.44,23.76,22.25,23.35,0.0
2011-11-29 14:30:00,INDEX:MMTH,23.84,24.46,22.72,23.58,0.0
2011-11-30 14:30:00,INDEX:MMTH,31.29,34.51,31.29,34.51,0.0
2011-12-01 14:30:00,INDEX:MMTH,33.44,34.83,32.55,32.56,0.0
2011-12-02 14:30:00,INDEX:MMTH,36.03,36.63,33.46,33.68,0.0
2011-12-05 14:30:00,INDEX:MMTH,37.1,38.16,35.65,36.67,0.0
2011-12-06 14:30:00,INDEX:MMTH,37.21,37.91,35.07,36.81,0.0
2011-12-07 14:30:00,INDEX:MMTH,35.61,37.5,33.26,37.19,0.0
2011-12-08 14:30:00,INDEX:MMTH,35.55,35.64,30.0,30.0,0.0
2011-12-09 14:30:00,INDEX:MMTH,32.67,37.27,32.37,36.25,0.0
2011-12-12 14:30:00,INDEX:MMTH,32.82,32.91,30.64,32.88,0.0
2011-12-13 14:30:00,INDEX:MMTH,36.7,36.7,28.45,28.85,0.0
2011-12-14 14:30:00,INDEX:MMTH,28.5,28.96,26.34,27.54,0.0
2011-12-15 14:30:00,INDEX:MMTH,30.0,30.35,28.79,29.69,0.0
2011-12-16 14:30:00,INDEX:MMTH,31.93,33.99,30.62,31.29,0.0
2011-12-19 14:30:00,INDEX:MMTH,33.89,33.89,27.58,27.72,0.0
2011-12-20 14:30:00,INDEX:MMTH,33.41,35.73,33.41,35.73,0.0
2011-12-21 14:30:00,INDEX:MMTH,35.66,36.45,33.42,36.4,0.0
2011-12-22 14:30:00,INDEX:MMTH,37.59,38.81,37.07,38.0,0.0
2011-12-23 14:30:00,INDEX:MMTH,39.84,39.84,38.11,39.11,0.0
2011-12-27 14:30:00,INDEX:MMTH,39.25,40.12,39.11,39.43,0.0
2011-12-28 14:30:00,INDEX:MMTH,40.03,40.03,35.57,35.67,0.0
2011-12-29 14:30:00,INDEX:MMTH,37.46,38.7,37.42,38.27,0.0
2011-12-30 14:30:00,INDEX:MMTH,38.86,39.04,38.15,38.16,0.0
2012-01-03 14:30:00,INDEX:MMTH,44.44,44.44,41.67,42.22,0.0
2012-01-04 14:30:00,INDEX:MMTH,42.33,42.33,40.41,41.46,0.0
2012-01-05 14:30:00,INDEX:MMTH,40.62,43.06,39.06,43.06,0.0
2012-01-06 14:30:00,INDEX:MMTH,43.1,43.49,41.49,41.9,0.0
2012-01-09 14:30:00,INDEX:MMTH,43.53,43.53,41.18,42.71,0.0
2012-01-10 14:30:00,INDEX:MMTH,47.4,47.75,45.57,46.31,0.0
2012-01-11 14:30:00,INDEX:MMTH,46.2,47.55,45.58,47.5,0.0
2012-01-12 14:30:00,INDEX:MMTH,48.73,48.73,46.02,48.54,0.0
2012-01-13 14:30:00,INDEX:MMTH,46.6,47.43,45.2,46.73,0.0
2012-01-17 14:30:00,INDEX:MMTH,50.25,50.25,46.96,47.38,0.0
2012-01-18 14:30:00,INDEX:MMTH,48.02,51.99,48.02,51.94,0.0
2012-01-19 14:30:00,INDEX:MMTH,54.24,54.24,52.86,53.58,0.0
2012-01-20 14:30:00,INDEX:MMTH,54.86,55.21,53.75,55.18,0.0
2012-01-23 14:30:00,INDEX:MMTH,56.61,57.1,53.97,55.29,0.0
2012-01-24 14:30:00,INDEX:MMTH,55.46,56.31,54.18,56.11,0.0
2012-01-25 14:30:00,INDEX:MMTH,57.24,59.57,56.28,59.55,0.0
2012-01-26 14:30:00,INDEX:MMTH,62.79,62.79,58.19,58.98,0.0
2012-01-27 14:30:00,INDEX:MMTH,59.77,60.6,59.57,60.11,0.0
2012-01-30 14:30:00,INDEX:MMTH,59.58,59.58,57.34,58.2,0.0
2012-01-31 14:30:00,INDEX:MMTH,62.16,62.16,57.81,59.26,0.0
2012-02-01 14:30:00,INDEX:MMTH,62.63,64.11,62.24,63.63,0.0
2012-02-02 14:30:00,INDEX:MMTH,65.45,65.48,64.11,64.86,0.0
2012-02-03 14:30:00,INDEX:MMTH,69.67,69.67,68.34,68.78,0.0
2012-02-06 14:30:00,INDEX:MMTH,69.38,69.42,68.03,68.42,0.0
2012-02-07 14:30:00,INDEX:MMTH,69.36,69.36,68.14,68.32,0.0
2012-02-08 14:30:00,INDEX:MMTH,70.28,70.28,67.85,69.09,0.0
2012-02-09 14:30:00,INDEX:MMTH,70.97,70.97,68.52,68.52,0.0
2012-02-10 14:30:00,INDEX:MMTH,67.6,67.62,66.09,66.22,0.0
2012-02-13 14:30:00,INDEX:MMTH,69.74,69.74,67.28,68.25,0.0
2012-02-14 14:30:00,INDEX:MMTH,69.16,69.16,66.04,67.32,0.0
2012-02-15 14:30:00,INDEX:MMTH,69.07,69.07,66.0,66.05,0.0
2012-02-16 14:30:00,INDEX:MMTH,67.52,70.25,67.51,70.18,0.0
2012-02-17 14:30:00,INDEX:MMTH,72.53,72.53,70.07,70.43,0.0
2012-02-21 14:30:00,INDEX:MMTH,72.02,72.02,69.34,69.47,0.0
2012-02-22 14:30:00,INDEX:MMTH,71.26,71.26,68.42,68.42,0.0
2012-02-23 14:30:00,INDEX:MMTH,70.17,71.01,69.44,71.01,0.0
2012-02-24 14:30:00,INDEX:MMTH,72.52,72.52,70.49,70.51,0.0
2012-02-27 14:30:00,INDEX:MMTH,69.68,70.81,69.06,70.25,0.0
2012-02-28 14:30:00,INDEX:MMTH,71.73,71.73,69.55,70.23,0.0
2012-02-29 14:30:00,INDEX:MMTH,72.83,72.83,67.54,67.58,0.0
2012-03-01 14:30:00,INDEX:MMTH,70.49,70.49,68.29,68.35,0.0
2012-03-02 14:30:00,INDEX:MMTH,69.91,69.91,65.43,65.49,0.0
2012-03-05 14:30:00,INDEX:MMTH,67.14,67.14,64.74,65.13,0.0
2012-03-06 14:30:00,INDEX:MMTH,64.64,64.64,59.58,59.59,0.0
2012-03-07 14:30:00,INDEX:MMTH,62.99,62.99,61.32,62.92,0.0
2012-03-08 14:30:00,INDEX:MMTH,66.36,66.36,63.46,66.31,0.0
2012-03-09 14:30:00,INDEX:MMTH,67.13,69.5,67.05,68.46,0.0
2012-03-12 13:30:00,INDEX:MMTH,69.43,69.43,67.43,67.62,0.0
2012-03-13 13:30:00,INDEX:MMTH,70.19,71.83,69.62,71.83,0.0
2012-03-14 13:30:00,INDEX:MMTH,73.12,73.12,69.6,69.71,0.0
2012-03-15 13:30:00,INDEX:MMTH,71.25,71.54,70.02,71.54,0.0
2012-03-16 13:30:00,INDEX:MMTH,72.81,72.81,71.43,71.51,0.0
2012-03-19 13:30:00,INDEX:MMTH,72.39,73.83,72.32,72.98,0.0
2012-03-20 13:30:00,INDEX:MMTH,72.53,72.58,71.68,72.08,0.0
2012-03-21 13:30:00,INDEX:MMTH,73.51,73.51,71.81,71.85,0.0
2012-03-22 13:30:00,INDEX:MMTH,71.13,71.28,68.72,69.49,0.0
2012-03-23 13:30:00,INDEX:MMTH,70.76,71.53,69.19,71.49,0.0
2012-03-26 13:30:00,INDEX:MMTH,74.95,74.95,73.78,74.57,0.0
2012-03-27 13:30:00,INDEX:MMTH,75.62,75.64,73.26,73.26,0.0
2012-03-28 13:30:00,INDEX:MMTH,74.13,74.13,71.29,71.93,0.0
2012-03-29 13:30:00,INDEX:MMTH,71.58,71.99,70.18,71.64,0.0
2012-03-30 13:30:00,INDEX:MMTH,73.58,73.58,71.37,71.37,0.0
2012-04-02 13:30:00,INDEX:MMTH,72.39,73.95,72.37,73.93,0.0
2012-04-03 13:30:00,INDEX:MMTH,74.72,74.72,71.48,72.15,0.0
2012-04-04 13:30:00,INDEX:MMTH,70.1,70.75,68.2,68.78,0.0
2012-04-05 13:30:00,INDEX:MMTH,68.98,69.36,68.2,68.59,0.0
2012-04-09 13:30:00,INDEX:MMTH,65.35,65.84,64.3,64.68,0.0
2012-04-10 13:30:00,INDEX:MMTH,65.2,65.34,59.26,59.71,0.0
2012-04-11 13:30:00,INDEX:MMTH,62.5,63.83,62.22,63.57,0.0
2012-04-12 13:30:00,INDEX:MMTH,64.44,67.94,64.44,67.48,0.0
2012-04-13 13:30:00,INDEX:MMTH,66.96,66.96,63.48,63.48,0.0
2012-04-16 13:30:00,INDEX:MMTH,65.6,65.6,62.59,64.34,0.0
2012-04-17 13:30:00,INDEX:MMTH,67.18,69.14,67.18,68.12,0.0
2012-04-18 13:30:00,INDEX:MMTH,67.64,68.09,65.69,66.14,0.0
2012-04-19 13:30:00,INDEX:MMTH,66.28,67.73,64.22,64.64,0.0
2012-04-20 13:30:00,INDEX:MMTH,66.81,67.88,66.08,66.34,0.0
2012-04-23 13:30:00,INDEX:MMTH,63.09,63.09,61.58,62.71,0.0
2012-04-24 13:30:00,INDEX:MMTH,63.19,65.05,63.11,65.05,0.0
2012-04-25 13:30:00,INDEX:MMTH,68.05,68.75,67.85,68.45,0.0
2012-04-26 13:30:00,INDEX:MMTH,68.4,69.86,68.4,69.71,0.0
2012-04-27 13:30:00,INDEX:MMTH,70.53,70.91,68.93,70.81,0.0
2012-04-30 13:30:00,INDEX:MMTH,70.69,70.69,69.32,69.39,0.0
2012-05-01 13:30:00,INDEX:MMTH,70.21,71.84,69.29,69.3,0.0
2012-05-02 13:30:00,INDEX:MMTH,67.85,68.94,67.15,68.69,0.0
2012-05-03 13:30:00,INDEX:MMTH,68.69,68.69,64.76,65.19,0.0
2012-05-04 13:30:00,INDEX:MMTH,64.0,64.0,61.08,61.08,0.0
2012-05-07 13:30:00,INDEX:MMTH,60.62,62.6,60.41,61.91,0.0
2012-05-08 13:30:00,INDEX:MMTH,60.37,61.93,58.46,61.92,0.0
2012-05-09 13:30:00,INDEX:MMTH,58.52,61.26,58.2,60.11,0.0
2012-05-10 13:30:00,INDEX:MMTH,62.68,62.68,60.54,60.88,0.0
2012-05-11 13:30:00,INDEX:MMTH,59.2,61.17,59.03,59.7,0.0
2012-05-14 13:30:00,INDEX:MMTH,57.45,58.09,56.16,56.43,0.0
2012-05-15 13:30:00,INDEX:MMTH,56.35,57.53,55.22,55.35,0.0
2012-05-16 13:30:00,INDEX:MMTH,56.23,57.25,53.44,53.44,0.0
2012-05-17 13:30:00,INDEX:MMTH,53.1,53.1,49.01,49.01,0.0
2012-05-18 13:30:00,INDEX:MMTH,48.86,49.75,46.58,46.89,0.0
2012-05-21 13:30:00,INDEX:MMTH,47.31,51.9,46.23,51.87,0.0
2012-05-22 13:30:00,INDEX:MMTH,52.15,53.25,49.3,50.15,0.0
2012-05-23 13:30:00,INDEX:MMTH,48.41,50.84,46.28,50.71,0.0
2012-05-24 13:30:00,INDEX:MMTH,50.74,50.74,47.84,50.67,0.0
2012-05-25 13:30:00,INDEX:MMTH,50.43,51.03,49.9,50.75,0.0
2012-05-29 13:30:00,INDEX:MMTH,52.43,54.01,51.66,53.31,0.0
2012-05-30 13:30:00,INDEX:MMTH,50.36,50.36,48.32,48.46,0.0
2012-05-31 13:30:00,INDEX:MMTH,46.9,48.98,45.7,48.2,0.0
2012-06-01 13:30:00,INDEX:MMTH,43.25,43.51,41.11,41.14,0.0
2012-06-04 13:30:00,INDEX:MMTH,41.48,41.48,38.82,40.51,0.0
2012-06-05 13:30:00,INDEX:MMTH,38.95,42.81,38.95,42.8,0.0
2012-06-06 13:30:00,INDEX:MMTH,44.58,48.87,44.58,48.87,0.0
2012-06-07 13:30:00,INDEX:MMTH,51.53,51.72,47.64,48.7,0.0
2012-06-08 13:30:00,INDEX:MMTH,45.96,50.41,45.44,50.38,0.0
2012-06-11 13:30:00,INDEX:MMTH,51.48,51.48,45.44,45.46,0.0
2012-06-12 13:30:00,INDEX:MMTH,46.14,48.73,45.07,48.73,0.0
2012-06-13 13:30:00,INDEX:MMTH,46.87,48.48,44.77,45.51,0.0
2012-06-14 13:30:00,INDEX:MMTH,45.06,48.42,44.83,48.38,0.0
2012-06-15 13:30:00,INDEX:MMTH,47.22,51.08,47.22,51.03,0.0
2012-06-18 13:30:00,INDEX:MMTH,48.87,51.42,48.87,50.9,0.0
2012-06-19 13:30:00,INDEX:MMTH,52.3,56.0,51.74,55.59,0.0
2012-06-20 13:30:00,INDEX:MMTH,55.0,55.86,54.11,55.15,0.0
2012-06-21 13:30:00,INDEX:MMTH,54.73,54.73,48.04,48.04,0.0
2012-06-22 13:30:00,INDEX:MMTH,49.22,51.96,49.22,51.93,0.0
2012-06-25 13:30:00,INDEX:MMTH,47.14,47.82,46.7,47.5,0.0
2012-06-26 13:30:00,INDEX:MMTH,46.64,49.14,46.09,48.53,0.0
2012-06-27 13:30:00,INDEX:MMTH,48.62,51.15,48.62,50.98,0.0
2012-06-28 13:30:00,INDEX:MMTH,48.92,50.38,47.51,50.38,0.0
2012-06-29 13:30:00,INDEX:MMTH,55.56,57.82,54.52,57.81,0.0
2012-07-02 13:30:00,INDEX:MMTH,58.43,59.64,56.71,59.63,0.0
2012-07-03 13:30:00,INDEX:MMTH,59.69,62.54,59.69,62.54,0.0
2012-07-05 13:30:00,INDEX:MMTH,61.19,62.36,60.48,61.66,0.0
2012-07-06 13:30:00,INDEX:MMTH,58.98,59.55,58.19,59.18,0.0
2012-07-09 13:30:00,INDEX:MMTH,58.12,58.12,56.55,57.58,0.0
2012-07-10 13:30:00,INDEX:MMTH,58.9,58.9,54.76,55.34,0.0
2012-07-11 13:30:00,INDEX:MMTH,54.97,55.87,54.17,55.59,0.0
2012-07-12 13:30:00,INDEX:MMTH,52.42,54.73,51.17,54.03,0.0
2012-07-13 13:30:00,INDEX:MMTH,55.15,57.91,55.15,57.71,0.0
2012-07-16 13:30:00,INDEX:MMTH,56.74,57.31,55.98,56.71,0.0
2012-07-17 13:30:00,INDEX:MMTH,57.98,57.98,55.45,57.7,0.0
2012-07-18 13:30:00,INDEX:MMTH,56.58,59.29,56.58,58.56,0.0
2012-07-19 13:30:00,INDEX:MMTH,58.8,59.32,58.0,58.07,0.0
2012-07-20 13:30:00,INDEX:MMTH,56.26,56.26,54.25,54.3,0.0
2012-07-23 13:30:00,INDEX:MMTH,49.59,51.32,49.25,50.58,0.0
2012-07-24 13:30:00,INDEX:MMTH,50.72,50.72,46.89,47.37,0.0
2012-07-25 13:30:00,INDEX:MMTH,48.71,49.17,47.13,47.72,0.0
2012-07-26 13:30:00,INDEX:MMTH,50.97,50.97,48.9,50.06,0.0
2012-07-27 13:30:00,INDEX:MMTH,50.97,56.11,50.32,55.78,0.0
2012-07-30 13:30:00,INDEX:MMTH,56.2,56.69,54.24,54.5,0.0
2012-07-31 13:30:00,INDEX:MMTH,54.5,55.36,53.16,53.2,0.0
2012-08-01 13:30:00,INDEX:MMTH,54.41,54.41,49.3,49.3,0.0
2012-08-02 13:30:00,INDEX:MMTH,46.95,48.64,46.57,47.82,0.0
2012-08-03 13:30:00,INDEX:MMTH,51.98,55.11,51.98,54.74,0.0
2012-08-06 13:30:00,INDEX:MMTH,54.46,56.44,54.46,55.49,0.0
2012-08-07 13:30:00,INDEX:MMTH,56.94,59.01,56.94,57.88,0.0
2012-08-08 13:30:00,INDEX:MMTH,56.79,57.63,56.7,56.9,0.0
2012-08-09 13:30:00,INDEX:MMTH,56.74,58.16,56.74,57.53,0.0
2012-08-10 13:30:00,INDEX:MMTH,56.65,57.04,56.26,56.86,0.0
2012-08-13 13:30:00,INDEX:MMTH,57.0,57.23,54.16,56.14,0.0
2012-08-14 13:30:00,INDEX:MMTH,57.97,57.97,54.3,54.8,0.0
2012-08-15 13:30:00,INDEX:MMTH,55.44,57.16,55.38,57.16,0.0
2012-08-16 13:30:00,INDEX:MMTH,57.34,59.45,56.42,59.44,0.0
2012-08-17 13:30:00,INDEX:MMTH,59.59,61.25,59.43,61.23,0.0
2012-08-20 13:30:00,INDEX:MMTH,61.13,61.19,59.29,60.83,0.0
2012-08-21 13:30:00,INDEX:MMTH,62.23,63.84,60.56,60.56,0.0
2012-08-22 13:30:00,INDEX:MMTH,59.48,60.06,58.26,59.46,0.0
2012-08-23 13:30:00,INDEX:MMTH,58.98,58.98,57.16,57.24,0.0
2012-08-24 13:30:00,INDEX:MMTH,56.39,58.55,55.83,58.18,0.0
2012-08-27 13:30:00,INDEX:MMTH,59.02,59.02,57.46,57.98,0.0
2012-08-28 13:30:00,INDEX:MMTH,57.48,59.17,57.48,59.14,0.0
2012-08-29 13:30:00,INDEX:MMTH,58.93,59.96,58.7,59.57,0.0
2012-08-30 13:30:00,INDEX:MMTH,57.41,57.48,56.01,56.03,0.0
2012-08-31 13:30:00,INDEX:MMTH,58.48,58.59,55.96,58.05,0.0
2012-09-04 13:30:00,INDEX:MMTH,57.81,59.34,56.08,59.29,0.0
2012-09-05 13:30:00,INDEX:MMTH,59.61,59.75,58.62,58.78,0.0
2012-09-06 13:30:00,INDEX:MMTH,61.64,63.92,61.17,63.76,0.0
2012-09-07 13:30:00,INDEX:MMTH,64.91,65.34,64.62,64.9,0.0
2012-09-10 13:30:00,INDEX:MMTH,65.24,65.49,64.32,64.32,0.0
2012-09-11 13:30:00,INDEX:MMTH,65.39,66.23,64.99,65.24,0.0
2012-09-12 13:30:00,INDEX:MMTH,66.45,66.6,64.72,65.35,0.0
2012-09-13 13:30:00,INDEX:MMTH,65.44,69.33,65.26,68.8,0.0
2012-09-14 13:30:00,INDEX:MMTH,70.37,72.04,70.12,70.65,0.0
2012-09-17 13:30:00,INDEX:MMTH,70.09,70.5,68.55,69.36,0.0
2012-09-18 13:30:00,INDEX:MMTH,68.97,69.29,68.18,68.65,0.0
2012-09-19 13:30:00,INDEX:MMTH,69.18,69.55,68.5,68.5,0.0
2012-09-20 13:30:00,INDEX:MMTH,67.42,67.62,66.59,66.93,0.0
2012-09-21 13:30:00,INDEX:MMTH,69.68,69.68,67.08,67.35,0.0
2012-09-24 13:30:00,INDEX:MMTH,66.53,67.47,66.29,67.17,0.0
2012-09-25 13:30:00,INDEX:MMTH,68.09,68.09,63.5,63.5,0.0
2012-09-26 13:30:00,INDEX:MMTH,63.71,63.71,61.7,62.05,0.0
2012-09-27 13:30:00,INDEX:MMTH,63.16,64.72,62.38,64.18,0.0
2012-09-28 13:30:00,INDEX:MMTH,63.21,63.32,62.22,62.43,0.0
2012-10-01 13:30:00,INDEX:MMTH,63.56,64.52,62.29,62.92,0.0
2012-10-02 13:30:00,INDEX:MMTH,63.91,63.91,61.93,62.49,0.0
2012-10-03 13:30:00,INDEX:MMTH,62.82,62.82,61.29,61.82,0.0
2012-10-04 13:30:00,INDEX:MMTH,62.49,63.65,61.54,63.49,0.0
2012-10-05 13:30:00,INDEX:MMTH,65.26,66.32,63.45,63.48,0.0
2012-10-08 13:30:00,INDEX:MMTH,62.42,63.17,62.16,62.31,0.0
2012-10-09 13:30:00,INDEX:MMTH,61.91,62.14,59.55,59.59,0.0
2012-10-10 13:30:00,INDEX:MMTH,59.79,60.0,57.93,58.59,0.0
2012-10-11 13:30:00,INDEX:MMTH,60.32,60.88,59.26,59.46,0.0
2012-10-12 13:30:00,INDEX:MMTH,59.47,59.68,57.71,57.83,0.0
2012-10-15 13:30:00,INDEX:MMTH,58.66,59.41,57.16,59.41,0.0
2012-10-16 13:30:00,INDEX:MMTH,60.43,61.17,60.34,61.07,0.0
2012-10-17 13:30:00,INDEX:MMTH,61.88,63.7,61.81,63.7,0.0
2012-10-18 13:30:00,INDEX:MMTH,63.0,63.36,61.25,61.25,0.0
2012-10-19 13:30:00,INDEX:MMTH,60.15,60.15,56.33,57.14,0.0
2012-10-22 13:30:00,INDEX:MMTH,57.26,57.77,55.84,57.07,0.0
2012-10-23 13:30:00,INDEX:MMTH,54.0,54.85,52.22,54.22,0.0
2012-10-24 13:30:00,INDEX:MMTH,55.56,55.56,53.27,53.47,0.0
2012-10-25 13:30:00,INDEX:MMTH,55.38,55.38,52.77,54.43,0.0
2012-10-26 13:30:00,INDEX:MMTH,54.18,54.56,52.21,53.35,0.0
2012-10-31 13:30:00,INDEX:MMTH,53.25,54.12,52.2,54.09,0.0
2012-11-01 13:30:00,INDEX:MMTH,54.08,57.51,54.08,57.51,0.0
2012-11-02 13:30:00,INDEX:MMTH,57.8,57.8,53.76,53.76,0.0
2012-11-05 14:30:00,INDEX:MMTH,53.65,55.19,52.98,54.9,0.0
2012-11-06 14:30:00,INDEX:MMTH,55.4,57.34,55.4,57.31,0.0
2012-11-07 14:30:00,INDEX:MMTH,53.5,53.5,49.31,49.38,0.0
2012-11-08 14:30:00,INDEX:MMTH,49.21,49.93,45.63,45.63,0.0
2012-11-09 14:30:00,INDEX:MMTH,44.12,47.59,44.12,46.0,0.0
2012-11-12 14:30:00,INDEX:MMTH,47.23,47.23,45.52,45.71,0.0
2012-11-13 14:30:00,INDEX:MMTH,43.49,46.3,43.49,43.94,0.0
2012-11-14 14:30:00,INDEX:MMTH,44.44,44.44,38.51,38.81,0.0
2012-11-15 14:30:00,INDEX:MMTH,38.05,38.67,36.59,37.5,0.0
2012-11-16 14:30:00,INDEX:MMTH,36.84,39.59,35.9,39.31,0.0
2012-11-19 14:30:00,INDEX:MMTH,42.89,45.39,42.86,45.38,0.0
2012-11-20 14:30:00,INDEX:MMTH,44.64,45.16,43.78,45.14,0.0
2012-11-21 14:30:00,INDEX:MMTH,45.51,46.92,45.21,46.92,0.0
2012-11-23 14:30:00,INDEX:MMTH,48.49,50.78,48.49,50.76,0.0
2012-11-26 14:30:00,INDEX:MMTH,49.18,50.24,48.62,50.23,0.0
2012-11-27 14:30:00,INDEX:MMTH,50.39,51.63,49.85,49.85,0.0
2012-11-28 14:30:00,INDEX:MMTH,48.65,52.01,47.06,52.0,0.0
2012-11-29 14:30:00,INDEX:MMTH,53.52,54.34,52.78,54.19,0.0
2012-11-30 14:30:00,INDEX:MMTH,54.39,54.56,53.06,54.42,0.0
2012-12-03 14:30:00,INDEX:MMTH,55.68,55.68,52.76,52.96,0.0
2012-12-04 14:30:00,INDEX:MMTH,53.32,53.87,51.64,53.16,0.0
2012-12-05 14:30:00,INDEX:MMTH,53.97,54.31,51.86,53.39,0.0
2012-12-06 14:30:00,INDEX:MMTH,53.52,53.7,52.57,53.5,0.0
2012-12-07 14:30:00,INDEX:MMTH,54.81,54.81,52.81,53.86,0.0
2012-12-10 14:30:00,INDEX:MMTH,54.4,54.98,53.99,54.91,0.0
2012-12-11 14:30:00,INDEX:MMTH,56.31,57.34,55.88,57.24,0.0
2012-12-12 14:30:00,INDEX:MMTH,58.32,58.57,56.01,56.01,0.0
2012-12-13 14:30:00,INDEX:MMTH,56.45,56.68,53.78,54.48,0.0
2012-12-14 14:30:00,INDEX:MMTH,54.62,55.35,54.11,54.31,0.0
2012-12-17 14:30:00,INDEX:MMTH,55.69,57.78,55.21,57.77,0.0
2012-12-18 14:30:00,INDEX:MMTH,57.51,60.71,57.51,60.69,0.0
2012-12-19 14:30:00,INDEX:MMTH,61.74,61.94,60.57,60.75,0.0
2012-12-20 14:30:00,INDEX:MMTH,61.59,62.55,60.6,62.55,0.0
2012-12-21 14:30:00,INDEX:MMTH,60.21,61.09,59.22,60.92,0.0
2012-12-24 14:30:00,INDEX:MMTH,60.05,60.05,59.37,59.66,0.0
2012-12-26 14:30:00,INDEX:MMTH,60.0,60.22,58.01,58.01,0.0
2012-12-27 14:30:00,INDEX:MMTH,58.66,58.66,54.6,57.46,0.0
2012-12-28 14:30:00,INDEX:MMTH,56.44,58.08,55.92,55.92,0.0
2012-12-31 14:30:00,INDEX:MMTH,55.7,60.82,55.6,60.82,0.0
2013-01-02 14:30:00,INDEX:MMTH,66.07,68.16,65.6,68.14,0.0
2013-01-03 14:30:00,INDEX:MMTH,68.38,69.65,67.83,68.33,0.0
2013-01-04 14:30:00,INDEX:MMTH,69.88,70.51,69.11,70.25,0.0
2013-01-07 14:30:00,INDEX:MMTH,68.99,69.38,68.3,68.84,0.0
2013-01-08 14:30:00,INDEX:MMTH,69.67,69.67,67.95,68.45,0.0
2013-01-09 14:30:00,INDEX:MMTH,69.61,69.72,68.94,69.63,0.0
2013-01-10 14:30:00,INDEX:MMTH,71.16,71.16,69.72,70.34,0.0
2013-01-11 14:30:00,INDEX:MMTH,71.38,71.38,69.79,70.34,0.0
2013-01-14 14:30:00,INDEX:MMTH,71.38,71.67,70.65,70.98,0.0
2013-01-15 14:30:00,INDEX:MMTH,71.24,71.9,70.8,71.9,0.0
2013-01-16 14:30:00,INDEX:MMTH,72.14,72.14,70.69,70.74,0.0
2013-01-17 14:30:00,INDEX:MMTH,72.92,72.92,72.29,72.5,0.0
2013-01-18 14:30:00,INDEX:MMTH,74.29,74.29,72.57,73.38,0.0
2013-01-22 14:30:00,INDEX:MMTH,73.59,74.59,73.02,74.59,0.0
2013-01-23 14:30:00,INDEX:MMTH,75.96,75.96,74.14,74.14,0.0
2013-01-24 14:30:00,INDEX:MMTH,75.53,75.75,73.94,74.58,0.0
2013-01-25 14:30:00,INDEX:MMTH,76.09,76.09,74.44,74.81,0.0
2013-01-28 14:30:00,INDEX:MMTH,75.8,75.8,74.1,75.12,0.0
2013-01-29 14:30:00,INDEX:MMTH,76.07,76.07,75.16,75.78,0.0
2013-01-30 14:30:00,INDEX:MMTH,76.73,76.73,74.0,74.26,0.0
2013-01-31 14:30:00,INDEX:MMTH,74.57,75.29,74.3,75.1,0.0
2013-02-01 14:30:00,INDEX:MMTH,76.79,76.79,76.08,76.56,0.0
2013-02-04 14:30:00,INDEX:MMTH,76.02,76.27,74.08,74.09,0.0
2013-02-05 14:30:00,INDEX:MMTH,75.62,75.76,75.22,75.5,0.0
2013-02-06 14:30:00,INDEX:MMTH,75.15,75.79,74.77,75.49,0.0
2013-02-07 14:30:00,INDEX:MMTH,76.07,76.07,73.81,74.54,0.0
2013-02-08 14:30:00,INDEX:MMTH,75.96,75.96,75.1,75.13,0.0
2013-02-11 14:30:00,INDEX:MMTH,76.43,76.43,74.76,75.23,0.0
2013-02-12 14:30:00,INDEX:MMTH,76.24,76.24,75.59,76.05,0.0
2013-02-13 14:30:00,INDEX:MMTH,77.13,77.13,75.79,76.26,0.0
2013-02-14 14:30:00,INDEX:MMTH,77.11,77.11,76.2,76.44,0.0
2013-02-15 14:30:00,INDEX:MMTH,77.23,77.23,75.98,76.15,0.0
2013-02-19 14:30:00,INDEX:MMTH,76.8,77.65,76.77,77.62,0.0
2013-02-20 14:30:00,INDEX:MMTH,78.09,78.09,74.86,74.86,0.0
2013-02-21 14:30:00,INDEX:MMTH,74.74,74.74,72.38,73.3,0.0
2013-02-22 14:30:00,INDEX:MMTH,75.17,75.2,73.87,75.2,0.0
2013-02-25 14:30:00,INDEX:MMTH,76.3,76.3,70.95,70.95,0.0
2013-02-26 14:30:00,INDEX:MMTH,72.65,72.88,70.75,71.74,0.0
2013-02-27 14:30:00,INDEX:MMTH,72.17,73.52,72.17,73.05,0.0
2013-02-28 14:30:00,INDEX:MMTH,73.42,73.71,72.64,72.65,0.0
2013-03-01 14:30:00,INDEX:MMTH,71.87,73.0,71.58,73.0,0.0
2013-03-04 14:30:00,INDEX:MMTH,73.53,73.53,72.29,73.51,0.0
2013-03-05 14:30:00,INDEX:MMTH,75.5,75.5,74.53,75.08,0.0
2013-03-06 14:30:00,INDEX:MMTH,75.9,75.9,75.01,75.34,0.0
2013-03-07 14:30:00,INDEX:MMTH,76.02,76.09,75.23,75.86,0.0
2013-03-08 14:30:00,INDEX:MMTH,76.9,76.9,75.92,76.59,0.0
2013-03-11 13:30:00,INDEX:MMTH,76.64,77.07,76.61,76.86,0.0
2013-03-12 13:30:00,INDEX:MMTH,76.99,77.13,76.01,76.21,0.0
2013-03-13 13:30:00,INDEX:MMTH,76.62,76.62,75.95,76.53,0.0
2013-03-14 13:30:00,INDEX:MMTH,77.12,77.87,76.46,77.82,0.0
2013-03-15 13:30:00,INDEX:MMTH,78.07,78.09,77.41,77.59,0.0
2013-03-18 13:30:00,INDEX:MMTH,76.14,77.07,76.14,76.73,0.0
2013-03-19 13:30:00,INDEX:MMTH,77.46,77.46,75.01,75.47,0.0
2013-03-20 13:30:00,INDEX:MMTH,77.4,77.4,76.22,76.84,0.0
2013-03-21 13:30:00,INDEX:MMTH,77.0,77.0,75.85,75.9,0.0
2013-03-22 13:30:00,INDEX:MMTH,77.26,77.26,76.19,76.62,0.0
2013-03-25 13:30:00,INDEX:MMTH,77.23,77.29,75.5,75.94,0.0
2013-03-26 13:30:00,INDEX:MMTH,76.73,76.73,75.35,75.98,0.0
2013-03-27 13:30:00,INDEX:MMTH,75.27,76.0,74.72,75.96,0.0
2013-03-28 13:30:00,INDEX:MMTH,76.64,76.64,75.52,75.93,0.0
2013-04-01 13:30:00,INDEX:MMTH,76.34,76.34,73.19,74.08,0.0
2013-04-02 13:30:00,INDEX:MMTH,75.63,75.63,73.28,73.4,0.0
2013-04-03 13:30:00,INDEX:MMTH,74.84,74.84,70.64,70.66,0.0
2013-04-04 13:30:00,INDEX:MMTH,71.92,71.92,70.41,71.46,0.0
2013-04-05 13:30:00,INDEX:MMTH,69.13,71.08,69.13,71.06,0.0
2013-04-08 13:30:00,INDEX:MMTH,71.74,72.35,70.76,72.33,0.0
2013-04-09 13:30:00,INDEX:MMTH,73.29,73.35,72.08,72.11,0.0
2013-04-10 13:30:00,INDEX:MMTH,74.17,75.06,73.3,75.02,0.0
2013-04-11 13:30:00,INDEX:MMTH,75.36,75.63,74.97,75.16,0.0
2013-04-12 13:30:00,INDEX:MMTH,75.44,75.44,73.73,74.67,0.0
2013-04-15 13:30:00,INDEX:MMTH,73.34,73.34,66.75,66.77,0.0
2013-04-16 13:30:00,INDEX:MMTH,69.21,70.21,68.39,70.19,0.0
2013-04-17 13:30:00,INDEX:MMTH,69.24,69.24,65.12,66.32,0.0
2013-04-18 13:30:00,INDEX:MMTH,67.96,67.96,64.09,64.71,0.0
2013-04-19 13:30:00,INDEX:MMTH,65.38,66.52,64.3,66.46,0.0
2013-04-22 13:30:00,INDEX:MMTH,68.16,68.16,64.07,66.88,0.0
2013-04-23 13:30:00,INDEX:MMTH,69.23,70.4,68.95,70.33,0.0
2013-04-24 13:30:00,INDEX:MMTH,71.38,71.54,70.24,71.42,0.0
2013-04-25 13:30:00,INDEX:MMTH,73.11,73.58,72.6,72.71,0.0
2013-04-26 13:30:00,INDEX:MMTH,72.99,72.99,70.42,70.84,0.0
2013-04-29 13:30:00,INDEX:MMTH,73.12,73.12,72.36,72.81,0.0
2013-04-30 13:30:00,INDEX:MMTH,73.76,73.87,72.69,73.87,0.0
2013-05-01 13:30:00,INDEX:MMTH,73.87,73.87,68.73,68.73,0.0
2013-05-02 13:30:00,INDEX:MMTH,70.06,71.24,69.35,70.99,0.0
2013-05-03 13:30:00,INDEX:MMTH,73.96,74.82,73.96,74.23,0.0
2013-05-06 13:30:00,INDEX:MMTH,75.04,75.04,74.09,75.01,0.0
2013-05-07 13:30:00,INDEX:MMTH,76.29,76.38,75.35,76.38,0.0
2013-05-08 13:30:00,INDEX:MMTH,76.66,77.33,76.5,77.33,0.0
2013-05-09 13:30:00,INDEX:MMTH,77.4,77.4,76.53,76.68,0.0
2013-05-10 13:30:00,INDEX:MMTH,77.25,77.8,76.74,77.8,0.0
2013-05-13 13:30:00,INDEX:MMTH,77.38,77.38,76.36,76.56,0.0
2013-05-14 13:30:00,INDEX:MMTH,77.39,78.21,77.39,78.19,0.0
2013-05-15 13:30:00,INDEX:MMTH,78.16,78.6,77.85,78.31,0.0
2013-05-16 13:30:00,INDEX:MMTH,78.16,78.3,77.32,77.67,0.0
2013-05-17 13:30:00,INDEX:MMTH,78.65,78.92,78.47,78.92,0.0
2013-05-20 13:30:00,INDEX:MMTH,79.24,79.67,78.92,79.11,0.0
2013-05-21 13:30:00,INDEX:MMTH,79.84,80.0,79.02,79.47,0.0
2013-05-22 13:30:00,INDEX:MMTH,79.87,80.56,76.61,77.05,0.0
2013-05-23 13:30:00,INDEX:MMTH,75.61,77.5,75.51,77.5,0.0
2013-05-24 13:30:00,INDEX:MMTH,76.78,76.89,75.42,76.89,0.0
2013-05-28 13:30:00,INDEX:MMTH,78.82,79.65,77.37,77.99,0.0
2013-05-29 13:30:00,INDEX:MMTH,78.07,78.07,75.54,76.36,0.0
2013-05-30 13:30:00,INDEX:MMTH,77.57,77.8,76.89,77.29,0.0
2013-05-31 13:30:00,INDEX:MMTH,76.45,76.93,74.77,74.86,0.0
2013-06-03 13:30:00,INDEX:MMTH,75.7,76.1,74.45,76.1,0.0
2013-06-04 13:30:00,INDEX:MMTH,76.85,76.9,74.08,74.98,0.0
2013-06-05 13:30:00,INDEX:MMTH,74.93,75.0,71.74,71.74,0.0
2013-06-06 13:30:00,INDEX:MMTH,72.29,73.8,71.28,73.8,0.0
2013-06-07 13:30:00,INDEX:MMTH,74.68,75.06,74.0,74.99,0.0
2013-06-10 13:30:00,INDEX:MMTH,75.91,75.91,74.7,75.34,0.0
2013-06-11 13:30:00,INDEX:MMTH,73.0,73.98,72.57,72.59,0.0
2013-06-12 13:30:00,INDEX:MMTH,74.27,74.27,70.23,70.45,0.0
2013-06-13 13:30:00,INDEX:MMTH,70.62,73.84,70.46,73.84,0.0
2013-06-14 13:30:00,INDEX:MMTH,74.3,74.47,72.11,72.11,0.0
2013-06-17 13:30:00,INDEX:MMTH,74.42,74.54,72.65,73.5,0.0
2013-06-18 13:30:00,INDEX:MMTH,74.32,75.47,73.97,75.27,0.0
2013-06-19 13:30:00,INDEX:MMTH,75.46,75.46,71.89,71.92,0.0
2013-06-20 13:30:00,INDEX:MMTH,68.63,68.63,64.84,65.4,0.0
2013-06-21 13:30:00,INDEX:MMTH,66.74,66.74,63.61,66.59,0.0
2013-06-24 13:30:00,INDEX:MMTH,63.48,65.61,61.07,63.89,0.0
2013-06-25 13:30:00,INDEX:MMTH,65.87,66.32,65.01,66.23,0.0
2013-06-26 13:30:00,INDEX:MMTH,68.72,68.72,66.95,67.25,0.0
2013-06-27 13:30:00,INDEX:MMTH,69.54,70.76,69.08,70.71,0.0
2013-06-28 13:30:00,INDEX:MMTH,70.43,70.84,69.94,70.2,0.0
2013-07-01 13:30:00,INDEX:MMTH,72.69,72.87,71.75,72.24,0.0
2013-07-02 13:30:00,INDEX:MMTH,72.34,73.0,71.05,71.74,0.0
2013-07-03 13:30:00,INDEX:MMTH,70.99,72.29,70.8,72.21,0.0
2013-07-05 13:30:00,INDEX:MMTH,73.5,73.52,71.44,73.52,0.0
2013-07-08 13:30:00,INDEX:MMTH,74.44,74.7,73.48,73.82,0.0
2013-07-09 13:30:00,INDEX:MMTH,74.63,75.81,74.3,75.63,0.0
2013-07-10 13:30:00,INDEX:MMTH,75.88,76.08,75.08,76.06,0.0
2013-07-11 13:30:00,INDEX:MMTH,78.24,78.44,77.49,78.27,0.0
2013-07-12 13:30:00,INDEX:MMTH,79.25,79.25,77.92,78.25,0.0
2013-07-15 13:30:00,INDEX:MMTH,79.16,79.16,78.66,79.05,0.0
2013-07-16 13:30:00,INDEX:MMTH,79.38,79.48,78.73,78.9,0.0
2013-07-17 13:30:00,INDEX:MMTH,80.03,80.03,79.08,79.27,0.0
2013-07-18 13:30:00,INDEX:MMTH,79.88,80.51,79.65,80.0,0.0
2013-07-19 13:30:00,INDEX:MMTH,80.76,80.76,79.78,80.22,0.0
2013-07-22 13:30:00,INDEX:MMTH,81.14,81.14,80.36,80.41,0.0
2013-07-23 13:30:00,INDEX:MMTH,81.26,81.31,80.46,80.49,0.0
2013-07-24 13:30:00,INDEX:MMTH,81.2,81.2,79.18,79.39,0.0
2013-07-25 13:30:00,INDEX:MMTH,79.29,80.06,79.28,80.04,0.0
2013-07-26 13:30:00,INDEX:MMTH,79.43,79.59,78.34,79.57,0.0
2013-07-29 13:30:00,INDEX:MMTH,79.17,79.35,78.45,78.59,0.0
2013-07-30 13:30:00,INDEX:MMTH,79.6,79.6,78.49,78.74,0.0
2013-07-31 13:30:00,INDEX:MMTH,79.78,79.78,78.15,78.28,0.0
2013-08-01 13:30:00,INDEX:MMTH,79.91,79.99,79.27,79.39,0.0
2013-08-02 13:30:00,INDEX:MMTH,79.78,79.78,78.85,79.14,0.0
2013-08-05 13:30:00,INDEX:MMTH,78.95,79.34,78.66,79.34,0.0
2013-08-06 13:30:00,INDEX:MMTH,79.05,79.08,77.74,77.75,0.0
2013-08-07 13:30:00,INDEX:MMTH,77.3,77.3,76.43,76.82,0.0
2013-08-08 13:30:00,INDEX:MMTH,77.78,77.78,76.29,76.9,0.0
2013-08-09 13:30:00,INDEX:MMTH,76.88,77.5,76.49,76.95,0.0
2013-08-12 13:30:00,INDEX:MMTH,76.22,77.05,76.22,76.91,0.0
2013-08-13 13:30:00,INDEX:MMTH,76.46,76.46,75.62,76.06,0.0
2013-08-14 13:30:00,INDEX:MMTH,75.8,76.34,75.6,75.88,0.0
2013-08-15 13:30:00,INDEX:MMTH,73.6,73.6,72.36,72.36,0.0
2013-08-16 13:30:00,INDEX:MMTH,72.4,72.89,71.02,71.55,0.0
2013-08-19 13:30:00,INDEX:MMTH,71.01,71.71,69.41,69.41,0.0
2013-08-20 13:30:00,INDEX:MMTH,69.01,71.79,69.01,71.44,0.0
2013-08-21 13:30:00,INDEX:MMTH,70.15,71.26,69.66,69.67,0.0
2013-08-22 13:30:00,INDEX:MMTH,70.34,72.34,70.34,72.34,0.0
2013-08-23 13:30:00,INDEX:MMTH,72.42,72.84,71.89,72.69,0.0
2013-08-26 13:30:00,INDEX:MMTH,72.5,73.14,71.99,72.04,0.0
2013-08-27 13:30:00,INDEX:MMTH,70.48,71.05,68.19,68.19,0.0
2013-08-28 13:30:00,INDEX:MMTH,67.94,68.92,67.84,68.37,0.0
2013-08-29 13:30:00,INDEX:MMTH,67.51,69.79,67.51,69.11,0.0
2013-08-30 13:30:00,INDEX:MMTH,68.46,68.57,66.04,66.5,0.0
2013-09-03 13:30:00,INDEX:MMTH,68.72,68.72,65.59,66.52,0.0
2013-09-04 13:30:00,INDEX:MMTH,65.7,67.92,65.7,67.41,0.0
2013-09-05 13:30:00,INDEX:MMTH,67.93,68.96,67.93,68.34,0.0
2013-09-06 13:30:00,INDEX:MMTH,68.88,69.35,65.93,68.06,0.0
2013-09-09 13:30:00,INDEX:MMTH,69.3,71.66,69.3,71.61,0.0
2013-09-10 13:30:00,INDEX:MMTH,72.48,72.75,71.81,72.24,0.0
2013-09-11 13:30:00,INDEX:MMTH,71.81,72.87,71.74,72.72,0.0
2013-09-12 13:30:00,INDEX:MMTH,72.44,72.44,71.19,71.19,0.0
2013-09-13 13:30:00,INDEX:MMTH,72.04,72.06,71.33,71.89,0.0
2013-09-16 13:30:00,INDEX:MMTH,74.57,74.57,72.13,72.4,0.0
2013-09-17 13:30:00,INDEX:MMTH,72.55,73.76,72.55,73.75,0.0
2013-09-18 13:30:00,INDEX:MMTH,73.45,76.94,72.62,76.79,0.0
2013-09-19 13:30:00,INDEX:MMTH,77.72,77.72,75.63,75.95,0.0
2013-09-20 13:30:00,INDEX:MMTH,76.73,76.73,74.46,75.03,0.0
2013-09-23 13:30:00,INDEX:MMTH,74.49,74.78,73.66,74.2,0.0
2013-09-24 13:30:00,INDEX:MMTH,74.21,75.22,73.18,74.03,0.0
2013-09-25 13:30:00,INDEX:MMTH,73.99,74.93,73.68,73.68,0.0
2013-09-26 13:30:00,INDEX:MMTH,74.36,74.68,73.42,74.24,0.0
2013-09-27 13:30:00,INDEX:MMTH,73.05,73.44,72.76,72.79,0.0
2013-09-30 13:30:00,INDEX:MMTH,71.09,72.53,70.98,72.25,0.0
2013-10-01 13:30:00,INDEX:MMTH,72.43,73.89,72.43,73.89,0.0
2013-10-02 13:30:00,INDEX:MMTH,72.88,73.31,72.55,73.18,0.0
2013-10-03 13:30:00,INDEX:MMTH,73.18,73.18,70.52,71.12,0.0
2013-10-04 13:30:00,INDEX:MMTH,71.42,72.36,71.42,72.14,0.0
2013-10-07 13:30:00,INDEX:MMTH,70.17,71.62,69.94,69.94,0.0
2013-10-08 13:30:00,INDEX:MMTH,69.89,70.3,67.19,67.19,0.0
2013-10-09 13:30:00,INDEX:MMTH,67.97,67.97,66.11,66.93,0.0
2013-10-10 13:30:00,INDEX:MMTH,69.53,71.14,69.53,71.14,0.0
2013-10-11 13:30:00,INDEX:MMTH,71.13,73.49,71.13,73.44,0.0
2013-10-14 13:30:00,INDEX:MMTH,72.36,73.6,72.23,73.59,0.0
2013-10-15 13:30:00,INDEX:MMTH,72.24,73.04,71.44,71.44,0.0
2013-10-16 13:30:00,INDEX:MMTH,73.09,73.79,72.9,73.39,0.0
2013-10-17 13:30:00,INDEX:MMTH,73.02,75.42,73.02,75.42,0.0
2013-10-18 13:30:00,INDEX:MMTH,76.89,76.89,75.97,76.72,0.0
2013-10-21 13:30:00,INDEX:MMTH,76.13,76.46,75.89,76.22,0.0
2013-10-22 13:30:00,INDEX:MMTH,77.22,77.62,76.71,77.27,0.0
2013-10-23 13:30:00,INDEX:MMTH,76.41,76.85,76.17,76.35,0.0
2013-10-24 13:30:00,INDEX:MMTH,76.8,76.84,76.17,76.77,0.0
2013-10-25 13:30:00,INDEX:MMTH,77.43,77.43,76.44,76.77,0.0
2013-10-28 13:30:00,INDEX:MMTH,77.02,77.12,76.29,76.88,0.0
2013-10-29 13:30:00,INDEX:MMTH,77.19,77.25,76.42,77.05,0.0
2013-10-30 13:30:00,INDEX:MMTH,77.36,77.36,74.95,75.12,0.0
2013-10-31 13:30:00,INDEX:MMTH,74.9,75.08,73.64,73.64,0.0
2013-11-01 13:30:00,INDEX:MMTH,73.35,73.87,71.9,73.27,0.0
2013-11-04 14:30:00,INDEX:MMTH,73.78,74.09,72.93,74.07,0.0
2013-11-05 14:30:00,INDEX:MMTH,73.36,73.36,72.28,72.45,0.0
2013-11-06 14:30:00,INDEX:MMTH,73.67,73.67,72.2,72.58,0.0
2013-11-07 14:30:00,INDEX:MMTH,72.87,72.87,69.55,69.6,0.0
2013-11-08 14:30:00,INDEX:MMTH,68.91,71.16,68.91,71.01,0.0
2013-11-11 14:30:00,INDEX:MMTH,71.19,71.35,70.75,70.89,0.0
2013-11-12 14:30:00,INDEX:MMTH,70.23,70.93,69.63,70.61,0.0
2013-11-13 14:30:00,INDEX:MMTH,69.77,71.75,69.68,71.75,0.0
2013-11-14 14:30:00,INDEX:MMTH,72.03,72.21,71.41,72.09,0.0
2013-11-15 14:30:00,INDEX:MMTH,72.46,72.96,71.9,72.95,0.0
2013-11-18 14:30:00,INDEX:MMTH,73.77,73.77,71.79,71.89,0.0
2013-11-19 14:30:00,INDEX:MMTH,71.73,72.31,70.46,70.65,0.0
2013-11-20 14:30:00,INDEX:MMTH,71.29,71.93,69.77,70.07,0.0
2013-11-21 14:30:00,INDEX:MMTH,71.22,72.32,71.21,72.32,0.0
2013-11-22 14:30:00,INDEX:MMTH,72.8,72.98,72.35,72.95,0.0
2013-11-25 14:30:00,INDEX:MMTH,73.74,73.74,72.77,73.02,0.0
2013-11-26 14:30:00,INDEX:MMTH,72.53,73.79,72.53,73.33,0.0
2013-11-27 14:30:00,INDEX:MMTH,73.77,74.24,73.44,74.21,0.0
2013-11-29 14:30:00,INDEX:MMTH,74.74,75.28,74.52,74.64,0.0
2013-12-02 14:30:00,INDEX:MMTH,74.54,74.54,72.5,72.91,0.0
2013-12-03 14:30:00,INDEX:MMTH,72.82,73.29,71.91,72.36,0.0
2013-12-04 14:30:00,INDEX:MMTH,71.11,72.67,70.14,71.59,0.0
2013-12-05 14:30:00,INDEX:MMTH,71.61,71.81,71.02,71.31,0.0
2013-12-06 14:30:00,INDEX:MMTH,73.34,73.54,72.52,72.64,0.0
2013-12-09 14:30:00,INDEX:MMTH,73.0,73.16,71.79,72.15,0.0
2013-12-10 14:30:00,INDEX:MMTH,71.9,72.48,70.5,70.5,0.0
2013-12-11 14:30:00,INDEX:MMTH,70.23,70.36,67.42,67.76,0.0
2013-12-12 14:30:00,INDEX:MMTH,67.55,67.84,66.83,67.32,0.0
2013-12-13 14:30:00,INDEX:MMTH,68.09,68.09,67.04,67.53,0.0
2013-12-16 14:30:00,INDEX:MMTH,68.75,69.64,68.7,69.23,0.0
2013-12-17 14:30:00,INDEX:MMTH,68.92,69.52,68.24,69.37,0.0
2013-12-18 14:30:00,INDEX:MMTH,69.4,71.46,68.59,71.46,0.0
2013-12-19 14:30:00,INDEX:MMTH,71.18,71.28,70.55,70.82,0.0
2013-12-20 14:30:00,INDEX:MMTH,71.45,73.07,71.45,73.07,0.0
2013-12-23 14:30:00,INDEX:MMTH,73.67,74.39,73.4,74.39,0.0
2013-12-24 14:30:00,INDEX:MMTH,74.34,75.5,74.34,74.67,0.0
2013-12-26 14:30:00,INDEX:MMTH,75.02,75.62,74.77,74.8,0.0
2013-12-27 14:30:00,INDEX:MMTH,75.45,75.45,74.58,74.9,0.0
2013-12-30 14:30:00,INDEX:MMTH,74.9,75.41,74.9,75.14,0.0
2013-12-31 14:30:00,INDEX:MMTH,75.45,76.2,75.25,75.87,0.0
2014-01-02 14:30:00,INDEX:MMTH,75.28,75.28,73.63,74.3,0.0
2014-01-03 14:30:00,INDEX:MMTH,75.08,75.14,74.6,74.81,0.0
2014-01-06 14:30:00,INDEX:MMTH,75.03,75.03,73.73,73.74,0.0
2014-01-07 14:30:00,INDEX:MMTH,74.67,75.21,74.42,74.96,0.0
2014-01-08 14:30:00,INDEX:MMTH,74.79,75.01,73.7,73.99,0.0
2014-01-09 14:30:00,INDEX:MMTH,74.35,74.35,72.64,73.52,0.0
2014-01-10 14:30:00,INDEX:MMTH,73.72,74.58,73.64,74.54,0.0
2014-01-13 14:30:00,INDEX:MMTH,74.11,74.22,71.88,72.35,0.0
2014-01-14 14:30:00,INDEX:MMTH,73.57,74.62,73.36,74.49,0.0
2014-01-15 14:30:00,INDEX:MMTH,74.89,75.89,74.89,75.89,0.0
2014-01-16 14:30:00,INDEX:MMTH,75.77,75.98,75.35,75.81,0.0
2014-01-17 14:30:00,INDEX:MMTH,75.86,75.86,74.61,74.97,0.0
2014-01-21 14:30:00,INDEX:MMTH,75.58,76.09,74.34,76.08,0.0
2014-01-22 14:30:00,INDEX:MMTH,76.35,77.06,76.25,76.48,0.0
2014-01-23 14:30:00,INDEX:MMTH,75.76,75.76,73.77,74.38,0.0
2014-01-24 14:30:00,INDEX:MMTH,73.19,73.19,69.25,69.49,0.0
2014-01-27 14:30:00,INDEX:MMTH,69.24,69.58,65.54,66.42,0.0
2014-01-28 14:30:00,INDEX:MMTH,66.46,68.48,66.46,68.47,0.0
2014-01-29 14:30:00,INDEX:MMTH,65.4,67.25,64.64,65.15,0.0
2014-01-30 14:30:00,INDEX:MMTH,66.24,69.1,66.19,67.85,0.0
2014-01-31 14:30:00,INDEX:MMTH,63.67,67.22,63.67,66.09,0.0
2014-02-03 14:30:00,INDEX:MMTH,65.13,65.17,57.54,57.81,0.0
2014-02-04 14:30:00,INDEX:MMTH,58.64,60.08,57.45,59.42,0.0
2014-02-05 14:30:00,INDEX:MMTH,57.39,59.09,55.83,58.1,0.0
2014-02-06 14:30:00,INDEX:MMTH,58.97,60.86,58.97,60.4,0.0
2014-02-07 14:30:00,INDEX:MMTH,60.95,62.39,60.49,62.39,0.0
2014-02-10 14:30:00,INDEX:MMTH,62.12,63.34,61.54,63.24,0.0
2014-02-11 14:30:00,INDEX:MMTH,63.58,66.51,63.58,66.14,0.0
2014-02-12 14:30:00,INDEX:MMTH,66.83,67.65,65.97,66.26,0.0
2014-02-13 14:30:00,INDEX:MMTH,65.07,69.38,65.07,69.17,0.0
2014-02-14 14:30:00,INDEX:MMTH,68.59,69.96,68.31,69.53,0.0
2014-02-18 14:30:00,INDEX:MMTH,70.69,71.53,69.63,71.09,0.0
2014-02-19 14:30:00,INDEX:MMTH,70.48,71.66,68.52,68.64,0.0
2014-02-20 14:30:00,INDEX:MMTH,69.52,70.37,68.93,70.04,0.0
2014-02-21 14:30:00,INDEX:MMTH,70.53,70.88,69.76,69.76,0.0
2014-02-24 14:30:00,INDEX:MMTH,70.82,72.36,70.82,71.43,0.0
2014-02-25 14:30:00,INDEX:MMTH,71.81,71.81,70.16,70.43,0.0
2014-02-26 14:30:00,INDEX:MMTH,70.98,71.96,70.35,71.22,0.0
2014-02-27 14:30:00,INDEX:MMTH,71.32,72.42,70.99,72.38,0.0
2014-02-28 14:30:00,INDEX:MMTH,73.04,73.97,71.97,72.57,0.0
2014-03-03 14:30:00,INDEX:MMTH,71.06,71.35,69.65,70.96,0.0
2014-03-04 14:30:00,INDEX:MMTH,74.26,75.83,74.26,75.29,0.0
2014-03-05 14:30:00,INDEX:MMTH,74.99,75.38,74.84,75.12,0.0
2014-03-06 14:30:00,INDEX:MMTH,76.27,76.27,75.09,75.5,0.0
2014-03-07 14:30:00,INDEX:MMTH,76.55,76.55,74.58,75.01,0.0
2014-03-10 13:30:00,INDEX:MMTH,74.8,75.15,73.97,74.75,0.0
2014-03-11 13:30:00,INDEX:MMTH,75.19,75.24,72.48,73.05,0.0
2014-03-12 13:30:00,INDEX:MMTH,71.97,73.24,71.59,73.16,0.0
2014-03-13 13:30:00,INDEX:MMTH,73.74,73.74,69.91,70.4,0.0
2014-03-14 13:30:00,INDEX:MMTH,70.53,71.43,69.84,70.62,0.0
2014-03-17 13:30:00,INDEX:MMTH,72.21,72.85,71.51,71.68,0.0
2014-03-18 13:30:00,INDEX:MMTH,72.62,73.79,72.12,73.75,0.0
2014-03-19 13:30:00,INDEX:MMTH,74.13,74.13,71.08,71.85,0.0
2014-03-20 13:30:00,INDEX:MMTH,71.52,72.28,70.99,72.0,0.0
2014-03-21 13:30:00,INDEX:MMTH,73.06,74.01,72.12,72.44,0.0
2014-03-24 13:30:00,INDEX:MMTH,73.18,73.18,69.61,70.77,0.0
2014-03-25 13:30:00,INDEX:MMTH,72.59,72.97,70.5,71.14,0.0
2014-03-26 13:30:00,INDEX:MMTH,71.81,71.91,66.97,67.01,0.0
2014-03-27 13:30:00,INDEX:MMTH,66.23,67.82,65.91,66.65,0.0
2014-03-28 13:30:00,INDEX:MMTH,67.15,69.63,66.77,67.1,0.0
2014-03-31 13:30:00,INDEX:MMTH,69.19,70.38,68.83,70.14,0.0
2014-04-01 13:30:00,INDEX:MMTH,71.16,72.66,70.75,72.6,0.0
2014-04-02 13:30:00,INDEX:MMTH,73.24,73.56,72.66,73.5,0.0
2014-04-03 13:30:00,INDEX:MMTH,73.7,73.8,71.34,71.75,0.0
2014-04-04 13:30:00,INDEX:MMTH,73.02,73.02,67.29,67.52,0.0
2014-04-07 13:30:00,INDEX:MMTH,67.25,67.25,62.97,64.0,0.0
2014-04-08 13:30:00,INDEX:MMTH,64.68,66.63,63.85,65.59,0.0
2014-04-09 13:30:00,INDEX:MMTH,67.17,68.49,65.43,68.47,0.0
2014-04-10 13:30:00,INDEX:MMTH,68.48,68.48,61.44,61.64,0.0
2014-04-11 13:30:00,INDEX:MMTH,58.69,61.19,57.65,57.92,0.0
2014-04-14 13:30:00,INDEX:MMTH,60.37,60.37,56.2,58.56,0.0
2014-04-15 13:30:00,INDEX:MMTH,59.09,59.85,53.47,58.52,0.0
2014-04-16 13:30:00,INDEX:MMTH,61.14,61.27,58.85,61.21,0.0
2014-04-17 13:30:00,INDEX:MMTH,60.58,63.45,60.05,63.0,0.0
2014-04-21 13:30:00,INDEX:MMTH,63.82,63.82,61.52,63.53,0.0
2014-04-22 13:30:00,INDEX:MMTH,64.48,66.29,63.49,65.72,0.0
2014-04-23 13:30:00,INDEX:MMTH,65.62,65.62,64.24,64.24,0.0
2014-04-24 13:30:00,INDEX:MMTH,62.81,64.4,62.34,63.13,0.0
2014-04-25 13:30:00,INDEX:MMTH,61.72,61.82,58.58,58.76,0.0
2014-04-28 13:30:00,INDEX:MMTH,60.36,60.36,54.89,57.68,0.0
2014-04-29 13:30:00,INDEX:MMTH,58.95,59.16,57.82,57.82,0.0
2014-04-30 13:30:00,INDEX:MMTH,57.62,58.99,56.02,58.88,0.0
2014-05-01 13:30:00,INDEX:MMTH,58.01,59.41,56.51,58.23,0.0
2014-05-02 13:30:00,INDEX:MMTH,59.32,60.48,58.9,59.27,0.0
2014-05-05 13:30:00,INDEX:MMTH,56.96,58.52,56.96,58.25,0.0
2014-05-06 13:30:00,INDEX:MMTH,57.96,57.96,55.34,55.34,0.0
2014-05-07 13:30:00,INDEX:MMTH,54.67,55.16,52.98,55.16,0.0
2014-05-08 13:30:00,INDEX:MMTH,54.57,57.06,53.57,53.63,0.0
2014-05-09 13:30:00,INDEX:MMTH,52.81,55.57,52.36,55.56,0.0
2014-05-12 13:30:00,INDEX:MMTH,57.13,61.05,57.13,60.55,0.0
2014-05-13 13:30:00,INDEX:MMTH,60.47,60.61,58.32,58.32,0.0
2014-05-14 13:30:00,INDEX:MMTH,57.85,57.85,54.24,54.26,0.0
2014-05-15 13:30:00,INDEX:MMTH,51.79,52.23,49.39,51.93,0.0
2014-05-16 13:30:00,INDEX:MMTH,51.24,52.8,50.05,52.75,0.0
2014-05-19 13:30:00,INDEX:MMTH,52.68,55.14,52.68,54.95,0.0
2014-05-20 13:30:00,INDEX:MMTH,54.08,54.08,50.86,52.11,0.0
2014-05-21 13:30:00,INDEX:MMTH,53.48,53.74,51.49,53.03,0.0
2014-05-22 13:30:00,INDEX:MMTH,53.89,55.57,53.83,55.07,0.0
2014-05-23 13:30:00,INDEX:MMTH,54.91,57.34,54.9,57.18,0.0
2014-05-27 13:30:00,INDEX:MMTH,59.45,60.13,58.78,60.05,0.0
2014-05-28 13:30:00,INDEX:MMTH,60.27,60.27,58.47,59.01,0.0
2014-05-29 13:30:00,INDEX:MMTH,60.05,60.19,58.77,59.88,0.0
2014-05-30 13:30:00,INDEX:MMTH,60.45,60.45,57.87,59.11,0.0
2014-06-02 13:30:00,INDEX:MMTH,59.77,59.77,56.18,57.35,0.0
2014-06-03 13:30:00,INDEX:MMTH,56.53,57.14,55.23,56.6,0.0
2014-06-04 13:30:00,INDEX:MMTH,56.57,57.22,55.84,57.08,0.0
2014-06-05 13:30:00,INDEX:MMTH,59.12,61.48,56.84,61.47,0.0
2014-06-06 13:30:00,INDEX:MMTH,62.57,64.05,62.57,63.7,0.0
2014-06-09 13:30:00,INDEX:MMTH,64.31,65.63,64.13,65.15,0.0
2014-06-10 13:30:00,INDEX:MMTH,65.65,65.65,64.1,64.94,0.0
2014-06-11 13:30:00,INDEX:MMTH,64.18,64.18,62.71,63.48,0.0
2014-06-12 13:30:00,INDEX:MMTH,62.93,62.93,61.22,62.04,0.0
2014-06-13 13:30:00,INDEX:MMTH,62.51,62.51,60.95,61.92,0.0
2014-06-16 13:30:00,INDEX:MMTH,62.1,62.1,60.33,61.57,0.0
2014-06-17 13:30:00,INDEX:MMTH,61.56,63.89,61.56,63.74,0.0
2014-06-18 13:30:00,INDEX:MMTH,64.62,65.22,62.87,65.15,0.0
2014-06-19 13:30:00,INDEX:MMTH,66.49,66.49,64.22,65.11,0.0
2014-06-20 13:30:00,INDEX:MMTH,66.28,66.28,64.52,65.48,0.0
2014-06-23 13:30:00,INDEX:MMTH,66.52,66.52,64.43,64.68,0.0
2014-06-24 13:30:00,INDEX:MMTH,65.31,66.68,62.71,62.71,0.0
2014-06-25 13:30:00,INDEX:MMTH,62.27,63.97,61.98,63.94,0.0
2014-06-26 13:30:00,INDEX:MMTH,64.86,64.86,62.4,63.88,0.0
2014-06-27 13:30:00,INDEX:MMTH,64.39,65.49,64.05,65.49,0.0
2014-06-30 13:30:00,INDEX:MMTH,65.32,66.54,64.65,66.45,0.0
2014-07-01 13:30:00,INDEX:MMTH,68.47,70.24,68.13,69.01,0.0
2014-07-02 13:30:00,INDEX:MMTH,69.94,70.08,68.01,68.17,0.0
2014-07-03 13:30:00,INDEX:MMTH,70.01,70.03,68.97,70.01,0.0
2014-07-07 13:30:00,INDEX:MMTH,69.19,69.19,66.18,66.35,0.0
2014-07-08 13:30:00,INDEX:MMTH,65.77,65.77,61.44,62.6,0.0
2014-07-09 13:30:00,INDEX:MMTH,63.98,63.98,62.25,63.04,0.0
2014-07-10 13:30:00,INDEX:MMTH,58.72,61.08,58.72,59.92,0.0
2014-07-11 13:30:00,INDEX:MMTH,59.99,59.99,58.05,59.16,0.0
2014-07-14 13:30:00,INDEX:MMTH,61.36,61.36,59.99,60.35,0.0
2014-07-15 13:30:00,INDEX:MMTH,61.67,61.67,57.31,58.39,0.0
2014-07-16 13:30:00,INDEX:MMTH,60.13,60.13,57.81,57.81,0.0
2014-07-17 13:30:00,INDEX:MMTH,57.41,57.8,53.69,53.82,0.0
2014-07-18 13:30:00,INDEX:MMTH,55.88,57.62,55.61,57.53,0.0
2014-07-21 13:30:00,INDEX:MMTH,56.31,56.68,54.82,56.11,0.0
2014-07-22 13:30:00,INDEX:MMTH,58.65,58.79,57.33,57.97,0.0
2014-07-23 13:30:00,INDEX:MMTH,58.8,58.84,57.56,58.32,0.0
2014-07-24 13:30:00,INDEX:MMTH,59.45,59.45,57.06,57.28,0.0
2014-07-25 13:30:00,INDEX:MMTH,55.68,55.97,54.37,54.71,0.0
2014-07-28 13:30:00,INDEX:MMTH,55.76,55.76,52.35,53.9,0.0
2014-07-29 13:30:00,INDEX:MMTH,55.16,55.33,53.09,53.1,0.0
2014-07-30 13:30:00,INDEX:MMTH,55.48,55.53,52.9,54.03,0.0
2014-07-31 13:30:00,INDEX:MMTH,50.72,51.24,46.99,47.08,0.0
2014-08-01 13:30:00,INDEX:MMTH,46.84,47.44,43.89,45.65,0.0
2014-08-04 13:30:00,INDEX:MMTH,46.44,47.59,44.19,47.58,0.0
2014-08-05 13:30:00,INDEX:MMTH,46.24,47.69,44.28,45.35,0.0
2014-08-06 13:30:00,INDEX:MMTH,44.17,47.84,44.17,46.93,0.0
2014-08-07 13:30:00,INDEX:MMTH,48.09,48.09,44.58,45.45,0.0
2014-08-08 13:30:00,INDEX:MMTH,46.04,48.37,45.36,48.37,0.0
2014-08-11 13:30:00,INDEX:MMTH,49.65,51.54,49.54,50.03,0.0
2014-08-12 13:30:00,INDEX:MMTH,49.92,50.49,48.49,48.88,0.0
2014-08-13 13:30:00,INDEX:MMTH,50.92,51.18,49.78,50.74,0.0
2014-08-14 13:30:00,INDEX:MMTH,52.67,52.67,51.53,51.86,0.0
2014-08-15 13:30:00,INDEX:MMTH,54.23,54.23,49.67,51.37,0.0
2014-08-18 13:30:00,INDEX:MMTH,54.31,55.34,53.93,55.3,0.0
2014-08-19 13:30:00,INDEX:MMTH,56.43,56.43,55.65,55.9,0.0
2014-08-20 13:30:00,INDEX:MMTH,55.72,55.72,54.4,55.13,0.0
2014-08-21 13:30:00,INDEX:MMTH,56.64,56.92,53.98,56.84,0.0
2014-08-22 13:30:00,INDEX:MMTH,57.46,57.46,55.23,56.16,0.0
2014-08-25 13:30:00,INDEX:MMTH,58.51,58.51,56.5,56.89,0.0
2014-08-26 13:30:00,INDEX:MMTH,58.62,58.77,57.99,58.48,0.0
2014-08-27 13:30:00,INDEX:MMTH,60.08,60.08,57.95,58.36,0.0
2014-08-28 13:30:00,INDEX:MMTH,58.06,58.06,56.71,56.95,0.0
2014-08-29 13:30:00,INDEX:MMTH,57.91,58.46,56.58,58.3,0.0
2014-09-02 13:30:00,INDEX:MMTH,59.65,59.86,58.22,59.46,0.0
2014-09-03 13:30:00,INDEX:MMTH,61.31,61.31,58.03,58.16,0.0
2014-09-04 13:30:00,INDEX:MMTH,60.39,60.6,57.15,57.46,0.0
2014-09-05 13:30:00,INDEX:MMTH,58.13,58.13,56.05,57.8,0.0
2014-09-08 13:30:00,INDEX:MMTH,58.14,58.64,56.24,57.54,0.0
2014-09-09 13:30:00,INDEX:MMTH,57.7,57.7,54.29,54.33,0.0
2014-09-10 13:30:00,INDEX:MMTH,55.96,55.96,53.78,55.83,0.0
2014-09-11 13:30:00,INDEX:MMTH,55.62,56.82,54.57,56.75,0.0
2014-09-12 13:30:00,INDEX:MMTH,57.16,57.16,52.97,53.73,0.0
2014-09-15 13:30:00,INDEX:MMTH,54.1,54.1,50.5,50.6,0.0
2014-09-16 13:30:00,INDEX:MMTH,51.39,52.64,49.78,51.67,0.0
2014-09-17 13:30:00,INDEX:MMTH,53.14,53.34,51.76,51.9,0.0
2014-09-18 13:30:00,INDEX:MMTH,54.34,54.34,52.72,53.15,0.0
2014-09-19 13:30:00,INDEX:MMTH,54.92,54.92,50.6,51.88,0.0
2014-09-22 13:30:00,INDEX:MMTH,50.2,50.2,46.33,46.48,0.0
2014-09-23 13:30:00,INDEX:MMTH,45.99,46.6,43.66,43.69,0.0
2014-09-24 13:30:00,INDEX:MMTH,44.3,45.77,43.19,45.42,0.0
2014-09-25 13:30:00,INDEX:MMTH,43.94,43.94,40.5,40.66,0.0
2014-09-26 13:30:00,INDEX:MMTH,40.65,43.21,40.65,43.21,0.0
2014-09-29 13:30:00,INDEX:MMTH,40.38,42.53,40.38,42.36,0.0
2014-09-30 13:30:00,INDEX:MMTH,41.23,42.52,39.62,39.62,0.0
2014-10-01 13:30:00,INDEX:MMTH,38.69,38.69,34.98,35.79,0.0
2014-10-02 13:30:00,INDEX:MMTH,35.89,37.32,32.52,36.58,0.0
2014-10-03 13:30:00,INDEX:MMTH,38.91,39.8,38.4,39.15,0.0
2014-10-06 13:30:00,INDEX:MMTH,40.69,40.69,37.23,37.58,0.0
2014-10-07 13:30:00,INDEX:MMTH,34.34,36.29,33.12,33.12,0.0
2014-10-08 13:30:00,INDEX:MMTH,32.79,38.11,31.03,38.05,0.0
2014-10-09 13:30:00,INDEX:MMTH,37.34,37.34,31.82,31.84,0.0
2014-10-10 13:30:00,INDEX:MMTH,31.64,32.0,28.0,28.0,0.0
2014-10-13 13:30:00,INDEX:MMTH,28.92,30.66,27.17,27.25,0.0
2014-10-14 13:30:00,INDEX:MMTH,29.12,31.3,27.84,28.92,0.0
2014-10-15 13:30:00,INDEX:MMTH,23.85,29.6,23.85,29.12,0.0
2014-10-16 13:30:00,INDEX:MMTH,25.09,32.22,25.09,31.59,0.0
2014-10-17 13:30:00,INDEX:MMTH,34.46,34.46,31.68,32.71,0.0
2014-10-20 13:30:00,INDEX:MMTH,31.5,35.72,31.5,35.7,0.0
2014-10-21 13:30:00,INDEX:MMTH,36.91,40.51,36.91,40.19,0.0
2014-10-22 13:30:00,INDEX:MMTH,40.57,41.75,37.23,37.25,0.0
2014-10-23 13:30:00,INDEX:MMTH,39.86,42.83,39.8,41.17,0.0
2014-10-24 13:30:00,INDEX:MMTH,42.27,42.33,41.33,42.32,0.0
2014-10-27 13:30:00,INDEX:MMTH,40.79,42.83,39.78,42.58,0.0
2014-10-28 13:30:00,INDEX:MMTH,44.61,48.84,44.61,48.84,0.0
2014-10-29 13:30:00,INDEX:MMTH,49.4,50.01,46.88,48.0,0.0
2014-10-30 13:30:00,INDEX:MMTH,47.92,51.23,47.58,50.59,0.0
2014-10-31 13:30:00,INDEX:MMTH,54.4,54.51,52.92,54.35,0.0
2014-11-03 14:30:00,INDEX:MMTH,54.7,54.73,52.89,53.24,0.0
2014-11-04 14:30:00,INDEX:MMTH,53.08,53.23,51.28,52.37,0.0
2014-11-05 14:30:00,INDEX:MMTH,53.09,53.82,52.73,53.4,0.0
2014-11-06 14:30:00,INDEX:MMTH,53.39,53.74,52.62,53.74,0.0
2014-11-07 14:30:00,INDEX:MMTH,53.97,54.52,53.32,54.41,0.0
2014-11-10 14:30:00,INDEX:MMTH,55.56,55.76,54.78,55.75,0.0
2014-11-11 14:30:00,INDEX:MMTH,55.81,55.81,54.9,55.52,0.0
2014-11-12 14:30:00,INDEX:MMTH,54.93,56.26,54.45,56.26,0.0
2014-11-13 14:30:00,INDEX:MMTH,56.89,57.08,54.08,54.31,0.0
2014-11-14 14:30:00,INDEX:MMTH,55.28,55.28,53.88,54.26,0.0
2014-11-17 14:30:00,INDEX:MMTH,54.19,54.19,52.6,52.97,0.0
2014-11-18 14:30:00,INDEX:MMTH,54.95,55.28,53.9,54.23,0.0
2014-11-19 14:30:00,INDEX:MMTH,53.32,53.32,51.16,52.12,0.0
2014-11-20 14:30:00,INDEX:MMTH,52.19,53.94,51.91,53.9,0.0
2014-11-21 14:30:00,INDEX:MMTH,57.18,57.18,54.23,54.31,0.0
2014-11-24 14:30:00,INDEX:MMTH,55.84,55.91,55.02,55.89,0.0
2014-11-25 14:30:00,INDEX:MMTH,57.21,57.21,55.4,56.1,0.0
2014-11-26 14:30:00,INDEX:MMTH,56.69,57.08,55.89,57.08,0.0
2014-11-28 14:30:00,INDEX:MMTH,57.29,57.29,53.74,53.74,0.0
2014-12-01 14:30:00,INDEX:MMTH,52.33,52.33,49.98,50.07,0.0
2014-12-02 14:30:00,INDEX:MMTH,51.02,53.24,51.02,52.39,0.0
2014-12-03 14:30:00,INDEX:MMTH,53.04,54.69,53.04,54.36,0.0
2014-12-04 14:30:00,INDEX:MMTH,53.71,54.35,52.84,53.32,0.0
2014-12-05 14:30:00,INDEX:MMTH,55.2,55.43,54.2,54.67,0.0
2014-12-08 14:30:00,INDEX:MMTH,54.67,55.78,51.84,51.94,0.0
2014-12-09 14:30:00,INDEX:MMTH,50.48,54.85,50.1,54.83,0.0
2014-12-10 14:30:00,INDEX:MMTH,53.92,53.92,49.82,49.85,0.0
2014-12-11 14:30:00,INDEX:MMTH,51.67,52.81,50.28,50.4,0.0
2014-12-12 14:30:00,INDEX:MMTH,49.21,49.42,47.47,47.47,0.0
2014-12-15 14:30:00,INDEX:MMTH,48.47,48.8,44.87,45.25,0.0
2014-12-16 14:30:00,INDEX:MMTH,44.64,48.24,44.64,45.2,0.0
2014-12-17 14:30:00,INDEX:MMTH,45.61,50.42,45.57,50.36,0.0
2014-12-18 14:30:00,INDEX:MMTH,53.8,53.92,52.07,53.92,0.0
2014-12-19 14:30:00,INDEX:MMTH,54.78,55.01,54.04,54.42,0.0
2014-12-22 14:30:00,INDEX:MMTH,55.6,56.06,54.8,56.03,0.0
2014-12-23 14:30:00,INDEX:MMTH,56.97,56.99,56.15,56.57,0.0
2014-12-24 14:30:00,INDEX:MMTH,57.62,57.62,56.67,56.72,0.0
2014-12-26 14:30:00,INDEX:MMTH,58.41,58.63,57.95,57.99,0.0
2014-12-29 14:30:00,INDEX:MMTH,58.28,59.14,58.02,58.47,0.0
2014-12-30 14:30:00,INDEX:MMTH,58.37,58.66,57.27,57.66,0.0
2014-12-31 14:30:00,INDEX:MMTH,58.01,58.97,57.01,57.06,0.0
2015-01-02 14:30:00,INDEX:MMTH,58.54,58.56,54.76,56.49,0.0
2015-01-05 14:30:00,INDEX:MMTH,55.27,55.27,52.18,52.58,0.0
2015-01-06 14:30:00,INDEX:MMTH,53.24,53.24,48.37,49.79,0.0
2015-01-07 14:30:00,INDEX:MMTH,51.23,51.25,49.65,51.22,0.0
2015-01-08 14:30:00,INDEX:MMTH,53.56,54.89,53.35,54.76,0.0
2015-01-09 14:30:00,INDEX:MMTH,55.16,55.16,52.58,52.82,0.0
2015-01-12 14:30:00,INDEX:MMTH,53.08,53.08,51.26,51.8,0.0
2015-01-13 14:30:00,INDEX:MMTH,54.35,55.21,50.0,51.59,0.0
2015-01-14 14:30:00,INDEX:MMTH,50.04,50.68,47.97,49.92,0.0
2015-01-15 14:30:00,INDEX:MMTH,50.95,50.95,46.67,46.73,0.0
2015-01-16 14:30:00,INDEX:MMTH,47.1,50.15,46.95,50.13,0.0
2015-01-20 14:30:00,INDEX:MMTH,51.83,51.83,48.34,49.44,0.0
2015-01-21 14:30:00,INDEX:MMTH,49.36,50.06,48.34,49.06,0.0
2015-01-22 14:30:00,INDEX:MMTH,50.6,53.02,49.11,53.01,0.0
2015-01-23 14:30:00,INDEX:MMTH,53.75,53.75,51.97,52.04,0.0
2015-01-26 14:30:00,INDEX:MMTH,52.18,53.88,51.8,53.68,0.0
2015-01-27 14:30:00,INDEX:MMTH,51.72,53.14,51.06,52.07,0.0
2015-01-28 14:30:00,INDEX:MMTH,53.64,53.64,48.78,48.93,0.0
2015-01-29 14:30:00,INDEX:MMTH,49.8,51.64,48.56,51.64,0.0
2015-01-30 14:30:00,INDEX:MMTH,51.25,51.25,48.02,48.03,0.0
2015-02-02 14:30:00,INDEX:MMTH,48.94,50.25,47.24,50.19,0.0
2015-02-03 14:30:00,INDEX:MMTH,52.01,53.86,52.01,53.85,0.0
2015-02-04 14:30:00,INDEX:MMTH,53.33,54.14,52.7,52.73,0.0
2015-02-05 14:30:00,INDEX:MMTH,54.43,55.73,54.25,55.24,0.0
2015-02-06 14:30:00,INDEX:MMTH,56.03,56.59,54.78,54.95,0.0
2015-02-09 14:30:00,INDEX:MMTH,54.87,55.53,53.72,53.94,0.0
2015-02-10 14:30:00,INDEX:MMTH,55.4,55.4,52.96,54.35,0.0
2015-02-11 14:30:00,INDEX:MMTH,54.46,54.57,53.18,54.14,0.0
2015-02-12 14:30:00,INDEX:MMTH,55.95,57.24,55.61,57.24,0.0
2015-02-13 14:30:00,INDEX:MMTH,58.15,58.34,57.11,58.13,0.0
2015-02-17 14:30:00,INDEX:MMTH,58.74,59.07,58.0,59.0,0.0
2015-02-18 14:30:00,INDEX:MMTH,58.94,59.15,57.71,58.59,0.0
2015-02-19 14:30:00,INDEX:MMTH,58.97,59.03,57.74,58.39,0.0
2015-02-20 14:30:00,INDEX:MMTH,59.35,59.35,57.33,58.72,0.0
2015-02-23 14:30:00,INDEX:MMTH,58.88,58.88,57.26,57.92,0.0
2015-02-24 14:30:00,INDEX:MMTH,59.12,59.74,58.77,59.51,0.0
2015-02-25 14:30:00,INDEX:MMTH,60.26,60.35,58.97,59.33,0.0
2015-02-26 14:30:00,INDEX:MMTH,60.79,60.79,58.65,59.16,0.0
2015-02-27 14:30:00,INDEX:MMTH,60.05,60.05,58.62,58.65,0.0
2015-03-02 14:30:00,INDEX:MMTH,59.19,60.14,58.94,59.65,0.0
2015-03-03 14:30:00,INDEX:MMTH,60.4,60.4,58.55,58.69,0.0
2015-03-04 14:30:00,INDEX:MMTH,59.09,59.09,56.83,57.1,0.0
2015-03-05 14:30:00,INDEX:MMTH,58.01,58.38,57.19,57.79,0.0
2015-03-06 14:30:00,INDEX:MMTH,56.84,57.73,54.69,54.87,0.0
2015-03-09 13:30:00,INDEX:MMTH,55.94,55.94,55.07,55.13,0.0
2015-03-10 13:30:00,INDEX:MMTH,53.61,53.61,51.56,51.62,0.0
2015-03-11 13:30:00,INDEX:MMTH,52.18,52.82,51.13,52.31,0.0
2015-03-12 13:30:00,INDEX:MMTH,54.83,56.81,54.83,56.81,0.0
2015-03-13 13:30:00,INDEX:MMTH,56.36,56.56,53.5,55.55,0.0
2015-03-16 13:30:00,INDEX:MMTH,56.9,56.95,55.97,56.08,0.0
2015-03-17 13:30:00,INDEX:MMTH,55.85,56.05,55.14,56.04,0.0
2015-03-18 13:30:00,INDEX:MMTH,55.75,58.54,55.33,58.19,0.0
2015-03-19 13:30:00,INDEX:MMTH,58.46,58.46,56.81,57.5,0.0
2015-03-20 13:30:00,INDEX:MMTH,59.83,60.29,59.47,59.62,0.0
2015-03-23 13:30:00,INDEX:MMTH,60.97,61.13,60.58,60.69,0.0
2015-03-24 13:30:00,INDEX:MMTH,61.56,61.56,60.23,60.29,0.0
2015-03-25 13:30:00,INDEX:MMTH,61.86,61.86,56.06,56.11,0.0
2015-03-26 13:30:00,INDEX:MMTH,56.54,56.62,55.83,55.95,0.0
2015-03-27 13:30:00,INDEX:MMTH,56.34,56.44,55.46,56.03,0.0
2015-03-30 13:30:00,INDEX:MMTH,58.45,58.61,57.48,58.61,0.0
2015-03-31 13:30:00,INDEX:MMTH,57.59,58.53,57.07,57.74,0.0
2015-04-01 13:30:00,INDEX:MMTH,58.26,58.26,56.99,58.21,0.0
2015-04-02 13:30:00,INDEX:MMTH,58.87,59.74,58.58,58.97,0.0
2015-04-06 13:30:00,INDEX:MMTH,58.06,60.4,58.06,59.87,0.0
2015-04-07 13:30:00,INDEX:MMTH,60.9,60.9,59.01,59.08,0.0
2015-04-08 13:30:00,INDEX:MMTH,60.46,60.84,59.55,60.31,0.0
2015-04-09 13:30:00,INDEX:MMTH,60.83,60.98,58.3,59.98,0.0
2015-04-10 13:30:00,INDEX:MMTH,62.02,62.02,60.49,60.79,0.0
2015-04-13 13:30:00,INDEX:MMTH,60.67,61.57,60.13,60.29,0.0
2015-04-14 13:30:00,INDEX:MMTH,61.81,61.81,59.98,60.96,0.0
2015-04-15 13:30:00,INDEX:MMTH,62.75,63.33,62.09,62.61,0.0
2015-04-16 13:30:00,INDEX:MMTH,63.13,63.13,62.1,62.46,0.0
2015-04-17 13:30:00,INDEX:MMTH,61.43,61.43,58.55,59.1,0.0
2015-04-20 13:30:00,INDEX:MMTH,60.97,62.0,60.97,61.33,0.0
2015-04-21 13:30:00,INDEX:MMTH,62.97,62.97,60.47,60.68,0.0
2015-04-22 13:30:00,INDEX:MMTH,61.49,61.49,59.76,61.17,0.0
2015-04-23 13:30:00,INDEX:MMTH,61.92,63.18,61.29,62.66,0.0
2015-04-24 13:30:00,INDEX:MMTH,63.69,63.69,62.11,62.6,0.0
2015-04-27 13:30:00,INDEX:MMTH,64.16,64.25,61.13,61.57,0.0
2015-04-28 13:30:00,INDEX:MMTH,61.84,62.85,60.43,62.85,0.0
2015-04-29 13:30:00,INDEX:MMTH,62.16,62.51,60.56,60.66,0.0
2015-04-30 13:30:00,INDEX:MMTH,59.46,59.46,54.84,55.55,0.0
2015-05-01 13:30:00,INDEX:MMTH,57.63,57.86,55.18,56.7,0.0
2015-05-04 13:30:00,INDEX:MMTH,57.86,59.26,57.8,57.88,0.0
2015-05-05 13:30:00,INDEX:MMTH,58.03,58.38,53.08,53.72,0.0
2015-05-06 13:30:00,INDEX:MMTH,55.11,55.11,52.34,53.85,0.0
2015-05-07 13:30:00,INDEX:MMTH,53.85,55.28,52.93,54.79,0.0
2015-05-08 13:30:00,INDEX:MMTH,57.56,57.77,56.18,56.53,0.0
2015-05-11 13:30:00,INDEX:MMTH,56.91,57.66,55.86,56.13,0.0
2015-05-12 13:30:00,INDEX:MMTH,55.16,55.86,53.28,55.44,0.0
2015-05-13 13:30:00,INDEX:MMTH,57.29,57.29,55.27,55.94,0.0
2015-05-14 13:30:00,INDEX:MMTH,57.83,58.18,57.3,57.86,0.0
2015-05-15 13:30:00,INDEX:MMTH,58.71,58.71,57.3,58.04,0.0
2015-05-18 13:30:00,INDEX:MMTH,58.6,60.03,57.96,59.5,0.0
2015-05-19 13:30:00,INDEX:MMTH,59.58,59.58,58.33,58.73,0.0
2015-05-20 13:30:00,INDEX:MMTH,59.59,59.59,58.34,58.7,0.0
2015-05-21 13:30:00,INDEX:MMTH,59.25,59.99,58.45,58.47,0.0
2015-05-22 13:30:00,INDEX:MMTH,58.79,58.89,57.22,57.6,0.0
2015-05-26 13:30:00,INDEX:MMTH,56.81,56.81,53.74,54.14,0.0
2015-05-27 13:30:00,INDEX:MMTH,54.7,56.49,54.7,56.48,0.0
2015-05-28 13:30:00,INDEX:MMTH,56.66,56.66,55.6,55.86,0.0
2015-05-29 13:30:00,INDEX:MMTH,56.15,56.15,53.36,54.14,0.0
2015-06-01 13:30:00,INDEX:MMTH,56.01,56.01,53.4,54.9,0.0
2015-06-02 13:30:00,INDEX:MMTH,54.8,56.65,54.3,55.48,0.0
2015-06-03 13:30:00,INDEX:MMTH,56.91,57.39,56.32,57.33,0.0
2015-06-04 13:30:00,INDEX:MMTH,56.62,56.83,54.8,54.96,0.0
2015-06-05 13:30:00,INDEX:MMTH,54.53,55.79,53.83,55.73,0.0
2015-06-08 13:30:00,INDEX:MMTH,56.05,56.05,54.42,54.42,0.0
2015-06-09 13:30:00,INDEX:MMTH,55.13,55.13,53.15,53.72,0.0
2015-06-10 13:30:00,INDEX:MMTH,55.48,57.63,55.48,56.95,0.0
2015-06-11 13:30:00,INDEX:MMTH,58.01,58.01,57.01,57.12,0.0
2015-06-12 13:30:00,INDEX:MMTH,57.15,57.15,56.16,56.45,0.0
2015-06-15 13:30:00,INDEX:MMTH,54.61,56.0,53.51,55.52,0.0
2015-06-16 13:30:00,INDEX:MMTH,55.43,56.51,55.4,56.32,0.0
2015-06-17 13:30:00,INDEX:MMTH,57.73,57.98,55.61,56.65,0.0
2015-06-18 13:30:00,INDEX:MMTH,58.1,59.11,58.05,58.36,0.0
2015-06-19 13:30:00,INDEX:MMTH,58.25,58.91,57.78,57.91,0.0
2015-06-22 13:30:00,INDEX:MMTH,59.96,59.96,59.03,59.22,0.0
2015-06-23 13:30:00,INDEX:MMTH,59.7,59.7,58.75,59.29,0.0
2015-06-24 13:30:00,INDEX:MMTH,59.92,59.92,57.7,57.75,0.0
2015-06-25 13:30:00,INDEX:MMTH,58.62,58.62,56.69,56.86,0.0
2015-06-26 13:30:00,INDEX:MMTH,58.02,58.24,55.58,56.37,0.0
2015-06-29 13:30:00,INDEX:MMTH,54.58,55.11,50.15,50.17,0.0
2015-06-30 13:30:00,INDEX:MMTH,52.63,52.63,50.68,51.09,0.0
2015-07-01 13:30:00,INDEX:MMTH,52.42,53.02,51.32,51.65,0.0
2015-07-02 13:30:00,INDEX:MMTH,52.84,52.84,50.6,51.04,0.0
2015-07-06 13:30:00,INDEX:MMTH,48.35,50.56,48.35,49.84,0.0
2015-07-07 13:30:00,INDEX:MMTH,48.82,50.09,45.34,49.78,0.0
2015-07-08 13:30:00,INDEX:MMTH,48.38,48.38,44.88,45.66,0.0
2015-07-09 13:30:00,INDEX:MMTH,49.07,49.07,46.34,46.37,0.0
2015-07-10 13:30:00,INDEX:MMTH,49.49,49.92,48.66,49.92,0.0
2015-07-13 13:30:00,INDEX:MMTH,51.57,52.05,51.2,51.7,0.0
2015-07-14 13:30:00,INDEX:MMTH,52.07,52.98,52.07,52.48,0.0
2015-07-15 13:30:00,INDEX:MMTH,52.75,52.75,50.41,50.92,0.0
2015-07-16 13:30:00,INDEX:MMTH,51.75,52.68,51.75,51.96,0.0
2015-07-17 13:30:00,INDEX:MMTH,52.73,52.73,50.49,50.94,0.0
2015-07-20 13:30:00,INDEX:MMTH,51.04,51.04,49.56,49.71,0.0
2015-07-21 13:30:00,INDEX:MMTH,50.74,50.74,48.69,48.88,0.0
2015-07-22 13:30:00,INDEX:MMTH,48.85,49.41,48.71,49.15,0.0
2015-07-23 13:30:00,INDEX:MMTH,49.52,49.52,46.17,46.17,0.0
2015-07-24 13:30:00,INDEX:MMTH,46.02,46.03,43.81,43.89,0.0
2015-07-27 13:30:00,INDEX:MMTH,41.88,43.13,41.88,42.05,0.0
2015-07-28 13:30:00,INDEX:MMTH,42.35,43.75,41.07,43.31,0.0
2015-07-29 13:30:00,INDEX:MMTH,43.99,45.04,43.99,44.68,0.0
2015-07-30 13:30:00,INDEX:MMTH,44.02,45.15,43.77,45.09,0.0
2015-07-31 13:30:00,INDEX:MMTH,47.59,47.64,46.62,46.7,0.0
2015-08-03 13:30:00,INDEX:MMTH,46.99,46.99,44.81,45.81,0.0
2015-08-04 13:30:00,INDEX:MMTH,46.24,46.47,45.08,45.09,0.0
2015-08-05 13:30:00,INDEX:MMTH,46.74,46.81,45.64,45.88,0.0
2015-08-06 13:30:00,INDEX:MMTH,45.35,45.35,42.71,43.69,0.0
2015-08-07 13:30:00,INDEX:MMTH,42.65,43.17,42.43,43.15,0.0
2015-08-10 13:30:00,INDEX:MMTH,44.54,45.2,44.46,45.13,0.0
2015-08-11 13:30:00,INDEX:MMTH,43.97,44.19,42.47,43.05,0.0
2015-08-12 13:30:00,INDEX:MMTH,41.17,42.77,39.73,42.36,0.0
2015-08-13 13:30:00,INDEX:MMTH,42.63,43.41,41.75,42.45,0.0
2015-08-14 13:30:00,INDEX:MMTH,42.19,43.63,41.68,43.62,0.0
2015-08-17 13:30:00,INDEX:MMTH,42.62,45.2,42.57,45.2,0.0
2015-08-18 13:30:00,INDEX:MMTH,45.12,45.12,43.66,43.77,0.0
2015-08-19 13:30:00,INDEX:MMTH,42.85,43.37,40.59,41.74,0.0
2015-08-20 13:30:00,INDEX:MMTH,40.18,40.2,36.44,36.44,0.0
2015-08-21 13:30:00,INDEX:MMTH,33.78,35.41,32.31,32.31,0.0
2015-08-24 13:30:00,INDEX:MMTH,19.98,29.34,19.98,23.17,0.0
2015-08-25 13:30:00,INDEX:MMTH,28.8,28.8,22.64,22.67,0.0
2015-08-26 13:30:00,INDEX:MMTH,26.29,27.34,22.31,27.3,0.0
2015-08-27 13:30:00,INDEX:MMTH,29.14,31.29,27.59,30.95,0.0
2015-08-28 13:30:00,INDEX:MMTH,29.94,31.88,29.69,31.68,0.0
2015-08-31 13:30:00,INDEX:MMTH,31.12,31.91,30.2,31.31,0.0
2015-09-01 13:30:00,INDEX:MMTH,27.45,28.01,25.33,25.79,0.0
2015-09-02 13:30:00,INDEX:MMTH,27.75,28.87,26.08,28.85,0.0
2015-09-03 13:30:00,INDEX:MMTH,29.26,30.83,29.12,29.33,0.0
2015-09-04 13:30:00,INDEX:MMTH,26.33,28.03,26.33,27.5,0.0
2015-09-08 13:30:00,INDEX:MMTH,30.7,31.79,30.05,31.79,0.0
2015-09-09 13:30:00,INDEX:MMTH,33.37,33.37,29.94,29.98,0.0
2015-09-10 13:30:00,INDEX:MMTH,29.19,31.5,29.16,31.08,0.0
2015-09-11 13:30:00,INDEX:MMTH,29.08,31.76,29.03,31.72,0.0
2015-09-14 13:30:00,INDEX:MMTH,31.61,31.61,30.64,31.17,0.0
2015-09-15 13:30:00,INDEX:MMTH,30.79,33.33,30.79,33.21,0.0
2015-09-16 13:30:00,INDEX:MMTH,33.14,34.71,32.84,34.49,0.0
2015-09-17 13:30:00,INDEX:MMTH,34.31,36.8,34.31,34.69,0.0
2015-09-18 13:30:00,INDEX:MMTH,31.75,33.06,31.75,32.2,0.0
2015-09-21 13:30:00,INDEX:MMTH,32.64,34.24,31.61,32.24,0.0
2015-09-22 13:30:00,INDEX:MMTH,29.7,30.34,28.59,29.56,0.0
2015-09-23 13:30:00,INDEX:MMTH,29.26,30.73,29.2,29.8,0.0
2015-09-24 13:30:00,INDEX:MMTH,28.65,29.64,27.84,29.54,0.0
2015-09-25 13:30:00,INDEX:MMTH,30.77,30.77,27.41,27.81,0.0
2015-09-28 13:30:00,INDEX:MMTH,26.45,26.78,23.37,23.42,0.0
2015-09-29 13:30:00,INDEX:MMTH,22.16,23.75,22.04,22.97,0.0
2015-09-30 13:30:00,INDEX:MMTH,23.78,25.6,23.62,25.57,0.0
2015-10-01 13:30:00,INDEX:MMTH,24.73,25.44,23.45,25.13,0.0
2015-10-02 13:30:00,INDEX:MMTH,23.13,27.52,22.45,27.52,0.0
2015-10-05 13:30:00,INDEX:MMTH,28.74,31.47,28.74,31.46,0.0
2015-10-06 13:30:00,INDEX:MMTH,30.54,30.93,29.33,30.28,0.0
2015-10-07 13:30:00,INDEX:MMTH,31.16,33.17,30.4,33.05,0.0
2015-10-08 13:30:00,INDEX:MMTH,32.22,35.79,32.22,35.75,0.0
2015-10-09 13:30:00,INDEX:MMTH,35.94,36.07,34.84,35.51,0.0
2015-10-12 13:30:00,INDEX:MMTH,36.08,36.21,34.94,36.08,0.0
2015-10-13 13:30:00,INDEX:MMTH,35.0,36.74,33.65,33.69,0.0
2015-10-14 13:30:00,INDEX:MMTH,33.75,34.57,31.99,32.03,0.0
2015-10-15 13:30:00,INDEX:MMTH,32.59,37.21,32.51,37.2,0.0
2015-10-16 13:30:00,INDEX:MMTH,37.02,37.15,35.66,37.15,0.0
2015-10-19 13:30:00,INDEX:MMTH,36.13,37.92,36.13,37.5,0.0
2015-10-20 13:30:00,INDEX:MMTH,36.99,38.16,36.77,37.34,0.0
2015-10-21 13:30:00,INDEX:MMTH,37.7,37.7,34.33,34.39,0.0
2015-10-22 13:30:00,INDEX:MMTH,35.94,37.78,35.94,37.22,0.0
2015-10-23 13:30:00,INDEX:MMTH,37.79,39.11,37.27,38.88,0.0
2015-10-26 13:30:00,INDEX:MMTH,38.32,38.45,37.52,38.15,0.0
2015-10-27 13:30:00,INDEX:MMTH,36.83,37.3,35.67,36.09,0.0
2015-10-28 13:30:00,INDEX:MMTH,36.14,40.99,36.14,40.99,0.0
2015-10-29 13:30:00,INDEX:MMTH,40.11,40.74,38.95,39.25,0.0
2015-10-30 13:30:00,INDEX:MMTH,39.67,39.67,38.22,38.49,0.0
2015-11-02 14:30:00,INDEX:MMTH,39.18,42.62,39.18,42.38,0.0
2015-11-03 14:30:00,INDEX:MMTH,42.14,43.54,41.53,42.89,0.0
2015-11-04 14:30:00,INDEX:MMTH,43.67,43.67,41.51,42.22,0.0
2015-11-05 14:30:00,INDEX:MMTH,42.33,42.78,40.91,42.56,0.0
2015-11-06 14:30:00,INDEX:MMTH,42.01,42.68,40.69,42.6,0.0
2015-11-09 14:30:00,INDEX:MMTH,41.79,41.79,39.07,39.79,0.0
2015-11-10 14:30:00,INDEX:MMTH,39.07,40.7,39.05,40.7,0.0
2015-11-11 14:30:00,INDEX:MMTH,41.13,41.13,39.58,39.68,0.0
2015-11-12 14:30:00,INDEX:MMTH,37.67,38.09,35.98,36.03,0.0
2015-11-13 14:30:00,INDEX:MMTH,34.88,35.88,33.72,34.12,0.0
2015-11-16 14:30:00,INDEX:MMTH,33.24,36.64,33.24,36.6,0.0
2015-11-17 14:30:00,INDEX:MMTH,35.55,37.84,35.21,35.98,0.0
2015-11-18 14:30:00,INDEX:MMTH,35.75,39.22,35.57,39.07,0.0
2015-11-19 14:30:00,INDEX:MMTH,38.85,39.47,38.52,39.26,0.0
2015-11-20 14:30:00,INDEX:MMTH,40.13,40.99,40.07,40.56,0.0
2015-11-23 14:30:00,INDEX:MMTH,40.05,41.8,39.96,41.03,0.0
2015-11-24 14:30:00,INDEX:MMTH,39.38,41.94,39.08,41.6,0.0
2015-11-25 14:30:00,INDEX:MMTH,41.69,43.29,41.69,43.09,0.0
2015-11-27 14:30:00,INDEX:MMTH,42.88,44.33,42.57,43.88,0.0
2015-11-30 14:30:00,INDEX:MMTH,44.32,44.6,43.5,43.79,0.0
2015-12-01 14:30:00,INDEX:MMTH,44.87,45.29,43.92,45.2,0.0
2015-12-02 14:30:00,INDEX:MMTH,44.17,44.81,42.39,42.63,0.0
2015-12-03 14:30:00,INDEX:MMTH,42.94,42.94,38.69,38.9,0.0
2015-12-04 14:30:00,INDEX:MMTH,39.44,42.21,39.44,42.21,0.0
2015-12-07 14:30:00,INDEX:MMTH,40.91,40.91,39.13,39.49,0.0
2015-12-08 14:30:00,INDEX:MMTH,37.97,38.96,37.02,38.24,0.0
2015-12-09 14:30:00,INDEX:MMTH,36.97,39.08,35.57,36.0,0.0
2015-12-10 14:30:00,INDEX:MMTH,35.08,37.46,34.91,35.95,0.0
2015-12-11 14:30:00,INDEX:MMTH,32.92,33.95,31.62,32.12,0.0
2015-12-14 14:30:00,INDEX:MMTH,31.91,31.91,29.45,31.72,0.0
2015-12-15 14:30:00,INDEX:MMTH,33.5,35.08,33.24,34.76,0.0
2015-12-16 14:30:00,INDEX:MMTH,35.79,38.09,34.58,37.82,0.0
2015-12-17 14:30:00,INDEX:MMTH,37.46,37.58,35.55,35.65,0.0
2015-12-18 14:30:00,INDEX:MMTH,33.81,34.12,32.35,33.08,0.0
2015-12-21 14:30:00,INDEX:MMTH,33.76,34.52,32.9,34.5,0.0
2015-12-22 14:30:00,INDEX:MMTH,34.21,36.04,33.47,36.04,0.0
2015-12-23 14:30:00,INDEX:MMTH,36.65,38.23,36.48,38.21,0.0
2015-12-24 14:30:00,INDEX:MMTH,37.74,38.75,37.53,38.22,0.0
2015-12-28 14:30:00,INDEX:MMTH,36.86,37.66,36.43,37.66,0.0
2015-12-29 14:30:00,INDEX:MMTH,38.34,40.22,38.29,40.22,0.0
2015-12-30 14:30:00,INDEX:MMTH,38.59,39.3,38.48,38.62,0.0
2015-12-31 14:30:00,INDEX:MMTH,38.17,38.42,36.62,36.71,0.0
2016-01-04 14:30:00,INDEX:MMTH,32.45,32.45,29.57,31.04,0.0
2016-01-05 14:30:00,INDEX:MMTH,30.94,32.21,30.04,32.05,0.0
2016-01-06 14:30:00,INDEX:MMTH,28.33,30.81,28.33,30.06,0.0
2016-01-07 14:30:00,INDEX:MMTH,26.04,27.33,25.12,25.2,0.0
2016-01-08 14:30:00,INDEX:MMTH,25.34,25.34,22.44,22.44,0.0
2016-01-11 14:30:00,INDEX:MMTH,22.45,22.45,20.87,22.14,0.0
2016-01-12 14:30:00,INDEX:MMTH,22.37,22.79,20.7,22.35,0.0
2016-01-13 14:30:00,INDEX:MMTH,21.75,22.11,18.54,18.55,0.0
2016-01-14 14:30:00,INDEX:MMTH,18.55,20.9,16.97,19.91,0.0
2016-01-15 14:30:00,INDEX:MMTH,16.28,17.37,15.05,17.21,0.0
2016-01-19 14:30:00,INDEX:MMTH,17.85,18.46,16.23,17.01,0.0
2016-01-20 14:30:00,INDEX:MMTH,14.5,17.7,13.04,16.8,0.0
2016-01-21 14:30:00,INDEX:MMTH,15.98,17.51,15.24,16.02,0.0
2016-01-22 14:30:00,INDEX:MMTH,17.39,19.54,17.34,19.5,0.0
2016-01-25 14:30:00,INDEX:MMTH,18.28,18.92,17.22,17.28,0.0
2016-01-26 14:30:00,INDEX:MMTH,17.13,19.88,17.01,19.77,0.0
2016-01-27 14:30:00,INDEX:MMTH,18.8,20.22,17.99,18.18,0.0
2016-01-28 14:30:00,INDEX:MMTH,18.68,19.2,17.97,18.93,0.0
2016-01-29 14:30:00,INDEX:MMTH,19.18,24.11,19.18,23.79,0.0
2016-02-01 14:30:00,INDEX:MMTH,21.61,24.1,21.61,23.39,0.0
2016-02-02 14:30:00,INDEX:MMTH,21.65,21.65,20.17,20.34,0.0
2016-02-03 14:30:00,INDEX:MMTH,20.65,20.65,18.54,20.39,0.0
2016-02-04 14:30:00,INDEX:MMTH,20.18,21.3,19.73,21.0,0.0
2016-02-05 14:30:00,INDEX:MMTH,19.71,19.71,17.6,17.6,0.0
2016-02-08 14:30:00,INDEX:MMTH,15.76,17.03,15.05,17.03,0.0
2016-02-09 14:30:00,INDEX:MMTH,14.6,17.21,14.6,16.52,0.0
2016-02-10 14:30:00,INDEX:MMTH,16.44,17.93,16.44,16.61,0.0
2016-02-11 14:30:00,INDEX:MMTH,13.85,15.32,13.76,15.09,0.0
2016-02-12 14:30:00,INDEX:MMTH,14.87,17.5,14.74,17.45,0.0
2016-02-16 14:30:00,INDEX:MMTH,18.32,19.61,17.87,19.42,0.0
2016-02-17 14:30:00,INDEX:MMTH,20.27,21.84,19.98,21.64,0.0
2016-02-18 14:30:00,INDEX:MMTH,20.85,21.8,20.85,21.14,0.0
2016-02-19 14:30:00,INDEX:MMTH,20.28,22.36,20.28,22.2,0.0
2016-02-22 14:30:00,INDEX:MMTH,23.15,24.31,23.15,24.04,0.0
2016-02-23 14:30:00,INDEX:MMTH,23.42,23.76,22.56,22.56,0.0
2016-02-24 14:30:00,INDEX:MMTH,20.98,23.97,20.98,23.9,0.0
2016-02-25 14:30:00,INDEX:MMTH,24.72,25.95,24.21,25.95,0.0
2016-02-26 14:30:00,INDEX:MMTH,26.27,26.83,25.81,26.25,0.0
2016-02-29 14:30:00,INDEX:MMTH,25.98,27.76,25.94,25.94,0.0
2016-03-01 14:30:00,INDEX:MMTH,27.34,30.38,26.83,30.38,0.0
2016-03-02 14:30:00,INDEX:MMTH,29.57,32.01,29.11,31.99,0.0
2016-03-03 14:30:00,INDEX:MMTH,31.85,34.21,31.85,34.11,0.0
2016-03-04 14:30:00,INDEX:MMTH,34.91,36.69,34.35,35.37,0.0
2016-03-07 14:30:00,INDEX:MMTH,34.85,37.64,34.85,37.61,0.0
2016-03-08 14:30:00,INDEX:MMTH,35.6,35.74,33.16,33.16,0.0
2016-03-09 14:30:00,INDEX:MMTH,34.91,35.21,34.13,35.2,0.0
2016-03-10 14:30:00,INDEX:MMTH,36.24,36.37,31.77,33.3,0.0
2016-03-11 14:30:00,INDEX:MMTH,36.22,39.19,36.22,39.16,0.0
2016-03-14 13:30:00,INDEX:MMTH,38.32,38.57,37.15,37.77,0.0
2016-03-15 13:30:00,INDEX:MMTH,36.3,36.58,35.34,35.71,0.0
2016-03-16 13:30:00,INDEX:MMTH,35.34,38.44,35.34,38.32,0.0
2016-03-17 13:30:00,INDEX:MMTH,38.26,42.61,38.15,41.79,0.0
2016-03-18 13:30:00,INDEX:MMTH,42.48,44.18,42.48,43.82,0.0
2016-03-21 13:30:00,INDEX:MMTH,43.75,44.5,42.95,43.51,0.0
2016-03-22 13:30:00,INDEX:MMTH,42.78,43.92,41.75,42.77,0.0
2016-03-23 13:30:00,INDEX:MMTH,42.37,42.37,39.23,39.23,0.0
2016-03-24 13:30:00,INDEX:MMTH,37.31,39.74,37.31,39.67,0.0
2016-03-28 13:30:00,INDEX:MMTH,40.91,41.2,39.34,40.64,0.0
2016-03-29 13:30:00,INDEX:MMTH,40.45,44.66,40.13,44.39,0.0
2016-03-30 13:30:00,INDEX:MMTH,45.77,46.48,45.18,45.71,0.0
2016-03-31 13:30:00,INDEX:MMTH,46.28,46.85,45.5,45.9,0.0
2016-04-01 13:30:00,INDEX:MMTH,43.9,46.87,43.74,46.5,0.0
2016-04-04 13:30:00,INDEX:MMTH,47.19,47.33,44.9,44.9,0.0
2016-04-05 13:30:00,INDEX:MMTH,43.69,44.21,42.81,42.86,0.0
2016-04-06 13:30:00,INDEX:MMTH,43.29,45.4,42.37,45.4,0.0
2016-04-07 13:30:00,INDEX:MMTH,43.94,44.3,41.48,42.3,0.0
2016-04-08 13:30:00,INDEX:MMTH,44.75,45.17,43.18,43.96,0.0
2016-04-11 13:30:00,INDEX:MMTH,45.29,46.73,44.47,44.54,0.0
2016-04-12 13:30:00,INDEX:MMTH,45.09,48.02,44.56,47.61,0.0
2016-04-13 13:30:00,INDEX:MMTH,49.04,52.17,49.04,51.95,0.0
2016-04-14 13:30:00,INDEX:MMTH,52.66,52.74,51.7,52.45,0.0
2016-04-15 13:30:00,INDEX:MMTH,51.88,53.38,51.64,52.26,0.0
2016-04-18 13:30:00,INDEX:MMTH,51.25,54.65,51.25,54.33,0.0
2016-04-19 13:30:00,INDEX:MMTH,55.99,56.75,55.12,56.06,0.0
2016-04-20 13:30:00,INDEX:MMTH,56.47,57.75,55.75,57.06,0.0
2016-04-21 13:30:00,INDEX:MMTH,59.95,59.95,55.68,55.7,0.0
2016-04-22 13:30:00,INDEX:MMTH,56.34,58.2,56.34,57.98,0.0
2016-04-25 13:30:00,INDEX:MMTH,57.81,57.81,55.43,56.36,0.0
2016-04-26 13:30:00,INDEX:MMTH,57.45,58.99,56.47,58.87,0.0
2016-04-27 13:30:00,INDEX:MMTH,58.87,60.14,58.05,59.73,0.0
2016-04-28 13:30:00,INDEX:MMTH,58.4,60.18,57.18,57.3,0.0
2016-04-29 13:30:00,INDEX:MMTH,57.14,57.14,54.32,55.98,0.0
2016-05-02 13:30:00,INDEX:MMTH,56.27,57.1,55.39,56.96,0.0
2016-05-03 13:30:00,INDEX:MMTH,55.55,55.55,52.14,53.85,0.0
2016-05-04 13:30:00,INDEX:MMTH,51.94,53.67,51.52,52.02,0.0
2016-05-05 13:30:00,INDEX:MMTH,52.04,53.25,50.84,50.86,0.0
2016-05-06 13:30:00,INDEX:MMTH,50.74,51.98,50.11,51.98,0.0
2016-05-09 13:30:00,INDEX:MMTH,52.01,52.69,51.09,51.81,0.0
2016-05-10 13:30:00,INDEX:MMTH,52.59,54.4,52.39,54.36,0.0
2016-05-11 13:30:00,INDEX:MMTH,54.29,54.29,52.2,52.22,0.0
2016-05-12 13:30:00,INDEX:MMTH,53.45,53.45,50.33,51.06,0.0
2016-05-13 13:30:00,INDEX:MMTH,50.5,51.73,49.29,49.41,0.0
2016-05-16 13:30:00,INDEX:MMTH,50.76,52.67,50.76,52.06,0.0
2016-05-17 13:30:00,INDEX:MMTH,51.55,52.49,47.91,48.18,0.0
2016-05-18 13:30:00,INDEX:MMTH,48.25,51.14,48.25,50.02,0.0
2016-05-19 13:30:00,INDEX:MMTH,48.97,49.82,46.31,48.04,0.0
2016-05-20 13:30:00,INDEX:MMTH,49.29,51.84,49.29,51.69,0.0
2016-05-23 13:30:00,INDEX:MMTH,52.51,52.94,51.72,51.75,0.0
2016-05-24 13:30:00,INDEX:MMTH,53.43,56.82,53.43,56.82,0.0
2016-05-25 13:30:00,INDEX:MMTH,58.28,58.91,57.99,58.73,0.0
2016-05-26 13:30:00,INDEX:MMTH,59.86,59.86,57.93,58.38,0.0
2016-05-27 13:30:00,INDEX:MMTH,58.43,59.79,58.41,59.76,0.0
2016-05-31 13:30:00,INDEX:MMTH,60.72,60.95,59.41,60.35,0.0
2016-06-01 13:30:00,INDEX:MMTH,59.57,61.79,59.05,61.57,0.0
2016-06-02 13:30:00,INDEX:MMTH,61.86,63.09,61.51,63.07,0.0
2016-06-03 13:30:00,INDEX:MMTH,62.9,62.9,60.58,61.6,0.0
2016-06-06 13:30:00,INDEX:MMTH,62.7,65.0,62.65,64.44,0.0
2016-06-07 13:30:00,INDEX:MMTH,65.38,65.92,64.38,64.95,0.0
2016-06-08 13:30:00,INDEX:MMTH,66.54,66.97,65.53,66.52,0.0
2016-06-09 13:30:00,INDEX:MMTH,65.39,65.39,63.92,64.55,0.0
2016-06-10 13:30:00,INDEX:MMTH,62.85,62.85,60.65,60.94,0.0
2016-06-13 13:30:00,INDEX:MMTH,59.96,60.6,57.74,58.02,0.0
2016-06-14 13:30:00,INDEX:MMTH,57.41,58.29,55.31,56.41,0.0
2016-06-15 13:30:00,INDEX:MMTH,57.09,58.67,56.71,57.13,0.0
2016-06-16 13:30:00,INDEX:MMTH,55.51,56.66,53.4,56.66,0.0
2016-06-17 13:30:00,INDEX:MMTH,57.55,57.56,55.78,56.43,0.0
2016-06-20 13:30:00,INDEX:MMTH,60.51,61.72,59.32,59.38,0.0
2016-06-21 13:30:00,INDEX:MMTH,60.22,60.22,58.15,59.27,0.0
2016-06-22 13:30:00,INDEX:MMTH,60.53,61.32,58.73,58.76,0.0
2016-06-23 13:30:00,INDEX:MMTH,61.6,63.34,61.6,63.04,0.0
2016-06-24 13:30:00,INDEX:MMTH,52.24,56.2,51.6,52.06,0.0
2016-06-27 13:30:00,INDEX:MMTH,48.94,48.94,43.41,43.88,0.0
2016-06-28 13:30:00,INDEX:MMTH,46.8,49.09,46.8,48.54,0.0
2016-06-29 13:30:00,INDEX:MMTH,51.97,53.99,51.22,53.73,0.0
2016-06-30 13:30:00,INDEX:MMTH,54.91,57.69,53.76,57.65,0.0
2016-07-01 13:30:00,INDEX:MMTH,58.54,59.15,57.28,57.96,0.0
2016-07-05 13:30:00,INDEX:MMTH,57.36,57.36,53.97,54.81,0.0
2016-07-06 13:30:00,INDEX:MMTH,54.68,55.84,53.75,55.84,0.0
2016-07-07 13:30:00,INDEX:MMTH,57.47,58.26,55.54,56.61,0.0
2016-07-08 13:30:00,INDEX:MMTH,59.2,62.04,59.2,61.96,0.0
2016-07-11 13:30:00,INDEX:MMTH,63.68,64.74,63.3,64.35,0.0
2016-07-12 13:30:00,INDEX:MMTH,66.87,68.01,66.4,67.49,0.0
2016-07-13 13:30:00,INDEX:MMTH,68.42,68.42,66.5,66.93,0.0
2016-07-14 13:30:00,INDEX:MMTH,69.16,69.16,67.91,68.1,0.0
2016-07-15 13:30:00,INDEX:MMTH,69.14,69.14,67.82,68.19,0.0
2016-07-18 13:30:00,INDEX:MMTH,68.52,68.81,67.99,68.73,0.0
2016-07-19 13:30:00,INDEX:MMTH,68.57,68.68,67.51,67.68,0.0
2016-07-20 13:30:00,INDEX:MMTH,68.64,69.29,68.04,68.99,0.0
2016-07-21 13:30:00,INDEX:MMTH,69.87,69.92,67.65,68.0,0.0
2016-07-22 13:30:00,INDEX:MMTH,68.66,69.69,68.19,69.56,0.0
2016-07-25 13:30:00,INDEX:MMTH,69.8,69.81,68.18,68.29,0.0
2016-07-26 13:30:00,INDEX:MMTH,68.73,69.71,68.48,69.2,0.0
2016-07-27 13:30:00,INDEX:MMTH,70.03,70.48,68.33,69.15,0.0
2016-07-28 13:30:00,INDEX:MMTH,69.82,69.82,68.24,69.08,0.0
2016-07-29 13:30:00,INDEX:MMTH,68.89,69.57,67.59,68.83,0.0
2016-08-01 13:30:00,INDEX:MMTH,69.04,69.27,67.38,67.82,0.0
2016-08-02 13:30:00,INDEX:MMTH,68.09,68.09,64.31,65.12,0.0
2016-08-03 13:30:00,INDEX:MMTH,65.33,67.33,65.33,67.33,0.0
2016-08-04 13:30:00,INDEX:MMTH,68.58,68.61,67.08,67.16,0.0
2016-08-05 13:30:00,INDEX:MMTH,68.79,69.94,68.79,69.88,0.0
2016-08-08 13:30:00,INDEX:MMTH,70.71,76.36,69.67,76.36,0.0
2016-08-09 13:30:00,INDEX:MMTH,70.63,70.63,69.43,69.72,0.0
2016-08-10 13:30:00,INDEX:MMTH,70.58,70.58,68.53,68.81,0.0
2016-08-11 13:30:00,INDEX:MMTH,70.21,70.21,68.94,69.97,0.0
2016-08-12 13:30:00,INDEX:MMTH,70.09,70.24,69.24,69.87,0.0
2016-08-15 13:30:00,INDEX:MMTH,71.11,71.7,71.04,71.44,0.0
2016-08-16 13:30:00,INDEX:MMTH,71.39,71.39,70.17,70.25,0.0
2016-08-17 13:30:00,INDEX:MMTH,71.02,71.02,68.56,69.77,0.0
2016-08-18 13:30:00,INDEX:MMTH,70.73,70.89,70.06,70.89,0.0
2016-08-19 13:30:00,INDEX:MMTH,70.87,71.23,70.42,71.11,0.0
2016-08-22 13:30:00,INDEX:MMTH,71.04,71.43,70.5,71.43,0.0
2016-08-23 13:30:00,INDEX:MMTH,72.31,72.63,72.1,72.1,0.0
2016-08-24 13:30:00,INDEX:MMTH,72.81,73.33,70.81,71.07,0.0
2016-08-25 13:30:00,INDEX:MMTH,71.62,71.82,70.78,71.18,0.0
2016-08-26 13:30:00,INDEX:MMTH,71.89,72.72,69.53,70.72,0.0
2016-08-29 13:30:00,INDEX:MMTH,71.53,71.92,71.35,71.35,0.0
2016-08-30 13:30:00,INDEX:MMTH,72.24,72.36,70.94,71.6,0.0
2016-08-31 13:30:00,INDEX:MMTH,72.14,72.2,70.24,70.98,0.0
2016-09-01 13:30:00,INDEX:MMTH,71.35,71.48,69.69,70.89,0.0
2016-09-02 13:30:00,INDEX:MMTH,72.31,72.46,71.77,72.43,0.0
2016-09-06 13:30:00,INDEX:MMTH,73.17,73.18,72.21,73.18,0.0
2016-09-07 13:30:00,INDEX:MMTH,73.55,73.94,73.2,73.59,0.0
2016-09-08 13:30:00,INDEX:MMTH,74.14,74.4,73.72,74.33,0.0
2016-09-09 13:30:00,INDEX:MMTH,73.73,73.73,68.37,68.4,0.0
2016-09-12 13:30:00,INDEX:MMTH,68.11,71.77,67.95,71.73,0.0
2016-09-13 13:30:00,INDEX:MMTH,70.16,70.16,65.18,66.62,0.0
2016-09-14 13:30:00,INDEX:MMTH,68.79,69.21,65.85,66.24,0.0
2016-09-15 13:30:00,INDEX:MMTH,66.71,68.63,66.51,68.55,0.0
2016-09-16 13:30:00,INDEX:MMTH,68.0,68.46,67.24,68.38,0.0
2016-09-19 13:30:00,INDEX:MMTH,70.0,70.98,68.51,69.1,0.0
2016-09-20 13:30:00,INDEX:MMTH,70.48,70.48,68.55,68.55,0.0
2016-09-21 13:30:00,INDEX:MMTH,70.57,71.31,69.13,71.25,0.0
2016-09-22 13:30:00,INDEX:MMTH,73.67,74.02,72.94,73.76,0.0
2016-09-23 13:30:00,INDEX:MMTH,73.71,73.71,73.01,73.05,0.0
2016-09-26 13:30:00,INDEX:MMTH,71.93,71.94,70.29,70.29,0.0
2016-09-27 13:30:00,INDEX:MMTH,69.67,71.4,69.67,71.4,0.0
2016-09-28 13:30:00,INDEX:MMTH,71.35,72.64,70.5,72.5,0.0
2016-09-29 13:30:00,INDEX:MMTH,72.74,73.03,70.79,70.81,0.0
2016-09-30 13:30:00,INDEX:MMTH,71.95,73.02,70.92,72.62,0.0
2016-10-03 13:30:00,INDEX:MMTH,72.38,72.38,70.73,71.44,0.0
2016-10-04 13:30:00,INDEX:MMTH,71.78,71.78,68.91,69.2,0.0
2016-10-05 13:30:00,INDEX:MMTH,70.03,71.09,69.78,70.25,0.0
2016-10-06 13:30:00,INDEX:MMTH,69.43,70.38,68.67,69.89,0.0
2016-10-07 13:30:00,INDEX:MMTH,70.79,70.79,67.82,68.82,0.0
2016-10-10 13:30:00,INDEX:MMTH,69.79,71.01,69.79,70.84,0.0
2016-10-11 13:30:00,INDEX:MMTH,69.47,69.47,66.03,66.78,0.0
2016-10-12 13:30:00,INDEX:MMTH,66.63,67.55,66.04,66.97,0.0
2016-10-13 13:30:00,INDEX:MMTH,65.07,66.52,64.02,65.77,0.0
2016-10-14 13:30:00,INDEX:MMTH,67.14,67.26,64.84,64.86,0.0
2016-10-17 13:30:00,INDEX:MMTH,64.99,65.42,64.51,64.7,0.0
2016-10-18 13:30:00,INDEX:MMTH,66.94,66.94,65.38,66.1,0.0
2016-10-19 13:30:00,INDEX:MMTH,66.27,67.57,65.51,66.96,0.0
2016-10-20 13:30:00,INDEX:MMTH,65.98,66.67,64.84,66.02,0.0
2016-10-21 13:30:00,INDEX:MMTH,64.75,66.0,64.75,65.88,0.0
2016-10-24 13:30:00,INDEX:MMTH,66.88,67.62,65.95,66.65,0.0
2016-10-25 13:30:00,INDEX:MMTH,65.58,65.58,64.1,64.4,0.0
2016-10-26 13:30:00,INDEX:MMTH,62.81,64.25,62.61,62.66,0.0
2016-10-27 13:30:00,INDEX:MMTH,62.83,62.83,60.27,60.5,0.0
2016-10-28 13:30:00,INDEX:MMTH,59.54,60.92,58.91,59.78,0.0
2016-10-31 13:30:00,INDEX:MMTH,59.2,60.41,58.86,60.26,0.0
2016-11-01 13:30:00,INDEX:MMTH,59.94,59.94,55.64,56.59,0.0
2016-11-02 13:30:00,INDEX:MMTH,55.31,55.93,53.49,53.54,0.0
2016-11-03 13:30:00,INDEX:MMTH,52.8,53.66,51.52,51.66,0.0
2016-11-04 13:30:00,INDEX:MMTH,50.53,53.96,50.53,52.01,0.0
2016-11-07 14:30:00,INDEX:MMTH,55.0,56.65,55.0,56.63,0.0
2016-11-08 14:30:00,INDEX:MMTH,55.34,57.52,55.24,56.71,0.0
2016-11-09 14:30:00,INDEX:MMTH,54.62,61.51,54.3,61.41,0.0
2016-11-10 14:30:00,INDEX:MMTH,62.86,64.21,61.08,63.42,0.0
2016-11-11 14:30:00,INDEX:MMTH,62.8,65.12,62.67,65.1,0.0
2016-11-14 14:30:00,INDEX:MMTH,65.89,66.85,65.89,66.32,0.0
2016-11-15 14:30:00,INDEX:MMTH,66.99,67.9,66.47,67.76,0.0
2016-11-16 14:30:00,INDEX:MMTH,67.52,67.91,67.13,67.81,0.0
2016-11-17 14:30:00,INDEX:MMTH,68.23,68.76,67.96,68.15,0.0
2016-11-18 14:30:00,INDEX:MMTH,68.63,68.63,67.92,68.28,0.0
2016-11-21 14:30:00,INDEX:MMTH,68.92,69.14,68.46,68.93,0.0
2016-11-22 14:30:00,INDEX:MMTH,69.45,70.06,69.03,69.9,0.0
2016-11-23 14:30:00,INDEX:MMTH,69.09,69.71,68.7,69.64,0.0
2016-11-25 14:30:00,INDEX:MMTH,69.95,70.58,69.82,70.58,0.0
2016-11-28 14:30:00,INDEX:MMTH,70.33,70.33,68.97,68.99,0.0
2016-11-29 14:30:00,INDEX:MMTH,68.78,69.3,68.27,68.32,0.0
2016-11-30 14:30:00,INDEX:MMTH,69.45,69.45,67.31,67.4,0.0
2016-12-01 14:30:00,INDEX:MMTH,67.17,67.89,65.08,65.19,0.0
2016-12-02 14:30:00,INDEX:MMTH,64.8,66.33,64.8,65.4,0.0
2016-12-05 14:30:00,INDEX:MMTH,66.14,67.79,66.14,67.73,0.0
2016-12-06 14:30:00,INDEX:MMTH,67.82,68.66,67.14,68.51,0.0
2016-12-07 14:30:00,INDEX:MMTH,68.25,70.09,68.06,70.0,0.0
2016-12-08 14:30:00,INDEX:MMTH,69.97,71.91,69.79,71.74,0.0
2016-12-09 14:30:00,INDEX:MMTH,72.13,72.32,71.69,72.07,0.0
2016-12-12 14:30:00,INDEX:MMTH,71.92,71.92,70.9,71.08,0.0
2016-12-13 14:30:00,INDEX:MMTH,71.64,72.09,70.74,71.56,0.0
2016-12-14 14:30:00,INDEX:MMTH,71.07,71.07,68.62,68.71,0.0
2016-12-15 14:30:00,INDEX:MMTH,68.33,70.0,68.12,68.79,0.0
2016-12-16 14:30:00,INDEX:MMTH,69.47,70.31,68.76,69.43,0.0
2016-12-19 14:30:00,INDEX:MMTH,69.55,70.1,69.23,69.52,0.0
2016-12-20 14:30:00,INDEX:MMTH,70.29,70.29,70.29,70.29,0.0
2016-12-21 14:30:00,INDEX:MMTH,70.14,70.26,69.18,69.2,0.0
2016-12-22 14:30:00,INDEX:MMTH,68.52,68.83,67.26,67.54,0.0
2016-12-23 14:30:00,INDEX:MMTH,67.28,68.85,67.28,68.85,0.0
2016-12-27 14:30:00,INDEX:MMTH,68.28,69.49,68.28,69.27,0.0
2016-12-28 14:30:00,INDEX:MMTH,68.43,68.43,67.16,67.37,0.0
2016-12-29 14:30:00,INDEX:MMTH,67.24,68.12,67.24,68.06,0.0
2016-12-30 14:30:00,INDEX:MMTH,67.37,67.75,66.96,67.39,0.0
2017-01-03 14:30:00,INDEX:MMTH,69.08,69.24,67.72,69.21,0.0
2017-01-04 14:30:00,INDEX:MMTH,70.03,72.1,70.03,72.1,0.0
2017-01-05 14:30:00,INDEX:MMTH,71.39,71.66,70.58,71.54,0.0
2017-01-06 14:30:00,INDEX:MMTH,71.58,71.67,70.61,71.06,0.0
2017-01-09 14:30:00,INDEX:MMTH,70.33,70.71,69.5,69.5,0.0
2017-01-10 14:30:00,INDEX:MMTH,69.89,70.7,69.23,70.22,0.0
2017-01-11 14:30:00,INDEX:MMTH,69.61,70.8,69.61,70.55,0.0
2017-01-12 14:30:00,INDEX:MMTH,69.95,70.02,68.31,69.52,0.0
2017-01-13 14:30:00,INDEX:MMTH,70.57,71.06,70.33,70.74,0.0
2017-01-17 14:30:00,INDEX:MMTH,70.16,70.65,69.84,69.96,0.0
2017-01-18 14:30:00,INDEX:MMTH,70.06,70.06,69.22,69.7,0.0
2017-01-19 14:30:00,INDEX:MMTH,68.86,68.86,67.57,68.16,0.0
2017-01-20 14:30:00,INDEX:MMTH,68.81,69.4,68.57,69.26,0.0
2017-01-23 14:30:00,INDEX:MMTH,68.2,68.79,67.64,68.33,0.0
2017-01-24 14:30:00,INDEX:MMTH,68.82,70.62,68.8,70.41,0.0
2017-01-25 14:30:00,INDEX:MMTH,71.51,71.8,71.1,71.44,0.0
2017-01-26 14:30:00,INDEX:MMTH,71.26,71.26,70.22,70.39,0.0
2017-01-27 14:30:00,INDEX:MMTH,70.36,70.36,68.7,69.58,0.0
2017-01-30 14:30:00,INDEX:MMTH,68.15,68.15,66.55,67.72,0.0
2017-01-31 14:30:00,INDEX:MMTH,67.25,68.94,66.96,68.76,0.0
2017-02-01 14:30:00,INDEX:MMTH,69.52,69.52,67.62,68.51,0.0
2017-02-02 14:30:00,INDEX:MMTH,68.6,69.32,68.6,69.32,0.0
2017-02-03 14:30:00,INDEX:MMTH,69.68,70.78,69.42,70.65,0.0
2017-02-06 14:30:00,INDEX:MMTH,70.2,70.2,68.84,69.2,0.0
2017-02-07 14:30:00,INDEX:MMTH,69.65,69.9,68.6,69.04,0.0
2017-02-08 14:30:00,INDEX:MMTH,68.43,69.17,67.95,69.13,0.0
2017-02-09 14:30:00,INDEX:MMTH,69.89,71.27,69.89,71.19,0.0
2017-02-10 14:30:00,INDEX:MMTH,71.87,72.81,71.73,72.81,0.0
2017-02-13 14:30:00,INDEX:MMTH,73.37,73.44,72.54,72.71,0.0
2017-02-14 14:30:00,INDEX:MMTH,72.94,72.94,71.94,72.67,0.0
2017-02-15 14:30:00,INDEX:MMTH,72.04,73.67,72.04,73.46,0.0
2017-02-16 14:30:00,INDEX:MMTH,74.02,74.02,72.36,72.84,0.0
2017-02-17 14:30:00,INDEX:MMTH,72.46,72.94,71.95,72.9,0.0
2017-02-21 14:30:00,INDEX:MMTH,73.19,73.72,72.82,73.51,0.0
2017-02-22 14:30:00,INDEX:MMTH,73.45,73.45,72.36,72.82,0.0
2017-02-23 14:30:00,INDEX:MMTH,73.13,73.13,71.29,72.15,0.0
2017-02-24 14:30:00,INDEX:MMTH,70.99,72.29,70.82,72.28,0.0
2017-02-27 14:30:00,INDEX:MMTH,71.83,73.34,71.83,73.32,0.0
2017-02-28 14:30:00,INDEX:MMTH,72.35,72.37,70.35,70.53,0.0
2017-03-01 14:30:00,INDEX:MMTH,72.09,72.69,71.75,72.24,0.0
2017-03-02 14:30:00,INDEX:MMTH,71.19,71.72,70.37,70.38,0.0
2017-03-03 14:30:00,INDEX:MMTH,70.7,70.79,68.97,69.57,0.0
2017-03-06 14:30:00,INDEX:MMTH,68.92,68.92,67.89,68.32,0.0
2017-03-07 14:30:00,INDEX:MMTH,68.17,68.17,66.97,67.06,0.0
2017-03-08 14:30:00,INDEX:MMTH,66.99,67.39,65.29,65.31,0.0
2017-03-09 14:30:00,INDEX:MMTH,65.06,65.7,63.68,64.21,0.0
2017-03-10 14:30:00,INDEX:MMTH,65.95,65.95,63.93,64.96,0.0
2017-03-13 13:30:00,INDEX:MMTH,65.2,65.67,64.8,65.53,0.0
2017-03-14 13:30:00,INDEX:MMTH,63.55,63.92,62.65,63.82,0.0
2017-03-15 13:30:00,INDEX:MMTH,64.83,68.27,64.74,67.48,0.0
2017-03-16 13:30:00,INDEX:MMTH,68.04,68.43,67.6,67.9,0.0
2017-03-17 13:30:00,INDEX:MMTH,68.29,68.9,67.66,68.84,0.0
2017-03-20 13:30:00,INDEX:MMTH,68.4,68.4,67.24,67.85,0.0
2017-03-21 13:30:00,INDEX:MMTH,68.97,68.97,63.87,63.91,0.0
2017-03-22 13:30:00,INDEX:MMTH,63.12,63.48,61.58,62.99,0.0
2017-03-23 13:30:00,INDEX:MMTH,62.42,65.21,62.42,64.14,0.0
2017-03-24 13:30:00,INDEX:MMTH,64.75,65.31,63.52,64.11,0.0
2017-03-27 13:30:00,INDEX:MMTH,61.85,64.63,61.72,64.44,0.0
2017-03-28 13:30:00,INDEX:MMTH,64.2,65.84,63.45,65.84,0.0
2017-03-29 13:30:00,INDEX:MMTH,65.5,67.14,65.4,67.14,0.0
2017-03-30 13:30:00,INDEX:MMTH,67.39,67.88,67.03,67.76,0.0
2017-03-31 13:30:00,INDEX:MMTH,67.27,69.15,67.27,68.81,0.0
2017-04-03 13:30:00,INDEX:MMTH,68.92,68.92,66.58,67.31,0.0
2017-04-04 13:30:00,INDEX:MMTH,66.47,67.02,66.01,66.67,0.0
2017-04-05 13:30:00,INDEX:MMTH,67.52,68.4,64.43,64.47,0.0
2017-04-06 13:30:00,INDEX:MMTH,64.03,66.59,64.03,66.15,0.0
2017-04-07 13:30:00,INDEX:MMTH,65.68,66.59,65.39,66.22,0.0
2017-04-10 13:30:00,INDEX:MMTH,66.55,68.0,65.97,67.01,0.0
2017-04-11 13:30:00,INDEX:MMTH,66.99,68.24,65.93,68.24,0.0
2017-04-12 13:30:00,INDEX:MMTH,67.75,67.75,65.16,65.39,0.0
2017-04-13 13:30:00,INDEX:MMTH,64.72,65.46,62.49,62.49,0.0
2017-04-17 13:30:00,INDEX:MMTH,63.56,65.15,62.6,65.15,0.0
2017-04-18 13:30:00,INDEX:MMTH,62.92,64.52,62.56,64.48,0.0
2017-04-19 13:30:00,INDEX:MMTH,65.87,66.0,64.38,64.65,0.0
2017-04-20 13:30:00,INDEX:MMTH,66.18,67.16,65.34,67.07,0.0
2017-04-21 13:30:00,INDEX:MMTH,66.91,67.33,65.88,66.02,0.0
2017-04-24 13:30:00,INDEX:MMTH,68.74,68.74,67.67,68.14,0.0
2017-04-25 13:30:00,INDEX:MMTH,69.47,70.26,69.47,69.97,0.0
2017-04-26 13:30:00,INDEX:MMTH,69.57,71.25,69.57,70.22,0.0
2017-04-27 13:30:00,INDEX:MMTH,70.03,70.42,68.73,69.11,0.0
2017-04-28 13:30:00,INDEX:MMTH,68.72,68.77,67.33,67.38,0.0
2017-05-01 13:30:00,INDEX:MMTH,68.17,68.17,66.95,67.38,0.0
2017-05-02 13:30:00,INDEX:MMTH,67.64,67.77,66.91,67.33,0.0
2017-05-03 13:30:00,INDEX:MMTH,66.29,66.56,64.56,65.11,0.0
2017-05-04 13:30:00,INDEX:MMTH,64.77,64.77,62.61,63.59,0.0
2017-05-05 13:30:00,INDEX:MMTH,63.91,65.09,63.58,65.08,0.0
2017-05-08 13:30:00,INDEX:MMTH,65.02,65.02,63.49,64.41,0.0
2017-05-09 13:30:00,INDEX:MMTH,64.24,64.49,63.56,63.99,0.0
2017-05-10 13:30:00,INDEX:MMTH,63.71,65.24,63.71,64.93,0.0
2017-05-11 13:30:00,INDEX:MMTH,64.11,64.11,62.19,63.59,0.0
2017-05-12 13:30:00,INDEX:MMTH,62.92,63.0,61.68,62.63,0.0
2017-05-15 13:30:00,INDEX:MMTH,63.6,64.92,63.6,64.08,0.0
2017-05-16 13:30:00,INDEX:MMTH,64.81,64.81,62.7,63.34,0.0
2017-05-17 13:30:00,INDEX:MMTH,61.4,61.4,57.55,57.58,0.0
2017-05-18 13:30:00,INDEX:MMTH,56.13,58.3,56.06,57.7,0.0
2017-05-19 13:30:00,INDEX:MMTH,58.17,60.76,58.17,59.78,0.0
2017-05-22 13:30:00,INDEX:MMTH,60.68,61.15,59.82,60.84,0.0
2017-05-23 13:30:00,INDEX:MMTH,61.74,61.74,60.06,61.52,0.0
2017-05-24 13:30:00,INDEX:MMTH,61.46,61.9,60.28,61.03,0.0
2017-05-25 13:30:00,INDEX:MMTH,61.86,61.99,60.15,60.44,0.0
2017-05-26 13:30:00,INDEX:MMTH,60.51,60.63,59.33,60.58,0.0
2017-05-30 13:30:00,INDEX:MMTH,59.46,59.65,58.37,58.66,0.0
2017-05-31 13:30:00,INDEX:MMTH,58.86,58.86,56.06,58.08,0.0
2017-06-01 13:30:00,INDEX:MMTH,58.25,61.82,58.12,61.77,0.0
2017-06-02 13:30:00,INDEX:MMTH,62.44,64.17,62.2,62.63,0.0
2017-06-05 13:30:00,INDEX:MMTH,61.86,62.42,61.11,61.27,0.0
2017-06-06 13:30:00,INDEX:MMTH,59.75,61.12,59.52,60.32,0.0
2017-06-07 13:30:00,INDEX:MMTH,60.09,60.9,59.47,60.23,0.0
2017-06-08 13:30:00,INDEX:MMTH,59.17,62.92,59.17,62.09,0.0
2017-06-09 13:30:00,INDEX:MMTH,62.67,64.88,62.62,64.32,0.0
2017-06-12 13:30:00,INDEX:MMTH,65.19,65.79,64.23,64.46,0.0
2017-06-13 13:30:00,INDEX:MMTH,64.7,65.72,64.51,65.45,0.0
2017-06-14 13:30:00,INDEX:MMTH,65.77,65.77,63.66,64.12,0.0
2017-06-15 13:30:00,INDEX:MMTH,61.92,63.03,61.92,62.95,0.0
2017-06-16 13:30:00,INDEX:MMTH,61.99,62.62,61.39,62.62,0.0
2017-06-19 13:30:00,INDEX:MMTH,63.21,64.05,63.04,63.71,0.0
2017-06-20 13:30:00,INDEX:MMTH,62.34,62.34,61.26,61.48,0.0
2017-06-21 13:30:00,INDEX:MMTH,60.93,61.86,60.1,60.1,0.0
2017-06-22 13:30:00,INDEX:MMTH,60.32,61.49,59.77,60.58,0.0
2017-06-23 13:30:00,INDEX:MMTH,60.96,62.31,60.42,62.19,0.0
2017-06-26 13:30:00,INDEX:MMTH,63.17,63.43,61.75,63.01,0.0
2017-06-27 13:30:00,INDEX:MMTH,63.28,63.42,61.37,61.4,0.0
2017-06-28 13:30:00,INDEX:MMTH,62.72,64.95,62.43,64.88,0.0
2017-06-29 13:30:00,INDEX:MMTH,65.26,65.26,62.02,63.67,0.0
2017-06-30 13:30:00,INDEX:MMTH,64.24,64.26,63.17,63.7,0.0
2017-07-03 13:30:00,INDEX:MMTH,64.39,66.1,64.39,65.81,0.0
2017-07-05 13:30:00,INDEX:MMTH,65.32,65.32,63.08,63.84,0.0
2017-07-06 13:30:00,INDEX:MMTH,62.98,63.15,60.95,61.19,0.0
2017-07-07 13:30:00,INDEX:MMTH,61.17,63.0,61.0,63.0,0.0
2017-07-10 13:30:00,INDEX:MMTH,62.44,63.13,61.4,61.66,0.0
2017-07-11 13:30:00,INDEX:MMTH,61.87,61.94,60.85,61.88,0.0
2017-07-12 13:30:00,INDEX:MMTH,63.3,64.45,63.15,63.62,0.0
2017-07-13 13:30:00,INDEX:MMTH,63.79,63.8,62.87,63.75,0.0
2017-07-14 13:30:00,INDEX:MMTH,64.01,65.04,63.96,64.54,0.0
2017-07-17 13:30:00,INDEX:MMTH,65.07,65.6,64.72,65.16,0.0
2017-07-18 13:30:00,INDEX:MMTH,64.42,64.44,63.42,64.26,0.0
2017-07-19 13:30:00,INDEX:MMTH,65.24,65.82,64.75,65.82,0.0
2017-07-20 13:30:00,INDEX:MMTH,66.42,66.42,65.55,65.78,0.0
2017-07-21 13:30:00,INDEX:MMTH,66.7,66.7,64.43,64.81,0.0
2017-07-24 13:30:00,INDEX:MMTH,64.76,64.76,63.73,64.62,0.0
2017-07-25 13:30:00,INDEX:MMTH,66.3,66.82,66.22,66.35,0.0
2017-07-26 13:30:00,INDEX:MMTH,66.52,66.52,65.1,65.13,0.0
2017-07-27 13:30:00,INDEX:MMTH,65.26,65.72,63.11,63.78,0.0
2017-07-28 13:30:00,INDEX:MMTH,63.38,63.73,62.33,63.3,0.0
2017-07-31 13:30:00,INDEX:MMTH,63.7,63.7,62.19,63.14,0.0
2017-08-01 13:30:00,INDEX:MMTH,64.61,64.61,62.83,63.48,0.0
2017-08-02 13:30:00,INDEX:MMTH,62.48,63.33,60.77,61.02,0.0
2017-08-03 13:30:00,INDEX:MMTH,60.68,61.05,58.79,59.0,0.0
2017-08-04 13:30:00,INDEX:MMTH,59.56,60.23,59.52,60.15,0.0
2017-08-07 13:30:00,INDEX:MMTH,60.29,60.29,58.91,59.14,0.0
2017-08-08 13:30:00,INDEX:MMTH,59.39,60.79,58.07,58.46,0.0
2017-08-09 13:30:00,INDEX:MMTH,57.34,57.34,55.8,56.23,0.0
2017-08-10 13:30:00,INDEX:MMTH,55.08,55.33,52.2,52.26,0.0
2017-08-11 13:30:00,INDEX:MMTH,52.18,52.62,51.49,52.0,0.0
2017-08-14 13:30:00,INDEX:MMTH,53.73,55.33,53.73,55.33,0.0
2017-08-15 13:30:00,INDEX:MMTH,55.48,55.48,53.46,53.52,0.0
2017-08-16 13:30:00,INDEX:MMTH,54.21,55.0,53.48,53.84,0.0
2017-08-17 13:30:00,INDEX:MMTH,52.94,53.51,48.96,48.98,0.0
2017-08-18 13:30:00,INDEX:MMTH,47.79,49.36,47.68,48.89,0.0
2017-08-21 13:30:00,INDEX:MMTH,48.82,48.82,47.85,48.59,0.0
2017-08-22 13:30:00,INDEX:MMTH,49.78,50.29,48.9,50.22,0.0
2017-08-23 13:30:00,INDEX:MMTH,49.63,50.22,49.33,49.81,0.0
2017-08-24 13:30:00,INDEX:MMTH,50.75,50.75,49.88,50.51,0.0
2017-08-25 13:30:00,INDEX:MMTH,51.43,51.52,50.6,51.21,0.0
2017-08-28 13:30:00,INDEX:MMTH,51.97,51.97,50.56,51.15,0.0
2017-08-29 13:30:00,INDEX:MMTH,49.45,51.0,49.25,50.84,0.0
2017-08-30 13:30:00,INDEX:MMTH,50.67,51.97,50.53,51.52,0.0
2017-08-31 13:30:00,INDEX:MMTH,52.64,53.85,52.52,53.43,0.0
2017-09-01 13:30:00,INDEX:MMTH,54.3,54.78,53.9,54.72,0.0
2017-09-05 13:30:00,INDEX:MMTH,54.68,54.68,51.57,52.4,0.0
2017-09-06 13:30:00,INDEX:MMTH,53.75,53.76,52.74,52.92,0.0
2017-09-07 13:30:00,INDEX:MMTH,53.62,53.62,52.18,52.59,0.0
2017-09-08 13:30:00,INDEX:MMTH,52.29,53.06,51.84,52.82,0.0
2017-09-11 13:30:00,INDEX:MMTH,54.79,55.09,54.36,54.81,0.0
2017-09-12 13:30:00,INDEX:MMTH,55.83,56.57,55.71,56.18,0.0
2017-09-13 13:30:00,INDEX:MMTH,56.2,56.91,56.01,56.87,0.0
2017-09-14 13:30:00,INDEX:MMTH,56.78,56.83,56.07,56.52,0.0
2017-09-15 13:30:00,INDEX:MMTH,57.02,57.54,56.47,57.46,0.0
2017-09-18 13:30:00,INDEX:MMTH,58.32,59.26,58.32,58.78,0.0
2017-09-19 13:30:00,INDEX:MMTH,59.2,59.25,58.66,58.88,0.0
2017-09-20 13:30:00,INDEX:MMTH,58.85,59.66,58.46,59.48,0.0
2017-09-21 13:30:00,INDEX:MMTH,59.84,60.02,59.02,59.02,0.0
2017-09-22 13:30:00,INDEX:MMTH,59.51,60.41,59.26,60.38,0.0
2017-09-25 13:30:00,INDEX:MMTH,60.39,61.19,59.86,60.58,0.0
2017-09-26 13:30:00,INDEX:MMTH,61.22,62.27,60.99,61.56,0.0
2017-09-27 13:30:00,INDEX:MMTH,63.26,64.72,61.78,64.35,0.0
2017-09-28 13:30:00,INDEX:MMTH,64.41,64.72,63.47,64.55,0.0
2017-09-29 13:30:00,INDEX:MMTH,65.48,65.58,65.08,65.26,0.0
2017-10-02 13:30:00,INDEX:MMTH,65.62,67.13,65.62,67.13,0.0
2017-10-03 13:30:00,INDEX:MMTH,67.29,67.29,66.39,66.91,0.0
2017-10-04 13:30:00,INDEX:MMTH,67.3,67.84,66.71,66.94,0.0
2017-10-05 13:30:00,INDEX:MMTH,68.13,68.33,67.82,68.07,0.0
2017-10-06 13:30:00,INDEX:MMTH,67.45,67.53,66.81,67.35,0.0
2017-10-09 13:30:00,INDEX:MMTH,67.3,67.35,66.15,66.27,0.0
2017-10-10 13:30:00,INDEX:MMTH,67.78,67.93,66.86,67.24,0.0
2017-10-11 13:30:00,INDEX:MMTH,67.92,67.92,66.92,67.52,0.0
2017-10-12 13:30:00,INDEX:MMTH,66.66,67.56,66.05,66.57,0.0
2017-10-13 13:30:00,INDEX:MMTH,67.81,67.81,66.39,66.66,0.0
2017-10-16 13:30:00,INDEX:MMTH,67.7,67.7,65.9,66.33,0.0
2017-10-17 13:30:00,INDEX:MMTH,66.19,66.4,65.38,65.64,0.0
2017-10-18 13:30:00,INDEX:MMTH,66.03,66.4,65.35,65.84,0.0
2017-10-19 13:30:00,INDEX:MMTH,65.42,65.78,64.81,65.77,0.0
2017-10-20 13:30:00,INDEX:MMTH,67.71,67.71,66.08,66.09,0.0
2017-10-23 13:30:00,INDEX:MMTH,66.83,66.83,65.03,65.03,0.0
2017-10-24 13:30:00,INDEX:MMTH,66.05,66.23,64.86,64.9,0.0
2017-10-25 13:30:00,INDEX:MMTH,64.73,64.73,62.28,63.56,0.0
2017-10-26 13:30:00,INDEX:MMTH,64.0,64.3,63.39,63.47,0.0
2017-10-27 13:30:00,INDEX:MMTH,63.6,64.65,63.09,64.64,0.0
2017-10-30 13:30:00,INDEX:MMTH,64.48,64.72,62.33,62.77,0.0
2017-10-31 13:30:00,INDEX:MMTH,64.09,64.09,63.27,63.4,0.0
2017-11-01 13:30:00,INDEX:MMTH,64.57,64.6,62.1,62.67,0.0
2017-11-02 13:30:00,INDEX:MMTH,62.79,63.01,61.84,62.77,0.0
2017-11-03 13:30:00,INDEX:MMTH,62.5,62.89,62.07,62.29,0.0
2017-11-06 14:30:00,INDEX:MMTH,62.96,63.62,62.79,63.02,0.0
2017-11-07 14:30:00,INDEX:MMTH,63.25,63.25,59.69,59.72,0.0
2017-11-08 14:30:00,INDEX:MMTH,59.4,59.79,58.36,59.51,0.0
2017-11-09 14:30:00,INDEX:MMTH,58.54,59.32,57.44,59.11,0.0
2017-11-10 14:30:00,INDEX:MMTH,58.85,59.86,58.85,58.96,0.0
2017-11-13 14:30:00,INDEX:MMTH,58.16,59.26,57.8,58.87,0.0
2017-11-14 14:30:00,INDEX:MMTH,57.85,58.31,57.45,58.31,0.0
2017-11-15 14:30:00,INDEX:MMTH,56.21,58.0,55.98,57.41,0.0
2017-11-16 14:30:00,INDEX:MMTH,58.08,60.5,58.08,60.0,0.0
2017-11-17 14:30:00,INDEX:MMTH,59.68,61.21,59.68,61.19,0.0
2017-11-20 14:30:00,INDEX:MMTH,61.17,61.58,60.47,61.58,0.0
2017-11-21 14:30:00,INDEX:MMTH,63.0,63.85,62.86,63.12,0.0
2017-11-22 14:30:00,INDEX:MMTH,63.87,64.67,63.75,63.75,0.0
2017-11-24 14:30:00,INDEX:MMTH,64.45,64.52,63.51,64.01,0.0
2017-11-27 14:30:00,INDEX:MMTH,63.88,64.26,62.84,62.86,0.0
2017-11-28 14:30:00,INDEX:MMTH,63.48,65.28,63.28,65.11,0.0
2017-11-29 14:30:00,INDEX:MMTH,65.7,66.56,65.7,65.93,0.0
2017-11-30 14:30:00,INDEX:MMTH,67.47,67.47,66.07,66.07,0.0
2017-12-01 14:30:00,INDEX:MMTH,66.65,66.65,62.03,65.45,0.0
2017-12-04 14:30:00,INDEX:MMTH,68.16,68.17,65.62,65.72,0.0
2017-12-05 14:30:00,INDEX:MMTH,66.01,66.01,63.82,63.85,0.0
2017-12-06 14:30:00,INDEX:MMTH,63.37,63.53,61.83,62.25,0.0
2017-12-07 14:30:00,INDEX:MMTH,62.11,63.69,62.11,63.18,0.0
2017-12-08 14:30:00,INDEX:MMTH,64.64,64.64,63.15,63.18,0.0
2017-12-11 14:30:00,INDEX:MMTH,63.84,64.13,63.24,63.55,0.0
2017-12-12 14:30:00,INDEX:MMTH,64.53,64.62,63.48,63.51,0.0
2017-12-13 14:30:00,INDEX:MMTH,64.07,65.06,63.85,63.85,0.0
2017-12-14 14:30:00,INDEX:MMTH,64.41,64.41,62.02,62.22,0.0
2017-12-15 14:30:00,INDEX:MMTH,63.62,65.89,63.55,64.84,0.0
2017-12-18 14:30:00,INDEX:MMTH,66.99,67.51,66.26,66.37,0.0
2017-12-19 14:30:00,INDEX:MMTH,67.0,67.0,64.75,64.75,0.0
2017-12-20 14:30:00,INDEX:MMTH,66.07,66.07,64.89,65.05,0.0
2017-12-21 14:30:00,INDEX:MMTH,66.43,66.78,65.84,66.1,0.0
2017-12-22 14:30:00,INDEX:MMTH,66.62,66.62,65.81,65.85,0.0
2017-12-26 14:30:00,INDEX:MMTH,66.37,66.61,65.67,65.68,0.0
2017-12-27 14:30:00,INDEX:MMTH,65.89,66.57,65.45,65.49,0.0
2017-12-28 14:30:00,INDEX:MMTH,66.0,66.4,64.92,66.4,0.0
2017-12-29 14:30:00,INDEX:MMTH,66.8,66.8,64.95,64.99,0.0
2018-01-02 14:30:00,INDEX:MMTH,66.37,67.46,66.15,66.54,0.0
2018-01-03 14:30:00,INDEX:MMTH,67.29,67.79,66.37,67.13,0.0
2018-01-04 14:30:00,INDEX:MMTH,68.97,69.03,67.5,67.85,0.0
2018-01-05 14:30:00,INDEX:MMTH,68.55,68.94,67.71,68.38,0.0
2018-01-08 14:30:00,INDEX:MMTH,68.51,68.98,67.76,68.76,0.0
2018-01-09 14:30:00,INDEX:MMTH,69.13,69.13,67.87,67.87,0.0
2018-01-10 14:30:00,INDEX:MMTH,67.78,67.78,66.94,67.36,0.0
2018-01-11 14:30:00,INDEX:MMTH,67.6,70.22,67.6,70.22,0.0
2018-01-12 14:30:00,INDEX:MMTH,70.79,71.13,70.46,71.07,0.0
2018-01-16 14:30:00,INDEX:MMTH,71.73,72.47,69.23,69.23,0.0
2018-01-17 14:30:00,INDEX:MMTH,70.8,70.92,69.6,70.86,0.0
2018-01-18 14:30:00,INDEX:MMTH,70.83,70.83,68.81,68.81,0.0
2018-01-19 14:30:00,INDEX:MMTH,69.36,70.87,69.2,70.86,0.0
2018-01-22 14:30:00,INDEX:MMTH,71.1,71.52,70.65,71.42,0.0
2018-01-23 14:30:00,INDEX:MMTH,71.98,72.61,71.05,72.47,0.0
2018-01-24 14:30:00,INDEX:MMTH,73.53,73.53,71.02,71.31,0.0
2018-01-25 14:30:00,INDEX:MMTH,72.69,72.69,70.31,71.09,0.0
2018-01-26 14:30:00,INDEX:MMTH,71.65,71.65,70.53,71.55,0.0
2018-01-29 14:30:00,INDEX:MMTH,71.0,71.0,69.36,69.36,0.0
2018-01-30 14:30:00,INDEX:MMTH,69.35,69.35,67.03,67.36,0.0
2018-01-31 14:30:00,INDEX:MMTH,68.51,68.51,66.11,66.59,0.0
2018-02-01 14:30:00,INDEX:MMTH,66.48,66.48,65.47,66.26,0.0
2018-02-02 14:30:00,INDEX:MMTH,65.01,65.01,61.75,61.79,0.0
2018-02-05 14:30:00,INDEX:MMTH,61.2,61.2,52.88,52.96,0.0
2018-02-06 14:30:00,INDEX:MMTH,48.88,55.96,48.88,55.43,0.0
2018-02-07 14:30:00,INDEX:MMTH,56.28,57.5,54.63,54.86,0.0
2018-02-08 14:30:00,INDEX:MMTH,55.88,55.88,46.73,46.73,0.0
2018-02-09 14:30:00,INDEX:MMTH,49.64,50.15,43.22,49.01,0.0
2018-02-12 14:30:00,INDEX:MMTH,51.01,52.45,48.57,51.25,0.0
2018-02-13 14:30:00,INDEX:MMTH,50.43,52.06,49.38,51.95,0.0
2018-02-14 14:30:00,INDEX:MMTH,50.93,56.01,50.93,55.89,0.0
2018-02-15 14:30:00,INDEX:MMTH,57.66,57.84,55.53,57.83,0.0
2018-02-16 14:30:00,INDEX:MMTH,56.96,59.66,56.96,57.82,0.0
2018-02-20 14:30:00,INDEX:MMTH,56.82,58.32,55.56,55.65,0.0
2018-02-21 14:30:00,INDEX:MMTH,56.77,58.8,55.9,55.9,0.0
2018-02-22 14:30:00,INDEX:MMTH,57.01,57.91,55.16,55.16,0.0
2018-02-23 14:30:00,INDEX:MMTH,57.16,57.42,55.59,57.42,0.0
2018-02-26 14:30:00,INDEX:MMTH,58.76,59.36,57.12,59.13,0.0
2018-02-27 14:30:00,INDEX:MMTH,59.49,59.91,55.74,55.79,0.0
2018-02-28 14:30:00,INDEX:MMTH,56.47,56.47,51.65,51.65,0.0
2018-03-01 14:30:00,INDEX:MMTH,51.72,53.0,49.32,50.85,0.0
2018-03-02 14:30:00,INDEX:MMTH,49.22,53.38,48.47,53.37,0.0
2018-03-05 14:30:00,INDEX:MMTH,52.22,56.2,52.06,55.61,0.0
2018-03-06 14:30:00,INDEX:MMTH,56.5,57.77,55.14,57.24,0.0
2018-03-07 14:30:00,INDEX:MMTH,56.87,58.44,56.32,57.72,0.0
2018-03-08 14:30:00,INDEX:MMTH,59.08,59.08,56.65,57.3,0.0
2018-03-09 14:30:00,INDEX:MMTH,58.9,61.36,58.65,61.35,0.0
2018-03-12 13:30:00,INDEX:MMTH,62.06,62.57,61.34,61.98,0.0
2018-03-13 13:30:00,INDEX:MMTH,63.14,63.14,60.48,60.84,0.0
2018-03-14 13:30:00,INDEX:MMTH,61.67,61.67,59.36,59.58,0.0
2018-03-15 13:30:00,INDEX:MMTH,60.01,60.01,57.45,58.0,0.0
2018-03-16 13:30:00,INDEX:MMTH,58.27,59.98,58.27,59.74,0.0
2018-03-19 13:30:00,INDEX:MMTH,59.33,59.33,55.8,57.76,0.0
2018-03-20 13:30:00,INDEX:MMTH,58.45,58.45,56.54,56.94,0.0
2018-03-21 13:30:00,INDEX:MMTH,57.01,58.93,57.01,58.28,0.0
2018-03-22 13:30:00,INDEX:MMTH,56.2,57.38,52.59,52.61,0.0
2018-03-23 13:30:00,INDEX:MMTH,53.47,53.47,46.82,46.82,0.0
2018-03-26 13:30:00,INDEX:MMTH,50.92,52.14,48.42,52.14,0.0
2018-03-27 13:30:00,INDEX:MMTH,51.62,52.83,47.7,47.96,0.0
2018-03-28 13:30:00,INDEX:MMTH,48.19,48.88,46.99,48.17,0.0
2018-03-29 13:30:00,INDEX:MMTH,49.62,51.78,49.01,50.6,0.0
2018-04-02 13:30:00,INDEX:MMTH,49.72,49.8,42.94,44.85,0.0
2018-04-03 13:30:00,INDEX:MMTH,46.13,48.3,45.23,47.62,0.0
2018-04-04 13:30:00,INDEX:MMTH,44.16,50.95,44.16,50.65,0.0
2018-04-05 13:30:00,INDEX:MMTH,52.09,52.5,51.01,52.06,0.0
2018-04-06 13:30:00,INDEX:MMTH,50.61,51.82,46.22,47.68,0.0
2018-04-09 13:30:00,INDEX:MMTH,49.04,50.4,47.43,47.43,0.0
2018-04-10 13:30:00,INDEX:MMTH,49.7,52.79,49.27,51.84,0.0
2018-04-11 13:30:00,INDEX:MMTH,50.41,52.67,50.41,51.81,0.0
2018-04-12 13:30:00,INDEX:MMTH,52.9,53.89,52.78,53.11,0.0
2018-04-13 13:30:00,INDEX:MMTH,53.63,53.63,51.23,51.98,0.0
2018-04-16 13:30:00,INDEX:MMTH,53.01,54.74,52.81,54.32,0.0
2018-04-17 13:30:00,INDEX:MMTH,55.47,56.96,55.32,56.62,0.0
2018-04-18 13:30:00,INDEX:MMTH,57.97,58.13,56.99,56.99,0.0
2018-04-19 13:30:00,INDEX:MMTH,57.16,57.16,54.88,55.78,0.0
2018-04-20 13:30:00,INDEX:MMTH,55.52,55.83,54.39,54.67,0.0
2018-04-23 13:30:00,INDEX:MMTH,54.63,55.98,53.87,54.6,0.0
2018-04-24 13:30:00,INDEX:MMTH,56.04,56.04,51.17,52.74,0.0
2018-04-25 13:30:00,INDEX:MMTH,52.14,53.29,50.93,52.59,0.0
2018-04-26 13:30:00,INDEX:MMTH,53.24,54.88,53.17,53.65,0.0
2018-04-27 13:30:00,INDEX:MMTH,54.1,54.1,52.6,52.85,0.0
2018-04-30 13:30:00,INDEX:MMTH,53.71,54.04,50.7,50.71,0.0
2018-05-01 13:30:00,INDEX:MMTH,49.74,51.64,48.31,51.64,0.0
2018-05-02 13:30:00,INDEX:MMTH,51.45,52.94,51.12,51.29,0.0
2018-05-03 13:30:00,INDEX:MMTH,50.37,50.37,47.65,49.53,0.0
2018-05-04 13:30:00,INDEX:MMTH,48.22,53.76,48.22,53.14,0.0
2018-05-07 13:30:00,INDEX:MMTH,53.55,55.07,53.55,53.96,0.0
2018-05-08 13:30:00,INDEX:MMTH,54.11,54.39,53.21,54.15,0.0
2018-05-09 13:30:00,INDEX:MMTH,54.41,55.62,53.7,55.54,0.0
2018-05-10 13:30:00,INDEX:MMTH,56.18,57.73,56.14,57.03,0.0
2018-05-11 13:30:00,INDEX:MMTH,57.37,58.24,56.96,57.58,0.0
2018-05-14 13:30:00,INDEX:MMTH,58.09,58.4,56.59,56.63,0.0
2018-05-15 13:30:00,INDEX:MMTH,55.9,56.77,55.57,56.31,0.0
2018-05-16 13:30:00,INDEX:MMTH,56.81,58.38,56.43,57.53,0.0
2018-05-17 13:30:00,INDEX:MMTH,57.9,58.75,57.5,58.33,0.0
2018-05-18 13:30:00,INDEX:MMTH,59.35,59.35,58.42,58.66,0.0
2018-05-21 13:30:00,INDEX:MMTH,60.02,60.36,59.51,60.29,0.0
2018-05-22 13:30:00,INDEX:MMTH,60.95,61.36,59.27,59.27,0.0
2018-05-23 13:30:00,INDEX:MMTH,58.69,59.65,58.63,59.51,0.0
2018-05-24 13:30:00,INDEX:MMTH,59.58,59.58,58.13,59.13,0.0
2018-05-25 13:30:00,INDEX:MMTH,59.23,59.23,57.74,59.03,0.0
2018-05-29 13:30:00,INDEX:MMTH,57.07,57.98,55.53,56.73,0.0
2018-05-30 13:30:00,INDEX:MMTH,57.98,60.14,57.98,59.09,0.0
2018-05-31 13:30:00,INDEX:MMTH,60.18,60.18,57.04,57.25,0.0
2018-06-01 13:30:00,INDEX:MMTH,59.64,59.64,58.3,59.0,0.0
2018-06-04 13:30:00,INDEX:MMTH,60.04,60.11,58.51,59.28,0.0
2018-06-05 13:30:00,INDEX:MMTH,59.5,60.6,59.44,60.45,0.0
2018-06-06 13:30:00,INDEX:MMTH,61.19,61.82,60.45,61.49,0.0
2018-06-07 13:30:00,INDEX:MMTH,62.4,62.61,60.8,61.34,0.0
2018-06-08 13:30:00,INDEX:MMTH,61.81,61.88,60.92,61.27,0.0
2018-06-11 13:30:00,INDEX:MMTH,62.08,62.57,61.73,62.19,0.0
2018-06-12 13:30:00,INDEX:MMTH,63.27,63.27,62.04,62.68,0.0
2018-06-13 13:30:00,INDEX:MMTH,63.46,63.46,60.94,60.94,0.0
2018-06-14 13:30:00,INDEX:MMTH,61.81,61.81,60.31,61.14,0.0
2018-06-15 13:30:00,INDEX:MMTH,60.53,60.8,59.57,60.52,0.0
2018-06-18 13:30:00,INDEX:MMTH,59.31,61.15,59.31,61.11,0.0
2018-06-19 13:30:00,INDEX:MMTH,59.87,60.8,58.85,60.22,0.0
2018-06-20 13:30:00,INDEX:MMTH,61.84,62.19,61.07,61.79,0.0
2018-06-21 13:30:00,INDEX:MMTH,61.56,61.56,58.99,59.08,0.0
2018-06-22 13:30:00,INDEX:MMTH,61.07,61.15,59.92,60.9,0.0
2018-06-25 13:30:00,INDEX:MMTH,60.3,60.3,57.05,57.68,0.0
2018-06-26 13:30:00,INDEX:MMTH,58.08,59.38,57.31,58.62,0.0
2018-06-27 13:30:00,INDEX:MMTH,59.3,59.3,55.23,55.23,0.0
2018-06-28 13:30:00,INDEX:MMTH,55.11,56.1,54.44,55.8,0.0
2018-06-29 13:30:00,INDEX:MMTH,56.57,57.43,56.01,56.03,0.0
2018-07-02 13:30:00,INDEX:MMTH,54.9,56.65,54.09,56.65,0.0
2018-07-03 13:30:00,INDEX:MMTH,57.62,58.5,57.46,57.48,0.0
2018-07-05 13:30:00,INDEX:MMTH,58.34,59.58,57.66,59.54,0.0
2018-07-06 13:30:00,INDEX:MMTH,59.76,61.7,59.76,61.1,0.0
2018-07-09 13:30:00,INDEX:MMTH,62.83,63.07,62.41,62.5,0.0
2018-07-10 13:30:00,INDEX:MMTH,63.46,63.46,61.52,61.83,0.0
2018-07-11 13:30:00,INDEX:MMTH,61.46,61.57,59.64,59.86,0.0
2018-07-12 13:30:00,INDEX:MMTH,61.39,61.39,59.17,60.21,0.0
2018-07-13 13:30:00,INDEX:MMTH,60.51,60.71,59.38,59.48,0.0
2018-07-16 13:30:00,INDEX:MMTH,60.47,60.47,58.02,58.94,0.0
2018-07-17 13:30:00,INDEX:MMTH,59.4,60.08,59.32,59.44,0.0
2018-07-18 13:30:00,INDEX:MMTH,59.74,60.42,58.8,60.39,0.0
2018-07-19 13:30:00,INDEX:MMTH,60.51,61.0,59.96,60.69,0.0
2018-07-20 13:30:00,INDEX:MMTH,61.56,61.56,60.35,60.54,0.0
2018-07-23 13:30:00,INDEX:MMTH,61.0,61.0,59.45,59.97,0.0
2018-07-24 13:30:00,INDEX:MMTH,61.31,61.65,58.65,58.84,0.0
2018-07-25 13:30:00,INDEX:MMTH,59.3,59.67,58.19,59.28,0.0
2018-07-26 13:30:00,INDEX:MMTH,60.52,61.25,60.29,60.58,0.0
2018-07-27 13:30:00,INDEX:MMTH,61.75,61.75,56.6,56.6,0.0
2018-07-30 13:30:00,INDEX:MMTH,57.59,57.85,55.89,55.89,0.0
2018-07-31 13:30:00,INDEX:MMTH,57.69,59.09,57.22,58.05,0.0
2018-08-01 13:30:00,INDEX:MMTH,58.38,58.38,56.25,56.98,0.0
2018-08-02 13:30:00,INDEX:MMTH,56.43,58.21,56.37,57.92,0.0
2018-08-03 13:30:00,INDEX:MMTH,59.53,59.53,57.59,57.79,0.0
2018-08-06 13:30:00,INDEX:MMTH,58.42,58.98,58.13,58.89,0.0
2018-08-07 13:30:00,INDEX:MMTH,60.08,60.08,58.03,58.19,0.0
2018-08-08 13:30:00,INDEX:MMTH,59.05,59.24,57.81,58.89,0.0
2018-08-09 13:30:00,INDEX:MMTH,59.25,59.54,58.58,58.97,0.0
2018-08-10 13:30:00,INDEX:MMTH,57.68,58.2,57.07,57.45,0.0
2018-08-13 13:30:00,INDEX:MMTH,57.77,57.77,54.99,55.37,0.0
2018-08-14 13:30:00,INDEX:MMTH,57.28,57.89,56.94,57.29,0.0
2018-08-15 13:30:00,INDEX:MMTH,55.05,55.24,54.11,54.64,0.0
2018-08-16 13:30:00,INDEX:MMTH,56.59,57.8,56.59,56.81,0.0
2018-08-17 13:30:00,INDEX:MMTH,56.86,58.01,56.56,57.55,0.0
2018-08-20 13:30:00,INDEX:MMTH,58.98,59.22,58.24,58.85,0.0
2018-08-21 13:30:00,INDEX:MMTH,60.33,60.96,60.09,60.13,0.0
2018-08-22 13:30:00,INDEX:MMTH,61.35,61.35,60.23,60.57,0.0
2018-08-23 13:30:00,INDEX:MMTH,60.67,60.67,59.16,59.2,0.0
2018-08-24 13:30:00,INDEX:MMTH,60.61,60.71,59.97,60.49,0.0
2018-08-27 13:30:00,INDEX:MMTH,61.88,62.44,60.88,60.88,0.0
2018-08-28 13:30:00,INDEX:MMTH,61.95,62.06,60.22,60.68,0.0
2018-08-29 13:30:00,INDEX:MMTH,61.01,61.74,60.75,61.4,0.0
2018-08-30 13:30:00,INDEX:MMTH,61.36,61.36,59.89,60.16,0.0
2018-08-31 13:30:00,INDEX:MMTH,60.43,60.88,59.57,60.43,0.0
2018-09-04 13:30:00,INDEX:MMTH,60.11,60.11,57.94,58.72,0.0
2018-09-05 13:30:00,INDEX:MMTH,58.72,58.97,57.69,58.64,0.0
2018-09-06 13:30:00,INDEX:MMTH,59.71,59.71,56.75,57.01,0.0
2018-09-07 13:30:00,INDEX:MMTH,56.67,57.41,55.37,56.07,0.0
2018-09-10 13:30:00,INDEX:MMTH,57.65,57.76,56.47,56.47,0.0
2018-09-11 13:30:00,INDEX:MMTH,56.69,56.89,55.62,56.22,0.0
2018-09-12 13:30:00,INDEX:MMTH,57.07,57.07,55.64,55.92,0.0
2018-09-13 13:30:00,INDEX:MMTH,57.9,57.9,55.7,55.92,0.0
2018-09-14 13:30:00,INDEX:MMTH,57.12,57.29,56.0,56.04,0.0
2018-09-17 13:30:00,INDEX:MMTH,56.89,56.89,55.13,55.22,0.0
2018-09-18 13:30:00,INDEX:MMTH,56.65,56.65,55.51,55.87,0.0
2018-09-19 13:30:00,INDEX:MMTH,57.02,57.72,55.52,55.56,0.0
2018-09-20 13:30:00,INDEX:MMTH,58.22,58.34,57.18,58.08,0.0
2018-09-21 13:30:00,INDEX:MMTH,58.78,59.21,57.53,57.93,0.0
2018-09-24 13:30:00,INDEX:MMTH,58.26,58.26,54.8,55.4,0.0
2018-09-25 13:30:00,INDEX:MMTH,57.64,57.64,54.96,54.96,0.0
2018-09-26 13:30:00,INDEX:MMTH,55.35,55.4,52.6,52.6,0.0
2018-09-27 13:30:00,INDEX:MMTH,53.71,53.95,52.7,52.8,0.0
2018-09-28 13:30:00,INDEX:MMTH,53.24,53.93,52.9,52.92,0.0
2018-10-01 13:30:00,INDEX:MMTH,54.39,54.39,51.08,51.24,0.0
2018-10-02 13:30:00,INDEX:MMTH,51.79,52.3,49.85,49.9,0.0
2018-10-03 13:30:00,INDEX:MMTH,51.4,52.01,50.75,51.68,0.0
2018-10-04 13:30:00,INDEX:MMTH,51.46,51.46,48.76,49.09,0.0
2018-10-05 13:30:00,INDEX:MMTH,50.0,50.0,46.18,47.53,0.0
2018-10-08 13:30:00,INDEX:MMTH,47.71,47.92,45.67,47.22,0.0
2018-10-09 13:30:00,INDEX:MMTH,47.41,48.15,46.24,46.31,0.0
2018-10-10 13:30:00,INDEX:MMTH,46.0,46.26,38.95,38.95,0.0
2018-10-11 13:30:00,INDEX:MMTH,39.18,39.72,33.51,33.51,0.0
2018-10-12 13:30:00,INDEX:MMTH,36.56,37.53,32.78,34.8,0.0
2018-10-15 13:30:00,INDEX:MMTH,36.75,36.82,34.62,35.45,0.0
2018-10-16 13:30:00,INDEX:MMTH,36.99,41.14,36.9,41.02,0.0
2018-10-17 13:30:00,INDEX:MMTH,40.62,40.62,38.6,39.9,0.0
2018-10-18 13:30:00,INDEX:MMTH,39.43,40.27,35.71,36.5,0.0
2018-10-19 13:30:00,INDEX:MMTH,36.89,38.33,35.05,35.4,0.0
2018-10-22 13:30:00,INDEX:MMTH,36.45,36.45,34.09,34.23,0.0
2018-10-23 13:30:00,INDEX:MMTH,31.79,33.3,29.52,32.31,0.0
2018-10-24 13:30:00,INDEX:MMTH,32.76,33.16,26.97,26.97,0.0
2018-10-25 13:30:00,INDEX:MMTH,31.15,31.28,28.81,29.34,0.0
2018-10-26 13:30:00,INDEX:MMTH,28.2,29.08,25.3,27.45,0.0
2018-10-29 13:30:00,INDEX:MMTH,31.05,31.05,25.19,26.59,0.0
2018-10-30 13:30:00,INDEX:MMTH,28.23,30.51,27.71,30.46,0.0
2018-10-31 13:30:00,INDEX:MMTH,32.83,32.93,31.26,31.26,0.0
2018-11-01 13:30:00,INDEX:MMTH,32.64,34.78,32.53,34.39,0.0
2018-11-02 13:30:00,INDEX:MMTH,36.28,36.33,32.75,34.24,0.0
2018-11-05 14:30:00,INDEX:MMTH,35.47,35.47,33.7,34.7,0.0
2018-11-06 14:30:00,INDEX:MMTH,35.68,36.16,35.15,36.13,0.0
2018-11-07 14:30:00,INDEX:MMTH,38.16,39.21,37.39,39.03,0.0
2018-11-08 14:30:00,INDEX:MMTH,39.09,39.66,38.01,38.49,0.0
2018-11-09 14:30:00,INDEX:MMTH,37.63,37.76,35.01,36.28,0.0
2018-11-12 14:30:00,INDEX:MMTH,36.54,36.54,32.59,32.59,0.0
2018-11-13 14:30:00,INDEX:MMTH,33.88,34.91,31.68,32.23,0.0
2018-11-14 14:30:00,INDEX:MMTH,33.51,34.11,29.88,30.31,0.0
2018-11-15 14:30:00,INDEX:MMTH,29.59,32.11,29.18,32.09,0.0
2018-11-16 14:30:00,INDEX:MMTH,31.44,33.12,31.04,32.83,0.0
2018-11-19 14:30:00,INDEX:MMTH,32.94,33.28,29.33,29.86,0.0
2018-11-20 14:30:00,INDEX:MMTH,28.37,28.37,25.51,26.04,0.0
2018-11-21 14:30:00,INDEX:MMTH,27.66,29.38,27.28,28.03,0.0
2018-11-23 14:30:00,INDEX:MMTH,26.45,28.85,26.45,27.84,0.0
2018-11-26 14:30:00,INDEX:MMTH,29.5,30.35,28.8,29.46,0.0
2018-11-27 14:30:00,INDEX:MMTH,28.97,29.3,27.98,28.44,0.0
2018-11-28 14:30:00,INDEX:MMTH,29.58,33.13,28.19,32.87,0.0
2018-11-29 14:30:00,INDEX:MMTH,33.13,33.6,31.35,32.52,0.0
2018-11-30 14:30:00,INDEX:MMTH,32.38,33.86,32.2,33.17,0.0
2018-12-03 14:30:00,INDEX:MMTH,36.67,36.67,33.7,35.33,0.0
2018-12-04 14:30:00,INDEX:MMTH,35.16,35.16,28.37,28.58,0.0
2018-12-06 14:30:00,INDEX:MMTH,26.55,27.71,25.0,27.7,0.0
2018-12-07 14:30:00,INDEX:MMTH,30.46,30.46,24.92,25.25,0.0
2018-12-10 14:30:00,INDEX:MMTH,26.68,26.68,23.13,24.88,0.0
2018-12-11 14:30:00,INDEX:MMTH,28.75,28.75,24.08,24.88,0.0
2018-12-12 14:30:00,INDEX:MMTH,28.36,28.36,25.89,25.89,0.0
2018-12-13 14:30:00,INDEX:MMTH,28.76,28.76,24.35,24.58,0.0
2018-12-14 14:30:00,INDEX:MMTH,24.47,24.47,22.42,22.43,0.0
2018-12-17 14:30:00,INDEX:MMTH,21.83,21.83,18.08,18.26,0.0
2018-12-18 14:30:00,INDEX:MMTH,20.39,20.39,18.11,18.28,0.0
2018-12-19 14:30:00,INDEX:MMTH,18.74,19.45,16.26,16.46,0.0
2018-12-20 14:30:00,INDEX:MMTH,16.4,16.4,13.8,14.68,0.0
2018-12-21 14:30:00,INDEX:MMTH,14.38,15.01,12.18,12.24,0.0
2018-12-24 14:30:00,INDEX:MMTH,12.22,12.22,10.05,10.05,0.0
2018-12-26 14:30:00,INDEX:MMTH,10.86,13.41,10.12,13.26,0.0
2018-12-27 14:30:00,INDEX:MMTH,11.67,14.39,11.16,14.39,0.0
2018-12-28 14:30:00,INDEX:MMTH,15.03,16.23,13.75,14.71,0.0
2018-12-31 14:30:00,INDEX:MMTH,15.69,16.31,14.73,16.31,0.0
2019-01-02 14:30:00,INDEX:MMTH,14.6,16.34,14.4,16.34,0.0
2019-01-03 14:30:00,INDEX:MMTH,15.71,16.11,14.08,14.26,0.0
2019-01-04 14:30:00,INDEX:MMTH,15.6,18.35,15.6,17.99,0.0
2019-01-07 14:30:00,INDEX:MMTH,18.52,20.92,18.44,19.94,0.0
2019-01-08 14:30:00,INDEX:MMTH,21.68,22.67,20.39,22.65,0.0
2019-01-09 14:30:00,INDEX:MMTH,24.87,24.87,23.13,23.63,0.0
2019-01-10 14:30:00,INDEX:MMTH,22.88,24.31,22.83,24.16,0.0
2019-01-11 14:30:00,INDEX:MMTH,23.9,24.71,23.54,24.66,0.0
2019-01-14 14:30:00,INDEX:MMTH,23.58,23.81,22.77,22.9,0.0
2019-01-15 14:30:00,INDEX:MMTH,23.68,24.66,20.0,20.0,0.0
2019-01-16 14:30:00,INDEX:MMTH,25.81,26.33,25.53,25.86,0.0
2019-01-17 14:30:00,INDEX:MMTH,26.06,27.39,26.06,27.03,0.0
2019-01-18 14:30:00,INDEX:MMTH,28.75,30.08,27.94,29.58,0.0
2019-01-22 14:30:00,INDEX:MMTH,28.44,28.56,25.75,26.66,0.0
2019-01-23 14:30:00,INDEX:MMTH,27.87,28.57,26.06,26.92,0.0
2019-01-24 14:30:00,INDEX:MMTH,27.98,28.23,26.95,27.85,0.0
2019-01-25 14:30:00,INDEX:MMTH,30.34,30.99,30.11,30.58,0.0
2019-01-28 14:30:00,INDEX:MMTH,28.86,30.16,28.35,29.58,0.0
2019-01-29 14:30:00,INDEX:MMTH,30.94,30.94,29.37,29.37,0.0
2019-01-30 14:30:00,INDEX:MMTH,30.69,33.1,29.67,32.26,0.0
2019-01-31 14:30:00,INDEX:MMTH,32.98,34.42,32.45,34.13,0.0
2019-02-01 14:30:00,INDEX:MMTH,35.23,35.48,33.76,34.93,0.0
2019-02-04 14:30:00,INDEX:MMTH,35.28,36.72,34.76,36.69,0.0
2019-02-05 14:30:00,INDEX:MMTH,38.31,38.65,37.01,37.76,0.0
2019-02-06 14:30:00,INDEX:MMTH,39.54,39.54,37.35,37.75,0.0
2019-02-07 14:30:00,INDEX:MMTH,36.99,37.5,34.29,35.59,0.0
2019-02-08 14:30:00,INDEX:MMTH,36.15,36.16,34.71,35.75,0.0
2019-02-11 14:30:00,INDEX:MMTH,37.3,37.3,36.36,37.04,0.0
2019-02-12 14:30:00,INDEX:MMTH,39.79,40.34,39.02,39.78,0.0
2019-02-13 14:30:00,INDEX:MMTH,42.18,42.95,40.8,41.45,0.0
2019-02-14 14:30:00,INDEX:MMTH,41.21,42.27,40.96,40.96,0.0
2019-02-15 14:30:00,INDEX:MMTH,43.3,44.37,43.3,43.94,0.0
2019-02-19 14:30:00,INDEX:MMTH,44.61,45.86,44.61,45.24,0.0
2019-02-20 14:30:00,INDEX:MMTH,46.76,46.94,45.94,45.98,0.0
2019-02-21 14:30:00,INDEX:MMTH,46.88,46.88,44.53,45.47,0.0
2019-02-22 14:30:00,INDEX:MMTH,47.6,47.94,47.17,47.83,0.0
2019-02-25 14:30:00,INDEX:MMTH,50.8,50.8,47.55,47.55,0.0
2019-02-26 14:30:00,INDEX:MMTH,48.78,49.03,46.71,46.75,0.0
2019-02-27 14:30:00,INDEX:MMTH,47.36,47.72,45.93,46.74,0.0
2019-02-28 14:30:00,INDEX:MMTH,47.6,47.6,45.94,45.94,0.0
2019-03-01 14:30:00,INDEX:MMTH,49.22,49.22,46.16,46.99,0.0
2019-03-04 14:30:00,INDEX:MMTH,48.66,48.66,44.45,46.01,0.0
2019-03-05 14:30:00,INDEX:MMTH,46.91,46.91,44.81,44.82,0.0
2019-03-06 14:30:00,INDEX:MMTH,46.44,46.44,41.32,41.32,0.0
2019-03-07 14:30:00,INDEX:MMTH,41.58,41.58,39.3,39.49,0.0
2019-03-08 14:30:00,INDEX:MMTH,39.06,39.08,38.05,38.7,0.0
2019-03-11 13:30:00,INDEX:MMTH,40.86,42.45,40.7,42.38,0.0
2019-03-12 13:30:00,INDEX:MMTH,44.01,44.01,42.35,42.41,0.0
2019-03-13 13:30:00,INDEX:MMTH,44.54,44.7,43.5,43.65,0.0
2019-03-14 13:30:00,INDEX:MMTH,44.51,50.0,42.86,50.0,0.0
2019-03-15 13:30:00,INDEX:MMTH,44.18,44.19,43.05,43.56,0.0
2019-03-18 13:30:00,INDEX:MMTH,45.04,46.01,44.24,45.2,0.0
2019-03-19 13:30:00,INDEX:MMTH,47.2,47.2,43.61,43.76,0.0
2019-03-20 13:30:00,INDEX:MMTH,45.2,45.2,42.34,42.93,0.0
2019-03-21 13:30:00,INDEX:MMTH,43.61,45.79,43.61,44.83,0.0
2019-03-22 13:30:00,INDEX:MMTH,44.59,44.59,39.09,39.09,0.0
2019-03-25 13:30:00,INDEX:MMTH,40.41,40.41,38.3,39.45,0.0
2019-03-26 13:30:00,INDEX:MMTH,42.44,42.75,40.51,41.74,0.0
2019-03-27 13:30:00,INDEX:MMTH,43.33,43.33,39.6,40.95,0.0
2019-03-28 13:30:00,INDEX:MMTH,42.09,42.71,41.03,41.91,0.0
2019-03-29 13:30:00,INDEX:MMTH,44.12,44.12,42.49,42.63,0.0
2019-04-01 13:30:00,INDEX:MMTH,45.67,45.86,44.45,45.31,0.0
2019-04-02 13:30:00,INDEX:MMTH,47.27,47.27,45.2,45.61,0.0
2019-04-03 13:30:00,INDEX:MMTH,47.45,47.73,45.51,46.02,0.0
2019-04-04 13:30:00,INDEX:MMTH,47.63,47.96,47.04,47.83,0.0
2019-04-05 13:30:00,INDEX:MMTH,50.51,50.51,49.81,50.28,0.0
2019-04-08 13:30:00,INDEX:MMTH,50.43,50.49,49.53,50.25,0.0
2019-04-09 13:30:00,INDEX:MMTH,50.55,50.55,47.33,47.35,0.0
2019-04-10 13:30:00,INDEX:MMTH,49.97,50.13,48.91,50.04,0.0
2019-04-11 13:30:00,INDEX:MMTH,51.83,51.83,49.62,49.81,0.0
2019-04-12 13:30:00,INDEX:MMTH,52.65,53.12,50.7,50.77,0.0
2019-04-15 13:30:00,INDEX:MMTH,52.78,52.78,49.83,50.11,0.0
2019-04-16 13:30:00,INDEX:MMTH,52.63,52.63,50.98,51.35,0.0
2019-04-17 13:30:00,INDEX:MMTH,53.72,53.72,49.71,49.72,0.0
2019-04-18 13:30:00,INDEX:MMTH,50.22,50.78,49.44,49.88,0.0
2019-04-22 13:30:00,INDEX:MMTH,50.42,50.42,48.38,48.79,0.0
2019-04-23 13:30:00,INDEX:MMTH,50.75,52.66,50.38,51.95,0.0
2019-04-24 13:30:00,INDEX:MMTH,53.86,53.86,51.55,51.55,0.0
2019-04-25 13:30:00,INDEX:MMTH,51.16,51.16,49.69,50.38,0.0
2019-04-26 13:30:00,INDEX:MMTH,52.02,52.37,51.78,52.32,0.0
2019-04-29 13:30:00,INDEX:MMTH,54.02,54.17,53.13,53.13,0.0
2019-04-30 13:30:00,INDEX:MMTH,54.3,54.3,51.34,51.96,0.0
2019-05-01 13:30:00,INDEX:MMTH,53.71,53.71,49.95,49.97,0.0
2019-05-02 13:30:00,INDEX:MMTH,51.42,52.1,48.92,49.9,0.0
2019-05-03 13:30:00,INDEX:MMTH,52.98,53.86,52.61,53.84,0.0
2019-05-06 13:30:00,INDEX:MMTH,51.24,53.94,51.19,53.27,0.0
2019-05-07 13:30:00,INDEX:MMTH,52.8,52.8,48.33,49.17,0.0
2019-05-08 13:30:00,INDEX:MMTH,50.45,50.66,48.28,48.28,0.0
2019-05-09 13:30:00,INDEX:MMTH,46.98,48.22,45.95,47.94,0.0
2019-05-10 13:30:00,INDEX:MMTH,48.12,48.81,45.89,48.61,0.0
2019-05-13 13:30:00,INDEX:MMTH,45.14,45.39,41.94,42.65,0.0
2019-05-14 13:30:00,INDEX:MMTH,44.92,45.86,44.11,44.95,0.0
2019-05-15 13:30:00,INDEX:MMTH,44.25,47.2,44.25,47.18,0.0
2019-05-16 13:30:00,INDEX:MMTH,49.06,49.35,47.58,47.84,0.0
2019-05-17 13:30:00,INDEX:MMTH,46.97,48.19,44.4,44.4,0.0
2019-05-20 13:30:00,INDEX:MMTH,44.06,44.67,43.08,43.37,0.0
2019-05-21 13:30:00,INDEX:MMTH,45.97,46.7,45.95,46.17,0.0
2019-05-22 13:30:00,INDEX:MMTH,46.3,46.3,44.16,44.53,0.0
2019-05-23 13:30:00,INDEX:MMTH,42.77,42.77,39.74,40.71,0.0
2019-05-24 13:30:00,INDEX:MMTH,43.11,43.11,41.61,42.22,0.0
2019-05-28 13:30:00,INDEX:MMTH,43.33,43.54,40.84,40.88,0.0
2019-05-29 13:30:00,INDEX:MMTH,39.6,39.6,37.83,38.51,0.0
2019-05-30 13:30:00,INDEX:MMTH,40.79,40.82,38.11,38.7,0.0
2019-05-31 13:30:00,INDEX:MMTH,36.75,37.22,35.86,36.26,0.0
2019-06-03 13:30:00,INDEX:MMTH,37.87,38.23,36.04,37.0,0.0
2019-06-04 13:30:00,INDEX:MMTH,39.75,41.23,38.83,41.2,0.0
2019-06-05 13:30:00,INDEX:MMTH,42.88,42.88,40.44,40.94,0.0
2019-06-06 13:30:00,INDEX:MMTH,42.55,42.55,39.7,40.74,0.0
2019-06-07 13:30:00,INDEX:MMTH,42.41,43.1,42.03,42.41,0.0
2019-06-10 13:30:00,INDEX:MMTH,44.36,45.04,43.57,43.6,0.0
2019-06-11 13:30:00,INDEX:MMTH,46.48,46.48,43.45,43.79,0.0
2019-06-12 13:30:00,INDEX:MMTH,45.06,45.06,43.31,43.8,0.0
2019-06-13 13:30:00,INDEX:MMTH,46.02,46.02,44.77,45.26,0.0
2019-06-14 13:30:00,INDEX:MMTH,46.4,46.4,43.81,43.83,0.0
2019-06-17 13:30:00,INDEX:MMTH,45.68,45.68,44.29,44.29,0.0
2019-06-18 13:30:00,INDEX:MMTH,46.78,48.51,46.78,47.36,0.0
2019-06-19 13:30:00,INDEX:MMTH,48.97,49.03,48.06,48.82,0.0
2019-06-20 13:30:00,INDEX:MMTH,52.01,52.01,49.05,49.91,0.0
2019-06-21 13:30:00,INDEX:MMTH,50.09,50.15,48.6,48.6,0.0
2019-06-24 13:30:00,INDEX:MMTH,50.02,50.02,46.95,46.95,0.0
2019-06-25 13:30:00,INDEX:MMTH,48.73,48.73,45.89,46.01,0.0
2019-06-26 13:30:00,INDEX:MMTH,48.5,48.5,45.81,45.86,0.0
2019-06-27 13:30:00,INDEX:MMTH,47.89,49.18,47.22,49.14,0.0
2019-06-28 13:30:00,INDEX:MMTH,51.71,53.13,51.42,53.03,0.0
2019-07-01 13:30:00,INDEX:MMTH,56.45,56.45,52.68,53.38,0.0
2019-07-02 13:30:00,INDEX:MMTH,54.34,54.34,51.41,52.23,0.0
2019-07-03 13:30:00,INDEX:MMTH,54.4,54.45,53.87,54.13,0.0
2019-07-05 13:30:00,INDEX:MMTH,54.23,55.02,53.42,54.95,0.0
2019-07-08 13:30:00,INDEX:MMTH,55.26,55.26,52.6,52.63,0.0
2019-07-09 13:30:00,INDEX:MMTH,53.61,53.94,52.26,53.36,0.0
2019-07-10 13:30:00,INDEX:MMTH,55.87,55.87,53.15,53.38,0.0
2019-07-11 13:30:00,INDEX:MMTH,55.32,55.32,52.27,52.72,0.0
2019-07-12 13:30:00,INDEX:MMTH,54.72,55.25,54.21,54.29,0.0
2019-07-15 13:30:00,INDEX:MMTH,55.66,55.66,53.51,53.86,0.0
2019-07-16 13:30:00,INDEX:MMTH,54.9,55.33,53.62,53.62,0.0
2019-07-17 13:30:00,INDEX:MMTH,54.89,54.89,52.56,52.59,0.0
2019-07-18 13:30:00,INDEX:MMTH,53.36,53.43,52.4,52.59,0.0
2019-07-19 13:30:00,INDEX:MMTH,54.35,54.76,52.13,52.13,0.0
2019-07-22 13:30:00,INDEX:MMTH,53.54,53.88,51.96,52.56,0.0
2019-07-23 13:30:00,INDEX:MMTH,54.17,54.39,53.14,53.58,0.0
2019-07-24 13:30:00,INDEX:MMTH,54.53,57.13,54.39,56.83,0.0
2019-07-25 13:30:00,INDEX:MMTH,58.02,58.02,54.74,54.77,0.0
2019-07-26 13:30:00,INDEX:MMTH,57.09,57.96,56.6,57.02,0.0
2019-07-29 13:30:00,INDEX:MMTH,58.11,58.11,55.75,55.75,0.0
2019-07-30 13:30:00,INDEX:MMTH,55.81,57.96,55.41,57.77,0.0
2019-07-31 13:30:00,INDEX:MMTH,59.52,59.65,55.75,55.77,0.0
2019-08-01 13:30:00,INDEX:MMTH,57.2,57.78,51.47,51.5,0.0
2019-08-02 13:30:00,INDEX:MMTH,51.76,51.76,48.29,49.3,0.0
2019-08-05 13:30:00,INDEX:MMTH,45.3,45.39,40.55,41.68,0.0
2019-08-06 13:30:00,INDEX:MMTH,44.64,44.83,41.7,44.19,0.0
2019-08-07 13:30:00,INDEX:MMTH,43.37,44.11,41.09,43.17,0.0
2019-08-08 13:30:00,INDEX:MMTH,46.37,48.72,45.7,47.69,0.0
2019-08-09 13:30:00,INDEX:MMTH,47.55,47.73,45.55,45.85,0.0
2019-08-12 13:30:00,INDEX:MMTH,45.11,45.11,42.96,43.14,0.0
2019-08-13 13:30:00,INDEX:MMTH,43.62,46.71,43.62,45.11,0.0
2019-08-14 13:30:00,INDEX:MMTH,42.59,42.59,38.9,38.9,0.0
2019-08-15 13:30:00,INDEX:MMTH,40.36,40.36,38.12,38.72,0.0
2019-08-16 13:30:00,INDEX:MMTH,40.47,42.56,40.47,42.39,0.0
2019-08-19 13:30:00,INDEX:MMTH,44.88,45.12,44.18,44.21,0.0
2019-08-20 13:30:00,INDEX:MMTH,44.11,44.12,42.63,42.63,0.0
2019-08-21 13:30:00,INDEX:MMTH,44.68,44.81,43.65,44.19,0.0
2019-08-22 13:30:00,INDEX:MMTH,45.85,45.85,43.37,43.95,0.0
2019-08-23 13:30:00,INDEX:MMTH,43.47,44.17,37.99,37.99,0.0
2019-08-26 13:30:00,INDEX:MMTH,40.82,40.82,39.1,40.07,0.0
2019-08-27 13:30:00,INDEX:MMTH,41.78,41.78,37.56,37.56,0.0
2019-08-28 13:30:00,INDEX:MMTH,38.15,40.1,38.04,39.75,0.0
2019-08-29 13:30:00,INDEX:MMTH,42.13,43.29,42.05,42.64,0.0
2019-08-30 13:30:00,INDEX:MMTH,44.65,44.65,42.1,42.9,0.0
2019-09-03 13:30:00,INDEX:MMTH,42.21,42.49,39.95,40.25,0.0
2019-09-04 13:30:00,INDEX:MMTH,42.41,42.63,41.3,42.08,0.0
2019-09-05 13:30:00,INDEX:MMTH,45.41,47.63,45.02,46.11,0.0
2019-09-06 13:30:00,INDEX:MMTH,47.83,47.83,45.69,45.69,0.0
2019-09-09 13:30:00,INDEX:MMTH,47.26,49.31,46.77,49.14,0.0
2019-09-10 13:30:00,INDEX:MMTH,50.19,52.46,49.42,52.34,0.0
2019-09-11 13:30:00,INDEX:MMTH,53.83,56.78,53.53,56.63,0.0
2019-09-12 13:30:00,INDEX:MMTH,57.48,57.54,55.98,57.11,0.0
2019-09-13 13:30:00,INDEX:MMTH,59.53,59.53,58.17,58.17,0.0
2019-09-16 13:30:00,INDEX:MMTH,58.36,59.26,58.18,58.51,0.0
2019-09-17 13:30:00,INDEX:MMTH,58.72,58.72,56.28,57.47,0.0
2019-09-18 13:30:00,INDEX:MMTH,58.18,58.18,55.31,56.29,0.0
2019-09-19 13:30:00,INDEX:MMTH,58.1,58.4,55.49,55.87,0.0
2019-09-20 13:30:00,INDEX:MMTH,57.21,57.57,55.33,56.25,0.0
2019-09-23 13:30:00,INDEX:MMTH,55.99,56.51,54.78,55.71,0.0
2019-09-24 13:30:00,INDEX:MMTH,55.71,55.71,52.25,52.47,0.0
2019-09-25 13:30:00,INDEX:MMTH,53.66,55.05,52.13,54.21,0.0
2019-09-26 13:30:00,INDEX:MMTH,54.66,54.66,51.6,52.27,0.0
2019-09-27 13:30:00,INDEX:MMTH,53.53,54.05,50.33,50.33,0.0
2019-09-30 13:30:00,INDEX:MMTH,51.45,52.08,50.41,50.62,0.0
2019-10-01 13:30:00,INDEX:MMTH,52.53,53.23,46.22,46.22,0.0
2019-10-02 13:30:00,INDEX:MMTH,44.22,44.22,41.98,43.08,0.0
2019-10-03 13:30:00,INDEX:MMTH,42.84,43.64,40.86,43.45,0.0
2019-10-04 13:30:00,INDEX:MMTH,44.61,45.78,43.48,45.48,0.0
2019-10-07 13:30:00,INDEX:MMTH,45.47,46.56,44.71,44.78,0.0
2019-10-08 13:30:00,INDEX:MMTH,43.28,43.28,41.0,41.01,0.0
2019-10-09 13:30:00,INDEX:MMTH,42.7,42.7,41.7,42.13,0.0
2019-10-10 13:30:00,INDEX:MMTH,42.63,43.86,42.32,42.7,0.0
2019-10-11 13:30:00,INDEX:MMTH,46.3,48.38,46.29,46.29,0.0
2019-10-14 13:30:00,INDEX:MMTH,45.58,45.93,44.9,45.46,0.0
2019-10-15 13:30:00,INDEX:MMTH,46.03,48.48,45.98,47.68,0.0
2019-10-16 13:30:00,INDEX:MMTH,48.33,48.67,47.23,47.67,0.0
2019-10-17 13:30:00,INDEX:MMTH,49.02,49.56,48.54,49.17,0.0
2019-10-18 13:30:00,INDEX:MMTH,49.18,49.56,47.39,48.83,0.0
2019-10-21 13:30:00,INDEX:MMTH,51.74,52.15,50.87,51.35,0.0
2019-10-22 13:30:00,INDEX:MMTH,51.87,52.31,51.07,51.17,0.0
2019-10-23 13:30:00,INDEX:MMTH,51.61,51.93,51.14,51.72,0.0
2019-10-24 13:30:00,INDEX:MMTH,52.89,52.89,49.96,51.08,0.0
2019-10-25 13:30:00,INDEX:MMTH,51.69,52.32,51.52,51.69,0.0
2019-10-28 13:30:00,INDEX:MMTH,53.41,53.95,53.0,53.16,0.0
2019-10-29 13:30:00,INDEX:MMTH,53.35,54.12,53.08,53.62,0.0
2019-10-30 13:30:00,INDEX:MMTH,53.65,53.65,51.62,53.37,0.0
2019-10-31 13:30:00,INDEX:MMTH,52.96,52.96,50.56,51.42,0.0
2019-11-01 13:30:00,INDEX:MMTH,53.58,54.65,53.58,54.6,0.0
2019-11-04 14:30:00,INDEX:MMTH,56.43,56.43,55.48,55.57,0.0
2019-11-05 14:30:00,INDEX:MMTH,57.18,57.47,55.97,56.14,0.0
2019-11-06 14:30:00,INDEX:MMTH,55.99,56.01,54.49,54.67,0.0
2019-11-07 14:30:00,INDEX:MMTH,57.4,57.41,55.05,55.61,0.0
2019-11-08 14:30:00,INDEX:MMTH,56.06,56.33,55.55,55.76,0.0
2019-11-11 14:30:00,INDEX:MMTH,55.53,55.96,55.2,55.87,0.0
2019-11-12 14:30:00,INDEX:MMTH,56.12,56.9,55.22,55.55,0.0
2019-11-13 14:30:00,INDEX:MMTH,55.26,55.41,54.59,55.09,0.0
2019-11-14 14:30:00,INDEX:MMTH,55.64,56.22,55.26,55.26,0.0
2019-11-15 14:30:00,INDEX:MMTH,57.3,57.3,55.65,56.06,0.0
2019-11-18 14:30:00,INDEX:MMTH,55.93,55.93,55.23,55.64,0.0
2019-11-19 14:30:00,INDEX:MMTH,57.13,57.13,55.13,56.13,0.0
2019-11-20 14:30:00,INDEX:MMTH,56.72,56.86,54.47,55.01,0.0
2019-11-21 14:30:00,INDEX:MMTH,55.83,55.83,53.86,53.89,0.0
2019-11-22 14:30:00,INDEX:MMTH,55.54,55.71,54.39,55.31,0.0
2019-11-25 14:30:00,INDEX:MMTH,56.5,58.45,56.5,58.42,0.0
2019-11-26 14:30:00,INDEX:MMTH,58.84,59.1,58.18,58.18,0.0
2019-11-27 14:30:00,INDEX:MMTH,59.17,59.43,58.48,59.22,0.0
2019-11-29 14:30:00,INDEX:MMTH,58.44,58.95,58.4,58.54,0.0
2019-12-02 14:30:00,INDEX:MMTH,58.52,58.52,56.36,56.67,0.0
2019-12-03 14:30:00,INDEX:MMTH,54.5,54.9,53.63,54.69,0.0
2019-12-04 14:30:00,INDEX:MMTH,57.32,58.16,56.91,56.92,0.0
2019-12-05 14:30:00,INDEX:MMTH,57.98,57.98,56.89,57.21,0.0
2019-12-06 14:30:00,INDEX:MMTH,60.47,60.84,59.79,59.79,0.0
2019-12-09 14:30:00,INDEX:MMTH,60.33,60.53,58.91,58.94,0.0
2019-12-10 14:30:00,INDEX:MMTH,59.15,59.81,59.07,59.8,0.0
2019-12-11 14:30:00,INDEX:MMTH,60.26,60.31,59.42,60.19,0.0
2019-12-12 14:30:00,INDEX:MMTH,61.21,62.38,60.73,61.29,0.0
2019-12-13 14:30:00,INDEX:MMTH,61.41,62.11,60.49,61.11,0.0
2019-12-16 14:30:00,INDEX:MMTH,63.09,63.33,62.82,62.95,0.0
2019-12-17 14:30:00,INDEX:MMTH,63.08,63.35,62.45,63.22,0.0
2019-12-18 14:30:00,INDEX:MMTH,64.15,64.15,62.88,63.18,0.0
2019-12-19 14:30:00,INDEX:MMTH,63.63,64.18,63.39,64.11,0.0
2019-12-20 14:30:00,INDEX:MMTH,65.2,65.2,63.9,64.24,0.0
2019-12-23 14:30:00,INDEX:MMTH,64.15,64.55,64.04,64.35,0.0
2019-12-24 14:30:00,INDEX:MMTH,64.57,65.08,64.57,64.92,0.0
2019-12-26 14:30:00,INDEX:MMTH,65.54,65.54,64.49,64.88,0.0
2019-12-27 14:30:00,INDEX:MMTH,65.65,65.65,63.86,64.03,0.0
2019-12-30 14:30:00,INDEX:MMTH,63.32,63.85,63.05,63.45,0.0
2019-12-31 14:30:00,INDEX:MMTH,64.08,64.43,63.61,63.98,0.0
2020-01-02 14:30:00,INDEX:MMTH,65.26,65.26,63.33,64.72,0.0
2020-01-03 14:30:00,INDEX:MMTH,63.45,64.32,63.23,63.75,0.0
2020-01-06 14:30:00,INDEX:MMTH,63.04,64.56,62.81,64.24,0.0
2020-01-07 14:30:00,INDEX:MMTH,63.83,63.86,62.97,63.02,0.0
2020-01-08 14:30:00,INDEX:MMTH,63.67,64.22,62.91,63.68,0.0
2020-01-09 14:30:00,INDEX:MMTH,64.49,64.49,63.66,63.78,0.0
2020-01-10 14:30:00,INDEX:MMTH,63.88,64.18,62.93,63.13,0.0
2020-01-13 14:30:00,INDEX:MMTH,63.63,64.81,63.36,64.8,0.0
2020-01-14 14:30:00,INDEX:MMTH,64.76,66.26,64.37,64.92,0.0
2020-01-15 14:30:00,INDEX:MMTH,66.58,66.61,65.03,65.83,0.0
2020-01-16 14:30:00,INDEX:MMTH,68.51,68.67,68.08,68.22,0.0
2020-01-17 14:30:00,INDEX:MMTH,69.24,69.24,67.73,67.75,0.0
2020-01-21 14:30:00,INDEX:MMTH,66.86,66.86,65.95,65.98,0.0
2020-01-22 14:30:00,INDEX:MMTH,67.34,67.34,65.31,65.48,0.0
2020-01-23 14:30:00,INDEX:MMTH,63.59,65.69,63.55,65.21,0.0
2020-01-24 14:30:00,INDEX:MMTH,65.34,65.34,61.68,62.34,0.0
2020-01-27 14:30:00,INDEX:MMTH,59.01,59.98,58.84,58.86,0.0
2020-01-28 14:30:00,INDEX:MMTH,60.15,60.91,60.03,60.13,0.0
2020-01-29 14:30:00,INDEX:MMTH,61.33,61.33,58.23,58.24,0.0
2020-01-30 14:30:00,INDEX:MMTH,57.88,58.02,55.58,57.98,0.0
2020-01-31 14:30:00,INDEX:MMTH,57.46,57.46,52.91,53.13,0.0
2020-02-03 14:30:00,INDEX:MMTH,56.03,56.61,54.85,54.99,0.0
2020-02-04 14:30:00,INDEX:MMTH,58.93,58.93,57.81,57.81,0.0
2020-02-05 14:30:00,INDEX:MMTH,61.17,62.08,60.39,61.52,0.0
2020-02-06 14:30:00,INDEX:MMTH,62.13,62.13,60.68,60.7,0.0
2020-02-07 14:30:00,INDEX:MMTH,59.94,59.94,57.7,57.72,0.0
2020-02-10 14:30:00,INDEX:MMTH,57.88,58.66,57.51,58.66,0.0
2020-02-11 14:30:00,INDEX:MMTH,60.77,61.4,60.25,60.25,0.0
2020-02-12 14:30:00,INDEX:MMTH,62.39,62.39,60.98,61.26,0.0
2020-02-13 14:30:00,INDEX:MMTH,61.36,61.39,60.79,61.33,0.0
2020-02-14 14:30:00,INDEX:MMTH,61.87,61.87,59.88,60.26,0.0
2020-02-18 14:30:00,INDEX:MMTH,60.35,60.35,58.4,59.42,0.0
2020-02-19 14:30:00,INDEX:MMTH,60.77,60.88,60.08,60.15,0.0
2020-02-20 14:30:00,INDEX:MMTH,61.06,61.63,59.0,60.54,0.0
2020-02-21 14:30:00,INDEX:MMTH,59.42,59.42,58.35,58.42,0.0
2020-02-24 14:30:00,INDEX:MMTH,51.68,51.89,49.97,50.62,0.0
2020-02-25 14:30:00,INDEX:MMTH,50.63,50.63,42.06,42.12,0.0
2020-02-26 14:30:00,INDEX:MMTH,44.52,44.95,40.07,40.11,0.0
2020-02-27 14:30:00,INDEX:MMTH,34.53,38.06,31.23,31.24,0.0
2020-02-28 14:30:00,INDEX:MMTH,24.7,28.05,24.64,27.61,0.0
2020-03-02 14:30:00,INDEX:MMTH,27.44,34.15,27.32,34.15,0.0
2020-03-03 14:30:00,INDEX:MMTH,33.16,36.23,28.98,30.58,0.0
2020-03-04 14:30:00,INDEX:MMTH,33.16,36.36,32.37,36.35,0.0
2020-03-05 14:30:00,INDEX:MMTH,32.41,32.79,29.64,30.82,0.0
2020-03-06 14:30:00,INDEX:MMTH,25.74,28.54,24.01,27.47,0.0
2020-03-09 13:30:00,INDEX:MMTH,18.07,19.63,16.0,16.51,0.0
2020-03-10 13:30:00,INDEX:MMTH,18.27,19.87,15.41,19.8,0.0
2020-03-11 13:30:00,INDEX:MMTH,16.55,16.75,12.37,13.19,0.0
2020-03-12 13:30:00,INDEX:MMTH,7.89,8.79,6.86,6.9,0.0
2020-03-13 13:30:00,INDEX:MMTH,8.21,9.86,6.48,9.86,0.0
2020-03-16 13:30:00,INDEX:MMTH,7.43,7.43,4.88,4.93,0.0
2020-03-17 13:30:00,INDEX:MMTH,5.01,8.44,5.01,8.44,0.0
2020-03-18 13:30:00,INDEX:MMTH,6.26,7.34,4.87,5.34,0.0
2020-03-19 13:30:00,INDEX:MMTH,5.1,6.51,5.1,6.34,0.0
2020-03-20 13:30:00,INDEX:MMTH,6.25,7.0,5.08,5.15,0.0
2020-03-23 13:30:00,INDEX:MMTH,4.95,5.71,4.7,5.33,0.0
2020-03-24 13:30:00,INDEX:MMTH,7.04,7.52,6.36,7.51,0.0
2020-03-25 13:30:00,INDEX:MMTH,8.36,9.08,7.32,7.69,0.0
2020-03-26 13:30:00,INDEX:MMTH,9.26,10.76,9.0,10.75,0.0
2020-03-27 13:30:00,INDEX:MMTH,8.57,10.06,8.47,8.85,0.0
2020-03-30 13:30:00,INDEX:MMTH,9.26,10.96,9.26,10.95,0.0
2020-03-31 13:30:00,INDEX:MMTH,10.86,11.4,10.0,10.84,0.0
2020-04-01 13:30:00,INDEX:MMTH,9.06,9.37,7.97,8.51,0.0
2020-04-02 13:30:00,INDEX:MMTH,8.43,9.46,8.43,9.44,0.0
2020-04-03 13:30:00,INDEX:MMTH,9.59,9.59,8.13,8.76,0.0
2020-04-06 13:30:00,INDEX:MMTH,10.91,11.98,10.89,11.97,0.0
2020-04-07 13:30:00,INDEX:MMTH,13.94,13.94,11.26,11.38,0.0
2020-04-08 13:30:00,INDEX:MMTH,12.12,14.0,11.5,13.8,0.0
2020-04-09 13:30:00,INDEX:MMTH,15.82,16.25,14.72,15.95,0.0
2020-04-13 13:30:00,INDEX:MMTH,15.38,15.62,14.05,15.59,0.0
2020-04-14 13:30:00,INDEX:MMTH,18.12,18.17,17.09,17.71,0.0
2020-04-15 13:30:00,INDEX:MMTH,16.24,16.69,15.25,16.08,0.0
2020-04-16 13:30:00,INDEX:MMTH,17.05,17.26,15.78,17.23,0.0
2020-04-17 13:30:00,INDEX:MMTH,18.73,19.32,18.2,19.27,0.0
2020-04-20 13:30:00,INDEX:MMTH,19.01,20.22,18.92,18.96,0.0
2020-04-21 13:30:00,INDEX:MMTH,17.78,18.1,16.57,17.09,0.0
2020-04-22 13:30:00,INDEX:MMTH,19.22,19.22,18.48,18.79,0.0
2020-04-23 13:30:00,INDEX:MMTH,20.14,20.52,19.16,19.28,0.0
2020-04-24 13:30:00,INDEX:MMTH,20.15,20.59,19.18,20.41,0.0
2020-04-27 13:30:00,INDEX:MMTH,22.17,23.28,22.17,22.92,0.0
2020-04-28 13:30:00,INDEX:MMTH,24.56,24.76,22.91,22.96,0.0
2020-04-29 13:30:00,INDEX:MMTH,24.89,27.81,24.89,26.79,0.0
2020-04-30 13:30:00,INDEX:MMTH,25.14,25.44,23.73,23.76,0.0
2020-05-01 13:30:00,INDEX:MMTH,21.38,21.38,19.42,20.41,0.0
2020-05-04 13:30:00,INDEX:MMTH,20.07,21.03,20.0,21.03,0.0
2020-05-05 13:30:00,INDEX:MMTH,23.17,23.92,22.68,22.68,0.0
2020-05-06 13:30:00,INDEX:MMTH,23.99,23.99,22.9,22.96,0.0
2020-05-07 13:30:00,INDEX:MMTH,24.46,24.46,23.6,23.83,0.0
2020-05-08 13:30:00,INDEX:MMTH,25.71,26.44,25.63,26.12,0.0
2020-05-11 13:30:00,INDEX:MMTH,26.15,27.69,26.01,26.62,0.0
2020-05-12 13:30:00,INDEX:MMTH,26.49,27.21,24.67,24.7,0.0
2020-05-13 13:30:00,INDEX:MMTH,24.68,25.18,21.92,22.87,0.0
2020-05-14 13:30:00,INDEX:MMTH,21.25,23.24,20.91,23.22,0.0
2020-05-15 13:30:00,INDEX:MMTH,23.21,24.17,23.21,24.09,0.0
2020-05-18 13:30:00,INDEX:MMTH,27.84,28.39,27.39,27.83,0.0
2020-05-19 13:30:00,INDEX:MMTH,28.54,28.98,27.46,27.47,0.0
2020-05-20 13:30:00,INDEX:MMTH,29.62,30.08,29.12,29.44,0.0
2020-05-21 13:30:00,INDEX:MMTH,30.44,30.44,28.61,29.08,0.0
2020-05-22 13:30:00,INDEX:MMTH,29.52,29.85,29.16,29.82,0.0
2020-05-26 13:30:00,INDEX:MMTH,33.16,33.43,32.13,32.18,0.0
2020-05-27 13:30:00,INDEX:MMTH,34.16,35.12,31.98,35.12,0.0
2020-05-28 13:30:00,INDEX:MMTH,35.8,36.32,33.68,33.69,0.0
2020-05-29 13:30:00,INDEX:MMTH,33.34,34.14,32.44,33.86,0.0
2020-06-01 13:30:00,INDEX:MMTH,34.97,35.79,34.91,34.96,0.0
2020-06-02 13:30:00,INDEX:MMTH,36.39,36.47,35.68,36.25,0.0
2020-06-03 13:30:00,INDEX:MMTH,38.35,39.86,38.35,39.05,0.0
2020-06-04 13:30:00,INDEX:MMTH,39.29,40.33,38.35,39.36,0.0
2020-06-05 13:30:00,INDEX:MMTH,45.75,46.97,44.32,44.68,0.0
2020-06-08 13:30:00,INDEX:MMTH,48.26,48.67,47.07,48.63,0.0
2020-06-09 13:30:00,INDEX:MMTH,45.59,46.26,44.04,44.86,0.0
2020-06-10 13:30:00,INDEX:MMTH,43.98,43.98,41.23,41.23,0.0
2020-06-11 13:30:00,INDEX:MMTH,35.12,35.61,30.37,30.39,0.0
2020-06-12 13:30:00,INDEX:MMTH,35.48,35.48,29.92,33.35,0.0
2020-06-15 13:30:00,INDEX:MMTH,29.93,36.18,29.93,35.86,0.0
2020-06-16 13:30:00,INDEX:MMTH,40.38,40.38,37.21,38.4,0.0
2020-06-17 13:30:00,INDEX:MMTH,39.17,39.23,37.38,37.38,0.0
2020-06-18 13:30:00,INDEX:MMTH,37.59,37.96,36.87,37.26,0.0
2020-06-19 13:30:00,INDEX:MMTH,38.84,39.28,36.62,37.13,0.0
2020-06-22 13:30:00,INDEX:MMTH,36.15,37.27,36.15,37.09,0.0
2020-06-23 13:30:00,INDEX:MMTH,39.19,39.19,37.4,37.47,0.0
2020-06-24 13:30:00,INDEX:MMTH,36.66,36.66,33.25,33.73,0.0
2020-06-25 13:30:00,INDEX:MMTH,33.18,35.04,33.18,34.96,0.0
2020-06-26 13:30:00,INDEX:MMTH,35.01,35.01,32.57,32.57,0.0
2020-06-29 13:30:00,INDEX:MMTH,33.13,35.28,33.13,34.81,0.0
2020-06-30 13:30:00,INDEX:MMTH,35.36,36.76,34.97,36.38,0.0
2020-07-01 13:30:00,INDEX:MMTH,38.27,38.27,35.7,36.24,0.0
2020-07-02 13:30:00,INDEX:MMTH,38.88,39.15,36.83,36.88,0.0
2020-07-06 13:30:00,INDEX:MMTH,40.1,40.1,38.12,38.45,0.0
2020-07-07 13:30:00,INDEX:MMTH,37.69,38.23,36.4,36.51,0.0
2020-07-08 13:30:00,INDEX:MMTH,37.58,38.38,35.99,37.14,0.0
2020-07-09 13:30:00,INDEX:MMTH,37.23,37.39,34.95,35.69,0.0
2020-07-10 13:30:00,INDEX:MMTH,36.42,36.84,35.94,36.62,0.0
2020-07-13 13:30:00,INDEX:MMTH,38.26,39.08,35.78,35.78,0.0
2020-07-14 13:30:00,INDEX:MMTH,37.25,38.12,35.99,38.05,0.0
2020-07-15 13:30:00,INDEX:MMTH,40.83,41.93,40.32,41.36,0.0
2020-07-16 13:30:00,INDEX:MMTH,41.33,41.89,40.52,41.07,0.0
2020-07-17 13:30:00,INDEX:MMTH,41.93,42.51,41.52,42.3,0.0
2020-07-20 13:30:00,INDEX:MMTH,43.31,43.31,42.11,42.29,0.0
2020-07-21 13:30:00,INDEX:MMTH,44.6,45.34,43.19,43.65,0.0
2020-07-22 13:30:00,INDEX:MMTH,44.4,44.96,43.98,44.15,0.0
2020-07-23 13:30:00,INDEX:MMTH,45.12,45.7,43.44,43.81,0.0
2020-07-24 13:30:00,INDEX:MMTH,44.55,44.55,42.4,42.56,0.0
2020-07-27 13:30:00,INDEX:MMTH,43.33,43.98,43.01,43.7,0.0
2020-07-28 13:30:00,INDEX:MMTH,44.14,44.14,42.56,42.56,0.0
2020-07-29 13:30:00,INDEX:MMTH,45.4,45.58,44.12,44.89,0.0
2020-07-30 13:30:00,INDEX:MMTH,44.44,45.03,43.44,44.79,0.0
2020-07-31 13:30:00,INDEX:MMTH,45.45,45.45,42.08,43.21,0.0
2020-08-03 13:30:00,INDEX:MMTH,45.12,45.59,44.49,45.59,0.0
2020-08-04 13:30:00,INDEX:MMTH,46.63,46.63,45.91,46.2,0.0
2020-08-05 13:30:00,INDEX:MMTH,48.37,48.43,47.7,48.33,0.0
2020-08-06 13:30:00,INDEX:MMTH,49.68,49.68,47.5,48.0,0.0
2020-08-07 13:30:00,INDEX:MMTH,49.66,50.29,48.97,50.29,0.0
2020-08-10 13:30:00,INDEX:MMTH,52.82,52.82,51.84,52.0,0.0
2020-08-11 13:30:00,INDEX:MMTH,55.1,55.1,51.83,51.89,0.0
2020-08-12 13:30:00,INDEX:MMTH,54.58,54.58,52.13,52.69,0.0
2020-08-13 13:30:00,INDEX:MMTH,53.17,53.57,51.64,52.1,0.0
2020-08-14 13:30:00,INDEX:MMTH,52.41,52.73,51.92,52.2,0.0
2020-08-17 13:30:00,INDEX:MMTH,53.85,53.85,52.31,52.45,0.0
2020-08-18 13:30:00,INDEX:MMTH,54.38,54.38,51.29,51.4,0.0
2020-08-19 13:30:00,INDEX:MMTH,52.82,52.82,51.6,51.6,0.0
2020-08-20 13:30:00,INDEX:MMTH,50.96,50.96,50.0,50.35,0.0
2020-08-21 13:30:00,INDEX:MMTH,50.64,50.64,48.65,49.02,0.0
2020-08-24 13:30:00,INDEX:MMTH,50.97,51.14,50.21,51.14,0.0
2020-08-25 13:30:00,INDEX:MMTH,52.91,52.91,51.0,51.87,0.0
2020-08-26 13:30:00,INDEX:MMTH,52.73,52.73,50.55,50.55,0.0
2020-08-27 13:30:00,INDEX:MMTH,53.08,53.08,50.72,50.95,0.0
2020-08-28 13:30:00,INDEX:MMTH,52.82,52.82,51.58,52.38,0.0
2020-08-31 13:30:00,INDEX:MMTH,52.24,52.52,50.82,50.83,0.0
2020-09-01 13:30:00,INDEX:MMTH,51.1,51.75,50.94,51.71,0.0
2020-09-02 13:30:00,INDEX:MMTH,53.49,54.03,52.65,53.65,0.0
2020-09-03 13:30:00,INDEX:MMTH,54.83,54.83,49.41,50.03,0.0
2020-09-04 13:30:00,INDEX:MMTH,52.12,52.12,47.05,50.14,0.0
2020-09-08 13:30:00,INDEX:MMTH,48.06,48.62,46.6,46.65,0.0
2020-09-09 13:30:00,INDEX:MMTH,49.39,49.78,48.49,48.83,0.0
2020-09-10 13:30:00,INDEX:MMTH,51.07,51.23,46.98,46.98,0.0
2020-09-11 13:30:00,INDEX:MMTH,49.44,49.44,45.97,46.93,0.0
2020-09-14 13:30:00,INDEX:MMTH,49.97,50.6,49.57,50.23,0.0
2020-09-15 13:30:00,INDEX:MMTH,53.21,53.21,50.66,50.66,0.0
2020-09-16 13:30:00,INDEX:MMTH,52.94,53.15,51.71,51.71,0.0
2020-09-17 13:30:00,INDEX:MMTH,50.94,52.03,50.75,51.29,0.0
2020-09-18 13:30:00,INDEX:MMTH,52.42,52.42,49.32,50.46,0.0
2020-09-21 13:30:00,INDEX:MMTH,47.21,47.21,43.71,45.21,0.0
2020-09-22 13:30:00,INDEX:MMTH,46.79,46.79,44.16,45.65,0.0
2020-09-23 13:30:00,INDEX:MMTH,47.56,47.56,41.66,41.66,0.0
2020-09-24 13:30:00,INDEX:MMTH,41.53,44.03,40.68,41.65,0.0
2020-09-25 13:30:00,INDEX:MMTH,42.56,45.04,42.56,44.67,0.0
2020-09-28 13:30:00,INDEX:MMTH,48.0,48.24,47.43,47.65,0.0
2020-09-29 13:30:00,INDEX:MMTH,49.49,49.49,46.68,47.17,0.0
2020-09-30 13:30:00,INDEX:MMTH,49.44,49.45,46.51,47.11,0.0
2020-10-01 13:30:00,INDEX:MMTH,49.77,49.77,47.57,48.78,0.0
2020-10-02 13:30:00,INDEX:MMTH,47.29,50.33,47.29,49.76,0.0
2020-10-05 13:30:00,INDEX:MMTH,53.53,53.53,52.35,53.17,0.0
2020-10-06 13:30:00,INDEX:MMTH,55.51,57.2,52.97,52.97,0.0
2020-10-07 13:30:00,INDEX:MMTH,56.54,56.69,55.35,56.2,0.0
2020-10-08 13:30:00,INDEX:MMTH,58.46,58.94,57.69,58.65,0.0
2020-10-09 13:30:00,INDEX:MMTH,61.92,61.92,59.58,59.75,0.0
2020-10-12 13:30:00,INDEX:MMTH,60.99,61.25,60.31,60.88,0.0
2020-10-13 13:30:00,INDEX:MMTH,61.02,61.02,59.16,59.37,0.0
2020-10-14 13:30:00,INDEX:MMTH,61.81,61.81,58.37,58.39,0.0
2020-10-15 13:30:00,INDEX:MMTH,57.66,59.48,57.33,59.41,0.0
2020-10-16 13:30:00,INDEX:MMTH,60.26,60.75,59.39,59.67,0.0
2020-10-19 13:30:00,INDEX:MMTH,61.72,61.72,57.61,57.61,0.0
2020-10-20 13:30:00,INDEX:MMTH,60.28,60.31,58.35,58.46,0.0
2020-10-21 13:30:00,INDEX:MMTH,60.53,60.6,58.37,58.37,0.0
2020-10-22 13:30:00,INDEX:MMTH,60.83,62.22,59.42,61.76,0.0
2020-10-23 13:30:00,INDEX:MMTH,63.75,63.75,61.73,62.69,0.0
2020-10-26 13:30:00,INDEX:MMTH,61.52,61.52,57.04,58.75,0.0
2020-10-27 13:30:00,INDEX:MMTH,60.72,60.72,56.87,56.9,0.0
2020-10-28 13:30:00,INDEX:MMTH,53.06,53.88,50.69,50.69,0.0
2020-10-29 13:30:00,INDEX:MMTH,50.85,53.58,49.42,53.51,0.0
2020-10-30 13:30:00,INDEX:MMTH,54.74,54.74,50.69,51.36,0.0
2020-11-02 14:30:00,INDEX:MMTH,54.52,55.13,53.21,55.01,0.0
2020-11-03 14:30:00,INDEX:MMTH,58.85,61.15,58.7,60.29,0.0
2020-11-04 14:30:00,INDEX:MMTH,59.61,61.28,58.58,59.18,0.0
2020-11-05 14:30:00,INDEX:MMTH,61.94,63.76,61.94,63.14,0.0
2020-11-06 14:30:00,INDEX:MMTH,64.74,64.74,61.53,61.56,0.0
2020-11-09 14:30:00,INDEX:MMTH,73.36,74.28,71.63,71.63,0.0
2020-11-10 14:30:00,INDEX:MMTH,73.22,75.25,73.17,75.11,0.0
2020-11-11 14:30:00,INDEX:MMTH,76.02,76.02,74.48,75.44,0.0
2020-11-12 14:30:00,INDEX:MMTH,75.2,75.3,72.25,72.92,0.0
2020-11-13 14:30:00,INDEX:MMTH,74.72,77.0,74.72,76.77,0.0
2020-11-16 14:30:00,INDEX:MMTH,79.37,79.99,78.94,79.88,0.0
2020-11-17 14:30:00,INDEX:MMTH,79.54,80.56,78.69,80.13,0.0
2020-11-18 14:30:00,INDEX:MMTH,80.66,81.31,78.62,78.63,0.0
2020-11-19 14:30:00,INDEX:MMTH,78.51,79.52,77.76,79.52,0.0
2020-11-20 14:30:00,INDEX:MMTH,79.45,79.77,78.94,79.63,0.0
2020-11-23 14:30:00,INDEX:MMTH,80.34,81.42,80.21,80.9,0.0
2020-11-24 14:30:00,INDEX:MMTH,82.64,83.59,82.27,83.59,0.0
2020-11-25 14:30:00,INDEX:MMTH,83.49,83.72,82.96,83.4,0.0
2020-11-27 14:30:00,INDEX:MMTH,83.94,83.95,83.31,83.8,0.0
2020-11-30 14:30:00,INDEX:MMTH,83.93,83.93,82.2,82.22,0.0
2020-12-01 14:30:00,INDEX:MMTH,83.87,84.34,82.98,83.12,0.0
2020-12-02 14:30:00,INDEX:MMTH,82.12,83.91,82.12,83.78,0.0
2020-12-03 14:30:00,INDEX:MMTH,84.3,84.52,83.84,84.17,0.0
2020-12-04 14:30:00,INDEX:MMTH,84.79,85.95,84.79,85.89,0.0
2020-12-07 14:30:00,INDEX:MMTH,86.33,86.53,85.79,85.79,0.0
2020-12-08 14:30:00,INDEX:MMTH,85.68,86.46,85.35,86.44,0.0
2020-12-09 14:30:00,INDEX:MMTH,86.77,86.83,85.22,85.58,0.0
2020-12-10 14:30:00,INDEX:MMTH,85.51,86.58,85.51,86.44,0.0
2020-12-11 14:30:00,INDEX:MMTH,86.34,86.43,85.33,85.7,0.0
2020-12-14 14:30:00,INDEX:MMTH,86.7,87.17,85.7,85.72,0.0
2020-12-15 14:30:00,INDEX:MMTH,86.06,87.25,85.97,87.25,0.0
2020-12-16 14:30:00,INDEX:MMTH,87.71,87.71,86.68,86.85,0.0
2020-12-17 14:30:00,INDEX:MMTH,87.35,87.51,87.04,87.51,0.0
2020-12-18 14:30:00,INDEX:MMTH,87.64,87.64,86.3,86.35,0.0
2020-12-21 14:30:00,INDEX:MMTH,85.15,85.92,84.84,85.87,0.0
2020-12-22 14:30:00,INDEX:MMTH,85.82,85.94,85.51,85.55,0.0
2020-12-23 14:30:00,INDEX:MMTH,85.92,86.63,85.92,86.45,0.0
2020-12-24 14:30:00,INDEX:MMTH,86.23,86.28,86.02,86.22,0.0
2020-12-28 14:30:00,INDEX:MMTH,86.57,86.86,86.39,86.39,0.0
2020-12-29 14:30:00,INDEX:MMTH,86.62,86.62,85.2,85.59,0.0
2020-12-30 14:30:00,INDEX:MMTH,85.57,86.37,85.57,85.95,0.0
2020-12-31 14:30:00,INDEX:MMTH,85.27,86.14,85.02,85.94,0.0
2021-01-04 14:30:00,INDEX:MMTH,86.07,86.19,84.7,85.34,0.0
2021-01-05 14:30:00,INDEX:MMTH,85.49,86.67,85.24,86.23,0.0
2021-01-06 14:30:00,INDEX:MMTH,86.5,88.33,86.5,87.34,0.0
2021-01-07 14:30:00,INDEX:MMTH,87.39,88.03,87.27,87.8,0.0
2021-01-08 14:30:00,INDEX:MMTH,87.84,88.03,86.79,88.03,0.0
2021-01-11 14:30:00,INDEX:MMTH,87.29,87.7,87.16,87.38,0.0
2021-01-12 14:30:00,INDEX:MMTH,87.45,88.05,87.43,87.99,0.0
2021-01-13 14:30:00,INDEX:MMTH,88.14,88.14,87.58,87.72,0.0
2021-01-14 14:30:00,INDEX:MMTH,87.96,89.02,87.96,88.55,0.0
2021-01-15 14:30:00,INDEX:MMTH,88.34,88.49,87.6,88.04,0.0
2021-01-19 14:30:00,INDEX:MMTH,88.54,88.91,88.36,88.74,0.0
2021-01-20 14:30:00,INDEX:MMTH,89.04,89.08,88.5,89.08,0.0
2021-01-21 14:30:00,INDEX:MMTH,89.02,89.02,88.1,88.43,0.0
2021-01-22 14:30:00,INDEX:MMTH,88.0,88.61,87.71,88.58,0.0
2021-01-25 14:30:00,INDEX:MMTH,88.6,89.4,88.17,89.27,0.0
2021-01-26 14:30:00,INDEX:MMTH,89.49,89.49,88.9,89.06,0.0
2021-01-27 14:30:00,INDEX:MMTH,87.38,87.95,86.56,86.64,0.0
2021-01-28 14:30:00,INDEX:MMTH,87.28,87.54,86.55,86.77,0.0
2021-01-29 14:30:00,INDEX:MMTH,86.31,87.13,84.76,84.82,0.0
2021-02-01 14:30:00,INDEX:MMTH,85.87,86.97,85.01,86.74,0.0
2021-02-02 14:30:00,INDEX:MMTH,87.35,88.06,87.28,87.87,0.0
2021-02-03 14:30:00,INDEX:MMTH,87.87,88.56,87.54,88.42,0.0
2021-02-04 14:30:00,INDEX:MMTH,88.34,89.5,88.21,89.5,0.0
2021-02-05 14:30:00,INDEX:MMTH,89.97,90.07,89.51,90.04,0.0
2021-02-08 14:30:00,INDEX:MMTH,90.63,91.31,90.53,91.31,0.0
2021-02-09 14:30:00,INDEX:MMTH,91.38,91.88,91.29,91.79,0.0
2021-02-10 14:30:00,INDEX:MMTH,91.99,92.18,91.33,91.68,0.0
2021-02-11 14:30:00,INDEX:MMTH,91.78,91.78,90.83,90.99,0.0
2021-02-12 14:30:00,INDEX:MMTH,90.83,91.22,90.67,90.96,0.0
2021-02-16 14:30:00,INDEX:MMTH,91.28,91.28,90.81,90.88,0.0
2021-02-17 14:30:00,INDEX:MMTH,90.37,90.74,90.03,90.71,0.0
2021-02-18 14:30:00,INDEX:MMTH,90.3,90.35,89.48,89.89,0.0
2021-02-19 14:30:00,INDEX:MMTH,89.94,90.61,89.68,89.78,0.0
2021-02-22 14:30:00,INDEX:MMTH,89.05,89.33,88.81,88.85,0.0
2021-02-23 14:30:00,INDEX:MMTH,86.54,87.57,86.25,87.19,0.0
2021-02-24 14:30:00,INDEX:MMTH,87.49,88.52,87.45,88.13,0.0
2021-02-25 14:30:00,INDEX:MMTH,87.89,88.25,85.68,85.68,0.0
2021-02-26 14:30:00,INDEX:MMTH,85.73,85.88,84.01,84.37,0.0
2021-03-01 14:30:00,INDEX:MMTH,85.74,86.64,85.74,86.28,0.0
2021-03-02 14:30:00,INDEX:MMTH,86.24,86.24,85.48,85.52,0.0
2021-03-03 14:30:00,INDEX:MMTH,85.05,85.18,84.01,84.04,0.0
2021-03-04 14:30:00,INDEX:MMTH,84.01,84.01,79.84,81.17,0.0
2021-03-05 14:30:00,INDEX:MMTH,81.57,83.03,77.95,82.97,0.0
2021-03-08 14:30:00,INDEX:MMTH,82.5,84.15,82.02,82.07,0.0
2021-03-09 14:30:00,INDEX:MMTH,83.87,85.35,83.87,84.85,0.0
2021-03-10 14:30:00,INDEX:MMTH,85.72,85.72,85.02,85.55,0.0
2021-03-11 14:30:00,INDEX:MMTH,85.57,87.05,85.55,87.0,0.0
2021-03-12 14:30:00,INDEX:MMTH,85.78,87.3,85.78,87.25,0.0
2021-03-15 13:30:00,INDEX:MMTH,86.69,88.04,86.69,87.79,0.0
2021-03-16 13:30:00,INDEX:MMTH,87.73,88.0,86.66,86.89,0.0
2021-03-17 13:30:00,INDEX:MMTH,84.42,87.46,84.42,87.17,0.0
2021-03-18 13:30:00,INDEX:MMTH,85.45,86.65,85.33,85.34,0.0
2021-03-19 13:30:00,INDEX:MMTH,84.7,86.18,84.7,86.11,0.0
2021-03-22 13:30:00,INDEX:MMTH,85.22,86.33,85.22,86.07,0.0
2021-03-23 13:30:00,INDEX:MMTH,84.47,84.99,83.66,83.9,0.0
2021-03-24 13:30:00,INDEX:MMTH,82.99,84.25,81.58,81.58,0.0
2021-03-25 13:30:00,INDEX:MMTH,80.25,82.31,79.9,82.28,0.0
2021-03-26 13:30:00,INDEX:MMTH,82.64,83.35,81.67,83.35,0.0
2021-03-29 13:30:00,INDEX:MMTH,82.6,82.95,81.69,81.86,0.0
2021-03-30 13:30:00,INDEX:MMTH,80.78,81.92,80.5,81.76,0.0
2021-03-31 13:30:00,INDEX:MMTH,81.28,83.13,81.28,82.84,0.0
2021-04-01 13:30:00,INDEX:MMTH,83.56,84.24,83.39,84.24,0.0
2021-04-05 13:30:00,INDEX:MMTH,84.7,84.7,84.09,84.52,0.0
2021-04-06 13:30:00,INDEX:MMTH,85.0,85.03,84.56,84.63,0.0
2021-04-07 13:30:00,INDEX:MMTH,83.84,84.33,83.23,83.23,0.0
2021-04-08 13:30:00,INDEX:MMTH,83.38,83.85,83.19,83.78,0.0
2021-04-09 13:30:00,INDEX:MMTH,83.49,83.65,82.83,83.65,0.0
2021-04-12 13:30:00,INDEX:MMTH,82.8,82.8,81.94,81.98,0.0
2021-04-13 13:30:00,INDEX:MMTH,81.85,82.45,81.55,82.36,0.0
2021-04-14 13:30:00,INDEX:MMTH,82.19,83.35,82.19,82.51,0.0
2021-04-15 13:30:00,INDEX:MMTH,83.35,83.35,82.09,82.74,0.0
2021-04-16 13:30:00,INDEX:MMTH,81.93,82.47,81.77,82.47,0.0
2021-04-19 13:30:00,INDEX:MMTH,81.83,81.87,80.54,81.13,0.0
2021-04-20 13:30:00,INDEX:MMTH,80.23,80.56,79.53,79.85,0.0
2021-04-21 13:30:00,INDEX:MMTH,79.91,81.65,79.42,81.65,0.0
2021-04-22 13:30:00,INDEX:MMTH,81.77,82.62,81.16,81.41,0.0
2021-04-23 13:30:00,INDEX:MMTH,81.49,82.47,81.49,82.35,0.0
2021-04-26 13:30:00,INDEX:MMTH,83.28,83.6,82.39,83.33,0.0
2021-04-27 13:30:00,INDEX:MMTH,82.82,83.45,82.78,83.19,0.0
2021-04-28 13:30:00,INDEX:MMTH,82.24,83.03,82.24,82.86,0.0
2021-04-29 13:30:00,INDEX:MMTH,83.33,83.33,81.49,82.15,0.0
2021-04-30 13:30:00,INDEX:MMTH,81.67,82.25,80.79,80.81,0.0
2021-05-03 13:30:00,INDEX:MMTH,81.03,81.62,80.65,80.74,0.0
2021-05-04 13:30:00,INDEX:MMTH,78.39,79.03,77.8,78.79,0.0
2021-05-05 13:30:00,INDEX:MMTH,78.31,78.97,77.96,78.21,0.0
2021-05-06 13:30:00,INDEX:MMTH,75.85,77.13,75.79,76.88,0.0
2021-05-07 13:30:00,INDEX:MMTH,76.37,78.71,76.37,78.03,0.0
2021-05-10 13:30:00,INDEX:MMTH,76.68,77.23,75.77,75.77,0.0
2021-05-11 13:30:00,INDEX:MMTH,72.55,75.64,72.55,75.39,0.0
2021-05-12 13:30:00,INDEX:MMTH,73.25,74.42,72.33,72.33,0.0
2021-05-13 13:30:00,INDEX:MMTH,72.06,73.91,72.06,72.31,0.0
2021-05-14 13:30:00,INDEX:MMTH,72.41,74.9,72.41,74.89,0.0
2021-05-17 13:30:00,INDEX:MMTH,73.29,75.17,73.29,75.01,0.0
2021-05-18 13:30:00,INDEX:MMTH,75.08,76.73,75.05,75.76,0.0
2021-05-19 13:30:00,INDEX:MMTH,73.12,75.06,73.12,75.06,0.0
2021-05-20 13:30:00,INDEX:MMTH,74.85,76.54,74.85,76.47,0.0
2021-05-21 13:30:00,INDEX:MMTH,77.09,77.43,76.4,76.43,0.0
2021-05-24 13:30:00,INDEX:MMTH,76.44,77.32,76.44,76.8,0.0
2021-05-25 13:30:00,INDEX:MMTH,77.14,77.14,75.66,75.71,0.0
2021-05-26 13:30:00,INDEX:MMTH,75.92,77.24,75.78,77.07,0.0
2021-05-27 13:30:00,INDEX:MMTH,77.3,77.84,76.92,77.64,0.0
2021-05-28 13:30:00,INDEX:MMTH,77.9,78.49,77.24,77.4,0.0
2021-06-01 13:30:00,INDEX:MMTH,78.12,78.25,77.19,78.03,0.0
2021-06-02 13:30:00,INDEX:MMTH,77.88,78.56,77.86,78.42,0.0
2021-06-03 13:30:00,INDEX:MMTH,77.5,77.83,76.51,77.66,0.0
2021-06-04 13:30:00,INDEX:MMTH,77.83,78.42,77.83,78.25,0.0
2021-06-07 13:30:00,INDEX:MMTH,78.06,79.23,78.06,79.16,0.0
2021-06-08 13:30:00,INDEX:MMTH,79.47,79.65,78.44,79.47,0.0
2021-06-09 13:30:00,INDEX:MMTH,79.74,80.34,79.69,79.86,0.0
2021-06-10 13:30:00,INDEX:MMTH,79.42,79.94,78.75,79.59,0.0
2021-06-11 13:30:00,INDEX:MMTH,79.67,80.16,79.36,80.05,0.0
2021-06-14 13:30:00,INDEX:MMTH,80.43,80.76,80.16,80.24,0.0
2021-06-15 13:30:00,INDEX:MMTH,79.99,80.06,78.22,78.73,0.0
2021-06-16 13:30:00,INDEX:MMTH,78.43,78.8,77.02,78.01,0.0
2021-06-17 13:30:00,INDEX:MMTH,77.88,77.97,76.51,77.24,0.0
2021-06-18 13:30:00,INDEX:MMTH,76.02,76.02,73.9,74.31,0.0
2021-06-21 13:30:00,INDEX:MMTH,74.76,76.09,74.63,75.78,0.0
2021-06-22 13:30:00,INDEX:MMTH,75.12,75.72,74.37,75.67,0.0
2021-06-23 13:30:00,INDEX:MMTH,75.72,76.51,75.61,75.95,0.0
2021-06-24 13:30:00,INDEX:MMTH,76.69,77.63,76.69,77.63,0.0
2021-06-25 13:30:00,INDEX:MMTH,78.01,78.78,77.98,78.2,0.0
2021-06-28 13:30:00,INDEX:MMTH,78.75,78.75,76.48,77.09,0.0
2021-06-29 13:30:00,INDEX:MMTH,77.19,77.33,75.62,75.62,0.0
2021-06-30 13:30:00,INDEX:MMTH,74.98,75.68,74.98,75.12,0.0
2021-07-01 13:30:00,INDEX:MMTH,75.96,76.27,75.45,76.11,0.0
2021-07-02 13:30:00,INDEX:MMTH,76.43,76.43,74.29,75.03,0.0
2021-07-06 13:30:00,INDEX:MMTH,74.36,74.36,71.82,72.73,0.0
2021-07-07 13:30:00,INDEX:MMTH,72.91,72.91,70.03,71.14,0.0
2021-07-08 13:30:00,INDEX:MMTH,67.72,70.5,66.75,69.37,0.0
2021-07-09 13:30:00,INDEX:MMTH,71.12,72.3,70.92,72.3,0.0
2021-07-12 13:30:00,INDEX:MMTH,71.48,72.54,71.03,72.22,0.0
2021-07-13 13:30:00,INDEX:MMTH,71.18,71.18,69.27,69.27,0.0
2021-07-14 13:30:00,INDEX:MMTH,69.45,69.87,66.99,67.06,0.0
2021-07-15 13:30:00,INDEX:MMTH,65.73,66.66,64.41,66.26,0.0
2021-07-16 13:30:00,INDEX:MMTH,66.99,66.99,63.48,63.51,0.0
2021-07-19 13:30:00,INDEX:MMTH,58.14,59.86,57.08,58.6,0.0
2021-07-20 13:30:00,INDEX:MMTH,58.82,65.11,58.82,64.01,0.0
2021-07-21 13:30:00,INDEX:MMTH,65.97,67.33,65.97,66.89,0.0
2021-07-22 13:30:00,INDEX:MMTH,65.52,65.52,63.4,64.01,0.0
2021-07-23 13:30:00,INDEX:MMTH,64.11,64.48,62.42,64.13,0.0
2021-07-26 13:30:00,INDEX:MMTH,64.85,66.39,64.29,65.15,0.0
2021-07-27 13:30:00,INDEX:MMTH,63.2,63.24,61.7,63.24,0.0
2021-07-28 13:30:00,INDEX:MMTH,64.09,65.85,62.65,65.08,0.0
2021-07-29 13:30:00,INDEX:MMTH,66.14,67.11,65.66,65.67,0.0
2021-07-30 13:30:00,INDEX:MMTH,64.55,65.68,63.19,63.77,0.0
2021-08-02 13:30:00,INDEX:MMTH,64.64,65.6,62.95,62.95,0.0
2021-08-03 13:30:00,INDEX:MMTH,62.44,62.79,60.52,62.79,0.0
2021-08-04 13:30:00,INDEX:MMTH,61.03,61.68,59.53,59.53,0.0
2021-08-05 13:30:00,INDEX:MMTH,60.05,62.09,60.05,61.74,0.0
2021-08-06 13:30:00,INDEX:MMTH,62.51,62.93,61.6,62.52,0.0
2021-08-09 13:30:00,INDEX:MMTH,61.05,62.35,60.73,61.65,0.0
2021-08-10 13:30:00,INDEX:MMTH,61.04,62.22,61.04,61.74,0.0
2021-08-11 13:30:00,INDEX:MMTH,61.36,62.52,60.79,62.52,0.0
2021-08-12 13:30:00,INDEX:MMTH,61.24,61.33,60.19,61.14,0.0
2021-08-13 13:30:00,INDEX:MMTH,60.73,60.73,59.85,59.86,0.0
2021-08-16 13:30:00,INDEX:MMTH,57.49,58.68,57.15,57.99,0.0
2021-08-17 13:30:00,INDEX:MMTH,55.21,56.0,53.93,55.47,0.0
2021-08-18 13:30:00,INDEX:MMTH,53.95,56.01,53.68,53.68,0.0
2021-08-19 13:30:00,INDEX:MMTH,50.99,51.72,49.73,50.65,0.0
2021-08-20 13:30:00,INDEX:MMTH,49.41,52.82,49.41,52.82,0.0
2021-08-23 13:30:00,INDEX:MMTH,53.97,55.65,53.97,55.4,0.0
2021-08-24 13:30:00,INDEX:MMTH,55.25,57.39,55.25,57.16,0.0
2021-08-25 13:30:00,INDEX:MMTH,55.8,58.43,55.8,57.72,0.0
2021-08-26 13:30:00,INDEX:MMTH,57.1,57.68,55.38,55.47,0.0
2021-08-27 13:30:00,INDEX:MMTH,56.06,60.0,56.06,59.64,0.0
2021-08-30 13:30:00,INDEX:MMTH,59.54,59.54,57.88,57.88,0.0
2021-08-31 13:30:00,INDEX:MMTH,57.21,58.92,56.89,58.5,0.0
2021-09-01 13:30:00,INDEX:MMTH,58.3,59.24,57.19,58.84,0.0
2021-09-02 13:30:00,INDEX:MMTH,59.02,60.19,58.96,59.41,0.0
2021-09-03 13:30:00,INDEX:MMTH,58.56,58.56,57.4,57.93,0.0
2021-09-07 13:30:00,INDEX:MMTH,57.46,57.92,56.25,56.25,0.0
2021-09-08 13:30:00,INDEX:MMTH,54.81,55.15,53.08,53.38,0.0
2021-09-09 13:30:00,INDEX:MMTH,52.15,54.85,52.15,52.64,0.0
2021-09-10 13:30:00,INDEX:MMTH,52.82,53.13,50.95,50.97,0.0
2021-09-13 13:30:00,INDEX:MMTH,50.96,52.32,50.39,51.93,0.0
2021-09-14 13:30:00,INDEX:MMTH,51.71,51.71,48.76,48.93,0.0
2021-09-15 13:30:00,INDEX:MMTH,48.44,50.63,48.42,50.62,0.0
2021-09-16 13:30:00,INDEX:MMTH,49.8,50.53,48.34,49.41,0.0
2021-09-17 13:30:00,INDEX:MMTH,49.33,49.44,48.16,49.44,0.0
2021-09-20 13:30:00,INDEX:MMTH,44.65,45.12,42.37,44.7,0.0
2021-09-21 13:30:00,INDEX:MMTH,45.59,45.59,43.6,44.24,0.0
2021-09-22 13:30:00,INDEX:MMTH,45.3,48.4,45.3,47.17,0.0
2021-09-23 13:30:00,INDEX:MMTH,48.1,51.82,48.1,50.98,0.0
2021-09-24 13:30:00,INDEX:MMTH,49.67,51.54,49.67,50.74,0.0
2021-09-27 13:30:00,INDEX:MMTH,53.5,53.51,53.5,53.5,0.0
2021-09-28 13:30:00,INDEX:MMTH,52.43,52.88,49.79,49.79,0.0
2021-09-29 13:30:00,INDEX:MMTH,49.63,50.51,49.33,49.84,0.0
2021-09-30 13:30:00,INDEX:MMTH,49.74,50.3,46.87,46.88,0.0
2021-10-01 13:30:00,INDEX:MMTH,47.39,51.31,46.26,50.17,0.0
2021-10-04 13:30:00,INDEX:MMTH,48.41,48.78,48.05,48.38,0.0
2021-10-05 13:30:00,INDEX:MMTH,48.4,50.06,48.38,49.04,0.0
2021-10-06 13:30:00,INDEX:MMTH,46.73,48.26,44.94,48.26,0.0
2021-10-07 13:30:00,INDEX:MMTH,50.15,51.9,50.15,50.47,0.0
2021-10-08 13:30:00,INDEX:MMTH,50.21,50.79,49.27,49.28,0.0
2021-10-11 13:30:00,INDEX:MMTH,49.58,50.47,48.16,48.17,0.0
2021-10-12 13:30:00,INDEX:MMTH,48.2,49.4,48.17,48.92,0.0
2021-10-13 13:30:00,INDEX:MMTH,48.93,49.2,47.13,49.04,0.0
2021-10-14 13:30:00,INDEX:MMTH,50.93,52.06,50.64,52.06,0.0
2021-10-15 13:30:00,INDEX:MMTH,53.38,53.45,51.65,51.65,0.0
2021-10-18 13:30:00,INDEX:MMTH,51.35,51.52,50.83,51.09,0.0
2021-10-19 13:30:00,INDEX:MMTH,51.46,51.71,50.56,51.7,0.0
2021-10-20 13:30:00,INDEX:MMTH,51.2,53.23,51.05,53.18,0.0
2021-10-21 13:30:00,INDEX:MMTH,53.15,53.72,52.08,52.91,0.0
2021-10-22 13:30:00,INDEX:MMTH,52.85,53.11,51.85,52.36,0.0
2021-10-25 13:30:00,INDEX:MMTH,52.17,53.35,52.17,53.18,0.0
2021-10-26 13:30:00,INDEX:MMTH,53.02,53.25,52.09,52.1,0.0
2021-10-27 13:30:00,INDEX:MMTH,51.55,51.58,48.97,48.98,0.0
2021-10-28 13:30:00,INDEX:MMTH,49.4,51.12,49.4,51.12,0.0
2021-10-29 13:30:00,INDEX:MMTH,50.5,50.9,49.91,50.59,0.0
2021-11-01 13:30:00,INDEX:MMTH,51.06,54.38,51.06,54.13,0.0
2021-11-02 13:30:00,INDEX:MMTH,53.38,53.88,52.61,53.87,0.0
2021-11-03 13:30:00,INDEX:MMTH,53.06,56.35,53.06,56.08,0.0
2021-11-04 13:30:00,INDEX:MMTH,56.06,56.32,54.42,55.23,0.0
2021-11-05 13:30:00,INDEX:MMTH,56.3,57.13,55.93,56.84,0.0
2021-11-08 14:30:00,INDEX:MMTH,57.78,57.78,56.7,57.42,0.0
2021-11-09 14:30:00,INDEX:MMTH,57.14,57.14,55.78,56.75,0.0
2021-11-10 14:30:00,INDEX:MMTH,56.52,56.88,54.49,54.65,0.0
2021-11-11 14:30:00,INDEX:MMTH,55.39,55.82,55.11,55.16,0.0
2021-11-12 14:30:00,INDEX:MMTH,55.26,55.83,54.89,55.77,0.0
2021-11-15 14:30:00,INDEX:MMTH,56.03,56.03,54.48,54.68,0.0
2021-11-16 14:30:00,INDEX:MMTH,53.84,54.41,53.48,53.91,0.0
2021-11-17 14:30:00,INDEX:MMTH,53.04,53.04,52.08,52.88,0.0
2021-11-18 14:30:00,INDEX:MMTH,52.53,52.61,50.56,51.1,0.0
2021-11-19 14:30:00,INDEX:MMTH,50.23,50.36,49.59,49.67,0.0
2021-11-22 14:30:00,INDEX:MMTH,50.06,50.97,49.33,49.33,0.0
2021-11-23 14:30:00,INDEX:MMTH,49.32,49.61,48.43,49.25,0.0
2021-11-24 14:30:00,INDEX:MMTH,47.68,49.41,47.68,49.18,0.0
2021-11-26 14:30:00,INDEX:MMTH,44.63,44.63,41.67,43.73,0.0
2021-11-29 14:30:00,INDEX:MMTH,45.15,45.15,42.79,43.3,0.0
2021-11-30 14:30:00,INDEX:MMTH,41.47,41.47,37.92,38.99,0.0
2021-12-01 14:30:00,INDEX:MMTH,41.73,43.62,36.22,36.22,0.0
2021-12-02 14:30:00,INDEX:MMTH,37.43,41.23,37.43,40.94,0.0
2021-12-03 14:30:00,INDEX:MMTH,41.28,41.28,36.97,38.22,0.0
2021-12-06 14:30:00,INDEX:MMTH,39.55,42.83,39.44,41.73,0.0
2021-12-07 14:30:00,INDEX:MMTH,43.74,45.24,43.74,44.18,0.0
2021-12-08 14:30:00,INDEX:MMTH,44.0,45.53,44.0,45.48,0.0
2021-12-09 14:30:00,INDEX:MMTH,43.87,44.3,42.28,42.3,0.0
2021-12-10 14:30:00,INDEX:MMTH,42.84,42.84,41.18,42.06,0.0
2021-12-13 14:30:00,INDEX:MMTH,41.37,41.37,39.48,39.75,0.0
2021-12-14 14:30:00,INDEX:MMTH,38.51,40.79,38.51,38.73,0.0
2021-12-15 14:30:00,INDEX:MMTH,38.88,40.6,36.8,40.26,0.0
2021-12-16 14:30:00,INDEX:MMTH,41.39,41.82,39.01,39.36,0.0
2021-12-17 14:30:00,INDEX:MMTH,38.08,39.26,36.57,38.01,0.0
2021-12-20 14:30:00,INDEX:MMTH,34.52,35.32,32.68,35.27,0.0
2021-12-21 14:30:00,INDEX:MMTH,36.58,39.63,36.58,39.63,0.0
2021-12-22 14:30:00,INDEX:MMTH,39.33,41.29,38.86,41.19,0.0
2021-12-23 14:30:00,INDEX:MMTH,42.3,43.56,42.17,42.92,0.0
2021-12-27 14:30:00,INDEX:MMTH,43.33,45.29,42.62,45.14,0.0
2021-12-28 14:30:00,INDEX:MMTH,45.23,46.2,45.01,45.1,0.0
2021-12-29 14:30:00,INDEX:MMTH,44.75,45.63,44.73,45.33,0.0
2021-12-30 14:30:00,INDEX:MMTH,45.88,46.49,45.41,45.41,0.0
2021-12-31 14:30:00,INDEX:MMTH,45.38,46.02,45.07,45.78,0.0
2022-01-03 14:30:00,INDEX:MMTH,46.58,47.75,46.57,47.6,0.0
2022-01-04 14:30:00,INDEX:MMTH,49.17,49.17,47.68,48.16,0.0
2022-01-05 14:30:00,INDEX:MMTH,49.0,49.04,44.32,44.33,0.0
2022-01-06 14:30:00,INDEX:MMTH,45.26,45.8,43.21,44.85,0.0
2022-01-07 14:30:00,INDEX:MMTH,44.74,45.56,44.64,44.64,0.0
2022-01-10 14:30:00,INDEX:MMTH,43.04,43.81,40.87,43.78,0.0
2022-01-11 14:30:00,INDEX:MMTH,43.96,45.8,43.0,45.66,0.0
2022-01-12 14:30:00,INDEX:MMTH,46.69,46.8,44.32,45.65,0.0
2022-01-13 14:30:00,INDEX:MMTH,46.02,46.74,44.73,44.73,0.0
2022-01-14 14:30:00,INDEX:MMTH,42.84,44.03,41.55,44.02,0.0
2022-01-18 14:30:00,INDEX:MMTH,41.56,41.83,40.04,40.28,0.0
2022-01-19 14:30:00,INDEX:MMTH,40.46,40.73,38.22,38.22,0.0
2022-01-20 14:30:00,INDEX:MMTH,38.23,40.32,34.55,34.57,0.0
2022-01-21 14:30:00,INDEX:MMTH,32.82,35.56,31.27,31.3,0.0
2022-01-24 14:30:00,INDEX:MMTH,26.19,32.36,25.77,32.19,0.0
2022-01-25 14:30:00,INDEX:MMTH,27.1,33.01,26.53,31.33,0.0
2022-01-26 14:30:00,INDEX:MMTH,32.45,34.66,27.84,29.44,0.0
2022-01-27 14:30:00,INDEX:MMTH,30.98,32.57,26.73,27.41,0.0
2022-01-28 14:30:00,INDEX:MMTH,26.0,29.83,25.06,29.8,0.0
2022-01-31 14:30:00,INDEX:MMTH,28.37,33.3,28.37,33.3,0.0
2022-02-01 14:30:00,INDEX:MMTH,33.12,34.94,32.11,34.94,0.0
2022-02-02 14:30:00,INDEX:MMTH,34.51,35.39,33.54,35.06,0.0
2022-02-03 14:30:00,INDEX:MMTH,32.65,34.02,31.95,32.14,0.0
2022-02-04 14:30:00,INDEX:MMTH,31.46,33.61,30.03,32.32,0.0
2022-02-07 14:30:00,INDEX:MMTH,32.32,34.41,32.28,33.13,0.0
2022-02-08 14:30:00,INDEX:MMTH,33.48,35.93,33.48,35.83,0.0
2022-02-09 14:30:00,INDEX:MMTH,37.68,38.66,37.68,38.5,0.0
2022-02-10 14:30:00,INDEX:MMTH,36.16,39.61,35.37,35.82,0.0
2022-02-11 14:30:00,INDEX:MMTH,35.85,37.31,33.07,34.28,0.0
2022-02-14 14:30:00,INDEX:MMTH,34.04,34.21,32.22,32.94,0.0
2022-02-15 14:30:00,INDEX:MMTH,35.44,37.46,35.44,37.45,0.0
2022-02-16 14:30:00,INDEX:MMTH,36.5,38.76,36.5,38.63,0.0
2022-02-17 14:30:00,INDEX:MMTH,35.58,36.71,34.74,35.0,0.0
2022-02-18 14:30:00,INDEX:MMTH,33.97,35.33,33.65,34.29,0.0
2022-02-22 14:30:00,INDEX:MMTH,32.02,33.76,31.31,32.07,0.0
2022-02-23 14:30:00,INDEX:MMTH,32.78,32.78,29.64,29.64,0.0
2022-02-24 14:30:00,INDEX:MMTH,23.08,30.17,23.08,29.8,0.0
2022-02-25 14:30:00,INDEX:MMTH,30.61,35.66,30.61,35.64,0.0
2022-02-28 14:30:00,INDEX:MMTH,35.22,35.22,35.16,35.18,0.0
2022-03-01 14:30:00,INDEX:MMTH,34.34,34.34,30.02,30.92,0.0
2022-03-02 14:30:00,INDEX:MMTH,31.79,36.89,31.79,36.31,0.0
2022-03-03 14:30:00,INDEX:MMTH,36.7,36.7,34.08,35.77,0.0
2022-03-04 14:30:00,INDEX:MMTH,33.01,33.66,31.7,33.66,0.0
2022-03-07 14:30:00,INDEX:MMTH,32.53,32.53,29.3,29.3,0.0
2022-03-08 14:30:00,INDEX:MMTH,29.77,31.85,28.72,29.22,0.0
2022-03-09 14:30:00,INDEX:MMTH,32.73,33.7,32.03,32.83,0.0
2022-03-10 14:30:00,INDEX:MMTH,31.35,33.11,30.95,33.05,0.0
2022-03-11 14:30:00,INDEX:MMTH,33.43,34.13,31.84,31.84,0.0
2022-03-14 13:30:00,INDEX:MMTH,31.8,32.9,30.52,31.16,0.0
2022-03-15 13:30:00,INDEX:MMTH,31.01,32.47,30.78,32.46,0.0
2022-03-16 13:30:00,INDEX:MMTH,32.82,35.66,32.48,35.64,0.0
2022-03-17 13:30:00,INDEX:MMTH,34.24,37.91,34.24,37.91,0.0
2022-03-18 13:30:00,INDEX:MMTH,36.34,39.01,35.8,38.99,0.0
2022-03-21 13:30:00,INDEX:MMTH,39.03,39.25,37.79,38.48,0.0
2022-03-22 13:30:00,INDEX:MMTH,39.33,40.21,39.33,40.06,0.0
2022-03-23 13:30:00,INDEX:MMTH,38.09,38.95,37.02,37.02,0.0
2022-03-24 13:30:00,INDEX:MMTH,36.51,38.85,36.39,38.83,0.0
2022-03-25 13:30:00,INDEX:MMTH,38.43,39.87,38.43,39.79,0.0
2022-03-28 13:30:00,INDEX:MMTH,38.82,39.93,37.55,39.76,0.0
2022-03-29 13:30:00,INDEX:MMTH,42.39,44.05,41.51,43.97,0.0
2022-03-30 13:30:00,INDEX:MMTH,42.48,42.76,40.11,40.32,0.0
2022-03-31 13:30:00,INDEX:MMTH,40.19,41.0,39.09,39.09,0.0
2022-04-01 13:30:00,INDEX:MMTH,39.33,39.97,38.34,39.9,0.0
2022-04-04 13:30:00,INDEX:MMTH,39.25,39.85,38.26,39.76,0.0
2022-04-05 13:30:00,INDEX:MMTH,39.25,39.25,36.81,36.84,0.0
2022-04-06 13:30:00,INDEX:MMTH,34.44,36.21,34.44,35.97,0.0
2022-04-07 13:30:00,INDEX:MMTH,34.88,35.58,33.29,35.29,0.0
2022-04-08 13:30:00,INDEX:MMTH,34.22,35.36,33.83,34.64,0.0
2022-04-11 13:30:00,INDEX:MMTH,33.98,34.81,33.42,33.54,0.0
2022-04-12 13:30:00,INDEX:MMTH,33.81,35.6,33.62,34.0,0.0
2022-04-13 13:30:00,INDEX:MMTH,34.22,36.32,34.15,36.09,0.0
2022-04-14 13:30:00,INDEX:MMTH,36.28,36.71,35.92,36.0,0.0
2022-04-18 13:30:00,INDEX:MMTH,35.45,36.16,35.07,35.56,0.0
2022-04-19 13:30:00,INDEX:MMTH,35.28,38.23,35.28,38.04,0.0
2022-04-20 13:30:00,INDEX:MMTH,38.69,39.98,38.69,39.38,0.0
2022-04-21 13:30:00,INDEX:MMTH,40.85,40.85,36.66,36.67,0.0
2022-04-22 13:30:00,INDEX:MMTH,35.25,35.25,33.04,33.07,0.0
2022-04-25 13:30:00,INDEX:MMTH,30.71,33.08,29.83,33.08,0.0
2022-04-26 13:30:00,INDEX:MMTH,31.27,31.27,29.21,29.21,0.0
2022-04-27 13:30:00,INDEX:MMTH,28.58,29.89,28.57,28.86,0.0
2022-04-28 13:30:00,INDEX:MMTH,29.05,31.46,27.39,31.3,0.0
2022-04-29 13:30:00,INDEX:MMTH,30.38,30.78,27.43,27.65,0.0
2022-05-02 13:30:00,INDEX:MMTH,25.77,27.4,25.01,26.85,0.0
2022-05-03 13:30:00,INDEX:MMTH,25.81,28.71,25.81,28.23,0.0
2022-05-04 13:30:00,INDEX:MMTH,27.6,32.0,27.4,31.99,0.0
2022-05-05 13:30:00,INDEX:MMTH,28.99,28.99,26.07,27.07,0.0
2022-05-06 13:30:00,INDEX:MMTH,24.17,26.25,24.17,25.77,0.0
2022-05-09 13:30:00,INDEX:MMTH,22.95,23.24,21.5,21.78,0.0
2022-05-10 13:30:00,INDEX:MMTH,21.75,22.32,19.64,21.16,0.0
2022-05-11 13:30:00,INDEX:MMTH,21.75,22.97,20.31,20.41,0.0
2022-05-12 13:30:00,INDEX:MMTH,18.16,20.0,18.16,20.0,0.0
2022-05-13 13:30:00,INDEX:MMTH,20.5,22.85,20.32,22.78,0.0
2022-05-16 13:30:00,INDEX:MMTH,21.6,23.51,21.6,23.01,0.0
2022-05-17 13:30:00,INDEX:MMTH,24.15,26.04,23.92,26.01,0.0
2022-05-18 13:30:00,INDEX:MMTH,24.62,24.62,22.02,22.3,0.0
2022-05-19 13:30:00,INDEX:MMTH,20.61,22.47,20.48,21.7,0.0
2022-05-20 13:30:00,INDEX:MMTH,21.56,21.56,19.72,21.46,0.0
2022-05-23 13:30:00,INDEX:MMTH,21.6,23.41,21.6,23.14,0.0
2022-05-24 13:30:00,INDEX:MMTH,21.77,22.81,20.82,22.77,0.0
2022-05-25 13:30:00,INDEX:MMTH,22.12,24.53,22.12,24.07,0.0
2022-05-26 13:30:00,INDEX:MMTH,24.95,26.4,24.95,26.11,0.0
2022-05-27 13:30:00,INDEX:MMTH,26.47,28.72,26.47,28.7,0.0
2022-05-31 13:30:00,INDEX:MMTH,26.48,28.29,26.48,27.77,0.0
2022-06-01 13:30:00,INDEX:MMTH,27.61,27.61,24.94,26.88,0.0
2022-06-02 13:30:00,INDEX:MMTH,26.36,29.41,26.36,29.4,0.0
2022-06-03 13:30:00,INDEX:MMTH,27.68,28.24,27.37,27.83,0.0
2022-06-06 13:30:00,INDEX:MMTH,28.95,28.98,27.98,28.46,0.0
2022-06-07 13:30:00,INDEX:MMTH,26.73,29.87,26.73,29.82,0.0
2022-06-08 13:30:00,INDEX:MMTH,28.25,28.79,27.27,27.54,0.0
2022-06-09 13:30:00,INDEX:MMTH,26.41,26.82,25.11,25.21,0.0
2022-06-10 13:30:00,INDEX:MMTH,22.17,22.96,21.58,22.72,0.0
2022-06-13 13:30:00,INDEX:MMTH,18.12,19.29,17.77,17.96,0.0
2022-06-14 13:30:00,INDEX:MMTH,16.72,17.88,16.72,17.55,0.0
2022-06-15 13:30:00,INDEX:MMTH,17.49,19.61,17.49,18.35,0.0
2022-06-16 13:30:00,INDEX:MMTH,14.68,15.69,14.68,15.57,0.0
2022-06-17 13:30:00,INDEX:MMTH,14.48,15.75,14.3,15.73,0.0
2022-06-21 13:30:00,INDEX:MMTH,17.78,18.07,17.56,17.56,0.0
2022-06-22 13:30:00,INDEX:MMTH,14.33,16.95,14.33,16.63,0.0
2022-06-23 13:30:00,INDEX:MMTH,15.77,16.51,15.24,16.51,0.0
2022-06-24 13:30:00,INDEX:MMTH,16.19,19.34,16.19,19.1,0.0
2022-06-27 13:30:00,INDEX:MMTH,18.57,20.88,18.57,20.88,0.0
2022-06-28 13:30:00,INDEX:MMTH,21.13,21.13,19.56,19.88,0.0
2022-06-29 13:30:00,INDEX:MMTH,18.59,18.89,17.85,18.7,0.0
2022-06-30 13:30:00,INDEX:MMTH,16.14,18.79,16.14,18.71,0.0
2022-07-01 13:30:00,INDEX:MMTH,16.57,19.41,16.32,19.41,0.0
2022-07-05 13:30:00,INDEX:MMTH,16.21,18.25,15.33,18.25,0.0
2022-07-06 13:30:00,INDEX:MMTH,16.92,17.75,15.63,17.42,0.0
2022-07-07 13:30:00,INDEX:MMTH,17.56,19.91,17.56,19.85,0.0
2022-07-08 13:30:00,INDEX:MMTH,17.53,20.0,17.53,19.91,0.0
2022-07-11 13:30:00,INDEX:MMTH,18.23,19.16,17.78,18.82,0.0
2022-07-12 13:30:00,INDEX:MMTH,17.36,18.34,17.2,18.03,0.0
2022-07-13 13:30:00,INDEX:MMTH,16.58,18.44,16.58,18.0,0.0
2022-07-14 13:30:00,INDEX:MMTH,15.25,17.18,14.89,17.18,0.0
2022-07-15 13:30:00,INDEX:MMTH,15.82,18.99,15.82,18.99,0.0
2022-07-18 13:30:00,INDEX:MMTH,19.61,20.25,19.03,19.04,0.0
2022-07-19 13:30:00,INDEX:MMTH,19.24,22.23,19.24,22.18,0.0
2022-07-20 13:30:00,INDEX:MMTH,20.74,23.04,20.39,22.81,0.0
2022-07-21 13:30:00,INDEX:MMTH,20.88,23.52,20.49,23.48,0.0
2022-07-22 13:30:00,INDEX:MMTH,22.78,23.07,21.69,22.55,0.0
2022-07-25 13:30:00,INDEX:MMTH,22.15,24.14,22.15,24.14,0.0
2022-07-26 13:30:00,INDEX:MMTH,22.22,24.12,22.22,23.9,0.0
2022-07-27 13:30:00,INDEX:MMTH,24.01,27.02,23.73,26.89,0.0
2022-07-28 13:30:00,INDEX:MMTH,26.61,29.53,25.32,29.52,0.0
2022-07-29 13:30:00,INDEX:MMTH,28.41,31.46,28.41,31.05,0.0
2022-08-01 13:30:00,INDEX:MMTH,29.24,32.07,29.24,31.46,0.0
2022-08-02 13:30:00,INDEX:MMTH,29.41,31.89,29.11,30.49,0.0
2022-08-03 13:30:00,INDEX:MMTH,30.9,32.73,30.22,32.34,0.0
2022-08-04 13:30:00,INDEX:MMTH,31.37,31.76,31.17,31.29,0.0
2022-08-05 13:30:00,INDEX:MMTH,28.03,32.85,28.03,32.83,0.0
2022-08-08 13:30:00,INDEX:MMTH,33.4,34.84,33.38,34.16,0.0
2022-08-09 13:30:00,INDEX:MMTH,33.03,33.31,32.29,33.03,0.0
2022-08-10 13:30:00,INDEX:MMTH,35.35,37.1,35.35,37.1,0.0
2022-08-11 13:30:00,INDEX:MMTH,38.35,39.38,37.79,38.1,0.0
2022-08-12 13:30:00,INDEX:MMTH,37.86,41.17,37.86,41.16,0.0
2022-08-15 13:30:00,INDEX:MMTH,38.81,40.38,38.62,40.34,0.0
2022-08-16 13:30:00,INDEX:MMTH,40.99,42.19,40.24,41.23,0.0
2022-08-17 13:30:00,INDEX:MMTH,39.78,40.12,38.01,38.89,0.0
2022-08-18 13:30:00,INDEX:MMTH,39.2,40.28,38.77,40.15,0.0
2022-08-19 13:30:00,INDEX:MMTH,39.03,39.03,36.3,36.68,0.0
2022-08-22 13:30:00,INDEX:MMTH,34.34,34.34,32.85,32.86,0.0
2022-08-23 13:30:00,INDEX:MMTH,34.6,34.72,33.21,33.22,0.0
2022-08-24 13:30:00,INDEX:MMTH,33.98,35.0,33.98,34.3,0.0
2022-08-25 13:30:00,INDEX:MMTH,36.16,37.21,35.63,37.21,0.0
2022-08-26 13:30:00,INDEX:MMTH,36.68,36.68,32.52,32.52,0.0
2022-08-29 13:30:00,INDEX:MMTH,31.26,31.87,30.95,31.07,0.0
2022-08-30 13:30:00,INDEX:MMTH,31.64,31.64,28.22,28.22,0.0
2022-08-31 13:30:00,INDEX:MMTH,28.75,29.28,27.6,27.67,0.0
2022-09-01 13:30:00,INDEX:MMTH,26.25,26.52,25.05,26.52,0.0
2022-09-02 13:30:00,INDEX:MMTH,28.28,28.86,25.91,26.02,0.0
2022-09-06 13:30:00,INDEX:MMTH,26.85,26.85,24.58,24.74,0.0
2022-09-07 13:30:00,INDEX:MMTH,24.46,27.98,24.46,27.86,0.0
2022-09-08 13:30:00,INDEX:MMTH,27.24,28.82,27.24,28.82,0.0
2022-09-09 13:30:00,INDEX:MMTH,30.44,31.89,30.44,31.64,0.0
2022-09-12 13:30:00,INDEX:MMTH,33.64,34.16,33.64,34.12,0.0
2022-09-13 13:30:00,INDEX:MMTH,30.83,30.83,27.88,28.06,0.0
2022-09-14 13:30:00,INDEX:MMTH,28.57,29.15,27.75,28.64,0.0
2022-09-15 13:30:00,INDEX:MMTH,29.26,29.63,27.68,28.1,0.0
2022-09-16 13:30:00,INDEX:MMTH,25.76,26.86,24.6,26.85,0.0
2022-09-19 13:30:00,INDEX:MMTH,25.44,27.46,25.44,27.45,0.0
2022-09-20 13:30:00,INDEX:MMTH,26.19,26.26,24.86,25.91,0.0
2022-09-21 13:30:00,INDEX:MMTH,26.69,26.86,23.31,23.39,0.0
2022-09-22 13:30:00,INDEX:MMTH,23.37,23.37,20.85,21.04,0.0
2022-09-23 13:30:00,INDEX:MMTH,16.82,16.84,15.66,16.84,0.0
2022-09-26 13:30:00,INDEX:MMTH,16.25,17.36,15.48,15.5,0.0
2022-09-27 13:30:00,INDEX:MMTH,16.63,17.36,14.93,15.78,0.0
2022-09-28 13:30:00,INDEX:MMTH,15.86,20.08,15.86,19.09,0.0
2022-09-29 13:30:00,INDEX:MMTH,16.35,17.24,15.83,17.02,0.0
2022-09-30 13:30:00,INDEX:MMTH,16.58,18.92,16.58,16.6,0.0
2022-10-03 13:30:00,INDEX:MMTH,18.52,20.58,18.52,20.23,0.0
2022-10-04 13:30:00,INDEX:MMTH,23.75,25.31,23.75,25.3,0.0
2022-10-05 13:30:00,INDEX:MMTH,23.61,25.46,22.79,24.95,0.0
2022-10-06 13:30:00,INDEX:MMTH,25.21,25.72,24.33,24.38,0.0
2022-10-07 13:30:00,INDEX:MMTH,23.04,23.04,21.05,21.29,0.0
2022-10-10 13:30:00,INDEX:MMTH,21.3,21.52,20.26,20.84,0.0
2022-10-11 13:30:00,INDEX:MMTH,19.88,21.83,19.4,20.41,0.0
2022-10-12 13:30:00,INDEX:MMTH,19.51,21.03,19.37,20.57,0.0
2022-10-13 13:30:00,INDEX:MMTH,16.96,24.09,16.96,23.89,0.0
2022-10-14 13:30:00,INDEX:MMTH,24.5,24.5,21.06,21.29,0.0
2022-10-17 13:30:00,INDEX:MMTH,23.93,24.97,23.89,24.83,0.0
2022-10-18 13:30:00,INDEX:MMTH,26.87,26.87,25.33,26.41,0.0
2022-10-19 13:30:00,INDEX:MMTH,25.57,26.14,23.67,25.03,0.0
2022-10-20 13:30:00,INDEX:MMTH,24.96,26.07,22.86,23.41,0.0
2022-10-21 13:30:00,INDEX:MMTH,23.67,26.81,23.67,26.81,0.0
2022-10-24 13:30:00,INDEX:MMTH,27.18,27.51,26.35,27.16,0.0
2022-10-25 13:30:00,INDEX:MMTH,29.18,30.83,29.18,30.6,0.0
2022-10-26 13:30:00,INDEX:MMTH,31.94,33.64,31.5,31.5,0.0
2022-10-27 13:30:00,INDEX:MMTH,32.75,34.28,32.11,32.22,0.0
2022-10-28 13:30:00,INDEX:MMTH,32.82,35.76,31.78,35.7,0.0
2022-10-31 13:30:00,INDEX:MMTH,35.05,36.45,35.05,36.09,0.0
2022-11-01 13:30:00,INDEX:MMTH,38.01,38.01,36.15,36.53,0.0
2022-11-02 13:30:00,INDEX:MMTH,35.73,37.68,32.63,32.65,0.0
2022-11-03 13:30:00,INDEX:MMTH,30.43,33.13,30.21,32.31,0.0
2022-11-04 13:30:00,INDEX:MMTH,34.26,35.4,32.53,34.56,0.0
2022-11-07 14:30:00,INDEX:MMTH,35.83,36.47,34.52,36.2,0.0
2022-11-08 14:30:00,INDEX:MMTH,37.16,38.32,35.48,36.95,0.0
2022-11-09 14:30:00,INDEX:MMTH,35.59,35.91,33.04,33.14,0.0
2022-11-10 14:30:00,INDEX:MMTH,39.51,42.31,39.51,42.29,0.0
2022-11-11 14:30:00,INDEX:MMTH,43.67,44.54,42.86,43.92,0.0
2022-11-14 14:30:00,INDEX:MMTH,43.55,44.33,42.05,42.05,0.0
2022-11-15 14:30:00,INDEX:MMTH,45.18,45.18,43.61,43.84,0.0
2022-11-16 14:30:00,INDEX:MMTH,43.66,43.66,41.48,41.8,0.0
2022-11-17 14:30:00,INDEX:MMTH,39.1,41.05,38.98,41.03,0.0
2022-11-18 14:30:00,INDEX:MMTH,43.13,43.13,41.12,42.47,0.0
2022-11-21 14:30:00,INDEX:MMTH,41.63,41.81,40.55,41.45,0.0
2022-11-22 14:30:00,INDEX:MMTH,43.33,43.95,42.82,43.95,0.0
2022-11-23 14:30:00,INDEX:MMTH,44.91,45.32,43.94,45.08,0.0
2022-11-25 14:30:00,INDEX:MMTH,45.5,45.84,45.5,45.84,0.0
2022-11-28 14:30:00,INDEX:MMTH,45.08,45.08,41.73,42.17,0.0
2022-11-29 14:30:00,INDEX:MMTH,43.26,43.98,42.67,43.21,0.0
2022-11-30 14:30:00,INDEX:MMTH,44.68,47.55,42.38,47.52,0.0
2022-12-01 14:30:00,INDEX:MMTH,49.54,49.54,47.72,48.09,0.0
2022-12-02 14:30:00,INDEX:MMTH,46.6,48.79,46.6,48.57,0.0
2022-12-05 14:30:00,INDEX:MMTH,47.73,47.73,43.81,43.93,0.0
2022-12-06 14:30:00,INDEX:MMTH,44.46,44.46,41.46,42.19,0.0
2022-12-07 14:30:00,INDEX:MMTH,42.88,43.1,41.51,41.54,0.0
2022-12-08 14:30:00,INDEX:MMTH,42.67,43.99,42.04,42.44,0.0
2022-12-09 14:30:00,INDEX:MMTH,42.61,42.85,40.76,40.78,0.0
2022-12-12 14:30:00,INDEX:MMTH,41.44,43.69,41.44,43.46,0.0
2022-12-13 14:30:00,INDEX:MMTH,49.66,49.66,44.23,44.96,0.0
2022-12-14 14:30:00,INDEX:MMTH,45.72,46.16,43.08,43.4,0.0
2022-12-15 14:30:00,INDEX:MMTH,40.88,40.88,38.46,38.69,0.0
2022-12-16 14:30:00,INDEX:MMTH,37.24,37.84,35.94,37.75,0.0
2022-12-19 14:30:00,INDEX:MMTH,37.85,37.85,34.93,35.64,0.0
2022-12-20 14:30:00,INDEX:MMTH,35.58,37.21,35.4,36.43,0.0
2022-12-21 14:30:00,INDEX:MMTH,38.08,39.89,38.05,39.22,0.0
2022-12-22 14:30:00,INDEX:MMTH,37.56,37.56,34.66,37.11,0.0
2022-12-23 14:30:00,INDEX:MMTH,37.13,38.59,37.13,38.43,0.0
2022-12-27 14:30:00,INDEX:MMTH,38.69,39.57,38.27,38.75,0.0
2022-12-28 14:30:00,INDEX:MMTH,39.21,39.21,35.2,35.2,0.0
2022-12-29 14:30:00,INDEX:MMTH,36.93,39.77,36.93,39.57,0.0
2022-12-30 14:30:00,INDEX:MMTH,38.07,38.95,37.61,38.92,0.0
2023-01-03 14:30:00,INDEX:MMTH,40.66,40.66,37.02,38.59,0.0
2023-01-04 14:30:00,INDEX:MMTH,40.84,41.88,39.9,40.66,0.0
2023-01-05 14:30:00,INDEX:MMTH,39.23,40.19,38.85,39.34,0.0
2023-01-06 14:30:00,INDEX:MMTH,41.57,44.12,40.68,43.76,0.0
2023-01-09 14:30:00,INDEX:MMTH,45.42,46.54,44.36,44.47,0.0
2023-01-10 14:30:00,INDEX:MMTH,45.4,46.61,44.79,46.61,0.0
2023-01-11 14:30:00,INDEX:MMTH,48.18,49.5,48.15,49.5,0.0
2023-01-12 14:30:00,INDEX:MMTH,50.48,52.08,50.36,51.98,0.0
2023-01-13 14:30:00,INDEX:MMTH,51.25,53.16,51.25,53.16,0.0
2023-01-17 14:30:00,INDEX:MMTH,53.38,53.96,52.72,53.17,0.0
2023-01-18 14:30:00,INDEX:MMTH,55.24,55.31,50.24,50.24,0.0
2023-01-19 14:30:00,INDEX:MMTH,48.36,49.38,47.59,48.52,0.0
2023-01-20 14:30:00,INDEX:MMTH,49.45,52.3,49.45,52.3,0.0
2023-01-23 14:30:00,INDEX:MMTH,53.11,55.15,53.11,54.62,0.0
2023-01-24 14:30:00,INDEX:MMTH,53.9,54.69,53.89,53.89,0.0
2023-01-25 14:30:00,INDEX:MMTH,52.36,54.67,52.07,54.67,0.0
2023-01-26 14:30:00,INDEX:MMTH,55.14,55.83,54.3,55.82,0.0
2023-01-27 14:30:00,INDEX:MMTH,56.7,57.67,55.62,57.05,0.0
2023-01-30 14:30:00,INDEX:MMTH,56.02,56.91,54.61,54.63,0.0
2023-01-31 14:30:00,INDEX:MMTH,56.57,59.53,56.3,59.53,0.0
2023-02-01 14:30:00,INDEX:MMTH,60.92,63.6,59.45,62.57,0.0
2023-02-02 14:30:00,INDEX:MMTH,66.87,67.1,64.72,66.42,0.0
2023-02-03 14:30:00,INDEX:MMTH,66.07,66.07,63.83,63.83,0.0
2023-02-06 14:30:00,INDEX:MMTH,63.48,63.48,61.65,61.78,0.0
2023-02-07 14:30:00,INDEX:MMTH,61.63,63.59,60.63,63.19,0.0
2023-02-08 14:30:00,INDEX:MMTH,63.21,63.41,60.73,60.73,0.0
2023-02-09 14:30:00,INDEX:MMTH,63.34,63.34,57.87,58.13,0.0
2023-02-10 14:30:00,INDEX:MMTH,58.17,58.75,57.36,58.55,0.0
2023-02-13 14:30:00,INDEX:MMTH,58.88,60.6,58.82,60.25,0.0
2023-02-14 14:30:00,INDEX:MMTH,60.39,61.72,58.51,59.78,0.0
2023-02-15 14:30:00,INDEX:MMTH,59.76,61.72,59.05,61.69,0.0
2023-02-16 14:30:00,INDEX:MMTH,60.0,61.19,59.36,59.37,0.0
2023-02-17 14:30:00,INDEX:MMTH,58.3,59.67,58.3,59.6,0.0
2023-02-21 14:30:00,INDEX:MMTH,58.38,58.38,54.43,54.49,0.0
2023-02-22 14:30:00,INDEX:MMTH,56.29,56.29,54.08,54.43,0.0
2023-02-23 14:30:00,INDEX:MMTH,57.52,57.52,53.6,55.89,0.0
2023-02-24 14:30:00,INDEX:MMTH,52.74,53.57,52.35,53.57,0.0
2023-02-27 14:30:00,INDEX:MMTH,55.55,56.25,53.79,53.79,0.0
2023-02-28 14:30:00,INDEX:MMTH,54.2,55.06,53.52,53.52,0.0
2023-03-01 14:30:00,INDEX:MMTH,54.19,54.19,52.77,52.89,0.0
2023-03-02 14:30:00,INDEX:MMTH,52.09,53.54,52.09,53.53,0.0
2023-03-03 14:30:00,INDEX:MMTH,54.72,56.69,54.5,56.38,0.0
2023-03-06 14:30:00,INDEX:MMTH,56.94,57.07,53.43,53.86,0.0
2023-03-07 14:30:00,INDEX:MMTH,54.01,54.01,51.02,51.43,0.0
2023-03-08 14:30:00,INDEX:MMTH,52.01,52.46,50.52,51.86,0.0
2023-03-09 14:30:00,INDEX:MMTH,52.31,52.31,46.64,46.66,0.0
2023-03-10 14:30:00,INDEX:MMTH,44.38,45.12,39.45,40.66,0.0
2023-03-13 13:30:00,INDEX:MMTH,38.81,39.93,37.97,37.97,0.0
2023-03-14 13:30:00,INDEX:MMTH,41.57,42.66,40.09,40.75,0.0
2023-03-15 13:30:00,INDEX:MMTH,36.82,37.54,34.8,37.54,0.0
2023-03-16 13:30:00,INDEX:MMTH,35.57,40.55,35.57,40.23,0.0
2023-03-17 13:30:00,INDEX:MMTH,38.52,38.52,36.21,36.38,0.0
2023-03-20 13:30:00,INDEX:MMTH,37.67,39.02,37.41,37.76,0.0
2023-03-21 13:30:00,INDEX:MMTH,41.08,41.36,40.5,40.86,0.0
2023-03-22 13:30:00,INDEX:MMTH,41.15,41.16,37.44,37.46,0.0
2023-03-23 13:30:00,INDEX:MMTH,39.29,40.21,35.72,36.57,0.0
2023-03-24 13:30:00,INDEX:MMTH,35.39,37.86,34.65,37.49,0.0
2023-03-27 13:30:00,INDEX:MMTH,40.06,40.12,38.73,39.6,0.0
2023-03-28 13:30:00,INDEX:MMTH,39.93,40.86,39.8,39.97,0.0
2023-03-29 13:30:00,INDEX:MMTH,42.13,42.61,41.51,42.5,0.0
2023-03-30 13:30:00,INDEX:MMTH,44.91,44.91,42.2,43.06,0.0
2023-03-31 13:30:00,INDEX:MMTH,45.07,46.5,45.07,46.5,0.0
2023-04-03 13:30:00,INDEX:MMTH,47.57,47.75,45.3,46.75,0.0
2023-04-04 13:30:00,INDEX:MMTH,46.45,46.45,43.29,44.01,0.0
2023-04-05 13:30:00,INDEX:MMTH,43.48,43.48,41.32,42.1,0.0
2023-04-06 13:30:00,INDEX:MMTH,42.49,42.78,42.0,42.38,0.0
2023-04-10 13:30:00,INDEX:MMTH,42.2,44.06,42.2,44.04,0.0
2023-04-11 13:30:00,INDEX:MMTH,45.62,46.85,45.34,46.01,0.0
2023-04-12 13:30:00,INDEX:MMTH,47.16,47.16,44.62,44.72,0.0
2023-04-13 13:30:00,INDEX:MMTH,47.16,47.16,44.62,47.05,0.0
2023-04-14 13:30:00,INDEX:MMTH,48.14,48.45,44.77,45.51,0.0
2023-04-17 13:30:00,INDEX:MMTH,46.13,46.63,45.22,46.23,0.0
2023-04-18 13:30:00,INDEX:MMTH,47.14,47.14,44.81,45.62,0.0
2023-04-19 13:30:00,INDEX:MMTH,45.16,45.51,44.28,44.99,0.0
2023-04-20 13:30:00,INDEX:MMTH,44.65,44.96,43.6,44.45,0.0
2023-04-21 13:30:00,INDEX:MMTH,44.92,44.92,43.22,43.81,0.0
2023-04-24 13:30:00,INDEX:MMTH,44.54,44.72,43.0,43.22,0.0
2023-04-25 13:30:00,INDEX:MMTH,42.73,42.73,39.36,39.39,0.0
2023-04-26 13:30:00,INDEX:MMTH,39.27,39.27,37.27,37.67,0.0
2023-04-27 13:30:00,INDEX:MMTH,39.09,40.23,37.59,40.23,0.0
2023-04-28 13:30:00,INDEX:MMTH,40.81,42.37,40.81,41.9,0.0
2023-05-01 13:30:00,INDEX:MMTH,42.84,43.32,41.8,41.95,0.0
2023-05-02 13:30:00,INDEX:MMTH,38.26,38.68,37.21,38.54,0.0
2023-05-03 13:30:00,INDEX:MMTH,39.99,40.49,38.37,38.37,0.0
2023-05-04 13:30:00,INDEX:MMTH,38.2,38.2,36.47,36.85,0.0
2023-05-05 13:30:00,INDEX:MMTH,39.43,40.08,39.05,39.68,0.0
2023-05-08 13:30:00,INDEX:MMTH,40.7,40.7,39.38,39.76,0.0
2023-05-09 13:30:00,INDEX:MMTH,39.15,40.06,38.78,39.68,0.0
2023-05-10 13:30:00,INDEX:MMTH,42.44,42.44,39.45,40.77,0.0
2023-05-11 13:30:00,INDEX:MMTH,40.11,40.11,39.13,39.53,0.0
2023-05-12 13:30:00,INDEX:MMTH,41.07,41.07,38.59,39.26,0.0
2023-05-15 13:30:00,INDEX:MMTH,40.43,41.17,40.15,40.99,0.0
2023-05-16 13:30:00,INDEX:MMTH,40.88,40.88,38.75,38.76,0.0
2023-05-17 13:30:00,INDEX:MMTH,40.26,41.65,39.45,41.39,0.0
2023-05-18 13:30:00,INDEX:MMTH,41.17,42.51,40.74,42.31,0.0
2023-05-19 13:30:00,INDEX:MMTH,44.02,44.02,41.91,41.99,0.0
2023-05-22 13:30:00,INDEX:MMTH,43.06,44.4,42.48,43.3,0.0
2023-05-23 13:30:00,INDEX:MMTH,44.13,45.06,42.18,42.2,0.0
2023-05-24 13:30:00,INDEX:MMTH,42.38,42.38,39.61,40.38,0.0
2023-05-25 13:30:00,INDEX:MMTH,39.79,39.79,37.27,37.79,0.0
2023-05-26 13:30:00,INDEX:MMTH,39.65,40.58,39.21,40.33,0.0
2023-05-30 13:30:00,INDEX:MMTH,42.0,42.0,39.28,39.68,0.0
2023-05-31 13:30:00,INDEX:MMTH,40.56,40.56,37.5,38.49,0.0
2023-06-01 13:30:00,INDEX:MMTH,39.36,41.04,39.06,40.43,0.0
2023-06-02 13:30:00,INDEX:MMTH,44.03,46.61,43.48,46.6,0.0
2023-06-05 13:30:00,INDEX:MMTH,46.5,46.5,44.62,44.86,0.0
2023-06-06 13:30:00,INDEX:MMTH,45.45,49.07,45.45,48.89,0.0
2023-06-07 13:30:00,INDEX:MMTH,51.67,51.95,51.0,51.91,0.0
2023-06-08 13:30:00,INDEX:MMTH,52.91,52.91,50.74,51.42,0.0
2023-06-09 13:30:00,INDEX:MMTH,52.46,52.46,49.79,49.79,0.0
2023-06-12 13:30:00,INDEX:MMTH,50.77,51.37,50.01,50.33,0.0
2023-06-13 13:30:00,INDEX:MMTH,52.93,53.61,52.43,52.43,0.0
2023-06-14 13:30:00,INDEX:MMTH,54.51,54.51,50.83,51.13,0.0
2023-06-15 13:30:00,INDEX:MMTH,52.27,53.19,51.6,52.92,0.0
2023-06-16 13:30:00,INDEX:MMTH,54.89,54.89,51.59,52.42,0.0
2023-06-20 13:30:00,INDEX:MMTH,51.4,51.4,49.79,50.56,0.0
2023-06-21 13:30:00,INDEX:MMTH,50.27,51.08,49.77,50.12,0.0
2023-06-22 13:30:00,INDEX:MMTH,50.6,50.6,48.0,48.06,0.0
2023-06-23 13:30:00,INDEX:MMTH,46.8,47.49,45.57,45.81,0.0
2023-06-26 13:30:00,INDEX:MMTH,46.94,47.83,46.62,46.74,0.0
2023-06-27 13:30:00,INDEX:MMTH,48.43,48.92,48.08,48.6,0.0
2023-06-28 13:30:00,INDEX:MMTH,49.39,49.39,48.34,48.97,0.0
2023-06-29 13:30:00,INDEX:MMTH,49.74,50.93,49.74,50.9,0.0
2023-06-30 13:30:00,INDEX:MMTH,53.6,53.6,51.63,51.75,0.0
2023-07-03 13:30:00,INDEX:MMTH,53.28,53.39,52.75,52.9,0.0
2023-07-05 13:30:00,INDEX:MMTH,52.13,52.13,50.8,50.8,0.0
2023-07-06 13:30:00,INDEX:MMTH,49.69,49.69,46.57,48.24,0.0
2023-07-07 13:30:00,INDEX:MMTH,50.65,51.87,50.41,50.47,0.0
2023-07-10 13:30:00,INDEX:MMTH,51.72,52.9,51.72,52.26,0.0
2023-07-11 13:30:00,INDEX:MMTH,55.06,55.06,53.8,54.59,0.0
2023-07-12 13:30:00,INDEX:MMTH,58.54,58.54,56.42,56.44,0.0
2023-07-13 13:30:00,INDEX:MMTH,58.38,58.9,57.68,58.2,0.0
2023-07-14 13:30:00,INDEX:MMTH,57.58,57.58,55.43,55.73,0.0
2023-07-17 13:30:00,INDEX:MMTH,56.34,57.27,56.26,56.34,0.0
2023-07-18 13:30:00,INDEX:MMTH,59.54,59.67,57.76,58.57,0.0
2023-07-19 13:30:00,INDEX:MMTH,60.58,60.94,59.75,59.99,0.0
2023-07-20 13:30:00,INDEX:MMTH,60.24,60.24,59.01,59.29,0.0
2023-07-21 13:30:00,INDEX:MMTH,60.97,60.97,59.21,59.21,0.0
2023-07-24 13:30:00,INDEX:MMTH,61.11,61.11,59.56,59.94,0.0
2023-07-25 13:30:00,INDEX:MMTH,61.2,61.2,59.1,59.12,0.0
2023-07-26 13:30:00,INDEX:MMTH,61.61,61.61,60.16,60.73,0.0
2023-07-27 13:30:00,INDEX:MMTH,62.56,62.56,57.15,57.45,0.0
2023-07-28 13:30:00,INDEX:MMTH,60.13,60.13,59.09,59.59,0.0
2023-07-31 13:30:00,INDEX:MMTH,61.78,61.82,60.92,61.43,0.0
2023-08-01 13:30:00,INDEX:MMTH,60.76,60.76,58.67,58.8,0.0
2023-08-02 13:30:00,INDEX:MMTH,58.38,58.38,56.5,56.74,0.0
2023-08-03 13:30:00,INDEX:MMTH,56.28,56.96,55.41,55.69,0.0
2023-08-04 13:30:00,INDEX:MMTH,57.21,57.6,55.24,55.53,0.0
2023-08-07 13:30:00,INDEX:MMTH,57.0,57.0,55.1,55.38,0.0
2023-08-08 13:30:00,INDEX:MMTH,52.66,54.39,52.26,54.34,0.0
2023-08-09 13:30:00,INDEX:MMTH,55.16,55.16,52.9,53.08,0.0
2023-08-10 13:30:00,INDEX:MMTH,55.42,55.72,52.16,52.45,0.0
2023-08-11 13:30:00,INDEX:MMTH,53.02,53.35,52.35,52.52,0.0
2023-08-14 13:30:00,INDEX:MMTH,51.39,51.76,51.02,51.54,0.0
2023-08-15 13:30:00,INDEX:MMTH,50.32,50.32,48.05,48.14,0.0
2023-08-16 13:30:00,INDEX:MMTH,49.54,49.55,46.21,46.21,0.0
2023-08-17 13:30:00,INDEX:MMTH,48.22,48.22,44.19,44.19,0.0
2023-08-18 13:30:00,INDEX:MMTH,44.6,45.44,44.39,45.32,0.0
2023-08-21 13:30:00,INDEX:MMTH,45.8,45.82,44.31,44.59,0.0
2023-08-22 13:30:00,INDEX:MMTH,46.5,46.5,44.14,44.15,0.0
2023-08-23 13:30:00,INDEX:MMTH,45.6,46.52,45.5,46.12,0.0
2023-08-24 13:30:00,INDEX:MMTH,46.99,46.99,44.18,44.19,0.0
2023-08-25 13:30:00,INDEX:MMTH,45.95,45.95,43.78,44.92,0.0
2023-08-28 13:30:00,INDEX:MMTH,47.35,47.48,46.04,46.32,0.0
2023-08-29 13:30:00,INDEX:MMTH,47.79,49.12,47.61,49.09,0.0
2023-08-30 13:30:00,INDEX:MMTH,50.39,50.62,49.06,49.06,0.0
2023-08-31 13:30:00,INDEX:MMTH,50.5,50.62,48.26,48.26,0.0
2023-09-01 13:30:00,INDEX:MMTH,51.1,51.1,49.64,49.64,0.0
2023-09-05 13:30:00,INDEX:MMTH,48.27,48.27,45.92,45.92,0.0
2023-09-06 13:30:00,INDEX:MMTH,47.19,47.19,44.58,45.2,0.0
2023-09-07 13:30:00,INDEX:MMTH,44.73,44.73,42.95,43.43,0.0
2023-09-08 13:30:00,INDEX:MMTH,44.17,44.17,42.89,43.09,0.0
2023-09-11 13:30:00,INDEX:MMTH,45.59,45.59,43.55,43.58,0.0
2023-09-12 13:30:00,INDEX:MMTH,44.87,44.87,43.73,43.74,0.0
2023-09-13 13:30:00,INDEX:MMTH,44.52,44.52,42.3,42.3,0.0
2023-09-14 13:30:00,INDEX:MMTH,44.81,45.14,43.98,44.95,0.0
2023-09-15 13:30:00,INDEX:MMTH,45.24,45.24,43.26,43.98,0.0
2023-09-18 13:30:00,INDEX:MMTH,43.64,43.96,43.17,43.17,0.0
2023-09-19 13:30:00,INDEX:MMTH,44.44,44.44,42.22,42.37,0.0
2023-09-20 13:30:00,INDEX:MMTH,44.4,44.78,41.56,41.62,0.0
2023-09-21 13:30:00,INDEX:MMTH,39.53,39.67,38.07,38.15,0.0
2023-09-22 13:30:00,INDEX:MMTH,39.38,39.45,37.64,37.64,0.0
2023-09-25 13:30:00,INDEX:MMTH,37.47,38.45,37.31,38.02,0.0
2023-09-26 13:30:00,INDEX:MMTH,38.92,38.92,35.19,35.19,0.0
2023-09-27 13:30:00,INDEX:MMTH,37.18,37.45,35.45,36.22,0.0
2023-09-28 13:30:00,INDEX:MMTH,36.89,38.29,36.67,37.51,0.0
2023-09-29 13:30:00,INDEX:MMTH,39.27,39.27,36.48,36.71,0.0
2023-10-02 13:30:00,INDEX:MMTH,36.33,36.33,33.98,34.57,0.0
2023-10-03 13:30:00,INDEX:MMTH,33.06,33.06,31.55,32.0,0.0
2023-10-04 13:30:00,INDEX:MMTH,32.21,32.76,31.2,32.57,0.0
2023-10-05 13:30:00,INDEX:MMTH,32.81,33.18,31.46,32.4,0.0
2023-10-06 13:30:00,INDEX:MMTH,32.14,34.79,31.9,34.19,0.0
2023-10-09 13:30:00,INDEX:MMTH,34.13,35.56,33.61,35.2,0.0
2023-10-10 13:30:00,INDEX:MMTH,37.39,38.49,36.99,37.06,0.0
2023-10-11 13:30:00,INDEX:MMTH,38.82,38.82,35.81,36.75,0.0
2023-10-12 13:30:00,INDEX:MMTH,35.65,35.65,32.82,33.43,0.0
2023-10-13 13:30:00,INDEX:MMTH,34.47,34.47,32.1,32.71,0.0
2023-10-16 13:30:00,INDEX:MMTH,33.63,34.95,33.63,34.51,0.0
2023-10-17 13:30:00,INDEX:MMTH,35.47,37.21,35.47,35.84,0.0
2023-10-18 13:30:00,INDEX:MMTH,34.29,34.38,32.13,32.27,0.0
2023-10-19 13:30:00,INDEX:MMTH,32.54,32.64,29.88,29.98,0.0
2023-10-20 13:30:00,INDEX:MMTH,29.86,29.86,27.79,27.89,0.0
2023-10-23 13:30:00,INDEX:MMTH,26.84,28.33,26.6,26.61,0.0
2023-10-24 13:30:00,INDEX:MMTH,28.32,28.82,26.85,27.93,0.0
2023-10-25 13:30:00,INDEX:MMTH,26.67,27.24,25.19,25.19,0.0
2023-10-26 13:30:00,INDEX:MMTH,25.89,26.57,25.26,25.76,0.0
2023-10-27 13:30:00,INDEX:MMTH,25.63,25.63,23.5,23.8,0.0
2023-10-30 13:30:00,INDEX:MMTH,25.89,25.89,24.44,25.45,0.0
2023-10-31 13:30:00,INDEX:MMTH,26.09,27.12,26.05,27.1,0.0
2023-11-01 13:30:00,INDEX:MMTH,27.09,28.5,26.83,28.03,0.0
2023-11-02 13:30:00,INDEX:MMTH,31.28,32.67,31.04,32.65,0.0
2023-11-03 13:30:00,INDEX:MMTH,37.76,38.05,36.75,37.24,0.0
2023-11-06 14:30:00,INDEX:MMTH,36.8,36.8,35.08,35.23,0.0
2023-11-07 14:30:00,INDEX:MMTH,34.35,35.47,34.35,34.92,0.0
2023-11-08 14:30:00,INDEX:MMTH,35.64,35.71,33.17,33.65,0.0
2023-11-09 14:30:00,INDEX:MMTH,34.67,34.67,31.43,31.63,0.0
2023-11-10 14:30:00,INDEX:MMTH,32.94,33.88,31.7,33.73,0.0
2023-11-13 14:30:00,INDEX:MMTH,33.34,34.66,32.82,34.47,0.0
2023-11-14 14:30:00,INDEX:MMTH,39.86,42.98,39.86,42.96,0.0
2023-11-15 14:30:00,INDEX:MMTH,44.85,46.33,43.89,43.89,0.0
2023-11-16 14:30:00,INDEX:MMTH,43.84,43.84,40.64,41.19,0.0
2023-11-17 14:30:00,INDEX:MMTH,43.8,43.86,43.12,43.6,0.0
2023-11-20 14:30:00,INDEX:MMTH,45.04,45.34,44.43,44.83,0.0
2023-11-21 14:30:00,INDEX:MMTH,44.02,44.21,42.95,42.97,0.0
2023-11-22 14:30:00,INDEX:MMTH,45.01,45.01,43.59,44.02,0.0
2023-11-24 14:30:00,INDEX:MMTH,45.31,45.94,45.28,45.76,0.0
2023-11-27 14:30:00,INDEX:MMTH,44.5,45.5,44.5,44.83,0.0
2023-11-28 14:30:00,INDEX:MMTH,44.72,45.91,44.67,44.8,0.0
2023-11-29 14:30:00,INDEX:MMTH,48.31,48.31,46.25,46.34,0.0
2023-11-30 14:30:00,INDEX:MMTH,46.65,47.5,46.56,47.07,0.0
2023-12-01 14:30:00,INDEX:MMTH,48.45,52.47,48.45,52.47,0.0
2023-12-04 14:30:00,INDEX:MMTH,53.44,54.01,52.87,54.0,0.0
2023-12-05 14:30:00,INDEX:MMTH,52.99,53.46,51.4,51.42,0.0
2023-12-06 14:30:00,INDEX:MMTH,54.01,54.88,51.18,51.18,0.0
2023-12-07 14:30:00,INDEX:MMTH,51.95,52.65,51.95,52.51,0.0
2023-12-08 14:30:00,INDEX:MMTH,51.95,54.08,51.95,53.4,0.0
2023-12-11 14:30:00,INDEX:MMTH,54.09,54.13,53.56,54.01,0.0
2023-12-12 14:30:00,INDEX:MMTH,53.62,54.35,53.31,53.31,0.0
2023-12-13 14:30:00,INDEX:MMTH,54.05,59.13,53.37,59.13,0.0
2023-12-14 14:30:00,INDEX:MMTH,64.32,64.32,62.54,62.97,0.0
2023-12-15 14:30:00,INDEX:MMTH,63.15,63.15,60.93,61.32,0.0
2023-12-18 14:30:00,INDEX:MMTH,62.34,62.35,61.55,61.57,0.0
2023-12-19 14:30:00,INDEX:MMTH,64.15,64.54,63.85,64.53,0.0
2023-12-20 14:30:00,INDEX:MMTH,64.77,65.82,61.79,61.98,0.0
2023-12-21 14:30:00,INDEX:MMTH,63.9,64.0,62.88,63.96,0.0
2023-12-22 14:30:00,INDEX:MMTH,66.64,66.64,64.98,65.37,0.0
2023-12-26 14:30:00,INDEX:MMTH,66.01,67.44,65.67,67.22,0.0
2023-12-27 14:30:00,INDEX:MMTH,67.78,67.87,66.96,67.11,0.0
2023-12-28 14:30:00,INDEX:MMTH,67.67,68.04,66.98,67.26,0.0
2023-12-29 14:30:00,INDEX:MMTH,67.36,67.36,65.57,65.8,0.0
2024-01-02 14:30:00,INDEX:MMTH,66.18,67.13,65.07,65.82,0.0
2024-01-03 14:30:00,INDEX:MMTH,64.54,64.54,61.93,62.22,0.0
2024-01-04 14:30:00,INDEX:MMTH,63.14,63.43,62.27,62.43,0.0
2024-01-05 14:30:00,INDEX:MMTH,63.45,63.46,62.01,62.22,0.0
2024-01-08 14:30:00,INDEX:MMTH,61.78,64.53,61.78,64.51,0.0
2024-01-09 14:30:00,INDEX:MMTH,63.03,63.28,62.62,62.64,0.0
2024-01-10 14:30:00,INDEX:MMTH,63.2,63.2,62.27,62.81,0.0
2024-01-11 14:30:00,INDEX:MMTH,62.61,62.61,60.72,62.22,0.0
2024-01-12 14:30:00,INDEX:MMTH,64.66,64.66,61.73,62.08,0.0
2024-01-16 14:30:00,INDEX:MMTH,59.36,60.36,58.66,59.15,0.0
2024-01-17 14:30:00,INDEX:MMTH,57.41,58.22,56.27,57.28,0.0
2024-01-18 14:30:00,INDEX:MMTH,57.41,57.91,56.13,57.84,0.0
2024-01-19 14:30:00,INDEX:MMTH,58.14,59.62,57.48,59.55,0.0
2024-01-22 14:30:00,INDEX:MMTH,61.13,62.04,60.77,61.8,0.0
2024-01-23 14:30:00,INDEX:MMTH,63.4,63.4,61.1,61.51,0.0
2024-01-24 14:30:00,INDEX:MMTH,62.84,62.84,60.37,60.49,0.0
2024-01-25 14:30:00,INDEX:MMTH,62.64,62.64,60.79,61.88,0.0
2024-01-26 14:30:00,INDEX:MMTH,63.83,63.83,61.82,62.16,0.0
2024-01-29 14:30:00,INDEX:MMTH,61.6,63.97,61.6,63.96,0.0
2024-01-30 14:30:00,INDEX:MMTH,63.25,63.51,62.39,62.43,0.0
2024-01-31 14:30:00,INDEX:MMTH,62.81,63.0,59.01,59.02,0.0
2024-02-01 14:30:00,INDEX:MMTH,60.98,61.32,57.84,61.3,0.0
2024-02-02 14:30:00,INDEX:MMTH,58.78,60.53,58.75,59.47,0.0
2024-02-05 14:30:00,INDEX:MMTH,57.86,58.24,56.52,57.09,0.0
2024-02-06 14:30:00,INDEX:MMTH,58.71,59.09,58.55,58.83,0.0
2024-02-07 14:30:00,INDEX:MMTH,57.56,58.06,57.22,57.45,0.0
2024-02-08 14:30:00,INDEX:MMTH,57.5,58.96,57.5,58.88,0.0
2024-02-09 14:30:00,INDEX:MMTH,59.24,60.44,58.28,60.28,0.0
2024-02-12 14:30:00,INDEX:MMTH,62.46,64.02,62.24,63.31,0.0
2024-02-13 14:30:00,INDEX:MMTH,58.11,58.59,55.4,56.22,0.0
2024-02-14 14:30:00,INDEX:MMTH,58.93,59.49,57.74,58.72,0.0
2024-02-15 14:30:00,INDEX:MMTH,61.85,62.86,60.84,62.85,0.0
2024-02-16 14:30:00,INDEX:MMTH,61.79,62.51,61.12,61.12,0.0
2024-02-20 14:30:00,INDEX:MMTH,59.69,60.43,59.01,59.1,0.0
2024-02-21 14:30:00,INDEX:MMTH,59.64,59.64,58.07,58.72,0.0
2024-02-22 14:30:00,INDEX:MMTH,59.95,59.95,58.94,59.19,0.0
2024-02-23 14:30:00,INDEX:MMTH,59.31,60.42,59.3,59.78,0.0
2024-02-26 14:30:00,INDEX:MMTH,60.24,60.73,58.62,59.17,0.0
2024-02-27 14:30:00,INDEX:MMTH,61.38,61.38,60.35,60.51,0.0
2024-02-28 14:30:00,INDEX:MMTH,59.95,60.27,58.76,58.8,0.0
2024-02-29 14:30:00,INDEX:MMTH,61.83,61.84,59.62,60.07,0.0
2024-03-01 14:30:00,INDEX:MMTH,59.62,60.98,59.62,60.81,0.0
2024-03-04 14:30:00,INDEX:MMTH,62.07,62.07,60.41,60.53,0.0
2024-03-05 14:30:00,INDEX:MMTH,60.92,60.94,59.2,59.46,0.0
2024-03-06 14:30:00,INDEX:MMTH,61.23,61.23,59.94,60.17,0.0
2024-03-07 14:30:00,INDEX:MMTH,62.4,62.4,60.97,61.21,0.0
2024-03-08 14:30:00,INDEX:MMTH,63.5,63.5,61.09,61.48,0.0
2024-03-11 13:30:00,INDEX:MMTH,62.71,62.71,61.63,61.74,0.0
2024-03-12 13:30:00,INDEX:MMTH,61.83,62.17,60.65,60.89,0.0
2024-03-13 13:30:00,INDEX:MMTH,63.16,63.16,61.2,61.35,0.0
2024-03-14 13:30:00,INDEX:MMTH,61.26,61.26,57.76,58.42,0.0
2024-03-15 13:30:00,INDEX:MMTH,59.28,59.41,58.29,59.0,0.0
2024-03-18 13:30:00,INDEX:MMTH,58.85,59.13,57.6,57.6,0.0
2024-03-19 13:30:00,INDEX:MMTH,58.52,59.1,58.52,58.89,0.0
2024-03-20 13:30:00,INDEX:MMTH,59.46,62.39,59.04,62.14,0.0
2024-03-21 13:30:00,INDEX:MMTH,64.53,64.53,62.82,63.31,0.0
2024-03-22 13:30:00,INDEX:MMTH,63.72,63.72,61.15,61.31,0.0
2024-03-25 13:30:00,INDEX:MMTH,63.24,63.24,60.63,60.63,0.0
2024-03-26 13:30:00,INDEX:MMTH,62.59,62.59,60.25,60.27,0.0
2024-03-27 13:30:00,INDEX:MMTH,62.57,64.37,62.57,64.33,0.0
2024-03-28 13:30:00,INDEX:MMTH,65.62,65.87,65.28,65.47,0.0
2024-04-01 13:30:00,INDEX:MMTH,65.47,65.47,63.67,63.72,0.0
2024-04-02 13:30:00,INDEX:MMTH,62.21,62.24,60.67,61.3,0.0
2024-04-03 13:30:00,INDEX:MMTH,61.2,62.13,61.11,61.27,0.0
2024-04-04 13:30:00,INDEX:MMTH,64.06,64.08,60.36,60.73,0.0
2024-04-05 13:30:00,INDEX:MMTH,60.83,61.42,60.42,60.53,0.0
2024-04-08 13:30:00,INDEX:MMTH,61.77,62.38,61.56,61.56,0.0
2024-04-09 13:30:00,INDEX:MMTH,63.65,63.65,62.13,63.06,0.0
2024-04-10 13:30:00,INDEX:MMTH,59.23,59.62,57.06,57.71,0.0
2024-04-11 13:30:00,INDEX:MMTH,58.77,58.88,57.09,58.14,0.0
2024-04-12 13:30:00,INDEX:MMTH,58.7,58.7,54.62,55.06,0.0
2024-04-15 13:30:00,INDEX:MMTH,57.11,57.11,52.58,52.98,0.0
2024-04-16 13:30:00,INDEX:MMTH,51.36,52.32,50.67,51.48,0.0
2024-04-17 13:30:00,INDEX:MMTH,53.78,53.78,50.16,50.16,0.0
2024-04-18 13:30:00,INDEX:MMTH,51.28,51.8,49.84,49.89,0.0
2024-04-19 13:30:00,INDEX:MMTH,51.59,52.3,50.99,52.18,0.0
2024-04-22 13:30:00,INDEX:MMTH,53.49,54.97,52.49,53.77,0.0
2024-04-23 13:30:00,INDEX:MMTH,57.03,57.73,56.69,56.71,0.0
2024-04-24 13:30:00,INDEX:MMTH,56.98,56.98,55.15,56.06,0.0
2024-04-25 13:30:00,INDEX:MMTH,53.62,54.78,53.52,54.35,0.0
2024-04-26 13:30:00,INDEX:MMTH,56.36,56.36,54.98,54.98,0.0
2024-04-29 13:30:00,INDEX:MMTH,57.3,57.3,55.67,55.97,0.0
2024-04-30 13:30:00,INDEX:MMTH,55.7,55.7,52.71,52.87,0.0
2024-05-01 13:30:00,INDEX:MMTH,53.86,56.5,53.4,53.72,0.0
2024-05-02 13:30:00,INDEX:MMTH,56.09,56.64,54.77,56.37,0.0
2024-05-03 13:30:00,INDEX:MMTH,60.3,60.3,57.86,58.14,0.0
2024-05-06 13:30:00,INDEX:MMTH,60.65,60.65,59.47,59.9,0.0
2024-05-07 13:30:00,INDEX:MMTH,61.23,61.26,59.88,59.88,0.0
2024-05-08 13:30:00,INDEX:MMTH,59.96,59.98,59.47,59.91,0.0
2024-05-09 13:30:00,INDEX:MMTH,61.12,61.53,60.79,61.37,0.0
2024-05-10 13:30:00,INDEX:MMTH,62.35,62.35,60.19,60.54,0.0
2024-05-13 13:30:00,INDEX:MMTH,62.53,63.26,60.97,60.99,0.0
2024-05-14 13:30:00,INDEX:MMTH,62.76,62.76,62.09,62.38,0.0
2024-05-15 13:30:00,INDEX:MMTH,64.17,64.17,63.19,63.65,0.0
2024-05-16 13:30:00,INDEX:MMTH,64.0,64.3,63.56,64.1,0.0
2024-05-17 13:30:00,INDEX:MMTH,64.6,64.72,64.08,64.37,0.0
2024-05-20 13:30:00,INDEX:MMTH,64.69,64.69,63.74,63.77,0.0
2024-05-21 13:30:00,INDEX:MMTH,64.16,64.16,62.43,63.15,0.0
2024-05-22 13:30:00,INDEX:MMTH,63.26,63.53,61.57,61.94,0.0
2024-05-23 13:30:00,INDEX:MMTH,61.29,61.29,57.4,57.71,0.0
2024-05-24 13:30:00,INDEX:MMTH,59.15,59.31,58.43,59.22,0.0
2024-05-28 13:30:00,INDEX:MMTH,60.63,60.63,57.86,58.36,0.0
2024-05-29 13:30:00,INDEX:MMTH,55.94,56.03,55.08,55.09,0.0
2024-05-30 13:30:00,INDEX:MMTH,56.93,57.52,56.38,56.83,0.0
2024-05-31 13:30:00,INDEX:MMTH,59.28,59.28,57.58,58.82,0.0
2024-06-03 13:30:00,INDEX:MMTH,59.53,59.53,57.16,58.11,0.0
2024-06-04 13:30:00,INDEX:MMTH,57.85,57.85,56.01,56.01,0.0
2024-06-05 13:30:00,INDEX:MMTH,56.9,57.62,56.7,57.62,0.0
2024-06-06 13:30:00,INDEX:MMTH,58.2,58.2,56.56,57.07,0.0
2024-06-07 13:30:00,INDEX:MMTH,55.51,56.46,54.3,54.67,0.0
2024-06-10 13:30:00,INDEX:MMTH,53.63,54.66,53.62,54.48,0.0
2024-06-11 13:30:00,INDEX:MMTH,53.28,53.84,52.72,53.45,0.0
2024-06-12 13:30:00,INDEX:MMTH,58.73,58.82,56.09,56.24,0.0
2024-06-13 13:30:00,INDEX:MMTH,55.74,55.74,52.92,54.03,0.0
2024-06-14 13:30:00,INDEX:MMTH,50.75,51.15,50.42,51.15,0.0
2024-06-17 13:30:00,INDEX:MMTH,51.15,52.07,50.06,52.06,0.0
2024-06-18 13:30:00,INDEX:MMTH,53.18,53.18,51.31,51.31,0.0
2024-06-20 13:30:00,INDEX:MMTH,51.44,51.55,50.51,50.79,0.0
2024-06-21 13:30:00,INDEX:MMTH,51.09,51.27,50.24,51.26,0.0
2024-06-24 13:30:00,INDEX:MMTH,52.38,53.63,52.21,52.28,0.0
2024-06-25 13:30:00,INDEX:MMTH,51.94,51.94,50.59,50.65,0.0
2024-06-26 13:30:00,INDEX:MMTH,50.36,51.03,49.71,50.96,0.0
2024-06-27 13:30:00,INDEX:MMTH,52.25,52.75,51.49,52.75,0.0
2024-06-28 13:30:00,INDEX:MMTH,54.69,54.69,52.83,54.28,0.0
2024-07-01 13:30:00,INDEX:MMTH,55.37,55.37,51.9,51.96,0.0
2024-07-02 13:30:00,INDEX:MMTH,52.41,52.86,51.87,52.51,0.0
2024-07-03 13:30:00,INDEX:MMTH,53.73,54.73,52.23,52.39,0.0
2024-07-05 13:30:00,INDEX:MMTH,51.73,51.76,50.87,51.3,0.0
2024-07-08 13:30:00,INDEX:MMTH,52.87,53.33,51.74,52.0,0.0
2024-07-09 13:30:00,INDEX:MMTH,51.97,52.79,50.91,51.79,0.0
2024-07-10 13:30:00,INDEX:MMTH,52.86,54.19,52.28,54.18,0.0
2024-07-11 13:30:00,INDEX:MMTH,57.64,59.98,57.64,59.88,0.0
2024-07-12 13:30:00,INDEX:MMTH,62.56,63.36,61.93,61.96,0.0
2024-07-15 13:30:00,INDEX:MMTH,62.98,64.59,62.98,63.53,0.0
2024-07-16 13:30:00,INDEX:MMTH,66.22,68.74,66.22,68.7,0.0
2024-07-17 13:30:00,INDEX:MMTH,69.43,69.43,67.52,67.81,0.0
2024-07-18 13:30:00,INDEX:MMTH,69.03,69.47,64.84,64.97,0.0
2024-07-19 13:30:00,INDEX:MMTH,64.86,64.86,62.93,62.96,0.0
2024-07-22 13:30:00,INDEX:MMTH,64.39,65.26,62.81,65.21,0.0
2024-07-23 13:30:00,INDEX:MMTH,65.11,65.84,65.01,65.45,0.0
2024-07-24 13:30:00,INDEX:MMTH,64.63,65.38,62.5,62.51,0.0
2024-07-25 13:30:00,INDEX:MMTH,63.8,65.99,63.8,64.34,0.0
2024-07-26 13:30:00,INDEX:MMTH,66.95,66.98,65.63,66.39,0.0
2024-07-29 13:30:00,INDEX:MMTH,66.98,67.15,64.92,65.66,0.0
2024-07-30 13:30:00,INDEX:MMTH,66.52,66.52,65.26,65.73,0.0
2024-07-31 13:30:00,INDEX:MMTH,66.7,68.37,66.32,66.71,0.0
2024-08-01 13:30:00,INDEX:MMTH,66.5,66.5,60.85,61.89,0.0
2024-08-02 13:30:00,INDEX:MMTH,55.04,56.88,54.9,55.78,0.0
2024-08-05 13:30:00,INDEX:MMTH,44.81,49.63,44.81,47.91,0.0
2024-08-06 13:30:00,INDEX:MMTH,49.29,52.29,48.88,50.09,0.0
2024-08-07 13:30:00,INDEX:MMTH,52.24,52.45,48.1,48.1,0.0
2024-08-08 13:30:00,INDEX:MMTH,51.14,53.0,51.14,53.0,0.0
2024-08-09 13:30:00,INDEX:MMTH,52.27,52.27,51.15,52.08,0.0
2024-08-12 13:30:00,INDEX:MMTH,51.98,51.98,50.39,50.41,0.0
2024-08-13 13:30:00,INDEX:MMTH,51.69,53.81,51.22,53.63,0.0
2024-08-14 13:30:00,INDEX:MMTH,54.14,54.14,52.65,53.45,0.0
2024-08-15 13:30:00,INDEX:MMTH,57.34,57.83,56.56,56.98,0.0
2024-08-16 13:30:00,INDEX:MMTH,57.29,57.66,56.93,57.41,0.0
2024-08-19 13:30:00,INDEX:MMTH,58.56,59.13,58.28,59.13,0.0
2024-08-20 13:30:00,INDEX:MMTH,58.68,58.68,57.01,57.34,0.0
2024-08-21 13:30:00,INDEX:MMTH,58.28,59.41,58.05,59.29,0.0
2024-08-22 13:30:00,INDEX:MMTH,59.88,59.88,57.52,57.54,0.0
2024-08-23 13:30:00,INDEX:MMTH,59.21,61.81,59.21,61.78,0.0
2024-08-26 13:30:00,INDEX:MMTH,62.6,63.08,62.13,62.15,0.0
2024-08-27 13:30:00,INDEX:MMTH,61.45,61.55,60.68,61.15,0.0
2024-08-28 13:30:00,INDEX:MMTH,60.75,60.79,59.2,59.83,0.0
2024-08-29 13:30:00,INDEX:MMTH,60.77,62.24,60.77,60.98,0.0
2024-08-30 13:30:00,INDEX:MMTH,61.93,61.93,60.23,61.69,0.0
2024-09-03 13:30:00,INDEX:MMTH,59.41,59.41,56.61,56.77,0.0
2024-09-04 13:30:00,INDEX:MMTH,56.49,58.24,56.4,56.7,0.0
2024-09-05 13:30:00,INDEX:MMTH,56.26,56.76,55.39,55.92,0.0
2024-09-06 13:30:00,INDEX:MMTH,54.26,54.26,52.15,52.39,0.0
2024-09-09 13:30:00,INDEX:MMTH,53.52,54.84,53.05,53.33,0.0
2024-09-10 13:30:00,INDEX:MMTH,52.68,52.81,51.09,52.77,0.0
2024-09-11 13:30:00,INDEX:MMTH,51.8,53.22,49.7,53.17,0.0
2024-09-12 13:30:00,INDEX:MMTH,53.87,54.67,52.67,54.66,0.0
2024-09-13 13:30:00,INDEX:MMTH,56.99,57.99,56.99,57.86,0.0
2024-09-16 13:30:00,INDEX:MMTH,58.81,58.81,57.58,58.32,0.0
2024-09-17 13:30:00,INDEX:MMTH,59.81,60.5,59.19,59.35,0.0
2024-09-18 13:30:00,INDEX:MMTH,60.14,61.74,58.76,58.76,0.0
2024-09-19 13:30:00,INDEX:MMTH,61.31,61.98,61.14,61.52,0.0
2024-09-20 13:30:00,INDEX:MMTH,61.22,61.22,59.59,60.22,0.0
2024-09-23 13:30:00,INDEX:MMTH,60.82,60.82,59.3,59.51,0.0
2024-09-24 13:30:00,INDEX:MMTH,60.29,60.36,59.71,60.07,0.0
2024-09-25 13:30:00,INDEX:MMTH,59.63,59.63,57.98,58.13,0.0
2024-09-26 13:30:00,INDEX:MMTH,60.51,60.51,59.65,60.0,0.0
2024-09-27 13:30:00,INDEX:MMTH,61.58,62.56,60.68,61.13,0.0
2024-09-30 13:30:00,INDEX:MMTH,60.71,61.63,59.43,60.98,0.0
2024-10-01 13:30:00,INDEX:MMTH,59.46,59.46,57.98,58.89,0.0
2024-10-02 13:30:00,INDEX:MMTH,59.0,59.48,58.72,58.95,0.0
2024-10-03 13:30:00,INDEX:MMTH,58.11,58.29,57.32,57.65,0.0
2024-10-04 13:30:00,INDEX:MMTH,59.86,59.86,58.42,59.67,0.0
2024-10-07 13:30:00,INDEX:MMTH,58.74,58.74,57.17,57.95,0.0
2024-10-08 13:30:00,INDEX:MMTH,57.44,57.57,56.59,57.21,0.0
2024-10-09 13:30:00,INDEX:MMTH,57.31,58.23,56.99,57.4,0.0
2024-10-10 13:30:00,INDEX:MMTH,56.3,57.18,56.13,57.18,0.0
2024-10-11 13:30:00,INDEX:MMTH,57.92,59.65,57.92,59.65,0.0
2024-10-14 13:30:00,INDEX:MMTH,59.24,60.22,59.19,60.22,0.0
2024-10-15 13:30:00,INDEX:MMTH,60.51,61.26,59.97,59.98,0.0
2024-10-16 13:30:00,INDEX:MMTH,61.23,62.07,61.1,61.51,0.0
2024-10-17 13:30:00,INDEX:MMTH,61.55,61.55,60.98,61.42,0.0
2024-10-18 13:30:00,INDEX:MMTH,61.6,73.06,61.42,61.56,0.0
2024-10-21 13:30:00,INDEX:MMTH,61.37,61.37,59.43,59.47,0.0
2024-10-22 13:30:00,INDEX:MMTH,58.95,59.34,58.73,58.99,0.0
2024-10-23 13:30:00,INDEX:MMTH,59.4,59.4,56.74,57.75,0.0
2024-10-24 13:30:00,INDEX:MMTH,58.37,58.37,57.39,57.9,0.0
2024-10-25 13:30:00,INDEX:MMTH,59.09,59.22,57.37,57.49,0.0
2024-10-28 13:30:00,INDEX:MMTH,58.93,59.61,58.93,59.43,0.0
2024-10-29 13:30:00,INDEX:MMTH,58.18,58.55,58.17,58.54,0.0
2024-10-30 13:30:00,INDEX:MMTH,58.47,59.77,58.34,58.34,0.0
2024-10-31 13:30:00,INDEX:MMTH,57.84,57.84,55.64,55.64,0.0
2024-11-01 13:30:00,INDEX:MMTH,57.27,57.27,55.29,55.93,0.0
2024-11-04 14:30:00,INDEX:MMTH,55.58,57.54,55.58,55.81,0.0
2024-11-05 14:30:00,INDEX:MMTH,56.68,58.71,56.68,58.6,0.0
2024-11-06 14:30:00,INDEX:MMTH,64.01,64.14,61.98,64.14,0.0
2024-11-07 14:30:00,INDEX:MMTH,64.89,64.89,63.6,63.7,0.0
2024-11-08 14:30:00,INDEX:MMTH,63.4,63.77,63.08,63.35,0.0
2024-11-11 14:30:00,INDEX:MMTH,64.29,64.35,63.56,63.91,0.0
2024-11-12 14:30:00,INDEX:MMTH,63.62,63.62,61.75,61.83,0.0
2024-11-13 14:30:00,INDEX:MMTH,62.41,62.53,60.64,60.64,0.0
2024-11-14 14:30:00,INDEX:MMTH,60.88,60.88,58.84,58.84,0.0
2024-11-15 14:30:00,INDEX:MMTH,59.02,59.02,56.78,56.82,0.0
2024-11-18 14:30:00,INDEX:MMTH,57.29,57.87,56.94,57.24,0.0
2024-11-19 14:30:00,INDEX:MMTH,56.72,57.38,56.46,57.38,0.0
2024-11-20 14:30:00,INDEX:MMTH,56.69,57.55,56.69,57.55,0.0
2024-11-21 14:30:00,INDEX:MMTH,58.19,59.51,58.19,59.49,0.0
2024-11-22 14:30:00,INDEX:MMTH,60.65,61.57,60.55,61.28,0.0
2024-11-25 14:30:00,INDEX:MMTH,63.31,63.99,62.7,63.06,0.0
2024-11-26 14:30:00,INDEX:MMTH,62.19,62.19,62.19,62.19,0.0
2024-11-27 14:30:00,INDEX:MMTH,69.43,69.43,62.85,63.01,0.0
2024-11-29 14:30:00,INDEX:MMTH,63.99,64.04,63.55,63.57,0.0
2024-12-02 14:30:00,INDEX:MMTH,63.13,64.05,62.87,63.89,0.0
2024-12-03 14:30:00,INDEX:MMTH,63.64,63.84,63.23,63.4,0.0
2024-12-04 14:30:00,INDEX:MMTH,63.24,63.44,62.7,63.23,0.0
2024-12-05 14:30:00,INDEX:MMTH,63.26,63.26,61.43,61.47,0.0
2024-12-06 14:30:00,INDEX:MMTH,62.66,62.66,61.47,61.87,0.0
2024-12-09 14:30:00,INDEX:MMTH,63.69,63.93,63.07,63.08,0.0
2024-12-10 14:30:00,INDEX:MMTH,62.21,62.92,61.69,62.3,0.0
2024-12-11 14:30:00,INDEX:MMTH,62.92,63.07,61.88,62.2,0.0
2024-12-12 14:30:00,INDEX:MMTH,62.35,62.35,60.89,60.98,0.0
2024-12-13 14:30:00,INDEX:MMTH,60.71,60.71,59.22,59.99,0.0
2024-12-16 14:30:00,INDEX:MMTH,59.83,60.35,59.28,59.29,0.0
2024-12-17 14:30:00,INDEX:MMTH,59.15,59.15,57.61,58.1,0.0
2024-12-18 14:30:00,INDEX:MMTH,58.76,58.76,51.34,51.35,0.0
2024-12-19 14:30:00,INDEX:MMTH,52.88,52.88,50.67,50.68,0.0
2024-12-20 14:30:00,INDEX:MMTH,51.13,53.45,51.13,52.34,0.0
2024-12-23 14:30:00,INDEX:MMTH,52.04,52.2,50.99,52.2,0.0
2024-12-24 14:30:00,INDEX:MMTH,51.89,53.81,51.74,53.81,0.0
2024-12-26 14:30:00,INDEX:MMTH,54.69,55.11,54.45,55.02,0.0
2024-12-27 14:30:00,INDEX:MMTH,53.99,53.99,51.84,53.28,0.0
2024-12-30 14:30:00,INDEX:MMTH,50.86,52.21,49.54,51.66,0.0
2024-12-31 14:30:00,INDEX:MMTH,52.32,53.21,51.32,52.24,0.0
2025-01-02 14:30:00,INDEX:MMTH,53.78,54.24,50.96,51.6,0.0
2025-01-03 14:30:00,INDEX:MMTH,52.51,53.75,51.46,53.71,0.0
2025-01-06 14:30:00,INDEX:MMTH,54.43,54.85,52.86,52.92,0.0
2025-01-07 14:30:00,INDEX:MMTH,53.93,53.93,50.94,51.6,0.0
2025-01-08 14:30:00,INDEX:MMTH,50.22,50.56,49.08,50.33,0.0
2025-01-10 14:30:00,INDEX:MMTH,47.47,47.47,45.27,46.16,0.0
2025-01-13 14:30:00,INDEX:MMTH,44.74,47.13,44.74,46.95,0.0
2025-01-14 14:30:00,INDEX:MMTH,48.75,49.52,47.44,49.32,0.0
2025-01-15 14:30:00,INDEX:MMTH,52.45,53.14,51.67,52.24,0.0
2025-01-16 14:30:00,INDEX:MMTH,53.21,53.68,52.42,53.38,0.0
2025-01-17 14:30:00,INDEX:MMTH,54.81,55.01,53.85,54.31,0.0
2025-01-21 14:30:00,INDEX:MMTH,55.78,57.06,55.78,57.03,0.0
2025-01-22 14:30:00,INDEX:MMTH,56.56,56.67,55.87,55.87,0.0
2025-01-23 14:30:00,INDEX:MMTH,55.22,56.79,54.87,56.79,0.0
2025-01-24 14:30:00,INDEX:MMTH,57.08,57.37,56.35,56.51,0.0
2025-01-27 14:30:00,INDEX:MMTH,56.61,57.62,55.8,56.7,0.0
2025-01-28 14:30:00,INDEX:MMTH,56.23,56.54,55.32,56.2,0.0
2025-01-29 14:30:00,INDEX:MMTH,56.42,56.96,54.39,55.5,0.0
2025-01-30 14:30:00,INDEX:MMTH,57.51,57.93,56.77,56.93,0.0
2025-01-31 14:30:00,INDEX:MMTH,57.11,57.77,54.84,55.34,0.0
2025-02-03 14:30:00,INDEX:MMTH,51.55,53.91,51.55,53.36,0.0
2025-02-04 14:30:00,INDEX:MMTH,53.56,55.27,53.56,55.14,0.0
2025-02-05 14:30:00,INDEX:MMTH,55.95,56.51,55.33,56.44,0.0
2025-02-06 14:30:00,INDEX:MMTH,57.82,57.82,55.7,56.35,0.0
2025-02-07 14:30:00,INDEX:MMTH,56.06,56.06,54.43,54.77,0.0
2025-02-10 14:30:00,INDEX:MMTH,55.2,55.82,55.07,55.62,0.0
2025-02-11 14:30:00,INDEX:MMTH,55.19,55.77,54.97,55.68,0.0
2025-02-12 14:30:00,INDEX:MMTH,53.75,54.48,53.14,53.87,0.0
2025-02-13 14:30:00,INDEX:MMTH,54.94,56.53,54.75,56.51,0.0
2025-02-14 14:30:00,INDEX:MMTH,57.42,57.55,56.1,56.26,0.0
2025-02-18 14:30:00,INDEX:MMTH,56.39,57.0,56.01,56.8,0.0
2025-02-19 14:30:00,INDEX:MMTH,55.86,56.55,55.51,56.14,0.0
2025-02-20 14:30:00,INDEX:MMTH,55.76,55.76,53.96,54.7,0.0
2025-02-21 14:30:00,INDEX:MMTH,54.92,54.92,50.68,50.71,0.0
2025-02-24 14:30:00,INDEX:MMTH,49.98,50.87,49.04,49.06,0.0
2025-02-25 14:30:00,INDEX:MMTH,50.33,50.33,48.35,49.2,0.0
2025-02-26 14:30:00,INDEX:MMTH,49.88,51.04,48.55,49.07,0.0
2025-02-27 14:30:00,INDEX:MMTH,49.22,49.24,46.92,46.92,0.0
2025-02-28 14:30:00,INDEX:MMTH,46.72,48.53,46.28,48.52,0.0
2025-03-03 14:30:00,INDEX:MMTH,49.89,49.89,44.49,44.89,0.0
2025-03-04 14:30:00,INDEX:MMTH,41.44,43.71,39.41,41.41,0.0
2025-03-05 14:30:00,INDEX:MMTH,42.28,43.63,41.59,42.9,0.0
2025-03-06 14:30:00,INDEX:MMTH,40.51,41.71,39.41,40.18,0.0
2025-03-07 14:30:00,INDEX:MMTH,40.22,42.28,37.92,42.08,0.0
2025-03-10 13:30:00,INDEX:MMTH,38.94,39.4,34.29,35.84,0.0
2025-03-11 13:30:00,INDEX:MMTH,36.53,36.7,33.31,34.73,0.0
2025-03-12 13:30:00,INDEX:MMTH,36.59,36.89,33.59,35.64,0.0
2025-03-13 13:30:00,INDEX:MMTH,36.36,36.36,32.06,32.58,0.0
2025-03-14 13:30:00,INDEX:MMTH,35.46,37.55,35.45,37.45,0.0
2025-03-17 13:30:00,INDEX:MMTH,38.7,40.54,38.51,40.1,0.0
2025-03-18 13:30:00,INDEX:MMTH,38.83,38.85,37.52,38.64,0.0
2025-03-19 13:30:00,INDEX:MMTH,39.17,42.04,39.17,41.09,0.0
2025-03-20 13:30:00,INDEX:MMTH,39.64,41.5,39.64,39.8,0.0
2025-03-21 13:30:00,INDEX:MMTH,37.28,39.05,37.28,38.78,0.0
2025-03-24 13:30:00,INDEX:MMTH,41.44,42.41,41.13,42.26,0.0
2025-03-25 13:30:00,INDEX:MMTH,42.61,42.61,41.39,41.4,0.0
2025-03-26 13:30:00,INDEX:MMTH,42.68,42.68,40.25,40.84,0.0
2025-03-27 13:30:00,INDEX:MMTH,39.51,41.27,39.23,40.1,0.0
2025-03-28 13:30:00,INDEX:MMTH,39.53,39.53,35.1,35.88,0.0
2025-03-31 13:30:00,INDEX:MMTH,32.94,35.51,32.94,34.94,0.0
2025-04-01 13:30:00,INDEX:MMTH,33.51,36.23,33.35,35.55,0.0
2025-04-02 13:30:00,INDEX:MMTH,34.59,37.24,34.37,37.07,0.0
2025-04-03 13:30:00,INDEX:MMTH,30.33,30.33,28.32,28.53,0.0
2025-04-04 13:30:00,INDEX:MMTH,21.92,21.92,18.76,19.18,0.0
2025-04-07 13:30:00,INDEX:MMTH,13.98,18.34,13.98,17.41,0.0
2025-04-08 13:30:00,INDEX:MMTH,20.66,20.86,14.3,14.95,0.0
2025-04-09 13:30:00,INDEX:MMTH,15.26,24.39,14.01,23.95,0.0
2025-04-10 13:30:00,INDEX:MMTH,21.32,21.32,17.92,20.01,0.0
2025-04-11 13:30:00,INDEX:MMTH,19.94,22.39,19.11,22.07,0.0
2025-04-14 13:30:00,INDEX:MMTH,23.61,24.37,22.73,23.92,0.0
2025-04-15 13:30:00,INDEX:MMTH,24.56,25.21,24.31,24.62,0.0
2025-04-16 13:30:00,INDEX:MMTH,24.28,25.05,22.57,23.53,0.0
2025-04-17 13:30:00,INDEX:MMTH,23.78,25.36,23.75,24.48,0.0
2025-04-21 13:30:00,INDEX:MMTH,23.43,23.43,20.83,21.77,0.0
2025-04-22 13:30:00,INDEX:MMTH,23.44,25.73,23.44,25.72,0.0
2025-04-23 13:30:00,INDEX:MMTH,30.0,30.0,26.99,27.33,0.0
2025-04-24 13:30:00,INDEX:MMTH,27.39,29.91,27.39,29.91,0.0
2025-04-25 13:30:00,INDEX:MMTH,29.11,29.39,28.39,29.38,0.0
2025-04-28 13:30:00,INDEX:MMTH,30.57,30.57,28.56,30.38,0.0
2025-04-29 13:30:00,INDEX:MMTH,29.76,31.67,29.23,31.46,0.0
2025-04-30 13:30:00,INDEX:MMTH,28.65,31.08,28.65,31.08,0.0
2025-05-01 13:30:00,INDEX:MMTH,31.55,32.24,30.95,31.21,0.0
2025-05-02 13:30:00,INDEX:MMTH,33.77,35.06,33.14,34.6,0.0
2025-05-05 13:30:00,INDEX:MMTH,33.4,34.79,33.13,33.82,0.0
2025-05-06 13:30:00,INDEX:MMTH,32.05,33.32,31.89,32.38,0.0
2025-05-07 13:30:00,INDEX:MMTH,33.47,33.95,32.18,32.98,0.0
2025-05-08 13:30:00,INDEX:MMTH,34.74,37.4,34.17,35.95,0.0
2025-05-09 13:30:00,INDEX:MMTH,36.92,36.92,35.83,36.31,0.0
2025-05-12 13:30:00,INDEX:MMTH,43.32,43.42,41.41,41.85,0.0
2025-05-13 13:30:00,INDEX:MMTH,43.15,43.74,43.14,43.28,0.0
2025-05-14 13:30:00,INDEX:MMTH,42.35,42.35,41.6,41.69,0.0
2025-05-15 13:30:00,INDEX:MMTH,41.34,43.52,41.26,43.51,0.0
2025-05-16 13:30:00,INDEX:MMTH,43.77,45.19,43.48,44.64,0.0
2025-05-19 13:30:00,INDEX:MMTH,42.76,44.74,42.76,44.74,0.0
2025-05-20 13:30:00,INDEX:MMTH,44.58,45.3,43.97,44.38,0.0
2025-05-21 13:30:00,INDEX:MMTH,42.78,42.78,39.09,39.21,0.0
2025-05-22 13:30:00,INDEX:MMTH,38.02,39.9,38.02,38.91,0.0
2025-05-23 13:30:00,INDEX:MMTH,36.73,38.47,36.73,38.05,0.0
2025-05-27 13:30:00,INDEX:MMTH,39.89,42.5,39.88,42.5,0.0
2025-05-28 13:30:00,INDEX:MMTH,42.2,42.2,40.21,40.23,0.0
2025-05-29 13:30:00,INDEX:MMTH,40.96,41.12,39.81,41.12,0.0
2025-05-30 13:30:00,INDEX:MMTH,39.28,40.74,38.89,39.97,0.0
2025-06-02 13:30:00,INDEX:MMTH,37.67,39.86,37.67,39.77,0.0
2025-06-03 13:30:00,INDEX:MMTH,39.32,42.39,39.03,41.92,0.0
2025-06-04 13:30:00,INDEX:MMTH,42.55,42.55,40.79,40.81,0.0
2025-06-05 13:30:00,INDEX:MMTH,41.02,42.0,40.17,40.66,0.0
2025-06-06 13:30:00,INDEX:MMTH,43.19,43.68,42.96,43.58,0.0
2025-06-09 13:30:00,INDEX:MMTH,44.91,45.92,44.45,44.81,0.0
2025-06-10 13:30:00,INDEX:MMTH,45.58,46.74,45.58,46.44,0.0
2025-06-11 13:30:00,INDEX:MMTH,47.14,47.47,45.08,45.09,0.0
2025-06-12 13:30:00,INDEX:MMTH,44.1,45.43,44.1,45.37,0.0
2025-06-13 13:30:00,INDEX:MMTH,43.7,43.7,41.41,41.53,0.0
2025-06-16 13:30:00,INDEX:MMTH,43.75,44.47,43.12,43.23,0.0
2025-06-17 13:30:00,INDEX:MMTH,42.94,43.29,41.25,41.31,0.0
2025-06-18 13:30:00,INDEX:MMTH,42.41,43.1,41.76,41.84,0.0
2025-06-20 13:30:00,INDEX:MMTH,43.66,43.66,41.27,41.63,0.0
2025-06-23 13:30:00,INDEX:MMTH,42.14,43.23,40.33,43.22,0.0
2025-06-24 13:30:00,INDEX:MMTH,44.59,45.81,44.59,45.5,0.0
2025-06-25 13:30:00,INDEX:MMTH,45.16,45.16,43.54,43.54,0.0
2025-06-26 13:30:00,INDEX:MMTH,44.6,46.67,44.46,46.67,0.0
2025-06-27 13:30:00,INDEX:MMTH,47.02,48.07,45.5,47.2,0.0
2025-06-30 13:30:00,INDEX:MMTH,47.45,47.45,46.7,47.18,0.0
2025-07-01 13:30:00,INDEX:MMTH,46.88,52.61,46.88,50.49,0.0
2025-07-02 13:30:00,INDEX:MMTH,50.56,52.85,50.48,52.77,0.0
2025-07-03 13:30:00,INDEX:MMTH,54.42,54.87,54.15,54.59,0.0
2025-07-07 13:30:00,INDEX:MMTH,53.47,54.48,50.97,51.83,0.0
2025-07-08 13:30:00,INDEX:MMTH,52.02,54.1,52.02,53.18,0.0
2025-07-09 13:30:00,INDEX:MMTH,54.43,54.47,52.76,54.47,0.0
2025-07-10 13:30:00,INDEX:MMTH,54.21,56.85,54.21,55.86,0.0
2025-07-11 13:30:00,INDEX:MMTH,54.2,54.3,53.23,53.56,0.0
2025-07-14 13:30:00,INDEX:MMTH,53.27,54.05,53.11,54.05,0.0
2025-07-15 13:30:00,INDEX:MMTH,53.45,53.45,49.94,49.94,0.0
2025-07-16 13:30:00,INDEX:MMTH,51.45,51.54,49.24,51.34,0.0
2025-07-17 13:30:00,INDEX:MMTH,52.59,53.77,52.47,53.29,0.0
2025-07-18 13:30:00,INDEX:MMTH,54.34,54.56,52.35,52.8,0.0
2025-07-21 13:30:00,INDEX:MMTH,53.98,54.46,52.62,52.68,0.0
2025-07-22 13:30:00,INDEX:MMTH,53.51,55.57,53.51,54.93,0.0
2025-07-23 13:30:00,INDEX:MMTH,56.87,57.38,55.92,57.36,0.0
2025-07-24 13:30:00,INDEX:MMTH,56.41,56.41,54.29,54.29,0.0
2025-07-25 13:30:00,INDEX:MMTH,54.83,54.88,53.72,54.81,0.0
2025-07-28 13:30:00,INDEX:MMTH,55.73,55.73,53.74,54.06,0.0
2025-07-29 13:30:00,INDEX:MMTH,55.15,55.15,52.06,52.33,0.0
2025-07-30 13:30:00,INDEX:MMTH,53.24,53.24,49.0,49.58,0.0
2025-07-31 13:30:00,INDEX:MMTH,49.04,49.3,47.63,47.64,0.0
2025-08-01 13:30:00,INDEX:MMTH,46.06,46.06,44.19,44.84,0.0
2025-08-04 13:30:00,INDEX:MMTH,46.02,47.6,45.96,47.58,0.0
2025-08-05 13:30:00,INDEX:MMTH,49.11,49.21,47.21,48.75,0.0
2025-08-06 13:30:00,INDEX:MMTH,49.32,49.32,48.35,48.42,0.0
2025-08-07 13:30:00,INDEX:MMTH,50.7,50.7,47.8,48.0,0.0
2025-08-08 13:30:00,INDEX:MMTH,49.56,49.63,48.72,49.01,0.0
2025-08-11 13:30:00,INDEX:MMTH,50.01,50.01,48.16,48.16,0.0
2025-08-12 13:30:00,INDEX:MMTH,49.6,52.98,49.6,52.66,0.0
2025-08-13 13:30:00,INDEX:MMTH,54.28,56.88,54.28,56.88,0.0
2025-08-14 13:30:00,INDEX:MMTH,55.08,55.08,53.32,54.62,0.0
2025-08-15 13:30:00,INDEX:MMTH,55.34,55.34,53.36,53.4,0.0
2025-08-18 13:30:00,INDEX:MMTH,53.69,54.48,53.69,54.03,0.0
2025-08-19 13:30:00,INDEX:MMTH,55.68,56.37,54.13,54.45,0.0
2025-08-20 13:30:00,INDEX:MMTH,55.65,55.65,53.61,54.6,0.0
2025-08-21 13:30:00,INDEX:MMTH,53.92,54.64,53.54,54.0,0.0
2025-08-22 13:30:00,INDEX:MMTH,56.27,61.49,56.27,61.35,0.0
2025-08-25 13:30:00,INDEX:MMTH,60.86,60.86,59.1,59.13,0.0
2025-08-26 13:30:00,INDEX:MMTH,59.82,60.15,59.44,59.65,0.0
2025-08-27 13:30:00,INDEX:MMTH,60.56,61.57,60.15,60.62,0.0
2025-08-28 13:30:00,INDEX:MMTH,61.25,61.25,59.89,60.36,0.0
2025-08-29 13:30:00,INDEX:MMTH,61.23,61.23,60.22,60.48,0.0
2025-09-02 13:30:00,INDEX:MMTH,59.29,59.29,57.58,58.64,0.0
2025-09-03 13:30:00,INDEX:MMTH,59.64,59.64,57.7,58.76,0.0
2025-09-04 13:30:00,INDEX:MMTH,58.42,60.18,58.42,60.15,0.0
2025-09-05 13:30:00,INDEX:MMTH,63.12,63.12,59.76,60.92,0.0
2025-09-08 13:30:00,INDEX:MMTH,60.86,60.86,59.36,60.04,0.0
2025-09-09 13:30:00,INDEX:MMTH,60.08,60.08,58.94,59.27,0.0
2025-09-10 13:30:00,INDEX:MMTH,60.12,60.12,58.26,58.89,0.0
2025-09-11 13:30:00,INDEX:MMTH,60.1,62.34,60.0,62.32,0.0
2025-09-12 13:30:00,INDEX:MMTH,62.14,62.14,60.27,60.33,0.0
2025-09-15 13:30:00,INDEX:MMTH,60.87,60.92,59.66,59.94,0.0
2025-09-16 13:30:00,INDEX:MMTH,60.03,60.03,59.16,59.83,0.0
2025-09-17 13:30:00,INDEX:MMTH,61.05,62.42,59.86,59.9,0.0
2025-09-18 13:30:00,INDEX:MMTH,61.29,62.77,61.29,62.58,0.0
2025-09-19 13:30:00,INDEX:MMTH,62.66,62.66,60.65,60.7,0.0
2025-09-22 13:30:00,INDEX:MMTH,60.43,61.36,60.13,61.08,0.0
2025-09-23 13:30:00,INDEX:MMTH,62.31,63.17,60.81,61.12,0.0
2025-09-24 13:30:00,INDEX:MMTH,61.89,62.2,60.67,60.99,0.0
2025-09-25 13:30:00,INDEX:MMTH,59.81,60.0,58.95,59.14,0.0
2025-09-26 13:30:00,INDEX:MMTH,60.13,60.87,59.76,60.86,0.0
2025-09-29 13:30:00,INDEX:MMTH,60.75,60.75,59.49,59.95,0.0
2025-09-30 13:30:00,INDEX:MMTH,60.52,60.52,58.16,59.78,0.0
2025-10-01 13:30:00,INDEX:MMTH,59.38,59.78,59.0,59.49,0.0
2025-10-02 13:30:00,INDEX:MMTH,60.01,60.16,58.39,59.11,0.0
2025-10-03 13:30:00,INDEX:MMTH,60.64,61.63,60.12,60.21,0.0
2025-10-06 13:30:00,INDEX:MMTH,61.33,61.5,59.97,59.97,0.0
2025-10-07 13:30:00,INDEX:MMTH,60.8,60.8,58.26,58.31,0.0
2025-10-08 13:30:00,INDEX:MMTH,58.66,59.54,58.66,59.23,0.0
2025-10-09 13:30:00,INDEX:MMTH,59.28,59.28,57.58,57.85,0.0
2025-10-10 13:30:00,INDEX:MMTH,58.54,58.54,51.91,51.91,0.0
2025-10-13 13:30:00,INDEX:MMTH,54.23,55.26,53.62,55.13,0.0
2025-10-14 13:30:00,INDEX:MMTH,54.11,58.55,54.11,58.0,0.0
2025-10-15 13:30:00,INDEX:MMTH,59.9,60.48,57.78,58.43,0.0
2025-10-16 13:30:00,INDEX:MMTH,58.91,58.91,53.92,54.43,0.0
2025-10-17 13:30:00,INDEX:MMTH,55.78,55.78,54.14,55.0,0.0
2025-10-20 13:30:00,INDEX:MMTH,57.22,58.17,56.79,58.15,0.0
2025-10-21 13:30:00,INDEX:MMTH,58.56,59.27,58.01,58.94,0.0
2025-10-22 13:30:00,INDEX:MMTH,58.64,59.05,57.1,57.99,0.0
2025-10-23 13:30:00,INDEX:MMTH,59.03,59.36,58.24,58.79,0.0
2025-10-24 13:30:00,INDEX:MMTH,61.44,61.44,59.65,59.66,0.0
2025-10-27 13:30:00,INDEX:MMTH,61.13,61.13,59.78,59.78,0.0
2025-10-28 13:30:00,INDEX:MMTH,59.7,59.73,58.35,58.81,0.0
2025-10-29 13:30:00,INDEX:MMTH,58.2,58.21,54.5,54.95,0.0
2025-10-30 13:30:00,INDEX:MMTH,55.45,56.29,54.34,54.39,0.0
2025-10-31 13:30:00,INDEX:MMTH,54.07,55.19,54.07,54.76,0.0
2025-11-03 14:30:00,INDEX:MMTH,53.72,53.72,52.33,53.49,0.0
2025-11-04 14:30:00,INDEX:MMTH,52.32,52.93,51.83,51.83,0.0
2025-11-05 14:30:00,INDEX:MMTH,52.83,54.35,52.44,53.43,0.0
2025-11-06 14:30:00,INDEX:MMTH,54.84,54.84,51.72,51.74,0.0
2025-11-07 14:30:00,INDEX:MMTH,51.98,53.22,50.62,53.13,0.0
2025-11-10 14:30:00,INDEX:MMTH,55.64,55.64,53.5,54.12,0.0
2025-11-11 14:30:00,INDEX:MMTH,55.66,56.14,55.43,55.72,0.0
2025-11-12 14:30:00,INDEX:MMTH,57.32,57.41,55.95,55.98,0.0
2025-11-13 14:30:00,INDEX:MMTH,55.96,55.96,53.68,53.82,0.0
2025-11-14 14:30:00,INDEX:MMTH,53.2,53.84,52.64,53.47,0.0
2025-11-17 14:30:00,INDEX:MMTH,53.5,53.5,49.32,49.33,0.0
2025-11-18 14:30:00,INDEX:MMTH,49.38,50.64,49.38,50.14,0.0
2025-11-19 14:30:00,INDEX:MMTH,50.31,50.47,48.9,49.34,0.0
2025-11-20 14:30:00,INDEX:MMTH,52.49,52.49,47.4,47.43,0.0
2025-11-21 14:30:00,INDEX:MMTH,49.92,52.87,49.72,51.94,0.0
2025-11-24 14:30:00,INDEX:MMTH,51.33,52.59,51.33,51.93,0.0
2025-11-25 14:30:00,INDEX:MMTH,54.16,56.08,54.16,56.06,0.0
2025-11-26 14:30:00,INDEX:MMTH,57.23,57.84,56.72,56.75,0.0
2025-11-28 14:30:00,INDEX:MMTH,57.16,57.89,57.16,57.78,0.0
2025-12-01 14:30:00,INDEX:MMTH,57.41,57.65,56.24,56.24,0.0
2025-12-02 14:30:00,INDEX:MMTH,56.5,56.61,55.89,55.93,0.0
2025-12-03 14:30:00,INDEX:MMTH,58.09,59.25,57.95,59.25,0.0
2025-12-04 14:30:00,INDEX:MMTH,59.58,59.58,59.04,59.2,0.0
2025-12-05 14:30:00,INDEX:MMTH,60.06,60.48,59.0,59.19,0.0
2025-12-08 14:30:00,INDEX:MMTH,59.53,59.53,57.99,57.99,0.0
2025-12-09 14:30:00,INDEX:MMTH,59.23,59.6,58.75,58.81,0.0
2025-12-10 14:30:00,INDEX:MMTH,59.22,62.22,59.22,61.37,0.0
2025-12-11 14:30:00,INDEX:MMTH,61.89,62.76,61.8,62.56,0.0
2025-12-12 14:30:00,INDEX:MMTH,62.39,62.61,61.75,61.85,0.0
2025-12-15 14:30:00,INDEX:MMTH,61.77,61.77,60.72,60.99,0.0
2025-12-16 14:30:00,INDEX:MMTH,60.21,60.42,59.64,60.01,0.0
2025-12-17 14:30:00,INDEX:MMTH,61.07,61.7,59.4,59.57,0.0
2025-12-18 14:30:00,INDEX:MMTH,61.31,61.34,59.74,59.8,0.0
2025-12-19 14:30:00,INDEX:MMTH,60.41,60.41,59.46,59.48,0.0
2025-12-22 14:30:00,INDEX:MMTH,60.76,61.39,60.21,60.37,0.0
2025-12-23 14:30:00,INDEX:MMTH,59.93,60.15,59.57,59.82,0.0
2025-12-24 14:30:00,INDEX:MMTH,59.5,60.31,59.5,60.31,0.0
2025-12-26 14:30:00,INDEX:MMTH,60.36,60.36,59.46,60.24,0.0
2025-12-29 14:30:00,INDEX:MMTH,60.1,60.1,59.27,59.6,0.0
2025-12-30 14:30:00,INDEX:MMTH,59.56,59.89,58.89,58.93,0.0
2025-12-31 14:30:00,INDEX:MMTH,58.9,58.9,57.71,57.81,0.0
2026-01-02 14:30:00,INDEX:MMTH,58.02,58.24,57.06,57.82,0.0
2026-01-05 14:30:00,INDEX:MMTH,58.87,60.49,58.68,59.52,0.0
2026-01-06 14:30:00,INDEX:MMTH,59.42,60.65,59.42,60.56,0.0
2026-01-07 14:30:00,INDEX:MMTH,61.52,61.52,58.93,59.04,0.0
2026-01-08 14:30:00,INDEX:MMTH,60.91,62.38,60.87,61.95,0.0
2026-01-09 14:30:00,INDEX:MMTH,61.77,63.11,61.77,62.57,0.0
2026-01-12 14:30:00,INDEX:MMTH,62.11,63.29,61.98,63.18,0.0
2026-01-13 14:30:00,INDEX:MMTH,62.47,62.72,61.88,62.18,0.0
2026-01-14 14:30:00,INDEX:MMTH,62.87,63.9,62.8,63.9,0.0
2026-01-15 14:30:00,INDEX:MMTH,64.69,65.68,64.37,65.19,0.0
2026-01-16 14:30:00,INDEX:MMTH,65.16,65.16,64.35,64.36,0.0
2026-01-20 14:30:00,INDEX:MMTH,62.17,62.82,61.72,61.72,0.0
2026-01-21 14:30:00,INDEX:MMTH,64.23,64.76,63.03,64.75,0.0
2026-01-22 14:30:00,INDEX:MMTH,66.69,66.69,65.58,65.8,0.0
2026-01-23 14:30:00,INDEX:MMTH,64.69,64.69,63.37,64.14,0.0
2026-01-26 14:30:00,INDEX:MMTH,64.57,64.57,62.9,63.43,0.0
2026-01-27 14:30:00,INDEX:MMTH,63.46,63.5,62.68,63.41,0.0
2026-01-28 14:30:00,INDEX:MMTH,63.17,63.17,61.44,61.5,0.0
2026-01-29 14:30:00,INDEX:MMTH,61.3,61.82,60.55,61.81,0.0
2026-01-30 14:30:00,INDEX:MMTH,60.39,61.03,59.89,60.98,0.0
2026-02-02 14:30:00,INDEX:MMTH,61.34,62.4,61.34,61.69,0.0
2026-02-03 14:30:00,INDEX:MMTH,61.93,61.93,60.04,61.3,0.0
2026-02-04 14:30:00,INDEX:MMTH,62.66,63.22,61.84,62.14,0.0
2026-02-05 14:30:00,INDEX:MMTH,62.16,62.16,59.84,60.0,0.0
2026-02-06 14:30:00,INDEX:MMTH,62.51,62.51,61.79,62.26,0.0
2026-02-09 14:30:00,INDEX:MMTH,61.55,62.95,61.55,62.68,0.0
2026-02-10 14:30:00,INDEX:MMTH,63.16,63.63,62.65,62.66,0.0
2026-02-11 14:30:00,INDEX:MMTH,63.14,63.14,61.48,62.08,0.0
2026-02-12 14:30:00,INDEX:MMTH,63.25,63.25,58.89,59.8,0.0
2026-02-13 14:30:00,INDEX:MMTH,59.92,61.36,59.92,60.18,0.0
2026-02-17 14:30:00,INDEX:MMTH,59.48,60.18,59.22,59.75,0.0
2026-02-18 14:30:00,INDEX:MMTH,61.28,61.41,60.62,60.78,0.0
2026-02-19 14:30:00,INDEX:MMTH,61.47,61.47,59.8,60.68,0.0
2026-02-20 14:30:00,INDEX:MMTH,61.33,61.33,59.76,60.53,0.0
2026-02-23 14:30:00,INDEX:MMTH,60.61,60.61,57.09,57.77,0.0
2026-02-24 14:30:00,INDEX:MMTH,59.44,59.44,58.65,58.85,0.0
2026-02-25 14:30:00,INDEX:MMTH,59.08,59.42,58.25,59.38,0.0
2026-02-26 14:30:00,INDEX:MMTH,60.14,60.38,59.17,60.08,0.0
2026-02-27 14:30:00,INDEX:MMTH,59.46,59.46,58.41,58.59,0.0
2026-03-02 14:30:00,INDEX:MMTH,57.57,59.33,57.57,58.91,0.0
2026-03-03 14:30:00,INDEX:MMTH,56.87,57.31,54.02,56.62,0.0
2026-03-04 14:30:00,INDEX:MMTH,58.25,58.31,57.48,57.84,0.0
2026-03-05 14:30:00,INDEX:MMTH,57.29,57.29,54.09,55.59,0.0
2026-03-06 14:30:00,INDEX:MMTH,52.25,52.61,51.45,52.46,0.0
2026-03-09 13:30:00,INDEX:MMTH,47.34,52.54,47.34,52.28,0.0
2026-03-10 13:30:00,INDEX:MMTH,52.43,53.8,51.54,51.54,0.0
2026-03-11 13:30:00,INDEX:MMTH,52.1,52.1,49.46,50.18,0.0
2026-03-12 13:30:00,INDEX:MMTH,49.02,49.02,47.49,47.65,0.0
2026-03-13 13:30:00,INDEX:MMTH,48.44,48.44,46.12,46.26,0.0
2026-03-16 13:30:00,INDEX:MMTH,48.72,48.72,47.37,47.38,0.0
2026-03-17 13:30:00,INDEX:MMTH,49.8,49.8,47.95,47.97,0.0
2026-03-18 13:30:00,INDEX:MMTH,46.52,46.78,44.91,44.91,0.0
2026-03-19 13:30:00,INDEX:MMTH,43.97,45.96,43.62,45.1,0.0
2026-03-20 13:30:00,INDEX:MMTH,45.09,45.09,41.46,42.42,0.0
2026-03-23 13:30:00,INDEX:MMTH,45.81,47.9,45.81,46.28,0.0
2026-03-24 13:30:00,INDEX:MMTH,45.35,47.2,45.35,46.15,0.0
2026-03-25 13:30:00,INDEX:MMTH,49.13,49.13,46.95,47.04,0.0
2026-03-26 13:30:00,INDEX:MMTH,47.67,47.68,45.72,45.76,0.0
2026-03-27 13:30:00,INDEX:MMTH,45.53,45.53,42.62,42.77,0.0
2026-03-30 13:30:00,INDEX:MMTH,44.15,44.15,42.23,42.51,0.0
2026-03-31 13:30:00,INDEX:MMTH,45.36,46.22,43.87,46.17,0.0
2026-04-01 13:30:00,INDEX:MMTH,45.36,47.18,43.87,47.16,0.0
2026-04-02 13:30:00,INDEX:MMTH,45.85,47.81,45.6,47.77,0.0
2026-04-06 13:30:00,INDEX:MMTH,48.31,48.68,47.81,48.44,0.0
2026-04-07 13:30:00,INDEX:MMTH,47.46,48.48,47.46,48.29,0.0
2026-04-08 13:30:00,INDEX:MMTH,53.3,53.31,52.33,52.8,0.0
2026-04-09 13:30:00,INDEX:MMTH,53.48,54.34,52.51,53.91,0.0
2026-04-10 13:30:00,INDEX:MMTH,54.8,54.8,52.4,52.6,0.0
2026-04-13 13:30:00,INDEX:MMTH,53.11,54.5,52.6,54.5,0.0
2026-04-14 13:30:00,INDEX:MMTH,56.46,56.46,54.99,55.27,0.0
2026-04-15 13:30:00,INDEX:MMTH,55.51,55.53,54.74,54.99,0.0
2026-04-16 13:30:00,INDEX:MMTH,55.83,55.83,55.01,55.45,0.0
2026-04-17 13:30:00,INDEX:MMTH,58.72,59.71,58.45,58.54,0.0
2026-04-20 13:30:00,INDEX:MMTH,58.77,59.25,58.72,58.92,0.0
2026-04-21 13:30:00,INDEX:MMTH,60.43,60.61,57.06,57.11,0.0
2026-04-22 13:30:00,INDEX:MMTH,59.07,59.07,56.98,57.42,0.0
2026-04-23 13:30:00,INDEX:MMTH,57.28,57.45,55.56,56.19,0.0
2026-04-24 13:30:00,INDEX:MMTH,56.35,56.49,55.92,55.93,0.0
2026-04-27 13:30:00,INDEX:MMTH,57.59,57.59,56.09,56.09,0.0
2026-04-28 13:30:00,INDEX:MMTH,57.27,57.27,55.19,55.43,0.0
2026-04-29 13:30:00,INDEX:MMTH,55.88,55.88,53.09,53.46,0.0
2026-04-30 13:30:00,INDEX:MMTH,55.08,55.66,54.48,55.61,0.0
2026-05-01 13:30:00,INDEX:MMTH,56.35,56.38,55.66,55.9,0.0
2026-05-04 13:30:00,INDEX:MMTH,56.32,56.67,53.7,53.76,0.0
2026-05-05 13:30:00,INDEX:MMTH,55.23,55.73,54.88,55.38,0.0
2026-05-06 13:30:00,INDEX:MMTH,57.31,57.97,57.14,57.39,0.0
2026-05-07 13:30:00,INDEX:MMTH,58.21,58.21,56.23,56.36,0.0
2026-05-08 13:30:00,INDEX:MMTH,56.8,57.09,56.17,56.34,0.0
2026-05-11 13:30:00,INDEX:MMTH,57.1,57.1,54.53,54.81,0.0
2026-05-12 13:30:00,INDEX:MMTH,54.32,54.32,52.86,53.76,0.0
2026-05-13 13:30:00,INDEX:MMTH,53.52,53.52,52.54,52.75,0.0
2026-05-14 13:30:00,INDEX:MMTH,53.6,54.03,53.11,53.42,0.0
2026-05-15 13:30:00,INDEX:MMTH,51.99,51.99,50.42,50.44,0.0
2026-05-18 13:30:00,INDEX:MMTH,51.75,51.75,50.54,51.19,0.0
2026-05-19 13:30:00,INDEX:MMTH,49.78,50.44,49.26,49.34,0.0
2026-05-20 13:30:00,INDEX:MMTH,50.84,52.3,50.84,52.3,0.0
2026-05-21 13:30:00,INDEX:MMTH,52.2,53.6,51.56,53.22,0.0
2026-05-22 13:30:00,INDEX:MMTH,54.76,54.76,53.46,53.6,0.0
2026-05-26 13:30:00,INDEX:MMTH,55.11,55.21,54.37,54.96,0.0
2026-05-27 13:30:00,INDEX:MMTH,56.53,56.99,55.29,55.38,0.0
2026-05-28 13:30:00,INDEX:MMTH,55.9,56.6,55.9,56.19,0.0
2026-05-29 13:30:00,INDEX:MMTH,56.08,56.24,55.53,55.66,0.0
2026-06-01 13:30:00,INDEX:MMTH,55.26,55.26,53.76,54.23,0.0
2026-06-02 13:30:00,INDEX:MMTH,54.56,54.94,54.03,54.12,0.0
2026-06-03 13:30:00,INDEX:MMTH,53.46,53.46,52.03,52.03,0.0
2026-06-04 13:30:00,INDEX:MMTH,54.66,54.77,53.68,54.34,0.0
2026-06-05 13:30:00,INDEX:MMTH,53.76,53.76,52.26,52.48,0.0
2026-06-08 13:30:00,INDEX:MMTH,53.02,53.02,51.74,51.76,0.0
2026-06-09 13:30:00,INDEX:MMTH,54.58,54.64,51.89,53.55,0.0
2026-06-10 13:30:00,INDEX:MMTH,54.61,54.68,52.53,52.6,0.0
2026-06-11 13:30:00,INDEX:MMTH,53.69,54.87,52.69,54.65,0.0
2026-06-12 13:30:00,INDEX:MMTH,55.47,56.2,55.37,55.38,0.0
2026-06-15 13:30:00,INDEX:MMTH,56.61,56.61,55.13,55.17,0.0
2026-06-16 13:30:00,INDEX:MMTH,56.18,56.18,54.98,55.13,0.0
2026-06-17 13:30:00,INDEX:MMTH,56.7,56.7,52.9,53.57,0.0
2026-06-18 13:30:00,INDEX:MMTH,55.83,55.83,54.24,54.95,0.0
2026-06-22 13:30:00,INDEX:MMTH,55.65,55.65,54.57,54.57,0.0
2026-06-23 13:30:00,INDEX:MMTH,55.47,55.66,54.87,55.21,0.0
2026-06-24 13:30:00,INDEX:MMTH,56.52,56.52,55.24,55.68,0.0
2026-06-25 13:30:00,INDEX:MMTH,56.26,56.78,55.5,55.66,0.0
2026-06-26 13:30:00,INDEX:MMTH,56.86,58.23,56.83,58.16,0.0
2026-06-29 13:30:00,INDEX:MMTH,57.58,58.14,57.22,58.14,0.0
2026-06-30 13:30:00,INDEX:MMTH,57.83,58.2,57.73,58.03,0.0
2026-07-01 13:30:00,INDEX:MMTH,59.7,59.76,58.27,58.29,0.0
2026-07-02 13:30:00,INDEX:MMTH,59.46,59.46,58.25,59.14,0.0
2026-07-06 13:30:00,INDEX:MMTH,59.73,59.73,58.84,59.29,0.0
2026-07-07 13:30:00,INDEX:MMTH,59.31,59.31,57.76,58.06,0.0
2026-07-08 13:30:00,INDEX:MMTH,58.23,58.23,56.1,56.8,0.0
2026-07-09 13:30:00,INDEX:MMTH,57.74,58.07,57.39,57.95,0.0
2026-07-10 13:30:00,INDEX:MMTH,59.08,59.08,57.91,57.93,0.0
2026-07-13 13:30:00,INDEX:MMTH,58.98,58.98,57.34,57.44,0.0
2026-07-14 13:30:00,INDEX:MMTH,58.38,58.38,57.11,57.11,0.0
2026-07-15 13:30:00,INDEX:MMTH,59.21,59.27,57.78,58.05,0.0
2026-07-16 13:30:00,INDEX:MMTH,59.41,59.41,58.56,59.03,0.0
2026-07-17 13:30:00,INDEX:MMTH,59.29,59.29,57.04,57.29,0.0
2026-07-20 13:30:00,INDEX:MMTH,56.88,56.94,56.18,56.22,0.0
2026-07-21 13:30:00,INDEX:MMTH,57.98,57.98,56.45,56.94,0.0
2026-07-22 13:30:00,INDEX:MMTH,57.71,57.71,56.75,56.93,0.0
2026-07-23 13:30:00,INDEX:MMTH,57.22,57.22,54.6,55.34,0.0
2026-07-24 13:30:00,INDEX:MMTH,57.33,57.33,55.78,55.82,0.0
2026-07-27 13:30:00,INDEX:MMTH,58.29,58.29,56.6,57.18,0.0
2026-07-28 13:30:00,INDEX:MMTH,58.29,58.53,57.63,58.06,0.0
2026-07-29 13:30:00,INDEX:MMTH,59.14,59.14,55.52,55.53,0.0
2026-07-30 13:30:00,INDEX:MMTH,57.7,57.7,55.37,56.78,0.0
2026-07-31 13:30:00,INDEX:MMTH,55.83,56.61,54.81,56.14,0.0
2026-08-03 13:30:00,INDEX:MMTH,59.47,59.47,57.55,58.41,0.0
2026-08-04 13:30:00,INDEX:MMTH,60.47,61.18,58.87,60.56,0.0
2026-08-05 13:30:00,INDEX:MMTH,61.63,61.63,59.81,59.86,0.0
2026-08-06 13:30:00,INDEX:MMTH,60.92,60.92,59.23,59.41,0.0
2026-08-07 13:30:00,INDEX:MMTH,61.82,61.82,60.85,61.31,0.0
2026-08-10 13:30:00,INDEX:MMTH,60.82,60.82,60.16,60.28,0.0
2026-08-11 13:30:00,INDEX:MMTH,61.55,61.55,60.5,60.5,0.0
2026-08-12 13:30:00,INDEX:MMTH,60.37,60.63,59.67,60.26,0.0
2026-08-13 13:30:00,INDEX:MMTH,61.95,61.95,60.6,60.92,0.0
2026-08-14 13:30:00,INDEX:MMTH,61.36,61.67,61.06,61.25,0.0
2026-08-17 13:30:00,INDEX:MMTH,60.87,60.87,59.56,59.62,0.0
2026-08-18 13:30:00,INDEX:MMTH,61.41,61.41,58.73,58.83,0.0
2026-08-19 13:30:00,INDEX:MMTH,62.74,62.74,60.64,60.66,0.0
2026-08-20 13:30:00,INDEX:MMTH,60.19,60.19,58.94,59.03,0.0
2026-08-21 13:30:00,INDEX:MMTH,60.81,60.81,60.02,60.06,0.0
2026-08-24 13:30:00,INDEX:MMTH,61.35,61.35,59.38,59.68,0.0
2026-08-25 13:30:00,INDEX:MMTH,61.16,61.16,59.76,60.36,0.0
2026-08-26 13:30:00,INDEX:MMTH,61.2,61.4,59.7,59.72,0.0
2026-08-27 13:30:00,INDEX:MMTH,59.81,59.9,59.07,59.68,0.0
2026-08-28 13:30:00,INDEX:MMTH,60.24,60.24,57.63,57.91,0.0
2026-08-31 13:30:00,INDEX:MMTH,57.72,57.72,56.12,56.59,0.0
2026-09-01 13:30:00,INDEX:MMTH,55.7,55.95,54.54,54.7,0.0
2026-09-02 13:30:00,INDEX:MMTH,56.68,56.97,56.07,56.42,0.0
2026-09-03 13:30:00,INDEX:MMTH,58.94,58.94,56.47,57.5,0.0
2026-09-04 13:30:00,INDEX:MMTH,57.17,57.9,57.17,57.7,0.0
2026-09-08 13:30:00,INDEX:MMTH,56.97,56.97,55.87,55.9,0.0
2026-09-09 13:30:00,INDEX:MMTH,54.99,54.99,53.0,53.0,0.0
2026-09-10 13:30:00,INDEX:MMTH,52.15,52.15,50.5,50.95,0.0
2026-09-11 13:30:00,INDEX:MMTH,53.99,53.99,51.39,51.68,0.0
