datetime,symbol,open,high,low,close,volume
2002-01-02 14:30:00,INDEX:MMTW,66.76,66.76,66.76,66.76,0.0
2002-01-03 14:30:00,INDEX:MMTW,75.25,75.25,75.25,75.25,0.0
2002-01-04 14:30:00,INDEX:MMTW,77.5,77.5,77.5,77.5,0.0
2002-01-07 14:30:00,INDEX:MMTW,72.42,72.42,72.42,72.42,0.0
2002-01-08 14:30:00,INDEX:MMTW,73.39,73.39,73.39,73.39,0.0
2002-01-09 14:30:00,INDEX:MMTW,69.81,69.81,69.81,69.81,0.0
2002-01-10 14:30:00,INDEX:MMTW,67.76,67.76,67.76,67.76,0.0
2002-01-11 14:30:00,INDEX:MMTW,61.84,61.84,61.84,61.84,0.0
2002-01-14 14:30:00,INDEX:MMTW,53.46,53.46,53.46,53.46,0.0
2002-01-15 14:30:00,INDEX:MMTW,54.41,54.41,54.41,54.41,0.0
2002-01-16 14:30:00,INDEX:MMTW,45.65,45.65,45.65,45.65,0.0
2002-01-17 14:30:00,INDEX:MMTW,50.33,50.33,50.33,50.33,0.0
2002-01-18 14:30:00,INDEX:MMTW,44.06,44.06,44.06,44.06,0.0
2002-01-22 14:30:00,INDEX:MMTW,39.88,39.88,39.88,39.88,0.0
2002-01-23 14:30:00,INDEX:MMTW,45.6,45.6,45.6,45.6,0.0
2002-01-24 14:30:00,INDEX:MMTW,46.93,46.93,46.93,46.93,0.0
2002-01-25 14:30:00,INDEX:MMTW,47.56,47.56,47.56,47.56,0.0
2002-01-28 14:30:00,INDEX:MMTW,48.58,48.58,48.58,48.58,0.0
2002-01-29 14:30:00,INDEX:MMTW,39.89,39.89,39.89,39.89,0.0
2002-01-30 14:30:00,INDEX:MMTW,44.42,44.42,44.42,44.42,0.0
2002-01-31 14:30:00,INDEX:MMTW,50.52,50.52,50.52,50.52,0.0
2002-02-01 14:30:00,INDEX:MMTW,48.93,48.93,48.93,48.93,0.0
2002-02-04 14:30:00,INDEX:MMTW,40.13,40.13,40.13,40.13,0.0
2002-02-05 14:30:00,INDEX:MMTW,38.43,38.43,38.43,38.43,0.0
2002-02-06 14:30:00,INDEX:MMTW,35.42,35.42,35.42,35.42,0.0
2002-02-07 14:30:00,INDEX:MMTW,32.52,32.52,32.52,32.52,0.0
2002-02-08 14:30:00,INDEX:MMTW,40.4,40.4,40.4,40.4,0.0
2002-02-11 14:30:00,INDEX:MMTW,46.09,46.09,46.09,46.09,0.0
2002-02-12 14:30:00,INDEX:MMTW,47.4,47.4,47.4,47.4,0.0
2002-02-13 14:30:00,INDEX:MMTW,52.59,52.59,52.59,52.59,0.0
2002-02-14 14:30:00,INDEX:MMTW,49.11,49.11,49.11,49.11,0.0
2002-02-15 14:30:00,INDEX:MMTW,47.76,47.76,47.76,47.76,0.0
2002-02-19 14:30:00,INDEX:MMTW,40.11,40.11,40.11,40.11,0.0
2002-02-20 14:30:00,INDEX:MMTW,45.89,45.89,45.89,45.89,0.0
2002-02-21 14:30:00,INDEX:MMTW,40.21,40.21,40.21,40.21,0.0
2002-02-22 14:30:00,INDEX:MMTW,46.81,46.81,46.81,46.81,0.0
2002-02-25 14:30:00,INDEX:MMTW,50.48,50.48,50.48,50.48,0.0
2002-02-26 14:30:00,INDEX:MMTW,52.76,52.76,52.76,52.76,0.0
2002-02-27 14:30:00,INDEX:MMTW,54.68,54.68,54.68,54.68,0.0
2002-02-28 14:30:00,INDEX:MMTW,54.59,54.59,54.59,54.59,0.0
2002-03-01 14:30:00,INDEX:MMTW,64.45,64.45,64.45,64.45,0.0
2002-03-04 14:30:00,INDEX:MMTW,70.26,70.26,70.26,70.26,0.0
2002-03-05 14:30:00,INDEX:MMTW,71.55,71.55,71.55,71.55,0.0
2002-03-06 14:30:00,INDEX:MMTW,75.88,75.88,75.88,75.88,0.0
2002-03-07 14:30:00,INDEX:MMTW,75.19,75.19,75.19,75.19,0.0
2002-03-08 14:30:00,INDEX:MMTW,75.84,75.84,75.84,75.84,0.0
2002-03-11 14:30:00,INDEX:MMTW,78.58,78.58,78.58,78.58,0.0
2002-03-12 14:30:00,INDEX:MMTW,74.7,74.7,74.7,74.7,0.0
2002-03-13 14:30:00,INDEX:MMTW,71.7,71.7,71.7,71.7,0.0
2002-03-14 14:30:00,INDEX:MMTW,72.5,72.5,72.5,72.5,0.0
2002-03-15 14:30:00,INDEX:MMTW,73.41,73.41,73.41,73.41,0.0
2002-03-18 14:30:00,INDEX:MMTW,74.59,74.59,74.59,74.59,0.0
2002-03-19 14:30:00,INDEX:MMTW,72.99,72.99,72.99,72.99,0.0
2002-03-20 14:30:00,INDEX:MMTW,67.0,67.0,67.0,67.0,0.0
2002-03-21 14:30:00,INDEX:MMTW,67.67,67.67,67.67,67.67,0.0
2002-03-22 14:30:00,INDEX:MMTW,63.26,63.26,63.26,63.26,0.0
2002-03-25 14:30:00,INDEX:MMTW,53.41,53.41,53.41,53.41,0.0
2002-03-26 14:30:00,INDEX:MMTW,55.51,55.51,55.51,55.51,0.0
2002-03-27 14:30:00,INDEX:MMTW,58.25,58.25,58.25,58.25,0.0
2002-03-28 14:30:00,INDEX:MMTW,59.0,59.0,59.0,59.0,0.0
2002-04-01 14:30:00,INDEX:MMTW,55.2,55.2,55.2,55.2,0.0
2002-04-02 14:30:00,INDEX:MMTW,51.02,51.02,51.02,51.02,0.0
2002-04-03 14:30:00,INDEX:MMTW,46.08,46.08,46.08,46.08,0.0
2002-04-04 14:30:00,INDEX:MMTW,46.7,46.7,46.7,46.7,0.0
2002-04-05 14:30:00,INDEX:MMTW,47.58,47.58,47.58,47.58,0.0
2002-04-08 13:30:00,INDEX:MMTW,50.52,50.52,50.52,50.52,0.0
2002-04-09 13:30:00,INDEX:MMTW,50.56,50.56,50.56,50.56,0.0
2002-04-10 13:30:00,INDEX:MMTW,58.04,58.04,58.04,58.04,0.0
2002-04-11 13:30:00,INDEX:MMTW,50.39,50.39,50.39,50.39,0.0
2002-04-12 13:30:00,INDEX:MMTW,58.18,58.18,58.18,58.18,0.0
2002-04-15 13:30:00,INDEX:MMTW,55.8,55.8,55.8,55.8,0.0
2002-04-16 13:30:00,INDEX:MMTW,68.08,68.08,68.08,68.08,0.0
2002-04-17 13:30:00,INDEX:MMTW,66.93,66.93,66.93,66.93,0.0
2002-04-18 13:30:00,INDEX:MMTW,66.01,66.01,66.01,66.01,0.0
2002-04-19 13:30:00,INDEX:MMTW,65.59,65.59,65.59,65.59,0.0
2002-04-22 13:30:00,INDEX:MMTW,57.57,57.57,57.57,57.57,0.0
2002-04-23 13:30:00,INDEX:MMTW,56.12,56.12,56.12,56.12,0.0
2002-04-24 13:30:00,INDEX:MMTW,53.25,53.25,53.25,53.25,0.0
2002-04-25 13:30:00,INDEX:MMTW,52.44,52.44,52.44,52.44,0.0
2002-04-26 13:30:00,INDEX:MMTW,45.57,45.57,45.57,45.57,0.0
2002-04-29 13:30:00,INDEX:MMTW,43.84,43.84,43.84,43.84,0.0
2002-04-30 13:30:00,INDEX:MMTW,52.09,52.09,52.09,52.09,0.0
2002-05-01 13:30:00,INDEX:MMTW,53.39,53.39,53.39,53.39,0.0
2002-05-02 13:30:00,INDEX:MMTW,54.3,54.3,54.3,54.3,0.0
2002-05-03 13:30:00,INDEX:MMTW,54.14,54.14,54.14,54.14,0.0
2002-05-06 13:30:00,INDEX:MMTW,45.97,45.97,45.97,45.97,0.0
2002-05-07 13:30:00,INDEX:MMTW,42.76,42.76,42.76,42.76,0.0
2002-05-08 13:30:00,INDEX:MMTW,52.56,52.56,52.56,52.56,0.0
2002-05-09 13:30:00,INDEX:MMTW,43.45,43.45,43.45,43.45,0.0
2002-05-10 13:30:00,INDEX:MMTW,37.63,37.63,37.63,37.63,0.0
2002-05-13 13:30:00,INDEX:MMTW,42.64,42.64,42.64,42.64,0.0
2002-05-14 13:30:00,INDEX:MMTW,56.6,56.6,56.6,56.6,0.0
2002-05-15 13:30:00,INDEX:MMTW,57.24,57.24,57.24,57.24,0.0
2002-05-16 13:30:00,INDEX:MMTW,54.75,54.75,54.75,54.75,0.0
2002-05-17 13:30:00,INDEX:MMTW,56.87,56.87,56.87,56.87,0.0
2002-05-20 13:30:00,INDEX:MMTW,50.62,50.62,50.62,50.62,0.0
2002-05-21 13:30:00,INDEX:MMTW,43.04,43.04,43.04,43.04,0.0
2002-05-22 13:30:00,INDEX:MMTW,42.77,42.77,42.77,42.77,0.0
2002-05-23 13:30:00,INDEX:MMTW,49.42,49.42,49.42,49.42,0.0
2002-05-24 13:30:00,INDEX:MMTW,42.76,42.76,42.76,42.76,0.0
2002-05-28 13:30:00,INDEX:MMTW,41.14,41.14,41.14,41.14,0.0
2002-05-29 13:30:00,INDEX:MMTW,38.23,38.23,38.23,38.23,0.0
2002-05-30 13:30:00,INDEX:MMTW,37.95,37.95,37.95,37.95,0.0
2002-05-31 13:30:00,INDEX:MMTW,40.97,40.97,40.97,40.97,0.0
2002-06-03 13:30:00,INDEX:MMTW,30.91,30.91,30.91,30.91,0.0
2002-06-05 13:30:00,INDEX:MMTW,30.81,30.81,30.81,30.81,0.0
2002-06-06 13:30:00,INDEX:MMTW,26.05,26.05,26.05,26.05,0.0
2002-06-07 13:30:00,INDEX:MMTW,27.71,27.71,27.71,27.71,0.0
2002-06-10 13:30:00,INDEX:MMTW,28.34,28.34,28.34,28.34,0.0
2002-06-11 13:30:00,INDEX:MMTW,26.69,26.69,26.69,26.69,0.0
2002-06-12 13:30:00,INDEX:MMTW,26.05,26.05,26.05,26.05,0.0
2002-06-13 13:30:00,INDEX:MMTW,23.62,23.62,23.62,23.62,0.0
2002-06-14 13:30:00,INDEX:MMTW,24.45,24.45,24.45,24.45,0.0
2002-06-17 13:30:00,INDEX:MMTW,35.84,35.84,35.84,35.84,0.0
2002-06-18 13:30:00,INDEX:MMTW,36.92,36.92,36.92,36.92,0.0
2002-06-19 13:30:00,INDEX:MMTW,31.64,31.64,31.64,31.64,0.0
2002-06-20 13:30:00,INDEX:MMTW,31.87,31.87,31.87,31.87,0.0
2002-06-21 13:30:00,INDEX:MMTW,33.95,33.95,33.95,33.95,0.0
2002-06-24 13:30:00,INDEX:MMTW,32.82,32.82,32.82,32.82,0.0
2002-06-25 13:30:00,INDEX:MMTW,31.41,31.41,31.41,31.41,0.0
2002-06-26 13:30:00,INDEX:MMTW,29.31,29.31,29.31,29.31,0.0
2002-06-27 13:30:00,INDEX:MMTW,38.48,38.48,38.48,38.48,0.0
2002-06-28 13:30:00,INDEX:MMTW,45.85,45.85,45.85,45.85,0.0
2002-07-01 13:30:00,INDEX:MMTW,38.72,38.72,38.72,38.72,0.0
2002-07-02 13:30:00,INDEX:MMTW,27.95,27.95,27.95,27.95,0.0
2002-07-03 13:30:00,INDEX:MMTW,25.54,25.54,25.54,25.54,0.0
2002-07-05 13:30:00,INDEX:MMTW,34.43,34.43,34.43,34.43,0.0
2002-07-08 13:30:00,INDEX:MMTW,33.78,33.78,33.78,33.78,0.0
2002-07-09 13:30:00,INDEX:MMTW,32.33,32.33,32.33,32.33,0.0
2002-07-10 13:30:00,INDEX:MMTW,24.86,24.86,24.86,24.86,0.0
2002-07-11 13:30:00,INDEX:MMTW,23.1,23.1,23.1,23.1,0.0
2002-07-12 13:30:00,INDEX:MMTW,21.25,21.25,21.25,21.25,0.0
2002-07-15 13:30:00,INDEX:MMTW,19.91,19.91,19.91,19.91,0.0
2002-07-16 13:30:00,INDEX:MMTW,19.31,19.31,19.31,19.31,0.0
2002-07-17 13:30:00,INDEX:MMTW,24.08,24.08,24.08,24.08,0.0
2002-07-18 13:30:00,INDEX:MMTW,20.0,20.0,20.0,20.0,0.0
2002-07-19 13:30:00,INDEX:MMTW,16.1,16.1,16.1,16.1,0.0
2002-07-22 13:30:00,INDEX:MMTW,12.28,12.28,12.28,12.28,0.0
2002-07-23 13:30:00,INDEX:MMTW,7.86,7.86,7.86,7.86,0.0
2002-07-24 13:30:00,INDEX:MMTW,12.17,12.17,12.17,12.17,0.0
2002-07-25 13:30:00,INDEX:MMTW,13.43,13.43,13.43,13.43,0.0
2002-07-26 13:30:00,INDEX:MMTW,17.94,17.94,17.94,17.94,0.0
2002-07-29 13:30:00,INDEX:MMTW,38.75,38.75,38.75,38.75,0.0
2002-07-30 13:30:00,INDEX:MMTW,42.2,42.2,42.2,42.2,0.0
2002-07-31 13:30:00,INDEX:MMTW,43.59,43.59,43.59,43.59,0.0
2002-08-01 13:30:00,INDEX:MMTW,39.3,39.3,39.3,39.3,0.0
2002-08-02 13:30:00,INDEX:MMTW,32.18,32.18,32.18,32.18,0.0
2002-08-05 13:30:00,INDEX:MMTW,24.64,24.64,24.64,24.64,0.0
2002-08-06 13:30:00,INDEX:MMTW,37.52,37.52,37.52,37.52,0.0
2002-08-07 13:30:00,INDEX:MMTW,44.61,44.61,44.61,44.61,0.0
2002-08-08 13:30:00,INDEX:MMTW,53.43,53.43,53.43,53.43,0.0
2002-08-09 13:30:00,INDEX:MMTW,54.79,54.79,54.79,54.79,0.0
2002-08-13 13:30:00,INDEX:MMTW,49.03,49.03,49.03,49.03,0.0
2002-08-14 13:30:00,INDEX:MMTW,62.23,62.23,62.23,62.23,0.0
2002-08-15 13:30:00,INDEX:MMTW,65.45,65.45,65.45,65.45,0.0
2002-08-16 13:30:00,INDEX:MMTW,70.29,70.29,70.29,70.29,0.0
2002-08-19 13:30:00,INDEX:MMTW,73.97,73.97,73.97,73.97,0.0
2002-08-20 13:30:00,INDEX:MMTW,69.19,69.19,69.19,69.19,0.0
2002-08-21 13:30:00,INDEX:MMTW,74.55,74.55,74.55,74.55,0.0
2002-08-22 13:30:00,INDEX:MMTW,76.16,76.16,76.16,76.16,0.0
2002-08-23 13:30:00,INDEX:MMTW,68.76,68.76,68.76,68.76,0.0
2002-08-26 13:30:00,INDEX:MMTW,76.0,76.0,76.0,76.0,0.0
2002-08-27 13:30:00,INDEX:MMTW,66.45,66.45,66.45,66.45,0.0
2002-08-28 13:30:00,INDEX:MMTW,56.13,56.13,56.13,56.13,0.0
2002-08-29 13:30:00,INDEX:MMTW,60.01,60.01,60.01,60.01,0.0
2002-08-30 13:30:00,INDEX:MMTW,57.96,57.96,57.96,57.96,0.0
2002-09-03 13:30:00,INDEX:MMTW,37.28,37.28,37.28,37.28,0.0
2002-09-04 13:30:00,INDEX:MMTW,47.65,47.65,47.65,47.65,0.0
2002-09-05 13:30:00,INDEX:MMTW,37.44,37.44,37.44,37.44,0.0
2002-09-06 13:30:00,INDEX:MMTW,48.57,48.57,48.57,48.57,0.0
2002-09-09 13:30:00,INDEX:MMTW,50.39,50.39,50.39,50.39,0.0
2002-09-10 13:30:00,INDEX:MMTW,52.18,52.18,52.18,52.18,0.0
2002-09-11 13:30:00,INDEX:MMTW,49.94,49.94,49.94,49.94,0.0
2002-09-12 13:30:00,INDEX:MMTW,38.65,38.65,38.65,38.65,0.0
2002-09-13 13:30:00,INDEX:MMTW,42.72,42.72,42.72,42.72,0.0
2002-09-16 13:30:00,INDEX:MMTW,39.16,39.16,39.16,39.16,0.0
2002-09-17 13:30:00,INDEX:MMTW,33.72,33.72,33.72,33.72,0.0
2002-09-18 13:30:00,INDEX:MMTW,31.6,31.6,31.6,31.6,0.0
2002-09-19 13:30:00,INDEX:MMTW,24.13,24.13,24.13,24.13,0.0
2002-09-20 13:30:00,INDEX:MMTW,26.22,26.22,26.22,26.22,0.0
2002-09-23 13:30:00,INDEX:MMTW,20.76,20.76,20.76,20.76,0.0
2002-09-24 13:30:00,INDEX:MMTW,20.18,20.18,20.18,20.18,0.0
2002-09-25 13:30:00,INDEX:MMTW,25.66,25.66,25.66,25.66,0.0
2002-09-26 13:30:00,INDEX:MMTW,33.55,33.55,33.55,33.55,0.0
2002-09-27 13:30:00,INDEX:MMTW,26.62,26.62,26.62,26.62,0.0
2002-09-30 13:30:00,INDEX:MMTW,27.88,27.88,27.88,27.88,0.0
2002-10-01 13:30:00,INDEX:MMTW,36.88,36.88,36.88,36.88,0.0
2002-10-02 13:30:00,INDEX:MMTW,30.39,30.39,30.39,30.39,0.0
2002-10-03 13:30:00,INDEX:MMTW,29.82,29.82,29.82,29.82,0.0
2002-10-04 13:30:00,INDEX:MMTW,24.61,24.61,24.61,24.61,0.0
2002-10-07 13:30:00,INDEX:MMTW,19.06,19.06,19.06,19.06,0.0
2002-10-08 13:30:00,INDEX:MMTW,20.15,20.15,20.15,20.15,0.0
2002-10-09 13:30:00,INDEX:MMTW,14.37,14.37,14.37,14.37,0.0
2002-10-10 13:30:00,INDEX:MMTW,16.36,16.36,16.36,16.36,0.0
2002-10-11 13:30:00,INDEX:MMTW,29.55,29.55,29.55,29.55,0.0
2002-10-14 13:30:00,INDEX:MMTW,33.17,33.17,33.17,33.17,0.0
2002-10-15 13:30:00,INDEX:MMTW,52.24,52.24,52.24,52.24,0.0
2002-10-16 13:30:00,INDEX:MMTW,42.81,42.81,42.81,42.81,0.0
2002-10-17 13:30:00,INDEX:MMTW,56.7,56.7,56.7,56.7,0.0
2002-10-18 13:30:00,INDEX:MMTW,58.25,58.25,58.25,58.25,0.0
2002-10-21 13:30:00,INDEX:MMTW,60.22,60.22,60.22,60.22,0.0
2002-10-22 13:30:00,INDEX:MMTW,57.75,57.75,57.75,57.75,0.0
2002-10-23 13:30:00,INDEX:MMTW,62.35,62.35,62.35,62.35,0.0
2002-10-24 13:30:00,INDEX:MMTW,61.0,61.0,61.0,61.0,0.0
2002-10-25 13:30:00,INDEX:MMTW,65.91,65.91,65.91,65.91,0.0
2002-10-28 14:30:00,INDEX:MMTW,64.16,64.16,64.16,64.16,0.0
2002-10-29 14:30:00,INDEX:MMTW,63.41,63.41,63.41,63.41,0.0
2002-10-30 14:30:00,INDEX:MMTW,68.25,68.25,68.25,68.25,0.0
2002-10-31 14:30:00,INDEX:MMTW,68.27,68.27,68.27,68.27,0.0
2002-11-01 14:30:00,INDEX:MMTW,73.89,73.89,73.89,73.89,0.0
2002-11-04 14:30:00,INDEX:MMTW,74.5,74.5,74.5,74.5,0.0
2002-11-05 14:30:00,INDEX:MMTW,74.68,74.68,74.68,74.68,0.0
2002-11-06 14:30:00,INDEX:MMTW,76.27,76.27,76.27,76.27,0.0
2002-11-07 14:30:00,INDEX:MMTW,69.06,69.06,69.06,69.06,0.0
2002-11-08 14:30:00,INDEX:MMTW,66.37,66.37,66.37,66.37,0.0
2002-11-11 14:30:00,INDEX:MMTW,53.0,53.0,53.0,53.0,0.0
2002-11-12 14:30:00,INDEX:MMTW,58.09,58.09,58.09,58.09,0.0
2002-11-13 14:30:00,INDEX:MMTW,54.12,54.12,54.12,54.12,0.0
2002-11-14 14:30:00,INDEX:MMTW,64.95,64.95,64.95,64.95,0.0
2002-11-15 14:30:00,INDEX:MMTW,64.91,64.91,64.91,64.91,0.0
2002-11-18 14:30:00,INDEX:MMTW,60.43,60.43,60.43,60.43,0.0
2002-11-19 14:30:00,INDEX:MMTW,56.17,56.17,56.17,56.17,0.0
2002-11-20 14:30:00,INDEX:MMTW,64.83,64.83,64.83,64.83,0.0
2002-11-21 14:30:00,INDEX:MMTW,70.66,70.66,70.66,70.66,0.0
2002-11-22 14:30:00,INDEX:MMTW,70.98,70.98,70.98,70.98,0.0
2002-11-25 14:30:00,INDEX:MMTW,71.93,71.93,71.93,71.93,0.0
2002-11-26 14:30:00,INDEX:MMTW,64.56,64.56,64.56,64.56,0.0
2002-11-27 14:30:00,INDEX:MMTW,74.08,74.08,74.08,74.08,0.0
2002-11-29 14:30:00,INDEX:MMTW,72.64,72.64,72.64,72.64,0.0
2002-12-02 14:30:00,INDEX:MMTW,73.45,73.45,73.45,73.45,0.0
2002-12-03 14:30:00,INDEX:MMTW,68.56,68.56,68.56,68.56,0.0
2002-12-04 14:30:00,INDEX:MMTW,66.73,66.73,66.73,66.73,0.0
2002-12-05 14:30:00,INDEX:MMTW,61.69,61.69,61.69,61.69,0.0
2002-12-06 14:30:00,INDEX:MMTW,64.62,64.62,64.62,64.62,0.0
2002-12-09 14:30:00,INDEX:MMTW,49.21,49.21,49.21,49.21,0.0
2002-12-10 14:30:00,INDEX:MMTW,55.74,55.74,55.74,55.74,0.0
2002-12-11 14:30:00,INDEX:MMTW,53.24,53.24,53.24,53.24,0.0
2002-12-12 14:30:00,INDEX:MMTW,51.7,51.7,51.7,51.7,0.0
2002-12-13 14:30:00,INDEX:MMTW,43.21,43.21,43.21,43.21,0.0
2002-12-16 14:30:00,INDEX:MMTW,51.96,51.96,51.96,51.96,0.0
2002-12-17 14:30:00,INDEX:MMTW,46.98,46.98,46.98,46.98,0.0
2002-12-18 14:30:00,INDEX:MMTW,39.24,39.24,39.24,39.24,0.0
2002-12-19 14:30:00,INDEX:MMTW,38.89,38.89,38.89,38.89,0.0
2002-12-20 14:30:00,INDEX:MMTW,44.68,44.68,44.68,44.68,0.0
2002-12-23 14:30:00,INDEX:MMTW,47.08,47.08,47.08,47.08,0.0
2002-12-24 14:30:00,INDEX:MMTW,46.19,46.19,46.19,46.19,0.0
2002-12-26 14:30:00,INDEX:MMTW,47.35,47.35,47.35,47.35,0.0
2002-12-27 14:30:00,INDEX:MMTW,39.49,39.49,39.49,39.49,0.0
2002-12-30 14:30:00,INDEX:MMTW,39.97,39.97,39.97,39.97,0.0
2002-12-31 14:30:00,INDEX:MMTW,45.8,45.8,45.8,45.8,0.0
2003-01-02 14:30:00,INDEX:MMTW,65.87,65.87,65.87,65.87,0.0
2003-01-03 14:30:00,INDEX:MMTW,65.83,65.83,65.83,65.83,0.0
2003-01-06 14:30:00,INDEX:MMTW,73.8,73.8,73.8,73.8,0.0
2003-01-07 14:30:00,INDEX:MMTW,70.54,70.54,70.54,70.54,0.0
2003-01-08 14:30:00,INDEX:MMTW,61.49,61.49,61.49,61.49,0.0
2003-01-09 14:30:00,INDEX:MMTW,69.52,69.52,69.52,69.52,0.0
2003-01-10 14:30:00,INDEX:MMTW,68.64,68.64,68.64,68.64,0.0
2003-01-13 14:30:00,INDEX:MMTW,66.37,66.37,66.37,66.37,0.0
2003-01-14 14:30:00,INDEX:MMTW,67.95,67.95,67.95,67.95,0.0
2003-01-15 14:30:00,INDEX:MMTW,63.23,63.23,63.23,63.23,0.0
2003-01-16 14:30:00,INDEX:MMTW,63.32,63.32,63.32,63.32,0.0
2003-01-17 14:30:00,INDEX:MMTW,53.14,53.14,53.14,53.14,0.0
2003-01-21 14:30:00,INDEX:MMTW,45.12,45.12,45.12,45.12,0.0
2003-01-22 14:30:00,INDEX:MMTW,40.88,40.88,40.88,40.88,0.0
2003-01-23 14:30:00,INDEX:MMTW,45.59,45.59,45.59,45.59,0.0
2003-01-24 14:30:00,INDEX:MMTW,33.75,33.75,33.75,33.75,0.0
2003-01-27 14:30:00,INDEX:MMTW,27.36,27.36,27.36,27.36,0.0
2003-01-28 14:30:00,INDEX:MMTW,30.65,30.65,30.65,30.65,0.0
2003-01-29 14:30:00,INDEX:MMTW,31.93,31.93,31.93,31.93,0.0
2003-01-30 14:30:00,INDEX:MMTW,26.85,26.85,26.85,26.85,0.0
2003-01-31 14:30:00,INDEX:MMTW,32.89,32.89,32.89,32.89,0.0
2003-02-03 14:30:00,INDEX:MMTW,32.88,32.88,32.88,32.88,0.0
2003-02-04 14:30:00,INDEX:MMTW,33.13,33.13,33.13,33.13,0.0
2003-02-05 14:30:00,INDEX:MMTW,31.96,31.96,31.96,31.96,0.0
2003-02-06 14:30:00,INDEX:MMTW,29.61,29.61,29.61,29.61,0.0
2003-02-07 14:30:00,INDEX:MMTW,27.32,27.32,27.32,27.32,0.0
2003-02-10 14:30:00,INDEX:MMTW,29.21,29.21,29.21,29.21,0.0
2003-02-11 14:30:00,INDEX:MMTW,28.83,28.83,28.83,28.83,0.0
2003-02-12 14:30:00,INDEX:MMTW,24.98,24.98,24.98,24.98,0.0
2003-02-13 14:30:00,INDEX:MMTW,23.14,23.14,23.14,23.14,0.0
2003-02-14 14:30:00,INDEX:MMTW,29.36,29.36,29.36,29.36,0.0
2003-02-18 14:30:00,INDEX:MMTW,43.15,43.15,43.15,43.15,0.0
2003-02-19 14:30:00,INDEX:MMTW,39.56,39.56,39.56,39.56,0.0
2003-02-20 14:30:00,INDEX:MMTW,40.02,40.02,40.02,40.02,0.0
2003-02-21 14:30:00,INDEX:MMTW,52.21,52.21,52.21,52.21,0.0
2003-02-24 14:30:00,INDEX:MMTW,41.38,41.38,41.38,41.38,0.0
2003-02-25 14:30:00,INDEX:MMTW,46.37,46.37,46.37,46.37,0.0
2003-02-26 14:30:00,INDEX:MMTW,42.26,42.26,42.26,42.26,0.0
2003-02-27 14:30:00,INDEX:MMTW,50.6,50.6,50.6,50.6,0.0
2003-02-28 14:30:00,INDEX:MMTW,52.96,52.96,52.96,52.96,0.0
2003-03-03 14:30:00,INDEX:MMTW,52.4,52.4,52.4,52.4,0.0
2003-03-04 14:30:00,INDEX:MMTW,47.62,47.62,47.62,47.62,0.0
2003-03-05 14:30:00,INDEX:MMTW,49.11,49.11,49.11,49.11,0.0
2003-03-06 14:30:00,INDEX:MMTW,45.74,45.74,45.74,45.74,0.0
2003-03-07 14:30:00,INDEX:MMTW,46.07,46.07,46.07,46.07,0.0
2003-03-10 14:30:00,INDEX:MMTW,36.68,36.68,36.68,36.68,0.0
2003-03-11 14:30:00,INDEX:MMTW,35.16,35.16,35.16,35.16,0.0
2003-03-12 14:30:00,INDEX:MMTW,32.29,32.29,32.29,32.29,0.0
2003-03-13 14:30:00,INDEX:MMTW,45.39,45.39,45.39,45.39,0.0
2003-03-14 14:30:00,INDEX:MMTW,45.62,45.62,45.62,45.62,0.0
2003-03-17 14:30:00,INDEX:MMTW,60.8,60.8,60.8,60.8,0.0
2003-03-18 14:30:00,INDEX:MMTW,62.18,62.18,62.18,62.18,0.0
2003-03-19 14:30:00,INDEX:MMTW,61.79,61.79,61.79,61.79,0.0
2003-03-20 14:30:00,INDEX:MMTW,63.2,63.2,63.2,63.2,0.0
2003-03-21 14:30:00,INDEX:MMTW,67.79,67.79,67.79,67.79,0.0
2003-03-24 14:30:00,INDEX:MMTW,58.54,58.54,58.54,58.54,0.0
2003-03-25 14:30:00,INDEX:MMTW,65.28,65.28,65.28,65.28,0.0
2003-03-26 14:30:00,INDEX:MMTW,61.32,61.32,61.32,61.32,0.0
2003-03-27 14:30:00,INDEX:MMTW,62.54,62.54,62.54,62.54,0.0
2003-03-28 14:30:00,INDEX:MMTW,64.03,64.03,64.03,64.03,0.0
2003-03-31 14:30:00,INDEX:MMTW,56.29,56.29,56.29,56.29,0.0
2003-04-01 14:30:00,INDEX:MMTW,64.88,64.88,64.88,64.88,0.0
2003-04-02 14:30:00,INDEX:MMTW,75.23,75.23,75.23,75.23,0.0
2003-04-03 14:30:00,INDEX:MMTW,72.2,72.2,72.2,72.2,0.0
2003-04-04 14:30:00,INDEX:MMTW,70.64,70.64,70.64,70.64,0.0
2003-04-07 13:30:00,INDEX:MMTW,72.39,72.39,72.39,72.39,0.0
2003-04-08 13:30:00,INDEX:MMTW,69.05,69.05,69.05,69.05,0.0
2003-04-09 13:30:00,INDEX:MMTW,63.61,63.61,63.61,63.61,0.0
2003-04-10 13:30:00,INDEX:MMTW,63.92,63.92,63.92,63.92,0.0
2003-04-11 13:30:00,INDEX:MMTW,59.0,59.0,59.0,59.0,0.0
2003-04-14 13:30:00,INDEX:MMTW,68.5,68.5,68.5,68.5,0.0
2003-04-15 13:30:00,INDEX:MMTW,72.11,72.11,72.11,72.11,0.0
2003-04-16 13:30:00,INDEX:MMTW,67.22,67.22,67.22,67.22,0.0
2003-04-17 13:30:00,INDEX:MMTW,75.61,75.61,75.61,75.61,0.0
2003-04-21 13:30:00,INDEX:MMTW,75.13,75.13,75.13,75.13,0.0
2003-04-22 13:30:00,INDEX:MMTW,80.75,80.75,80.75,80.75,0.0
2003-04-23 13:30:00,INDEX:MMTW,82.21,82.21,82.21,82.21,0.0
2003-04-24 13:30:00,INDEX:MMTW,79.55,79.55,79.55,79.55,0.0
2003-04-25 13:30:00,INDEX:MMTW,73.29,73.29,73.29,73.29,0.0
2003-04-28 13:30:00,INDEX:MMTW,79.54,79.54,79.54,79.54,0.0
2003-04-29 13:30:00,INDEX:MMTW,78.39,78.39,78.39,78.39,0.0
2003-04-30 13:30:00,INDEX:MMTW,77.9,77.9,77.9,77.9,0.0
2003-05-01 13:30:00,INDEX:MMTW,77.02,77.02,77.02,77.02,0.0
2003-05-02 13:30:00,INDEX:MMTW,83.06,83.06,83.06,83.06,0.0
2003-05-05 13:30:00,INDEX:MMTW,83.01,83.01,83.01,83.01,0.0
2003-05-06 13:30:00,INDEX:MMTW,84.28,84.28,84.28,84.28,0.0
2003-05-07 13:30:00,INDEX:MMTW,81.92,81.92,81.92,81.92,0.0
2003-05-08 13:30:00,INDEX:MMTW,77.95,77.95,77.95,77.95,0.0
2003-05-09 13:30:00,INDEX:MMTW,82.79,82.79,82.79,82.79,0.0
2003-05-12 13:30:00,INDEX:MMTW,84.08,84.08,84.08,84.08,0.0
2003-05-13 13:30:00,INDEX:MMTW,81.93,81.93,81.93,81.93,0.0
2003-05-14 13:30:00,INDEX:MMTW,79.2,79.2,79.2,79.2,0.0
2003-05-15 13:30:00,INDEX:MMTW,79.83,79.83,79.83,79.83,0.0
2003-05-16 13:30:00,INDEX:MMTW,74.11,74.11,74.11,74.11,0.0
2003-05-19 13:30:00,INDEX:MMTW,60.49,60.49,60.49,60.49,0.0
2003-05-20 13:30:00,INDEX:MMTW,59.71,59.71,59.71,59.71,0.0
2003-05-21 13:30:00,INDEX:MMTW,60.85,60.85,60.85,60.85,0.0
2003-05-22 13:30:00,INDEX:MMTW,65.99,65.99,65.99,65.99,0.0
2003-05-23 13:30:00,INDEX:MMTW,67.57,67.57,67.57,67.57,0.0
2003-05-27 13:30:00,INDEX:MMTW,75.9,75.9,75.9,75.9,0.0
2003-05-28 13:30:00,INDEX:MMTW,77.74,77.74,77.74,77.74,0.0
2003-05-29 13:30:00,INDEX:MMTW,76.88,76.88,76.88,76.88,0.0
2003-05-30 13:30:00,INDEX:MMTW,83.49,83.49,83.49,83.49,0.0
2003-06-02 13:30:00,INDEX:MMTW,84.11,84.11,84.11,84.11,0.0
2003-06-03 13:30:00,INDEX:MMTW,83.74,83.74,83.74,83.74,0.0
2003-06-04 13:30:00,INDEX:MMTW,86.98,86.98,86.98,86.98,0.0
2003-06-05 13:30:00,INDEX:MMTW,87.54,87.54,87.54,87.54,0.0
2003-06-06 13:30:00,INDEX:MMTW,85.29,85.29,85.29,85.29,0.0
2003-06-09 13:30:00,INDEX:MMTW,79.68,79.68,79.68,79.68,0.0
2003-06-10 13:30:00,INDEX:MMTW,84.19,84.19,84.19,84.19,0.0
2003-06-11 13:30:00,INDEX:MMTW,85.24,85.24,85.24,85.24,0.0
2003-06-12 13:30:00,INDEX:MMTW,84.38,84.38,84.38,84.38,0.0
2003-06-13 13:30:00,INDEX:MMTW,77.97,77.97,77.97,77.97,0.0
2003-06-16 13:30:00,INDEX:MMTW,82.77,82.77,82.77,82.77,0.0
2003-06-17 13:30:00,INDEX:MMTW,79.99,79.99,79.99,79.99,0.0
2003-06-18 13:30:00,INDEX:MMTW,76.52,76.52,76.52,76.52,0.0
2003-06-19 13:30:00,INDEX:MMTW,66.0,66.0,66.0,66.0,0.0
2003-06-20 13:30:00,INDEX:MMTW,62.24,62.24,62.24,62.24,0.0
2003-06-23 13:30:00,INDEX:MMTW,44.77,44.77,44.77,44.77,0.0
2003-06-24 13:30:00,INDEX:MMTW,44.58,44.58,44.58,44.58,0.0
2003-06-25 13:30:00,INDEX:MMTW,43.41,43.41,43.41,43.41,0.0
2003-06-26 13:30:00,INDEX:MMTW,47.81,47.81,47.81,47.81,0.0
2003-06-27 13:30:00,INDEX:MMTW,45.67,45.67,45.67,45.67,0.0
2003-06-30 13:30:00,INDEX:MMTW,45.56,45.56,45.56,45.56,0.0
2003-07-01 13:30:00,INDEX:MMTW,49.27,49.27,49.27,49.27,0.0
2003-07-02 13:30:00,INDEX:MMTW,62.86,62.86,62.86,62.86,0.0
2003-07-03 13:30:00,INDEX:MMTW,59.23,59.23,59.23,59.23,0.0
2003-07-07 13:30:00,INDEX:MMTW,68.65,68.65,68.65,68.65,0.0
2003-07-08 13:30:00,INDEX:MMTW,70.49,70.49,70.49,70.49,0.0
2003-07-09 13:30:00,INDEX:MMTW,70.46,70.46,70.46,70.46,0.0
2003-07-10 13:30:00,INDEX:MMTW,62.45,62.45,62.45,62.45,0.0
2003-07-11 13:30:00,INDEX:MMTW,67.36,67.36,67.36,67.36,0.0
2003-07-14 13:30:00,INDEX:MMTW,70.15,70.15,70.15,70.15,0.0
2003-07-15 13:30:00,INDEX:MMTW,66.39,66.39,66.39,66.39,0.0
2003-07-16 13:30:00,INDEX:MMTW,61.36,61.36,61.36,61.36,0.0
2003-07-17 13:30:00,INDEX:MMTW,47.69,47.69,47.69,47.69,0.0
2003-07-18 13:30:00,INDEX:MMTW,53.17,53.17,53.17,53.17,0.0
2003-07-21 13:30:00,INDEX:MMTW,42.91,42.91,42.91,42.91,0.0
2003-07-22 13:30:00,INDEX:MMTW,48.16,48.16,48.16,48.16,0.0
2003-07-23 13:30:00,INDEX:MMTW,49.39,49.39,49.39,49.39,0.0
2003-07-24 13:30:00,INDEX:MMTW,48.11,48.11,48.11,48.11,0.0
2003-07-25 13:30:00,INDEX:MMTW,52.06,52.06,52.06,52.06,0.0
2003-07-28 13:30:00,INDEX:MMTW,53.53,53.53,53.53,53.53,0.0
2003-07-29 13:30:00,INDEX:MMTW,50.37,50.37,50.37,50.37,0.0
2003-07-30 13:30:00,INDEX:MMTW,48.74,48.74,48.74,48.74,0.0
2003-07-31 13:30:00,INDEX:MMTW,49.81,49.81,49.81,49.81,0.0
2003-08-01 13:30:00,INDEX:MMTW,40.52,40.52,40.52,40.52,0.0
2003-08-04 13:30:00,INDEX:MMTW,37.43,37.43,37.43,37.43,0.0
2003-08-05 13:30:00,INDEX:MMTW,31.16,31.16,31.16,31.16,0.0
2003-08-06 13:30:00,INDEX:MMTW,30.4,30.4,30.4,30.4,0.0
2003-08-07 13:30:00,INDEX:MMTW,31.61,31.61,31.61,31.61,0.0
2003-08-08 13:30:00,INDEX:MMTW,34.71,34.71,34.71,34.71,0.0
2003-08-11 13:30:00,INDEX:MMTW,40.19,40.19,40.19,40.19,0.0
2003-08-12 13:30:00,INDEX:MMTW,51.16,51.16,51.16,51.16,0.0
2003-08-13 13:30:00,INDEX:MMTW,50.04,50.04,50.04,50.04,0.0
2003-08-14 13:30:00,INDEX:MMTW,54.52,54.52,54.52,54.52,0.0
2003-08-15 13:30:00,INDEX:MMTW,56.08,56.08,56.08,56.08,0.0
2003-08-18 13:30:00,INDEX:MMTW,63.95,63.95,63.95,63.95,0.0
2003-08-19 13:30:00,INDEX:MMTW,68.82,68.82,68.82,68.82,0.0
2003-08-20 13:30:00,INDEX:MMTW,69.67,69.67,69.67,69.67,0.0
2003-08-21 13:30:00,INDEX:MMTW,72.46,72.46,72.46,72.46,0.0
2003-08-22 13:30:00,INDEX:MMTW,65.16,65.16,65.16,65.16,0.0
2003-08-25 13:30:00,INDEX:MMTW,63.6,63.6,63.6,63.6,0.0
2003-08-26 13:30:00,INDEX:MMTW,66.69,66.69,66.69,66.69,0.0
2003-08-27 13:30:00,INDEX:MMTW,70.33,70.33,70.33,70.33,0.0
2003-08-28 13:30:00,INDEX:MMTW,74.18,74.18,74.18,74.18,0.0
2003-08-29 13:30:00,INDEX:MMTW,76.95,76.95,76.95,76.95,0.0
2003-09-02 13:30:00,INDEX:MMTW,82.98,82.98,82.98,82.98,0.0
2003-09-03 13:30:00,INDEX:MMTW,84.56,84.56,84.56,84.56,0.0
2003-09-04 13:30:00,INDEX:MMTW,84.26,84.26,84.26,84.26,0.0
2003-09-05 13:30:00,INDEX:MMTW,80.87,80.87,80.87,80.87,0.0
2003-09-08 13:30:00,INDEX:MMTW,84.88,84.88,84.88,84.88,0.0
2003-09-09 13:30:00,INDEX:MMTW,79.27,79.27,79.27,79.27,0.0
2003-09-10 13:30:00,INDEX:MMTW,65.99,65.99,65.99,65.99,0.0
2003-09-11 13:30:00,INDEX:MMTW,69.41,69.41,69.41,69.41,0.0
2003-09-12 13:30:00,INDEX:MMTW,69.89,69.89,69.89,69.89,0.0
2003-09-15 13:30:00,INDEX:MMTW,66.2,66.2,66.2,66.2,0.0
2003-09-16 13:30:00,INDEX:MMTW,74.01,74.01,74.01,74.01,0.0
2003-09-17 13:30:00,INDEX:MMTW,71.59,71.59,71.59,71.59,0.0
2003-09-18 13:30:00,INDEX:MMTW,74.69,74.69,74.69,74.69,0.0
2003-09-19 13:30:00,INDEX:MMTW,74.33,74.33,74.33,74.33,0.0
2003-09-22 13:30:00,INDEX:MMTW,64.94,64.94,64.94,64.94,0.0
2003-09-23 13:30:00,INDEX:MMTW,67.09,67.09,67.09,67.09,0.0
2003-09-24 13:30:00,INDEX:MMTW,54.27,54.27,54.27,54.27,0.0
2003-09-25 13:30:00,INDEX:MMTW,42.14,42.14,42.14,42.14,0.0
2003-09-26 13:30:00,INDEX:MMTW,33.55,33.55,33.55,33.55,0.0
2003-09-29 13:30:00,INDEX:MMTW,38.65,38.65,38.65,38.65,0.0
2003-09-30 13:30:00,INDEX:MMTW,37.32,37.32,37.32,37.32,0.0
2003-10-01 13:30:00,INDEX:MMTW,53.08,53.08,53.08,53.08,0.0
2003-10-02 13:30:00,INDEX:MMTW,56.21,56.21,56.21,56.21,0.0
2003-10-03 13:30:00,INDEX:MMTW,65.42,65.42,65.42,65.42,0.0
2003-10-06 13:30:00,INDEX:MMTW,70.13,70.13,70.13,70.13,0.0
2003-10-07 13:30:00,INDEX:MMTW,73.34,73.34,73.34,73.34,0.0
2003-10-08 13:30:00,INDEX:MMTW,69.18,69.18,69.18,69.18,0.0
2003-10-09 13:30:00,INDEX:MMTW,72.01,72.01,72.01,72.01,0.0
2003-10-10 13:30:00,INDEX:MMTW,68.92,68.92,68.92,68.92,0.0
2003-10-13 13:30:00,INDEX:MMTW,75.45,75.45,75.45,75.45,0.0
2003-10-14 13:30:00,INDEX:MMTW,76.51,76.51,76.51,76.51,0.0
2003-10-15 13:30:00,INDEX:MMTW,72.2,72.2,72.2,72.2,0.0
2003-10-16 13:30:00,INDEX:MMTW,74.6,74.6,74.6,74.6,0.0
2003-10-17 13:30:00,INDEX:MMTW,66.57,66.57,66.57,66.57,0.0
2003-10-20 13:30:00,INDEX:MMTW,67.48,67.48,67.48,67.48,0.0
2003-10-21 13:30:00,INDEX:MMTW,69.65,69.65,69.65,69.65,0.0
2003-10-22 13:30:00,INDEX:MMTW,56.96,56.96,56.96,56.96,0.0
2003-10-23 13:30:00,INDEX:MMTW,53.29,53.29,53.29,53.29,0.0
2003-10-24 13:30:00,INDEX:MMTW,47.49,47.49,47.49,47.49,0.0
2003-10-27 14:30:00,INDEX:MMTW,53.61,53.61,53.61,53.61,0.0
2003-10-28 14:30:00,INDEX:MMTW,62.49,62.49,62.49,62.49,0.0
2003-10-29 14:30:00,INDEX:MMTW,64.98,64.98,64.98,64.98,0.0
2003-10-30 14:30:00,INDEX:MMTW,62.7,62.7,62.7,62.7,0.0
2003-10-31 14:30:00,INDEX:MMTW,61.95,61.95,61.95,61.95,0.0
2003-11-03 14:30:00,INDEX:MMTW,69.41,69.41,69.41,69.41,0.0
2003-11-04 14:30:00,INDEX:MMTW,68.53,68.53,68.53,68.53,0.0
2003-11-05 14:30:00,INDEX:MMTW,67.67,67.67,67.67,67.67,0.0
2003-11-06 14:30:00,INDEX:MMTW,69.33,69.33,69.33,69.33,0.0
2003-11-07 14:30:00,INDEX:MMTW,69.54,69.54,69.54,69.54,0.0
2003-11-10 14:30:00,INDEX:MMTW,61.97,61.97,61.97,61.97,0.0
2003-11-11 14:30:00,INDEX:MMTW,57.48,57.48,57.48,57.48,0.0
2003-11-12 14:30:00,INDEX:MMTW,67.69,67.69,67.69,67.69,0.0
2003-11-13 14:30:00,INDEX:MMTW,68.42,68.42,68.42,68.42,0.0
2003-11-14 14:30:00,INDEX:MMTW,61.59,61.59,61.59,61.59,0.0
2003-11-17 14:30:00,INDEX:MMTW,52.98,52.98,52.98,52.98,0.0
2003-11-18 14:30:00,INDEX:MMTW,47.86,47.86,47.86,47.86,0.0
2003-11-19 14:30:00,INDEX:MMTW,51.5,51.5,51.5,51.5,0.0
2003-11-20 14:30:00,INDEX:MMTW,45.17,45.17,45.17,45.17,0.0
2003-11-21 14:30:00,INDEX:MMTW,46.44,46.44,46.44,46.44,0.0
2003-11-24 14:30:00,INDEX:MMTW,59.54,59.54,59.54,59.54,0.0
2003-11-25 14:30:00,INDEX:MMTW,64.0,64.0,64.0,64.0,0.0
2003-11-26 14:30:00,INDEX:MMTW,68.15,68.15,68.15,68.15,0.0
2003-11-28 14:30:00,INDEX:MMTW,69.6,69.6,69.6,69.6,0.0
2003-12-01 14:30:00,INDEX:MMTW,76.01,76.01,76.01,76.01,0.0
2003-12-02 14:30:00,INDEX:MMTW,74.26,74.26,74.26,74.26,0.0
2003-12-03 14:30:00,INDEX:MMTW,68.32,68.32,68.32,68.32,0.0
2003-12-04 14:30:00,INDEX:MMTW,66.71,66.71,66.71,66.71,0.0
2003-12-05 14:30:00,INDEX:MMTW,62.53,62.53,62.53,62.53,0.0
2003-12-08 14:30:00,INDEX:MMTW,66.0,66.0,66.0,66.0,0.0
2003-12-09 14:30:00,INDEX:MMTW,58.03,58.03,58.03,58.03,0.0
2003-12-10 14:30:00,INDEX:MMTW,51.94,51.94,51.94,51.94,0.0
2003-12-11 14:30:00,INDEX:MMTW,62.49,62.49,62.49,62.49,0.0
2003-12-12 14:30:00,INDEX:MMTW,66.17,66.17,66.17,66.17,0.0
2003-12-15 14:30:00,INDEX:MMTW,55.75,55.75,55.75,55.75,0.0
2003-12-16 14:30:00,INDEX:MMTW,56.43,56.43,56.43,56.43,0.0
2003-12-17 14:30:00,INDEX:MMTW,55.64,55.64,55.64,55.64,0.0
2003-12-18 14:30:00,INDEX:MMTW,62.81,62.81,62.81,62.81,0.0
2003-12-19 14:30:00,INDEX:MMTW,60.18,60.18,60.18,60.18,0.0
2003-12-22 14:30:00,INDEX:MMTW,61.39,61.39,61.39,61.39,0.0
2003-12-23 14:30:00,INDEX:MMTW,65.79,65.79,65.79,65.79,0.0
2003-12-24 14:30:00,INDEX:MMTW,65.29,65.29,65.29,65.29,0.0
2003-12-26 14:30:00,INDEX:MMTW,66.79,66.79,66.79,66.79,0.0
2003-12-29 14:30:00,INDEX:MMTW,74.34,74.34,74.34,74.34,0.0
2003-12-30 14:30:00,INDEX:MMTW,76.93,76.93,76.93,76.93,0.0
2003-12-31 14:30:00,INDEX:MMTW,73.62,73.62,73.62,73.62,0.0
2004-01-02 14:30:00,INDEX:MMTW,74.2,74.2,74.2,74.2,0.0
2004-01-05 14:30:00,INDEX:MMTW,78.77,78.77,78.77,78.77,0.0
2004-01-06 14:30:00,INDEX:MMTW,78.58,78.58,78.58,78.58,0.0
2004-01-07 14:30:00,INDEX:MMTW,79.02,79.02,79.02,79.02,0.0
2004-01-08 14:30:00,INDEX:MMTW,80.28,80.28,80.28,80.28,0.0
2004-01-09 14:30:00,INDEX:MMTW,75.79,75.79,75.79,75.79,0.0
2004-01-12 14:30:00,INDEX:MMTW,78.29,78.29,78.29,78.29,0.0
2004-01-13 14:30:00,INDEX:MMTW,75.85,75.85,75.85,75.85,0.0
2004-01-14 14:30:00,INDEX:MMTW,78.2,78.2,78.2,78.2,0.0
2004-01-15 14:30:00,INDEX:MMTW,75.81,75.81,75.81,75.81,0.0
2004-01-16 14:30:00,INDEX:MMTW,75.3,75.3,75.3,75.3,0.0
2004-01-20 14:30:00,INDEX:MMTW,78.08,78.08,78.08,78.08,0.0
2004-01-21 14:30:00,INDEX:MMTW,78.86,78.86,78.86,78.86,0.0
2004-01-22 14:30:00,INDEX:MMTW,75.49,75.49,75.49,75.49,0.0
2004-01-23 14:30:00,INDEX:MMTW,75.97,75.97,75.97,75.97,0.0
2004-01-26 14:30:00,INDEX:MMTW,77.34,77.34,77.34,77.34,0.0
2004-01-27 14:30:00,INDEX:MMTW,72.01,72.01,72.01,72.01,0.0
2004-01-28 14:30:00,INDEX:MMTW,58.85,58.85,58.85,58.85,0.0
2004-01-29 14:30:00,INDEX:MMTW,51.02,51.02,51.02,51.02,0.0
2004-01-30 14:30:00,INDEX:MMTW,50.81,50.81,50.81,50.81,0.0
2004-02-02 14:30:00,INDEX:MMTW,49.77,49.77,49.77,49.77,0.0
2004-02-03 14:30:00,INDEX:MMTW,48.39,48.39,48.39,48.39,0.0
2004-02-04 14:30:00,INDEX:MMTW,37.5,37.5,37.5,37.5,0.0
2004-02-05 14:30:00,INDEX:MMTW,37.75,37.75,37.75,37.75,0.0
2004-02-06 14:30:00,INDEX:MMTW,51.25,51.25,51.25,51.25,0.0
2004-02-09 14:30:00,INDEX:MMTW,52.59,52.59,52.59,52.59,0.0
2004-02-10 14:30:00,INDEX:MMTW,59.04,59.04,59.04,59.04,0.0
2004-02-11 14:30:00,INDEX:MMTW,62.77,62.77,62.77,62.77,0.0
2004-02-12 14:30:00,INDEX:MMTW,58.62,58.62,58.62,58.62,0.0
2004-02-13 14:30:00,INDEX:MMTW,52.97,52.97,52.97,52.97,0.0
2004-02-17 14:30:00,INDEX:MMTW,60.91,60.91,60.91,60.91,0.0
2004-02-18 14:30:00,INDEX:MMTW,58.17,58.17,58.17,58.17,0.0
2004-02-19 14:30:00,INDEX:MMTW,51.2,51.2,51.2,51.2,0.0
2004-02-20 14:30:00,INDEX:MMTW,47.32,47.32,47.32,47.32,0.0
2004-02-23 14:30:00,INDEX:MMTW,40.11,40.11,40.11,40.11,0.0
2004-02-24 14:30:00,INDEX:MMTW,40.97,40.97,40.97,40.97,0.0
2004-02-25 14:30:00,INDEX:MMTW,47.45,47.45,47.45,47.45,0.0
2004-02-26 14:30:00,INDEX:MMTW,51.76,51.76,51.76,51.76,0.0
2004-02-27 14:30:00,INDEX:MMTW,56.76,56.76,56.76,56.76,0.0
2004-03-01 14:30:00,INDEX:MMTW,65.61,65.61,65.61,65.61,0.0
2004-03-02 14:30:00,INDEX:MMTW,60.6,60.6,60.6,60.6,0.0
2004-03-03 14:30:00,INDEX:MMTW,59.81,59.81,59.81,59.81,0.0
2004-03-04 14:30:00,INDEX:MMTW,64.07,64.07,64.07,64.07,0.0
2004-03-05 14:30:00,INDEX:MMTW,66.78,66.78,66.78,66.78,0.0
2004-03-08 14:30:00,INDEX:MMTW,59.77,59.77,59.77,59.77,0.0
2004-03-09 14:30:00,INDEX:MMTW,54.39,54.39,54.39,54.39,0.0
2004-03-10 14:30:00,INDEX:MMTW,41.78,41.78,41.78,41.78,0.0
2004-03-11 14:30:00,INDEX:MMTW,32.27,32.27,32.27,32.27,0.0
2004-03-12 14:30:00,INDEX:MMTW,43.76,43.76,43.76,43.76,0.0
2004-03-15 14:30:00,INDEX:MMTW,31.63,31.63,31.63,31.63,0.0
2004-03-16 14:30:00,INDEX:MMTW,33.17,33.17,33.17,33.17,0.0
2004-03-17 14:30:00,INDEX:MMTW,44.34,44.34,44.34,44.34,0.0
2004-03-18 14:30:00,INDEX:MMTW,42.17,42.17,42.17,42.17,0.0
2004-03-19 14:30:00,INDEX:MMTW,38.63,38.63,38.63,38.63,0.0
2004-03-22 14:30:00,INDEX:MMTW,29.11,29.11,29.11,29.11,0.0
2004-03-23 14:30:00,INDEX:MMTW,30.22,30.22,30.22,30.22,0.0
2004-03-24 14:30:00,INDEX:MMTW,27.25,27.25,27.25,27.25,0.0
2004-03-25 14:30:00,INDEX:MMTW,36.71,36.71,36.71,36.71,0.0
2004-03-26 14:30:00,INDEX:MMTW,37.8,37.8,37.8,37.8,0.0
2004-03-29 14:30:00,INDEX:MMTW,49.18,49.18,49.18,49.18,0.0
2004-03-30 14:30:00,INDEX:MMTW,56.09,56.09,56.09,56.09,0.0
2004-03-31 14:30:00,INDEX:MMTW,61.31,61.31,61.31,61.31,0.0
2004-04-01 14:30:00,INDEX:MMTW,68.61,68.61,68.61,68.61,0.0
2004-04-02 14:30:00,INDEX:MMTW,70.24,70.24,70.24,70.24,0.0
2004-04-05 13:30:00,INDEX:MMTW,69.25,69.25,69.25,69.25,0.0
2004-04-06 13:30:00,INDEX:MMTW,65.42,65.42,65.42,65.42,0.0
2004-04-07 13:30:00,INDEX:MMTW,65.5,65.5,65.5,65.5,0.0
2004-04-08 13:30:00,INDEX:MMTW,62.64,62.64,62.64,62.64,0.0
2004-04-12 13:30:00,INDEX:MMTW,63.78,63.78,63.78,63.78,0.0
2004-04-13 13:30:00,INDEX:MMTW,49.73,49.73,49.73,49.73,0.0
2004-04-14 13:30:00,INDEX:MMTW,43.36,43.36,43.36,43.36,0.0
2004-04-15 13:30:00,INDEX:MMTW,40.34,40.34,40.34,40.34,0.0
2004-04-16 13:30:00,INDEX:MMTW,42.9,42.9,42.9,42.9,0.0
2004-04-19 13:30:00,INDEX:MMTW,44.47,44.47,44.47,44.47,0.0
2004-04-20 13:30:00,INDEX:MMTW,33.83,33.83,33.83,33.83,0.0
2004-04-21 13:30:00,INDEX:MMTW,36.46,36.46,36.46,36.46,0.0
2004-04-22 13:30:00,INDEX:MMTW,45.44,45.44,45.44,45.44,0.0
2004-04-23 13:30:00,INDEX:MMTW,42.94,42.94,42.94,42.94,0.0
2004-04-26 13:30:00,INDEX:MMTW,39.04,39.04,39.04,39.04,0.0
2004-04-27 13:30:00,INDEX:MMTW,40.1,40.1,40.1,40.1,0.0
2004-04-28 13:30:00,INDEX:MMTW,27.52,27.52,27.52,27.52,0.0
2004-04-29 13:30:00,INDEX:MMTW,20.86,20.86,20.86,20.86,0.0
2004-04-30 13:30:00,INDEX:MMTW,18.47,18.47,18.47,18.47,0.0
2004-05-03 13:30:00,INDEX:MMTW,22.4,22.4,22.4,22.4,0.0
2004-05-04 13:30:00,INDEX:MMTW,26.71,26.71,26.71,26.71,0.0
2004-05-05 13:30:00,INDEX:MMTW,28.86,28.86,28.86,28.86,0.0
2004-05-06 13:30:00,INDEX:MMTW,22.53,22.53,22.53,22.53,0.0
2004-05-07 13:30:00,INDEX:MMTW,14.65,14.65,14.65,14.65,0.0
2004-05-10 13:30:00,INDEX:MMTW,9.56,9.56,9.56,9.56,0.0
2004-05-11 13:30:00,INDEX:MMTW,13.87,13.87,13.87,13.87,0.0
2004-05-12 13:30:00,INDEX:MMTW,14.1,14.1,14.1,14.1,0.0
2004-05-13 13:30:00,INDEX:MMTW,14.22,14.22,14.22,14.22,0.0
2004-05-14 13:30:00,INDEX:MMTW,14.18,14.18,14.18,14.18,0.0
2004-05-18 13:30:00,INDEX:MMTW,16.94,16.94,16.94,16.94,0.0
2004-05-19 13:30:00,INDEX:MMTW,20.28,20.28,20.28,20.28,0.0
2004-05-20 13:30:00,INDEX:MMTW,24.16,24.16,24.16,24.16,0.0
2004-05-21 13:30:00,INDEX:MMTW,32.25,32.25,32.25,32.25,0.0
2004-05-24 13:30:00,INDEX:MMTW,43.25,43.25,43.25,43.25,0.0
2004-05-25 13:30:00,INDEX:MMTW,62.5,62.5,62.5,62.5,0.0
2004-05-26 13:30:00,INDEX:MMTW,67.14,67.14,67.14,67.14,0.0
2004-05-27 13:30:00,INDEX:MMTW,72.09,72.09,72.09,72.09,0.0
2004-05-28 13:30:00,INDEX:MMTW,73.23,73.23,73.23,73.23,0.0
2004-06-01 13:30:00,INDEX:MMTW,75.73,75.73,75.73,75.73,0.0
2004-06-02 13:30:00,INDEX:MMTW,78.53,78.53,78.53,78.53,0.0
2004-06-03 13:30:00,INDEX:MMTW,70.53,70.53,70.53,70.53,0.0
2004-06-04 13:30:00,INDEX:MMTW,76.66,76.66,76.66,76.66,0.0
2004-06-07 13:30:00,INDEX:MMTW,83.32,83.32,83.32,83.32,0.0
2004-06-08 13:30:00,INDEX:MMTW,81.74,81.74,81.74,81.74,0.0
2004-06-09 13:30:00,INDEX:MMTW,72.7,72.7,72.7,72.7,0.0
2004-06-10 13:30:00,INDEX:MMTW,72.94,72.94,72.94,72.94,0.0
2004-06-14 13:30:00,INDEX:MMTW,52.62,52.62,52.62,52.62,0.0
2004-06-15 13:30:00,INDEX:MMTW,61.96,61.96,61.96,61.96,0.0
2004-06-16 13:30:00,INDEX:MMTW,60.7,60.7,60.7,60.7,0.0
2004-06-17 13:30:00,INDEX:MMTW,58.28,58.28,58.28,58.28,0.0
2004-06-18 13:30:00,INDEX:MMTW,56.39,56.39,56.39,56.39,0.0
2004-06-21 13:30:00,INDEX:MMTW,53.8,53.8,53.8,53.8,0.0
2004-06-22 13:30:00,INDEX:MMTW,53.94,53.94,53.94,53.94,0.0
2004-06-23 13:30:00,INDEX:MMTW,58.92,58.92,58.92,58.92,0.0
2004-06-24 13:30:00,INDEX:MMTW,59.1,59.1,59.1,59.1,0.0
2004-06-25 13:30:00,INDEX:MMTW,61.42,61.42,61.42,61.42,0.0
2004-06-28 13:30:00,INDEX:MMTW,58.44,58.44,58.44,58.44,0.0
2004-06-29 13:30:00,INDEX:MMTW,59.13,59.13,59.13,59.13,0.0
2004-06-30 13:30:00,INDEX:MMTW,66.37,66.37,66.37,66.37,0.0
2004-07-01 13:30:00,INDEX:MMTW,59.89,59.89,59.89,59.89,0.0
2004-07-02 13:30:00,INDEX:MMTW,62.45,62.45,62.45,62.45,0.0
2004-07-06 13:30:00,INDEX:MMTW,53.71,53.71,53.71,53.71,0.0
2004-07-07 13:30:00,INDEX:MMTW,55.73,55.73,55.73,55.73,0.0
2004-07-08 13:30:00,INDEX:MMTW,46.05,46.05,46.05,46.05,0.0
2004-07-09 13:30:00,INDEX:MMTW,48.65,48.65,48.65,48.65,0.0
2004-07-12 13:30:00,INDEX:MMTW,48.22,48.22,48.22,48.22,0.0
2004-07-13 13:30:00,INDEX:MMTW,47.55,47.55,47.55,47.55,0.0
2004-07-14 13:30:00,INDEX:MMTW,45.65,45.65,45.65,45.65,0.0
2004-07-15 13:30:00,INDEX:MMTW,46.12,46.12,46.12,46.12,0.0
2004-07-16 13:30:00,INDEX:MMTW,44.31,44.31,44.31,44.31,0.0
2004-07-19 13:30:00,INDEX:MMTW,43.94,43.94,43.94,43.94,0.0
2004-07-20 13:30:00,INDEX:MMTW,48.82,48.82,48.82,48.82,0.0
2004-07-21 13:30:00,INDEX:MMTW,37.3,37.3,37.3,37.3,0.0
2004-07-22 13:30:00,INDEX:MMTW,34.08,34.08,34.08,34.08,0.0
2004-07-23 13:30:00,INDEX:MMTW,30.14,30.14,30.14,30.14,0.0
2004-07-26 13:30:00,INDEX:MMTW,26.44,26.44,26.44,26.44,0.0
2004-07-27 13:30:00,INDEX:MMTW,31.53,31.53,31.53,31.53,0.0
2004-07-28 13:30:00,INDEX:MMTW,32.3,32.3,32.3,32.3,0.0
2004-07-29 13:30:00,INDEX:MMTW,41.7,41.7,41.7,41.7,0.0
2004-07-30 13:30:00,INDEX:MMTW,46.5,46.5,46.5,46.5,0.0
2004-08-02 13:30:00,INDEX:MMTW,49.46,49.46,49.46,49.46,0.0
2004-08-03 13:30:00,INDEX:MMTW,45.38,45.38,45.38,45.38,0.0
2004-08-04 13:30:00,INDEX:MMTW,45.17,45.17,45.17,45.17,0.0
2004-08-05 13:30:00,INDEX:MMTW,36.3,36.3,36.3,36.3,0.0
2004-08-06 13:30:00,INDEX:MMTW,30.25,30.25,30.25,30.25,0.0
2004-08-09 13:30:00,INDEX:MMTW,30.58,30.58,30.58,30.58,0.0
2004-08-10 13:30:00,INDEX:MMTW,39.56,39.56,39.56,39.56,0.0
2004-08-11 13:30:00,INDEX:MMTW,36.7,36.7,36.7,36.7,0.0
2004-08-12 13:30:00,INDEX:MMTW,31.0,31.0,31.0,31.0,0.0
2004-08-13 13:30:00,INDEX:MMTW,32.8,32.8,32.8,32.8,0.0
2004-08-16 13:30:00,INDEX:MMTW,44.8,44.8,44.8,44.8,0.0
2004-08-17 13:30:00,INDEX:MMTW,49.28,49.28,49.28,49.28,0.0
2004-08-18 13:30:00,INDEX:MMTW,61.78,61.78,61.78,61.78,0.0
2004-08-19 13:30:00,INDEX:MMTW,58.83,58.83,58.83,58.83,0.0
2004-08-20 13:30:00,INDEX:MMTW,68.47,68.47,68.47,68.47,0.0
2004-08-23 13:30:00,INDEX:MMTW,63.96,63.96,63.96,63.96,0.0
2004-08-24 13:30:00,INDEX:MMTW,65.49,65.49,65.49,65.49,0.0
2004-08-25 13:30:00,INDEX:MMTW,71.47,71.47,71.47,71.47,0.0
2004-08-26 13:30:00,INDEX:MMTW,70.42,70.42,70.42,70.42,0.0
2004-08-27 13:30:00,INDEX:MMTW,74.76,74.76,74.76,74.76,0.0
2004-08-30 13:30:00,INDEX:MMTW,69.13,69.13,69.13,69.13,0.0
2004-08-31 13:30:00,INDEX:MMTW,74.14,74.14,74.14,74.14,0.0
2004-09-01 13:30:00,INDEX:MMTW,76.54,76.54,76.54,76.54,0.0
2004-09-02 13:30:00,INDEX:MMTW,81.89,81.89,81.89,81.89,0.0
2004-09-03 13:30:00,INDEX:MMTW,76.71,76.71,76.71,76.71,0.0
2004-09-07 13:30:00,INDEX:MMTW,80.3,80.3,80.3,80.3,0.0
2004-09-08 13:30:00,INDEX:MMTW,76.21,76.21,76.21,76.21,0.0
2004-09-09 13:30:00,INDEX:MMTW,79.01,79.01,79.01,79.01,0.0
2004-09-10 13:30:00,INDEX:MMTW,80.01,80.01,80.01,80.01,0.0
2004-09-13 13:30:00,INDEX:MMTW,78.7,78.7,78.7,78.7,0.0
2004-09-14 13:30:00,INDEX:MMTW,76.51,76.51,76.51,76.51,0.0
2004-09-15 13:30:00,INDEX:MMTW,70.91,70.91,70.91,70.91,0.0
2004-09-16 13:30:00,INDEX:MMTW,75.53,75.53,75.53,75.53,0.0
2004-09-17 13:30:00,INDEX:MMTW,73.53,73.53,73.53,73.53,0.0
2004-09-20 13:30:00,INDEX:MMTW,68.89,68.89,68.89,68.89,0.0
2004-09-21 13:30:00,INDEX:MMTW,72.85,72.85,72.85,72.85,0.0
2004-09-22 13:30:00,INDEX:MMTW,60.38,60.38,60.38,60.38,0.0
2004-09-23 13:30:00,INDEX:MMTW,57.8,57.8,57.8,57.8,0.0
2004-09-24 13:30:00,INDEX:MMTW,56.49,56.49,56.49,56.49,0.0
2004-09-27 13:30:00,INDEX:MMTW,47.43,47.43,47.43,47.43,0.0
2004-09-28 13:30:00,INDEX:MMTW,52.28,52.28,52.28,52.28,0.0
2004-09-29 13:30:00,INDEX:MMTW,55.68,55.68,55.68,55.68,0.0
2004-09-30 13:30:00,INDEX:MMTW,58.13,58.13,58.13,58.13,0.0
2004-10-01 13:30:00,INDEX:MMTW,69.62,69.62,69.62,69.62,0.0
2004-10-04 13:30:00,INDEX:MMTW,71.12,71.12,71.12,71.12,0.0
2004-10-05 13:30:00,INDEX:MMTW,69.26,69.26,69.26,69.26,0.0
2004-10-06 13:30:00,INDEX:MMTW,71.97,71.97,71.97,71.97,0.0
2004-10-07 13:30:00,INDEX:MMTW,63.31,63.31,63.31,63.31,0.0
2004-10-08 13:30:00,INDEX:MMTW,58.47,58.47,58.47,58.47,0.0
2004-10-11 13:30:00,INDEX:MMTW,61.86,61.86,61.86,61.86,0.0
2004-10-12 13:30:00,INDEX:MMTW,58.69,58.69,58.69,58.69,0.0
2004-10-13 13:30:00,INDEX:MMTW,48.46,48.46,48.46,48.46,0.0
2004-10-14 13:30:00,INDEX:MMTW,42.82,42.82,42.82,42.82,0.0
2004-10-15 13:30:00,INDEX:MMTW,49.27,49.27,49.27,49.27,0.0
2004-10-18 13:30:00,INDEX:MMTW,50.73,50.73,50.73,50.73,0.0
2004-10-19 13:30:00,INDEX:MMTW,46.19,46.19,46.19,46.19,0.0
2004-10-20 13:30:00,INDEX:MMTW,49.17,49.17,49.17,49.17,0.0
2004-10-21 13:30:00,INDEX:MMTW,54.62,54.62,54.62,54.62,0.0
2004-10-22 13:30:00,INDEX:MMTW,47.01,47.01,47.01,47.01,0.0
2004-10-25 13:30:00,INDEX:MMTW,49.08,49.08,49.08,49.08,0.0
2004-10-26 13:30:00,INDEX:MMTW,55.35,55.35,55.35,55.35,0.0
2004-10-27 13:30:00,INDEX:MMTW,63.38,63.38,63.38,63.38,0.0
2004-10-28 13:30:00,INDEX:MMTW,61.79,61.79,61.79,61.79,0.0
2004-10-29 13:30:00,INDEX:MMTW,63.68,63.68,63.68,63.68,0.0
2004-11-01 14:30:00,INDEX:MMTW,64.74,64.74,64.74,64.74,0.0
2004-11-02 14:30:00,INDEX:MMTW,64.73,64.73,64.73,64.73,0.0
2004-11-03 14:30:00,INDEX:MMTW,73.87,73.87,73.87,73.87,0.0
2004-11-04 14:30:00,INDEX:MMTW,76.82,76.82,76.82,76.82,0.0
2004-11-05 14:30:00,INDEX:MMTW,72.73,72.73,72.73,72.73,0.0
2004-11-08 14:30:00,INDEX:MMTW,69.0,69.0,69.0,69.0,0.0
2004-11-09 14:30:00,INDEX:MMTW,69.69,69.69,69.69,69.69,0.0
2004-11-10 14:30:00,INDEX:MMTW,70.28,70.28,70.28,70.28,0.0
2004-11-11 14:30:00,INDEX:MMTW,73.61,73.61,73.61,73.61,0.0
2004-11-12 14:30:00,INDEX:MMTW,77.26,77.26,77.26,77.26,0.0
2004-11-15 14:30:00,INDEX:MMTW,77.37,77.37,77.37,77.37,0.0
2004-11-16 14:30:00,INDEX:MMTW,75.31,75.31,75.31,75.31,0.0
2004-11-17 14:30:00,INDEX:MMTW,77.59,77.59,77.59,77.59,0.0
2004-11-18 14:30:00,INDEX:MMTW,76.0,76.0,76.0,76.0,0.0
2004-11-19 14:30:00,INDEX:MMTW,67.86,67.86,67.86,67.86,0.0
2004-11-22 14:30:00,INDEX:MMTW,71.71,71.71,71.71,71.71,0.0
2004-11-23 14:30:00,INDEX:MMTW,72.63,72.63,72.63,72.63,0.0
2004-11-24 14:30:00,INDEX:MMTW,75.74,75.74,75.74,75.74,0.0
2004-11-26 14:30:00,INDEX:MMTW,75.62,75.62,75.62,75.62,0.0
2004-11-29 14:30:00,INDEX:MMTW,72.18,72.18,72.18,72.18,0.0
2004-11-30 14:30:00,INDEX:MMTW,66.53,66.53,66.53,66.53,0.0
2004-12-01 14:30:00,INDEX:MMTW,72.5,72.5,72.5,72.5,0.0
2004-12-02 14:30:00,INDEX:MMTW,68.93,68.93,68.93,68.93,0.0
2004-12-03 14:30:00,INDEX:MMTW,70.74,70.74,70.74,70.74,0.0
2004-12-06 14:30:00,INDEX:MMTW,67.19,67.19,67.19,67.19,0.0
2004-12-07 14:30:00,INDEX:MMTW,51.97,51.97,51.97,51.97,0.0
2004-12-08 14:30:00,INDEX:MMTW,55.39,55.39,55.39,55.39,0.0
2004-12-09 14:30:00,INDEX:MMTW,53.85,53.85,53.85,53.85,0.0
2004-12-10 14:30:00,INDEX:MMTW,54.97,54.97,54.97,54.97,0.0
2004-12-13 14:30:00,INDEX:MMTW,59.99,59.99,59.99,59.99,0.0
2004-12-14 14:30:00,INDEX:MMTW,63.95,63.95,63.95,63.95,0.0
2004-12-15 14:30:00,INDEX:MMTW,67.02,67.02,67.02,67.02,0.0
2004-12-16 14:30:00,INDEX:MMTW,60.43,60.43,60.43,60.43,0.0
2004-12-17 14:30:00,INDEX:MMTW,59.72,59.72,59.72,59.72,0.0
2004-12-20 14:30:00,INDEX:MMTW,56.73,56.73,56.73,56.73,0.0
2004-12-21 14:30:00,INDEX:MMTW,63.23,63.23,63.23,63.23,0.0
2004-12-22 14:30:00,INDEX:MMTW,64.82,64.82,64.82,64.82,0.0
2004-12-23 14:30:00,INDEX:MMTW,66.07,66.07,66.07,66.07,0.0
2004-12-27 14:30:00,INDEX:MMTW,60.97,60.97,60.97,60.97,0.0
2004-12-28 14:30:00,INDEX:MMTW,69.94,69.94,69.94,69.94,0.0
2004-12-29 14:30:00,INDEX:MMTW,68.85,68.85,68.85,68.85,0.0
2004-12-30 14:30:00,INDEX:MMTW,71.81,71.81,71.81,71.81,0.0
2004-12-31 14:30:00,INDEX:MMTW,71.54,71.54,71.54,71.54,0.0
2005-01-03 14:30:00,INDEX:MMTW,57.28,57.28,57.28,57.28,0.0
2005-01-04 14:30:00,INDEX:MMTW,40.99,40.99,40.99,40.99,0.0
2005-01-05 14:30:00,INDEX:MMTW,32.23,32.23,32.23,32.23,0.0
2005-01-06 14:30:00,INDEX:MMTW,33.73,33.73,33.73,33.73,0.0
2005-01-07 14:30:00,INDEX:MMTW,31.96,31.96,31.96,31.96,0.0
2005-01-10 14:30:00,INDEX:MMTW,34.63,34.63,34.63,34.63,0.0
2005-01-11 14:30:00,INDEX:MMTW,30.69,30.69,30.69,30.69,0.0
2005-01-12 14:30:00,INDEX:MMTW,32.67,32.67,32.67,32.67,0.0
2005-01-13 14:30:00,INDEX:MMTW,32.14,32.14,32.14,32.14,0.0
2005-01-14 14:30:00,INDEX:MMTW,36.25,36.25,36.25,36.25,0.0
2005-01-18 14:30:00,INDEX:MMTW,43.38,43.38,43.38,43.38,0.0
2005-01-19 14:30:00,INDEX:MMTW,39.11,39.11,39.11,39.11,0.0
2005-01-20 14:30:00,INDEX:MMTW,34.27,34.27,34.27,34.27,0.0
2005-01-21 14:30:00,INDEX:MMTW,34.59,34.59,34.59,34.59,0.0
2005-01-24 14:30:00,INDEX:MMTW,32.67,32.67,32.67,32.67,0.0
2005-01-25 14:30:00,INDEX:MMTW,33.24,33.24,33.24,33.24,0.0
2005-01-26 14:30:00,INDEX:MMTW,43.16,43.16,43.16,43.16,0.0
2005-01-27 14:30:00,INDEX:MMTW,45.28,45.28,45.28,45.28,0.0
2005-01-28 14:30:00,INDEX:MMTW,45.01,45.01,45.01,45.01,0.0
2005-01-31 14:30:00,INDEX:MMTW,58.58,58.58,58.58,58.58,0.0
2005-02-01 14:30:00,INDEX:MMTW,64.23,64.23,64.23,64.23,0.0
2005-02-02 14:30:00,INDEX:MMTW,68.17,68.17,68.17,68.17,0.0
2005-02-03 14:30:00,INDEX:MMTW,65.68,65.68,65.68,65.68,0.0
2005-02-04 14:30:00,INDEX:MMTW,73.41,73.41,73.41,73.41,0.0
2005-02-07 14:30:00,INDEX:MMTW,73.27,73.27,73.27,73.27,0.0
2005-02-08 14:30:00,INDEX:MMTW,73.17,73.17,73.17,73.17,0.0
2005-02-09 14:30:00,INDEX:MMTW,63.72,63.72,63.72,63.72,0.0
2005-02-10 14:30:00,INDEX:MMTW,63.13,63.13,63.13,63.13,0.0
2005-02-11 14:30:00,INDEX:MMTW,68.36,68.36,68.36,68.36,0.0
2005-02-14 14:30:00,INDEX:MMTW,68.11,68.11,68.11,68.11,0.0
2005-02-15 14:30:00,INDEX:MMTW,68.2,68.2,68.2,68.2,0.0
2005-02-16 14:30:00,INDEX:MMTW,68.63,68.63,68.63,68.63,0.0
2005-02-17 14:30:00,INDEX:MMTW,59.54,59.54,59.54,59.54,0.0
2005-02-18 14:30:00,INDEX:MMTW,52.88,52.88,52.88,52.88,0.0
2005-02-22 14:30:00,INDEX:MMTW,39.12,39.12,39.12,39.12,0.0
2005-02-23 14:30:00,INDEX:MMTW,39.63,39.63,39.63,39.63,0.0
2005-02-24 14:30:00,INDEX:MMTW,45.26,45.26,45.26,45.26,0.0
2005-02-25 14:30:00,INDEX:MMTW,53.86,53.86,53.86,53.86,0.0
2005-02-28 14:30:00,INDEX:MMTW,49.48,49.48,49.48,49.48,0.0
2005-03-01 14:30:00,INDEX:MMTW,55.73,55.73,55.73,55.73,0.0
2005-03-02 14:30:00,INDEX:MMTW,53.23,53.23,53.23,53.23,0.0
2005-03-03 14:30:00,INDEX:MMTW,54.27,54.27,54.27,54.27,0.0
2005-03-04 14:30:00,INDEX:MMTW,61.51,61.51,61.51,61.51,0.0
2005-03-07 14:30:00,INDEX:MMTW,62.04,62.04,62.04,62.04,0.0
2005-03-08 14:30:00,INDEX:MMTW,56.68,56.68,56.68,56.68,0.0
2005-03-09 14:30:00,INDEX:MMTW,44.73,44.73,44.73,44.73,0.0
2005-03-10 14:30:00,INDEX:MMTW,40.8,40.8,40.8,40.8,0.0
2005-03-11 14:30:00,INDEX:MMTW,37.54,37.54,37.54,37.54,0.0
2005-03-14 14:30:00,INDEX:MMTW,40.38,40.38,40.38,40.38,0.0
2005-03-15 14:30:00,INDEX:MMTW,35.74,35.74,35.74,35.74,0.0
2005-03-16 14:30:00,INDEX:MMTW,29.16,29.16,29.16,29.16,0.0
2005-03-17 14:30:00,INDEX:MMTW,32.28,32.28,32.28,32.28,0.0
2005-03-18 14:30:00,INDEX:MMTW,30.01,30.01,30.01,30.01,0.0
2005-03-21 14:30:00,INDEX:MMTW,28.06,28.06,28.06,28.06,0.0
2005-03-22 14:30:00,INDEX:MMTW,22.9,22.9,22.9,22.9,0.0
2005-03-23 14:30:00,INDEX:MMTW,18.59,18.59,18.59,18.59,0.0
2005-03-24 14:30:00,INDEX:MMTW,19.88,19.88,19.88,19.88,0.0
2005-03-28 14:30:00,INDEX:MMTW,20.3,20.3,20.3,20.3,0.0
2005-03-29 14:30:00,INDEX:MMTW,15.42,15.42,15.42,15.42,0.0
2005-03-30 14:30:00,INDEX:MMTW,23.91,23.91,23.91,23.91,0.0
2005-03-31 14:30:00,INDEX:MMTW,27.31,27.31,27.31,27.31,0.0
2005-04-01 14:30:00,INDEX:MMTW,26.58,26.58,26.58,26.58,0.0
2005-04-04 13:30:00,INDEX:MMTW,30.32,30.32,30.32,30.32,0.0
2005-04-05 13:30:00,INDEX:MMTW,34.78,34.78,34.78,34.78,0.0
2005-04-06 13:30:00,INDEX:MMTW,40.07,40.07,40.07,40.07,0.0
2005-04-07 13:30:00,INDEX:MMTW,47.61,47.61,47.61,47.61,0.0
2005-04-08 13:30:00,INDEX:MMTW,38.72,38.72,38.72,38.72,0.0
2005-04-11 13:30:00,INDEX:MMTW,37.88,37.88,37.88,37.88,0.0
2005-04-12 13:30:00,INDEX:MMTW,46.09,46.09,46.09,46.09,0.0
2005-04-13 13:30:00,INDEX:MMTW,36.64,36.64,36.64,36.64,0.0
2005-04-14 13:30:00,INDEX:MMTW,28.13,28.13,28.13,28.13,0.0
2005-04-15 13:30:00,INDEX:MMTW,22.53,22.53,22.53,22.53,0.0
2005-04-18 13:30:00,INDEX:MMTW,24.72,24.72,24.72,24.72,0.0
2005-04-19 13:30:00,INDEX:MMTW,34.05,34.05,34.05,34.05,0.0
2005-04-20 13:30:00,INDEX:MMTW,28.46,28.46,28.46,28.46,0.0
2005-04-21 13:30:00,INDEX:MMTW,39.55,39.55,39.55,39.55,0.0
2005-04-22 13:30:00,INDEX:MMTW,35.56,35.56,35.56,35.56,0.0
2005-04-25 13:30:00,INDEX:MMTW,42.47,42.47,42.47,42.47,0.0
2005-04-26 13:30:00,INDEX:MMTW,36.26,36.26,36.26,36.26,0.0
2005-04-27 13:30:00,INDEX:MMTW,37.17,37.17,37.17,37.17,0.0
2005-04-28 13:30:00,INDEX:MMTW,31.38,31.38,31.38,31.38,0.0
2005-04-29 13:30:00,INDEX:MMTW,38.11,38.11,38.11,38.11,0.0
2005-05-02 13:30:00,INDEX:MMTW,42.94,42.94,42.94,42.94,0.0
2005-05-03 13:30:00,INDEX:MMTW,43.66,43.66,43.66,43.66,0.0
2005-05-04 13:30:00,INDEX:MMTW,56.09,56.09,56.09,56.09,0.0
2005-05-05 13:30:00,INDEX:MMTW,57.9,57.9,57.9,57.9,0.0
2005-05-06 13:30:00,INDEX:MMTW,59.41,59.41,59.41,59.41,0.0
2005-05-09 13:30:00,INDEX:MMTW,64.21,64.21,64.21,64.21,0.0
2005-05-10 13:30:00,INDEX:MMTW,58.87,58.87,58.87,58.87,0.0
2005-05-11 13:30:00,INDEX:MMTW,59.84,59.84,59.84,59.84,0.0
2005-05-12 13:30:00,INDEX:MMTW,50.56,50.56,50.56,50.56,0.0
2005-05-13 13:30:00,INDEX:MMTW,44.22,44.22,44.22,44.22,0.0
2005-05-16 13:30:00,INDEX:MMTW,53.66,53.66,53.66,53.66,0.0
2005-05-17 13:30:00,INDEX:MMTW,56.99,56.99,56.99,56.99,0.0
2005-05-18 13:30:00,INDEX:MMTW,66.75,66.75,66.75,66.75,0.0
2005-05-19 13:30:00,INDEX:MMTW,69.04,69.04,69.04,69.04,0.0
2005-05-20 13:30:00,INDEX:MMTW,68.13,68.13,68.13,68.13,0.0
2005-05-23 13:30:00,INDEX:MMTW,70.78,70.78,70.78,70.78,0.0
2005-05-24 13:30:00,INDEX:MMTW,71.26,71.26,71.26,71.26,0.0
2005-05-25 13:30:00,INDEX:MMTW,64.86,64.86,64.86,64.86,0.0
2005-05-26 13:30:00,INDEX:MMTW,69.95,69.95,69.95,69.95,0.0
2005-05-27 13:30:00,INDEX:MMTW,72.41,72.41,72.41,72.41,0.0
2005-05-31 13:30:00,INDEX:MMTW,69.82,69.82,69.82,69.82,0.0
2005-06-01 13:30:00,INDEX:MMTW,75.97,75.97,75.97,75.97,0.0
2005-06-02 13:30:00,INDEX:MMTW,76.46,76.46,76.46,76.46,0.0
2005-06-03 13:30:00,INDEX:MMTW,72.36,72.36,72.36,72.36,0.0
2005-06-06 13:30:00,INDEX:MMTW,73.51,73.51,73.51,73.51,0.0
2005-06-07 13:30:00,INDEX:MMTW,73.79,73.79,73.79,73.79,0.0
2005-06-08 13:30:00,INDEX:MMTW,69.71,69.71,69.71,69.71,0.0
2005-06-09 13:30:00,INDEX:MMTW,71.48,71.48,71.48,71.48,0.0
2005-06-10 13:30:00,INDEX:MMTW,68.75,68.75,68.75,68.75,0.0
2005-06-13 13:30:00,INDEX:MMTW,65.56,65.56,65.56,65.56,0.0
2005-06-14 13:30:00,INDEX:MMTW,66.89,66.89,66.89,66.89,0.0
2005-06-15 13:30:00,INDEX:MMTW,67.06,67.06,67.06,67.06,0.0
2005-06-16 13:30:00,INDEX:MMTW,72.2,72.2,72.2,72.2,0.0
2005-06-17 13:30:00,INDEX:MMTW,72.57,72.57,72.57,72.57,0.0
2005-06-20 13:30:00,INDEX:MMTW,69.38,69.38,69.38,69.38,0.0
2005-06-21 13:30:00,INDEX:MMTW,68.25,68.25,68.25,68.25,0.0
2005-06-22 13:30:00,INDEX:MMTW,69.61,69.61,69.61,69.61,0.0
2005-06-23 13:30:00,INDEX:MMTW,57.65,57.65,57.65,57.65,0.0
2005-06-24 13:30:00,INDEX:MMTW,51.8,51.8,51.8,51.8,0.0
2005-06-27 13:30:00,INDEX:MMTW,48.7,48.7,48.7,48.7,0.0
2005-06-28 13:30:00,INDEX:MMTW,59.19,59.19,59.19,59.19,0.0
2005-06-29 13:30:00,INDEX:MMTW,60.49,60.49,60.49,60.49,0.0
2005-06-30 13:30:00,INDEX:MMTW,58.22,58.22,58.22,58.22,0.0
2005-07-01 13:30:00,INDEX:MMTW,60.43,60.43,60.43,60.43,0.0
2005-07-05 13:30:00,INDEX:MMTW,65.2,65.2,65.2,65.2,0.0
2005-07-06 13:30:00,INDEX:MMTW,62.16,62.16,62.16,62.16,0.0
2005-07-07 13:30:00,INDEX:MMTW,62.01,62.01,62.01,62.01,0.0
2005-07-08 13:30:00,INDEX:MMTW,71.48,71.48,71.48,71.48,0.0
2005-07-11 13:30:00,INDEX:MMTW,77.17,77.17,77.17,77.17,0.0
2005-07-12 13:30:00,INDEX:MMTW,78.0,78.0,78.0,78.0,0.0
2005-07-13 13:30:00,INDEX:MMTW,75.17,75.17,75.17,75.17,0.0
2005-07-14 13:30:00,INDEX:MMTW,71.59,71.59,71.59,71.59,0.0
2005-07-15 13:30:00,INDEX:MMTW,71.52,71.52,71.52,71.52,0.0
2005-07-18 13:30:00,INDEX:MMTW,65.99,65.99,65.99,65.99,0.0
2005-07-19 13:30:00,INDEX:MMTW,72.09,72.09,72.09,72.09,0.0
2005-07-20 13:30:00,INDEX:MMTW,75.59,75.59,75.59,75.59,0.0
2005-07-21 13:30:00,INDEX:MMTW,68.49,68.49,68.49,68.49,0.0
2005-07-22 13:30:00,INDEX:MMTW,73.84,73.84,73.84,73.84,0.0
2005-07-25 13:30:00,INDEX:MMTW,68.31,68.31,68.31,68.31,0.0
2005-07-26 13:30:00,INDEX:MMTW,68.9,68.9,68.9,68.9,0.0
2005-07-27 13:30:00,INDEX:MMTW,68.2,68.2,68.2,68.2,0.0
2005-07-28 13:30:00,INDEX:MMTW,73.6,73.6,73.6,73.6,0.0
2005-07-29 13:30:00,INDEX:MMTW,68.74,68.74,68.74,68.74,0.0
2005-08-01 13:30:00,INDEX:MMTW,68.87,68.87,68.87,68.87,0.0
2005-08-02 13:30:00,INDEX:MMTW,72.07,72.07,72.07,72.07,0.0
2005-08-03 13:30:00,INDEX:MMTW,68.92,68.92,68.92,68.92,0.0
2005-08-04 13:30:00,INDEX:MMTW,58.78,58.78,58.78,58.78,0.0
2005-08-05 13:30:00,INDEX:MMTW,47.35,47.35,47.35,47.35,0.0
2005-08-08 13:30:00,INDEX:MMTW,42.09,42.09,42.09,42.09,0.0
2005-08-09 13:30:00,INDEX:MMTW,42.77,42.77,42.77,42.77,0.0
2005-08-10 13:30:00,INDEX:MMTW,42.52,42.52,42.52,42.52,0.0
2005-08-11 13:30:00,INDEX:MMTW,46.53,46.53,46.53,46.53,0.0
2005-08-12 13:30:00,INDEX:MMTW,41.82,41.82,41.82,41.82,0.0
2005-08-15 13:30:00,INDEX:MMTW,45.19,45.19,45.19,45.19,0.0
2005-08-16 13:30:00,INDEX:MMTW,36.8,36.8,36.8,36.8,0.0
2005-08-17 13:30:00,INDEX:MMTW,35.36,35.36,35.36,35.36,0.0
2005-08-18 13:30:00,INDEX:MMTW,31.16,31.16,31.16,31.16,0.0
2005-08-19 13:30:00,INDEX:MMTW,33.74,33.74,33.74,33.74,0.0
2005-08-22 13:30:00,INDEX:MMTW,37.85,37.85,37.85,37.85,0.0
2005-08-23 13:30:00,INDEX:MMTW,36.53,36.53,36.53,36.53,0.0
2005-08-24 13:30:00,INDEX:MMTW,35.14,35.14,35.14,35.14,0.0
2005-08-25 13:30:00,INDEX:MMTW,39.09,39.09,39.09,39.09,0.0
2005-08-26 13:30:00,INDEX:MMTW,33.73,33.73,33.73,33.73,0.0
2005-08-29 13:30:00,INDEX:MMTW,40.05,40.05,40.05,40.05,0.0
2005-08-30 13:30:00,INDEX:MMTW,39.09,39.09,39.09,39.09,0.0
2005-08-31 13:30:00,INDEX:MMTW,55.09,55.09,55.09,55.09,0.0
2005-09-01 13:30:00,INDEX:MMTW,60.56,60.56,60.56,60.56,0.0
2005-09-02 13:30:00,INDEX:MMTW,58.44,58.44,58.44,58.44,0.0
2005-09-06 13:30:00,INDEX:MMTW,68.1,68.1,68.1,68.1,0.0
2005-09-07 13:30:00,INDEX:MMTW,69.78,69.78,69.78,69.78,0.0
2005-09-08 13:30:00,INDEX:MMTW,66.24,66.24,66.24,66.24,0.0
2005-09-09 13:30:00,INDEX:MMTW,70.68,70.68,70.68,70.68,0.0
2005-09-12 13:30:00,INDEX:MMTW,70.87,70.87,70.87,70.87,0.0
2005-09-13 13:30:00,INDEX:MMTW,62.97,62.97,62.97,62.97,0.0
2005-09-14 13:30:00,INDEX:MMTW,54.63,54.63,54.63,54.63,0.0
2005-09-15 13:30:00,INDEX:MMTW,52.11,52.11,52.11,52.11,0.0
2005-09-16 13:30:00,INDEX:MMTW,56.31,56.31,56.31,56.31,0.0
2005-09-19 13:30:00,INDEX:MMTW,49.48,49.48,49.48,49.48,0.0
2005-09-20 13:30:00,INDEX:MMTW,42.24,42.24,42.24,42.24,0.0
2005-09-21 13:30:00,INDEX:MMTW,34.17,34.17,34.17,34.17,0.0
2005-09-22 13:30:00,INDEX:MMTW,31.4,31.4,31.4,31.4,0.0
2005-09-23 13:30:00,INDEX:MMTW,34.1,34.1,34.1,34.1,0.0
2005-09-26 13:30:00,INDEX:MMTW,38.09,38.09,38.09,38.09,0.0
2005-09-27 13:30:00,INDEX:MMTW,35.54,35.54,35.54,35.54,0.0
2005-09-28 13:30:00,INDEX:MMTW,34.27,34.27,34.27,34.27,0.0
2005-09-29 13:30:00,INDEX:MMTW,42.06,42.06,42.06,42.06,0.0
2005-09-30 13:30:00,INDEX:MMTW,47.85,47.85,47.85,47.85,0.0
2005-10-03 13:30:00,INDEX:MMTW,49.8,49.8,49.8,49.8,0.0
2005-10-04 13:30:00,INDEX:MMTW,44.0,44.0,44.0,44.0,0.0
2005-10-05 13:30:00,INDEX:MMTW,28.04,28.04,28.04,28.04,0.0
2005-10-06 13:30:00,INDEX:MMTW,23.6,23.6,23.6,23.6,0.0
2005-10-07 13:30:00,INDEX:MMTW,28.43,28.43,28.43,28.43,0.0
2005-10-10 13:30:00,INDEX:MMTW,26.05,26.05,26.05,26.05,0.0
2005-10-11 13:30:00,INDEX:MMTW,23.32,23.32,23.32,23.32,0.0
2005-10-12 13:30:00,INDEX:MMTW,16.0,16.0,16.0,16.0,0.0
2005-10-13 13:30:00,INDEX:MMTW,15.63,15.63,15.63,15.63,0.0
2005-10-14 13:30:00,INDEX:MMTW,22.43,22.43,22.43,22.43,0.0
2005-10-17 13:30:00,INDEX:MMTW,24.02,24.02,24.02,24.02,0.0
2005-10-18 13:30:00,INDEX:MMTW,20.03,20.03,20.03,20.03,0.0
2005-10-19 13:30:00,INDEX:MMTW,30.2,30.2,30.2,30.2,0.0
2005-10-20 13:30:00,INDEX:MMTW,22.96,22.96,22.96,22.96,0.0
2005-10-21 13:30:00,INDEX:MMTW,28.45,28.45,28.45,28.45,0.0
2005-10-24 13:30:00,INDEX:MMTW,42.1,42.1,42.1,42.1,0.0
2005-10-25 13:30:00,INDEX:MMTW,39.28,39.28,39.28,39.28,0.0
2005-10-26 13:30:00,INDEX:MMTW,35.55,35.55,35.55,35.55,0.0
2005-10-27 13:30:00,INDEX:MMTW,26.61,26.61,26.61,26.61,0.0
2005-10-28 13:30:00,INDEX:MMTW,39.38,39.38,39.38,39.38,0.0
2005-10-31 14:30:00,INDEX:MMTW,52.51,52.51,52.51,52.51,0.0
2005-11-01 14:30:00,INDEX:MMTW,52.31,52.31,52.31,52.31,0.0
2005-11-02 14:30:00,INDEX:MMTW,61.61,61.61,61.61,61.61,0.0
2005-11-03 14:30:00,INDEX:MMTW,63.58,63.58,63.58,63.58,0.0
2005-11-04 14:30:00,INDEX:MMTW,63.11,63.11,63.11,63.11,0.0
2005-11-07 14:30:00,INDEX:MMTW,64.85,64.85,64.85,64.85,0.0
2005-11-08 14:30:00,INDEX:MMTW,63.35,63.35,63.35,63.35,0.0
2005-11-09 14:30:00,INDEX:MMTW,63.77,63.77,63.77,63.77,0.0
2005-11-10 14:30:00,INDEX:MMTW,62.49,62.49,62.49,62.49,0.0
2005-11-11 14:30:00,INDEX:MMTW,63.66,63.66,63.66,63.66,0.0
2005-11-14 14:30:00,INDEX:MMTW,60.39,60.39,60.39,60.39,0.0
2005-11-15 14:30:00,INDEX:MMTW,53.45,53.45,53.45,53.45,0.0
2005-11-16 14:30:00,INDEX:MMTW,52.29,52.29,52.29,52.29,0.0
2005-11-17 14:30:00,INDEX:MMTW,60.8,60.8,60.8,60.8,0.0
2005-11-18 14:30:00,INDEX:MMTW,62.88,62.88,62.88,62.88,0.0
2005-11-21 14:30:00,INDEX:MMTW,66.26,66.26,66.26,66.26,0.0
2005-11-22 14:30:00,INDEX:MMTW,67.59,67.59,67.59,67.59,0.0
2005-11-23 14:30:00,INDEX:MMTW,69.72,69.72,69.72,69.72,0.0
2005-11-25 14:30:00,INDEX:MMTW,70.34,70.34,70.34,70.34,0.0
2005-11-28 14:30:00,INDEX:MMTW,60.34,60.34,60.34,60.34,0.0
2005-11-29 14:30:00,INDEX:MMTW,60.59,60.59,60.59,60.59,0.0
2005-11-30 14:30:00,INDEX:MMTW,60.65,60.65,60.65,60.65,0.0
2005-12-01 14:30:00,INDEX:MMTW,70.47,70.47,70.47,70.47,0.0
2005-12-02 14:30:00,INDEX:MMTW,71.14,71.14,71.14,71.14,0.0
2005-12-05 14:30:00,INDEX:MMTW,66.26,66.26,66.26,66.26,0.0
2005-12-06 14:30:00,INDEX:MMTW,66.26,66.26,66.26,66.26,0.0
2005-12-07 14:30:00,INDEX:MMTW,60.4,60.4,60.4,60.4,0.0
2005-12-08 14:30:00,INDEX:MMTW,60.38,60.38,60.38,60.38,0.0
2005-12-09 14:30:00,INDEX:MMTW,64.25,64.25,64.25,64.25,0.0
2005-12-12 14:30:00,INDEX:MMTW,63.51,63.51,63.51,63.51,0.0
2005-12-13 14:30:00,INDEX:MMTW,61.67,61.67,61.67,61.67,0.0
2005-12-14 14:30:00,INDEX:MMTW,62.26,62.26,62.26,62.26,0.0
2005-12-15 14:30:00,INDEX:MMTW,55.2,55.2,55.2,55.2,0.0
2005-12-16 14:30:00,INDEX:MMTW,52.79,52.79,52.79,52.79,0.0
2005-12-19 14:30:00,INDEX:MMTW,41.55,41.55,41.55,41.55,0.0
2005-12-20 14:30:00,INDEX:MMTW,40.68,40.68,40.68,40.68,0.0
2005-12-21 14:30:00,INDEX:MMTW,45.66,45.66,45.66,45.66,0.0
2005-12-22 14:30:00,INDEX:MMTW,50.56,50.56,50.56,50.56,0.0
2005-12-23 14:30:00,INDEX:MMTW,53.69,53.69,53.69,53.69,0.0
2005-12-27 14:30:00,INDEX:MMTW,42.67,42.67,42.67,42.67,0.0
2005-12-28 14:30:00,INDEX:MMTW,45.31,45.31,45.31,45.31,0.0
2005-12-29 14:30:00,INDEX:MMTW,43.96,43.96,43.96,43.96,0.0
2005-12-30 14:30:00,INDEX:MMTW,42.12,42.12,42.12,42.12,0.0
2006-01-03 14:30:00,INDEX:MMTW,59.15,59.15,59.15,59.15,0.0
2006-01-04 14:30:00,INDEX:MMTW,66.16,66.16,66.16,66.16,0.0
2006-01-05 14:30:00,INDEX:MMTW,67.86,67.86,67.86,67.86,0.0
2006-01-06 14:30:00,INDEX:MMTW,74.28,74.28,74.28,74.28,0.0
2006-01-09 14:30:00,INDEX:MMTW,77.1,77.1,77.1,77.1,0.0
2006-01-10 14:30:00,INDEX:MMTW,78.62,78.62,78.62,78.62,0.0
2006-01-11 14:30:00,INDEX:MMTW,76.98,76.98,76.98,76.98,0.0
2006-01-12 14:30:00,INDEX:MMTW,72.99,72.99,72.99,72.99,0.0
2006-01-13 14:30:00,INDEX:MMTW,74.4,74.4,74.4,74.4,0.0
2006-01-17 14:30:00,INDEX:MMTW,68.17,68.17,68.17,68.17,0.0
2006-01-18 14:30:00,INDEX:MMTW,66.02,66.02,66.02,66.02,0.0
2006-01-19 14:30:00,INDEX:MMTW,71.99,71.99,71.99,71.99,0.0
2006-01-20 14:30:00,INDEX:MMTW,60.33,60.33,60.33,60.33,0.0
2006-01-23 14:30:00,INDEX:MMTW,62.43,62.43,62.43,62.43,0.0
2006-01-24 14:30:00,INDEX:MMTW,68.12,68.12,68.12,68.12,0.0
2006-01-25 14:30:00,INDEX:MMTW,66.24,66.24,66.24,66.24,0.0
2006-01-26 14:30:00,INDEX:MMTW,70.8,70.8,70.8,70.8,0.0
2006-01-27 14:30:00,INDEX:MMTW,72.06,72.06,72.06,72.06,0.0
2006-01-30 14:30:00,INDEX:MMTW,68.98,68.98,68.98,68.98,0.0
2006-01-31 14:30:00,INDEX:MMTW,68.19,68.19,68.19,68.19,0.0
2006-02-01 14:30:00,INDEX:MMTW,68.48,68.48,68.48,68.48,0.0
2006-02-02 14:30:00,INDEX:MMTW,59.38,59.38,59.38,59.38,0.0
2006-02-03 14:30:00,INDEX:MMTW,54.34,54.34,54.34,54.34,0.0
2006-02-06 14:30:00,INDEX:MMTW,56.45,56.45,56.45,56.45,0.0
2006-02-07 14:30:00,INDEX:MMTW,47.17,47.17,47.17,47.17,0.0
2006-02-08 14:30:00,INDEX:MMTW,50.05,50.05,50.05,50.05,0.0
2006-02-09 14:30:00,INDEX:MMTW,50.58,50.58,50.58,50.58,0.0
2006-02-10 14:30:00,INDEX:MMTW,49.77,49.77,49.77,49.77,0.0
2006-02-13 14:30:00,INDEX:MMTW,42.59,42.59,42.59,42.59,0.0
2006-02-14 14:30:00,INDEX:MMTW,51.55,51.55,51.55,51.55,0.0
2006-02-15 14:30:00,INDEX:MMTW,56.12,56.12,56.12,56.12,0.0
2006-02-16 14:30:00,INDEX:MMTW,62.1,62.1,62.1,62.1,0.0
2006-02-17 14:30:00,INDEX:MMTW,61.52,61.52,61.52,61.52,0.0
2006-02-21 14:30:00,INDEX:MMTW,57.23,57.23,57.23,57.23,0.0
2006-02-22 14:30:00,INDEX:MMTW,63.23,63.23,63.23,63.23,0.0
2006-02-23 14:30:00,INDEX:MMTW,61.35,61.35,61.35,61.35,0.0
2006-02-24 14:30:00,INDEX:MMTW,64.04,64.04,64.04,64.04,0.0
2006-02-27 14:30:00,INDEX:MMTW,65.53,65.53,65.53,65.53,0.0
2006-02-28 14:30:00,INDEX:MMTW,58.09,58.09,58.09,58.09,0.0
2006-03-01 14:30:00,INDEX:MMTW,67.15,67.15,67.15,67.15,0.0
2006-03-02 14:30:00,INDEX:MMTW,65.41,65.41,65.41,65.41,0.0
2006-03-03 14:30:00,INDEX:MMTW,59.92,59.92,59.92,59.92,0.0
2006-03-06 14:30:00,INDEX:MMTW,50.4,50.4,50.4,50.4,0.0
2006-03-07 14:30:00,INDEX:MMTW,40.24,40.24,40.24,40.24,0.0
2006-03-08 14:30:00,INDEX:MMTW,39.43,39.43,39.43,39.43,0.0
2006-03-09 14:30:00,INDEX:MMTW,36.76,36.76,36.76,36.76,0.0
2006-03-10 14:30:00,INDEX:MMTW,43.93,43.93,43.93,43.93,0.0
2006-03-13 14:30:00,INDEX:MMTW,45.54,45.54,45.54,45.54,0.0
2006-03-14 14:30:00,INDEX:MMTW,53.42,53.42,53.42,53.42,0.0
2006-03-15 14:30:00,INDEX:MMTW,57.89,57.89,57.89,57.89,0.0
2006-03-16 14:30:00,INDEX:MMTW,59.8,59.8,59.8,59.8,0.0
2006-03-17 14:30:00,INDEX:MMTW,60.01,60.01,60.01,60.01,0.0
2006-03-20 14:30:00,INDEX:MMTW,58.56,58.56,58.56,58.56,0.0
2006-03-21 14:30:00,INDEX:MMTW,49.82,49.82,49.82,49.82,0.0
2006-03-22 14:30:00,INDEX:MMTW,56.31,56.31,56.31,56.31,0.0
2006-03-23 14:30:00,INDEX:MMTW,57.16,57.16,57.16,57.16,0.0
2006-03-24 14:30:00,INDEX:MMTW,62.07,62.07,62.07,62.07,0.0
2006-03-27 14:30:00,INDEX:MMTW,60.8,60.8,60.8,60.8,0.0
2006-03-28 14:30:00,INDEX:MMTW,55.54,55.54,55.54,55.54,0.0
2006-03-29 14:30:00,INDEX:MMTW,64.82,64.82,64.82,64.82,0.0
2006-03-30 14:30:00,INDEX:MMTW,63.24,63.24,63.24,63.24,0.0
2006-03-31 14:30:00,INDEX:MMTW,65.77,65.77,65.77,65.77,0.0
2006-04-03 13:30:00,INDEX:MMTW,60.74,60.74,60.74,60.74,0.0
2006-04-04 13:30:00,INDEX:MMTW,61.84,61.84,61.84,61.84,0.0
2006-04-05 13:30:00,INDEX:MMTW,62.54,62.54,62.54,62.54,0.0
2006-04-06 13:30:00,INDEX:MMTW,59.93,59.93,59.93,59.93,0.0
2006-04-07 13:30:00,INDEX:MMTW,48.45,48.45,48.45,48.45,0.0
2006-04-10 13:30:00,INDEX:MMTW,45.03,45.03,45.03,45.03,0.0
2006-04-11 13:30:00,INDEX:MMTW,36.6,36.6,36.6,36.6,0.0
2006-04-12 13:30:00,INDEX:MMTW,37.05,37.05,37.05,37.05,0.0
2006-04-13 13:30:00,INDEX:MMTW,38.81,38.81,38.81,38.81,0.0
2006-04-17 13:30:00,INDEX:MMTW,37.49,37.49,37.49,37.49,0.0
2006-04-18 13:30:00,INDEX:MMTW,53.35,53.35,53.35,53.35,0.0
2006-04-19 13:30:00,INDEX:MMTW,58.3,58.3,58.3,58.3,0.0
2006-04-20 13:30:00,INDEX:MMTW,57.08,57.08,57.08,57.08,0.0
2006-04-21 13:30:00,INDEX:MMTW,55.86,55.86,55.86,55.86,0.0
2006-04-24 13:30:00,INDEX:MMTW,52.88,52.88,52.88,52.88,0.0
2006-04-25 13:30:00,INDEX:MMTW,49.65,49.65,49.65,49.65,0.0
2006-04-26 13:30:00,INDEX:MMTW,50.33,50.33,50.33,50.33,0.0
2006-04-27 13:30:00,INDEX:MMTW,49.61,49.61,49.61,49.61,0.0
2006-04-28 13:30:00,INDEX:MMTW,53.34,53.34,53.34,53.34,0.0
2006-05-01 13:30:00,INDEX:MMTW,50.11,50.11,50.11,50.11,0.0
2006-05-02 13:30:00,INDEX:MMTW,54.92,54.92,54.92,54.92,0.0
2006-05-03 13:30:00,INDEX:MMTW,53.61,53.61,53.61,53.61,0.0
2006-05-04 13:30:00,INDEX:MMTW,58.36,58.36,58.36,58.36,0.0
2006-05-05 13:30:00,INDEX:MMTW,65.36,65.36,65.36,65.36,0.0
2006-05-08 13:30:00,INDEX:MMTW,64.9,64.9,64.9,64.9,0.0
2006-05-09 13:30:00,INDEX:MMTW,62.81,62.81,62.81,62.81,0.0
2006-05-10 13:30:00,INDEX:MMTW,58.97,58.97,58.97,58.97,0.0
2006-05-11 13:30:00,INDEX:MMTW,41.93,41.93,41.93,41.93,0.0
2006-05-12 13:30:00,INDEX:MMTW,30.59,30.59,30.59,30.59,0.0
2006-05-15 13:30:00,INDEX:MMTW,26.51,26.51,26.51,26.51,0.0
2006-05-16 13:30:00,INDEX:MMTW,28.16,28.16,28.16,28.16,0.0
2006-05-17 13:30:00,INDEX:MMTW,19.25,19.25,19.25,19.25,0.0
2006-05-18 13:30:00,INDEX:MMTW,18.71,18.71,18.71,18.71,0.0
2006-05-19 13:30:00,INDEX:MMTW,21.01,21.01,21.01,21.01,0.0
2006-05-22 13:30:00,INDEX:MMTW,19.25,19.25,19.25,19.25,0.0
2006-05-23 13:30:00,INDEX:MMTW,17.8,17.8,17.8,17.8,0.0
2006-05-24 13:30:00,INDEX:MMTW,19.08,19.08,19.08,19.08,0.0
2006-05-25 13:30:00,INDEX:MMTW,26.54,26.54,26.54,26.54,0.0
2006-05-26 13:30:00,INDEX:MMTW,31.24,31.24,31.24,31.24,0.0
2006-05-30 13:30:00,INDEX:MMTW,22.33,22.33,22.33,22.33,0.0
2006-05-31 13:30:00,INDEX:MMTW,30.54,30.54,30.54,30.54,0.0
2006-06-01 13:30:00,INDEX:MMTW,45.63,45.63,45.63,45.63,0.0
2006-06-02 13:30:00,INDEX:MMTW,52.81,52.81,52.81,52.81,0.0
2006-06-05 13:30:00,INDEX:MMTW,36.37,36.37,36.37,36.37,0.0
2006-06-06 13:30:00,INDEX:MMTW,33.81,33.81,33.81,33.81,0.0
2006-06-07 13:30:00,INDEX:MMTW,34.87,34.87,34.87,34.87,0.0
2006-06-08 13:30:00,INDEX:MMTW,36.39,36.39,36.39,36.39,0.0
2006-06-09 13:30:00,INDEX:MMTW,35.09,35.09,35.09,35.09,0.0
2006-06-12 13:30:00,INDEX:MMTW,25.93,25.93,25.93,25.93,0.0
2006-06-13 13:30:00,INDEX:MMTW,19.24,19.24,19.24,19.24,0.0
2006-06-14 13:30:00,INDEX:MMTW,18.3,18.3,18.3,18.3,0.0
2006-06-15 13:30:00,INDEX:MMTW,33.57,33.57,33.57,33.57,0.0
2006-06-16 13:30:00,INDEX:MMTW,29.79,29.79,29.79,29.79,0.0
2006-06-19 13:30:00,INDEX:MMTW,22.62,22.62,22.62,22.62,0.0
2006-06-20 13:30:00,INDEX:MMTW,22.04,22.04,22.04,22.04,0.0
2006-06-21 13:30:00,INDEX:MMTW,31.81,31.81,31.81,31.81,0.0
2006-06-22 13:30:00,INDEX:MMTW,28.61,28.61,28.61,28.61,0.0
2006-06-23 13:30:00,INDEX:MMTW,31.14,31.14,31.14,31.14,0.0
2006-06-26 13:30:00,INDEX:MMTW,39.73,39.73,39.73,39.73,0.0
2006-06-27 13:30:00,INDEX:MMTW,30.13,30.13,30.13,30.13,0.0
2006-06-28 13:30:00,INDEX:MMTW,33.48,33.48,33.48,33.48,0.0
2006-06-29 13:30:00,INDEX:MMTW,60.63,60.63,60.63,60.63,0.0
2006-06-30 13:30:00,INDEX:MMTW,66.37,66.37,66.37,66.37,0.0
2006-07-03 13:30:00,INDEX:MMTW,72.52,72.52,72.52,72.52,0.0
2006-07-05 13:30:00,INDEX:MMTW,65.5,65.5,65.5,65.5,0.0
2006-07-06 13:30:00,INDEX:MMTW,68.18,68.18,68.18,68.18,0.0
2006-07-07 13:30:00,INDEX:MMTW,63.34,63.34,63.34,63.34,0.0
2006-07-10 13:30:00,INDEX:MMTW,63.81,63.81,63.81,63.81,0.0
2006-07-11 13:30:00,INDEX:MMTW,66.57,66.57,66.57,66.57,0.0
2006-07-12 13:30:00,INDEX:MMTW,53.55,53.55,53.55,53.55,0.0
2006-07-13 13:30:00,INDEX:MMTW,38.07,38.07,38.07,38.07,0.0
2006-07-14 13:30:00,INDEX:MMTW,33.72,33.72,33.72,33.72,0.0
2006-07-17 13:30:00,INDEX:MMTW,29.87,29.87,29.87,29.87,0.0
2006-07-18 13:30:00,INDEX:MMTW,32.22,32.22,32.22,32.22,0.0
2006-07-19 13:30:00,INDEX:MMTW,51.12,51.12,51.12,51.12,0.0
2006-07-20 13:30:00,INDEX:MMTW,39.37,39.37,39.37,39.37,0.0
2006-07-21 13:30:00,INDEX:MMTW,32.84,32.84,32.84,32.84,0.0
2006-07-24 13:30:00,INDEX:MMTW,47.14,47.14,47.14,47.14,0.0
2006-07-25 13:30:00,INDEX:MMTW,53.22,53.22,53.22,53.22,0.0
2006-07-26 13:30:00,INDEX:MMTW,53.14,53.14,53.14,53.14,0.0
2006-07-27 13:30:00,INDEX:MMTW,48.61,48.61,48.61,48.61,0.0
2006-07-28 13:30:00,INDEX:MMTW,59.75,59.75,59.75,59.75,0.0
2006-07-31 13:30:00,INDEX:MMTW,61.98,61.98,61.98,61.98,0.0
2006-08-01 13:30:00,INDEX:MMTW,56.25,56.25,56.25,56.25,0.0
2006-08-02 13:30:00,INDEX:MMTW,62.69,62.69,62.69,62.69,0.0
2006-08-03 13:30:00,INDEX:MMTW,66.6,66.6,66.6,66.6,0.0
2006-08-04 13:30:00,INDEX:MMTW,66.04,66.04,66.04,66.04,0.0
2006-08-07 13:30:00,INDEX:MMTW,62.28,62.28,62.28,62.28,0.0
2006-08-08 13:30:00,INDEX:MMTW,57.18,57.18,57.18,57.18,0.0
2006-08-09 13:30:00,INDEX:MMTW,53.41,53.41,53.41,53.41,0.0
2006-08-10 13:30:00,INDEX:MMTW,56.49,56.49,56.49,56.49,0.0
2006-08-11 13:30:00,INDEX:MMTW,49.46,49.46,49.46,49.46,0.0
2006-08-14 13:30:00,INDEX:MMTW,50.24,50.24,50.24,50.24,0.0
2006-08-15 13:30:00,INDEX:MMTW,63.0,63.0,63.0,63.0,0.0
2006-08-16 13:30:00,INDEX:MMTW,69.76,69.76,69.76,69.76,0.0
2006-08-17 13:30:00,INDEX:MMTW,70.26,70.26,70.26,70.26,0.0
2006-08-18 13:30:00,INDEX:MMTW,70.48,70.48,70.48,70.48,0.0
2006-08-21 13:30:00,INDEX:MMTW,67.04,67.04,67.04,67.04,0.0
2006-08-22 13:30:00,INDEX:MMTW,68.34,68.34,68.34,68.34,0.0
2006-08-23 13:30:00,INDEX:MMTW,59.47,59.47,59.47,59.47,0.0
2006-08-24 13:30:00,INDEX:MMTW,58.88,58.88,58.88,58.88,0.0
2006-08-25 13:30:00,INDEX:MMTW,59.72,59.72,59.72,59.72,0.0
2006-08-28 13:30:00,INDEX:MMTW,66.12,66.12,66.12,66.12,0.0
2006-08-29 13:30:00,INDEX:MMTW,70.69,70.69,70.69,70.69,0.0
2006-08-30 13:30:00,INDEX:MMTW,73.35,73.35,73.35,73.35,0.0
2006-08-31 13:30:00,INDEX:MMTW,75.2,75.2,75.2,75.2,0.0
2006-09-01 13:30:00,INDEX:MMTW,78.1,78.1,78.1,78.1,0.0
2006-09-05 13:30:00,INDEX:MMTW,79.19,79.19,79.19,79.19,0.0
2006-09-06 13:30:00,INDEX:MMTW,64.27,64.27,64.27,64.27,0.0
2006-09-07 13:30:00,INDEX:MMTW,54.45,54.45,54.45,54.45,0.0
2006-09-08 13:30:00,INDEX:MMTW,56.81,56.81,56.81,56.81,0.0
2006-09-11 13:30:00,INDEX:MMTW,52.57,52.57,52.57,52.57,0.0
2006-09-12 13:30:00,INDEX:MMTW,64.62,64.62,64.62,64.62,0.0
2006-09-13 13:30:00,INDEX:MMTW,66.95,66.95,66.95,66.95,0.0
2006-09-14 13:30:00,INDEX:MMTW,64.33,64.33,64.33,64.33,0.0
2006-09-15 13:30:00,INDEX:MMTW,64.51,64.51,64.51,64.51,0.0
2006-09-18 13:30:00,INDEX:MMTW,64.08,64.08,64.08,64.08,0.0
2006-09-19 13:30:00,INDEX:MMTW,60.39,60.39,60.39,60.39,0.0
2006-09-20 13:30:00,INDEX:MMTW,65.14,65.14,65.14,65.14,0.0
2006-09-21 13:30:00,INDEX:MMTW,59.78,59.78,59.78,59.78,0.0
2006-09-22 13:30:00,INDEX:MMTW,52.65,52.65,52.65,52.65,0.0
2006-09-25 13:30:00,INDEX:MMTW,59.2,59.2,59.2,59.2,0.0
2006-09-26 13:30:00,INDEX:MMTW,62.21,62.21,62.21,62.21,0.0
2006-09-27 13:30:00,INDEX:MMTW,64.19,64.19,64.19,64.19,0.0
2006-09-28 13:30:00,INDEX:MMTW,64.54,64.54,64.54,64.54,0.0
2006-09-29 13:30:00,INDEX:MMTW,59.53,59.53,59.53,59.53,0.0
2006-10-02 13:30:00,INDEX:MMTW,54.56,54.56,54.56,54.56,0.0
2006-10-03 13:30:00,INDEX:MMTW,53.84,53.84,53.84,53.84,0.0
2006-10-04 13:30:00,INDEX:MMTW,65.29,65.29,65.29,65.29,0.0
2006-10-05 13:30:00,INDEX:MMTW,70.34,70.34,70.34,70.34,0.0
2006-10-06 13:30:00,INDEX:MMTW,67.05,67.05,67.05,67.05,0.0
2006-10-09 13:30:00,INDEX:MMTW,68.69,68.69,68.69,68.69,0.0
2006-10-10 13:30:00,INDEX:MMTW,69.16,69.16,69.16,69.16,0.0
2006-10-11 13:30:00,INDEX:MMTW,64.02,64.02,64.02,64.02,0.0
2006-10-12 13:30:00,INDEX:MMTW,74.71,74.71,74.71,74.71,0.0
2006-10-13 13:30:00,INDEX:MMTW,76.05,76.05,76.05,76.05,0.0
2006-10-16 13:30:00,INDEX:MMTW,78.1,78.1,78.1,78.1,0.0
2006-10-17 13:30:00,INDEX:MMTW,74.87,74.87,74.87,74.87,0.0
2006-10-18 13:30:00,INDEX:MMTW,74.21,74.21,74.21,74.21,0.0
2006-10-19 13:30:00,INDEX:MMTW,75.25,75.25,75.25,75.25,0.0
2006-10-20 13:30:00,INDEX:MMTW,71.21,71.21,71.21,71.21,0.0
2006-10-23 13:30:00,INDEX:MMTW,71.3,71.3,71.3,71.3,0.0
2006-10-24 13:30:00,INDEX:MMTW,69.74,69.74,69.74,69.74,0.0
2006-10-25 13:30:00,INDEX:MMTW,71.8,71.8,71.8,71.8,0.0
2006-10-26 13:30:00,INDEX:MMTW,76.43,76.43,76.43,76.43,0.0
2006-10-27 13:30:00,INDEX:MMTW,69.06,69.06,69.06,69.06,0.0
2006-10-30 14:30:00,INDEX:MMTW,69.24,69.24,69.24,69.24,0.0
2006-10-31 14:30:00,INDEX:MMTW,67.03,67.03,67.03,67.03,0.0
2006-11-01 14:30:00,INDEX:MMTW,54.64,54.64,54.64,54.64,0.0
2006-11-02 14:30:00,INDEX:MMTW,49.33,49.33,49.33,49.33,0.0
2006-11-03 14:30:00,INDEX:MMTW,48.93,48.93,48.93,48.93,0.0
2006-11-06 14:30:00,INDEX:MMTW,59.0,59.0,59.0,59.0,0.0
2006-11-07 14:30:00,INDEX:MMTW,59.65,59.65,59.65,59.65,0.0
2006-11-08 14:30:00,INDEX:MMTW,62.43,62.43,62.43,62.43,0.0
2006-11-09 14:30:00,INDEX:MMTW,55.57,55.57,55.57,55.57,0.0
2006-11-10 14:30:00,INDEX:MMTW,60.4,60.4,60.4,60.4,0.0
2006-11-13 14:30:00,INDEX:MMTW,60.62,60.62,60.62,60.62,0.0
2006-11-14 14:30:00,INDEX:MMTW,67.99,67.99,67.99,67.99,0.0
2006-11-15 14:30:00,INDEX:MMTW,69.8,69.8,69.8,69.8,0.0
2006-11-16 14:30:00,INDEX:MMTW,69.0,69.0,69.0,69.0,0.0
2006-11-17 14:30:00,INDEX:MMTW,68.0,68.0,68.0,68.0,0.0
2006-11-20 14:30:00,INDEX:MMTW,68.01,68.01,68.01,68.01,0.0
2006-11-21 14:30:00,INDEX:MMTW,68.75,68.75,68.75,68.75,0.0
2006-11-22 14:30:00,INDEX:MMTW,69.96,69.96,69.96,69.96,0.0
2006-11-24 14:30:00,INDEX:MMTW,69.8,69.8,69.8,69.8,0.0
2006-11-27 14:30:00,INDEX:MMTW,50.43,50.43,50.43,50.43,0.0
2006-11-28 14:30:00,INDEX:MMTW,54.2,54.2,54.2,54.2,0.0
2006-11-29 14:30:00,INDEX:MMTW,64.63,64.63,64.63,64.63,0.0
2006-11-30 14:30:00,INDEX:MMTW,66.44,66.44,66.44,66.44,0.0
2006-12-01 14:30:00,INDEX:MMTW,61.26,61.26,61.26,61.26,0.0
2006-12-04 14:30:00,INDEX:MMTW,71.73,71.73,71.73,71.73,0.0
2006-12-05 14:30:00,INDEX:MMTW,73.54,73.54,73.54,73.54,0.0
2006-12-06 14:30:00,INDEX:MMTW,70.58,70.58,70.58,70.58,0.0
2006-12-07 14:30:00,INDEX:MMTW,66.08,66.08,66.08,66.08,0.0
2006-12-08 14:30:00,INDEX:MMTW,63.68,63.68,63.68,63.68,0.0
2006-12-11 14:30:00,INDEX:MMTW,64.04,64.04,64.04,64.04,0.0
2006-12-12 14:30:00,INDEX:MMTW,59.45,59.45,59.45,59.45,0.0
2006-12-13 14:30:00,INDEX:MMTW,56.99,56.99,56.99,56.99,0.0
2006-12-14 14:30:00,INDEX:MMTW,60.39,60.39,60.39,60.39,0.0
2006-12-15 14:30:00,INDEX:MMTW,58.14,58.14,58.14,58.14,0.0
2006-12-18 14:30:00,INDEX:MMTW,48.29,48.29,48.29,48.29,0.0
2006-12-19 14:30:00,INDEX:MMTW,48.32,48.32,48.32,48.32,0.0
2006-12-20 14:30:00,INDEX:MMTW,49.34,49.34,49.34,49.34,0.0
2006-12-21 14:30:00,INDEX:MMTW,47.46,47.46,47.46,47.46,0.0
2006-12-22 14:30:00,INDEX:MMTW,44.72,44.72,44.72,44.72,0.0
2006-12-26 14:30:00,INDEX:MMTW,50.7,50.7,50.7,50.7,0.0
2006-12-27 14:30:00,INDEX:MMTW,58.35,58.35,58.35,58.35,0.0
2006-12-28 14:30:00,INDEX:MMTW,56.21,56.21,56.21,56.21,0.0
2006-12-29 14:30:00,INDEX:MMTW,50.83,50.83,50.83,50.83,0.0
2007-01-03 14:30:00,INDEX:MMTW,51.46,51.46,51.46,51.46,0.0
2007-01-04 14:30:00,INDEX:MMTW,53.8,53.8,53.8,53.8,0.0
2007-01-05 14:30:00,INDEX:MMTW,38.67,38.67,38.67,38.67,0.0
2007-01-08 14:30:00,INDEX:MMTW,41.63,41.63,41.63,41.63,0.0
2007-01-09 14:30:00,INDEX:MMTW,43.34,43.34,43.34,43.34,0.0
2007-01-10 14:30:00,INDEX:MMTW,43.93,43.93,43.93,43.93,0.0
2007-01-11 14:30:00,INDEX:MMTW,52.28,52.28,52.28,52.28,0.0
2007-01-12 14:30:00,INDEX:MMTW,57.83,57.83,57.83,57.83,0.0
2007-01-16 14:30:00,INDEX:MMTW,57.18,57.18,57.18,57.18,0.0
2007-01-17 14:30:00,INDEX:MMTW,57.05,57.05,57.05,57.05,0.0
2007-01-18 14:30:00,INDEX:MMTW,50.55,50.55,50.55,50.55,0.0
2007-01-19 14:30:00,INDEX:MMTW,56.27,56.27,56.27,56.27,0.0
2007-01-22 14:30:00,INDEX:MMTW,51.19,51.19,51.19,51.19,0.0
2007-01-23 14:30:00,INDEX:MMTW,57.39,57.39,57.39,57.39,0.0
2007-01-24 14:30:00,INDEX:MMTW,62.99,62.99,62.99,62.99,0.0
2007-01-25 14:30:00,INDEX:MMTW,51.14,51.14,51.14,51.14,0.0
2007-01-26 14:30:00,INDEX:MMTW,53.99,53.99,53.99,53.99,0.0
2007-01-29 14:30:00,INDEX:MMTW,55.8,55.8,55.8,55.8,0.0
2007-01-30 14:30:00,INDEX:MMTW,61.99,61.99,61.99,61.99,0.0
2007-01-31 14:30:00,INDEX:MMTW,65.74,65.74,65.74,65.74,0.0
2007-02-01 14:30:00,INDEX:MMTW,71.86,71.86,71.86,71.86,0.0
2007-02-02 14:30:00,INDEX:MMTW,73.92,73.92,73.92,73.92,0.0
2007-02-05 14:30:00,INDEX:MMTW,70.68,70.68,70.68,70.68,0.0
2007-02-06 14:30:00,INDEX:MMTW,72.34,72.34,72.34,72.34,0.0
2007-02-07 14:30:00,INDEX:MMTW,73.22,73.22,73.22,73.22,0.0
2007-02-08 14:30:00,INDEX:MMTW,72.14,72.14,72.14,72.14,0.0
2007-02-09 14:30:00,INDEX:MMTW,63.68,63.68,63.68,63.68,0.0
2007-02-12 14:30:00,INDEX:MMTW,59.52,59.52,59.52,59.52,0.0
2007-02-13 14:30:00,INDEX:MMTW,64.42,64.42,64.42,64.42,0.0
2007-02-14 14:30:00,INDEX:MMTW,66.53,66.53,66.53,66.53,0.0
2007-02-15 14:30:00,INDEX:MMTW,66.68,66.68,66.68,66.68,0.0
2007-02-16 14:30:00,INDEX:MMTW,66.62,66.62,66.62,66.62,0.0
2007-02-20 14:30:00,INDEX:MMTW,68.28,68.28,68.28,68.28,0.0
2007-02-21 14:30:00,INDEX:MMTW,68.07,68.07,68.07,68.07,0.0
2007-02-22 14:30:00,INDEX:MMTW,67.94,67.94,67.94,67.94,0.0
2007-02-23 14:30:00,INDEX:MMTW,64.24,64.24,64.24,64.24,0.0
2007-02-26 14:30:00,INDEX:MMTW,61.46,61.46,61.46,61.46,0.0
2007-02-27 14:30:00,INDEX:MMTW,29.38,29.38,29.38,29.38,0.0
2007-02-28 14:30:00,INDEX:MMTW,31.86,31.86,31.86,31.86,0.0
2007-03-01 14:30:00,INDEX:MMTW,28.49,28.49,28.49,28.49,0.0
2007-03-02 14:30:00,INDEX:MMTW,22.9,22.9,22.9,22.9,0.0
2007-03-05 14:30:00,INDEX:MMTW,17.49,17.49,17.49,17.49,0.0
2007-03-06 14:30:00,INDEX:MMTW,23.74,23.74,23.74,23.74,0.0
2007-03-07 14:30:00,INDEX:MMTW,24.77,24.77,24.77,24.77,0.0
2007-03-08 14:30:00,INDEX:MMTW,29.62,29.62,29.62,29.62,0.0
2007-03-09 14:30:00,INDEX:MMTW,32.36,32.36,32.36,32.36,0.0
2007-03-12 13:30:00,INDEX:MMTW,38.03,38.03,38.03,38.03,0.0
2007-03-13 13:30:00,INDEX:MMTW,23.99,23.99,23.99,23.99,0.0
2007-03-14 13:30:00,INDEX:MMTW,25.74,25.74,25.74,25.74,0.0
2007-03-15 13:30:00,INDEX:MMTW,31.9,31.9,31.9,31.9,0.0
2007-03-16 13:30:00,INDEX:MMTW,30.43,30.43,30.43,30.43,0.0
2007-03-19 13:30:00,INDEX:MMTW,40.25,40.25,40.25,40.25,0.0
2007-03-20 13:30:00,INDEX:MMTW,51.65,51.65,51.65,51.65,0.0
2007-03-21 13:30:00,INDEX:MMTW,68.17,68.17,68.17,68.17,0.0
2007-03-22 13:30:00,INDEX:MMTW,70.08,70.08,70.08,70.08,0.0
2007-03-23 13:30:00,INDEX:MMTW,72.78,72.78,72.78,72.78,0.0
2007-03-26 13:30:00,INDEX:MMTW,73.48,73.48,73.48,73.48,0.0
2007-03-27 13:30:00,INDEX:MMTW,68.39,68.39,68.39,68.39,0.0
2007-03-28 13:30:00,INDEX:MMTW,60.77,60.77,60.77,60.77,0.0
2007-03-29 13:30:00,INDEX:MMTW,62.47,62.47,62.47,62.47,0.0
2007-03-30 13:30:00,INDEX:MMTW,64.88,64.88,64.88,64.88,0.0
2007-04-02 13:30:00,INDEX:MMTW,64.7,64.7,64.7,64.7,0.0
2007-04-03 13:30:00,INDEX:MMTW,71.31,71.31,71.31,71.31,0.0
2007-04-04 13:30:00,INDEX:MMTW,69.68,69.68,69.68,69.68,0.0
2007-04-05 13:30:00,INDEX:MMTW,72.15,72.15,72.15,72.15,0.0
2007-04-09 13:30:00,INDEX:MMTW,68.28,68.28,68.28,68.28,0.0
2007-04-10 13:30:00,INDEX:MMTW,70.72,70.72,70.72,70.72,0.0
2007-04-11 13:30:00,INDEX:MMTW,63.07,63.07,63.07,63.07,0.0
2007-04-12 13:30:00,INDEX:MMTW,65.25,65.25,65.25,65.25,0.0
2007-04-16 13:30:00,INDEX:MMTW,73.8,73.8,73.8,73.8,0.0
2007-04-17 13:30:00,INDEX:MMTW,71.69,71.69,71.69,71.69,0.0
2007-04-18 13:30:00,INDEX:MMTW,67.82,67.82,67.82,67.82,0.0
2007-04-19 13:30:00,INDEX:MMTW,62.16,62.16,62.16,62.16,0.0
2007-04-20 13:30:00,INDEX:MMTW,69.69,69.69,69.69,69.69,0.0
2007-04-23 13:30:00,INDEX:MMTW,67.24,67.24,67.24,67.24,0.0
2007-04-24 13:30:00,INDEX:MMTW,65.15,65.15,65.15,65.15,0.0
2007-04-25 13:30:00,INDEX:MMTW,68.43,68.43,68.43,68.43,0.0
2007-04-26 13:30:00,INDEX:MMTW,65.96,65.96,65.96,65.96,0.0
2007-04-27 13:30:00,INDEX:MMTW,61.74,61.74,61.74,61.74,0.0
2007-04-30 13:30:00,INDEX:MMTW,50.87,50.87,50.87,50.87,0.0
2007-05-01 13:30:00,INDEX:MMTW,50.27,50.27,50.27,50.27,0.0
2007-05-02 13:30:00,INDEX:MMTW,59.48,59.48,59.48,59.48,0.0
2007-05-03 13:30:00,INDEX:MMTW,59.46,59.46,59.46,59.46,0.0
2007-05-04 13:30:00,INDEX:MMTW,61.48,61.48,61.48,61.48,0.0
2007-05-07 13:30:00,INDEX:MMTW,61.56,61.56,61.56,61.56,0.0
2007-05-08 13:30:00,INDEX:MMTW,57.76,57.76,57.76,57.76,0.0
2007-05-09 13:30:00,INDEX:MMTW,59.51,59.51,59.51,59.51,0.0
2007-05-10 13:30:00,INDEX:MMTW,44.62,44.62,44.62,44.62,0.0
2007-05-11 13:30:00,INDEX:MMTW,52.84,52.84,52.84,52.84,0.0
2007-05-14 13:30:00,INDEX:MMTW,47.69,47.69,47.69,47.69,0.0
2007-05-15 13:30:00,INDEX:MMTW,42.28,42.28,42.28,42.28,0.0
2007-05-16 13:30:00,INDEX:MMTW,46.61,46.61,46.61,46.61,0.0
2007-05-17 13:30:00,INDEX:MMTW,42.89,42.89,42.89,42.89,0.0
2007-05-18 13:30:00,INDEX:MMTW,47.53,47.53,47.53,47.53,0.0
2007-05-21 13:30:00,INDEX:MMTW,52.35,52.35,52.35,52.35,0.0
2007-05-22 13:30:00,INDEX:MMTW,55.92,55.92,55.92,55.92,0.0
2007-05-23 13:30:00,INDEX:MMTW,53.71,53.71,53.71,53.71,0.0
2007-05-24 13:30:00,INDEX:MMTW,40.34,40.34,40.34,40.34,0.0
2007-05-25 13:30:00,INDEX:MMTW,47.81,47.81,47.81,47.81,0.0
2007-05-29 13:30:00,INDEX:MMTW,53.2,53.2,53.2,53.2,0.0
2007-05-30 13:30:00,INDEX:MMTW,57.24,57.24,57.24,57.24,0.0
2007-05-31 13:30:00,INDEX:MMTW,61.01,61.01,61.01,61.01,0.0
2007-06-01 13:30:00,INDEX:MMTW,67.27,67.27,67.27,67.27,0.0
2007-06-04 13:30:00,INDEX:MMTW,68.06,68.06,68.06,68.06,0.0
2007-06-05 13:30:00,INDEX:MMTW,61.7,61.7,61.7,61.7,0.0
2007-06-06 13:30:00,INDEX:MMTW,50.84,50.84,50.84,50.84,0.0
2007-06-07 13:30:00,INDEX:MMTW,32.66,32.66,32.66,32.66,0.0
2007-06-08 13:30:00,INDEX:MMTW,41.16,41.16,41.16,41.16,0.0
2007-06-11 13:30:00,INDEX:MMTW,41.33,41.33,41.33,41.33,0.0
2007-06-12 13:30:00,INDEX:MMTW,29.34,29.34,29.34,29.34,0.0
2007-06-13 13:30:00,INDEX:MMTW,39.45,39.45,39.45,39.45,0.0
2007-06-14 13:30:00,INDEX:MMTW,44.47,44.47,44.47,44.47,0.0
2007-06-15 13:30:00,INDEX:MMTW,53.02,53.02,53.02,53.02,0.0
2007-06-18 13:30:00,INDEX:MMTW,52.09,52.09,52.09,52.09,0.0
2007-06-19 13:30:00,INDEX:MMTW,54.34,54.34,54.34,54.34,0.0
2007-06-20 13:30:00,INDEX:MMTW,42.16,42.16,42.16,42.16,0.0
2007-06-21 13:30:00,INDEX:MMTW,45.51,45.51,45.51,45.51,0.0
2007-06-22 13:30:00,INDEX:MMTW,37.95,37.95,37.95,37.95,0.0
2007-06-25 13:30:00,INDEX:MMTW,32.08,32.08,32.08,32.08,0.0
2007-06-26 13:30:00,INDEX:MMTW,30.15,30.15,30.15,30.15,0.0
2007-06-27 13:30:00,INDEX:MMTW,38.4,38.4,38.4,38.4,0.0
2007-06-28 13:30:00,INDEX:MMTW,41.42,41.42,41.42,41.42,0.0
2007-06-29 13:30:00,INDEX:MMTW,42.7,42.7,42.7,42.7,0.0
2007-07-02 13:30:00,INDEX:MMTW,56.01,56.01,56.01,56.01,0.0
2007-07-03 13:30:00,INDEX:MMTW,59.3,59.3,59.3,59.3,0.0
2007-07-05 13:30:00,INDEX:MMTW,59.94,59.94,59.94,59.94,0.0
2007-07-06 13:30:00,INDEX:MMTW,62.88,62.88,62.88,62.88,0.0
2007-07-09 13:30:00,INDEX:MMTW,62.74,62.74,62.74,62.74,0.0
2007-07-10 13:30:00,INDEX:MMTW,49.41,49.41,49.41,49.41,0.0
2007-07-11 13:30:00,INDEX:MMTW,49.89,49.89,49.89,49.89,0.0
2007-07-12 13:30:00,INDEX:MMTW,60.75,60.75,60.75,60.75,0.0
2007-07-13 13:30:00,INDEX:MMTW,60.31,60.31,60.31,60.31,0.0
2007-07-16 13:30:00,INDEX:MMTW,54.42,54.42,54.42,54.42,0.0
2007-07-17 13:30:00,INDEX:MMTW,53.81,53.81,53.81,53.81,0.0
2007-07-18 13:30:00,INDEX:MMTW,51.08,51.08,51.08,51.08,0.0
2007-07-19 13:30:00,INDEX:MMTW,54.71,54.71,54.71,54.71,0.0
2007-07-20 13:30:00,INDEX:MMTW,43.74,43.74,43.74,43.74,0.0
2007-07-23 13:30:00,INDEX:MMTW,43.03,43.03,43.03,43.03,0.0
2007-07-24 13:30:00,INDEX:MMTW,26.68,26.68,26.68,26.68,0.0
2007-07-25 13:30:00,INDEX:MMTW,25.53,25.53,25.53,25.53,0.0
2007-07-26 13:30:00,INDEX:MMTW,14.6,14.6,14.6,14.6,0.0
2007-07-27 13:30:00,INDEX:MMTW,12.62,12.62,12.62,12.62,0.0
2007-07-30 13:30:00,INDEX:MMTW,14.55,14.55,14.55,14.55,0.0
2007-07-31 13:30:00,INDEX:MMTW,15.2,15.2,15.2,15.2,0.0
2007-08-01 13:30:00,INDEX:MMTW,15.05,15.05,15.05,15.05,0.0
2007-08-02 13:30:00,INDEX:MMTW,19.08,19.08,19.08,19.08,0.0
2007-08-03 13:30:00,INDEX:MMTW,13.82,13.82,13.82,13.82,0.0
2007-08-06 13:30:00,INDEX:MMTW,17.03,17.03,17.03,17.03,0.0
2007-08-07 13:30:00,INDEX:MMTW,21.45,21.45,21.45,21.45,0.0
2007-08-08 13:30:00,INDEX:MMTW,32.58,32.58,32.58,32.58,0.0
2007-08-09 13:30:00,INDEX:MMTW,26.87,26.87,26.87,26.87,0.0
2007-08-10 13:30:00,INDEX:MMTW,24.85,24.85,24.85,24.85,0.0
2007-08-13 13:30:00,INDEX:MMTW,22.33,22.33,22.33,22.33,0.0
2007-08-14 13:30:00,INDEX:MMTW,15.28,15.28,15.28,15.28,0.0
2007-08-15 13:30:00,INDEX:MMTW,12.69,12.69,12.69,12.69,0.0
2007-08-16 13:30:00,INDEX:MMTW,18.74,18.74,18.74,18.74,0.0
2007-08-17 13:30:00,INDEX:MMTW,28.76,28.76,28.76,28.76,0.0
2007-08-20 13:30:00,INDEX:MMTW,32.48,32.48,32.48,32.48,0.0
2007-08-21 13:30:00,INDEX:MMTW,37.63,37.63,37.63,37.63,0.0
2007-08-22 13:30:00,INDEX:MMTW,53.24,53.24,53.24,53.24,0.0
2007-08-23 13:30:00,INDEX:MMTW,53.02,53.02,53.02,53.02,0.0
2007-08-24 13:30:00,INDEX:MMTW,64.48,64.48,64.48,64.48,0.0
2007-08-27 13:30:00,INDEX:MMTW,59.82,59.82,59.82,59.82,0.0
2007-08-28 13:30:00,INDEX:MMTW,37.2,37.2,37.2,37.2,0.0
2007-08-29 13:30:00,INDEX:MMTW,60.67,60.67,60.67,60.67,0.0
2007-08-30 13:30:00,INDEX:MMTW,58.22,58.22,58.22,58.22,0.0
2007-08-31 13:30:00,INDEX:MMTW,69.58,69.58,69.58,69.58,0.0
2007-09-04 13:30:00,INDEX:MMTW,75.22,75.22,75.22,75.22,0.0
2007-09-05 13:30:00,INDEX:MMTW,65.49,65.49,65.49,65.49,0.0
2007-09-06 13:30:00,INDEX:MMTW,69.65,69.65,69.65,69.65,0.0
2007-09-07 13:30:00,INDEX:MMTW,55.95,55.95,55.95,55.95,0.0
2007-09-10 13:30:00,INDEX:MMTW,50.46,50.46,50.46,50.46,0.0
2007-09-11 13:30:00,INDEX:MMTW,60.26,60.26,60.26,60.26,0.0
2007-09-12 13:30:00,INDEX:MMTW,55.9,55.9,55.9,55.9,0.0
2007-09-13 13:30:00,INDEX:MMTW,56.42,56.42,56.42,56.42,0.0
2007-09-14 13:30:00,INDEX:MMTW,55.52,55.52,55.52,55.52,0.0
2007-09-17 13:30:00,INDEX:MMTW,47.96,47.96,47.96,47.96,0.0
2007-09-18 13:30:00,INDEX:MMTW,71.64,71.64,71.64,71.64,0.0
2007-09-19 13:30:00,INDEX:MMTW,74.32,74.32,74.32,74.32,0.0
2007-09-20 13:30:00,INDEX:MMTW,67.78,67.78,67.78,67.78,0.0
2007-09-21 13:30:00,INDEX:MMTW,69.47,69.47,69.47,69.47,0.0
2007-09-24 13:30:00,INDEX:MMTW,64.53,64.53,64.53,64.53,0.0
2007-09-25 13:30:00,INDEX:MMTW,60.89,60.89,60.89,60.89,0.0
2007-09-26 13:30:00,INDEX:MMTW,63.3,63.3,63.3,63.3,0.0
2007-09-27 13:30:00,INDEX:MMTW,66.14,66.14,66.14,66.14,0.0
2007-09-28 13:30:00,INDEX:MMTW,62.74,62.74,62.74,62.74,0.0
2007-10-01 13:30:00,INDEX:MMTW,71.23,71.23,71.23,71.23,0.0
2007-10-02 13:30:00,INDEX:MMTW,74.11,74.11,74.11,74.11,0.0
2007-10-03 13:30:00,INDEX:MMTW,70.63,70.63,70.63,70.63,0.0
2007-10-04 13:30:00,INDEX:MMTW,71.93,71.93,71.93,71.93,0.0
2007-10-05 13:30:00,INDEX:MMTW,77.2,77.2,77.2,77.2,0.0
2007-10-08 13:30:00,INDEX:MMTW,73.64,73.64,73.64,73.64,0.0
2007-10-09 13:30:00,INDEX:MMTW,75.79,75.79,75.79,75.79,0.0
2007-10-10 13:30:00,INDEX:MMTW,73.57,73.57,73.57,73.57,0.0
2007-10-11 13:30:00,INDEX:MMTW,65.82,65.82,65.82,65.82,0.0
2007-10-12 13:30:00,INDEX:MMTW,67.39,67.39,67.39,67.39,0.0
2007-10-15 13:30:00,INDEX:MMTW,55.74,55.74,55.74,55.74,0.0
2007-10-16 13:30:00,INDEX:MMTW,47.81,47.81,47.81,47.81,0.0
2007-10-17 13:30:00,INDEX:MMTW,49.26,49.26,49.26,49.26,0.0
2007-10-18 13:30:00,INDEX:MMTW,48.46,48.46,48.46,48.46,0.0
2007-10-19 13:30:00,INDEX:MMTW,30.25,30.25,30.25,30.25,0.0
2007-10-22 13:30:00,INDEX:MMTW,31.17,31.17,31.17,31.17,0.0
2007-10-23 13:30:00,INDEX:MMTW,39.09,39.09,39.09,39.09,0.0
2007-10-24 13:30:00,INDEX:MMTW,35.06,35.06,35.06,35.06,0.0
2007-10-25 13:30:00,INDEX:MMTW,34.41,34.41,34.41,34.41,0.0
2007-10-26 13:30:00,INDEX:MMTW,42.27,42.27,42.27,42.27,0.0
2007-10-29 13:30:00,INDEX:MMTW,44.56,44.56,44.56,44.56,0.0
2007-10-30 13:30:00,INDEX:MMTW,41.5,41.5,41.5,41.5,0.0
2007-10-31 13:30:00,INDEX:MMTW,49.72,49.72,49.72,49.72,0.0
2007-11-01 13:30:00,INDEX:MMTW,31.28,31.28,31.28,31.28,0.0
2007-11-02 13:30:00,INDEX:MMTW,32.99,32.99,32.99,32.99,0.0
2007-11-05 14:30:00,INDEX:MMTW,28.74,28.74,28.74,28.74,0.0
2007-11-06 14:30:00,INDEX:MMTW,34.87,34.87,34.87,34.87,0.0
2007-11-07 14:30:00,INDEX:MMTW,22.69,22.69,22.69,22.69,0.0
2007-11-08 14:30:00,INDEX:MMTW,23.77,23.77,23.77,23.77,0.0
2007-11-09 14:30:00,INDEX:MMTW,19.45,19.45,19.45,19.45,0.0
2007-11-12 14:30:00,INDEX:MMTW,17.28,17.28,17.28,17.28,0.0
2007-11-13 14:30:00,INDEX:MMTW,28.12,28.12,28.12,28.12,0.0
2007-11-14 14:30:00,INDEX:MMTW,25.57,25.57,25.57,25.57,0.0
2007-11-15 14:30:00,INDEX:MMTW,20.31,20.31,20.31,20.31,0.0
2007-11-16 14:30:00,INDEX:MMTW,20.26,20.26,20.26,20.26,0.0
2007-11-19 14:30:00,INDEX:MMTW,13.85,13.85,13.85,13.85,0.0
2007-11-20 14:30:00,INDEX:MMTW,15.19,15.19,15.19,15.19,0.0
2007-11-21 14:30:00,INDEX:MMTW,12.42,12.42,12.42,12.42,0.0
2007-11-23 14:30:00,INDEX:MMTW,19.57,19.57,19.57,19.57,0.0
2007-11-26 14:30:00,INDEX:MMTW,13.37,13.37,13.37,13.37,0.0
2007-11-27 14:30:00,INDEX:MMTW,18.01,18.01,18.01,18.01,0.0
2007-11-28 14:30:00,INDEX:MMTW,38.8,38.8,38.8,38.8,0.0
2007-11-29 14:30:00,INDEX:MMTW,40.66,40.66,40.66,40.66,0.0
2007-11-30 14:30:00,INDEX:MMTW,49.52,49.52,49.52,49.52,0.0
2007-12-03 14:30:00,INDEX:MMTW,48.04,48.04,48.04,48.04,0.0
2007-12-04 14:30:00,INDEX:MMTW,43.61,43.61,43.61,43.61,0.0
2007-12-05 14:30:00,INDEX:MMTW,55.96,55.96,55.96,55.96,0.0
2007-12-06 14:30:00,INDEX:MMTW,69.45,69.45,69.45,69.45,0.0
2007-12-07 14:30:00,INDEX:MMTW,70.66,70.66,70.66,70.66,0.0
2007-12-10 14:30:00,INDEX:MMTW,73.28,73.28,73.28,73.28,0.0
2007-12-11 14:30:00,INDEX:MMTW,55.9,55.9,55.9,55.9,0.0
2007-12-12 14:30:00,INDEX:MMTW,58.41,58.41,58.41,58.41,0.0
2007-12-13 14:30:00,INDEX:MMTW,53.07,53.07,53.07,53.07,0.0
2007-12-14 14:30:00,INDEX:MMTW,38.57,38.57,38.57,38.57,0.0
2007-12-17 14:30:00,INDEX:MMTW,25.21,25.21,25.21,25.21,0.0
2007-12-18 14:30:00,INDEX:MMTW,31.5,31.5,31.5,31.5,0.0
2007-12-19 14:30:00,INDEX:MMTW,30.77,30.77,30.77,30.77,0.0
2007-12-20 14:30:00,INDEX:MMTW,36.47,36.47,36.47,36.47,0.0
2007-12-21 14:30:00,INDEX:MMTW,48.24,48.24,48.24,48.24,0.0
2007-12-24 14:30:00,INDEX:MMTW,54.53,54.53,54.53,54.53,0.0
2007-12-26 14:30:00,INDEX:MMTW,54.03,54.03,54.03,54.03,0.0
2007-12-27 14:30:00,INDEX:MMTW,39.88,39.88,39.88,39.88,0.0
2007-12-28 14:30:00,INDEX:MMTW,39.25,39.25,39.25,39.25,0.0
2007-12-31 14:30:00,INDEX:MMTW,39.72,39.72,39.72,39.72,0.0
2008-01-02 14:30:00,INDEX:MMTW,34.75,34.75,34.75,34.75,0.0
2008-01-03 14:30:00,INDEX:MMTW,36.15,36.15,36.15,36.15,0.0
2008-01-04 14:30:00,INDEX:MMTW,27.7,27.7,27.7,27.7,0.0
2008-01-07 14:30:00,INDEX:MMTW,29.09,29.09,29.09,29.09,0.0
2008-01-08 14:30:00,INDEX:MMTW,27.65,27.65,27.65,27.65,0.0
2008-01-09 14:30:00,INDEX:MMTW,30.91,30.91,30.91,30.91,0.0
2008-01-10 14:30:00,INDEX:MMTW,35.31,35.31,35.31,35.31,0.0
2008-01-11 14:30:00,INDEX:MMTW,31.21,31.21,31.21,31.21,0.0
2008-01-14 14:30:00,INDEX:MMTW,35.59,35.59,35.59,35.59,0.0
2008-01-15 14:30:00,INDEX:MMTW,29.07,29.07,29.07,29.07,0.0
2008-01-16 14:30:00,INDEX:MMTW,30.95,30.95,30.95,30.95,0.0
2008-01-17 14:30:00,INDEX:MMTW,24.54,24.54,24.54,24.54,0.0
2008-01-18 14:30:00,INDEX:MMTW,21.59,21.59,21.59,21.59,0.0
2008-01-22 14:30:00,INDEX:MMTW,20.66,20.66,20.66,20.66,0.0
2008-01-23 14:30:00,INDEX:MMTW,31.91,31.91,31.91,31.91,0.0
2008-01-24 14:30:00,INDEX:MMTW,34.86,34.86,34.86,34.86,0.0
2008-01-25 14:30:00,INDEX:MMTW,35.14,35.14,35.14,35.14,0.0
2008-01-28 14:30:00,INDEX:MMTW,43.43,43.43,43.43,43.43,0.0
2008-01-29 14:30:00,INDEX:MMTW,49.16,49.16,49.16,49.16,0.0
2008-01-30 14:30:00,INDEX:MMTW,48.83,48.83,48.83,48.83,0.0
2008-01-31 14:30:00,INDEX:MMTW,59.21,59.21,59.21,59.21,0.0
2008-02-01 14:30:00,INDEX:MMTW,68.48,68.48,68.48,68.48,0.0
2008-02-04 14:30:00,INDEX:MMTW,68.22,68.22,68.22,68.22,0.0
2008-02-05 14:30:00,INDEX:MMTW,53.18,53.18,53.18,53.18,0.0
2008-02-06 14:30:00,INDEX:MMTW,48.25,48.25,48.25,48.25,0.0
2008-02-07 14:30:00,INDEX:MMTW,52.59,52.59,52.59,52.59,0.0
2008-02-08 14:30:00,INDEX:MMTW,51.34,51.34,51.34,51.34,0.0
2008-02-11 14:30:00,INDEX:MMTW,53.14,53.14,53.14,53.14,0.0
2008-02-12 14:30:00,INDEX:MMTW,58.7,58.7,58.7,58.7,0.0
2008-02-13 14:30:00,INDEX:MMTW,65.0,65.0,65.0,65.0,0.0
2008-02-14 14:30:00,INDEX:MMTW,51.85,51.85,51.85,51.85,0.0
2008-02-15 14:30:00,INDEX:MMTW,48.92,48.92,48.92,48.92,0.0
2008-02-19 14:30:00,INDEX:MMTW,48.39,48.39,48.39,48.39,0.0
2008-02-20 14:30:00,INDEX:MMTW,50.67,50.67,50.67,50.67,0.0
2008-02-21 14:30:00,INDEX:MMTW,40.16,40.16,40.16,40.16,0.0
2008-02-22 14:30:00,INDEX:MMTW,42.32,42.32,42.32,42.32,0.0
2008-02-25 14:30:00,INDEX:MMTW,51.66,51.66,51.66,51.66,0.0
2008-02-26 14:30:00,INDEX:MMTW,57.87,57.87,57.87,57.87,0.0
2008-02-27 14:30:00,INDEX:MMTW,56.5,56.5,56.5,56.5,0.0
2008-02-28 14:30:00,INDEX:MMTW,47.93,47.93,47.93,47.93,0.0
2008-02-29 14:30:00,INDEX:MMTW,32.24,32.24,32.24,32.24,0.0
2008-03-03 14:30:00,INDEX:MMTW,31.02,31.02,31.02,31.02,0.0
2008-03-04 14:30:00,INDEX:MMTW,27.92,27.92,27.92,27.92,0.0
2008-03-05 14:30:00,INDEX:MMTW,31.4,31.4,31.4,31.4,0.0
2008-03-06 14:30:00,INDEX:MMTW,20.63,20.63,20.63,20.63,0.0
2008-03-07 14:30:00,INDEX:MMTW,17.59,17.59,17.59,17.59,0.0
2008-03-10 13:30:00,INDEX:MMTW,12.42,12.42,12.42,12.42,0.0
2008-03-11 13:30:00,INDEX:MMTW,27.35,27.35,27.35,27.35,0.0
2008-03-12 13:30:00,INDEX:MMTW,23.74,23.74,23.74,23.74,0.0
2008-03-13 13:30:00,INDEX:MMTW,30.52,30.52,30.52,30.52,0.0
2008-03-14 13:30:00,INDEX:MMTW,21.17,21.17,21.17,21.17,0.0
2008-03-17 13:30:00,INDEX:MMTW,16.03,16.03,16.03,16.03,0.0
2008-03-18 13:30:00,INDEX:MMTW,32.38,32.38,32.38,32.38,0.0
2008-03-19 13:30:00,INDEX:MMTW,23.25,23.25,23.25,23.25,0.0
2008-03-20 13:30:00,INDEX:MMTW,34.79,34.79,34.79,34.79,0.0
2008-03-24 13:30:00,INDEX:MMTW,48.74,48.74,48.74,48.74,0.0
2008-03-25 13:30:00,INDEX:MMTW,57.14,57.14,57.14,57.14,0.0
2008-03-26 13:30:00,INDEX:MMTW,58.32,58.32,58.32,58.32,0.0
2008-03-27 13:30:00,INDEX:MMTW,56.51,56.51,56.51,56.51,0.0
2008-03-28 13:30:00,INDEX:MMTW,50.15,50.15,50.15,50.15,0.0
2008-03-31 13:30:00,INDEX:MMTW,56.87,56.87,56.87,56.87,0.0
2008-04-01 13:30:00,INDEX:MMTW,74.35,74.35,74.35,74.35,0.0
2008-04-02 13:30:00,INDEX:MMTW,76.55,76.55,76.55,76.55,0.0
2008-04-03 13:30:00,INDEX:MMTW,77.75,77.75,77.75,77.75,0.0
2008-04-04 13:30:00,INDEX:MMTW,78.06,78.06,78.06,78.06,0.0
2008-04-07 13:30:00,INDEX:MMTW,77.25,77.25,77.25,77.25,0.0
2008-04-08 13:30:00,INDEX:MMTW,74.02,74.02,74.02,74.02,0.0
2008-04-09 13:30:00,INDEX:MMTW,63.95,63.95,63.95,63.95,0.0
2008-04-10 13:30:00,INDEX:MMTW,67.66,67.66,67.66,67.66,0.0
2008-04-11 13:30:00,INDEX:MMTW,51.22,51.22,51.22,51.22,0.0
2008-04-14 13:30:00,INDEX:MMTW,46.43,46.43,46.43,46.43,0.0
2008-04-15 13:30:00,INDEX:MMTW,47.4,47.4,47.4,47.4,0.0
2008-04-16 13:30:00,INDEX:MMTW,64.01,64.01,64.01,64.01,0.0
2008-04-17 13:30:00,INDEX:MMTW,60.45,60.45,60.45,60.45,0.0
2008-04-18 13:30:00,INDEX:MMTW,69.03,69.03,69.03,69.03,0.0
2008-04-21 13:30:00,INDEX:MMTW,64.95,64.95,64.95,64.95,0.0
2008-04-22 13:30:00,INDEX:MMTW,54.15,54.15,54.15,54.15,0.0
2008-04-23 13:30:00,INDEX:MMTW,56.16,56.16,56.16,56.16,0.0
2008-04-24 13:30:00,INDEX:MMTW,62.52,62.52,62.52,62.52,0.0
2008-04-25 13:30:00,INDEX:MMTW,64.14,64.14,64.14,64.14,0.0
2008-04-28 13:30:00,INDEX:MMTW,65.21,65.21,65.21,65.21,0.0
2008-04-29 13:30:00,INDEX:MMTW,60.87,60.87,60.87,60.87,0.0
2008-04-30 13:30:00,INDEX:MMTW,60.7,60.7,60.7,60.7,0.0
2008-05-01 13:30:00,INDEX:MMTW,67.4,67.4,67.4,67.4,0.0
2008-05-02 13:30:00,INDEX:MMTW,66.88,66.88,66.88,66.88,0.0
2008-05-05 13:30:00,INDEX:MMTW,65.76,65.76,65.76,65.76,0.0
2008-05-06 13:30:00,INDEX:MMTW,68.5,68.5,68.5,68.5,0.0
2008-05-07 13:30:00,INDEX:MMTW,59.03,59.03,59.03,59.03,0.0
2008-05-08 13:30:00,INDEX:MMTW,60.14,60.14,60.14,60.14,0.0
2008-05-09 13:30:00,INDEX:MMTW,57.91,57.91,57.91,57.91,0.0
2008-05-12 13:30:00,INDEX:MMTW,65.59,65.59,65.59,65.59,0.0
2008-05-13 13:30:00,INDEX:MMTW,63.1,63.1,63.1,63.1,0.0
2008-05-14 13:30:00,INDEX:MMTW,64.43,64.43,64.43,64.43,0.0
2008-05-15 13:30:00,INDEX:MMTW,68.91,68.91,68.91,68.91,0.0
2008-05-16 13:30:00,INDEX:MMTW,68.11,68.11,68.11,68.11,0.0
2008-05-19 13:30:00,INDEX:MMTW,65.57,65.57,65.57,65.57,0.0
2008-05-20 13:30:00,INDEX:MMTW,59.96,59.96,59.96,59.96,0.0
2008-05-21 13:30:00,INDEX:MMTW,49.72,49.72,49.72,49.72,0.0
2008-05-22 13:30:00,INDEX:MMTW,52.06,52.06,52.06,52.06,0.0
2008-05-23 13:30:00,INDEX:MMTW,43.51,43.51,43.51,43.51,0.0
2008-05-27 13:30:00,INDEX:MMTW,49.82,49.82,49.82,49.82,0.0
2008-05-28 13:30:00,INDEX:MMTW,51.16,51.16,51.16,51.16,0.0
2008-05-29 13:30:00,INDEX:MMTW,55.62,55.62,55.62,55.62,0.0
2008-05-30 13:30:00,INDEX:MMTW,58.4,58.4,58.4,58.4,0.0
2008-06-02 13:30:00,INDEX:MMTW,49.2,49.2,49.2,49.2,0.0
2008-06-03 13:30:00,INDEX:MMTW,45.68,45.68,45.68,45.68,0.0
2008-06-04 13:30:00,INDEX:MMTW,46.21,46.21,46.21,46.21,0.0
2008-06-05 13:30:00,INDEX:MMTW,59.13,59.13,59.13,59.13,0.0
2008-06-06 13:30:00,INDEX:MMTW,38.55,38.55,38.55,38.55,0.0
2008-06-09 13:30:00,INDEX:MMTW,33.42,33.42,33.42,33.42,0.0
2008-06-10 13:30:00,INDEX:MMTW,29.45,29.45,29.45,29.45,0.0
2008-06-11 13:30:00,INDEX:MMTW,20.91,20.91,20.91,20.91,0.0
2008-06-12 13:30:00,INDEX:MMTW,22.12,22.12,22.12,22.12,0.0
2008-06-13 13:30:00,INDEX:MMTW,30.89,30.89,30.89,30.89,0.0
2008-06-16 13:30:00,INDEX:MMTW,35.28,35.28,35.28,35.28,0.0
2008-06-17 13:30:00,INDEX:MMTW,32.99,32.99,32.99,32.99,0.0
2008-06-18 13:30:00,INDEX:MMTW,28.42,28.42,28.42,28.42,0.0
2008-06-19 13:30:00,INDEX:MMTW,31.98,31.98,31.98,31.98,0.0
2008-06-20 13:30:00,INDEX:MMTW,24.57,24.57,24.57,24.57,0.0
2008-06-23 13:30:00,INDEX:MMTW,21.5,21.5,21.5,21.5,0.0
2008-06-24 13:30:00,INDEX:MMTW,17.68,17.68,17.68,17.68,0.0
2008-06-25 13:30:00,INDEX:MMTW,21.76,21.76,21.76,21.76,0.0
2008-06-26 13:30:00,INDEX:MMTW,15.13,15.13,15.13,15.13,0.0
2008-06-27 13:30:00,INDEX:MMTW,16.47,16.47,16.47,16.47,0.0
2008-06-30 13:30:00,INDEX:MMTW,17.28,17.28,17.28,17.28,0.0
2008-07-01 13:30:00,INDEX:MMTW,16.79,16.79,16.79,16.79,0.0
2008-07-02 13:30:00,INDEX:MMTW,12.88,12.88,12.88,12.88,0.0
2008-07-03 13:30:00,INDEX:MMTW,12.15,12.15,12.15,12.15,0.0
2008-07-07 13:30:00,INDEX:MMTW,11.53,11.53,11.53,11.53,0.0
2008-07-08 13:30:00,INDEX:MMTW,19.12,19.12,19.12,19.12,0.0
2008-07-09 13:30:00,INDEX:MMTW,16.11,16.11,16.11,16.11,0.0
2008-07-10 13:30:00,INDEX:MMTW,19.27,19.27,19.27,19.27,0.0
2008-07-11 13:30:00,INDEX:MMTW,19.1,19.1,19.1,19.1,0.0
2008-07-14 13:30:00,INDEX:MMTW,16.94,16.94,16.94,16.94,0.0
2008-07-15 13:30:00,INDEX:MMTW,16.61,16.61,16.61,16.61,0.0
2008-07-16 13:30:00,INDEX:MMTW,28.93,28.93,28.93,28.93,0.0
2008-07-17 13:30:00,INDEX:MMTW,38.86,38.86,38.86,38.86,0.0
2008-07-18 13:30:00,INDEX:MMTW,41.77,41.77,41.77,41.77,0.0
2008-07-21 13:30:00,INDEX:MMTW,47.67,47.67,47.67,47.67,0.0
2008-07-22 13:30:00,INDEX:MMTW,57.93,57.93,57.93,57.93,0.0
2008-07-23 13:30:00,INDEX:MMTW,62.75,62.75,62.75,62.75,0.0
2008-07-24 13:30:00,INDEX:MMTW,53.62,53.62,53.62,53.62,0.0
2008-07-25 13:30:00,INDEX:MMTW,56.49,56.49,56.49,56.49,0.0
2008-07-28 13:30:00,INDEX:MMTW,46.84,46.84,46.84,46.84,0.0
2008-07-29 13:30:00,INDEX:MMTW,60.42,60.42,60.42,60.42,0.0
2008-07-30 13:30:00,INDEX:MMTW,66.08,66.08,66.08,66.08,0.0
2008-07-31 13:30:00,INDEX:MMTW,63.42,63.42,63.42,63.42,0.0
2008-08-01 13:30:00,INDEX:MMTW,61.5,61.5,61.5,61.5,0.0
2008-08-04 13:30:00,INDEX:MMTW,53.97,53.97,53.97,53.97,0.0
2008-08-05 13:30:00,INDEX:MMTW,63.48,63.48,63.48,63.48,0.0
2008-08-06 13:30:00,INDEX:MMTW,64.44,64.44,64.44,64.44,0.0
2008-08-07 13:30:00,INDEX:MMTW,55.85,55.85,55.85,55.85,0.0
2008-08-08 13:30:00,INDEX:MMTW,64.67,64.67,64.67,64.67,0.0
2008-08-11 13:30:00,INDEX:MMTW,67.58,67.58,67.58,67.58,0.0
2008-08-12 13:30:00,INDEX:MMTW,63.11,63.11,63.11,63.11,0.0
2008-08-13 13:30:00,INDEX:MMTW,59.86,59.86,59.86,59.86,0.0
2008-08-14 13:30:00,INDEX:MMTW,61.92,61.92,61.92,61.92,0.0
2008-08-15 13:30:00,INDEX:MMTW,61.66,61.66,61.66,61.66,0.0
2008-08-18 13:30:00,INDEX:MMTW,54.3,54.3,54.3,54.3,0.0
2008-08-19 13:30:00,INDEX:MMTW,44.2,44.2,44.2,44.2,0.0
2008-08-20 13:30:00,INDEX:MMTW,45.83,45.83,45.83,45.83,0.0
2008-08-21 13:30:00,INDEX:MMTW,43.49,43.49,43.49,43.49,0.0
2008-08-22 13:30:00,INDEX:MMTW,52.96,52.96,52.96,52.96,0.0
2008-08-25 13:30:00,INDEX:MMTW,36.02,36.02,36.02,36.02,0.0
2008-08-26 13:30:00,INDEX:MMTW,38.82,38.82,38.82,38.82,0.0
2008-08-27 13:30:00,INDEX:MMTW,48.67,48.67,48.67,48.67,0.0
2008-08-28 13:30:00,INDEX:MMTW,62.99,62.99,62.99,62.99,0.0
2008-08-29 13:30:00,INDEX:MMTW,56.86,56.86,56.86,56.86,0.0
2008-09-02 13:30:00,INDEX:MMTW,52.42,52.42,52.42,52.42,0.0
2008-09-03 13:30:00,INDEX:MMTW,52.38,52.38,52.38,52.38,0.0
2008-09-04 13:30:00,INDEX:MMTW,35.99,35.99,35.99,35.99,0.0
2008-09-05 13:30:00,INDEX:MMTW,36.32,36.32,36.32,36.32,0.0
2008-09-08 13:30:00,INDEX:MMTW,46.01,46.01,46.01,46.01,0.0
2008-09-09 13:30:00,INDEX:MMTW,31.82,31.82,31.82,31.82,0.0
2008-09-10 13:30:00,INDEX:MMTW,33.36,33.36,33.36,33.36,0.0
2008-09-11 13:30:00,INDEX:MMTW,32.21,32.21,32.21,32.21,0.0
2008-09-12 13:30:00,INDEX:MMTW,32.76,32.76,32.76,32.76,0.0
2008-09-15 13:30:00,INDEX:MMTW,17.52,17.52,17.52,17.52,0.0
2008-09-16 13:30:00,INDEX:MMTW,24.66,24.66,24.66,24.66,0.0
2008-09-17 13:30:00,INDEX:MMTW,12.9,12.9,12.9,12.9,0.0
2008-09-18 13:30:00,INDEX:MMTW,28.93,28.93,28.93,28.93,0.0
2008-09-19 13:30:00,INDEX:MMTW,44.58,44.58,44.58,44.58,0.0
2008-09-22 13:30:00,INDEX:MMTW,30.47,30.47,30.47,30.47,0.0
2008-09-23 13:30:00,INDEX:MMTW,25.24,25.24,25.24,25.24,0.0
2008-09-24 13:30:00,INDEX:MMTW,21.29,21.29,21.29,21.29,0.0
2008-09-25 13:30:00,INDEX:MMTW,28.43,28.43,28.43,28.43,0.0
2008-09-26 13:30:00,INDEX:MMTW,27.22,27.22,27.22,27.22,0.0
2008-09-29 13:30:00,INDEX:MMTW,10.2,10.2,10.2,10.2,0.0
2008-09-30 13:30:00,INDEX:MMTW,16.53,16.53,16.53,16.53,0.0
2008-10-01 13:30:00,INDEX:MMTW,17.08,17.08,17.08,17.08,0.0
2008-10-02 13:30:00,INDEX:MMTW,10.18,10.18,10.18,10.18,0.0
2008-10-03 13:30:00,INDEX:MMTW,8.98,8.98,8.98,8.98,0.0
2008-10-06 13:30:00,INDEX:MMTW,5.38,5.38,5.38,5.38,0.0
2008-10-07 13:30:00,INDEX:MMTW,3.36,3.36,3.36,3.36,0.0
2008-10-08 13:30:00,INDEX:MMTW,2.95,2.95,2.95,2.95,0.0
2008-10-09 13:30:00,INDEX:MMTW,2.1,2.1,2.1,2.1,0.0
2008-10-10 13:30:00,INDEX:MMTW,2.34,2.34,2.34,2.34,0.0
2008-10-13 13:30:00,INDEX:MMTW,6.72,6.72,6.72,6.72,0.0
2008-10-14 13:30:00,INDEX:MMTW,9.92,9.92,9.92,9.92,0.0
2008-10-15 13:30:00,INDEX:MMTW,6.64,6.64,6.64,6.64,0.0
2008-10-16 13:30:00,INDEX:MMTW,10.02,10.02,10.02,10.02,0.0
2008-10-17 13:30:00,INDEX:MMTW,11.11,11.11,11.11,11.11,0.0
2008-10-20 13:30:00,INDEX:MMTW,20.54,20.54,20.54,20.54,0.0
2008-10-21 13:30:00,INDEX:MMTW,19.63,19.63,19.63,19.63,0.0
2008-10-22 13:30:00,INDEX:MMTW,16.96,16.96,16.96,16.96,0.0
2008-10-23 13:30:00,INDEX:MMTW,17.81,17.81,17.81,17.81,0.0
2008-10-24 13:30:00,INDEX:MMTW,16.34,16.34,16.34,16.34,0.0
2008-10-27 13:30:00,INDEX:MMTW,15.11,15.11,15.11,15.11,0.0
2008-10-28 13:30:00,INDEX:MMTW,23.62,23.62,23.62,23.62,0.0
2008-10-29 13:30:00,INDEX:MMTW,29.3,29.3,29.3,29.3,0.0
2008-10-30 13:30:00,INDEX:MMTW,47.12,47.12,47.12,47.12,0.0
2008-10-31 13:30:00,INDEX:MMTW,64.61,64.61,64.61,64.61,0.0
2008-11-03 14:30:00,INDEX:MMTW,68.4,68.4,68.4,68.4,0.0
2008-11-04 14:30:00,INDEX:MMTW,77.37,77.37,77.37,77.37,0.0
2008-11-05 14:30:00,INDEX:MMTW,62.58,62.58,62.58,62.58,0.0
2008-11-06 14:30:00,INDEX:MMTW,40.06,40.06,40.06,40.06,0.0
2008-11-07 14:30:00,INDEX:MMTW,47.84,47.84,47.84,47.84,0.0
2008-11-10 14:30:00,INDEX:MMTW,42.95,42.95,42.95,42.95,0.0
2008-11-11 14:30:00,INDEX:MMTW,33.18,33.18,33.18,33.18,0.0
2008-11-12 14:30:00,INDEX:MMTW,16.79,16.79,16.79,16.79,0.0
2008-11-13 14:30:00,INDEX:MMTW,33.36,33.36,33.36,33.36,0.0
2008-11-14 14:30:00,INDEX:MMTW,18.97,18.97,18.97,18.97,0.0
2008-11-17 14:30:00,INDEX:MMTW,17.05,17.05,17.05,17.05,0.0
2008-11-18 14:30:00,INDEX:MMTW,17.17,17.17,17.17,17.17,0.0
2008-11-19 14:30:00,INDEX:MMTW,7.96,7.96,7.96,7.96,0.0
2008-11-20 14:30:00,INDEX:MMTW,4.59,4.59,4.59,4.59,0.0
2008-11-21 14:30:00,INDEX:MMTW,8.02,8.02,8.02,8.02,0.0
2008-11-24 14:30:00,INDEX:MMTW,16.07,16.07,16.07,16.07,0.0
2008-11-25 14:30:00,INDEX:MMTW,18.72,18.72,18.72,18.72,0.0
2008-11-26 14:30:00,INDEX:MMTW,33.28,33.28,33.28,33.28,0.0
2008-11-28 14:30:00,INDEX:MMTW,42.17,42.17,42.17,42.17,0.0
2008-12-01 14:30:00,INDEX:MMTW,13.68,13.68,13.68,13.68,0.0
2008-12-02 14:30:00,INDEX:MMTW,25.92,25.92,25.92,25.92,0.0
2008-12-03 14:30:00,INDEX:MMTW,39.42,39.42,39.42,39.42,0.0
2008-12-04 14:30:00,INDEX:MMTW,31.13,31.13,31.13,31.13,0.0
2008-12-05 14:30:00,INDEX:MMTW,49.8,49.8,49.8,49.8,0.0
2008-12-08 14:30:00,INDEX:MMTW,66.83,66.83,66.83,66.83,0.0
2008-12-09 14:30:00,INDEX:MMTW,62.44,62.44,62.44,62.44,0.0
2008-12-10 14:30:00,INDEX:MMTW,69.99,69.99,69.99,69.99,0.0
2008-12-11 14:30:00,INDEX:MMTW,58.07,58.07,58.07,58.07,0.0
2008-12-12 14:30:00,INDEX:MMTW,67.22,67.22,67.22,67.22,0.0
2008-12-15 14:30:00,INDEX:MMTW,59.14,59.14,59.14,59.14,0.0
2008-12-16 14:30:00,INDEX:MMTW,75.49,75.49,75.49,75.49,0.0
2008-12-17 14:30:00,INDEX:MMTW,77.02,77.02,77.02,77.02,0.0
2008-12-18 14:30:00,INDEX:MMTW,73.42,73.42,73.42,73.42,0.0
2008-12-19 14:30:00,INDEX:MMTW,73.42,73.42,73.42,73.42,0.0
2008-12-22 14:30:00,INDEX:MMTW,62.2,62.2,62.2,62.2,0.0
2008-12-23 14:30:00,INDEX:MMTW,55.62,55.62,55.62,55.62,0.0
2008-12-24 14:30:00,INDEX:MMTW,56.13,56.13,56.13,56.13,0.0
2008-12-26 14:30:00,INDEX:MMTW,62.23,62.23,62.23,62.23,0.0
2008-12-29 14:30:00,INDEX:MMTW,54.63,54.63,54.63,54.63,0.0
2008-12-30 14:30:00,INDEX:MMTW,68.79,68.79,68.79,68.79,0.0
2008-12-31 14:30:00,INDEX:MMTW,80.05,80.05,80.05,80.05,0.0
2009-01-02 14:30:00,INDEX:MMTW,87.83,87.83,87.83,87.83,0.0
2009-01-05 14:30:00,INDEX:MMTW,87.07,87.07,87.07,87.07,0.0
2009-01-06 14:30:00,INDEX:MMTW,89.37,89.37,89.37,89.37,0.0
2009-01-07 14:30:00,INDEX:MMTW,80.41,80.41,80.41,80.41,0.0
2009-01-08 14:30:00,INDEX:MMTW,81.41,81.41,81.41,81.41,0.0
2009-01-09 14:30:00,INDEX:MMTW,67.28,67.28,67.28,67.28,0.0
2009-01-12 14:30:00,INDEX:MMTW,49.85,49.85,49.85,49.85,0.0
2009-01-13 14:30:00,INDEX:MMTW,51.46,51.46,51.46,51.46,0.0
2009-01-14 14:30:00,INDEX:MMTW,35.44,35.44,35.44,35.44,0.0
2009-01-15 14:30:00,INDEX:MMTW,38.28,38.28,38.28,38.28,0.0
2009-01-16 14:30:00,INDEX:MMTW,42.63,42.63,42.63,42.63,0.0
2009-01-20 14:30:00,INDEX:MMTW,24.71,24.71,24.71,24.71,0.0
2009-01-21 14:30:00,INDEX:MMTW,34.7,34.7,34.7,34.7,0.0
2009-01-22 14:30:00,INDEX:MMTW,27.63,27.63,27.63,27.63,0.0
2009-01-23 14:30:00,INDEX:MMTW,28.79,28.79,28.79,28.79,0.0
2009-01-26 14:30:00,INDEX:MMTW,33.3,33.3,33.3,33.3,0.0
2009-01-27 14:30:00,INDEX:MMTW,37.9,37.9,37.9,37.9,0.0
2009-01-28 14:30:00,INDEX:MMTW,53.52,53.52,53.52,53.52,0.0
2009-01-29 14:30:00,INDEX:MMTW,35.52,35.52,35.52,35.52,0.0
2009-01-30 14:30:00,INDEX:MMTW,29.6,29.6,29.6,29.6,0.0
2009-02-02 14:30:00,INDEX:MMTW,32.81,32.81,32.81,32.81,0.0
2009-02-03 14:30:00,INDEX:MMTW,39.69,39.69,39.69,39.69,0.0
2009-02-04 14:30:00,INDEX:MMTW,40.51,40.51,40.51,40.51,0.0
2009-02-05 14:30:00,INDEX:MMTW,49.0,49.0,49.0,49.0,0.0
2009-02-06 14:30:00,INDEX:MMTW,64.77,64.77,64.77,64.77,0.0
2009-02-09 14:30:00,INDEX:MMTW,67.46,67.46,67.46,67.46,0.0
2009-02-10 14:30:00,INDEX:MMTW,44.78,44.78,44.78,44.78,0.0
2009-02-11 14:30:00,INDEX:MMTW,48.59,48.59,48.59,48.59,0.0
2009-02-12 14:30:00,INDEX:MMTW,48.6,48.6,48.6,48.6,0.0
2009-02-13 14:30:00,INDEX:MMTW,47.78,47.78,47.78,47.78,0.0
2009-02-17 14:30:00,INDEX:MMTW,24.6,24.6,24.6,24.6,0.0
2009-02-18 14:30:00,INDEX:MMTW,20.29,20.29,20.29,20.29,0.0
2009-02-19 14:30:00,INDEX:MMTW,17.22,17.22,17.22,17.22,0.0
2009-02-20 14:30:00,INDEX:MMTW,13.95,13.95,13.95,13.95,0.0
2009-02-23 14:30:00,INDEX:MMTW,9.51,9.51,9.51,9.51,0.0
2009-02-24 14:30:00,INDEX:MMTW,15.8,15.8,15.8,15.8,0.0
2009-02-25 14:30:00,INDEX:MMTW,13.64,13.64,13.64,13.64,0.0
2009-02-26 14:30:00,INDEX:MMTW,14.56,14.56,14.56,14.56,0.0
2009-02-27 14:30:00,INDEX:MMTW,14.9,14.9,14.9,14.9,0.0
2009-03-02 14:30:00,INDEX:MMTW,6.68,6.68,6.68,6.68,0.0
2009-03-03 14:30:00,INDEX:MMTW,6.16,6.16,6.16,6.16,0.0
2009-03-04 14:30:00,INDEX:MMTW,10.02,10.02,10.02,10.02,0.0
2009-03-05 14:30:00,INDEX:MMTW,6.67,6.67,6.67,6.67,0.0
2009-03-06 14:30:00,INDEX:MMTW,7.61,7.61,7.61,7.61,0.0
2009-03-09 13:30:00,INDEX:MMTW,6.93,6.93,6.93,6.93,0.0
2009-03-10 13:30:00,INDEX:MMTW,19.25,19.25,19.25,19.25,0.0
2009-03-11 13:30:00,INDEX:MMTW,23.26,23.26,23.26,23.26,0.0
2009-03-12 13:30:00,INDEX:MMTW,48.26,48.26,48.26,48.26,0.0
2009-03-13 13:30:00,INDEX:MMTW,58.53,58.53,58.53,58.53,0.0
2009-03-16 13:30:00,INDEX:MMTW,61.78,61.78,61.78,61.78,0.0
2009-03-17 13:30:00,INDEX:MMTW,75.3,75.3,75.3,75.3,0.0
2009-03-18 13:30:00,INDEX:MMTW,83.2,83.2,83.2,83.2,0.0
2009-03-19 13:30:00,INDEX:MMTW,84.13,84.13,84.13,84.13,0.0
2009-03-20 13:30:00,INDEX:MMTW,79.1,79.1,79.1,79.1,0.0
2009-03-23 13:30:00,INDEX:MMTW,90.67,90.67,90.67,90.67,0.0
2009-03-24 13:30:00,INDEX:MMTW,88.2,88.2,88.2,88.2,0.0
2009-03-25 13:30:00,INDEX:MMTW,90.72,90.72,90.72,90.72,0.0
2009-03-26 13:30:00,INDEX:MMTW,93.91,93.91,93.91,93.91,0.0
2009-03-27 13:30:00,INDEX:MMTW,91.01,91.01,91.01,91.01,0.0
2009-03-30 13:30:00,INDEX:MMTW,81.43,81.43,81.43,81.43,0.0
2009-03-31 13:30:00,INDEX:MMTW,85.91,85.91,85.91,85.91,0.0
2009-04-01 13:30:00,INDEX:MMTW,87.82,87.82,87.82,87.82,0.0
2009-04-02 13:30:00,INDEX:MMTW,92.72,92.72,92.72,92.72,0.0
2009-04-03 13:30:00,INDEX:MMTW,91.95,91.95,91.95,91.95,0.0
2009-04-06 13:30:00,INDEX:MMTW,87.68,87.68,87.68,87.68,0.0
2009-04-07 13:30:00,INDEX:MMTW,77.52,77.52,77.52,77.52,0.0
2009-04-08 13:30:00,INDEX:MMTW,81.1,81.1,81.1,81.1,0.0
2009-04-09 13:30:00,INDEX:MMTW,88.83,88.83,88.83,88.83,0.0
2009-04-13 13:30:00,INDEX:MMTW,87.11,87.11,87.11,87.11,0.0
2009-04-14 13:30:00,INDEX:MMTW,80.25,80.25,80.25,80.25,0.0
2009-04-15 13:30:00,INDEX:MMTW,82.75,82.75,82.75,82.75,0.0
2009-04-16 13:30:00,INDEX:MMTW,86.21,86.21,86.21,86.21,0.0
2009-04-17 13:30:00,INDEX:MMTW,86.54,86.54,86.54,86.54,0.0
2009-04-20 13:30:00,INDEX:MMTW,66.3,66.3,66.3,66.3,0.0
2009-04-21 13:30:00,INDEX:MMTW,78.07,78.07,78.07,78.07,0.0
2009-04-22 13:30:00,INDEX:MMTW,75.62,75.62,75.62,75.62,0.0
2009-04-23 13:30:00,INDEX:MMTW,73.79,73.79,73.79,73.79,0.0
2009-04-24 13:30:00,INDEX:MMTW,80.17,80.17,80.17,80.17,0.0
2009-04-27 13:30:00,INDEX:MMTW,73.41,73.41,73.41,73.41,0.0
2009-04-28 13:30:00,INDEX:MMTW,71.98,71.98,71.98,71.98,0.0
2009-04-29 13:30:00,INDEX:MMTW,82.48,82.48,82.48,82.48,0.0
2009-04-30 13:30:00,INDEX:MMTW,79.36,79.36,79.36,79.36,0.0
2009-05-01 13:30:00,INDEX:MMTW,78.62,78.62,78.62,78.62,0.0
2009-05-04 13:30:00,INDEX:MMTW,86.59,86.59,86.59,86.59,0.0
2009-05-05 13:30:00,INDEX:MMTW,83.7,83.7,83.7,83.7,0.0
2009-05-06 13:30:00,INDEX:MMTW,83.93,83.93,83.93,83.93,0.0
2009-05-07 13:30:00,INDEX:MMTW,77.23,77.23,77.23,77.23,0.0
2009-05-08 13:30:00,INDEX:MMTW,85.23,85.23,85.23,85.23,0.0
2009-05-11 13:30:00,INDEX:MMTW,80.18,80.18,80.18,80.18,0.0
2009-05-12 13:30:00,INDEX:MMTW,75.99,75.99,75.99,75.99,0.0
2009-05-13 13:30:00,INDEX:MMTW,56.61,56.61,56.61,56.61,0.0
2009-05-14 13:30:00,INDEX:MMTW,62.66,62.66,62.66,62.66,0.0
2009-05-15 13:30:00,INDEX:MMTW,57.35,57.35,57.35,57.35,0.0
2009-05-18 13:30:00,INDEX:MMTW,74.39,74.39,74.39,74.39,0.0
2009-05-19 13:30:00,INDEX:MMTW,73.43,73.43,73.43,73.43,0.0
2009-05-20 13:30:00,INDEX:MMTW,70.07,70.07,70.07,70.07,0.0
2009-05-21 13:30:00,INDEX:MMTW,58.68,58.68,58.68,58.68,0.0
2009-05-22 13:30:00,INDEX:MMTW,57.64,57.64,57.64,57.64,0.0
2009-05-26 13:30:00,INDEX:MMTW,74.56,74.56,74.56,74.56,0.0
2009-05-27 13:30:00,INDEX:MMTW,62.44,62.44,62.44,62.44,0.0
2009-05-28 13:30:00,INDEX:MMTW,66.79,66.79,66.79,66.79,0.0
2009-05-29 13:30:00,INDEX:MMTW,73.33,73.33,73.33,73.33,0.0
2009-06-01 13:30:00,INDEX:MMTW,83.07,83.07,83.07,83.07,0.0
2009-06-02 13:30:00,INDEX:MMTW,84.08,84.08,84.08,84.08,0.0
2009-06-03 13:30:00,INDEX:MMTW,79.38,79.38,79.38,79.38,0.0
2009-06-04 13:30:00,INDEX:MMTW,83.91,83.91,83.91,83.91,0.0
2009-06-05 13:30:00,INDEX:MMTW,81.73,81.73,81.73,81.73,0.0
2009-06-08 13:30:00,INDEX:MMTW,79.29,79.29,79.29,79.29,0.0
2009-06-09 13:30:00,INDEX:MMTW,80.49,80.49,80.49,80.49,0.0
2009-06-10 13:30:00,INDEX:MMTW,75.83,75.83,75.83,75.83,0.0
2009-06-11 13:30:00,INDEX:MMTW,76.88,76.88,76.88,76.88,0.0
2009-06-12 13:30:00,INDEX:MMTW,74.36,74.36,74.36,74.36,0.0
2009-06-15 13:30:00,INDEX:MMTW,53.42,53.42,53.42,53.42,0.0
2009-06-16 13:30:00,INDEX:MMTW,42.41,42.41,42.41,42.41,0.0
2009-06-17 13:30:00,INDEX:MMTW,40.65,40.65,40.65,40.65,0.0
2009-06-18 13:30:00,INDEX:MMTW,42.22,42.22,42.22,42.22,0.0
2009-06-19 13:30:00,INDEX:MMTW,45.48,45.48,45.48,45.48,0.0
2009-06-22 13:30:00,INDEX:MMTW,25.71,25.71,25.71,25.71,0.0
2009-06-23 13:30:00,INDEX:MMTW,23.45,23.45,23.45,23.45,0.0
2009-06-24 13:30:00,INDEX:MMTW,27.93,27.93,27.93,27.93,0.0
2009-06-25 13:30:00,INDEX:MMTW,40.32,40.32,40.32,40.32,0.0
2009-06-26 13:30:00,INDEX:MMTW,47.66,47.66,47.66,47.66,0.0
2009-06-29 13:30:00,INDEX:MMTW,50.94,50.94,50.94,50.94,0.0
2009-06-30 13:30:00,INDEX:MMTW,47.75,47.75,47.75,47.75,0.0
2009-07-01 13:30:00,INDEX:MMTW,60.38,60.38,60.38,60.38,0.0
2009-07-02 13:30:00,INDEX:MMTW,39.43,39.43,39.43,39.43,0.0
2009-07-06 13:30:00,INDEX:MMTW,38.19,38.19,38.19,38.19,0.0
2009-07-07 13:30:00,INDEX:MMTW,29.98,29.98,29.98,29.98,0.0
2009-07-08 13:30:00,INDEX:MMTW,27.52,27.52,27.52,27.52,0.0
2009-07-09 13:30:00,INDEX:MMTW,29.88,29.88,29.88,29.88,0.0
2009-07-10 13:30:00,INDEX:MMTW,32.58,32.58,32.58,32.58,0.0
2009-07-13 13:30:00,INDEX:MMTW,47.15,47.15,47.15,47.15,0.0
2009-07-14 13:30:00,INDEX:MMTW,55.43,55.43,55.43,55.43,0.0
2009-07-15 13:30:00,INDEX:MMTW,79.47,79.47,79.47,79.47,0.0
2009-07-16 13:30:00,INDEX:MMTW,82.45,82.45,82.45,82.45,0.0
2009-07-17 13:30:00,INDEX:MMTW,80.81,80.81,80.81,80.81,0.0
2009-07-20 13:30:00,INDEX:MMTW,84.35,84.35,84.35,84.35,0.0
2009-07-21 13:30:00,INDEX:MMTW,82.9,82.9,82.9,82.9,0.0
2009-07-22 13:30:00,INDEX:MMTW,83.25,83.25,83.25,83.25,0.0
2009-07-23 13:30:00,INDEX:MMTW,87.38,87.38,87.38,87.38,0.0
2009-07-24 13:30:00,INDEX:MMTW,87.96,87.96,87.96,87.96,0.0
2009-07-27 13:30:00,INDEX:MMTW,88.23,88.23,88.23,88.23,0.0
2009-07-28 13:30:00,INDEX:MMTW,88.62,88.62,88.62,88.62,0.0
2009-07-29 13:30:00,INDEX:MMTW,85.68,85.68,85.68,85.68,0.0
2009-07-30 13:30:00,INDEX:MMTW,88.74,88.74,88.74,88.74,0.0
2009-07-31 13:30:00,INDEX:MMTW,87.23,87.23,87.23,87.23,0.0
2009-08-03 13:30:00,INDEX:MMTW,89.42,89.42,89.42,89.42,0.0
2009-08-04 13:30:00,INDEX:MMTW,88.85,88.85,88.85,88.85,0.0
2009-08-05 13:30:00,INDEX:MMTW,84.72,84.72,84.72,84.72,0.0
2009-08-06 13:30:00,INDEX:MMTW,78.68,78.68,78.68,78.68,0.0
2009-08-07 13:30:00,INDEX:MMTW,81.57,81.57,81.57,81.57,0.0
2009-08-10 13:30:00,INDEX:MMTW,78.92,78.92,78.92,78.92,0.0
2009-08-11 13:30:00,INDEX:MMTW,70.82,70.82,70.82,70.82,0.0
2009-08-12 13:30:00,INDEX:MMTW,75.89,75.89,75.89,75.89,0.0
2009-08-13 13:30:00,INDEX:MMTW,77.31,77.31,77.31,77.31,0.0
2009-08-14 13:30:00,INDEX:MMTW,66.6,66.6,66.6,66.6,0.0
2009-08-17 13:30:00,INDEX:MMTW,43.68,43.68,43.68,43.68,0.0
2009-08-18 13:30:00,INDEX:MMTW,53.0,53.0,53.0,53.0,0.0
2009-08-19 13:30:00,INDEX:MMTW,57.03,57.03,57.03,57.03,0.0
2009-08-20 13:30:00,INDEX:MMTW,63.67,63.67,63.67,63.67,0.0
2009-08-21 13:30:00,INDEX:MMTW,74.58,74.58,74.58,74.58,0.0
2009-08-24 13:30:00,INDEX:MMTW,72.67,72.67,72.67,72.67,0.0
2009-08-25 13:30:00,INDEX:MMTW,72.98,72.98,72.98,72.98,0.0
2009-08-26 13:30:00,INDEX:MMTW,71.18,71.18,71.18,71.18,0.0
2009-08-27 13:30:00,INDEX:MMTW,70.08,70.08,70.08,70.08,0.0
2009-08-28 13:30:00,INDEX:MMTW,66.08,66.08,66.08,66.08,0.0
2009-08-31 13:30:00,INDEX:MMTW,55.5,55.5,55.5,55.5,0.0
2009-09-01 13:30:00,INDEX:MMTW,36.32,36.32,36.32,36.32,0.0
2009-09-02 13:30:00,INDEX:MMTW,34.25,34.25,34.25,34.25,0.0
2009-09-03 13:30:00,INDEX:MMTW,42.59,42.59,42.59,42.59,0.0
2009-09-04 13:30:00,INDEX:MMTW,56.9,56.9,56.9,56.9,0.0
2009-09-08 13:30:00,INDEX:MMTW,66.1,66.1,66.1,66.1,0.0
2009-09-09 13:30:00,INDEX:MMTW,73.39,73.39,73.39,73.39,0.0
2009-09-10 13:30:00,INDEX:MMTW,78.76,78.76,78.76,78.76,0.0
2009-09-11 13:30:00,INDEX:MMTW,77.66,77.66,77.66,77.66,0.0
2009-09-14 13:30:00,INDEX:MMTW,80.79,80.79,80.79,80.79,0.0
2009-09-15 13:30:00,INDEX:MMTW,81.63,81.63,81.63,81.63,0.0
2009-09-16 13:30:00,INDEX:MMTW,86.03,86.03,86.03,86.03,0.0
2009-09-17 13:30:00,INDEX:MMTW,85.43,85.43,85.43,85.43,0.0
2009-09-18 13:30:00,INDEX:MMTW,84.77,84.77,84.77,84.77,0.0
2009-09-21 13:30:00,INDEX:MMTW,82.55,82.55,82.55,82.55,0.0
2009-09-22 13:30:00,INDEX:MMTW,84.16,84.16,84.16,84.16,0.0
2009-09-23 13:30:00,INDEX:MMTW,79.57,79.57,79.57,79.57,0.0
2009-09-24 13:30:00,INDEX:MMTW,68.91,68.91,68.91,68.91,0.0
2009-09-25 13:30:00,INDEX:MMTW,65.27,65.27,65.27,65.27,0.0
2009-09-28 13:30:00,INDEX:MMTW,78.29,78.29,78.29,78.29,0.0
2009-09-29 13:30:00,INDEX:MMTW,75.17,75.17,75.17,75.17,0.0
2009-09-30 13:30:00,INDEX:MMTW,68.85,68.85,68.85,68.85,0.0
2009-10-01 13:30:00,INDEX:MMTW,40.57,40.57,40.57,40.57,0.0
2009-10-02 13:30:00,INDEX:MMTW,34.81,34.81,34.81,34.81,0.0
2009-10-05 13:30:00,INDEX:MMTW,45.47,45.47,45.47,45.47,0.0
2009-10-06 13:30:00,INDEX:MMTW,58.56,58.56,58.56,58.56,0.0
2009-10-07 13:30:00,INDEX:MMTW,58.19,58.19,58.19,58.19,0.0
2009-10-08 13:30:00,INDEX:MMTW,65.17,65.17,65.17,65.17,0.0
2009-10-09 13:30:00,INDEX:MMTW,68.12,68.12,68.12,68.12,0.0
2009-10-12 13:30:00,INDEX:MMTW,66.24,66.24,66.24,66.24,0.0
2009-10-13 13:30:00,INDEX:MMTW,63.76,63.76,63.76,63.76,0.0
2009-10-14 13:30:00,INDEX:MMTW,72.48,72.48,72.48,72.48,0.0
2009-10-15 13:30:00,INDEX:MMTW,70.8,70.8,70.8,70.8,0.0
2009-10-16 13:30:00,INDEX:MMTW,65.5,65.5,65.5,65.5,0.0
2009-10-19 13:30:00,INDEX:MMTW,70.17,70.17,70.17,70.17,0.0
2009-10-20 13:30:00,INDEX:MMTW,64.12,64.12,64.12,64.12,0.0
2009-10-21 13:30:00,INDEX:MMTW,56.27,56.27,56.27,56.27,0.0
2009-10-22 13:30:00,INDEX:MMTW,63.39,63.39,63.39,63.39,0.0
2009-10-23 13:30:00,INDEX:MMTW,50.53,50.53,50.53,50.53,0.0
2009-10-26 13:30:00,INDEX:MMTW,39.23,39.23,39.23,39.23,0.0
2009-10-27 13:30:00,INDEX:MMTW,33.51,33.51,33.51,33.51,0.0
2009-10-28 13:30:00,INDEX:MMTW,18.37,18.37,18.37,18.37,0.0
2009-10-29 13:30:00,INDEX:MMTW,27.41,27.41,27.41,27.41,0.0
2009-10-30 13:30:00,INDEX:MMTW,15.03,15.03,15.03,15.03,0.0
2009-11-02 14:30:00,INDEX:MMTW,16.03,16.03,16.03,16.03,0.0
2009-11-03 14:30:00,INDEX:MMTW,19.47,19.47,19.47,19.47,0.0
2009-11-04 14:30:00,INDEX:MMTW,20.22,20.22,20.22,20.22,0.0
2009-11-05 14:30:00,INDEX:MMTW,33.76,33.76,33.76,33.76,0.0
2009-11-06 14:30:00,INDEX:MMTW,35.87,35.87,35.87,35.87,0.0
2009-11-09 14:30:00,INDEX:MMTW,55.05,55.05,55.05,55.05,0.0
2009-11-10 14:30:00,INDEX:MMTW,51.21,51.21,51.21,51.21,0.0
2009-11-11 14:30:00,INDEX:MMTW,57.29,57.29,57.29,57.29,0.0
2009-11-12 14:30:00,INDEX:MMTW,46.31,46.31,46.31,46.31,0.0
2009-11-13 14:30:00,INDEX:MMTW,53.79,53.79,53.79,53.79,0.0
2009-11-16 14:30:00,INDEX:MMTW,68.19,68.19,68.19,68.19,0.0
2009-11-17 14:30:00,INDEX:MMTW,68.79,68.79,68.79,68.79,0.0
2009-11-18 14:30:00,INDEX:MMTW,68.39,68.39,68.39,68.39,0.0
2009-11-19 14:30:00,INDEX:MMTW,56.03,56.03,56.03,56.03,0.0
2009-11-20 14:30:00,INDEX:MMTW,55.67,55.67,55.67,55.67,0.0
2009-11-23 14:30:00,INDEX:MMTW,66.37,66.37,66.37,66.37,0.0
2009-11-24 14:30:00,INDEX:MMTW,64.52,64.52,64.52,64.52,0.0
2009-11-25 14:30:00,INDEX:MMTW,66.85,66.85,66.85,66.85,0.0
2009-11-27 14:30:00,INDEX:MMTW,47.44,47.44,47.44,47.44,0.0
2009-11-30 14:30:00,INDEX:MMTW,51.19,51.19,51.19,51.19,0.0
2009-12-01 14:30:00,INDEX:MMTW,63.62,63.62,63.62,63.62,0.0
2009-12-02 14:30:00,INDEX:MMTW,66.38,66.38,66.38,66.38,0.0
2009-12-03 14:30:00,INDEX:MMTW,56.97,56.97,56.97,56.97,0.0
2009-12-04 14:30:00,INDEX:MMTW,66.85,66.85,66.85,66.85,0.0
2009-12-07 14:30:00,INDEX:MMTW,65.48,65.48,65.48,65.48,0.0
2009-12-08 14:30:00,INDEX:MMTW,56.67,56.67,56.67,56.67,0.0
2009-12-09 14:30:00,INDEX:MMTW,57.27,57.27,57.27,57.27,0.0
2009-12-10 14:30:00,INDEX:MMTW,58.19,58.19,58.19,58.19,0.0
2009-12-11 14:30:00,INDEX:MMTW,62.83,62.83,62.83,62.83,0.0
2009-12-14 14:30:00,INDEX:MMTW,70.11,70.11,70.11,70.11,0.0
2009-12-15 14:30:00,INDEX:MMTW,65.01,65.01,65.01,65.01,0.0
2009-12-16 14:30:00,INDEX:MMTW,68.64,68.64,68.64,68.64,0.0
2009-12-17 14:30:00,INDEX:MMTW,58.97,58.97,58.97,58.97,0.0
2009-12-18 14:30:00,INDEX:MMTW,62.26,62.26,62.26,62.26,0.0
2009-12-21 14:30:00,INDEX:MMTW,67.72,67.72,67.72,67.72,0.0
2009-12-22 14:30:00,INDEX:MMTW,69.23,69.23,69.23,69.23,0.0
2009-12-23 14:30:00,INDEX:MMTW,73.65,73.65,73.65,73.65,0.0
2009-12-24 14:30:00,INDEX:MMTW,76.79,76.79,76.79,76.79,0.0
2009-12-28 14:30:00,INDEX:MMTW,76.64,76.64,76.64,76.64,0.0
2009-12-29 14:30:00,INDEX:MMTW,75.52,75.52,75.52,75.52,0.0
2009-12-30 14:30:00,INDEX:MMTW,74.71,74.71,74.71,74.71,0.0
2009-12-31 14:30:00,INDEX:MMTW,69.73,69.73,69.73,69.73,0.0
2010-01-04 14:30:00,INDEX:MMTW,82.27,82.27,82.27,82.27,0.0
2010-01-05 14:30:00,INDEX:MMTW,79.63,79.63,79.63,79.63,0.0
2010-01-06 14:30:00,INDEX:MMTW,77.11,77.11,77.11,77.11,0.0
2010-01-07 14:30:00,INDEX:MMTW,78.86,78.86,78.86,78.86,0.0
2010-01-08 14:30:00,INDEX:MMTW,79.65,79.65,79.65,79.65,0.0
2010-01-11 14:30:00,INDEX:MMTW,78.94,78.94,78.94,78.94,0.0
2010-01-12 14:30:00,INDEX:MMTW,70.14,70.14,70.14,70.14,0.0
2010-01-13 14:30:00,INDEX:MMTW,76.21,76.21,76.21,76.21,0.0
2010-01-14 14:30:00,INDEX:MMTW,76.74,76.74,76.74,76.74,0.0
2010-01-15 14:30:00,INDEX:MMTW,66.84,66.84,66.84,66.84,0.0
2010-01-19 14:30:00,INDEX:MMTW,74.59,74.59,74.59,74.59,0.0
2010-01-20 14:30:00,INDEX:MMTW,60.37,60.37,60.37,60.37,0.0
2010-01-21 14:30:00,INDEX:MMTW,44.56,44.56,44.56,44.56,0.0
2010-01-22 14:30:00,INDEX:MMTW,33.9,33.9,33.9,33.9,0.0
2010-01-25 14:30:00,INDEX:MMTW,33.92,33.92,33.92,33.92,0.0
2010-01-26 14:30:00,INDEX:MMTW,31.15,31.15,31.15,31.15,0.0
2010-01-27 14:30:00,INDEX:MMTW,31.72,31.72,31.72,31.72,0.0
2010-01-28 14:30:00,INDEX:MMTW,27.23,27.23,27.23,27.23,0.0
2010-01-29 14:30:00,INDEX:MMTW,23.87,23.87,23.87,23.87,0.0
2010-02-01 14:30:00,INDEX:MMTW,28.11,28.11,28.11,28.11,0.0
2010-02-02 14:30:00,INDEX:MMTW,35.45,35.45,35.45,35.45,0.0
2010-02-03 14:30:00,INDEX:MMTW,32.6,32.6,32.6,32.6,0.0
2010-02-04 14:30:00,INDEX:MMTW,20.36,20.36,20.36,20.36,0.0
2010-02-05 14:30:00,INDEX:MMTW,20.08,20.08,20.08,20.08,0.0
2010-02-08 14:30:00,INDEX:MMTW,19.53,19.53,19.53,19.53,0.0
2010-02-09 14:30:00,INDEX:MMTW,24.97,24.97,24.97,24.97,0.0
2010-02-10 14:30:00,INDEX:MMTW,26.4,26.4,26.4,26.4,0.0
2010-02-11 14:30:00,INDEX:MMTW,36.83,36.83,36.83,36.83,0.0
2010-02-12 14:30:00,INDEX:MMTW,42.01,42.01,42.01,42.01,0.0
2010-02-16 14:30:00,INDEX:MMTW,61.13,61.13,61.13,61.13,0.0
2010-02-17 14:30:00,INDEX:MMTW,69.28,69.28,69.28,69.28,0.0
2010-02-18 14:30:00,INDEX:MMTW,74.26,74.26,74.26,74.26,0.0
2010-02-19 14:30:00,INDEX:MMTW,74.99,74.99,74.99,74.99,0.0
2010-02-22 14:30:00,INDEX:MMTW,75.37,75.37,75.37,75.37,0.0
2010-02-23 14:30:00,INDEX:MMTW,67.8,67.8,67.8,67.8,0.0
2010-02-24 14:30:00,INDEX:MMTW,73.14,73.14,73.14,73.14,0.0
2010-02-25 14:30:00,INDEX:MMTW,71.82,71.82,71.82,71.82,0.0
2010-02-26 14:30:00,INDEX:MMTW,73.25,73.25,73.25,73.25,0.0
2010-03-01 14:30:00,INDEX:MMTW,81.11,81.11,81.11,81.11,0.0
2010-03-02 14:30:00,INDEX:MMTW,84.14,84.14,84.14,84.14,0.0
2010-03-03 14:30:00,INDEX:MMTW,85.02,85.02,85.02,85.02,0.0
2010-03-04 14:30:00,INDEX:MMTW,85.63,85.63,85.63,85.63,0.0
2010-03-05 14:30:00,INDEX:MMTW,88.28,88.28,88.28,88.28,0.0
2010-03-08 14:30:00,INDEX:MMTW,88.3,88.3,88.3,88.3,0.0
2010-03-09 14:30:00,INDEX:MMTW,87.32,87.32,87.32,87.32,0.0
2010-03-10 14:30:00,INDEX:MMTW,87.41,87.41,87.41,87.41,0.0
2010-03-11 14:30:00,INDEX:MMTW,86.77,86.77,86.77,86.77,0.0
2010-03-12 14:30:00,INDEX:MMTW,85.38,85.38,85.38,85.38,0.0
2010-03-15 13:30:00,INDEX:MMTW,81.25,81.25,81.25,81.25,0.0
2010-03-16 13:30:00,INDEX:MMTW,83.42,83.42,83.42,83.42,0.0
2010-03-17 13:30:00,INDEX:MMTW,84.03,84.03,84.03,84.03,0.0
2010-03-18 13:30:00,INDEX:MMTW,81.13,81.13,81.13,81.13,0.0
2010-03-19 13:30:00,INDEX:MMTW,73.85,73.85,73.85,73.85,0.0
2010-03-22 13:30:00,INDEX:MMTW,76.79,76.79,76.79,76.79,0.0
2010-03-23 13:30:00,INDEX:MMTW,79.49,79.49,79.49,79.49,0.0
2010-03-24 13:30:00,INDEX:MMTW,70.82,70.82,70.82,70.82,0.0
2010-03-25 13:30:00,INDEX:MMTW,72.71,74.85,65.01,65.08,0.0
2010-03-26 13:30:00,INDEX:MMTW,66.07,67.36,61.75,63.44,0.0
2010-03-29 13:30:00,INDEX:MMTW,65.47,66.84,64.09,66.84,0.0
2010-03-30 13:30:00,INDEX:MMTW,67.27,68.23,63.04,66.32,0.0
2010-03-31 13:30:00,INDEX:MMTW,62.73,66.68,60.41,60.62,0.0
2010-04-01 13:30:00,INDEX:MMTW,66.14,67.19,59.81,64.94,0.0
2010-04-05 13:30:00,INDEX:MMTW,66.55,74.12,66.55,74.1,0.0
2010-04-06 13:30:00,INDEX:MMTW,71.4,75.07,71.4,74.19,0.0
2010-04-07 13:30:00,INDEX:MMTW,73.27,73.58,67.49,70.24,0.0
2010-04-08 13:30:00,INDEX:MMTW,65.42,70.26,63.14,69.55,0.0
2010-04-09 13:30:00,INDEX:MMTW,70.92,71.85,67.78,71.85,0.0
2010-04-12 13:30:00,INDEX:MMTW,73.12,73.62,71.69,72.2,0.0
2010-04-13 13:30:00,INDEX:MMTW,70.96,72.02,67.46,71.83,0.0
2010-04-14 13:30:00,INDEX:MMTW,75.7,79.75,74.69,79.75,0.0
2010-04-15 13:30:00,INDEX:MMTW,79.64,80.08,78.32,79.05,0.0
2010-04-16 13:30:00,INDEX:MMTW,78.59,78.59,66.35,68.22,0.0
2010-04-19 13:30:00,INDEX:MMTW,62.81,66.6,54.93,64.83,0.0
2010-04-20 13:30:00,INDEX:MMTW,70.78,74.28,69.12,74.27,0.0
2010-04-21 13:30:00,INDEX:MMTW,74.16,74.66,70.55,73.69,0.0
2010-04-22 13:30:00,INDEX:MMTW,64.95,74.48,63.36,74.48,0.0
2010-04-23 13:30:00,INDEX:MMTW,73.62,77.96,72.16,77.96,0.0
2010-04-26 13:30:00,INDEX:MMTW,78.92,79.18,74.98,74.98,0.0
2010-04-27 13:30:00,INDEX:MMTW,70.95,73.2,55.5,55.63,0.0
2010-04-28 13:30:00,INDEX:MMTW,58.14,58.79,52.41,56.81,0.0
2010-04-29 13:30:00,INDEX:MMTW,61.95,66.92,59.91,66.91,0.0
2010-04-30 13:30:00,INDEX:MMTW,65.97,66.01,48.94,48.94,0.0
2010-05-03 13:30:00,INDEX:MMTW,53.31,61.35,53.31,61.33,0.0
2010-05-04 13:30:00,INDEX:MMTW,45.27,45.27,37.11,38.44,0.0
2010-05-05 13:30:00,INDEX:MMTW,28.51,33.19,25.2,28.44,0.0
2010-05-06 13:30:00,INDEX:MMTW,24.02,26.84,13.07,14.05,0.0
2010-05-07 13:30:00,INDEX:MMTW,11.85,14.32,9.91,9.95,0.0
2010-05-10 13:30:00,INDEX:MMTW,21.75,24.23,19.45,24.15,0.0
2010-05-11 13:30:00,INDEX:MMTW,19.97,32.72,19.97,28.79,0.0
2010-05-12 13:30:00,INDEX:MMTW,30.36,44.2,30.36,44.2,0.0
2010-05-13 13:30:00,INDEX:MMTW,41.81,46.45,38.67,40.77,0.0
2010-05-14 13:30:00,INDEX:MMTW,34.08,34.08,23.65,27.49,0.0
2010-05-17 13:30:00,INDEX:MMTW,29.46,29.46,20.14,27.11,0.0
2010-05-18 13:30:00,INDEX:MMTW,33.54,33.54,21.84,22.2,0.0
2010-05-19 13:30:00,INDEX:MMTW,18.27,20.07,14.43,17.17,0.0
2010-05-20 13:30:00,INDEX:MMTW,10.66,10.66,8.14,8.56,0.0
2010-05-21 13:30:00,INDEX:MMTW,6.14,10.24,6.14,10.14,0.0
2010-05-24 13:30:00,INDEX:MMTW,9.94,12.78,9.59,11.3,0.0
2010-05-25 13:30:00,INDEX:MMTW,6.32,10.22,6.01,10.22,0.0
2010-05-26 13:30:00,INDEX:MMTW,12.74,16.6,12.45,12.68,0.0
2010-05-27 13:30:00,INDEX:MMTW,20.32,31.15,19.35,31.13,0.0
2010-05-28 13:30:00,INDEX:MMTW,30.29,33.02,25.36,27.71,0.0
2010-06-01 13:30:00,INDEX:MMTW,23.84,32.36,21.25,21.31,0.0
2010-06-02 13:30:00,INDEX:MMTW,24.65,38.62,23.01,38.62,0.0
2010-06-03 13:30:00,INDEX:MMTW,45.47,47.76,37.43,45.23,0.0
2010-06-04 13:30:00,INDEX:MMTW,28.65,33.64,22.5,22.7,0.0
2010-06-07 13:30:00,INDEX:MMTW,22.58,24.74,19.12,19.35,0.0
2010-06-08 13:30:00,INDEX:MMTW,18.89,21.02,17.86,21.02,0.0
2010-06-09 13:30:00,INDEX:MMTW,24.61,29.76,22.76,23.07,0.0
2010-06-10 13:30:00,INDEX:MMTW,33.76,43.5,33.76,43.5,0.0
2010-06-11 13:30:00,INDEX:MMTW,38.71,55.63,38.71,55.63,0.0
2010-06-14 13:30:00,INDEX:MMTW,66.57,70.88,61.92,62.21,0.0
2010-06-15 13:30:00,INDEX:MMTW,69.15,77.92,69.09,77.49,0.0
2010-06-16 13:30:00,INDEX:MMTW,76.93,78.5,75.97,76.51,0.0
2010-06-17 13:30:00,INDEX:MMTW,81.79,81.79,74.35,77.28,0.0
2010-06-18 13:30:00,INDEX:MMTW,79.01,79.55,76.09,76.85,0.0
2010-06-21 13:30:00,INDEX:MMTW,83.25,83.25,71.89,72.34,0.0
2010-06-22 13:30:00,INDEX:MMTW,75.12,77.25,59.78,59.81,0.0
2010-06-23 13:30:00,INDEX:MMTW,56.4,61.19,48.49,55.62,0.0
2010-06-24 13:30:00,INDEX:MMTW,48.1,50.4,41.32,41.67,0.0
2010-06-25 13:30:00,INDEX:MMTW,41.66,54.54,41.13,54.26,0.0
2010-06-28 13:30:00,INDEX:MMTW,53.61,57.78,49.31,52.42,0.0
2010-06-29 13:30:00,INDEX:MMTW,35.62,35.62,25.67,27.43,0.0
2010-06-30 13:30:00,INDEX:MMTW,26.25,33.12,26.25,26.55,0.0
2010-07-01 13:30:00,INDEX:MMTW,24.47,25.62,19.3,24.96,0.0
2010-07-02 13:30:00,INDEX:MMTW,25.07,25.39,22.57,24.27,0.0
2010-07-06 13:30:00,INDEX:MMTW,28.93,32.29,23.54,23.85,0.0
2010-07-07 13:30:00,INDEX:MMTW,23.32,36.62,23.32,36.62,0.0
2010-07-08 13:30:00,INDEX:MMTW,40.32,43.05,36.12,43.05,0.0
2010-07-09 13:30:00,INDEX:MMTW,42.75,52.69,42.75,52.69,0.0
2010-07-12 13:30:00,INDEX:MMTW,52.0,55.21,44.34,48.74,0.0
2010-07-13 13:30:00,INDEX:MMTW,61.08,70.42,59.92,70.28,0.0
2010-07-14 13:30:00,INDEX:MMTW,69.49,73.06,65.68,70.36,0.0
2010-07-15 13:30:00,INDEX:MMTW,71.79,71.79,58.54,67.64,0.0
2010-07-16 13:30:00,INDEX:MMTW,61.34,61.34,41.36,41.56,0.0
2010-07-19 13:30:00,INDEX:MMTW,46.8,49.55,39.42,49.02,0.0
2010-07-20 13:30:00,INDEX:MMTW,38.73,65.1,38.73,65.1,0.0
2010-07-21 13:30:00,INDEX:MMTW,70.86,70.86,54.04,54.58,0.0
2010-07-22 13:30:00,INDEX:MMTW,68.13,76.44,68.13,76.2,0.0
2010-07-23 13:30:00,INDEX:MMTW,74.16,82.28,74.16,82.28,0.0
2010-07-26 13:30:00,INDEX:MMTW,83.5,86.89,83.0,86.88,0.0
2010-07-27 13:30:00,INDEX:MMTW,89.15,89.15,85.18,85.19,0.0
2010-07-28 13:30:00,INDEX:MMTW,86.05,86.05,80.58,81.51,0.0
2010-07-29 13:30:00,INDEX:MMTW,84.02,84.41,74.43,79.82,0.0
2010-07-30 13:30:00,INDEX:MMTW,71.03,80.69,71.03,79.15,0.0
2010-08-02 13:30:00,INDEX:MMTW,83.76,84.95,82.42,84.34,0.0
2010-08-03 13:30:00,INDEX:MMTW,81.84,83.38,78.41,80.04,0.0
2010-08-04 13:30:00,INDEX:MMTW,81.14,82.37,79.87,81.84,0.0
2010-08-05 13:30:00,INDEX:MMTW,77.26,80.02,77.26,77.4,0.0
2010-08-06 13:30:00,INDEX:MMTW,71.09,75.77,66.26,73.92,0.0
2010-08-09 13:30:00,INDEX:MMTW,74.55,77.61,72.92,77.5,0.0
2010-08-10 13:30:00,INDEX:MMTW,71.04,72.01,65.02,68.12,0.0
2010-08-11 13:30:00,INDEX:MMTW,43.05,46.12,37.62,38.38,0.0
2010-08-12 13:30:00,INDEX:MMTW,28.2,37.39,28.2,36.82,0.0
2010-08-13 13:30:00,INDEX:MMTW,32.53,37.25,32.53,35.61,0.0
2010-08-16 13:30:00,INDEX:MMTW,28.6,37.81,28.6,36.1,0.0
2010-08-17 13:30:00,INDEX:MMTW,38.17,48.45,38.03,45.32,0.0
2010-08-18 13:30:00,INDEX:MMTW,39.13,48.04,37.77,45.31,0.0
2010-08-19 13:30:00,INDEX:MMTW,39.74,40.86,31.72,33.31,0.0
2010-08-20 13:30:00,INDEX:MMTW,27.37,32.53,26.63,32.53,0.0
2010-08-23 13:30:00,INDEX:MMTW,33.53,36.21,30.07,30.09,0.0
2010-08-24 13:30:00,INDEX:MMTW,22.49,27.21,22.49,25.81,0.0
2010-08-25 13:30:00,INDEX:MMTW,20.96,28.87,20.96,28.87,0.0
2010-08-26 13:30:00,INDEX:MMTW,27.8,30.89,26.29,26.49,0.0
2010-08-27 13:30:00,INDEX:MMTW,26.8,38.47,24.15,38.47,0.0
2010-08-30 13:30:00,INDEX:MMTW,35.5,37.17,29.53,29.83,0.0
2010-08-31 13:30:00,INDEX:MMTW,26.33,34.43,25.49,31.9,0.0
2010-09-01 13:30:00,INDEX:MMTW,43.95,60.09,42.19,60.09,0.0
2010-09-02 13:30:00,INDEX:MMTW,61.79,69.74,61.71,69.74,0.0
2010-09-03 13:30:00,INDEX:MMTW,79.96,80.27,75.67,79.3,0.0
2010-09-07 13:30:00,INDEX:MMTW,78.94,78.94,69.66,70.25,0.0
2010-09-08 13:30:00,INDEX:MMTW,76.2,78.77,74.82,75.89,0.0
2010-09-09 13:30:00,INDEX:MMTW,82.9,82.9,75.01,77.44,0.0
2010-09-10 13:30:00,INDEX:MMTW,79.27,80.21,76.45,78.16,0.0
2010-09-13 13:30:00,INDEX:MMTW,82.57,84.14,81.87,84.14,0.0
2010-09-14 13:30:00,INDEX:MMTW,84.35,85.14,82.51,82.63,0.0
2010-09-15 13:30:00,INDEX:MMTW,82.68,83.02,80.52,81.12,0.0
2010-09-16 13:30:00,INDEX:MMTW,82.1,82.1,77.32,78.58,0.0
2010-09-17 13:30:00,INDEX:MMTW,82.6,82.6,77.6,79.11,0.0
2010-09-20 13:30:00,INDEX:MMTW,80.46,84.96,79.75,84.96,0.0
2010-09-21 13:30:00,INDEX:MMTW,85.89,85.89,82.35,82.45,0.0
2010-09-22 13:30:00,INDEX:MMTW,84.47,84.48,77.56,78.43,0.0
2010-09-23 13:30:00,INDEX:MMTW,72.16,79.55,69.03,69.81,0.0
2010-09-24 13:30:00,INDEX:MMTW,78.44,81.67,77.85,81.67,0.0
2010-09-27 13:30:00,INDEX:MMTW,81.75,81.75,77.96,78.12,0.0
2010-09-28 13:30:00,INDEX:MMTW,77.61,80.19,70.51,80.19,0.0
2010-09-29 13:30:00,INDEX:MMTW,77.96,80.27,76.76,78.5,0.0
2010-09-30 13:30:00,INDEX:MMTW,84.15,84.15,75.18,78.39,0.0
2010-10-01 13:30:00,INDEX:MMTW,79.81,79.81,79.81,79.81,0.0
2010-10-04 13:30:00,INDEX:MMTW,78.4,78.51,68.92,71.04,0.0
2010-10-05 13:30:00,INDEX:MMTW,77.48,82.12,75.9,81.67,0.0
2010-10-06 13:30:00,INDEX:MMTW,82.71,82.71,77.09,78.21,0.0
2010-10-07 13:30:00,INDEX:MMTW,81.06,81.06,73.61,76.05,0.0
2010-10-08 13:30:00,INDEX:MMTW,76.34,80.69,74.66,79.98,0.0
2010-10-11 13:30:00,INDEX:MMTW,80.01,80.62,78.73,79.68,0.0
2010-10-12 13:30:00,INDEX:MMTW,77.05,81.15,73.55,80.55,0.0
2010-10-13 13:30:00,INDEX:MMTW,82.25,83.93,81.28,83.69,0.0
2010-10-14 13:30:00,INDEX:MMTW,83.44,83.68,77.21,79.85,0.0
2010-10-15 13:30:00,INDEX:MMTW,83.06,83.06,74.58,75.4,0.0
2010-10-18 13:30:00,INDEX:MMTW,75.59,77.27,75.09,77.25,0.0
2010-10-19 13:30:00,INDEX:MMTW,68.91,72.97,58.81,62.73,0.0
2010-10-20 13:30:00,INDEX:MMTW,67.2,71.92,65.37,69.88,0.0
2010-10-21 13:30:00,INDEX:MMTW,71.9,74.8,59.95,65.44,0.0
2010-10-22 13:30:00,INDEX:MMTW,66.62,67.97,65.24,67.5,0.0
2010-10-25 13:30:00,INDEX:MMTW,74.62,75.24,68.79,68.85,0.0
2010-10-26 13:30:00,INDEX:MMTW,61.48,68.18,61.48,66.68,0.0
2010-10-27 13:30:00,INDEX:MMTW,58.64,60.1,50.26,57.95,0.0
2010-10-28 13:30:00,INDEX:MMTW,63.37,63.37,53.43,56.5,0.0
2010-10-29 13:30:00,INDEX:MMTW,53.73,59.28,53.73,58.49,0.0
2010-11-01 13:30:00,INDEX:MMTW,62.85,66.45,51.44,55.85,0.0
2010-11-02 13:30:00,INDEX:MMTW,65.51,67.76,61.75,67.76,0.0
2010-11-03 13:30:00,INDEX:MMTW,68.28,68.64,60.42,68.26,0.0
2010-11-04 13:30:00,INDEX:MMTW,76.08,78.27,75.38,78.27,0.0
2010-11-05 13:30:00,INDEX:MMTW,77.9,79.03,77.03,78.38,0.0
2010-11-08 14:30:00,INDEX:MMTW,77.05,77.05,74.32,76.33,0.0
2010-11-09 14:30:00,INDEX:MMTW,76.78,76.78,66.3,67.76,0.0
2010-11-10 14:30:00,INDEX:MMTW,67.81,70.29,62.98,70.29,0.0
2010-11-11 14:30:00,INDEX:MMTW,64.34,65.96,63.4,64.89,0.0
2010-11-12 14:30:00,INDEX:MMTW,59.73,61.04,50.7,51.88,0.0
2010-11-15 14:30:00,INDEX:MMTW,57.05,58.48,52.11,52.15,0.0
2010-11-16 14:30:00,INDEX:MMTW,39.06,39.93,28.52,31.73,0.0
2010-11-17 14:30:00,INDEX:MMTW,31.15,33.57,30.27,31.86,0.0
2010-11-18 14:30:00,INDEX:MMTW,43.84,50.08,43.03,47.61,0.0
2010-11-19 14:30:00,INDEX:MMTW,43.49,49.57,39.57,49.57,0.0
2010-11-22 14:30:00,INDEX:MMTW,43.59,48.21,39.23,48.17,0.0
2010-11-23 14:30:00,INDEX:MMTW,35.2,36.49,31.97,35.75,0.0
2010-11-24 14:30:00,INDEX:MMTW,46.62,51.85,44.59,51.85,0.0
2010-11-26 14:30:00,INDEX:MMTW,44.21,48.69,44.21,46.05,0.0
2010-11-29 14:30:00,INDEX:MMTW,38.84,43.84,32.52,43.58,0.0
2010-11-30 14:30:00,INDEX:MMTW,34.6,40.6,33.0,37.52,0.0
2010-12-01 14:30:00,INDEX:MMTW,54.32,54.98,52.25,53.69,0.0
2010-12-02 14:30:00,INDEX:MMTW,57.96,61.44,57.9,61.44,0.0
2010-12-03 14:30:00,INDEX:MMTW,61.7,66.03,60.77,66.0,0.0
2010-12-06 14:30:00,INDEX:MMTW,66.48,67.37,64.79,66.79,0.0
2010-12-07 14:30:00,INDEX:MMTW,75.69,75.69,68.06,68.15,0.0
2010-12-08 14:30:00,INDEX:MMTW,71.71,71.71,65.98,66.05,0.0
2010-12-09 14:30:00,INDEX:MMTW,71.65,71.65,66.27,67.69,0.0
2010-12-10 14:30:00,INDEX:MMTW,70.08,70.82,67.99,70.62,0.0
2010-12-13 14:30:00,INDEX:MMTW,74.93,74.93,69.88,70.58,0.0
2010-12-14 14:30:00,INDEX:MMTW,72.69,72.69,67.82,68.23,0.0
2010-12-15 14:30:00,INDEX:MMTW,66.91,67.86,61.58,61.84,0.0
2010-12-16 14:30:00,INDEX:MMTW,62.69,63.96,60.02,63.94,0.0
2010-12-17 14:30:00,INDEX:MMTW,65.5,65.5,61.3,63.8,0.0
2010-12-20 14:30:00,INDEX:MMTW,67.79,67.79,61.6,62.18,0.0
2010-12-21 14:30:00,INDEX:MMTW,66.07,67.17,64.88,67.17,0.0
2010-12-22 14:30:00,INDEX:MMTW,68.78,68.78,66.99,67.44,0.0
2010-12-23 14:30:00,INDEX:MMTW,68.08,68.4,66.72,67.64,0.0
2010-12-27 14:30:00,INDEX:MMTW,65.91,67.82,63.93,67.66,0.0
2010-12-28 14:30:00,INDEX:MMTW,68.27,68.27,65.49,66.31,0.0
2010-12-29 14:30:00,INDEX:MMTW,67.55,68.14,65.97,68.14,0.0
2010-12-30 14:30:00,INDEX:MMTW,67.17,69.35,66.65,67.86,0.0
2010-12-31 14:30:00,INDEX:MMTW,68.84,71.92,68.21,69.15,0.0
2011-01-03 14:30:00,INDEX:MMTW,77.18,80.97,77.18,79.75,0.0
2011-01-04 14:30:00,INDEX:MMTW,81.09,81.09,63.99,70.16,0.0
2011-01-05 14:30:00,INDEX:MMTW,65.02,72.81,65.02,72.81,0.0
2011-01-06 14:30:00,INDEX:MMTW,71.68,72.03,65.85,68.07,0.0
2011-01-07 14:30:00,INDEX:MMTW,67.77,68.35,55.5,63.08,0.0
2011-01-10 14:30:00,INDEX:MMTW,53.07,62.96,52.89,61.68,0.0
2011-01-11 14:30:00,INDEX:MMTW,65.27,66.67,62.39,65.4,0.0
2011-01-12 14:30:00,INDEX:MMTW,68.6,70.49,67.44,70.49,0.0
2011-01-13 14:30:00,INDEX:MMTW,68.89,69.5,65.81,67.19,0.0
2011-01-14 14:30:00,INDEX:MMTW,64.18,69.76,64.18,69.66,0.0
2011-01-18 14:30:00,INDEX:MMTW,68.23,68.37,64.97,68.35,0.0
2011-01-19 14:30:00,INDEX:MMTW,67.12,67.12,52.74,53.37,0.0
2011-01-20 14:30:00,INDEX:MMTW,41.33,47.27,40.5,41.86,0.0
2011-01-21 14:30:00,INDEX:MMTW,46.54,46.54,40.19,40.21,0.0
2011-01-24 14:30:00,INDEX:MMTW,40.03,47.52,39.59,46.43,0.0
2011-01-25 14:30:00,INDEX:MMTW,42.82,47.64,40.18,47.44,0.0
2011-01-26 14:30:00,INDEX:MMTW,49.14,57.83,46.65,57.8,0.0
2011-01-27 14:30:00,INDEX:MMTW,56.59,59.25,53.16,58.49,0.0
2011-01-28 14:30:00,INDEX:MMTW,56.82,56.82,38.35,38.47,0.0
2011-01-31 14:30:00,INDEX:MMTW,40.32,45.23,37.56,43.27,0.0
2011-02-01 14:30:00,INDEX:MMTW,48.08,59.56,48.08,59.26,0.0
2011-02-02 14:30:00,INDEX:MMTW,56.72,59.67,55.07,55.57,0.0
2011-02-03 14:30:00,INDEX:MMTW,55.32,57.99,48.45,57.99,0.0
2011-02-04 14:30:00,INDEX:MMTW,58.26,58.26,52.0,57.36,0.0
2011-02-07 14:30:00,INDEX:MMTW,59.22,65.07,59.22,63.64,0.0
2011-02-08 14:30:00,INDEX:MMTW,63.73,66.26,61.07,66.26,0.0
2011-02-09 14:30:00,INDEX:MMTW,64.36,64.6,59.41,62.07,0.0
2011-02-10 14:30:00,INDEX:MMTW,58.51,62.44,57.77,62.15,0.0
2011-02-11 14:30:00,INDEX:MMTW,59.92,68.14,59.42,68.14,0.0
2011-02-14 14:30:00,INDEX:MMTW,70.02,70.8,69.0,70.06,0.0
2011-02-15 14:30:00,INDEX:MMTW,70.45,70.59,66.63,67.11,0.0
2011-02-16 14:30:00,INDEX:MMTW,71.97,71.97,68.59,71.39,0.0
2011-02-17 14:30:00,INDEX:MMTW,72.55,74.05,70.64,73.58,0.0
2011-02-18 14:30:00,INDEX:MMTW,76.43,76.43,71.12,72.22,0.0
2011-02-22 14:30:00,INDEX:MMTW,61.79,65.93,50.05,50.09,0.0
2011-02-23 14:30:00,INDEX:MMTW,49.16,50.47,36.17,38.86,0.0
2011-02-24 14:30:00,INDEX:MMTW,36.67,43.44,35.01,41.65,0.0
2011-02-25 14:30:00,INDEX:MMTW,46.2,57.88,45.02,57.88,0.0
2011-02-28 14:30:00,INDEX:MMTW,62.02,62.5,53.3,57.2,0.0
2011-03-01 14:30:00,INDEX:MMTW,59.39,59.39,41.82,42.85,0.0
2011-03-02 14:30:00,INDEX:MMTW,41.58,46.87,39.52,44.55,0.0
2011-03-03 14:30:00,INDEX:MMTW,56.27,61.73,55.24,61.59,0.0
2011-03-04 14:30:00,INDEX:MMTW,60.4,60.4,48.79,53.79,0.0
2011-03-07 14:30:00,INDEX:MMTW,56.91,57.24,36.68,40.55,0.0
2011-03-08 14:30:00,INDEX:MMTW,40.81,55.8,38.74,53.63,0.0
2011-03-09 14:30:00,INDEX:MMTW,50.97,53.66,48.16,49.88,0.0
2011-03-10 14:30:00,INDEX:MMTW,34.11,34.48,29.07,29.24,0.0
2011-03-11 14:30:00,INDEX:MMTW,16.66,31.99,16.66,31.99,0.0
2011-03-14 13:30:00,INDEX:MMTW,26.51,29.57,22.36,27.52,0.0
2011-03-15 13:30:00,INDEX:MMTW,11.72,23.89,11.72,20.66,0.0
2011-03-16 13:30:00,INDEX:MMTW,19.51,22.96,15.07,15.88,0.0
2011-03-17 13:30:00,INDEX:MMTW,21.92,23.01,19.42,20.92,0.0
2011-03-18 13:30:00,INDEX:MMTW,28.1,30.17,26.22,29.69,0.0
2011-03-21 13:30:00,INDEX:MMTW,43.62,50.46,43.62,50.46,0.0
2011-03-22 13:30:00,INDEX:MMTW,53.41,53.41,45.93,47.33,0.0
2011-03-23 13:30:00,INDEX:MMTW,43.85,49.9,38.18,48.36,0.0
2011-03-24 13:30:00,INDEX:MMTW,53.9,58.26,48.55,56.91,0.0
2011-03-25 13:30:00,INDEX:MMTW,61.81,69.45,59.09,62.26,0.0
2011-03-28 13:30:00,INDEX:MMTW,66.7,67.35,59.22,59.24,0.0
2011-03-29 13:30:00,INDEX:MMTW,60.13,66.57,56.75,66.57,0.0
2011-03-30 13:30:00,INDEX:MMTW,73.14,74.73,71.83,74.37,0.0
2011-03-31 13:30:00,INDEX:MMTW,78.15,78.15,74.23,76.43,0.0
2011-04-01 13:30:00,INDEX:MMTW,82.84,82.84,76.87,78.4,0.0
2011-04-04 13:30:00,INDEX:MMTW,83.37,83.37,77.07,78.54,0.0
2011-04-05 13:30:00,INDEX:MMTW,79.35,80.9,78.23,79.68,0.0
2011-04-06 13:30:00,INDEX:MMTW,84.19,84.19,80.48,81.9,0.0
2011-04-07 13:30:00,INDEX:MMTW,83.61,83.61,77.93,78.39,0.0
2011-04-08 13:30:00,INDEX:MMTW,82.29,82.29,68.34,70.3,0.0
2011-04-11 13:30:00,INDEX:MMTW,71.86,71.86,61.48,61.48,0.0
2011-04-12 13:30:00,INDEX:MMTW,52.14,54.83,46.19,46.93,0.0
2011-04-13 13:30:00,INDEX:MMTW,50.79,50.79,40.5,44.23,0.0
2011-04-14 13:30:00,INDEX:MMTW,35.98,45.22,35.0,45.22,0.0
2011-04-15 13:30:00,INDEX:MMTW,44.14,50.91,42.55,50.85,0.0
2011-04-18 13:30:00,INDEX:MMTW,33.43,35.19,30.96,35.13,0.0
2011-04-19 13:30:00,INDEX:MMTW,38.73,38.94,33.48,37.49,0.0
2011-04-20 13:30:00,INDEX:MMTW,51.05,52.68,48.52,52.6,0.0
2011-04-21 13:30:00,INDEX:MMTW,57.83,57.83,52.96,57.26,0.0
2011-04-25 13:30:00,INDEX:MMTW,57.47,57.47,50.72,54.42,0.0
2011-04-26 13:30:00,INDEX:MMTW,57.86,64.98,55.99,61.76,0.0
2011-04-27 13:30:00,INDEX:MMTW,63.67,64.83,59.08,64.83,0.0
2011-04-28 13:30:00,INDEX:MMTW,65.96,66.26,63.62,66.02,0.0
2011-04-29 13:30:00,INDEX:MMTW,69.59,69.59,66.0,68.31,0.0
2011-05-02 13:30:00,INDEX:MMTW,71.69,71.69,59.19,59.43,0.0
2011-05-03 13:30:00,INDEX:MMTW,59.14,59.14,48.14,50.46,0.0
2011-05-04 13:30:00,INDEX:MMTW,50.95,50.95,40.19,41.98,0.0
2011-05-05 13:30:00,INDEX:MMTW,38.49,45.96,37.29,38.64,0.0
2011-05-06 13:30:00,INDEX:MMTW,49.26,49.93,40.15,42.08,0.0
2011-05-09 13:30:00,INDEX:MMTW,43.11,48.98,41.67,48.79,0.0
2011-05-10 13:30:00,INDEX:MMTW,54.52,61.13,54.02,61.12,0.0
2011-05-11 13:30:00,INDEX:MMTW,57.46,58.21,46.08,48.2,0.0
2011-05-12 13:30:00,INDEX:MMTW,42.92,53.32,40.29,53.32,0.0
2011-05-13 13:30:00,INDEX:MMTW,52.97,52.97,41.68,41.8,0.0
2011-05-16 13:30:00,INDEX:MMTW,37.28,42.9,33.64,33.64,0.0
2011-05-17 13:30:00,INDEX:MMTW,28.36,31.11,27.02,30.31,0.0
2011-05-18 13:30:00,INDEX:MMTW,29.53,39.27,29.53,39.24,0.0
2011-05-19 13:30:00,INDEX:MMTW,43.8,43.8,35.81,41.15,0.0
2011-05-20 13:30:00,INDEX:MMTW,37.76,39.01,32.12,34.98,0.0
2011-05-23 13:30:00,INDEX:MMTW,22.64,25.96,22.64,23.82,0.0
2011-05-24 13:30:00,INDEX:MMTW,24.1,27.02,21.76,22.5,0.0
2011-05-25 13:30:00,INDEX:MMTW,19.93,30.73,19.93,29.19,0.0
2011-05-26 13:30:00,INDEX:MMTW,27.84,39.07,27.13,38.98,0.0
2011-05-27 13:30:00,INDEX:MMTW,45.25,49.4,44.36,47.87,0.0
2011-05-31 13:30:00,INDEX:MMTW,61.02,61.97,52.73,61.92,0.0
2011-06-01 13:30:00,INDEX:MMTW,62.93,62.93,34.87,35.04,0.0
2011-06-02 13:30:00,INDEX:MMTW,38.75,38.94,30.47,35.52,0.0
2011-06-03 13:30:00,INDEX:MMTW,24.7,31.32,24.7,25.93,0.0
2011-06-06 13:30:00,INDEX:MMTW,25.79,25.79,17.5,17.55,0.0
2011-06-07 13:30:00,INDEX:MMTW,21.42,24.66,19.66,20.48,0.0
2011-06-08 13:30:00,INDEX:MMTW,18.74,20.6,16.93,17.8,0.0
2011-06-09 13:30:00,INDEX:MMTW,17.76,24.89,17.76,22.97,0.0
2011-06-10 13:30:00,INDEX:MMTW,19.29,19.38,15.95,16.78,0.0
2011-06-13 13:30:00,INDEX:MMTW,17.25,18.82,13.87,15.62,0.0
2011-06-14 13:30:00,INDEX:MMTW,20.23,28.16,20.18,26.81,0.0
2011-06-15 13:30:00,INDEX:MMTW,18.08,22.36,15.05,16.43,0.0
2011-06-16 13:30:00,INDEX:MMTW,15.62,22.99,15.62,20.39,0.0
2011-06-17 13:30:00,INDEX:MMTW,24.83,29.12,22.67,24.85,0.0
2011-06-20 13:30:00,INDEX:MMTW,23.93,33.05,23.93,31.77,0.0
2011-06-21 13:30:00,INDEX:MMTW,37.1,49.53,37.1,49.43,0.0
2011-06-22 13:30:00,INDEX:MMTW,48.27,54.03,43.85,43.87,0.0
2011-06-23 13:30:00,INDEX:MMTW,27.27,43.93,24.84,43.89,0.0
2011-06-24 13:30:00,INDEX:MMTW,47.48,48.26,38.32,40.79,0.0
2011-06-27 13:30:00,INDEX:MMTW,41.73,51.56,41.73,50.46,0.0
2011-06-28 13:30:00,INDEX:MMTW,55.59,65.32,55.59,65.32,0.0
2011-06-29 13:30:00,INDEX:MMTW,73.56,73.88,68.42,72.24,0.0
2011-06-30 13:30:00,INDEX:MMTW,78.62,79.83,78.62,79.11,0.0
2011-07-01 13:30:00,INDEX:MMTW,81.87,85.41,81.12,85.4,0.0
2011-07-05 13:30:00,INDEX:MMTW,86.77,86.77,83.44,84.28,0.0
2011-07-06 13:30:00,INDEX:MMTW,85.28,85.5,82.75,84.36,0.0
2011-07-07 13:30:00,INDEX:MMTW,89.03,89.14,88.35,88.9,0.0
2011-07-08 13:30:00,INDEX:MMTW,87.04,87.21,83.86,85.52,0.0
2011-07-11 13:30:00,INDEX:MMTW,79.53,79.53,69.44,70.36,0.0
2011-07-12 13:30:00,INDEX:MMTW,66.02,72.52,65.51,65.61,0.0
2011-07-13 13:30:00,INDEX:MMTW,70.25,77.64,68.18,70.63,0.0
2011-07-14 13:30:00,INDEX:MMTW,69.28,71.87,54.44,54.69,0.0
2011-07-15 13:30:00,INDEX:MMTW,55.85,56.8,51.55,56.76,0.0
2011-07-18 13:30:00,INDEX:MMTW,47.49,48.94,37.52,40.51,0.0
2011-07-19 13:30:00,INDEX:MMTW,46.61,55.74,46.61,55.73,0.0
2011-07-20 13:30:00,INDEX:MMTW,54.77,56.18,51.51,54.37,0.0
2011-07-21 13:30:00,INDEX:MMTW,57.22,65.36,57.22,64.96,0.0
2011-07-22 13:30:00,INDEX:MMTW,63.26,63.26,56.89,61.08,0.0
2011-07-25 13:30:00,INDEX:MMTW,46.94,54.43,46.94,47.88,0.0
2011-07-26 13:30:00,INDEX:MMTW,46.17,46.17,40.78,41.2,0.0
2011-07-27 13:30:00,INDEX:MMTW,34.1,34.1,22.35,22.38,0.0
2011-07-28 13:30:00,INDEX:MMTW,22.57,28.37,22.18,23.17,0.0
2011-07-29 13:30:00,INDEX:MMTW,15.21,24.36,14.58,22.18,0.0
2011-08-01 13:30:00,INDEX:MMTW,30.35,30.35,19.89,23.0,0.0
2011-08-02 13:30:00,INDEX:MMTW,18.24,23.22,14.32,14.32,0.0
2011-08-03 13:30:00,INDEX:MMTW,13.66,17.48,10.76,17.48,0.0
2011-08-04 13:30:00,INDEX:MMTW,11.92,13.14,6.68,6.72,0.0
2011-08-05 13:30:00,INDEX:MMTW,6.86,7.54,4.11,6.22,0.0
2011-08-08 13:30:00,INDEX:MMTW,2.96,4.11,1.81,1.82,0.0
2011-08-09 13:30:00,INDEX:MMTW,1.69,6.5,1.58,6.5,0.0
2011-08-10 13:30:00,INDEX:MMTW,2.99,5.44,2.99,3.6,0.0
2011-08-11 13:30:00,INDEX:MMTW,3.87,8.56,3.5,7.65,0.0
2011-08-12 13:30:00,INDEX:MMTW,10.64,10.64,7.75,8.64,0.0
2011-08-15 13:30:00,INDEX:MMTW,13.07,17.55,12.54,17.55,0.0
2011-08-16 13:30:00,INDEX:MMTW,12.61,15.94,11.91,14.41,0.0
2011-08-17 13:30:00,INDEX:MMTW,19.28,21.14,14.83,17.08,0.0
2011-08-18 13:30:00,INDEX:MMTW,8.79,9.31,7.02,8.21,0.0
2011-08-19 13:30:00,INDEX:MMTW,6.2,10.0,6.2,6.98,0.0
2011-08-22 13:30:00,INDEX:MMTW,11.68,11.68,7.85,8.38,0.0
2011-08-23 13:30:00,INDEX:MMTW,8.77,20.76,8.57,20.73,0.0
2011-08-24 13:30:00,INDEX:MMTW,22.42,29.87,19.56,29.87,0.0
2011-08-25 13:30:00,INDEX:MMTW,41.5,41.5,19.97,20.29,0.0
2011-08-26 13:30:00,INDEX:MMTW,19.77,37.09,16.28,36.52,0.0
2011-08-29 13:30:00,INDEX:MMTW,57.49,71.76,57.46,71.76,0.0
2011-08-30 13:30:00,INDEX:MMTW,73.79,78.63,68.01,77.05,0.0
2011-08-31 13:30:00,INDEX:MMTW,86.86,86.86,77.49,80.84,0.0
2011-09-01 13:30:00,INDEX:MMTW,85.89,85.89,67.31,67.6,0.0
2011-09-02 13:30:00,INDEX:MMTW,53.77,56.5,40.2,42.06,0.0
2011-09-06 13:30:00,INDEX:MMTW,17.9,32.93,17.9,32.84,0.0
2011-09-07 13:30:00,INDEX:MMTW,47.34,65.78,47.34,65.76,0.0
2011-09-08 13:30:00,INDEX:MMTW,60.66,65.54,44.5,46.95,0.0
2011-09-09 13:30:00,INDEX:MMTW,33.78,38.96,21.5,25.2,0.0
2011-09-12 13:30:00,INDEX:MMTW,18.21,28.68,17.3,28.68,0.0
2011-09-13 13:30:00,INDEX:MMTW,33.46,42.54,29.26,42.24,0.0
2011-09-14 13:30:00,INDEX:MMTW,51.6,64.73,39.73,58.57,0.0
2011-09-15 13:30:00,INDEX:MMTW,67.59,68.16,57.82,68.1,0.0
2011-09-16 13:30:00,INDEX:MMTW,72.2,72.74,62.89,67.12,0.0
2011-09-19 13:30:00,INDEX:MMTW,49.72,54.31,42.93,50.15,0.0
2011-09-20 13:30:00,INDEX:MMTW,53.89,56.7,39.03,39.09,0.0
2011-09-21 13:30:00,INDEX:MMTW,39.29,40.0,21.19,21.28,0.0
2011-09-22 13:30:00,INDEX:MMTW,8.46,12.29,7.52,9.81,0.0
2011-09-23 13:30:00,INDEX:MMTW,9.69,14.37,9.41,14.37,0.0
2011-09-26 13:30:00,INDEX:MMTW,16.02,21.93,11.84,21.9,0.0
2011-09-27 13:30:00,INDEX:MMTW,37.13,48.58,31.21,35.96,0.0
2011-09-28 13:30:00,INDEX:MMTW,37.4,40.44,17.7,17.93,0.0
2011-09-29 13:30:00,INDEX:MMTW,31.29,33.0,16.63,29.14,0.0
2011-09-30 13:30:00,INDEX:MMTW,20.59,28.92,18.21,18.21,0.0
2011-10-03 13:30:00,INDEX:MMTW,13.23,20.65,6.06,6.06,0.0
2011-10-04 13:30:00,INDEX:MMTW,3.98,23.45,3.98,23.44,0.0
2011-10-05 13:30:00,INDEX:MMTW,21.71,33.94,20.7,32.5,0.0
2011-10-06 13:30:00,INDEX:MMTW,33.03,48.51,30.8,48.51,0.0
2011-10-07 13:30:00,INDEX:MMTW,50.26,51.7,32.55,34.26,0.0
2011-10-10 13:30:00,INDEX:MMTW,51.29,62.78,51.17,62.78,0.0
2011-10-11 13:30:00,INDEX:MMTW,59.41,66.63,59.41,65.77,0.0
2011-10-12 13:30:00,INDEX:MMTW,75.18,78.15,75.14,75.83,0.0
2011-10-13 13:30:00,INDEX:MMTW,76.82,77.91,70.69,77.31,0.0
2011-10-14 13:30:00,INDEX:MMTW,86.53,86.53,80.98,84.9,0.0
2011-10-17 13:30:00,INDEX:MMTW,85.89,85.89,72.72,72.72,0.0
2011-10-18 13:30:00,INDEX:MMTW,77.39,84.27,68.5,83.46,0.0
2011-10-19 13:30:00,INDEX:MMTW,86.24,86.24,75.61,75.75,0.0
2011-10-20 13:30:00,INDEX:MMTW,76.38,76.38,62.27,74.72,0.0
2011-10-21 13:30:00,INDEX:MMTW,83.46,83.67,78.43,82.29,0.0
2011-10-24 13:30:00,INDEX:MMTW,86.93,89.71,86.62,89.71,0.0
2011-10-25 13:30:00,INDEX:MMTW,89.14,89.14,81.21,81.23,0.0
2011-10-26 13:30:00,INDEX:MMTW,88.91,88.91,78.68,85.38,0.0
2011-10-27 13:30:00,INDEX:MMTW,92.96,92.96,90.71,91.76,0.0
2011-10-28 13:30:00,INDEX:MMTW,92.81,92.81,90.8,91.0,0.0
2011-10-31 13:30:00,INDEX:MMTW,88.48,88.48,84.01,84.04,0.0
2011-11-01 13:30:00,INDEX:MMTW,57.84,71.18,57.65,57.65,0.0
2011-11-02 13:30:00,INDEX:MMTW,69.41,73.25,63.94,72.08,0.0
2011-11-03 13:30:00,INDEX:MMTW,75.61,80.14,65.41,80.14,0.0
2011-11-04 13:30:00,INDEX:MMTW,74.8,75.03,69.57,74.32,0.0
2011-11-07 14:30:00,INDEX:MMTW,72.94,73.08,60.73,71.93,0.0
2011-11-08 14:30:00,INDEX:MMTW,74.97,76.94,65.55,76.91,0.0
2011-11-09 14:30:00,INDEX:MMTW,60.82,61.39,41.99,42.08,0.0
2011-11-10 14:30:00,INDEX:MMTW,51.91,51.91,40.24,47.71,0.0
2011-11-11 14:30:00,INDEX:MMTW,57.34,66.43,57.34,66.07,0.0
2011-11-14 14:30:00,INDEX:MMTW,61.29,61.29,48.88,52.0,0.0
2011-11-15 14:30:00,INDEX:MMTW,46.88,60.96,43.42,59.49,0.0
2011-11-16 14:30:00,INDEX:MMTW,45.99,57.45,43.27,43.27,0.0
2011-11-17 14:30:00,INDEX:MMTW,39.17,43.72,27.64,29.88,0.0
2011-11-18 14:30:00,INDEX:MMTW,30.11,32.51,27.38,30.78,0.0
2011-11-21 14:30:00,INDEX:MMTW,17.83,19.33,15.43,17.89,0.0
2011-11-22 14:30:00,INDEX:MMTW,15.16,18.38,14.33,16.45,0.0
2011-11-23 14:30:00,INDEX:MMTW,10.68,11.7,10.26,10.26,0.0
2011-11-25 14:30:00,INDEX:MMTW,7.73,10.69,7.73,8.95,0.0
2011-11-28 14:30:00,INDEX:MMTW,16.36,21.76,16.36,21.71,0.0
2011-11-29 14:30:00,INDEX:MMTW,19.46,24.76,19.46,22.44,0.0
2011-11-30 14:30:00,INDEX:MMTW,48.71,63.69,48.71,63.69,0.0
2011-12-01 14:30:00,INDEX:MMTW,61.71,66.96,57.36,57.36,0.0
2011-12-02 14:30:00,INDEX:MMTW,71.3,72.06,62.68,63.26,0.0
2011-12-05 14:30:00,INDEX:MMTW,75.02,76.47,69.8,72.97,0.0
2011-12-06 14:30:00,INDEX:MMTW,75.73,75.73,69.68,73.19,0.0
2011-12-07 14:30:00,INDEX:MMTW,71.47,74.58,64.76,73.32,0.0
2011-12-08 14:30:00,INDEX:MMTW,68.94,69.39,47.23,47.23,0.0
2011-12-09 14:30:00,INDEX:MMTW,55.86,71.48,54.91,70.28,0.0
2011-12-12 14:30:00,INDEX:MMTW,58.35,58.35,49.74,57.44,0.0
2011-12-13 14:30:00,INDEX:MMTW,67.99,68.61,39.36,41.54,0.0
2011-12-14 14:30:00,INDEX:MMTW,38.14,40.71,32.4,36.3,0.0
2011-12-15 14:30:00,INDEX:MMTW,46.68,46.68,40.29,44.52,0.0
2011-12-16 14:30:00,INDEX:MMTW,51.57,57.41,45.89,48.23,0.0
2011-12-19 14:30:00,INDEX:MMTW,56.83,56.83,34.86,35.29,0.0
2011-12-20 14:30:00,INDEX:MMTW,53.09,63.03,53.09,62.99,0.0
2011-12-21 14:30:00,INDEX:MMTW,59.33,63.24,53.24,63.24,0.0
2011-12-22 14:30:00,INDEX:MMTW,64.33,68.37,64.28,67.57,0.0
2011-12-23 14:30:00,INDEX:MMTW,68.12,68.12,65.43,67.59,0.0
2011-12-27 14:30:00,INDEX:MMTW,65.12,67.64,63.86,65.73,0.0
2011-12-28 14:30:00,INDEX:MMTW,63.35,63.35,47.95,47.95,0.0
2011-12-29 14:30:00,INDEX:MMTW,53.39,59.87,53.39,59.8,0.0
2011-12-30 14:30:00,INDEX:MMTW,58.65,62.18,58.65,59.61,0.0
2012-01-03 14:30:00,INDEX:MMTW,79.73,80.22,73.44,76.03,0.0
2012-01-04 14:30:00,INDEX:MMTW,74.58,74.58,69.0,71.45,0.0
2012-01-05 14:30:00,INDEX:MMTW,67.19,74.05,61.58,74.05,0.0
2012-01-06 14:30:00,INDEX:MMTW,73.07,75.17,68.43,70.81,0.0
2012-01-09 14:30:00,INDEX:MMTW,73.77,73.77,67.95,71.3,0.0
2012-01-10 14:30:00,INDEX:MMTW,80.27,80.58,78.23,79.36,0.0
2012-01-11 14:30:00,INDEX:MMTW,76.2,79.02,75.17,78.91,0.0
2012-01-12 14:30:00,INDEX:MMTW,80.43,80.43,74.32,79.31,0.0
2012-01-13 14:30:00,INDEX:MMTW,71.24,73.66,68.23,72.94,0.0
2012-01-17 14:30:00,INDEX:MMTW,78.36,78.64,71.08,71.74,0.0
2012-01-18 14:30:00,INDEX:MMTW,69.65,79.7,69.65,79.62,0.0
2012-01-19 14:30:00,INDEX:MMTW,79.21,79.73,77.76,78.43,0.0
2012-01-20 14:30:00,INDEX:MMTW,76.93,79.63,76.93,79.56,0.0
2012-01-23 14:30:00,INDEX:MMTW,79.12,81.14,75.27,77.72,0.0
2012-01-24 14:30:00,INDEX:MMTW,73.99,78.33,71.68,78.08,0.0
2012-01-25 14:30:00,INDEX:MMTW,76.33,82.02,74.86,81.97,0.0
2012-01-26 14:30:00,INDEX:MMTW,83.87,83.87,77.59,79.19,0.0
2012-01-27 14:30:00,INDEX:MMTW,76.28,79.58,75.85,79.22,0.0
2012-01-30 14:30:00,INDEX:MMTW,70.75,74.62,67.79,72.57,0.0
2012-01-31 14:30:00,INDEX:MMTW,75.78,75.78,67.34,71.36,0.0
2012-02-01 14:30:00,INDEX:MMTW,75.62,80.64,74.64,80.3,0.0
2012-02-02 14:30:00,INDEX:MMTW,79.56,81.44,78.15,79.75,0.0
2012-02-03 14:30:00,INDEX:MMTW,84.69,85.44,83.6,85.1,0.0
2012-02-06 14:30:00,INDEX:MMTW,82.56,83.83,82.08,82.88,0.0
2012-02-07 14:30:00,INDEX:MMTW,80.97,83.77,79.14,82.33,0.0
2012-02-08 14:30:00,INDEX:MMTW,83.24,83.67,78.37,82.17,0.0
2012-02-09 14:30:00,INDEX:MMTW,83.03,83.03,77.08,78.15,0.0
2012-02-10 14:30:00,INDEX:MMTW,67.86,69.35,65.24,65.34,0.0
2012-02-13 14:30:00,INDEX:MMTW,72.99,72.99,67.77,72.41,0.0
2012-02-14 14:30:00,INDEX:MMTW,67.18,67.18,60.06,64.34,0.0
2012-02-15 14:30:00,INDEX:MMTW,67.11,67.11,55.29,57.38,0.0
2012-02-16 14:30:00,INDEX:MMTW,57.41,70.55,57.3,70.53,0.0
2012-02-17 14:30:00,INDEX:MMTW,73.13,73.13,69.03,70.93,0.0
2012-02-21 14:30:00,INDEX:MMTW,71.17,71.17,62.51,64.04,0.0
2012-02-22 14:30:00,INDEX:MMTW,62.18,62.38,55.85,55.91,0.0
2012-02-23 14:30:00,INDEX:MMTW,55.7,65.51,52.62,65.51,0.0
2012-02-24 14:30:00,INDEX:MMTW,66.55,66.55,61.25,61.64,0.0
2012-02-27 14:30:00,INDEX:MMTW,50.02,61.31,46.48,58.56,0.0
2012-02-28 14:30:00,INDEX:MMTW,57.02,59.62,52.66,55.44,0.0
2012-02-29 14:30:00,INDEX:MMTW,57.33,59.11,44.13,44.2,0.0
2012-03-01 14:30:00,INDEX:MMTW,48.86,54.01,46.88,48.54,0.0
2012-03-02 14:30:00,INDEX:MMTW,48.14,48.14,38.58,40.01,0.0
2012-03-05 14:30:00,INDEX:MMTW,36.78,37.73,33.24,37.32,0.0
2012-03-06 14:30:00,INDEX:MMTW,26.94,26.94,22.71,23.52,0.0
2012-03-07 14:30:00,INDEX:MMTW,23.3,30.86,22.87,30.61,0.0
2012-03-08 14:30:00,INDEX:MMTW,36.63,41.9,31.37,41.61,0.0
2012-03-09 14:30:00,INDEX:MMTW,41.93,55.29,41.93,51.86,0.0
2012-03-12 13:30:00,INDEX:MMTW,50.69,50.69,46.1,49.12,0.0
2012-03-13 13:30:00,INDEX:MMTW,55.71,66.57,55.04,66.57,0.0
2012-03-14 13:30:00,INDEX:MMTW,66.17,66.17,57.91,58.39,0.0
2012-03-15 13:30:00,INDEX:MMTW,58.57,63.87,56.77,63.87,0.0
2012-03-16 13:30:00,INDEX:MMTW,66.94,66.94,63.78,64.45,0.0
2012-03-19 13:30:00,INDEX:MMTW,63.92,73.62,63.92,69.94,0.0
2012-03-20 13:30:00,INDEX:MMTW,62.9,65.48,60.02,62.79,0.0
2012-03-21 13:30:00,INDEX:MMTW,64.58,65.65,60.31,62.81,0.0
2012-03-22 13:30:00,INDEX:MMTW,51.78,54.95,48.05,52.57,0.0
2012-03-23 13:30:00,INDEX:MMTW,52.21,61.23,46.7,61.09,0.0
2012-03-26 13:30:00,INDEX:MMTW,73.44,74.41,71.24,74.3,0.0
2012-03-27 13:30:00,INDEX:MMTW,76.16,76.16,70.21,70.26,0.0
2012-03-28 13:30:00,INDEX:MMTW,70.04,70.04,57.43,62.57,0.0
2012-03-29 13:30:00,INDEX:MMTW,55.54,61.07,49.61,59.9,0.0
2012-03-30 13:30:00,INDEX:MMTW,65.0,65.0,56.86,58.51,0.0
2012-04-02 13:30:00,INDEX:MMTW,54.99,68.79,54.99,68.78,0.0
2012-04-03 13:30:00,INDEX:MMTW,65.02,65.14,54.61,57.96,0.0
2012-04-04 13:30:00,INDEX:MMTW,41.09,43.38,35.82,38.29,0.0
2012-04-05 13:30:00,INDEX:MMTW,32.74,37.93,32.74,35.86,0.0
2012-04-09 13:30:00,INDEX:MMTW,22.03,24.61,20.8,23.19,0.0
2012-04-10 13:30:00,INDEX:MMTW,20.55,21.16,13.02,13.27,0.0
2012-04-11 13:30:00,INDEX:MMTW,15.82,20.53,15.82,20.53,0.0
2012-04-12 13:30:00,INDEX:MMTW,20.08,33.03,20.08,31.94,0.0
2012-04-13 13:30:00,INDEX:MMTW,26.62,27.02,22.7,22.77,0.0
2012-04-16 13:30:00,INDEX:MMTW,26.77,28.25,20.29,26.15,0.0
2012-04-17 13:30:00,INDEX:MMTW,33.55,46.93,33.43,41.53,0.0
2012-04-18 13:30:00,INDEX:MMTW,34.58,38.1,33.13,34.45,0.0
2012-04-19 13:30:00,INDEX:MMTW,33.42,40.62,29.61,32.96,0.0
2012-04-20 13:30:00,INDEX:MMTW,39.19,44.81,38.1,39.14,0.0
2012-04-23 13:30:00,INDEX:MMTW,24.68,28.97,22.23,28.16,0.0
2012-04-24 13:30:00,INDEX:MMTW,29.53,37.67,29.48,37.67,0.0
2012-04-25 13:30:00,INDEX:MMTW,49.92,53.25,48.17,52.79,0.0
2012-04-26 13:30:00,INDEX:MMTW,51.86,60.56,51.86,60.05,0.0
2012-04-27 13:30:00,INDEX:MMTW,62.92,66.15,57.31,65.96,0.0
2012-04-30 13:30:00,INDEX:MMTW,64.9,64.9,59.29,60.26,0.0
2012-05-01 13:30:00,INDEX:MMTW,62.6,70.81,60.61,60.63,0.0
2012-05-02 13:30:00,INDEX:MMTW,55.81,60.67,54.53,60.2,0.0
2012-05-03 13:30:00,INDEX:MMTW,60.07,60.07,48.5,49.54,0.0
2012-05-04 13:30:00,INDEX:MMTW,45.36,45.36,36.83,36.83,0.0
2012-05-07 13:30:00,INDEX:MMTW,33.6,40.54,33.6,39.35,0.0
2012-05-08 13:30:00,INDEX:MMTW,32.05,38.19,28.98,38.1,0.0
2012-05-09 13:30:00,INDEX:MMTW,28.23,35.64,28.08,33.87,0.0
2012-05-10 13:30:00,INDEX:MMTW,39.47,40.19,35.03,38.13,0.0
2012-05-11 13:30:00,INDEX:MMTW,31.46,38.82,31.46,34.78,0.0
2012-05-14 13:30:00,INDEX:MMTW,28.02,29.66,24.76,26.42,0.0
2012-05-15 13:30:00,INDEX:MMTW,24.89,30.05,24.47,25.05,0.0
2012-05-16 13:30:00,INDEX:MMTW,26.25,29.44,22.9,22.9,0.0
2012-05-17 13:30:00,INDEX:MMTW,21.84,21.84,14.57,14.57,0.0
2012-05-18 13:30:00,INDEX:MMTW,12.66,15.01,10.94,11.33,0.0
2012-05-21 13:30:00,INDEX:MMTW,11.92,18.34,10.81,18.31,0.0
2012-05-22 13:30:00,INDEX:MMTW,18.4,21.71,15.25,16.62,0.0
2012-05-23 13:30:00,INDEX:MMTW,14.04,19.87,12.0,19.35,0.0
2012-05-24 13:30:00,INDEX:MMTW,20.63,23.13,17.54,23.08,0.0
2012-05-25 13:30:00,INDEX:MMTW,23.52,25.71,22.85,24.73,0.0
2012-05-29 13:30:00,INDEX:MMTW,32.09,38.38,29.39,36.82,0.0
2012-05-30 13:30:00,INDEX:MMTW,27.49,27.49,23.32,23.67,0.0
2012-05-31 13:30:00,INDEX:MMTW,22.94,29.09,19.14,26.83,0.0
2012-06-01 13:30:00,INDEX:MMTW,17.4,17.83,15.12,15.25,0.0
2012-06-04 13:30:00,INDEX:MMTW,16.84,17.28,13.95,17.28,0.0
2012-06-05 13:30:00,INDEX:MMTW,15.47,22.83,15.47,22.78,0.0
2012-06-06 13:30:00,INDEX:MMTW,30.39,46.48,30.39,46.46,0.0
2012-06-07 13:30:00,INDEX:MMTW,61.16,61.16,43.23,47.94,0.0
2012-06-08 13:30:00,INDEX:MMTW,40.18,54.67,38.51,54.63,0.0
2012-06-11 13:30:00,INDEX:MMTW,64.19,64.19,37.13,37.19,0.0
2012-06-12 13:30:00,INDEX:MMTW,45.0,51.67,38.8,51.59,0.0
2012-06-13 13:30:00,INDEX:MMTW,47.73,55.08,40.74,42.45,0.0
2012-06-14 13:30:00,INDEX:MMTW,45.64,54.86,44.23,54.86,0.0
2012-06-15 13:30:00,INDEX:MMTW,55.81,64.87,55.81,64.83,0.0
2012-06-18 13:30:00,INDEX:MMTW,58.05,66.0,58.05,63.73,0.0
2012-06-19 13:30:00,INDEX:MMTW,69.62,78.09,69.11,77.21,0.0
2012-06-20 13:30:00,INDEX:MMTW,78.24,78.24,72.48,74.64,0.0
2012-06-21 13:30:00,INDEX:MMTW,75.6,75.6,51.06,51.06,0.0
2012-06-22 13:30:00,INDEX:MMTW,57.19,62.8,56.33,62.19,0.0
2012-06-25 13:30:00,INDEX:MMTW,49.2,49.8,45.22,47.81,0.0
2012-06-26 13:30:00,INDEX:MMTW,48.94,53.38,45.49,51.2,0.0
2012-06-27 13:30:00,INDEX:MMTW,54.77,61.88,54.4,61.46,0.0
2012-06-28 13:30:00,INDEX:MMTW,54.88,60.28,48.77,60.23,0.0
2012-06-29 13:30:00,INDEX:MMTW,75.47,79.09,72.89,79.09,0.0
2012-07-02 13:30:00,INDEX:MMTW,78.82,80.17,75.8,80.17,0.0
2012-07-03 13:30:00,INDEX:MMTW,82.15,86.44,82.15,86.11,0.0
2012-07-05 13:30:00,INDEX:MMTW,86.15,86.61,83.67,85.01,0.0
2012-07-06 13:30:00,INDEX:MMTW,79.12,79.12,74.34,76.13,0.0
2012-07-09 13:30:00,INDEX:MMTW,75.94,75.94,70.02,71.92,0.0
2012-07-10 13:30:00,INDEX:MMTW,76.48,76.48,59.0,61.78,0.0
2012-07-11 13:30:00,INDEX:MMTW,60.0,62.6,57.17,60.36,0.0
2012-07-12 13:30:00,INDEX:MMTW,50.92,57.23,46.43,54.82,0.0
2012-07-13 13:30:00,INDEX:MMTW,57.01,65.01,57.01,64.39,0.0
2012-07-16 13:30:00,INDEX:MMTW,60.92,60.96,57.85,58.57,0.0
2012-07-17 13:30:00,INDEX:MMTW,63.08,63.08,54.24,61.45,0.0
2012-07-18 13:30:00,INDEX:MMTW,59.3,68.26,59.3,65.56,0.0
2012-07-19 13:30:00,INDEX:MMTW,68.36,68.65,63.32,63.32,0.0
2012-07-20 13:30:00,INDEX:MMTW,54.21,54.24,49.1,49.13,0.0
2012-07-23 13:30:00,INDEX:MMTW,31.8,37.79,30.79,35.31,0.0
2012-07-24 13:30:00,INDEX:MMTW,34.28,34.28,24.32,25.89,0.0
2012-07-25 13:30:00,INDEX:MMTW,28.9,30.15,24.23,28.11,0.0
2012-07-26 13:30:00,INDEX:MMTW,39.68,39.68,34.46,38.4,0.0
2012-07-27 13:30:00,INDEX:MMTW,40.15,56.03,39.03,55.4,0.0
2012-07-30 13:30:00,INDEX:MMTW,56.83,57.32,50.79,51.7,0.0
2012-07-31 13:30:00,INDEX:MMTW,52.29,54.36,47.85,47.91,0.0
2012-08-01 13:30:00,INDEX:MMTW,53.12,53.12,39.23,39.28,0.0
2012-08-02 13:30:00,INDEX:MMTW,34.48,39.49,32.6,36.27,0.0
2012-08-03 13:30:00,INDEX:MMTW,48.66,57.87,48.66,55.97,0.0
2012-08-06 13:30:00,INDEX:MMTW,58.41,63.72,58.41,60.85,0.0
2012-08-07 13:30:00,INDEX:MMTW,64.64,67.9,64.52,65.0,0.0
2012-08-08 13:30:00,INDEX:MMTW,62.43,64.16,62.01,62.15,0.0
2012-08-09 13:30:00,INDEX:MMTW,62.38,64.54,62.19,63.01,0.0
2012-08-10 13:30:00,INDEX:MMTW,61.8,62.32,60.08,62.01,0.0
2012-08-13 13:30:00,INDEX:MMTW,63.38,63.38,54.86,60.93,0.0
2012-08-14 13:30:00,INDEX:MMTW,66.63,66.63,57.09,59.04,0.0
2012-08-15 13:30:00,INDEX:MMTW,59.82,65.53,59.82,65.53,0.0
2012-08-16 13:30:00,INDEX:MMTW,67.35,73.07,64.75,73.02,0.0
2012-08-17 13:30:00,INDEX:MMTW,73.38,76.28,72.64,76.23,0.0
2012-08-20 13:30:00,INDEX:MMTW,76.15,76.15,71.67,74.87,0.0
2012-08-21 13:30:00,INDEX:MMTW,77.65,79.74,72.29,72.31,0.0
2012-08-22 13:30:00,INDEX:MMTW,67.91,68.99,63.1,66.51,0.0
2012-08-23 13:30:00,INDEX:MMTW,63.38,63.38,54.14,55.55,0.0
2012-08-24 13:30:00,INDEX:MMTW,52.72,61.48,51.06,60.51,0.0
2012-08-27 13:30:00,INDEX:MMTW,63.08,63.41,56.89,58.59,0.0
2012-08-28 13:30:00,INDEX:MMTW,55.85,60.95,54.79,60.82,0.0
2012-08-29 13:30:00,INDEX:MMTW,59.36,63.89,56.25,62.21,0.0
2012-08-30 13:30:00,INDEX:MMTW,51.62,51.88,45.63,46.37,0.0
2012-08-31 13:30:00,INDEX:MMTW,55.29,55.42,46.64,52.27,0.0
2012-09-04 13:30:00,INDEX:MMTW,52.02,59.69,44.64,59.08,0.0
2012-09-05 13:30:00,INDEX:MMTW,58.74,59.86,54.8,55.82,0.0
2012-09-06 13:30:00,INDEX:MMTW,65.45,74.38,65.45,74.16,0.0
2012-09-07 13:30:00,INDEX:MMTW,77.83,78.43,77.0,77.53,0.0
2012-09-10 13:30:00,INDEX:MMTW,76.99,77.41,74.01,74.01,0.0
2012-09-11 13:30:00,INDEX:MMTW,75.06,77.63,73.99,74.88,0.0
2012-09-12 13:30:00,INDEX:MMTW,77.8,77.8,73.32,75.99,0.0
2012-09-13 13:30:00,INDEX:MMTW,75.61,82.79,74.0,81.72,0.0
2012-09-14 13:30:00,INDEX:MMTW,84.08,85.82,82.75,83.32,0.0
2012-09-17 13:30:00,INDEX:MMTW,81.83,81.89,78.45,80.18,0.0
2012-09-18 13:30:00,INDEX:MMTW,78.63,79.52,77.3,78.67,0.0
2012-09-19 13:30:00,INDEX:MMTW,79.43,79.78,77.2,77.2,0.0
2012-09-20 13:30:00,INDEX:MMTW,71.56,73.01,69.11,71.11,0.0
2012-09-21 13:30:00,INDEX:MMTW,76.74,76.74,71.99,72.11,0.0
2012-09-24 13:30:00,INDEX:MMTW,67.19,73.29,67.19,69.49,0.0
2012-09-25 13:30:00,INDEX:MMTW,72.21,72.21,54.34,54.34,0.0
2012-09-26 13:30:00,INDEX:MMTW,51.88,51.88,45.9,47.88,0.0
2012-09-27 13:30:00,INDEX:MMTW,50.4,57.93,47.16,56.28,0.0
2012-09-28 13:30:00,INDEX:MMTW,48.14,51.49,45.41,47.83,0.0
2012-10-01 13:30:00,INDEX:MMTW,50.33,56.38,47.78,50.15,0.0
2012-10-02 13:30:00,INDEX:MMTW,51.99,51.99,46.67,49.78,0.0
2012-10-03 13:30:00,INDEX:MMTW,49.24,52.65,44.35,47.66,0.0
2012-10-04 13:30:00,INDEX:MMTW,49.7,55.5,46.99,55.5,0.0
2012-10-05 13:30:00,INDEX:MMTW,59.05,63.5,53.12,54.43,0.0
2012-10-08 13:30:00,INDEX:MMTW,46.88,50.93,46.88,48.67,0.0
2012-10-09 13:30:00,INDEX:MMTW,46.62,47.88,36.08,36.09,0.0
2012-10-10 13:30:00,INDEX:MMTW,34.81,36.61,32.21,34.22,0.0
2012-10-11 13:30:00,INDEX:MMTW,41.04,43.83,37.89,38.68,0.0
2012-10-12 13:30:00,INDEX:MMTW,38.08,40.04,32.3,33.36,0.0
2012-10-15 13:30:00,INDEX:MMTW,36.15,41.24,32.56,41.24,0.0
2012-10-16 13:30:00,INDEX:MMTW,45.27,52.26,45.27,52.26,0.0
2012-10-17 13:30:00,INDEX:MMTW,52.4,59.54,52.4,59.54,0.0
2012-10-18 13:30:00,INDEX:MMTW,58.31,59.13,52.48,53.03,0.0
2012-10-19 13:30:00,INDEX:MMTW,47.45,47.45,35.39,37.82,0.0
2012-10-22 13:30:00,INDEX:MMTW,38.54,39.42,33.63,37.52,0.0
2012-10-23 13:30:00,INDEX:MMTW,27.2,30.39,23.35,29.35,0.0
2012-10-24 13:30:00,INDEX:MMTW,34.14,34.14,27.9,28.84,0.0
2012-10-25 13:30:00,INDEX:MMTW,36.26,36.26,29.23,33.52,0.0
2012-10-26 13:30:00,INDEX:MMTW,32.71,34.8,27.88,32.04,0.0
2012-10-31 13:30:00,INDEX:MMTW,34.74,39.6,33.42,39.54,0.0
2012-11-01 13:30:00,INDEX:MMTW,41.17,49.88,41.17,49.88,0.0
2012-11-02 13:30:00,INDEX:MMTW,52.12,52.12,40.35,40.35,0.0
2012-11-05 14:30:00,INDEX:MMTW,40.54,45.03,38.67,43.99,0.0
2012-11-06 14:30:00,INDEX:MMTW,48.09,53.36,48.09,52.98,0.0
2012-11-07 14:30:00,INDEX:MMTW,42.03,42.03,30.81,32.94,0.0
2012-11-08 14:30:00,INDEX:MMTW,33.9,35.03,25.56,25.56,0.0
2012-11-09 14:30:00,INDEX:MMTW,23.48,30.55,23.48,26.19,0.0
2012-11-12 14:30:00,INDEX:MMTW,27.5,28.96,25.87,26.86,0.0
2012-11-13 14:30:00,INDEX:MMTW,22.46,28.74,22.46,24.1,0.0
2012-11-14 14:30:00,INDEX:MMTW,26.95,26.95,15.19,15.84,0.0
2012-11-15 14:30:00,INDEX:MMTW,15.35,16.77,13.73,15.18,0.0
2012-11-16 14:30:00,INDEX:MMTW,14.53,19.6,13.15,19.52,0.0
2012-11-19 14:30:00,INDEX:MMTW,28.52,34.91,28.52,34.9,0.0
2012-11-20 14:30:00,INDEX:MMTW,32.46,37.22,31.94,36.93,0.0
2012-11-21 14:30:00,INDEX:MMTW,38.77,43.59,37.06,43.59,0.0
2012-11-23 14:30:00,INDEX:MMTW,49.69,56.32,49.34,56.29,0.0
2012-11-26 14:30:00,INDEX:MMTW,54.46,57.79,50.87,57.75,0.0
2012-11-27 14:30:00,INDEX:MMTW,58.8,62.7,56.13,56.13,0.0
2012-11-28 14:30:00,INDEX:MMTW,50.39,61.12,43.69,61.12,0.0
2012-11-29 14:30:00,INDEX:MMTW,71.55,71.93,67.41,71.34,0.0
2012-11-30 14:30:00,INDEX:MMTW,74.71,74.71,69.76,72.91,0.0
2012-12-03 14:30:00,INDEX:MMTW,78.34,78.34,69.63,70.32,0.0
2012-12-04 14:30:00,INDEX:MMTW,72.26,74.23,67.14,70.03,0.0
2012-12-05 14:30:00,INDEX:MMTW,73.88,73.88,67.78,70.73,0.0
2012-12-06 14:30:00,INDEX:MMTW,71.23,72.01,69.12,70.8,0.0
2012-12-07 14:30:00,INDEX:MMTW,74.97,74.97,68.99,70.64,0.0
2012-12-10 14:30:00,INDEX:MMTW,71.95,71.96,69.0,71.76,0.0
2012-12-11 14:30:00,INDEX:MMTW,76.34,76.59,74.43,76.44,0.0
2012-12-12 14:30:00,INDEX:MMTW,77.76,77.76,72.01,72.01,0.0
2012-12-13 14:30:00,INDEX:MMTW,70.5,70.6,62.89,64.36,0.0
2012-12-14 14:30:00,INDEX:MMTW,60.91,62.77,59.41,60.47,0.0
2012-12-17 14:30:00,INDEX:MMTW,59.83,68.0,59.83,68.0,0.0
2012-12-18 14:30:00,INDEX:MMTW,68.44,75.81,68.44,75.81,0.0
2012-12-19 14:30:00,INDEX:MMTW,76.33,76.7,74.14,74.56,0.0
2012-12-20 14:30:00,INDEX:MMTW,75.44,76.1,72.88,76.1,0.0
2012-12-21 14:30:00,INDEX:MMTW,65.82,69.06,64.7,68.9,0.0
2012-12-24 14:30:00,INDEX:MMTW,65.46,65.85,63.78,64.78,0.0
2012-12-26 14:30:00,INDEX:MMTW,65.26,65.26,56.36,56.36,0.0
2012-12-27 14:30:00,INDEX:MMTW,54.5,56.86,41.29,53.18,0.0
2012-12-28 14:30:00,INDEX:MMTW,45.65,51.9,44.92,44.93,0.0
2012-12-31 14:30:00,INDEX:MMTW,41.43,67.46,41.43,67.46,0.0
2013-01-02 14:30:00,INDEX:MMTW,85.42,86.63,83.59,86.61,0.0
2013-01-03 14:30:00,INDEX:MMTW,86.56,88.37,85.04,85.91,0.0
2013-01-04 14:30:00,INDEX:MMTW,87.67,88.79,87.22,87.97,0.0
2013-01-07 14:30:00,INDEX:MMTW,85.78,85.78,82.93,84.13,0.0
2013-01-08 14:30:00,INDEX:MMTW,83.34,83.6,79.15,80.43,0.0
2013-01-09 14:30:00,INDEX:MMTW,82.12,82.7,80.92,82.21,0.0
2013-01-10 14:30:00,INDEX:MMTW,84.25,84.25,80.63,83.21,0.0
2013-01-11 14:30:00,INDEX:MMTW,83.29,83.29,79.53,80.59,0.0
2013-01-14 14:30:00,INDEX:MMTW,79.83,79.98,77.58,78.43,0.0
2013-01-15 14:30:00,INDEX:MMTW,73.09,78.59,73.09,78.39,0.0
2013-01-16 14:30:00,INDEX:MMTW,76.35,76.35,73.52,73.76,0.0
2013-01-17 14:30:00,INDEX:MMTW,78.46,78.97,76.25,78.72,0.0
2013-01-18 14:30:00,INDEX:MMTW,78.19,78.39,75.78,78.35,0.0
2013-01-22 14:30:00,INDEX:MMTW,77.75,81.22,76.34,81.22,0.0
2013-01-23 14:30:00,INDEX:MMTW,80.93,80.93,77.54,77.73,0.0
2013-01-24 14:30:00,INDEX:MMTW,77.25,79.46,74.75,77.28,0.0
2013-01-25 14:30:00,INDEX:MMTW,78.41,78.41,72.97,75.72,0.0
2013-01-28 14:30:00,INDEX:MMTW,75.49,75.49,71.43,75.4,0.0
2013-01-29 14:30:00,INDEX:MMTW,73.34,74.98,71.38,74.98,0.0
2013-01-30 14:30:00,INDEX:MMTW,72.88,73.04,63.76,65.04,0.0
2013-01-31 14:30:00,INDEX:MMTW,63.73,67.85,63.73,67.16,0.0
2013-02-01 14:30:00,INDEX:MMTW,70.18,74.54,70.18,73.57,0.0
2013-02-04 14:30:00,INDEX:MMTW,68.58,69.18,60.89,61.05,0.0
2013-02-05 14:30:00,INDEX:MMTW,64.81,68.64,64.81,67.87,0.0
2013-02-06 14:30:00,INDEX:MMTW,62.1,68.37,62.1,68.37,0.0
2013-02-07 14:30:00,INDEX:MMTW,66.99,66.99,57.35,61.47,0.0
2013-02-08 14:30:00,INDEX:MMTW,62.47,65.83,62.47,65.83,0.0
2013-02-11 14:30:00,INDEX:MMTW,65.22,65.22,62.03,64.78,0.0
2013-02-12 14:30:00,INDEX:MMTW,64.52,67.58,64.52,67.12,0.0
2013-02-13 14:30:00,INDEX:MMTW,68.87,69.08,64.93,67.09,0.0
2013-02-14 14:30:00,INDEX:MMTW,64.31,66.75,64.31,66.59,0.0
2013-02-15 14:30:00,INDEX:MMTW,67.17,67.17,62.84,63.88,0.0
2013-02-19 14:30:00,INDEX:MMTW,65.65,69.12,65.65,69.06,0.0
2013-02-20 14:30:00,INDEX:MMTW,68.89,68.89,53.55,53.55,0.0
2013-02-21 14:30:00,INDEX:MMTW,47.48,47.84,39.72,43.35,0.0
2013-02-22 14:30:00,INDEX:MMTW,49.45,53.39,47.64,53.39,0.0
2013-02-25 14:30:00,INDEX:MMTW,57.18,57.18,33.37,33.39,0.0
2013-02-26 14:30:00,INDEX:MMTW,35.71,39.64,33.0,38.73,0.0
2013-02-27 14:30:00,INDEX:MMTW,37.05,51.44,37.05,48.54,0.0
2013-02-28 14:30:00,INDEX:MMTW,46.7,51.95,46.7,48.58,0.0
2013-03-01 14:30:00,INDEX:MMTW,39.38,50.26,37.61,50.21,0.0
2013-03-04 14:30:00,INDEX:MMTW,47.78,52.99,44.37,52.99,0.0
2013-03-05 14:30:00,INDEX:MMTW,57.89,62.34,57.89,61.34,0.0
2013-03-06 14:30:00,INDEX:MMTW,63.81,64.01,60.99,63.25,0.0
2013-03-07 14:30:00,INDEX:MMTW,63.94,66.56,63.85,66.56,0.0
2013-03-08 14:30:00,INDEX:MMTW,72.59,72.59,67.5,72.06,0.0
2013-03-11 13:30:00,INDEX:MMTW,70.41,72.07,69.44,71.47,0.0
2013-03-12 13:30:00,INDEX:MMTW,71.55,72.2,68.18,68.88,0.0
2013-03-13 13:30:00,INDEX:MMTW,70.87,70.87,67.6,69.74,0.0
2013-03-14 13:30:00,INDEX:MMTW,72.79,75.71,72.79,75.71,0.0
2013-03-15 13:30:00,INDEX:MMTW,76.14,76.14,72.1,72.13,0.0
2013-03-18 13:30:00,INDEX:MMTW,64.21,70.06,64.21,67.57,0.0
2013-03-19 13:30:00,INDEX:MMTW,71.44,71.44,59.75,64.06,0.0
2013-03-20 13:30:00,INDEX:MMTW,69.37,70.04,67.64,69.82,0.0
2013-03-21 13:30:00,INDEX:MMTW,67.11,67.64,62.18,62.58,0.0
2013-03-22 13:30:00,INDEX:MMTW,65.89,66.64,63.87,65.38,0.0
2013-03-25 13:30:00,INDEX:MMTW,66.36,68.66,57.37,61.05,0.0
2013-03-26 13:30:00,INDEX:MMTW,63.51,63.51,58.47,62.77,0.0
2013-03-27 13:30:00,INDEX:MMTW,53.1,61.38,52.61,60.55,0.0
2013-03-28 13:30:00,INDEX:MMTW,61.26,63.4,59.25,62.14,0.0
2013-04-01 13:30:00,INDEX:MMTW,60.11,60.11,45.4,48.09,0.0
2013-04-02 13:30:00,INDEX:MMTW,52.43,52.43,44.14,45.29,0.0
2013-04-03 13:30:00,INDEX:MMTW,45.91,45.91,32.75,33.16,0.0
2013-04-04 13:30:00,INDEX:MMTW,32.59,37.09,32.16,37.09,0.0
2013-04-05 13:30:00,INDEX:MMTW,23.96,34.46,23.96,34.44,0.0
2013-04-08 13:30:00,INDEX:MMTW,35.98,40.59,32.27,40.59,0.0
2013-04-09 13:30:00,INDEX:MMTW,42.4,44.85,39.58,41.26,0.0
2013-04-10 13:30:00,INDEX:MMTW,47.34,58.65,47.03,58.39,0.0
2013-04-11 13:30:00,INDEX:MMTW,58.51,62.78,58.13,58.82,0.0
2013-04-12 13:30:00,INDEX:MMTW,56.23,56.23,49.46,53.94,0.0
2013-04-15 13:30:00,INDEX:MMTW,47.19,47.19,26.26,26.3,0.0
2013-04-16 13:30:00,INDEX:MMTW,31.56,39.29,31.2,39.28,0.0
2013-04-17 13:30:00,INDEX:MMTW,32.69,32.69,23.74,27.15,0.0
2013-04-18 13:30:00,INDEX:MMTW,28.42,28.42,22.94,24.79,0.0
2013-04-19 13:30:00,INDEX:MMTW,25.99,34.03,25.51,34.01,0.0
2013-04-22 13:30:00,INDEX:MMTW,37.25,37.25,27.27,35.82,0.0
2013-04-23 13:30:00,INDEX:MMTW,43.29,51.39,43.29,51.38,0.0
2013-04-24 13:30:00,INDEX:MMTW,54.53,56.68,51.07,56.32,0.0
2013-04-25 13:30:00,INDEX:MMTW,62.4,67.27,62.03,62.7,0.0
2013-04-26 13:30:00,INDEX:MMTW,63.89,63.89,54.92,57.54,0.0
2013-04-29 13:30:00,INDEX:MMTW,64.31,67.06,62.61,66.05,0.0
2013-04-30 13:30:00,INDEX:MMTW,66.72,69.7,63.77,69.67,0.0
2013-05-01 13:30:00,INDEX:MMTW,66.85,66.85,49.2,49.2,0.0
2013-05-02 13:30:00,INDEX:MMTW,54.06,60.84,53.01,60.22,0.0
2013-05-03 13:30:00,INDEX:MMTW,70.47,74.67,70.47,71.93,0.0
2013-05-06 13:30:00,INDEX:MMTW,73.5,74.36,71.6,74.05,0.0
2013-05-07 13:30:00,INDEX:MMTW,75.87,77.63,75.06,77.54,0.0
2013-05-08 13:30:00,INDEX:MMTW,77.84,79.54,76.84,79.53,0.0
2013-05-09 13:30:00,INDEX:MMTW,79.08,79.08,75.24,75.27,0.0
2013-05-10 13:30:00,INDEX:MMTW,76.87,78.35,75.84,78.3,0.0
2013-05-13 13:30:00,INDEX:MMTW,76.47,76.47,74.27,75.33,0.0
2013-05-14 13:30:00,INDEX:MMTW,76.06,78.66,76.06,78.64,0.0
2013-05-15 13:30:00,INDEX:MMTW,76.98,79.14,75.86,78.29,0.0
2013-05-16 13:30:00,INDEX:MMTW,76.7,77.84,73.31,74.53,0.0
2013-05-17 13:30:00,INDEX:MMTW,76.59,77.5,75.12,77.21,0.0
2013-05-20 13:30:00,INDEX:MMTW,77.01,78.53,75.9,76.75,0.0
2013-05-21 13:30:00,INDEX:MMTW,77.13,77.19,75.03,76.61,0.0
2013-05-22 13:30:00,INDEX:MMTW,77.16,80.37,60.97,63.61,0.0
2013-05-23 13:30:00,INDEX:MMTW,52.09,61.97,51.44,61.93,0.0
2013-05-24 13:30:00,INDEX:MMTW,55.73,60.18,50.95,60.18,0.0
2013-05-28 13:30:00,INDEX:MMTW,68.93,73.46,64.1,67.03,0.0
2013-05-29 13:30:00,INDEX:MMTW,60.4,61.84,53.67,57.02,0.0
2013-05-30 13:30:00,INDEX:MMTW,55.48,62.13,55.48,60.48,0.0
2013-05-31 13:30:00,INDEX:MMTW,52.29,57.1,47.79,47.8,0.0
2013-06-03 13:30:00,INDEX:MMTW,47.99,51.85,40.76,51.85,0.0
2013-06-04 13:30:00,INDEX:MMTW,52.04,53.0,39.7,44.15,0.0
2013-06-05 13:30:00,INDEX:MMTW,40.64,40.64,31.18,31.18,0.0
2013-06-06 13:30:00,INDEX:MMTW,31.08,38.69,28.96,38.69,0.0
2013-06-07 13:30:00,INDEX:MMTW,42.02,47.63,39.19,46.79,0.0
2013-06-10 13:30:00,INDEX:MMTW,49.27,51.82,44.67,51.82,0.0
2013-06-11 13:30:00,INDEX:MMTW,37.36,45.46,36.59,39.2,0.0
2013-06-12 13:30:00,INDEX:MMTW,45.28,45.28,31.73,32.23,0.0
2013-06-13 13:30:00,INDEX:MMTW,29.31,47.27,29.31,47.26,0.0
2013-06-14 13:30:00,INDEX:MMTW,45.47,48.17,37.73,37.86,0.0
2013-06-17 13:30:00,INDEX:MMTW,49.06,50.88,43.0,47.68,0.0
2013-06-18 13:30:00,INDEX:MMTW,51.24,59.2,50.56,58.17,0.0
2013-06-19 13:30:00,INDEX:MMTW,58.51,58.51,43.97,43.97,0.0
2013-06-20 13:30:00,INDEX:MMTW,29.33,29.41,23.24,24.07,0.0
2013-06-21 13:30:00,INDEX:MMTW,27.38,29.07,21.0,29.06,0.0
2013-06-24 13:30:00,INDEX:MMTW,20.3,24.23,16.92,20.78,0.0
2013-06-25 13:30:00,INDEX:MMTW,25.71,29.95,23.79,29.64,0.0
2013-06-26 13:30:00,INDEX:MMTW,35.57,36.56,31.81,33.75,0.0
2013-06-27 13:30:00,INDEX:MMTW,40.75,50.31,40.75,50.12,0.0
2013-06-28 13:30:00,INDEX:MMTW,45.76,53.82,45.69,49.97,0.0
2013-07-01 13:30:00,INDEX:MMTW,59.0,65.48,58.14,61.94,0.0
2013-07-02 13:30:00,INDEX:MMTW,61.53,65.97,55.41,59.74,0.0
2013-07-03 13:30:00,INDEX:MMTW,54.3,61.22,53.96,59.97,0.0
2013-07-05 13:30:00,INDEX:MMTW,66.35,69.19,59.84,69.19,0.0
2013-07-08 13:30:00,INDEX:MMTW,73.72,74.32,71.38,72.34,0.0
2013-07-09 13:30:00,INDEX:MMTW,76.42,77.44,74.89,76.78,0.0
2013-07-10 13:30:00,INDEX:MMTW,77.87,78.78,76.84,78.55,0.0
2013-07-11 13:30:00,INDEX:MMTW,85.24,85.69,83.66,85.67,0.0
2013-07-12 13:30:00,INDEX:MMTW,86.52,86.59,85.05,85.8,0.0
2013-07-15 13:30:00,INDEX:MMTW,87.64,87.64,86.39,86.86,0.0
2013-07-16 13:30:00,INDEX:MMTW,88.06,88.06,84.54,85.86,0.0
2013-07-17 13:30:00,INDEX:MMTW,87.98,88.19,86.38,86.73,0.0
2013-07-18 13:30:00,INDEX:MMTW,88.58,89.6,87.37,87.51,0.0
2013-07-19 13:30:00,INDEX:MMTW,86.88,86.88,85.45,86.38,0.0
2013-07-22 13:30:00,INDEX:MMTW,86.12,86.34,84.7,86.11,0.0
2013-07-23 13:30:00,INDEX:MMTW,86.95,86.95,82.93,83.27,0.0
2013-07-24 13:30:00,INDEX:MMTW,84.12,84.12,74.41,75.6,0.0
2013-07-25 13:30:00,INDEX:MMTW,71.61,78.22,71.61,78.22,0.0
2013-07-26 13:30:00,INDEX:MMTW,70.78,72.33,67.26,72.2,0.0
2013-07-29 13:30:00,INDEX:MMTW,68.35,69.44,62.2,62.6,0.0
2013-07-30 13:30:00,INDEX:MMTW,65.45,65.45,58.77,60.9,0.0
2013-07-31 13:30:00,INDEX:MMTW,62.27,65.38,58.97,59.38,0.0
2013-08-01 13:30:00,INDEX:MMTW,65.0,66.58,64.86,66.13,0.0
2013-08-02 13:30:00,INDEX:MMTW,62.22,64.73,61.37,64.33,0.0
2013-08-05 13:30:00,INDEX:MMTW,61.74,63.86,61.28,63.83,0.0
2013-08-06 13:30:00,INDEX:MMTW,60.79,60.79,52.7,54.9,0.0
2013-08-07 13:30:00,INDEX:MMTW,48.48,49.35,45.2,46.62,0.0
2013-08-08 13:30:00,INDEX:MMTW,51.12,52.47,46.76,51.89,0.0
2013-08-09 13:30:00,INDEX:MMTW,49.82,52.41,46.68,49.27,0.0
2013-08-12 13:30:00,INDEX:MMTW,44.98,50.73,44.98,50.64,0.0
2013-08-13 13:30:00,INDEX:MMTW,51.31,51.31,45.69,49.88,0.0
2013-08-14 13:30:00,INDEX:MMTW,49.11,49.56,45.78,45.83,0.0
2013-08-15 13:30:00,INDEX:MMTW,36.23,36.26,32.13,32.76,0.0
2013-08-16 13:30:00,INDEX:MMTW,29.71,34.61,29.71,32.08,0.0
2013-08-19 13:30:00,INDEX:MMTW,30.08,31.79,25.84,25.89,0.0
2013-08-20 13:30:00,INDEX:MMTW,25.31,34.77,25.12,33.37,0.0
2013-08-21 13:30:00,INDEX:MMTW,28.16,33.65,26.41,27.5,0.0
2013-08-22 13:30:00,INDEX:MMTW,31.47,41.93,31.47,41.93,0.0
2013-08-23 13:30:00,INDEX:MMTW,42.37,43.94,38.37,43.94,0.0
2013-08-26 13:30:00,INDEX:MMTW,43.64,47.85,41.15,41.15,0.0
2013-08-27 13:30:00,INDEX:MMTW,30.52,32.31,22.97,23.17,0.0
2013-08-28 13:30:00,INDEX:MMTW,22.9,28.16,22.9,26.37,0.0
2013-08-29 13:30:00,INDEX:MMTW,26.13,34.41,26.13,32.48,0.0
2013-08-30 13:30:00,INDEX:MMTW,32.26,32.26,23.78,24.18,0.0
2013-09-03 13:30:00,INDEX:MMTW,37.86,38.21,27.7,31.93,0.0
2013-09-04 13:30:00,INDEX:MMTW,32.23,41.67,32.23,41.66,0.0
2013-09-05 13:30:00,INDEX:MMTW,43.8,47.79,43.8,46.25,0.0
2013-09-06 13:30:00,INDEX:MMTW,52.47,53.56,37.37,48.11,0.0
2013-09-09 13:30:00,INDEX:MMTW,54.78,64.15,54.78,64.14,0.0
2013-09-10 13:30:00,INDEX:MMTW,70.02,71.52,68.54,71.52,0.0
2013-09-11 13:30:00,INDEX:MMTW,72.63,72.93,69.72,72.1,0.0
2013-09-12 13:30:00,INDEX:MMTW,74.16,74.16,66.64,67.23,0.0
2013-09-13 13:30:00,INDEX:MMTW,70.49,70.56,67.37,70.38,0.0
2013-09-16 13:30:00,INDEX:MMTW,79.04,79.04,70.82,71.56,0.0
2013-09-17 13:30:00,INDEX:MMTW,72.57,75.84,72.57,75.56,0.0
2013-09-18 13:30:00,INDEX:MMTW,76.99,82.33,71.81,80.49,0.0
2013-09-19 13:30:00,INDEX:MMTW,83.4,83.4,76.79,77.77,0.0
2013-09-20 13:30:00,INDEX:MMTW,80.52,80.52,75.26,75.86,0.0
2013-09-23 13:30:00,INDEX:MMTW,74.07,74.33,69.82,73.16,0.0
2013-09-24 13:30:00,INDEX:MMTW,73.24,76.68,69.87,72.97,0.0
2013-09-25 13:30:00,INDEX:MMTW,72.54,76.18,71.44,71.46,0.0
2013-09-26 13:30:00,INDEX:MMTW,72.59,75.24,69.78,72.39,0.0
2013-09-27 13:30:00,INDEX:MMTW,66.28,68.39,65.86,66.08,0.0
2013-09-30 13:30:00,INDEX:MMTW,52.92,62.17,52.92,61.21,0.0
2013-10-01 13:30:00,INDEX:MMTW,61.4,69.05,61.4,69.05,0.0
2013-10-02 13:30:00,INDEX:MMTW,61.4,64.61,58.83,63.07,0.0
2013-10-03 13:30:00,INDEX:MMTW,59.74,59.74,43.67,47.84,0.0
2013-10-04 13:30:00,INDEX:MMTW,46.32,57.37,46.32,55.14,0.0
2013-10-07 13:30:00,INDEX:MMTW,43.36,48.26,42.54,42.56,0.0
2013-10-08 13:30:00,INDEX:MMTW,42.41,43.12,28.37,28.37,0.0
2013-10-09 13:30:00,INDEX:MMTW,28.51,31.05,24.38,28.13,0.0
2013-10-10 13:30:00,INDEX:MMTW,39.2,53.41,39.2,52.72,0.0
2013-10-11 13:30:00,INDEX:MMTW,48.84,65.06,48.84,65.01,0.0
2013-10-14 13:30:00,INDEX:MMTW,56.54,68.81,56.54,68.81,0.0
2013-10-15 13:30:00,INDEX:MMTW,65.16,66.4,58.78,59.09,0.0
2013-10-16 13:30:00,INDEX:MMTW,65.24,69.19,64.04,68.69,0.0
2013-10-17 13:30:00,INDEX:MMTW,67.3,75.33,67.3,75.27,0.0
2013-10-18 13:30:00,INDEX:MMTW,79.29,79.29,76.96,79.25,0.0
2013-10-21 13:30:00,INDEX:MMTW,78.25,79.28,77.69,78.25,0.0
2013-10-22 13:30:00,INDEX:MMTW,81.99,82.74,78.8,79.8,0.0
2013-10-23 13:30:00,INDEX:MMTW,76.33,76.33,73.56,74.95,0.0
2013-10-24 13:30:00,INDEX:MMTW,75.54,76.17,73.85,75.89,0.0
2013-10-25 13:30:00,INDEX:MMTW,77.35,77.35,72.39,74.32,0.0
2013-10-28 13:30:00,INDEX:MMTW,73.05,74.11,70.78,72.59,0.0
2013-10-29 13:30:00,INDEX:MMTW,73.65,74.08,70.87,72.86,0.0
2013-10-30 13:30:00,INDEX:MMTW,73.77,73.77,63.32,64.35,0.0
2013-10-31 13:30:00,INDEX:MMTW,62.61,63.87,58.77,58.77,0.0
2013-11-01 13:30:00,INDEX:MMTW,54.62,56.28,48.99,55.04,0.0
2013-11-04 14:30:00,INDEX:MMTW,56.69,60.54,55.4,60.16,0.0
2013-11-05 14:30:00,INDEX:MMTW,54.77,55.92,51.95,53.32,0.0
2013-11-06 14:30:00,INDEX:MMTW,55.77,56.69,50.23,50.88,0.0
2013-11-07 14:30:00,INDEX:MMTW,51.42,52.08,36.33,36.34,0.0
2013-11-08 14:30:00,INDEX:MMTW,35.91,48.52,35.91,48.51,0.0
2013-11-11 14:30:00,INDEX:MMTW,46.11,48.32,45.82,47.45,0.0
2013-11-12 14:30:00,INDEX:MMTW,44.33,45.8,41.99,45.07,0.0
2013-11-13 14:30:00,INDEX:MMTW,40.91,52.22,40.91,52.19,0.0
2013-11-14 14:30:00,INDEX:MMTW,52.56,54.12,50.0,53.52,0.0
2013-11-15 14:30:00,INDEX:MMTW,55.03,58.6,53.98,58.57,0.0
2013-11-18 14:30:00,INDEX:MMTW,61.01,61.01,52.72,53.57,0.0
2013-11-19 14:30:00,INDEX:MMTW,53.49,55.76,46.86,48.57,0.0
2013-11-20 14:30:00,INDEX:MMTW,50.98,52.85,44.3,46.45,0.0
2013-11-21 14:30:00,INDEX:MMTW,50.37,58.8,50.37,58.8,0.0
2013-11-22 14:30:00,INDEX:MMTW,59.79,62.29,58.63,62.22,0.0
2013-11-25 14:30:00,INDEX:MMTW,64.88,64.88,61.36,61.77,0.0
2013-11-26 14:30:00,INDEX:MMTW,62.57,66.39,61.68,64.83,0.0
2013-11-27 14:30:00,INDEX:MMTW,65.9,68.26,65.75,68.13,0.0
2013-11-29 14:30:00,INDEX:MMTW,70.79,71.71,69.88,69.92,0.0
2013-12-02 14:30:00,INDEX:MMTW,68.22,68.22,59.43,60.04,0.0
2013-12-03 14:30:00,INDEX:MMTW,57.44,61.28,52.38,55.49,0.0
2013-12-04 14:30:00,INDEX:MMTW,49.23,57.28,44.32,52.19,0.0
2013-12-05 14:30:00,INDEX:MMTW,49.71,51.66,48.26,49.18,0.0
2013-12-06 14:30:00,INDEX:MMTW,59.84,61.96,56.52,59.86,0.0
2013-12-09 14:30:00,INDEX:MMTW,60.57,60.68,54.86,57.52,0.0
2013-12-10 14:30:00,INDEX:MMTW,55.48,56.97,48.88,48.88,0.0
2013-12-11 14:30:00,INDEX:MMTW,47.9,47.9,31.1,31.79,0.0
2013-12-12 14:30:00,INDEX:MMTW,30.65,35.35,29.33,32.74,0.0
2013-12-13 14:30:00,INDEX:MMTW,34.85,38.03,31.69,35.99,0.0
2013-12-16 14:30:00,INDEX:MMTW,41.09,47.07,41.09,46.91,0.0
2013-12-17 14:30:00,INDEX:MMTW,44.02,45.93,39.97,45.23,0.0
2013-12-18 14:30:00,INDEX:MMTW,45.81,58.03,40.57,58.03,0.0
2013-12-19 14:30:00,INDEX:MMTW,53.99,54.54,50.94,51.34,0.0
2013-12-20 14:30:00,INDEX:MMTW,54.9,65.36,54.9,64.75,0.0
2013-12-23 14:30:00,INDEX:MMTW,70.49,72.36,69.62,72.06,0.0
2013-12-24 14:30:00,INDEX:MMTW,73.2,76.31,73.2,75.59,0.0
2013-12-26 14:30:00,INDEX:MMTW,78.99,79.36,76.21,76.44,0.0
2013-12-27 14:30:00,INDEX:MMTW,78.59,78.59,74.24,76.3,0.0
2013-12-30 14:30:00,INDEX:MMTW,77.57,77.77,75.83,75.84,0.0
2013-12-31 14:30:00,INDEX:MMTW,78.6,79.86,77.57,78.38,0.0
2014-01-02 14:30:00,INDEX:MMTW,76.06,76.06,65.49,68.09,0.0
2014-01-03 14:30:00,INDEX:MMTW,70.17,71.77,68.08,71.19,0.0
2014-01-06 14:30:00,INDEX:MMTW,73.99,73.99,63.05,63.05,0.0
2014-01-07 14:30:00,INDEX:MMTW,69.03,72.81,67.99,70.87,0.0
2014-01-08 14:30:00,INDEX:MMTW,68.23,68.95,63.49,66.01,0.0
2014-01-09 14:30:00,INDEX:MMTW,67.53,67.53,59.57,63.67,0.0
2014-01-10 14:30:00,INDEX:MMTW,63.11,65.38,61.15,65.15,0.0
2014-01-13 14:30:00,INDEX:MMTW,62.79,62.79,48.3,51.2,0.0
2014-01-14 14:30:00,INDEX:MMTW,53.57,60.59,52.52,60.39,0.0
2014-01-15 14:30:00,INDEX:MMTW,60.91,64.21,60.91,63.53,0.0
2014-01-16 14:30:00,INDEX:MMTW,61.83,62.74,59.68,62.74,0.0
2014-01-17 14:30:00,INDEX:MMTW,61.3,61.87,56.95,58.09,0.0
2014-01-21 14:30:00,INDEX:MMTW,62.94,63.03,57.18,62.05,0.0
2014-01-22 14:30:00,INDEX:MMTW,62.85,63.91,60.36,63.58,0.0
2014-01-23 14:30:00,INDEX:MMTW,58.3,58.3,51.96,55.48,0.0
2014-01-24 14:30:00,INDEX:MMTW,47.37,47.37,35.29,36.28,0.0
2014-01-27 14:30:00,INDEX:MMTW,35.41,35.94,24.15,27.37,0.0
2014-01-28 14:30:00,INDEX:MMTW,27.95,34.53,27.95,34.53,0.0
2014-01-29 14:30:00,INDEX:MMTW,27.24,31.04,25.76,26.38,0.0
2014-01-30 14:30:00,INDEX:MMTW,32.23,38.13,31.46,36.24,0.0
2014-01-31 14:30:00,INDEX:MMTW,28.03,35.29,28.03,32.3,0.0
2014-02-03 14:30:00,INDEX:MMTW,30.82,30.86,18.34,18.88,0.0
2014-02-04 14:30:00,INDEX:MMTW,19.86,23.07,18.36,22.6,0.0
2014-02-05 14:30:00,INDEX:MMTW,19.47,20.99,16.14,19.87,0.0
2014-02-06 14:30:00,INDEX:MMTW,22.28,26.76,22.28,26.59,0.0
2014-02-07 14:30:00,INDEX:MMTW,30.69,34.66,28.07,34.61,0.0
2014-02-10 14:30:00,INDEX:MMTW,34.72,37.87,32.5,37.82,0.0
2014-02-11 14:30:00,INDEX:MMTW,41.32,48.85,40.55,47.66,0.0
2014-02-12 14:30:00,INDEX:MMTW,51.57,54.13,48.81,50.66,0.0
2014-02-13 14:30:00,INDEX:MMTW,47.3,60.69,47.3,60.69,0.0
2014-02-14 14:30:00,INDEX:MMTW,63.69,65.12,60.39,64.3,0.0
2014-02-18 14:30:00,INDEX:MMTW,69.66,71.81,66.69,70.7,0.0
2014-02-19 14:30:00,INDEX:MMTW,71.46,73.19,63.06,63.19,0.0
2014-02-20 14:30:00,INDEX:MMTW,68.75,71.72,65.93,71.35,0.0
2014-02-21 14:30:00,INDEX:MMTW,76.22,76.22,72.56,72.59,0.0
2014-02-24 14:30:00,INDEX:MMTW,76.77,80.22,76.7,76.73,0.0
2014-02-25 14:30:00,INDEX:MMTW,78.46,78.46,72.86,73.06,0.0
2014-02-26 14:30:00,INDEX:MMTW,76.94,78.48,74.25,75.32,0.0
2014-02-27 14:30:00,INDEX:MMTW,76.17,77.59,74.19,77.59,0.0
2014-02-28 14:30:00,INDEX:MMTW,80.32,81.01,74.72,76.79,0.0
2014-03-03 14:30:00,INDEX:MMTW,71.68,73.15,66.49,72.03,0.0
2014-03-04 14:30:00,INDEX:MMTW,80.41,82.28,79.96,81.4,0.0
2014-03-05 14:30:00,INDEX:MMTW,80.56,80.91,79.04,79.92,0.0
2014-03-06 14:30:00,INDEX:MMTW,81.75,81.75,77.84,78.44,0.0
2014-03-07 14:30:00,INDEX:MMTW,77.96,77.96,72.24,73.92,0.0
2014-03-10 13:30:00,INDEX:MMTW,71.45,71.45,67.22,70.04,0.0
2014-03-11 13:30:00,INDEX:MMTW,69.57,70.88,58.27,60.39,0.0
2014-03-12 13:30:00,INDEX:MMTW,52.62,59.5,51.65,59.44,0.0
2014-03-13 13:30:00,INDEX:MMTW,60.05,60.05,44.25,46.18,0.0
2014-03-14 13:30:00,INDEX:MMTW,43.77,49.98,43.77,48.14,0.0
2014-03-17 13:30:00,INDEX:MMTW,52.67,57.26,52.07,52.13,0.0
2014-03-18 13:30:00,INDEX:MMTW,53.48,62.5,53.48,61.86,0.0
2014-03-19 13:30:00,INDEX:MMTW,61.5,61.56,50.37,53.58,0.0
2014-03-20 13:30:00,INDEX:MMTW,49.38,54.87,46.96,54.05,0.0
2014-03-21 13:30:00,INDEX:MMTW,58.48,60.1,52.27,52.88,0.0
2014-03-24 13:30:00,INDEX:MMTW,55.28,55.28,38.87,43.69,0.0
2014-03-25 13:30:00,INDEX:MMTW,50.28,50.89,41.9,45.15,0.0
2014-03-26 13:30:00,INDEX:MMTW,49.24,49.5,32.09,32.09,0.0
2014-03-27 13:30:00,INDEX:MMTW,30.56,33.37,27.43,29.48,0.0
2014-03-28 13:30:00,INDEX:MMTW,30.99,40.61,30.99,33.25,0.0
2014-03-31 13:30:00,INDEX:MMTW,37.9,47.73,37.36,46.44,0.0
2014-04-01 13:30:00,INDEX:MMTW,52.06,59.32,51.24,59.22,0.0
2014-04-02 13:30:00,INDEX:MMTW,61.1,63.46,60.29,63.38,0.0
2014-04-03 13:30:00,INDEX:MMTW,65.22,65.26,55.89,58.2,0.0
2014-04-04 13:30:00,INDEX:MMTW,62.17,63.23,40.4,41.0,0.0
2014-04-07 13:30:00,INDEX:MMTW,39.53,39.53,27.62,29.28,0.0
2014-04-08 13:30:00,INDEX:MMTW,30.21,37.9,29.14,35.63,0.0
2014-04-09 13:30:00,INDEX:MMTW,39.47,45.39,35.68,45.24,0.0
2014-04-10 13:30:00,INDEX:MMTW,44.61,45.71,26.94,27.37,0.0
2014-04-11 13:30:00,INDEX:MMTW,22.63,25.62,20.32,20.89,0.0
2014-04-14 13:30:00,INDEX:MMTW,24.32,27.41,21.41,24.86,0.0
2014-04-15 13:30:00,INDEX:MMTW,25.74,28.42,20.39,27.42,0.0
2014-04-16 13:30:00,INDEX:MMTW,33.49,37.33,30.86,37.33,0.0
2014-04-17 13:30:00,INDEX:MMTW,36.43,43.0,34.98,41.56,0.0
2014-04-21 13:30:00,INDEX:MMTW,44.17,46.99,39.89,46.96,0.0
2014-04-22 13:30:00,INDEX:MMTW,50.49,58.98,49.19,56.84,0.0
2014-04-23 13:30:00,INDEX:MMTW,57.82,57.82,51.9,51.9,0.0
2014-04-24 13:30:00,INDEX:MMTW,48.5,53.29,46.9,50.01,0.0
2014-04-25 13:30:00,INDEX:MMTW,45.17,45.17,34.33,35.88,0.0
2014-04-28 13:30:00,INDEX:MMTW,39.18,41.66,27.76,34.36,0.0
2014-04-29 13:30:00,INDEX:MMTW,39.98,40.65,37.61,37.97,0.0
2014-04-30 13:30:00,INDEX:MMTW,37.76,43.96,33.9,43.75,0.0
2014-05-01 13:30:00,INDEX:MMTW,42.97,48.7,39.76,44.96,0.0
2014-05-02 13:30:00,INDEX:MMTW,49.36,53.85,47.62,48.41,0.0
2014-05-05 13:30:00,INDEX:MMTW,42.65,48.72,42.58,47.75,0.0
2014-05-06 13:30:00,INDEX:MMTW,46.41,46.91,38.16,38.16,0.0
2014-05-07 13:30:00,INDEX:MMTW,39.0,40.42,33.51,40.27,0.0
2014-05-08 13:30:00,INDEX:MMTW,41.31,47.98,36.74,37.16,0.0
2014-05-09 13:30:00,INDEX:MMTW,36.43,40.96,33.73,40.93,0.0
2014-05-12 13:30:00,INDEX:MMTW,46.86,59.54,46.86,58.31,0.0
2014-05-13 13:30:00,INDEX:MMTW,58.13,58.33,51.12,51.12,0.0
2014-05-14 13:30:00,INDEX:MMTW,49.63,49.63,39.58,39.58,0.0
2014-05-15 13:30:00,INDEX:MMTW,33.46,33.46,26.58,31.72,0.0
2014-05-16 13:30:00,INDEX:MMTW,30.72,37.44,28.47,37.43,0.0
2014-05-19 13:30:00,INDEX:MMTW,36.38,46.34,36.38,45.14,0.0
2014-05-20 13:30:00,INDEX:MMTW,42.92,42.92,31.84,34.61,0.0
2014-05-21 13:30:00,INDEX:MMTW,39.9,42.38,35.85,40.67,0.0
2014-05-22 13:30:00,INDEX:MMTW,42.28,50.52,42.28,47.88,0.0
2014-05-23 13:30:00,INDEX:MMTW,51.26,60.02,50.82,60.02,0.0
2014-05-27 13:30:00,INDEX:MMTW,66.98,70.62,66.86,69.35,0.0
2014-05-28 13:30:00,INDEX:MMTW,68.86,68.86,63.72,65.94,0.0
2014-05-29 13:30:00,INDEX:MMTW,70.5,70.91,66.24,69.41,0.0
2014-05-30 13:30:00,INDEX:MMTW,71.5,71.5,63.83,66.69,0.0
2014-06-02 13:30:00,INDEX:MMTW,69.23,69.23,57.23,62.94,0.0
2014-06-03 13:30:00,INDEX:MMTW,59.82,62.09,55.21,58.92,0.0
2014-06-04 13:30:00,INDEX:MMTW,56.63,61.39,55.04,60.7,0.0
2014-06-05 13:30:00,INDEX:MMTW,66.28,74.58,59.67,74.33,0.0
2014-06-06 13:30:00,INDEX:MMTW,77.41,79.41,77.41,78.77,0.0
2014-06-09 13:30:00,INDEX:MMTW,80.42,82.09,78.93,80.16,0.0
2014-06-10 13:30:00,INDEX:MMTW,81.3,81.3,76.77,78.75,0.0
2014-06-11 13:30:00,INDEX:MMTW,76.47,76.9,72.29,74.06,0.0
2014-06-12 13:30:00,INDEX:MMTW,72.82,72.82,65.49,67.6,0.0
2014-06-13 13:30:00,INDEX:MMTW,67.9,68.98,61.99,67.08,0.0
2014-06-16 13:30:00,INDEX:MMTW,64.55,66.78,60.97,64.94,0.0
2014-06-17 13:30:00,INDEX:MMTW,63.54,72.58,63.54,70.62,0.0
2014-06-18 13:30:00,INDEX:MMTW,70.09,74.72,65.75,74.71,0.0
2014-06-19 13:30:00,INDEX:MMTW,76.45,76.45,70.44,73.18,0.0
2014-06-20 13:30:00,INDEX:MMTW,74.52,74.52,69.84,72.37,0.0
2014-06-23 13:30:00,INDEX:MMTW,73.63,73.63,67.21,68.94,0.0
2014-06-24 13:30:00,INDEX:MMTW,68.81,73.92,59.62,59.62,0.0
2014-06-25 13:30:00,INDEX:MMTW,55.76,64.16,55.76,63.99,0.0
2014-06-26 13:30:00,INDEX:MMTW,62.6,62.6,54.24,61.05,0.0
2014-06-27 13:30:00,INDEX:MMTW,57.74,67.16,57.74,67.04,0.0
2014-06-30 13:30:00,INDEX:MMTW,63.12,67.97,61.88,67.23,0.0
2014-07-01 13:30:00,INDEX:MMTW,71.85,78.09,71.32,74.89,0.0
2014-07-02 13:30:00,INDEX:MMTW,74.29,75.1,69.85,70.29,0.0
2014-07-03 13:30:00,INDEX:MMTW,74.24,74.82,73.27,74.73,0.0
2014-07-07 13:30:00,INDEX:MMTW,71.7,71.7,59.35,59.35,0.0
2014-07-08 13:30:00,INDEX:MMTW,54.77,54.77,42.42,46.45,0.0
2014-07-09 13:30:00,INDEX:MMTW,49.72,50.01,45.06,48.04,0.0
2014-07-10 13:30:00,INDEX:MMTW,30.31,41.26,30.31,37.37,0.0
2014-07-11 13:30:00,INDEX:MMTW,35.11,37.0,32.63,36.43,0.0
2014-07-14 13:30:00,INDEX:MMTW,42.5,44.18,40.29,41.6,0.0
2014-07-15 13:30:00,INDEX:MMTW,41.51,43.62,29.73,33.94,0.0
2014-07-16 13:30:00,INDEX:MMTW,38.93,38.93,31.79,35.34,0.0
2014-07-17 13:30:00,INDEX:MMTW,30.0,33.76,23.77,24.4,0.0
2014-07-18 13:30:00,INDEX:MMTW,26.4,36.03,26.4,36.0,0.0
2014-07-21 13:30:00,INDEX:MMTW,31.98,34.45,29.17,33.2,0.0
2014-07-22 13:30:00,INDEX:MMTW,39.02,43.33,38.43,40.7,0.0
2014-07-23 13:30:00,INDEX:MMTW,41.5,43.76,39.2,41.26,0.0
2014-07-24 13:30:00,INDEX:MMTW,44.37,45.06,39.0,39.98,0.0
2014-07-25 13:30:00,INDEX:MMTW,34.58,36.32,32.22,34.1,0.0
2014-07-28 13:30:00,INDEX:MMTW,35.09,35.09,28.75,33.21,0.0
2014-07-29 13:30:00,INDEX:MMTW,35.13,38.08,33.08,33.1,0.0
2014-07-30 13:30:00,INDEX:MMTW,39.28,39.97,33.33,36.49,0.0
2014-07-31 13:30:00,INDEX:MMTW,29.56,30.75,22.63,23.05,0.0
2014-08-01 13:30:00,INDEX:MMTW,22.68,25.48,18.42,21.34,0.0
2014-08-04 13:30:00,INDEX:MMTW,22.74,28.38,20.12,28.18,0.0
2014-08-05 13:30:00,INDEX:MMTW,24.38,30.52,23.37,25.94,0.0
2014-08-06 13:30:00,INDEX:MMTW,22.73,33.77,22.73,31.66,0.0
2014-08-07 13:30:00,INDEX:MMTW,33.55,34.54,26.49,28.07,0.0
2014-08-08 13:30:00,INDEX:MMTW,28.7,37.4,28.65,37.4,0.0
2014-08-11 13:30:00,INDEX:MMTW,41.49,50.2,41.49,46.46,0.0
2014-08-12 13:30:00,INDEX:MMTW,44.81,46.92,39.82,42.24,0.0
2014-08-13 13:30:00,INDEX:MMTW,46.69,50.39,45.14,49.71,0.0
2014-08-14 13:30:00,INDEX:MMTW,52.07,53.87,51.28,53.27,0.0
2014-08-15 13:30:00,INDEX:MMTW,60.39,60.79,45.65,52.64,0.0
2014-08-18 13:30:00,INDEX:MMTW,62.8,65.66,61.68,65.66,0.0
2014-08-19 13:30:00,INDEX:MMTW,70.07,70.9,68.87,68.9,0.0
2014-08-20 13:30:00,INDEX:MMTW,67.61,68.59,63.72,67.3,0.0
2014-08-21 13:30:00,INDEX:MMTW,70.3,70.75,63.28,70.07,0.0
2014-08-22 13:30:00,INDEX:MMTW,70.79,71.17,66.83,69.44,0.0
2014-08-25 13:30:00,INDEX:MMTW,75.22,75.72,69.79,71.76,0.0
2014-08-26 13:30:00,INDEX:MMTW,76.39,77.06,75.63,75.85,0.0
2014-08-27 13:30:00,INDEX:MMTW,79.8,79.8,74.48,75.19,0.0
2014-08-28 13:30:00,INDEX:MMTW,72.91,72.91,70.06,70.08,0.0
2014-08-29 13:30:00,INDEX:MMTW,72.1,74.28,68.12,74.11,0.0
2014-09-02 13:30:00,INDEX:MMTW,76.67,76.87,71.69,74.72,0.0
2014-09-03 13:30:00,INDEX:MMTW,78.89,78.89,67.63,68.13,0.0
2014-09-04 13:30:00,INDEX:MMTW,69.88,73.16,60.62,61.71,0.0
2014-09-05 13:30:00,INDEX:MMTW,58.13,62.56,54.7,62.56,0.0
2014-09-08 13:30:00,INDEX:MMTW,60.66,63.48,56.63,61.17,0.0
2014-09-09 13:30:00,INDEX:MMTW,57.19,57.19,46.7,47.24,0.0
2014-09-10 13:30:00,INDEX:MMTW,45.54,49.17,42.01,49.07,0.0
2014-09-11 13:30:00,INDEX:MMTW,42.42,50.9,41.58,50.82,0.0
2014-09-12 13:30:00,INDEX:MMTW,48.15,48.15,38.06,40.1,0.0
2014-09-15 13:30:00,INDEX:MMTW,37.8,37.8,30.25,30.89,0.0
2014-09-16 13:30:00,INDEX:MMTW,31.2,37.8,29.42,35.62,0.0
2014-09-17 13:30:00,INDEX:MMTW,36.03,42.36,36.03,36.93,0.0
2014-09-18 13:30:00,INDEX:MMTW,40.21,43.36,40.21,42.58,0.0
2014-09-19 13:30:00,INDEX:MMTW,45.43,45.44,34.01,36.28,0.0
2014-09-22 13:30:00,INDEX:MMTW,30.27,30.27,23.59,24.29,0.0
2014-09-23 13:30:00,INDEX:MMTW,20.89,23.91,18.25,18.26,0.0
2014-09-24 13:30:00,INDEX:MMTW,18.4,24.75,17.8,24.29,0.0
2014-09-25 13:30:00,INDEX:MMTW,20.23,20.23,15.05,15.64,0.0
2014-09-26 13:30:00,INDEX:MMTW,15.9,21.1,15.9,21.06,0.0
2014-09-29 13:30:00,INDEX:MMTW,14.97,21.6,14.97,21.42,0.0
2014-09-30 13:30:00,INDEX:MMTW,18.79,22.37,18.71,19.07,0.0
2014-10-01 13:30:00,INDEX:MMTW,16.41,16.59,12.4,13.09,0.0
2014-10-02 13:30:00,INDEX:MMTW,12.21,17.25,11.12,15.88,0.0
2014-10-03 13:30:00,INDEX:MMTW,20.79,25.63,20.79,23.75,0.0
2014-10-06 13:30:00,INDEX:MMTW,27.8,27.8,21.6,21.84,0.0
2014-10-07 13:30:00,INDEX:MMTW,16.72,20.47,15.81,15.82,0.0
2014-10-08 13:30:00,INDEX:MMTW,14.95,29.46,13.94,29.38,0.0
2014-10-09 13:30:00,INDEX:MMTW,28.55,28.55,17.44,17.54,0.0
2014-10-10 13:30:00,INDEX:MMTW,20.44,21.79,15.52,15.52,0.0
2014-10-13 13:30:00,INDEX:MMTW,16.51,23.56,16.51,18.97,0.0
2014-10-14 13:30:00,INDEX:MMTW,26.02,28.8,23.08,24.73,0.0
2014-10-15 13:30:00,INDEX:MMTW,17.44,28.32,17.44,27.38,0.0
2014-10-16 13:30:00,INDEX:MMTW,20.92,36.35,20.92,34.34,0.0
2014-10-17 13:30:00,INDEX:MMTW,42.77,42.77,34.39,36.42,0.0
2014-10-20 13:30:00,INDEX:MMTW,36.5,46.75,36.5,46.75,0.0
2014-10-21 13:30:00,INDEX:MMTW,53.92,63.85,53.92,63.47,0.0
2014-10-22 13:30:00,INDEX:MMTW,65.55,67.23,53.61,53.68,0.0
2014-10-23 13:30:00,INDEX:MMTW,64.49,69.35,62.83,65.56,0.0
2014-10-24 13:30:00,INDEX:MMTW,69.57,70.22,66.77,68.54,0.0
2014-10-27 13:30:00,INDEX:MMTW,65.14,66.75,59.93,66.22,0.0
2014-10-28 13:30:00,INDEX:MMTW,72.0,79.06,72.0,79.05,0.0
2014-10-29 13:30:00,INDEX:MMTW,81.1,81.32,75.0,76.6,0.0
2014-10-30 13:30:00,INDEX:MMTW,76.68,78.98,74.97,78.01,0.0
2014-10-31 13:30:00,INDEX:MMTW,82.75,82.75,80.32,82.15,0.0
2014-11-03 14:30:00,INDEX:MMTW,83.98,83.98,79.63,80.4,0.0
2014-11-04 14:30:00,INDEX:MMTW,78.75,78.86,75.04,75.81,0.0
2014-11-05 14:30:00,INDEX:MMTW,76.98,78.06,75.32,76.41,0.0
2014-11-06 14:30:00,INDEX:MMTW,75.61,76.64,74.55,76.58,0.0
2014-11-07 14:30:00,INDEX:MMTW,76.08,76.79,74.32,76.77,0.0
2014-11-10 14:30:00,INDEX:MMTW,77.59,77.59,74.28,75.25,0.0
2014-11-11 14:30:00,INDEX:MMTW,75.09,75.09,72.99,73.7,0.0
2014-11-12 14:30:00,INDEX:MMTW,72.46,73.72,71.75,73.69,0.0
2014-11-13 14:30:00,INDEX:MMTW,72.86,73.19,66.18,66.95,0.0
2014-11-14 14:30:00,INDEX:MMTW,66.17,66.47,64.34,64.9,0.0
2014-11-17 14:30:00,INDEX:MMTW,62.78,63.37,58.02,58.09,0.0
2014-11-18 14:30:00,INDEX:MMTW,60.53,63.23,60.53,60.73,0.0
2014-11-19 14:30:00,INDEX:MMTW,54.56,54.56,46.56,50.57,0.0
2014-11-20 14:30:00,INDEX:MMTW,45.44,55.19,45.44,55.19,0.0
2014-11-21 14:30:00,INDEX:MMTW,65.06,65.06,56.35,57.02,0.0
2014-11-24 14:30:00,INDEX:MMTW,61.35,63.64,59.61,63.64,0.0
2014-11-25 14:30:00,INDEX:MMTW,66.44,66.44,59.49,61.41,0.0
2014-11-26 14:30:00,INDEX:MMTW,62.7,62.87,59.93,62.84,0.0
2014-11-28 14:30:00,INDEX:MMTW,62.77,62.77,51.6,51.63,0.0
2014-12-01 14:30:00,INDEX:MMTW,45.37,46.55,40.13,40.19,0.0
2014-12-02 14:30:00,INDEX:MMTW,41.96,49.11,41.96,47.34,0.0
2014-12-03 14:30:00,INDEX:MMTW,47.69,55.35,47.69,53.56,0.0
2014-12-04 14:30:00,INDEX:MMTW,52.25,52.87,48.22,49.84,0.0
2014-12-05 14:30:00,INDEX:MMTW,52.81,57.28,52.48,55.84,0.0
2014-12-08 14:30:00,INDEX:MMTW,53.85,58.14,44.7,45.49,0.0
2014-12-09 14:30:00,INDEX:MMTW,36.66,55.13,36.66,55.13,0.0
2014-12-10 14:30:00,INDEX:MMTW,50.85,50.85,36.57,36.57,0.0
2014-12-11 14:30:00,INDEX:MMTW,44.85,49.49,40.53,41.54,0.0
2014-12-12 14:30:00,INDEX:MMTW,34.35,36.97,29.96,29.96,0.0
2014-12-15 14:30:00,INDEX:MMTW,33.33,35.09,23.67,24.79,0.0
2014-12-16 14:30:00,INDEX:MMTW,21.57,34.56,21.57,24.8,0.0
2014-12-17 14:30:00,INDEX:MMTW,24.3,42.78,24.3,42.77,0.0
2014-12-18 14:30:00,INDEX:MMTW,53.1,56.95,49.38,56.95,0.0
2014-12-19 14:30:00,INDEX:MMTW,57.47,62.32,55.77,59.3,0.0
2014-12-22 14:30:00,INDEX:MMTW,61.89,63.94,60.16,63.94,0.0
2014-12-23 14:30:00,INDEX:MMTW,67.3,68.4,66.17,66.68,0.0
2014-12-24 14:30:00,INDEX:MMTW,70.99,70.99,69.1,69.59,0.0
2014-12-26 14:30:00,INDEX:MMTW,76.19,76.44,74.55,74.61,0.0
2014-12-29 14:30:00,INDEX:MMTW,75.16,77.25,73.81,74.42,0.0
2014-12-30 14:30:00,INDEX:MMTW,75.22,76.13,71.99,72.01,0.0
2014-12-31 14:30:00,INDEX:MMTW,74.72,76.75,66.82,66.86,0.0
2015-01-02 14:30:00,INDEX:MMTW,73.68,74.08,54.0,64.34,0.0
2015-01-05 14:30:00,INDEX:MMTW,54.55,54.55,39.65,42.3,0.0
2015-01-06 14:30:00,INDEX:MMTW,43.24,43.24,25.64,30.5,0.0
2015-01-07 14:30:00,INDEX:MMTW,35.05,39.95,33.61,39.95,0.0
2015-01-08 14:30:00,INDEX:MMTW,48.74,57.16,48.74,57.14,0.0
2015-01-09 14:30:00,INDEX:MMTW,55.35,55.35,46.88,49.23,0.0
2015-01-12 14:30:00,INDEX:MMTW,48.2,48.2,38.76,43.01,0.0
2015-01-13 14:30:00,INDEX:MMTW,50.27,54.94,35.66,41.7,0.0
2015-01-14 14:30:00,INDEX:MMTW,32.35,37.73,31.76,37.7,0.0
2015-01-15 14:30:00,INDEX:MMTW,39.02,39.02,29.11,29.17,0.0
2015-01-16 14:30:00,INDEX:MMTW,28.01,39.07,28.01,39.02,0.0
2015-01-20 14:30:00,INDEX:MMTW,40.94,40.94,32.34,36.41,0.0
2015-01-21 14:30:00,INDEX:MMTW,34.67,40.32,34.67,37.68,0.0
2015-01-22 14:30:00,INDEX:MMTW,42.62,51.9,38.29,51.9,0.0
2015-01-23 14:30:00,INDEX:MMTW,51.69,51.81,48.51,48.56,0.0
2015-01-26 14:30:00,INDEX:MMTW,49.13,55.95,46.33,55.88,0.0
2015-01-27 14:30:00,INDEX:MMTW,49.65,55.71,46.99,51.83,0.0
2015-01-28 14:30:00,INDEX:MMTW,56.89,56.89,39.24,40.0,0.0
2015-01-29 14:30:00,INDEX:MMTW,42.79,50.14,37.37,49.97,0.0
2015-01-30 14:30:00,INDEX:MMTW,46.92,47.61,36.34,36.34,0.0
2015-02-02 14:30:00,INDEX:MMTW,39.79,47.03,31.08,46.95,0.0
2015-02-03 14:30:00,INDEX:MMTW,54.68,64.15,54.68,63.84,0.0
2015-02-04 14:30:00,INDEX:MMTW,60.57,64.62,58.05,58.58,0.0
2015-02-05 14:30:00,INDEX:MMTW,63.48,70.18,63.48,69.6,0.0
2015-02-06 14:30:00,INDEX:MMTW,69.71,70.96,64.43,64.9,0.0
2015-02-09 14:30:00,INDEX:MMTW,63.31,66.89,59.64,59.67,0.0
2015-02-10 14:30:00,INDEX:MMTW,64.48,65.25,57.43,63.66,0.0
2015-02-11 14:30:00,INDEX:MMTW,63.2,63.54,58.86,61.51,0.0
2015-02-12 14:30:00,INDEX:MMTW,66.04,69.24,65.31,68.88,0.0
2015-02-13 14:30:00,INDEX:MMTW,70.8,71.89,69.26,71.14,0.0
2015-02-17 14:30:00,INDEX:MMTW,72.19,73.41,70.85,71.47,0.0
2015-02-18 14:30:00,INDEX:MMTW,71.38,72.29,69.21,72.28,0.0
2015-02-19 14:30:00,INDEX:MMTW,70.06,71.81,69.36,69.92,0.0
2015-02-20 14:30:00,INDEX:MMTW,71.67,71.67,65.28,69.73,0.0
2015-02-23 14:30:00,INDEX:MMTW,69.42,69.42,63.96,67.08,0.0
2015-02-24 14:30:00,INDEX:MMTW,69.03,70.45,67.02,67.82,0.0
2015-02-25 14:30:00,INDEX:MMTW,69.25,70.64,67.8,68.5,0.0
2015-02-26 14:30:00,INDEX:MMTW,69.14,69.14,65.07,66.6,0.0
2015-02-27 14:30:00,INDEX:MMTW,67.26,67.26,62.86,62.86,0.0
2015-03-02 14:30:00,INDEX:MMTW,62.59,66.66,62.29,65.44,0.0
2015-03-03 14:30:00,INDEX:MMTW,61.8,61.8,57.26,58.74,0.0
2015-03-04 14:30:00,INDEX:MMTW,53.65,53.65,48.63,52.14,0.0
2015-03-05 14:30:00,INDEX:MMTW,50.13,54.11,48.64,51.65,0.0
2015-03-06 14:30:00,INDEX:MMTW,46.89,49.92,40.03,40.93,0.0
2015-03-09 13:30:00,INDEX:MMTW,40.61,43.2,40.61,43.06,0.0
2015-03-10 13:30:00,INDEX:MMTW,32.2,32.23,29.46,29.87,0.0
2015-03-11 13:30:00,INDEX:MMTW,27.7,34.06,27.7,32.39,0.0
2015-03-12 13:30:00,INDEX:MMTW,37.29,46.16,37.29,46.16,0.0
2015-03-13 13:30:00,INDEX:MMTW,41.62,44.0,36.1,42.68,0.0
2015-03-16 13:30:00,INDEX:MMTW,45.2,47.35,44.81,46.79,0.0
2015-03-17 13:30:00,INDEX:MMTW,41.89,48.88,41.89,48.37,0.0
2015-03-18 13:30:00,INDEX:MMTW,44.96,60.47,43.68,58.55,0.0
2015-03-19 13:30:00,INDEX:MMTW,55.9,57.92,54.62,56.9,0.0
2015-03-20 13:30:00,INDEX:MMTW,64.11,66.5,63.16,64.31,0.0
2015-03-23 13:30:00,INDEX:MMTW,66.44,69.14,65.76,65.78,0.0
2015-03-24 13:30:00,INDEX:MMTW,67.34,68.65,64.62,65.28,0.0
2015-03-25 13:30:00,INDEX:MMTW,67.49,67.49,45.66,45.66,0.0
2015-03-26 13:30:00,INDEX:MMTW,43.13,47.47,41.5,43.84,0.0
2015-03-27 13:30:00,INDEX:MMTW,43.79,47.44,41.41,47.42,0.0
2015-03-30 13:30:00,INDEX:MMTW,54.74,61.61,54.74,60.62,0.0
2015-03-31 13:30:00,INDEX:MMTW,54.53,59.02,53.39,56.04,0.0
2015-04-01 13:30:00,INDEX:MMTW,54.19,55.76,47.01,55.76,0.0
2015-04-02 13:30:00,INDEX:MMTW,57.61,64.5,57.61,60.85,0.0
2015-04-06 13:30:00,INDEX:MMTW,56.57,67.46,56.57,65.23,0.0
2015-04-07 13:30:00,INDEX:MMTW,67.24,68.13,60.16,60.22,0.0
2015-04-08 13:30:00,INDEX:MMTW,62.36,64.99,58.97,63.08,0.0
2015-04-09 13:30:00,INDEX:MMTW,64.05,64.05,51.33,58.56,0.0
2015-04-10 13:30:00,INDEX:MMTW,61.71,63.87,60.16,62.42,0.0
2015-04-13 13:30:00,INDEX:MMTW,63.4,65.91,60.18,60.36,0.0
2015-04-14 13:30:00,INDEX:MMTW,62.17,62.17,53.89,59.58,0.0
2015-04-15 13:30:00,INDEX:MMTW,64.2,67.9,64.03,65.18,0.0
2015-04-16 13:30:00,INDEX:MMTW,64.17,65.32,61.65,62.89,0.0
2015-04-17 13:30:00,INDEX:MMTW,53.75,53.75,43.53,46.2,0.0
2015-04-20 13:30:00,INDEX:MMTW,53.62,59.02,52.93,57.93,0.0
2015-04-21 13:30:00,INDEX:MMTW,63.46,63.46,56.57,56.65,0.0
2015-04-22 13:30:00,INDEX:MMTW,58.95,60.34,51.51,59.67,0.0
2015-04-23 13:30:00,INDEX:MMTW,58.48,63.99,56.85,63.04,0.0
2015-04-24 13:30:00,INDEX:MMTW,62.75,62.75,58.0,60.4,0.0
2015-04-27 13:30:00,INDEX:MMTW,62.66,66.29,48.82,49.72,0.0
2015-04-28 13:30:00,INDEX:MMTW,50.06,56.43,43.35,55.65,0.0
2015-04-29 13:30:00,INDEX:MMTW,49.89,51.46,46.51,47.14,0.0
2015-04-30 13:30:00,INDEX:MMTW,43.75,43.75,33.33,34.77,0.0
2015-05-01 13:30:00,INDEX:MMTW,38.09,39.3,34.78,39.18,0.0
2015-05-04 13:30:00,INDEX:MMTW,41.46,44.69,40.8,41.87,0.0
2015-05-05 13:30:00,INDEX:MMTW,41.3,42.26,29.95,31.37,0.0
2015-05-06 13:30:00,INDEX:MMTW,34.65,34.65,27.16,30.34,0.0
2015-05-07 13:30:00,INDEX:MMTW,27.73,34.03,27.15,32.65,0.0
2015-05-08 13:30:00,INDEX:MMTW,41.56,43.08,39.72,41.33,0.0
2015-05-11 13:30:00,INDEX:MMTW,42.21,45.42,40.72,41.75,0.0
2015-05-12 13:30:00,INDEX:MMTW,37.1,41.19,31.97,39.79,0.0
2015-05-13 13:30:00,INDEX:MMTW,45.04,45.04,37.65,40.36,0.0
2015-05-14 13:30:00,INDEX:MMTW,46.51,50.9,44.51,50.01,0.0
2015-05-15 13:30:00,INDEX:MMTW,51.57,51.57,46.8,51.54,0.0
2015-05-18 13:30:00,INDEX:MMTW,50.63,57.68,50.63,57.42,0.0
2015-05-19 13:30:00,INDEX:MMTW,58.56,58.56,53.12,54.37,0.0
2015-05-20 13:30:00,INDEX:MMTW,56.69,57.26,53.96,55.06,0.0
2015-05-21 13:30:00,INDEX:MMTW,57.05,59.38,54.58,56.6,0.0
2015-05-22 13:30:00,INDEX:MMTW,56.32,57.83,51.67,53.46,0.0
2015-05-26 13:30:00,INDEX:MMTW,49.83,49.83,39.39,40.97,0.0
2015-05-27 13:30:00,INDEX:MMTW,42.12,52.29,42.12,52.27,0.0
2015-05-28 13:30:00,INDEX:MMTW,52.09,52.09,47.42,51.8,0.0
2015-05-29 13:30:00,INDEX:MMTW,50.03,50.03,41.37,44.36,0.0
2015-06-01 13:30:00,INDEX:MMTW,48.61,49.94,39.03,46.15,0.0
2015-06-02 13:30:00,INDEX:MMTW,42.99,54.53,40.85,49.91,0.0
2015-06-03 13:30:00,INDEX:MMTW,51.46,57.95,50.51,56.29,0.0
2015-06-04 13:30:00,INDEX:MMTW,50.19,52.94,42.75,43.92,0.0
2015-06-05 13:30:00,INDEX:MMTW,40.0,48.71,36.83,48.71,0.0
2015-06-08 13:30:00,INDEX:MMTW,46.35,47.41,42.12,42.25,0.0
2015-06-09 13:30:00,INDEX:MMTW,41.27,42.68,36.25,40.1,0.0
2015-06-10 13:30:00,INDEX:MMTW,43.44,54.95,43.44,52.72,0.0
2015-06-11 13:30:00,INDEX:MMTW,54.0,54.96,52.72,53.46,0.0
2015-06-12 13:30:00,INDEX:MMTW,49.13,51.25,48.65,50.43,0.0
2015-06-15 13:30:00,INDEX:MMTW,40.13,46.62,37.0,44.89,0.0
2015-06-16 13:30:00,INDEX:MMTW,43.18,50.43,43.18,49.97,0.0
2015-06-17 13:30:00,INDEX:MMTW,53.53,54.49,48.2,51.74,0.0
2015-06-18 13:30:00,INDEX:MMTW,56.63,64.79,56.63,62.52,0.0
2015-06-19 13:30:00,INDEX:MMTW,63.1,63.74,59.32,59.32,0.0
2015-06-22 13:30:00,INDEX:MMTW,66.11,66.11,62.93,62.93,0.0
2015-06-23 13:30:00,INDEX:MMTW,64.06,65.33,62.36,64.92,0.0
2015-06-24 13:30:00,INDEX:MMTW,65.65,65.65,56.95,56.95,0.0
2015-06-25 13:30:00,INDEX:MMTW,58.53,58.53,52.29,53.47,0.0
2015-06-26 13:30:00,INDEX:MMTW,53.17,55.08,46.99,50.71,0.0
2015-06-29 13:30:00,INDEX:MMTW,40.83,42.57,26.04,26.06,0.0
2015-06-30 13:30:00,INDEX:MMTW,31.15,32.34,27.45,30.42,0.0
2015-07-01 13:30:00,INDEX:MMTW,36.66,39.26,31.66,34.83,0.0
2015-07-02 13:30:00,INDEX:MMTW,35.75,35.77,28.99,31.31,0.0
2015-07-06 13:30:00,INDEX:MMTW,23.17,31.78,23.17,29.89,0.0
2015-07-07 13:30:00,INDEX:MMTW,28.64,31.73,19.67,31.53,0.0
2015-07-08 13:30:00,INDEX:MMTW,26.06,26.67,19.62,20.31,0.0
2015-07-09 13:30:00,INDEX:MMTW,28.73,28.73,22.67,23.3,0.0
2015-07-10 13:30:00,INDEX:MMTW,32.63,37.94,32.57,37.9,0.0
2015-07-13 13:30:00,INDEX:MMTW,44.9,47.27,44.9,46.72,0.0
2015-07-14 13:30:00,INDEX:MMTW,46.84,52.62,46.84,51.43,0.0
2015-07-15 13:30:00,INDEX:MMTW,51.5,51.5,44.38,45.32,0.0
2015-07-16 13:30:00,INDEX:MMTW,50.39,53.12,50.39,52.1,0.0
2015-07-17 13:30:00,INDEX:MMTW,53.47,53.47,45.76,48.67,0.0
2015-07-20 13:30:00,INDEX:MMTW,49.91,49.91,43.38,43.94,0.0
2015-07-21 13:30:00,INDEX:MMTW,48.23,48.23,40.92,41.77,0.0
2015-07-22 13:30:00,INDEX:MMTW,40.94,45.14,40.94,44.02,0.0
2015-07-23 13:30:00,INDEX:MMTW,46.67,46.67,35.38,36.0,0.0
2015-07-24 13:30:00,INDEX:MMTW,35.76,35.76,28.09,28.61,0.0
2015-07-27 13:30:00,INDEX:MMTW,24.58,26.11,24.03,24.91,0.0
2015-07-28 13:30:00,INDEX:MMTW,25.9,30.86,22.47,29.97,0.0
2015-07-29 13:30:00,INDEX:MMTW,32.29,37.84,32.29,37.05,0.0
2015-07-30 13:30:00,INDEX:MMTW,35.17,39.21,34.0,39.11,0.0
2015-07-31 13:30:00,INDEX:MMTW,43.98,46.31,42.61,43.24,0.0
2015-08-03 13:30:00,INDEX:MMTW,43.94,43.94,36.77,39.47,0.0
2015-08-04 13:30:00,INDEX:MMTW,42.4,43.09,38.69,39.37,0.0
2015-08-05 13:30:00,INDEX:MMTW,45.02,47.23,41.25,42.72,0.0
2015-08-06 13:30:00,INDEX:MMTW,43.4,43.4,33.33,36.53,0.0
2015-08-07 13:30:00,INDEX:MMTW,34.74,34.74,33.13,34.46,0.0
2015-08-10 13:30:00,INDEX:MMTW,39.92,46.4,39.92,46.33,0.0
2015-08-11 13:30:00,INDEX:MMTW,40.17,42.14,37.39,39.53,0.0
2015-08-12 13:30:00,INDEX:MMTW,34.19,39.66,31.0,39.37,0.0
2015-08-13 13:30:00,INDEX:MMTW,40.67,41.57,36.67,38.0,0.0
2015-08-14 13:30:00,INDEX:MMTW,38.2,44.63,38.2,44.63,0.0
2015-08-17 13:30:00,INDEX:MMTW,40.77,51.05,40.37,50.67,0.0
2015-08-18 13:30:00,INDEX:MMTW,50.43,50.43,46.03,46.95,0.0
2015-08-19 13:30:00,INDEX:MMTW,40.62,44.22,34.99,38.48,0.0
2015-08-20 13:30:00,INDEX:MMTW,31.15,31.69,24.42,24.42,0.0
2015-08-21 13:30:00,INDEX:MMTW,16.77,21.45,16.03,16.52,0.0
2015-08-24 13:30:00,INDEX:MMTW,5.33,11.38,5.33,6.5,0.0
2015-08-25 13:30:00,INDEX:MMTW,10.4,10.4,6.67,6.72,0.0
2015-08-26 13:30:00,INDEX:MMTW,9.34,10.44,6.67,10.44,0.0
2015-08-27 13:30:00,INDEX:MMTW,13.58,20.01,12.24,18.49,0.0
2015-08-28 13:30:00,INDEX:MMTW,17.81,27.18,17.81,25.72,0.0
2015-08-31 13:30:00,INDEX:MMTW,23.46,30.81,22.06,29.25,0.0
2015-09-01 13:30:00,INDEX:MMTW,19.76,22.87,17.7,18.64,0.0
2015-09-02 13:30:00,INDEX:MMTW,22.09,24.22,19.53,24.11,0.0
2015-09-03 13:30:00,INDEX:MMTW,26.43,33.14,26.39,26.85,0.0
2015-09-04 13:30:00,INDEX:MMTW,19.35,24.39,19.35,23.35,0.0
2015-09-08 13:30:00,INDEX:MMTW,35.1,40.57,32.87,40.27,0.0
2015-09-09 13:30:00,INDEX:MMTW,47.67,47.67,31.84,32.92,0.0
2015-09-10 13:30:00,INDEX:MMTW,32.54,39.57,31.87,38.4,0.0
2015-09-11 13:30:00,INDEX:MMTW,33.0,43.41,31.97,43.41,0.0
2015-09-14 13:30:00,INDEX:MMTW,42.06,42.06,38.47,41.49,0.0
2015-09-15 13:30:00,INDEX:MMTW,42.01,55.06,41.95,55.06,0.0
2015-09-16 13:30:00,INDEX:MMTW,57.93,67.31,57.22,67.31,0.0
2015-09-17 13:30:00,INDEX:MMTW,67.09,76.18,67.09,70.35,0.0
2015-09-18 13:30:00,INDEX:MMTW,58.93,62.33,53.81,56.74,0.0
2015-09-21 13:30:00,INDEX:MMTW,62.74,67.68,58.13,59.56,0.0
2015-09-22 13:30:00,INDEX:MMTW,46.5,50.84,41.44,42.1,0.0
2015-09-23 13:30:00,INDEX:MMTW,42.91,46.15,38.55,38.55,0.0
2015-09-24 13:30:00,INDEX:MMTW,33.57,37.84,29.68,36.64,0.0
2015-09-25 13:30:00,INDEX:MMTW,41.96,41.96,31.2,31.67,0.0
2015-09-28 13:30:00,INDEX:MMTW,27.57,27.99,19.03,19.03,0.0
2015-09-29 13:30:00,INDEX:MMTW,18.03,21.18,17.97,19.82,0.0
2015-09-30 13:30:00,INDEX:MMTW,24.31,27.97,22.99,27.65,0.0
2015-10-01 13:30:00,INDEX:MMTW,28.88,28.88,21.5,26.76,0.0
2015-10-02 13:30:00,INDEX:MMTW,19.26,35.89,18.78,35.89,0.0
2015-10-05 13:30:00,INDEX:MMTW,44.72,58.63,44.72,58.49,0.0
2015-10-06 13:30:00,INDEX:MMTW,59.05,62.0,55.15,57.61,0.0
2015-10-07 13:30:00,INDEX:MMTW,63.03,68.08,61.31,67.06,0.0
2015-10-08 13:30:00,INDEX:MMTW,68.3,73.56,67.85,73.44,0.0
2015-10-09 13:30:00,INDEX:MMTW,75.85,76.45,73.17,73.39,0.0
2015-10-12 13:30:00,INDEX:MMTW,75.55,75.55,72.3,73.35,0.0
2015-10-13 13:30:00,INDEX:MMTW,72.55,76.16,66.73,66.73,0.0
2015-10-14 13:30:00,INDEX:MMTW,69.07,70.48,58.55,58.55,0.0
2015-10-15 13:30:00,INDEX:MMTW,64.6,74.77,60.86,74.71,0.0
2015-10-16 13:30:00,INDEX:MMTW,78.1,78.1,70.55,74.54,0.0
2015-10-19 13:30:00,INDEX:MMTW,74.06,77.29,72.21,74.46,0.0
2015-10-20 13:30:00,INDEX:MMTW,75.57,77.76,73.46,74.29,0.0
2015-10-21 13:30:00,INDEX:MMTW,76.57,76.57,63.42,63.46,0.0
2015-10-22 13:30:00,INDEX:MMTW,68.75,72.7,65.2,68.45,0.0
2015-10-23 13:30:00,INDEX:MMTW,71.94,73.61,67.99,71.83,0.0
2015-10-26 13:30:00,INDEX:MMTW,70.61,70.61,64.02,64.35,0.0
2015-10-27 13:30:00,INDEX:MMTW,58.38,58.52,49.49,50.93,0.0
2015-10-28 13:30:00,INDEX:MMTW,51.51,64.55,51.51,64.55,0.0
2015-10-29 13:30:00,INDEX:MMTW,60.01,62.11,56.63,57.44,0.0
2015-10-30 13:30:00,INDEX:MMTW,58.69,58.69,54.4,54.4,0.0
2015-11-02 14:30:00,INDEX:MMTW,55.94,66.02,55.94,65.21,0.0
2015-11-03 14:30:00,INDEX:MMTW,64.66,69.68,63.76,67.62,0.0
2015-11-04 14:30:00,INDEX:MMTW,69.49,69.49,61.88,64.15,0.0
2015-11-05 14:30:00,INDEX:MMTW,63.84,64.52,59.32,62.68,0.0
2015-11-06 14:30:00,INDEX:MMTW,59.03,61.91,55.65,61.9,0.0
2015-11-09 14:30:00,INDEX:MMTW,59.54,59.54,52.06,53.01,0.0
2015-11-10 14:30:00,INDEX:MMTW,51.45,53.58,49.42,52.89,0.0
2015-11-11 14:30:00,INDEX:MMTW,53.34,53.41,48.81,48.81,0.0
2015-11-12 14:30:00,INDEX:MMTW,42.8,43.56,35.69,35.69,0.0
2015-11-13 14:30:00,INDEX:MMTW,31.72,36.05,29.3,30.71,0.0
2015-11-16 14:30:00,INDEX:MMTW,28.93,38.51,27.93,38.51,0.0
2015-11-17 14:30:00,INDEX:MMTW,37.63,43.09,35.82,36.31,0.0
2015-11-18 14:30:00,INDEX:MMTW,37.46,47.68,36.78,46.99,0.0
2015-11-19 14:30:00,INDEX:MMTW,47.08,48.62,44.7,46.28,0.0
2015-11-20 14:30:00,INDEX:MMTW,50.41,53.56,50.2,51.07,0.0
2015-11-23 14:30:00,INDEX:MMTW,51.13,54.84,50.45,52.18,0.0
2015-11-24 14:30:00,INDEX:MMTW,47.67,56.47,43.9,55.57,0.0
2015-11-25 14:30:00,INDEX:MMTW,57.07,60.82,54.65,60.12,0.0
2015-11-27 14:30:00,INDEX:MMTW,60.35,63.5,59.45,62.52,0.0
2015-11-30 14:30:00,INDEX:MMTW,64.79,64.79,60.04,60.56,0.0
2015-12-01 14:30:00,INDEX:MMTW,65.35,66.98,61.25,65.79,0.0
2015-12-02 14:30:00,INDEX:MMTW,65.32,66.68,54.7,55.29,0.0
2015-12-03 14:30:00,INDEX:MMTW,58.52,58.52,38.62,40.57,0.0
2015-12-04 14:30:00,INDEX:MMTW,41.8,52.51,41.8,52.27,0.0
2015-12-07 14:30:00,INDEX:MMTW,50.01,50.01,39.34,41.25,0.0
2015-12-08 14:30:00,INDEX:MMTW,32.29,38.33,30.99,35.16,0.0
2015-12-09 14:30:00,INDEX:MMTW,32.33,40.54,26.64,28.03,0.0
2015-12-10 14:30:00,INDEX:MMTW,26.48,34.18,26.48,29.95,0.0
2015-12-11 14:30:00,INDEX:MMTW,20.42,22.24,17.98,18.12,0.0
2015-12-14 14:30:00,INDEX:MMTW,17.56,17.85,13.78,16.5,0.0
2015-12-15 14:30:00,INDEX:MMTW,20.49,24.77,20.49,24.76,0.0
2015-12-16 14:30:00,INDEX:MMTW,28.15,35.95,26.5,35.29,0.0
2015-12-17 14:30:00,INDEX:MMTW,37.4,37.4,28.67,28.67,0.0
2015-12-18 14:30:00,INDEX:MMTW,25.79,27.41,24.58,25.17,0.0
2015-12-21 14:30:00,INDEX:MMTW,28.36,29.86,26.59,29.86,0.0
2015-12-22 14:30:00,INDEX:MMTW,30.47,36.96,28.95,36.24,0.0
2015-12-23 14:30:00,INDEX:MMTW,41.06,49.61,41.06,49.51,0.0
2015-12-24 14:30:00,INDEX:MMTW,51.22,55.89,49.57,52.09,0.0
2015-12-28 14:30:00,INDEX:MMTW,49.51,49.73,42.78,47.97,0.0
2015-12-29 14:30:00,INDEX:MMTW,57.64,60.06,51.66,58.8,0.0
2015-12-30 14:30:00,INDEX:MMTW,58.08,59.3,51.39,51.42,0.0
2015-12-31 14:30:00,INDEX:MMTW,50.08,53.33,42.99,43.0,0.0
2016-01-04 14:30:00,INDEX:MMTW,28.88,30.25,22.44,30.24,0.0
2016-01-05 14:30:00,INDEX:MMTW,32.51,34.41,29.34,33.0,0.0
2016-01-06 14:30:00,INDEX:MMTW,24.33,30.06,24.33,26.88,0.0
2016-01-07 14:30:00,INDEX:MMTW,17.12,19.81,15.47,15.49,0.0
2016-01-08 14:30:00,INDEX:MMTW,16.1,16.4,13.45,13.46,0.0
2016-01-11 14:30:00,INDEX:MMTW,13.92,13.92,11.08,12.8,0.0
2016-01-12 14:30:00,INDEX:MMTW,13.11,14.46,10.15,13.08,0.0
2016-01-13 14:30:00,INDEX:MMTW,12.64,13.89,7.71,8.05,0.0
2016-01-14 14:30:00,INDEX:MMTW,7.19,11.96,6.33,10.64,0.0
2016-01-15 14:30:00,INDEX:MMTW,5.55,7.16,4.7,6.75,0.0
2016-01-19 14:30:00,INDEX:MMTW,8.75,9.2,6.69,7.77,0.0
2016-01-20 14:30:00,INDEX:MMTW,4.83,8.14,3.14,6.71,0.0
2016-01-21 14:30:00,INDEX:MMTW,6.93,10.22,5.58,8.03,0.0
2016-01-22 14:30:00,INDEX:MMTW,13.16,17.61,13.02,17.58,0.0
2016-01-25 14:30:00,INDEX:MMTW,17.57,17.87,13.07,13.07,0.0
2016-01-26 14:30:00,INDEX:MMTW,16.86,24.47,15.95,23.98,0.0
2016-01-27 14:30:00,INDEX:MMTW,23.63,30.15,20.14,21.46,0.0
2016-01-28 14:30:00,INDEX:MMTW,31.45,32.01,25.78,29.15,0.0
2016-01-29 14:30:00,INDEX:MMTW,36.15,51.96,36.15,51.13,0.0
2016-02-01 14:30:00,INDEX:MMTW,50.05,54.89,45.36,52.0,0.0
2016-02-02 14:30:00,INDEX:MMTW,46.92,46.92,38.83,39.94,0.0
2016-02-03 14:30:00,INDEX:MMTW,48.26,48.26,34.76,46.06,0.0
2016-02-04 14:30:00,INDEX:MMTW,50.11,58.64,49.72,52.81,0.0
2016-02-05 14:30:00,INDEX:MMTW,53.67,53.67,40.92,41.03,0.0
2016-02-08 14:30:00,INDEX:MMTW,33.68,33.74,27.33,33.21,0.0
2016-02-09 14:30:00,INDEX:MMTW,28.04,33.33,27.24,29.77,0.0
2016-02-10 14:30:00,INDEX:MMTW,34.32,39.92,30.49,30.49,0.0
2016-02-11 14:30:00,INDEX:MMTW,21.74,25.47,19.93,24.29,0.0
2016-02-12 14:30:00,INDEX:MMTW,31.15,37.22,28.18,37.21,0.0
2016-02-16 14:30:00,INDEX:MMTW,45.49,52.08,43.02,51.66,0.0
2016-02-17 14:30:00,INDEX:MMTW,60.02,64.5,59.19,63.15,0.0
2016-02-18 14:30:00,INDEX:MMTW,63.5,63.52,58.74,59.76,0.0
2016-02-19 14:30:00,INDEX:MMTW,56.95,61.87,55.74,60.0,0.0
2016-02-22 14:30:00,INDEX:MMTW,70.44,71.85,68.95,68.97,0.0
2016-02-23 14:30:00,INDEX:MMTW,69.31,70.29,61.05,61.08,0.0
2016-02-24 14:30:00,INDEX:MMTW,51.94,65.77,49.05,65.7,0.0
2016-02-25 14:30:00,INDEX:MMTW,69.2,69.7,64.24,69.7,0.0
2016-02-26 14:30:00,INDEX:MMTW,74.79,76.72,73.51,74.6,0.0
2016-02-29 14:30:00,INDEX:MMTW,77.26,79.92,72.72,72.72,0.0
2016-03-01 14:30:00,INDEX:MMTW,80.02,82.73,79.34,82.73,0.0
2016-03-02 14:30:00,INDEX:MMTW,83.42,86.45,82.8,86.37,0.0
2016-03-03 14:30:00,INDEX:MMTW,87.85,88.07,86.65,86.65,0.0
2016-03-04 14:30:00,INDEX:MMTW,89.15,89.81,87.47,87.47,0.0
2016-03-07 14:30:00,INDEX:MMTW,87.58,90.28,87.58,89.42,0.0
2016-03-08 14:30:00,INDEX:MMTW,88.35,88.81,82.78,82.79,0.0
2016-03-09 14:30:00,INDEX:MMTW,85.01,85.01,82.56,83.32,0.0
2016-03-10 14:30:00,INDEX:MMTW,85.25,85.25,73.28,78.08,0.0
2016-03-11 14:30:00,INDEX:MMTW,81.08,84.09,80.68,84.03,0.0
2016-03-14 13:30:00,INDEX:MMTW,82.92,83.03,80.85,81.93,0.0
2016-03-15 13:30:00,INDEX:MMTW,77.74,77.74,70.05,70.33,0.0
2016-03-16 13:30:00,INDEX:MMTW,67.65,73.96,67.65,73.01,0.0
2016-03-17 13:30:00,INDEX:MMTW,71.91,77.82,69.66,76.73,0.0
2016-03-18 13:30:00,INDEX:MMTW,77.84,81.37,77.84,79.72,0.0
2016-03-21 13:30:00,INDEX:MMTW,79.38,80.65,78.03,78.42,0.0
2016-03-22 13:30:00,INDEX:MMTW,74.66,78.01,73.32,75.4,0.0
2016-03-23 13:30:00,INDEX:MMTW,72.7,72.7,58.38,58.39,0.0
2016-03-24 13:30:00,INDEX:MMTW,46.74,58.57,46.63,58.48,0.0
2016-03-28 13:30:00,INDEX:MMTW,59.3,60.25,51.62,57.13,0.0
2016-03-29 13:30:00,INDEX:MMTW,49.27,71.16,48.53,70.23,0.0
2016-03-30 13:30:00,INDEX:MMTW,75.0,77.51,71.03,72.35,0.0
2016-03-31 13:30:00,INDEX:MMTW,72.75,75.0,70.22,70.27,0.0
2016-04-01 13:30:00,INDEX:MMTW,62.19,70.96,60.26,69.66,0.0
2016-04-04 13:30:00,INDEX:MMTW,69.66,71.47,62.64,62.95,0.0
2016-04-05 13:30:00,INDEX:MMTW,54.8,56.6,51.6,51.6,0.0
2016-04-06 13:30:00,INDEX:MMTW,50.94,58.9,48.42,58.31,0.0
2016-04-07 13:30:00,INDEX:MMTW,51.31,53.22,43.31,45.76,0.0
2016-04-08 13:30:00,INDEX:MMTW,52.86,57.63,49.06,51.5,0.0
2016-04-11 13:30:00,INDEX:MMTW,55.6,63.5,50.8,50.89,0.0
2016-04-12 13:30:00,INDEX:MMTW,51.07,62.78,50.22,61.2,0.0
2016-04-13 13:30:00,INDEX:MMTW,66.53,76.89,66.53,76.48,0.0
2016-04-14 13:30:00,INDEX:MMTW,76.64,76.64,72.97,73.14,0.0
2016-04-15 13:30:00,INDEX:MMTW,72.3,75.84,72.3,73.22,0.0
2016-04-18 13:30:00,INDEX:MMTW,69.29,78.25,69.29,77.46,0.0
2016-04-19 13:30:00,INDEX:MMTW,80.15,82.24,76.4,78.32,0.0
2016-04-20 13:30:00,INDEX:MMTW,78.29,79.01,75.73,75.89,0.0
2016-04-21 13:30:00,INDEX:MMTW,75.38,75.66,69.24,69.82,0.0
2016-04-22 13:30:00,INDEX:MMTW,69.83,73.84,69.83,72.88,0.0
2016-04-25 13:30:00,INDEX:MMTW,70.34,70.53,65.01,66.99,0.0
2016-04-26 13:30:00,INDEX:MMTW,68.49,72.74,66.42,72.74,0.0
2016-04-27 13:30:00,INDEX:MMTW,72.84,74.46,69.61,73.15,0.0
2016-04-28 13:30:00,INDEX:MMTW,68.05,73.47,64.27,64.49,0.0
2016-04-29 13:30:00,INDEX:MMTW,62.46,62.46,53.46,57.65,0.0
2016-05-02 13:30:00,INDEX:MMTW,58.6,62.81,57.19,62.61,0.0
2016-05-03 13:30:00,INDEX:MMTW,54.65,54.65,42.96,48.17,0.0
2016-05-04 13:30:00,INDEX:MMTW,41.32,46.77,39.94,41.33,0.0
2016-05-05 13:30:00,INDEX:MMTW,42.43,44.7,38.56,38.67,0.0
2016-05-06 13:30:00,INDEX:MMTW,34.45,41.03,34.45,41.01,0.0
2016-05-09 13:30:00,INDEX:MMTW,36.91,41.41,35.99,38.56,0.0
2016-05-10 13:30:00,INDEX:MMTW,40.26,47.27,40.26,47.27,0.0
2016-05-11 13:30:00,INDEX:MMTW,43.51,45.42,39.74,39.85,0.0
2016-05-12 13:30:00,INDEX:MMTW,44.15,44.15,34.55,37.12,0.0
2016-05-13 13:30:00,INDEX:MMTW,34.06,37.1,31.0,32.29,0.0
2016-05-16 13:30:00,INDEX:MMTW,34.64,42.27,34.64,40.53,0.0
2016-05-17 13:30:00,INDEX:MMTW,38.62,41.49,29.42,30.51,0.0
2016-05-18 13:30:00,INDEX:MMTW,28.67,38.86,28.67,32.98,0.0
2016-05-19 13:30:00,INDEX:MMTW,28.07,31.1,21.67,28.12,0.0
2016-05-20 13:30:00,INDEX:MMTW,31.97,40.17,31.97,39.9,0.0
2016-05-23 13:30:00,INDEX:MMTW,40.67,43.78,39.67,40.56,0.0
2016-05-24 13:30:00,INDEX:MMTW,47.66,57.26,47.66,57.26,0.0
2016-05-25 13:30:00,INDEX:MMTW,63.01,65.37,62.83,64.43,0.0
2016-05-26 13:30:00,INDEX:MMTW,68.53,68.53,64.38,64.68,0.0
2016-05-27 13:30:00,INDEX:MMTW,66.8,69.58,66.8,69.04,0.0
2016-05-31 13:30:00,INDEX:MMTW,72.66,72.91,68.01,70.7,0.0
2016-06-01 13:30:00,INDEX:MMTW,68.62,75.17,67.77,75.01,0.0
2016-06-02 13:30:00,INDEX:MMTW,73.97,77.16,72.99,77.09,0.0
2016-06-03 13:30:00,INDEX:MMTW,78.47,78.47,71.45,75.43,0.0
2016-06-06 13:30:00,INDEX:MMTW,78.12,81.68,78.12,80.93,0.0
2016-06-07 13:30:00,INDEX:MMTW,83.64,83.93,81.62,81.62,0.0
2016-06-08 13:30:00,INDEX:MMTW,84.16,84.83,83.05,83.96,0.0
2016-06-09 13:30:00,INDEX:MMTW,79.79,79.79,75.71,77.19,0.0
2016-06-10 13:30:00,INDEX:MMTW,67.64,67.83,58.94,61.28,0.0
2016-06-13 13:30:00,INDEX:MMTW,55.08,59.28,48.05,48.16,0.0
2016-06-14 13:30:00,INDEX:MMTW,44.73,48.58,39.79,44.19,0.0
2016-06-15 13:30:00,INDEX:MMTW,43.56,50.3,43.52,44.52,0.0
2016-06-16 13:30:00,INDEX:MMTW,36.03,43.03,31.11,43.01,0.0
2016-06-17 13:30:00,INDEX:MMTW,40.8,44.05,38.5,40.52,0.0
2016-06-20 13:30:00,INDEX:MMTW,53.74,58.58,50.3,50.55,0.0
2016-06-21 13:30:00,INDEX:MMTW,49.9,49.9,43.4,47.42,0.0
2016-06-22 13:30:00,INDEX:MMTW,49.37,53.38,43.89,43.91,0.0
2016-06-23 13:30:00,INDEX:MMTW,55.66,63.55,55.66,63.55,0.0
2016-06-24 13:30:00,INDEX:MMTW,21.45,32.66,21.45,26.89,0.0
2016-06-27 13:30:00,INDEX:MMTW,19.81,19.81,13.39,16.09,0.0
2016-06-28 13:30:00,INDEX:MMTW,18.25,24.47,18.25,24.24,0.0
2016-06-29 13:30:00,INDEX:MMTW,30.45,37.86,29.8,37.0,0.0
2016-06-30 13:30:00,INDEX:MMTW,39.67,50.24,36.87,50.15,0.0
2016-07-01 13:30:00,INDEX:MMTW,52.76,59.2,52.76,55.8,0.0
2016-07-05 13:30:00,INDEX:MMTW,50.77,50.77,41.79,44.86,0.0
2016-07-06 13:30:00,INDEX:MMTW,42.89,50.63,40.88,50.57,0.0
2016-07-07 13:30:00,INDEX:MMTW,56.01,59.78,49.69,52.99,0.0
2016-07-08 13:30:00,INDEX:MMTW,64.74,73.64,64.74,72.9,0.0
2016-07-11 13:30:00,INDEX:MMTW,78.24,80.03,78.08,78.87,0.0
2016-07-12 13:30:00,INDEX:MMTW,84.9,87.88,84.9,86.44,0.0
2016-07-13 13:30:00,INDEX:MMTW,89.07,89.07,82.82,83.39,0.0
2016-07-14 13:30:00,INDEX:MMTW,88.32,88.32,83.44,83.44,0.0
2016-07-15 13:30:00,INDEX:MMTW,86.2,86.2,81.87,82.96,0.0
2016-07-18 13:30:00,INDEX:MMTW,83.2,84.79,81.88,83.83,0.0
2016-07-19 13:30:00,INDEX:MMTW,83.63,83.63,78.85,79.67,0.0
2016-07-20 13:30:00,INDEX:MMTW,79.53,82.62,78.35,81.85,0.0
2016-07-21 13:30:00,INDEX:MMTW,81.99,82.92,76.59,77.44,0.0
2016-07-22 13:30:00,INDEX:MMTW,78.6,81.4,77.86,80.39,0.0
2016-07-25 13:30:00,INDEX:MMTW,78.23,78.34,73.4,74.41,0.0
2016-07-26 13:30:00,INDEX:MMTW,72.11,75.18,71.15,72.69,0.0
2016-07-27 13:30:00,INDEX:MMTW,72.19,72.46,66.53,69.07,0.0
2016-07-28 13:30:00,INDEX:MMTW,66.66,66.99,63.9,65.87,0.0
2016-07-29 13:30:00,INDEX:MMTW,64.26,67.92,60.66,65.8,0.0
2016-08-01 13:30:00,INDEX:MMTW,64.27,64.96,60.22,60.93,0.0
2016-08-02 13:30:00,INDEX:MMTW,59.35,59.35,46.4,48.91,0.0
2016-08-03 13:30:00,INDEX:MMTW,45.04,53.56,45.04,53.55,0.0
2016-08-04 13:30:00,INDEX:MMTW,52.25,54.34,50.82,51.71,0.0
2016-08-05 13:30:00,INDEX:MMTW,54.09,61.36,54.09,60.54,0.0
2016-08-08 13:30:00,INDEX:MMTW,61.85,64.26,59.95,64.25,0.0
2016-08-09 13:30:00,INDEX:MMTW,61.25,62.26,59.48,60.33,0.0
2016-08-10 13:30:00,INDEX:MMTW,60.62,60.62,54.71,55.45,0.0
2016-08-11 13:30:00,INDEX:MMTW,59.19,61.16,57.26,59.83,0.0
2016-08-12 13:30:00,INDEX:MMTW,58.48,60.36,56.72,58.75,0.0
2016-08-15 13:30:00,INDEX:MMTW,61.94,65.65,61.94,64.18,0.0
2016-08-16 13:30:00,INDEX:MMTW,61.91,62.08,57.95,57.98,0.0
2016-08-17 13:30:00,INDEX:MMTW,57.05,57.05,51.01,55.04,0.0
2016-08-18 13:30:00,INDEX:MMTW,55.68,60.85,55.48,60.85,0.0
2016-08-19 13:30:00,INDEX:MMTW,56.06,59.17,56.06,58.66,0.0
2016-08-22 13:30:00,INDEX:MMTW,55.18,59.1,54.44,58.92,0.0
2016-08-23 13:30:00,INDEX:MMTW,63.49,66.59,63.49,63.92,0.0
2016-08-24 13:30:00,INDEX:MMTW,64.11,64.52,55.68,56.88,0.0
2016-08-25 13:30:00,INDEX:MMTW,54.04,60.17,54.04,57.17,0.0
2016-08-26 13:30:00,INDEX:MMTW,59.46,65.22,49.75,53.62,0.0
2016-08-29 13:30:00,INDEX:MMTW,53.52,60.62,53.52,58.74,0.0
2016-08-30 13:30:00,INDEX:MMTW,58.92,59.88,55.01,56.78,0.0
2016-08-31 13:30:00,INDEX:MMTW,54.01,54.95,47.05,51.23,0.0
2016-09-01 13:30:00,INDEX:MMTW,50.41,51.64,43.2,51.56,0.0
2016-09-02 13:30:00,INDEX:MMTW,58.51,61.69,57.45,61.21,0.0
2016-09-06 13:30:00,INDEX:MMTW,63.6,64.5,59.27,64.44,0.0
2016-09-07 13:30:00,INDEX:MMTW,63.89,68.71,63.89,67.41,0.0
2016-09-08 13:30:00,INDEX:MMTW,66.32,67.11,64.33,65.42,0.0
2016-09-09 13:30:00,INDEX:MMTW,53.37,53.37,33.56,33.61,0.0
2016-09-12 13:30:00,INDEX:MMTW,27.49,43.91,26.75,43.9,0.0
2016-09-13 13:30:00,INDEX:MMTW,33.47,35.41,24.6,27.23,0.0
2016-09-14 13:30:00,INDEX:MMTW,24.45,29.47,21.56,26.57,0.0
2016-09-15 13:30:00,INDEX:MMTW,26.28,36.12,25.98,35.5,0.0
2016-09-16 13:30:00,INDEX:MMTW,31.96,35.33,30.26,35.28,0.0
2016-09-19 13:30:00,INDEX:MMTW,39.73,45.11,36.36,39.36,0.0
2016-09-20 13:30:00,INDEX:MMTW,43.26,43.26,38.08,38.4,0.0
2016-09-21 13:30:00,INDEX:MMTW,44.09,52.47,40.4,52.44,0.0
2016-09-22 13:30:00,INDEX:MMTW,62.18,66.49,61.48,65.39,0.0
2016-09-23 13:30:00,INDEX:MMTW,64.01,64.72,57.99,58.02,0.0
2016-09-26 13:30:00,INDEX:MMTW,52.17,52.97,45.39,45.41,0.0
2016-09-27 13:30:00,INDEX:MMTW,43.82,52.17,43.82,51.04,0.0
2016-09-28 13:30:00,INDEX:MMTW,54.85,61.85,48.14,61.4,0.0
2016-09-29 13:30:00,INDEX:MMTW,59.81,61.54,47.35,47.4,0.0
2016-09-30 13:30:00,INDEX:MMTW,54.39,61.59,49.69,58.75,0.0
2016-10-03 13:30:00,INDEX:MMTW,56.46,56.84,51.98,54.86,0.0
2016-10-04 13:30:00,INDEX:MMTW,57.74,59.14,48.03,50.72,0.0
2016-10-05 13:30:00,INDEX:MMTW,56.66,62.67,56.66,59.09,0.0
2016-10-06 13:30:00,INDEX:MMTW,57.85,58.7,52.63,57.4,0.0
2016-10-07 13:30:00,INDEX:MMTW,58.29,58.29,46.51,50.49,0.0
2016-10-10 13:30:00,INDEX:MMTW,56.31,61.57,56.31,59.29,0.0
2016-10-11 13:30:00,INDEX:MMTW,53.25,53.25,38.0,40.64,0.0
2016-10-12 13:30:00,INDEX:MMTW,39.57,44.05,36.66,41.04,0.0
2016-10-13 13:30:00,INDEX:MMTW,31.01,34.77,25.56,31.23,0.0
2016-10-14 13:30:00,INDEX:MMTW,35.91,39.0,31.21,31.47,0.0
2016-10-17 13:30:00,INDEX:MMTW,30.3,31.42,28.74,29.4,0.0
2016-10-18 13:30:00,INDEX:MMTW,38.33,38.89,33.66,36.13,0.0
2016-10-19 13:30:00,INDEX:MMTW,37.83,44.83,35.8,42.58,0.0
2016-10-20 13:30:00,INDEX:MMTW,40.48,43.64,36.8,41.47,0.0
2016-10-21 13:30:00,INDEX:MMTW,33.7,41.11,33.48,40.85,0.0
2016-10-24 13:30:00,INDEX:MMTW,48.67,52.62,45.09,47.42,0.0
2016-10-25 13:30:00,INDEX:MMTW,45.94,45.94,40.22,40.74,0.0
2016-10-26 13:30:00,INDEX:MMTW,36.64,42.06,35.11,35.89,0.0
2016-10-27 13:30:00,INDEX:MMTW,38.95,38.95,31.34,32.15,0.0
2016-10-28 13:30:00,INDEX:MMTW,33.18,35.99,30.18,30.97,0.0
2016-10-31 13:30:00,INDEX:MMTW,32.9,35.03,31.67,34.55,0.0
2016-11-01 13:30:00,INDEX:MMTW,36.37,36.37,25.11,27.9,0.0
2016-11-02 13:30:00,INDEX:MMTW,26.41,27.59,22.71,22.71,0.0
2016-11-03 13:30:00,INDEX:MMTW,23.9,26.21,22.62,23.03,0.0
2016-11-04 13:30:00,INDEX:MMTW,22.71,30.9,22.71,24.31,0.0
2016-11-07 14:30:00,INDEX:MMTW,36.36,42.33,36.36,42.09,0.0
2016-11-08 14:30:00,INDEX:MMTW,40.93,47.51,40.74,45.63,0.0
2016-11-09 14:30:00,INDEX:MMTW,40.29,58.44,40.29,57.88,0.0
2016-11-10 14:30:00,INDEX:MMTW,61.36,62.94,56.5,60.62,0.0
2016-11-11 14:30:00,INDEX:MMTW,61.39,65.74,61.28,65.69,0.0
2016-11-14 14:30:00,INDEX:MMTW,67.49,68.46,65.98,67.79,0.0
2016-11-15 14:30:00,INDEX:MMTW,69.86,71.26,69.23,70.76,0.0
2016-11-16 14:30:00,INDEX:MMTW,71.17,71.97,70.47,71.12,0.0
2016-11-17 14:30:00,INDEX:MMTW,74.37,74.86,73.34,73.36,0.0
2016-11-18 14:30:00,INDEX:MMTW,75.6,75.6,73.77,74.41,0.0
2016-11-21 14:30:00,INDEX:MMTW,78.24,78.64,76.93,77.46,0.0
2016-11-22 14:30:00,INDEX:MMTW,79.32,79.87,78.33,79.67,0.0
2016-11-23 14:30:00,INDEX:MMTW,78.32,80.15,78.25,80.04,0.0
2016-11-25 14:30:00,INDEX:MMTW,81.59,81.92,81.19,81.92,0.0
2016-11-28 14:30:00,INDEX:MMTW,82.39,82.39,78.01,78.06,0.0
2016-11-29 14:30:00,INDEX:MMTW,77.18,77.58,75.29,75.29,0.0
2016-11-30 14:30:00,INDEX:MMTW,79.02,79.02,71.79,71.92,0.0
2016-12-01 14:30:00,INDEX:MMTW,71.16,72.2,60.96,61.99,0.0
2016-12-02 14:30:00,INDEX:MMTW,59.5,63.73,59.5,61.57,0.0
2016-12-05 14:30:00,INDEX:MMTW,62.53,67.89,62.53,67.85,0.0
2016-12-06 14:30:00,INDEX:MMTW,67.58,70.98,65.28,70.15,0.0
2016-12-07 14:30:00,INDEX:MMTW,69.68,74.84,68.22,74.21,0.0
2016-12-08 14:30:00,INDEX:MMTW,72.82,77.76,72.82,76.6,0.0
2016-12-09 14:30:00,INDEX:MMTW,78.1,79.37,75.88,76.45,0.0
2016-12-12 14:30:00,INDEX:MMTW,75.17,76.04,71.1,71.54,0.0
2016-12-13 14:30:00,INDEX:MMTW,73.75,74.83,70.32,71.95,0.0
2016-12-14 14:30:00,INDEX:MMTW,69.77,70.63,59.27,59.27,0.0
2016-12-15 14:30:00,INDEX:MMTW,56.85,65.42,56.67,61.57,0.0
2016-12-16 14:30:00,INDEX:MMTW,62.67,66.36,58.63,60.23,0.0
2016-12-19 14:30:00,INDEX:MMTW,61.12,64.48,61.12,62.77,0.0
2016-12-20 14:30:00,INDEX:MMTW,65.97,65.97,65.97,65.97,0.0
2016-12-21 14:30:00,INDEX:MMTW,65.58,65.63,61.99,61.99,0.0
2016-12-22 14:30:00,INDEX:MMTW,59.24,59.49,53.3,54.4,0.0
2016-12-23 14:30:00,INDEX:MMTW,54.15,59.65,54.15,59.65,0.0
2016-12-27 14:30:00,INDEX:MMTW,59.7,64.3,59.7,62.65,0.0
2016-12-28 14:30:00,INDEX:MMTW,61.69,61.69,48.43,50.02,0.0
2016-12-29 14:30:00,INDEX:MMTW,51.44,53.22,47.13,49.78,0.0
2016-12-30 14:30:00,INDEX:MMTW,47.56,47.56,42.47,44.79,0.0
2017-01-03 14:30:00,INDEX:MMTW,52.47,57.26,44.85,52.97,0.0
2017-01-04 14:30:00,INDEX:MMTW,57.97,69.77,57.97,68.99,0.0
2017-01-05 14:30:00,INDEX:MMTW,68.39,68.39,55.74,58.87,0.0
2017-01-06 14:30:00,INDEX:MMTW,59.77,60.58,55.26,56.6,0.0
2017-01-09 14:30:00,INDEX:MMTW,52.97,53.22,48.27,48.39,0.0
2017-01-10 14:30:00,INDEX:MMTW,49.87,57.5,49.87,55.95,0.0
2017-01-11 14:30:00,INDEX:MMTW,55.54,58.53,52.31,58.53,0.0
2017-01-12 14:30:00,INDEX:MMTW,55.74,55.74,43.13,51.11,0.0
2017-01-13 14:30:00,INDEX:MMTW,55.37,58.88,55.37,56.81,0.0
2017-01-17 14:30:00,INDEX:MMTW,53.91,53.91,47.33,48.15,0.0
2017-01-18 14:30:00,INDEX:MMTW,47.99,49.95,47.41,49.95,0.0
2017-01-19 14:30:00,INDEX:MMTW,47.57,47.57,40.23,42.36,0.0
2017-01-20 14:30:00,INDEX:MMTW,44.89,48.62,44.73,47.47,0.0
2017-01-23 14:30:00,INDEX:MMTW,46.27,47.94,41.08,44.95,0.0
2017-01-24 14:30:00,INDEX:MMTW,47.4,57.1,47.4,56.53,0.0
2017-01-25 14:30:00,INDEX:MMTW,63.01,64.76,62.32,64.23,0.0
2017-01-26 14:30:00,INDEX:MMTW,65.15,65.15,58.9,59.33,0.0
2017-01-27 14:30:00,INDEX:MMTW,58.96,58.96,53.65,55.65,0.0
2017-01-30 14:30:00,INDEX:MMTW,47.78,47.78,39.43,45.05,0.0
2017-01-31 14:30:00,INDEX:MMTW,42.43,49.32,39.39,49.17,0.0
2017-02-01 14:30:00,INDEX:MMTW,54.52,54.52,46.01,47.44,0.0
2017-02-02 14:30:00,INDEX:MMTW,47.03,50.18,45.85,47.94,0.0
2017-02-03 14:30:00,INDEX:MMTW,54.54,60.96,52.84,60.95,0.0
2017-02-06 14:30:00,INDEX:MMTW,58.32,59.11,52.75,53.84,0.0
2017-02-07 14:30:00,INDEX:MMTW,54.14,55.77,48.16,49.9,0.0
2017-02-08 14:30:00,INDEX:MMTW,45.47,49.35,43.39,48.79,0.0
2017-02-09 14:30:00,INDEX:MMTW,52.57,58.51,52.57,58.14,0.0
2017-02-10 14:30:00,INDEX:MMTW,63.02,66.48,61.71,66.48,0.0
2017-02-13 14:30:00,INDEX:MMTW,69.93,71.22,67.05,68.23,0.0
2017-02-14 14:30:00,INDEX:MMTW,66.32,69.29,64.56,69.1,0.0
2017-02-15 14:30:00,INDEX:MMTW,64.81,71.57,64.81,71.55,0.0
2017-02-16 14:30:00,INDEX:MMTW,72.21,72.21,65.31,67.09,0.0
2017-02-17 14:30:00,INDEX:MMTW,64.67,66.39,62.98,66.37,0.0
2017-02-21 14:30:00,INDEX:MMTW,67.88,69.91,67.11,69.45,0.0
2017-02-22 14:30:00,INDEX:MMTW,67.64,67.64,63.38,64.93,0.0
2017-02-23 14:30:00,INDEX:MMTW,67.63,67.63,57.32,60.12,0.0
2017-02-24 14:30:00,INDEX:MMTW,53.79,58.4,53.79,58.32,0.0
2017-02-27 14:30:00,INDEX:MMTW,57.77,64.29,56.54,64.29,0.0
2017-02-28 14:30:00,INDEX:MMTW,59.59,59.59,50.15,50.26,0.0
2017-03-01 14:30:00,INDEX:MMTW,60.9,64.93,60.66,63.59,0.0
2017-03-02 14:30:00,INDEX:MMTW,60.69,60.77,52.99,53.0,0.0
2017-03-03 14:30:00,INDEX:MMTW,54.07,55.06,47.81,51.73,0.0
2017-03-06 14:30:00,INDEX:MMTW,45.01,45.65,41.74,44.43,0.0
2017-03-07 14:30:00,INDEX:MMTW,42.7,42.7,38.41,38.58,0.0
2017-03-08 14:30:00,INDEX:MMTW,38.95,41.17,33.89,33.93,0.0
2017-03-09 14:30:00,INDEX:MMTW,33.35,35.69,29.95,31.06,0.0
2017-03-10 14:30:00,INDEX:MMTW,36.82,37.23,31.59,34.91,0.0
2017-03-13 13:30:00,INDEX:MMTW,36.37,38.58,36.27,38.06,0.0
2017-03-14 13:30:00,INDEX:MMTW,34.15,34.37,30.97,33.58,0.0
2017-03-15 13:30:00,INDEX:MMTW,37.85,47.89,37.85,45.32,0.0
2017-03-16 13:30:00,INDEX:MMTW,50.76,51.35,47.22,49.2,0.0
2017-03-17 13:30:00,INDEX:MMTW,49.03,53.72,47.18,52.55,0.0
2017-03-20 13:30:00,INDEX:MMTW,51.21,51.21,46.72,48.84,0.0
2017-03-21 13:30:00,INDEX:MMTW,53.9,53.9,31.29,31.36,0.0
2017-03-22 13:30:00,INDEX:MMTW,28.96,31.58,26.91,31.49,0.0
2017-03-23 13:30:00,INDEX:MMTW,30.26,40.05,30.26,36.26,0.0
2017-03-24 13:30:00,INDEX:MMTW,39.58,42.73,35.44,37.12,0.0
2017-03-27 13:30:00,INDEX:MMTW,31.86,41.55,31.24,40.86,0.0
2017-03-28 13:30:00,INDEX:MMTW,39.9,48.37,38.46,47.3,0.0
2017-03-29 13:30:00,INDEX:MMTW,47.05,55.55,47.05,55.1,0.0
2017-03-30 13:30:00,INDEX:MMTW,55.74,62.21,55.74,62.21,0.0
2017-03-31 13:30:00,INDEX:MMTW,60.8,67.01,60.8,63.35,0.0
2017-04-03 13:30:00,INDEX:MMTW,66.36,66.75,51.99,53.41,0.0
2017-04-04 13:30:00,INDEX:MMTW,52.39,55.01,50.47,52.43,0.0
2017-04-05 13:30:00,INDEX:MMTW,57.2,62.38,43.57,43.71,0.0
2017-04-06 13:30:00,INDEX:MMTW,42.52,52.04,42.52,51.68,0.0
2017-04-07 13:30:00,INDEX:MMTW,49.4,53.3,48.28,51.18,0.0
2017-04-10 13:30:00,INDEX:MMTW,51.57,58.61,49.86,52.48,0.0
2017-04-11 13:30:00,INDEX:MMTW,50.01,57.52,48.01,57.49,0.0
2017-04-12 13:30:00,INDEX:MMTW,56.0,56.18,45.71,46.23,0.0
2017-04-13 13:30:00,INDEX:MMTW,44.04,46.9,37.72,37.72,0.0
2017-04-17 13:30:00,INDEX:MMTW,41.43,49.0,39.91,49.0,0.0
2017-04-18 13:30:00,INDEX:MMTW,43.16,49.06,42.34,48.25,0.0
2017-04-19 13:30:00,INDEX:MMTW,55.21,56.9,49.44,51.22,0.0
2017-04-20 13:30:00,INDEX:MMTW,56.86,62.9,55.0,62.34,0.0
2017-04-21 13:30:00,INDEX:MMTW,61.26,62.96,57.62,59.35,0.0
2017-04-24 13:30:00,INDEX:MMTW,70.12,70.12,66.3,68.75,0.0
2017-04-25 13:30:00,INDEX:MMTW,72.3,74.62,72.3,72.78,0.0
2017-04-26 13:30:00,INDEX:MMTW,71.58,75.46,71.58,72.64,0.0
2017-04-27 13:30:00,INDEX:MMTW,72.87,73.25,68.88,69.65,0.0
2017-04-28 13:30:00,INDEX:MMTW,68.99,68.99,62.2,62.41,0.0
2017-05-01 13:30:00,INDEX:MMTW,64.65,65.19,61.07,63.43,0.0
2017-05-02 13:30:00,INDEX:MMTW,64.83,64.83,59.35,60.65,0.0
2017-05-03 13:30:00,INDEX:MMTW,57.52,57.62,51.91,53.4,0.0
2017-05-04 13:30:00,INDEX:MMTW,54.6,54.6,47.86,51.02,0.0
2017-05-05 13:30:00,INDEX:MMTW,51.5,54.38,49.77,54.26,0.0
2017-05-08 13:30:00,INDEX:MMTW,54.74,54.93,50.16,52.81,0.0
2017-05-09 13:30:00,INDEX:MMTW,53.24,53.24,49.28,51.49,0.0
2017-05-10 13:30:00,INDEX:MMTW,50.37,54.79,50.37,54.27,0.0
2017-05-11 13:30:00,INDEX:MMTW,51.0,51.0,43.12,48.66,0.0
2017-05-12 13:30:00,INDEX:MMTW,45.95,45.95,43.06,44.16,0.0
2017-05-15 13:30:00,INDEX:MMTW,47.85,52.15,47.85,49.35,0.0
2017-05-16 13:30:00,INDEX:MMTW,50.54,50.54,43.8,47.6,0.0
2017-05-17 13:30:00,INDEX:MMTW,38.83,38.83,30.74,30.76,0.0
2017-05-18 13:30:00,INDEX:MMTW,26.93,33.68,26.93,32.02,0.0
2017-05-19 13:30:00,INDEX:MMTW,33.04,40.58,33.04,38.21,0.0
2017-05-22 13:30:00,INDEX:MMTW,41.25,43.52,40.34,43.25,0.0
2017-05-23 13:30:00,INDEX:MMTW,45.09,46.31,42.15,45.56,0.0
2017-05-24 13:30:00,INDEX:MMTW,47.77,49.2,44.05,45.8,0.0
2017-05-25 13:30:00,INDEX:MMTW,49.59,52.99,45.13,47.31,0.0
2017-05-26 13:30:00,INDEX:MMTW,47.53,47.96,45.08,47.35,0.0
2017-05-30 13:30:00,INDEX:MMTW,45.45,46.01,42.75,42.78,0.0
2017-05-31 13:30:00,INDEX:MMTW,44.94,44.94,36.8,44.91,0.0
2017-06-01 13:30:00,INDEX:MMTW,45.52,57.75,45.52,57.45,0.0
2017-06-02 13:30:00,INDEX:MMTW,60.91,66.42,60.15,61.94,0.0
2017-06-05 13:30:00,INDEX:MMTW,61.6,62.03,56.52,56.58,0.0
2017-06-06 13:30:00,INDEX:MMTW,51.11,57.37,50.02,53.95,0.0
2017-06-07 13:30:00,INDEX:MMTW,54.92,58.56,51.31,53.89,0.0
2017-06-08 13:30:00,INDEX:MMTW,54.26,65.09,54.26,63.56,0.0
2017-06-09 13:30:00,INDEX:MMTW,65.67,70.11,61.84,64.36,0.0
2017-06-12 13:30:00,INDEX:MMTW,64.24,64.51,62.0,62.99,0.0
2017-06-13 13:30:00,INDEX:MMTW,65.87,69.13,65.46,69.06,0.0
2017-06-14 13:30:00,INDEX:MMTW,70.83,70.83,60.86,63.22,0.0
2017-06-15 13:30:00,INDEX:MMTW,55.82,58.77,54.72,58.63,0.0
2017-06-16 13:30:00,INDEX:MMTW,53.16,55.73,51.45,55.73,0.0
2017-06-19 13:30:00,INDEX:MMTW,59.2,62.34,59.2,61.64,0.0
2017-06-20 13:30:00,INDEX:MMTW,57.74,57.74,50.41,50.46,0.0
2017-06-21 13:30:00,INDEX:MMTW,50.28,52.91,44.83,44.97,0.0
2017-06-22 13:30:00,INDEX:MMTW,46.3,50.09,44.24,46.3,0.0
2017-06-23 13:30:00,INDEX:MMTW,47.39,53.65,46.02,53.65,0.0
2017-06-26 13:30:00,INDEX:MMTW,57.21,58.8,52.45,56.09,0.0
2017-06-27 13:30:00,INDEX:MMTW,55.64,58.69,47.43,47.44,0.0
2017-06-28 13:30:00,INDEX:MMTW,52.17,61.98,51.46,60.31,0.0
2017-06-29 13:30:00,INDEX:MMTW,60.93,60.93,45.68,53.9,0.0
2017-06-30 13:30:00,INDEX:MMTW,55.99,56.86,52.4,54.4,0.0
2017-07-03 13:30:00,INDEX:MMTW,57.7,62.92,57.7,61.95,0.0
2017-07-05 13:30:00,INDEX:MMTW,60.71,60.71,50.82,54.83,0.0
2017-07-06 13:30:00,INDEX:MMTW,49.11,49.11,39.68,40.64,0.0
2017-07-07 13:30:00,INDEX:MMTW,42.75,51.97,42.15,51.97,0.0
2017-07-10 13:30:00,INDEX:MMTW,49.17,54.35,47.26,49.29,0.0
2017-07-11 13:30:00,INDEX:MMTW,48.01,51.27,45.51,50.9,0.0
2017-07-12 13:30:00,INDEX:MMTW,58.8,64.52,58.38,59.93,0.0
2017-07-13 13:30:00,INDEX:MMTW,61.78,61.78,55.67,60.97,0.0
2017-07-14 13:30:00,INDEX:MMTW,59.66,65.84,59.66,63.47,0.0
2017-07-17 13:30:00,INDEX:MMTW,61.84,67.32,61.81,65.11,0.0
2017-07-18 13:30:00,INDEX:MMTW,61.02,62.11,57.64,61.18,0.0
2017-07-19 13:30:00,INDEX:MMTW,64.36,67.58,63.95,67.52,0.0
2017-07-20 13:30:00,INDEX:MMTW,68.03,68.03,63.71,64.97,0.0
2017-07-21 13:30:00,INDEX:MMTW,67.22,67.22,60.19,61.05,0.0
2017-07-24 13:30:00,INDEX:MMTW,60.03,60.24,56.9,59.43,0.0
2017-07-25 13:30:00,INDEX:MMTW,66.03,68.81,64.6,65.91,0.0
2017-07-26 13:30:00,INDEX:MMTW,66.36,66.36,61.18,61.18,0.0
2017-07-27 13:30:00,INDEX:MMTW,62.46,62.46,52.95,55.93,0.0
2017-07-28 13:30:00,INDEX:MMTW,53.65,54.94,52.2,54.11,0.0
2017-07-31 13:30:00,INDEX:MMTW,56.17,56.17,49.46,52.88,0.0
2017-08-01 13:30:00,INDEX:MMTW,56.66,56.66,50.65,53.7,0.0
2017-08-02 13:30:00,INDEX:MMTW,51.51,51.63,42.38,45.75,0.0
2017-08-03 13:30:00,INDEX:MMTW,44.4,45.3,39.96,40.95,0.0
2017-08-04 13:30:00,INDEX:MMTW,43.0,44.66,41.69,44.66,0.0
2017-08-07 13:30:00,INDEX:MMTW,43.6,44.69,41.83,43.61,0.0
2017-08-08 13:30:00,INDEX:MMTW,42.33,49.2,40.44,40.92,0.0
2017-08-09 13:30:00,INDEX:MMTW,36.67,37.12,34.48,35.54,0.0
2017-08-10 13:30:00,INDEX:MMTW,31.89,32.1,25.56,25.56,0.0
2017-08-11 13:30:00,INDEX:MMTW,24.74,25.87,24.21,25.67,0.0
2017-08-14 13:30:00,INDEX:MMTW,30.95,36.91,30.95,36.87,0.0
2017-08-15 13:30:00,INDEX:MMTW,36.05,36.05,32.34,32.75,0.0
2017-08-16 13:30:00,INDEX:MMTW,36.07,38.01,34.79,35.19,0.0
2017-08-17 13:30:00,INDEX:MMTW,33.4,35.33,24.35,24.35,0.0
2017-08-18 13:30:00,INDEX:MMTW,21.3,26.52,21.04,24.88,0.0
2017-08-21 13:30:00,INDEX:MMTW,24.29,26.55,23.37,26.38,0.0
2017-08-22 13:30:00,INDEX:MMTW,29.53,34.05,29.53,33.33,0.0
2017-08-23 13:30:00,INDEX:MMTW,30.92,35.58,30.92,34.16,0.0
2017-08-24 13:30:00,INDEX:MMTW,38.53,38.57,35.79,36.93,0.0
2017-08-25 13:30:00,INDEX:MMTW,41.48,43.39,38.69,41.71,0.0
2017-08-28 13:30:00,INDEX:MMTW,46.05,46.05,40.35,42.53,0.0
2017-08-29 13:30:00,INDEX:MMTW,39.02,46.15,38.17,45.11,0.0
2017-08-30 13:30:00,INDEX:MMTW,45.8,52.73,45.8,51.89,0.0
2017-08-31 13:30:00,INDEX:MMTW,57.67,63.88,57.67,61.96,0.0
2017-09-01 13:30:00,INDEX:MMTW,66.91,70.17,66.91,69.71,0.0
2017-09-05 13:30:00,INDEX:MMTW,70.9,70.9,56.72,59.23,0.0
2017-09-06 13:30:00,INDEX:MMTW,64.68,65.29,60.97,61.87,0.0
2017-09-07 13:30:00,INDEX:MMTW,64.22,64.22,59.97,60.86,0.0
2017-09-08 13:30:00,INDEX:MMTW,59.32,62.06,57.53,60.0,0.0
2017-09-11 13:30:00,INDEX:MMTW,67.11,71.9,67.11,70.14,0.0
2017-09-12 13:30:00,INDEX:MMTW,73.05,76.44,73.05,74.99,0.0
2017-09-13 13:30:00,INDEX:MMTW,74.39,75.9,74.32,74.81,0.0
2017-09-14 13:30:00,INDEX:MMTW,72.38,73.82,70.44,72.58,0.0
2017-09-15 13:30:00,INDEX:MMTW,71.24,74.33,71.24,73.56,0.0
2017-09-18 13:30:00,INDEX:MMTW,75.08,77.24,74.04,74.04,0.0
2017-09-19 13:30:00,INDEX:MMTW,75.08,75.08,71.3,71.7,0.0
2017-09-20 13:30:00,INDEX:MMTW,71.69,72.85,68.72,70.96,0.0
2017-09-21 13:30:00,INDEX:MMTW,69.69,69.94,67.88,67.88,0.0
2017-09-22 13:30:00,INDEX:MMTW,66.88,69.44,66.88,69.3,0.0
2017-09-25 13:30:00,INDEX:MMTW,68.42,69.16,64.74,66.86,0.0
2017-09-26 13:30:00,INDEX:MMTW,67.71,68.22,66.13,66.39,0.0
2017-09-27 13:30:00,INDEX:MMTW,69.12,73.05,66.96,71.5,0.0
2017-09-28 13:30:00,INDEX:MMTW,70.13,71.06,68.6,70.5,0.0
2017-09-29 13:30:00,INDEX:MMTW,71.48,73.13,71.25,72.01,0.0
2017-10-02 13:30:00,INDEX:MMTW,72.57,76.28,72.57,76.28,0.0
2017-10-03 13:30:00,INDEX:MMTW,77.73,77.82,76.04,76.87,0.0
2017-10-04 13:30:00,INDEX:MMTW,77.42,79.12,76.73,77.61,0.0
2017-10-05 13:30:00,INDEX:MMTW,79.38,80.22,79.06,79.15,0.0
2017-10-06 13:30:00,INDEX:MMTW,76.21,76.21,74.38,75.57,0.0
2017-10-09 13:30:00,INDEX:MMTW,76.29,76.29,70.25,70.97,0.0
2017-10-10 13:30:00,INDEX:MMTW,74.2,75.95,70.99,72.35,0.0
2017-10-11 13:30:00,INDEX:MMTW,72.49,72.49,70.44,71.66,0.0
2017-10-12 13:30:00,INDEX:MMTW,69.11,70.33,66.78,67.78,0.0
2017-10-13 13:30:00,INDEX:MMTW,68.88,69.32,66.27,66.9,0.0
2017-10-16 13:30:00,INDEX:MMTW,67.93,69.05,63.32,63.68,0.0
2017-10-17 13:30:00,INDEX:MMTW,61.69,63.07,57.52,58.26,0.0
2017-10-18 13:30:00,INDEX:MMTW,60.82,61.4,57.88,59.52,0.0
2017-10-19 13:30:00,INDEX:MMTW,52.84,55.75,48.88,55.75,0.0
2017-10-20 13:30:00,INDEX:MMTW,60.42,60.42,58.61,59.26,0.0
2017-10-23 13:30:00,INDEX:MMTW,58.62,58.62,49.62,49.62,0.0
2017-10-24 13:30:00,INDEX:MMTW,52.14,52.66,49.22,49.25,0.0
2017-10-25 13:30:00,INDEX:MMTW,47.84,47.84,35.36,42.53,0.0
2017-10-26 13:30:00,INDEX:MMTW,44.36,46.67,44.26,45.41,0.0
2017-10-27 13:30:00,INDEX:MMTW,44.09,49.41,41.5,49.41,0.0
2017-10-30 13:30:00,INDEX:MMTW,46.43,47.12,37.63,38.91,0.0
2017-10-31 13:30:00,INDEX:MMTW,41.84,47.92,41.63,45.39,0.0
2017-11-01 13:30:00,INDEX:MMTW,50.78,51.01,39.49,42.57,0.0
2017-11-02 13:30:00,INDEX:MMTW,43.88,47.22,41.86,46.7,0.0
2017-11-03 13:30:00,INDEX:MMTW,45.56,46.19,44.45,45.72,0.0
2017-11-06 14:30:00,INDEX:MMTW,46.05,49.22,46.04,47.72,0.0
2017-11-07 14:30:00,INDEX:MMTW,47.97,48.51,40.09,41.03,0.0
2017-11-08 14:30:00,INDEX:MMTW,40.77,42.49,39.25,42.21,0.0
2017-11-09 14:30:00,INDEX:MMTW,39.57,41.98,37.96,40.88,0.0
2017-11-10 14:30:00,INDEX:MMTW,40.9,43.93,40.9,41.81,0.0
2017-11-13 14:30:00,INDEX:MMTW,39.46,41.32,38.48,40.71,0.0
2017-11-14 14:30:00,INDEX:MMTW,38.93,39.73,36.87,39.28,0.0
2017-11-15 14:30:00,INDEX:MMTW,34.03,38.52,32.28,36.37,0.0
2017-11-16 14:30:00,INDEX:MMTW,39.58,48.85,39.58,46.28,0.0
2017-11-17 14:30:00,INDEX:MMTW,44.63,50.38,44.63,49.62,0.0
2017-11-20 14:30:00,INDEX:MMTW,50.49,55.45,49.2,55.42,0.0
2017-11-21 14:30:00,INDEX:MMTW,60.44,63.66,60.19,61.64,0.0
2017-11-22 14:30:00,INDEX:MMTW,64.66,66.4,62.61,62.61,0.0
2017-11-24 14:30:00,INDEX:MMTW,66.51,66.51,62.93,64.77,0.0
2017-11-27 14:30:00,INDEX:MMTW,65.62,66.45,61.19,61.42,0.0
2017-11-28 14:30:00,INDEX:MMTW,62.77,69.01,62.67,68.7,0.0
2017-11-29 14:30:00,INDEX:MMTW,69.9,71.34,66.47,66.47,0.0
2017-11-30 14:30:00,INDEX:MMTW,70.16,70.76,68.65,68.89,0.0
2017-12-01 14:30:00,INDEX:MMTW,70.18,70.41,52.99,67.54,0.0
2017-12-04 14:30:00,INDEX:MMTW,73.2,73.87,62.27,62.32,0.0
2017-12-05 14:30:00,INDEX:MMTW,63.23,63.23,56.28,56.3,0.0
2017-12-06 14:30:00,INDEX:MMTW,54.28,54.86,50.41,50.47,0.0
2017-12-07 14:30:00,INDEX:MMTW,48.54,56.26,48.54,54.19,0.0
2017-12-08 14:30:00,INDEX:MMTW,58.0,58.0,54.7,54.96,0.0
2017-12-11 14:30:00,INDEX:MMTW,55.35,56.42,52.6,52.86,0.0
2017-12-12 14:30:00,INDEX:MMTW,54.08,54.62,50.71,50.71,0.0
2017-12-13 14:30:00,INDEX:MMTW,51.84,57.59,51.84,52.95,0.0
2017-12-14 14:30:00,INDEX:MMTW,52.44,54.33,43.33,43.44,0.0
2017-12-15 14:30:00,INDEX:MMTW,45.82,58.39,45.82,55.16,0.0
2017-12-18 14:30:00,INDEX:MMTW,62.57,66.39,62.57,63.83,0.0
2017-12-19 14:30:00,INDEX:MMTW,64.5,64.54,55.97,56.0,0.0
2017-12-20 14:30:00,INDEX:MMTW,60.55,60.55,55.88,56.94,0.0
2017-12-21 14:30:00,INDEX:MMTW,61.07,62.45,59.33,60.61,0.0
2017-12-22 14:30:00,INDEX:MMTW,59.94,59.94,57.28,57.89,0.0
2017-12-26 14:30:00,INDEX:MMTW,56.94,58.67,55.94,55.98,0.0
2017-12-27 14:30:00,INDEX:MMTW,57.96,61.47,56.0,57.33,0.0
2017-12-28 14:30:00,INDEX:MMTW,59.39,61.41,56.63,61.36,0.0
2017-12-29 14:30:00,INDEX:MMTW,63.98,63.98,53.66,53.91,0.0
2018-01-02 14:30:00,INDEX:MMTW,59.61,65.39,59.61,62.94,0.0
2018-01-03 14:30:00,INDEX:MMTW,64.62,66.48,62.53,65.37,0.0
2018-01-04 14:30:00,INDEX:MMTW,69.98,69.98,65.46,66.95,0.0
2018-01-05 14:30:00,INDEX:MMTW,68.86,69.23,65.49,68.77,0.0
2018-01-08 14:30:00,INDEX:MMTW,68.08,68.35,63.55,67.51,0.0
2018-01-09 14:30:00,INDEX:MMTW,67.92,68.39,64.62,64.62,0.0
2018-01-10 14:30:00,INDEX:MMTW,62.69,65.07,60.15,63.27,0.0
2018-01-11 14:30:00,INDEX:MMTW,64.25,72.78,64.25,72.78,0.0
2018-01-12 14:30:00,INDEX:MMTW,73.93,75.47,73.18,74.08,0.0
2018-01-16 14:30:00,INDEX:MMTW,75.69,76.13,64.09,65.24,0.0
2018-01-17 14:30:00,INDEX:MMTW,68.32,70.17,66.26,69.05,0.0
2018-01-18 14:30:00,INDEX:MMTW,68.36,68.36,63.32,63.35,0.0
2018-01-19 14:30:00,INDEX:MMTW,63.22,70.15,63.22,70.13,0.0
2018-01-22 14:30:00,INDEX:MMTW,69.83,71.06,67.72,71.03,0.0
2018-01-23 14:30:00,INDEX:MMTW,70.97,73.0,68.14,71.82,0.0
2018-01-24 14:30:00,INDEX:MMTW,75.43,75.43,65.81,66.78,0.0
2018-01-25 14:30:00,INDEX:MMTW,70.51,70.51,62.57,65.29,0.0
2018-01-26 14:30:00,INDEX:MMTW,66.04,66.04,62.26,65.77,0.0
2018-01-29 14:30:00,INDEX:MMTW,62.12,62.75,57.1,57.1,0.0
2018-01-30 14:30:00,INDEX:MMTW,50.66,50.66,45.29,46.36,0.0
2018-01-31 14:30:00,INDEX:MMTW,50.62,50.62,39.55,42.66,0.0
2018-02-01 14:30:00,INDEX:MMTW,38.62,43.94,38.06,42.6,0.0
2018-02-02 14:30:00,INDEX:MMTW,35.43,35.43,25.73,25.73,0.0
2018-02-05 14:30:00,INDEX:MMTW,19.28,23.26,10.6,10.8,0.0
2018-02-06 14:30:00,INDEX:MMTW,6.59,14.28,6.59,13.44,0.0
2018-02-07 14:30:00,INDEX:MMTW,12.97,16.76,12.97,14.98,0.0
2018-02-08 14:30:00,INDEX:MMTW,15.33,15.33,8.52,8.7,0.0
2018-02-09 14:30:00,INDEX:MMTW,9.87,12.16,6.3,10.77,0.0
2018-02-12 14:30:00,INDEX:MMTW,11.9,15.73,10.51,13.95,0.0
2018-02-13 14:30:00,INDEX:MMTW,12.76,17.39,12.48,17.32,0.0
2018-02-14 14:30:00,INDEX:MMTW,15.55,28.42,15.55,27.77,0.0
2018-02-15 14:30:00,INDEX:MMTW,32.96,36.49,29.1,36.41,0.0
2018-02-16 14:30:00,INDEX:MMTW,36.24,45.05,36.24,40.61,0.0
2018-02-20 14:30:00,INDEX:MMTW,39.43,42.36,33.79,34.82,0.0
2018-02-21 14:30:00,INDEX:MMTW,40.03,49.42,38.71,38.73,0.0
2018-02-22 14:30:00,INDEX:MMTW,44.97,48.15,38.01,38.01,0.0
2018-02-23 14:30:00,INDEX:MMTW,46.88,52.74,44.38,52.74,0.0
2018-02-26 14:30:00,INDEX:MMTW,58.6,61.45,54.11,60.93,0.0
2018-02-27 14:30:00,INDEX:MMTW,63.11,64.82,48.36,48.36,0.0
2018-02-28 14:30:00,INDEX:MMTW,55.06,55.06,36.96,36.97,0.0
2018-03-01 14:30:00,INDEX:MMTW,39.79,44.76,31.12,36.24,0.0
2018-03-02 14:30:00,INDEX:MMTW,32.19,49.9,30.9,49.89,0.0
2018-03-05 14:30:00,INDEX:MMTW,47.19,61.05,47.03,59.16,0.0
2018-03-06 14:30:00,INDEX:MMTW,61.93,64.49,56.48,63.12,0.0
2018-03-07 14:30:00,INDEX:MMTW,61.85,66.96,60.55,64.69,0.0
2018-03-08 14:30:00,INDEX:MMTW,67.93,67.93,62.61,66.02,0.0
2018-03-09 14:30:00,INDEX:MMTW,68.91,73.31,67.7,73.25,0.0
2018-03-12 13:30:00,INDEX:MMTW,74.57,75.49,72.68,73.81,0.0
2018-03-13 13:30:00,INDEX:MMTW,76.04,76.93,68.72,69.74,0.0
2018-03-14 13:30:00,INDEX:MMTW,72.02,72.02,63.43,64.3,0.0
2018-03-15 13:30:00,INDEX:MMTW,65.88,65.88,56.43,58.48,0.0
2018-03-16 13:30:00,INDEX:MMTW,59.48,65.43,59.46,64.48,0.0
2018-03-19 13:30:00,INDEX:MMTW,60.25,60.25,46.6,54.47,0.0
2018-03-20 13:30:00,INDEX:MMTW,56.68,57.68,51.83,53.08,0.0
2018-03-21 13:30:00,INDEX:MMTW,52.67,61.72,52.67,57.57,0.0
2018-03-22 13:30:00,INDEX:MMTW,46.2,51.52,34.45,34.52,0.0
2018-03-23 13:30:00,INDEX:MMTW,36.57,36.57,23.19,23.47,0.0
2018-03-26 13:30:00,INDEX:MMTW,31.27,36.36,25.23,36.26,0.0
2018-03-27 13:30:00,INDEX:MMTW,33.85,38.09,24.43,25.11,0.0
2018-03-28 13:30:00,INDEX:MMTW,24.69,26.58,22.6,24.82,0.0
2018-03-29 13:30:00,INDEX:MMTW,26.97,36.04,26.94,31.99,0.0
2018-04-02 13:30:00,INDEX:MMTW,28.9,29.75,17.83,19.95,0.0
2018-04-03 13:30:00,INDEX:MMTW,21.68,27.87,20.37,26.53,0.0
2018-04-04 13:30:00,INDEX:MMTW,19.82,36.25,19.82,35.72,0.0
2018-04-05 13:30:00,INDEX:MMTW,41.21,46.66,38.86,45.42,0.0
2018-04-06 13:30:00,INDEX:MMTW,41.03,44.71,27.18,30.89,0.0
2018-04-09 13:30:00,INDEX:MMTW,36.39,41.86,31.74,31.75,0.0
2018-04-10 13:30:00,INDEX:MMTW,42.51,51.35,41.07,49.44,0.0
2018-04-11 13:30:00,INDEX:MMTW,46.49,55.01,46.49,50.79,0.0
2018-04-12 13:30:00,INDEX:MMTW,56.88,61.68,56.25,57.75,0.0
2018-04-13 13:30:00,INDEX:MMTW,63.46,63.46,51.03,53.8,0.0
2018-04-16 13:30:00,INDEX:MMTW,61.08,68.54,60.59,66.64,0.0
2018-04-17 13:30:00,INDEX:MMTW,72.74,76.31,72.18,73.53,0.0
2018-04-18 13:30:00,INDEX:MMTW,77.68,78.53,74.6,74.6,0.0
2018-04-19 13:30:00,INDEX:MMTW,76.14,76.14,69.19,70.79,0.0
2018-04-20 13:30:00,INDEX:MMTW,70.56,70.56,64.13,65.09,0.0
2018-04-23 13:30:00,INDEX:MMTW,66.01,67.08,59.62,62.46,0.0
2018-04-24 13:30:00,INDEX:MMTW,66.19,67.71,51.37,56.3,0.0
2018-04-25 13:30:00,INDEX:MMTW,53.53,56.23,48.6,53.71,0.0
2018-04-26 13:30:00,INDEX:MMTW,54.61,60.48,54.24,57.54,0.0
2018-04-27 13:30:00,INDEX:MMTW,59.57,59.89,54.99,57.13,0.0
2018-04-30 13:30:00,INDEX:MMTW,58.56,58.66,48.57,48.62,0.0
2018-05-01 13:30:00,INDEX:MMTW,45.51,51.15,39.04,51.13,0.0
2018-05-02 13:30:00,INDEX:MMTW,49.42,55.61,48.85,50.08,0.0
2018-05-03 13:30:00,INDEX:MMTW,46.57,47.78,38.98,44.87,0.0
2018-05-04 13:30:00,INDEX:MMTW,40.94,56.5,40.94,53.6,0.0
2018-05-07 13:30:00,INDEX:MMTW,55.25,60.43,55.25,56.9,0.0
2018-05-08 13:30:00,INDEX:MMTW,56.82,57.66,54.81,57.3,0.0
2018-05-09 13:30:00,INDEX:MMTW,59.21,61.02,56.57,60.52,0.0
2018-05-10 13:30:00,INDEX:MMTW,61.91,65.17,61.05,63.27,0.0
2018-05-11 13:30:00,INDEX:MMTW,64.43,65.78,61.31,63.28,0.0
2018-05-14 13:30:00,INDEX:MMTW,65.81,66.75,61.34,61.49,0.0
2018-05-15 13:30:00,INDEX:MMTW,58.48,61.55,58.18,59.87,0.0
2018-05-16 13:30:00,INDEX:MMTW,63.42,66.84,62.35,64.52,0.0
2018-05-17 13:30:00,INDEX:MMTW,66.86,69.6,66.24,67.63,0.0
2018-05-18 13:30:00,INDEX:MMTW,69.56,69.56,67.02,67.52,0.0
2018-05-21 13:30:00,INDEX:MMTW,71.8,71.8,69.9,70.54,0.0
2018-05-22 13:30:00,INDEX:MMTW,72.52,72.52,67.12,67.15,0.0
2018-05-23 13:30:00,INDEX:MMTW,64.58,67.73,64.58,67.7,0.0
2018-05-24 13:30:00,INDEX:MMTW,66.65,66.65,61.18,65.88,0.0
2018-05-25 13:30:00,INDEX:MMTW,64.09,64.65,61.77,63.88,0.0
2018-05-29 13:30:00,INDEX:MMTW,56.97,60.07,50.57,56.17,0.0
2018-05-30 13:30:00,INDEX:MMTW,60.71,68.47,60.71,65.7,0.0
2018-05-31 13:30:00,INDEX:MMTW,65.11,65.11,57.38,58.19,0.0
2018-06-01 13:30:00,INDEX:MMTW,61.64,63.82,61.55,63.39,0.0
2018-06-04 13:30:00,INDEX:MMTW,67.0,67.59,61.74,64.49,0.0
2018-06-05 13:30:00,INDEX:MMTW,65.0,67.0,63.54,66.43,0.0
2018-06-06 13:30:00,INDEX:MMTW,68.14,69.6,66.51,68.3,0.0
2018-06-07 13:30:00,INDEX:MMTW,71.15,71.53,65.44,67.8,0.0
2018-06-08 13:30:00,INDEX:MMTW,68.94,69.24,66.46,68.1,0.0
2018-06-11 13:30:00,INDEX:MMTW,70.04,71.02,67.94,68.44,0.0
2018-06-12 13:30:00,INDEX:MMTW,70.28,70.28,64.85,65.98,0.0
2018-06-13 13:30:00,INDEX:MMTW,68.37,68.37,61.21,61.23,0.0
2018-06-14 13:30:00,INDEX:MMTW,63.32,63.74,58.38,61.38,0.0
2018-06-15 13:30:00,INDEX:MMTW,56.61,59.5,54.14,59.13,0.0
2018-06-18 13:30:00,INDEX:MMTW,54.04,60.81,54.04,60.32,0.0
2018-06-19 13:30:00,INDEX:MMTW,55.09,59.99,51.47,58.32,0.0
2018-06-20 13:30:00,INDEX:MMTW,61.72,63.47,59.61,62.2,0.0
2018-06-21 13:30:00,INDEX:MMTW,62.03,62.03,52.95,53.86,0.0
2018-06-22 13:30:00,INDEX:MMTW,57.39,57.73,52.49,55.76,0.0
2018-06-25 13:30:00,INDEX:MMTW,50.87,50.87,39.39,42.07,0.0
2018-06-26 13:30:00,INDEX:MMTW,40.91,46.62,39.77,44.89,0.0
2018-06-27 13:30:00,INDEX:MMTW,44.77,45.78,33.7,33.74,0.0
2018-06-28 13:30:00,INDEX:MMTW,30.71,35.94,30.23,34.78,0.0
2018-06-29 13:30:00,INDEX:MMTW,36.09,38.85,34.89,35.02,0.0
2018-07-02 13:30:00,INDEX:MMTW,29.4,37.56,28.94,37.56,0.0
2018-07-03 13:30:00,INDEX:MMTW,40.67,44.31,40.67,41.73,0.0
2018-07-05 13:30:00,INDEX:MMTW,45.21,50.15,42.77,50.03,0.0
2018-07-06 13:30:00,INDEX:MMTW,49.31,58.66,49.31,57.44,0.0
2018-07-09 13:30:00,INDEX:MMTW,62.77,65.41,61.39,65.3,0.0
2018-07-10 13:30:00,INDEX:MMTW,68.59,69.72,59.71,61.76,0.0
2018-07-11 13:30:00,INDEX:MMTW,57.01,60.4,51.97,51.99,0.0
2018-07-12 13:30:00,INDEX:MMTW,57.19,57.59,51.85,55.77,0.0
2018-07-13 13:30:00,INDEX:MMTW,58.24,61.48,55.84,55.9,0.0
2018-07-16 13:30:00,INDEX:MMTW,57.82,57.82,48.06,50.85,0.0
2018-07-17 13:30:00,INDEX:MMTW,51.72,56.51,51.72,54.33,0.0
2018-07-18 13:30:00,INDEX:MMTW,54.63,57.37,51.06,57.07,0.0
2018-07-19 13:30:00,INDEX:MMTW,56.11,62.17,55.28,59.94,0.0
2018-07-20 13:30:00,INDEX:MMTW,59.97,61.05,57.53,57.77,0.0
2018-07-23 13:30:00,INDEX:MMTW,57.42,57.59,53.68,56.02,0.0
2018-07-24 13:30:00,INDEX:MMTW,59.98,61.44,47.82,49.78,0.0
2018-07-25 13:30:00,INDEX:MMTW,50.0,52.48,47.98,52.37,0.0
2018-07-26 13:30:00,INDEX:MMTW,52.87,57.6,52.87,55.11,0.0
2018-07-27 13:30:00,INDEX:MMTW,55.9,55.9,41.55,42.15,0.0
2018-07-30 13:30:00,INDEX:MMTW,42.9,42.9,37.38,37.43,0.0
2018-07-31 13:30:00,INDEX:MMTW,39.46,46.54,38.62,44.45,0.0
2018-08-01 13:30:00,INDEX:MMTW,43.04,43.74,38.3,42.23,0.0
2018-08-02 13:30:00,INDEX:MMTW,39.35,47.02,39.35,46.59,0.0
2018-08-03 13:30:00,INDEX:MMTW,49.69,49.69,43.63,44.77,0.0
2018-08-06 13:30:00,INDEX:MMTW,44.96,49.69,44.96,49.07,0.0
2018-08-07 13:30:00,INDEX:MMTW,53.33,54.47,50.46,50.74,0.0
2018-08-08 13:30:00,INDEX:MMTW,51.19,51.66,47.14,50.53,0.0
2018-08-09 13:30:00,INDEX:MMTW,52.76,55.77,52.32,52.73,0.0
2018-08-10 13:30:00,INDEX:MMTW,47.5,50.67,46.77,47.54,0.0
2018-08-13 13:30:00,INDEX:MMTW,47.39,48.09,40.35,42.27,0.0
2018-08-14 13:30:00,INDEX:MMTW,46.23,50.07,46.23,49.52,0.0
2018-08-15 13:30:00,INDEX:MMTW,42.08,42.08,38.14,40.4,0.0
2018-08-16 13:30:00,INDEX:MMTW,45.4,50.68,45.4,48.45,0.0
2018-08-17 13:30:00,INDEX:MMTW,46.78,52.43,46.78,51.4,0.0
2018-08-20 13:30:00,INDEX:MMTW,55.8,56.97,53.4,55.7,0.0
2018-08-21 13:30:00,INDEX:MMTW,60.15,64.7,60.15,61.66,0.0
2018-08-22 13:30:00,INDEX:MMTW,64.34,64.73,62.56,63.74,0.0
2018-08-23 13:30:00,INDEX:MMTW,65.2,65.2,59.61,60.15,0.0
2018-08-24 13:30:00,INDEX:MMTW,63.36,64.77,62.64,63.43,0.0
2018-08-27 13:30:00,INDEX:MMTW,67.98,71.62,65.95,65.95,0.0
2018-08-28 13:30:00,INDEX:MMTW,69.72,70.21,63.59,64.81,0.0
2018-08-29 13:30:00,INDEX:MMTW,66.44,68.08,63.33,66.95,0.0
2018-08-30 13:30:00,INDEX:MMTW,65.23,65.23,59.27,59.94,0.0
2018-08-31 13:30:00,INDEX:MMTW,57.3,62.01,57.04,61.96,0.0
2018-09-04 13:30:00,INDEX:MMTW,58.39,59.51,49.55,54.87,0.0
2018-09-05 13:30:00,INDEX:MMTW,51.57,54.13,47.62,53.67,0.0
2018-09-06 13:30:00,INDEX:MMTW,54.96,55.41,46.69,46.72,0.0
2018-09-07 13:30:00,INDEX:MMTW,42.76,47.17,42.08,44.17,0.0
2018-09-10 13:30:00,INDEX:MMTW,48.28,48.68,43.88,45.43,0.0
2018-09-11 13:30:00,INDEX:MMTW,41.06,46.27,40.93,43.86,0.0
2018-09-12 13:30:00,INDEX:MMTW,44.38,45.97,40.78,44.48,0.0
2018-09-13 13:30:00,INDEX:MMTW,47.42,47.48,43.9,44.39,0.0
2018-09-14 13:30:00,INDEX:MMTW,44.42,48.59,42.28,44.75,0.0
2018-09-17 13:30:00,INDEX:MMTW,45.16,45.16,39.77,39.77,0.0
2018-09-18 13:30:00,INDEX:MMTW,43.15,46.22,41.75,44.36,0.0
2018-09-19 13:30:00,INDEX:MMTW,45.98,47.85,41.82,42.62,0.0
2018-09-20 13:30:00,INDEX:MMTW,47.49,51.01,45.67,50.78,0.0
2018-09-21 13:30:00,INDEX:MMTW,51.25,53.93,48.31,49.55,0.0
2018-09-24 13:30:00,INDEX:MMTW,48.12,48.68,41.86,43.74,0.0
2018-09-25 13:30:00,INDEX:MMTW,47.25,47.25,44.94,44.99,0.0
2018-09-26 13:30:00,INDEX:MMTW,45.48,46.45,40.26,40.35,0.0
2018-09-27 13:30:00,INDEX:MMTW,41.3,43.99,40.95,41.17,0.0
2018-09-28 13:30:00,INDEX:MMTW,40.72,45.59,40.72,43.97,0.0
2018-10-01 13:30:00,INDEX:MMTW,47.54,47.54,38.16,38.97,0.0
2018-10-02 13:30:00,INDEX:MMTW,38.79,40.17,34.86,35.22,0.0
2018-10-03 13:30:00,INDEX:MMTW,37.44,43.11,36.43,40.05,0.0
2018-10-04 13:30:00,INDEX:MMTW,36.83,37.72,30.13,31.4,0.0
2018-10-05 13:30:00,INDEX:MMTW,31.32,32.18,25.11,27.8,0.0
2018-10-08 13:30:00,INDEX:MMTW,24.67,29.92,24.67,29.11,0.0
2018-10-09 13:30:00,INDEX:MMTW,27.04,31.45,27.04,27.78,0.0
2018-10-10 13:30:00,INDEX:MMTW,26.31,27.45,14.72,14.72,0.0
2018-10-11 13:30:00,INDEX:MMTW,12.46,14.37,9.67,9.7,0.0
2018-10-12 13:30:00,INDEX:MMTW,11.83,12.31,9.62,11.42,0.0
2018-10-15 13:30:00,INDEX:MMTW,12.09,15.71,11.17,14.01,0.0
2018-10-16 13:30:00,INDEX:MMTW,15.56,26.21,15.53,26.1,0.0
2018-10-17 13:30:00,INDEX:MMTW,24.89,25.09,19.58,24.49,0.0
2018-10-18 13:30:00,INDEX:MMTW,23.68,25.61,17.84,19.56,0.0
2018-10-19 13:30:00,INDEX:MMTW,20.8,24.14,18.71,19.14,0.0
2018-10-22 13:30:00,INDEX:MMTW,21.21,21.21,17.77,18.05,0.0
2018-10-23 13:30:00,INDEX:MMTW,13.72,18.63,11.63,16.32,0.0
2018-10-24 13:30:00,INDEX:MMTW,17.02,18.13,11.45,11.55,0.0
2018-10-25 13:30:00,INDEX:MMTW,15.1,17.77,13.6,16.19,0.0
2018-10-26 13:30:00,INDEX:MMTW,14.74,16.63,10.94,14.48,0.0
2018-10-29 13:30:00,INDEX:MMTW,23.16,23.61,14.07,17.05,0.0
2018-10-30 13:30:00,INDEX:MMTW,18.62,26.6,18.62,26.5,0.0
2018-10-31 13:30:00,INDEX:MMTW,34.19,35.85,31.63,31.63,0.0
2018-11-01 13:30:00,INDEX:MMTW,37.7,48.68,37.7,48.15,0.0
2018-11-02 13:30:00,INDEX:MMTW,55.59,55.59,45.73,49.19,0.0
2018-11-05 14:30:00,INDEX:MMTW,55.43,55.43,49.79,51.87,0.0
2018-11-06 14:30:00,INDEX:MMTW,54.77,58.55,54.77,57.12,0.0
2018-11-07 14:30:00,INDEX:MMTW,63.69,66.65,61.82,66.65,0.0
2018-11-08 14:30:00,INDEX:MMTW,65.45,66.91,62.81,64.46,0.0
2018-11-09 14:30:00,INDEX:MMTW,61.64,61.64,52.28,55.67,0.0
2018-11-12 14:30:00,INDEX:MMTW,54.72,54.72,44.16,44.18,0.0
2018-11-13 14:30:00,INDEX:MMTW,49.88,54.18,44.38,45.54,0.0
2018-11-14 14:30:00,INDEX:MMTW,53.02,54.34,38.76,41.57,0.0
2018-11-15 14:30:00,INDEX:MMTW,36.31,50.87,36.31,50.47,0.0
2018-11-16 14:30:00,INDEX:MMTW,47.35,53.01,45.98,51.6,0.0
2018-11-19 14:30:00,INDEX:MMTW,51.03,52.34,40.02,41.29,0.0
2018-11-20 14:30:00,INDEX:MMTW,34.26,36.06,29.06,29.84,0.0
2018-11-21 14:30:00,INDEX:MMTW,31.55,41.1,31.55,36.37,0.0
2018-11-23 14:30:00,INDEX:MMTW,30.53,39.95,30.53,36.3,0.0
2018-11-26 14:30:00,INDEX:MMTW,41.52,45.21,38.32,41.47,0.0
2018-11-27 14:30:00,INDEX:MMTW,36.8,38.68,34.31,35.14,0.0
2018-11-28 14:30:00,INDEX:MMTW,38.35,54.29,32.55,54.09,0.0
2018-11-29 14:30:00,INDEX:MMTW,52.44,55.13,45.65,50.23,0.0
2018-11-30 14:30:00,INDEX:MMTW,49.57,56.6,49.57,54.21,0.0
2018-12-03 14:30:00,INDEX:MMTW,66.6,66.6,54.59,62.48,0.0
2018-12-04 14:30:00,INDEX:MMTW,61.81,61.81,31.74,31.76,0.0
2018-12-06 14:30:00,INDEX:MMTW,20.92,31.11,20.05,31.05,0.0
2018-12-07 14:30:00,INDEX:MMTW,35.9,37.87,22.34,23.41,0.0
2018-12-10 14:30:00,INDEX:MMTW,25.35,25.35,17.83,22.91,0.0
2018-12-11 14:30:00,INDEX:MMTW,32.91,32.91,21.76,23.95,0.0
2018-12-12 14:30:00,INDEX:MMTW,32.75,35.6,29.11,29.13,0.0
2018-12-13 14:30:00,INDEX:MMTW,32.78,33.35,24.7,25.58,0.0
2018-12-14 14:30:00,INDEX:MMTW,21.28,23.91,18.13,18.65,0.0
2018-12-17 14:30:00,INDEX:MMTW,17.6,18.26,9.4,9.76,0.0
2018-12-18 14:30:00,INDEX:MMTW,11.82,13.39,10.1,10.1,0.0
2018-12-19 14:30:00,INDEX:MMTW,10.98,14.31,7.48,7.67,0.0
2018-12-20 14:30:00,INDEX:MMTW,7.69,8.69,5.57,6.87,0.0
2018-12-21 14:30:00,INDEX:MMTW,6.49,8.4,5.02,5.59,0.0
2018-12-24 14:30:00,INDEX:MMTW,4.53,4.84,4.31,4.33,0.0
2018-12-26 14:30:00,INDEX:MMTW,4.5,9.29,4.38,8.89,0.0
2018-12-27 14:30:00,INDEX:MMTW,6.38,10.8,6.02,10.64,0.0
2018-12-28 14:30:00,INDEX:MMTW,12.64,19.57,11.53,14.96,0.0
2018-12-31 14:30:00,INDEX:MMTW,19.6,21.47,16.09,21.47,0.0
2019-01-02 14:30:00,INDEX:MMTW,15.26,31.49,15.26,31.48,0.0
2019-01-03 14:30:00,INDEX:MMTW,30.09,33.79,22.67,24.9,0.0
2019-01-04 14:30:00,INDEX:MMTW,37.03,58.51,37.03,58.21,0.0
2019-01-07 14:30:00,INDEX:MMTW,63.29,75.66,62.38,71.85,0.0
2019-01-08 14:30:00,INDEX:MMTW,80.23,80.75,74.5,80.75,0.0
2019-01-09 14:30:00,INDEX:MMTW,85.62,86.31,84.41,85.67,0.0
2019-01-10 14:30:00,INDEX:MMTW,85.0,87.38,84.54,87.1,0.0
2019-01-11 14:30:00,INDEX:MMTW,87.84,87.91,86.67,86.93,0.0
2019-01-14 14:30:00,INDEX:MMTW,85.92,87.0,83.89,83.89,0.0
2019-01-15 14:30:00,INDEX:MMTW,86.15,87.2,86.0,86.79,0.0
2019-01-16 14:30:00,INDEX:MMTW,88.51,89.36,87.47,87.5,0.0
2019-01-17 14:30:00,INDEX:MMTW,88.0,89.14,87.95,88.17,0.0
2019-01-18 14:30:00,INDEX:MMTW,90.14,90.75,89.37,89.51,0.0
2019-01-22 14:30:00,INDEX:MMTW,88.33,88.33,81.95,82.75,0.0
2019-01-23 14:30:00,INDEX:MMTW,83.68,84.81,77.93,80.02,0.0
2019-01-24 14:30:00,INDEX:MMTW,78.96,80.64,77.87,79.32,0.0
2019-01-25 14:30:00,INDEX:MMTW,82.59,83.82,81.59,81.89,0.0
2019-01-28 14:30:00,INDEX:MMTW,77.74,78.43,74.22,75.96,0.0
2019-01-29 14:30:00,INDEX:MMTW,76.57,76.57,72.88,72.89,0.0
2019-01-30 14:30:00,INDEX:MMTW,74.64,77.59,71.71,76.88,0.0
2019-01-31 14:30:00,INDEX:MMTW,75.76,78.91,75.45,77.75,0.0
2019-02-01 14:30:00,INDEX:MMTW,77.63,78.17,75.08,76.54,0.0
2019-02-04 14:30:00,INDEX:MMTW,75.54,79.94,74.8,79.93,0.0
2019-02-05 14:30:00,INDEX:MMTW,81.52,82.19,78.02,79.17,0.0
2019-02-06 14:30:00,INDEX:MMTW,79.3,79.3,76.0,76.13,0.0
2019-02-07 14:30:00,INDEX:MMTW,72.7,73.46,63.59,67.38,0.0
2019-02-08 14:30:00,INDEX:MMTW,64.69,65.34,60.63,64.79,0.0
2019-02-11 14:30:00,INDEX:MMTW,65.97,68.41,65.08,67.36,0.0
2019-02-12 14:30:00,INDEX:MMTW,73.25,74.96,72.23,74.7,0.0
2019-02-13 14:30:00,INDEX:MMTW,76.62,77.82,73.14,74.78,0.0
2019-02-14 14:30:00,INDEX:MMTW,71.2,76.27,71.18,72.85,0.0
2019-02-15 14:30:00,INDEX:MMTW,77.32,80.94,77.32,79.69,0.0
2019-02-19 14:30:00,INDEX:MMTW,79.78,82.02,79.78,80.9,0.0
2019-02-20 14:30:00,INDEX:MMTW,81.73,81.73,78.85,78.85,0.0
2019-02-21 14:30:00,INDEX:MMTW,78.18,78.18,73.59,75.8,0.0
2019-02-22 14:30:00,INDEX:MMTW,77.43,78.74,76.9,78.04,0.0
2019-02-25 14:30:00,INDEX:MMTW,80.74,81.11,76.85,76.85,0.0
2019-02-26 14:30:00,INDEX:MMTW,76.33,76.48,71.76,71.77,0.0
2019-02-27 14:30:00,INDEX:MMTW,69.62,70.48,67.59,69.47,0.0
2019-02-28 14:30:00,INDEX:MMTW,66.68,67.33,64.19,64.91,0.0
2019-03-01 14:30:00,INDEX:MMTW,68.19,68.61,62.6,66.65,0.0
2019-03-04 14:30:00,INDEX:MMTW,67.67,67.67,55.62,61.31,0.0
2019-03-05 14:30:00,INDEX:MMTW,60.21,60.21,56.1,57.02,0.0
2019-03-06 14:30:00,INDEX:MMTW,55.78,55.78,40.57,40.69,0.0
2019-03-07 14:30:00,INDEX:MMTW,36.66,38.02,32.06,33.3,0.0
2019-03-08 14:30:00,INDEX:MMTW,26.25,31.56,26.25,31.45,0.0
2019-03-11 13:30:00,INDEX:MMTW,32.58,43.92,32.58,43.92,0.0
2019-03-12 13:30:00,INDEX:MMTW,43.72,46.23,42.37,43.18,0.0
2019-03-13 13:30:00,INDEX:MMTW,45.58,50.35,45.58,46.91,0.0
2019-03-14 13:30:00,INDEX:MMTW,45.96,66.66,43.67,66.66,0.0
2019-03-15 13:30:00,INDEX:MMTW,47.58,51.19,45.29,46.96,0.0
2019-03-18 13:30:00,INDEX:MMTW,48.84,54.53,47.51,52.9,0.0
2019-03-19 13:30:00,INDEX:MMTW,57.45,57.45,46.62,48.63,0.0
2019-03-20 13:30:00,INDEX:MMTW,47.95,51.06,40.17,43.99,0.0
2019-03-21 13:30:00,INDEX:MMTW,43.45,54.58,43.45,52.44,0.0
2019-03-22 13:30:00,INDEX:MMTW,49.68,49.68,32.44,32.54,0.0
2019-03-25 13:30:00,INDEX:MMTW,31.44,35.78,28.28,33.76,0.0
2019-03-26 13:30:00,INDEX:MMTW,41.11,44.88,36.91,41.27,0.0
2019-03-27 13:30:00,INDEX:MMTW,43.11,43.11,32.16,39.18,0.0
2019-03-28 13:30:00,INDEX:MMTW,41.27,44.67,37.35,44.07,0.0
2019-03-29 13:30:00,INDEX:MMTW,50.72,51.78,46.36,48.55,0.0
2019-04-01 13:30:00,INDEX:MMTW,58.64,61.75,56.62,61.19,0.0
2019-04-02 13:30:00,INDEX:MMTW,61.94,61.94,56.23,60.05,0.0
2019-04-03 13:30:00,INDEX:MMTW,65.51,67.54,60.58,61.71,0.0
2019-04-04 13:30:00,INDEX:MMTW,63.28,65.76,61.96,65.65,0.0
2019-04-05 13:30:00,INDEX:MMTW,67.95,71.78,67.95,71.7,0.0
2019-04-08 13:30:00,INDEX:MMTW,71.09,71.09,68.22,69.8,0.0
2019-04-09 13:30:00,INDEX:MMTW,68.08,68.08,58.98,59.03,0.0
2019-04-10 13:30:00,INDEX:MMTW,64.73,69.29,63.69,68.53,0.0
2019-04-11 13:30:00,INDEX:MMTW,70.28,70.28,65.38,66.31,0.0
2019-04-12 13:30:00,INDEX:MMTW,70.95,70.95,66.34,67.15,0.0
2019-04-15 13:30:00,INDEX:MMTW,69.15,69.15,64.11,65.25,0.0
2019-04-16 13:30:00,INDEX:MMTW,68.16,68.16,62.72,62.79,0.0
2019-04-17 13:30:00,INDEX:MMTW,65.1,65.1,57.31,57.32,0.0
2019-04-18 13:30:00,INDEX:MMTW,56.93,58.22,55.15,57.21,0.0
2019-04-22 13:30:00,INDEX:MMTW,54.26,55.15,50.75,52.56,0.0
2019-04-23 13:30:00,INDEX:MMTW,53.76,61.64,53.26,60.99,0.0
2019-04-24 13:30:00,INDEX:MMTW,61.01,62.41,58.24,59.21,0.0
2019-04-25 13:30:00,INDEX:MMTW,53.86,54.13,47.56,51.84,0.0
2019-04-26 13:30:00,INDEX:MMTW,50.99,57.7,50.1,57.7,0.0
2019-04-29 13:30:00,INDEX:MMTW,57.83,60.64,57.53,58.15,0.0
2019-04-30 13:30:00,INDEX:MMTW,58.45,58.45,50.78,56.11,0.0
2019-05-01 13:30:00,INDEX:MMTW,57.28,57.28,48.51,48.54,0.0
2019-05-02 13:30:00,INDEX:MMTW,47.72,51.58,42.94,48.73,0.0
2019-05-03 13:30:00,INDEX:MMTW,53.65,61.14,53.43,61.11,0.0
2019-05-06 13:30:00,INDEX:MMTW,48.77,60.29,48.77,58.04,0.0
2019-05-07 13:30:00,INDEX:MMTW,52.77,52.9,39.64,43.19,0.0
2019-05-08 13:30:00,INDEX:MMTW,40.87,45.59,40.23,40.23,0.0
2019-05-09 13:30:00,INDEX:MMTW,33.9,40.32,30.62,39.29,0.0
2019-05-10 13:30:00,INDEX:MMTW,35.75,43.89,31.64,43.33,0.0
2019-05-13 13:30:00,INDEX:MMTW,30.16,30.87,25.16,26.58,0.0
2019-05-14 13:30:00,INDEX:MMTW,28.18,35.62,28.18,33.2,0.0
2019-05-15 13:30:00,INDEX:MMTW,28.61,37.19,28.61,37.19,0.0
2019-05-16 13:30:00,INDEX:MMTW,38.65,44.84,38.65,42.12,0.0
2019-05-17 13:30:00,INDEX:MMTW,35.92,41.23,33.54,33.54,0.0
2019-05-20 13:30:00,INDEX:MMTW,28.72,32.36,28.28,29.68,0.0
2019-05-21 13:30:00,INDEX:MMTW,33.84,38.6,33.84,38.29,0.0
2019-05-22 13:30:00,INDEX:MMTW,35.5,36.29,32.42,33.8,0.0
2019-05-23 13:30:00,INDEX:MMTW,26.86,26.86,22.4,24.81,0.0
2019-05-24 13:30:00,INDEX:MMTW,29.13,29.79,26.49,29.05,0.0
2019-05-28 13:30:00,INDEX:MMTW,30.58,32.23,25.24,25.55,0.0
2019-05-29 13:30:00,INDEX:MMTW,21.29,21.61,18.06,20.03,0.0
2019-05-30 13:30:00,INDEX:MMTW,21.65,24.37,19.5,22.0,0.0
2019-05-31 13:30:00,INDEX:MMTW,15.83,18.96,15.24,18.62,0.0
2019-06-03 13:30:00,INDEX:MMTW,20.81,21.55,17.32,20.96,0.0
2019-06-04 13:30:00,INDEX:MMTW,27.14,36.52,25.91,36.52,0.0
2019-06-05 13:30:00,INDEX:MMTW,40.31,40.31,33.2,38.31,0.0
2019-06-06 13:30:00,INDEX:MMTW,40.49,41.23,34.51,39.06,0.0
2019-06-07 13:30:00,INDEX:MMTW,44.56,48.11,44.42,45.42,0.0
2019-06-10 13:30:00,INDEX:MMTW,52.32,56.21,51.2,51.89,0.0
2019-06-11 13:30:00,INDEX:MMTW,59.29,60.07,49.91,52.1,0.0
2019-06-12 13:30:00,INDEX:MMTW,52.01,53.64,49.09,51.52,0.0
2019-06-13 13:30:00,INDEX:MMTW,57.72,60.34,56.6,59.86,0.0
2019-06-14 13:30:00,INDEX:MMTW,59.97,59.97,55.07,55.63,0.0
2019-06-17 13:30:00,INDEX:MMTW,57.56,60.05,56.22,56.97,0.0
2019-06-18 13:30:00,INDEX:MMTW,65.14,71.86,65.14,66.94,0.0
2019-06-19 13:30:00,INDEX:MMTW,70.87,71.2,68.77,70.25,0.0
2019-06-20 13:30:00,INDEX:MMTW,78.01,78.01,71.61,73.16,0.0
2019-06-21 13:30:00,INDEX:MMTW,71.16,71.75,68.24,68.63,0.0
2019-06-24 13:30:00,INDEX:MMTW,69.83,69.83,59.91,59.91,0.0
2019-06-25 13:30:00,INDEX:MMTW,60.82,60.82,54.92,55.43,0.0
2019-06-26 13:30:00,INDEX:MMTW,59.69,60.7,52.34,52.34,0.0
2019-06-27 13:30:00,INDEX:MMTW,55.14,63.84,55.14,63.76,0.0
2019-06-28 13:30:00,INDEX:MMTW,66.39,71.73,66.39,71.03,0.0
2019-07-01 13:30:00,INDEX:MMTW,78.46,78.46,70.66,72.42,0.0
2019-07-02 13:30:00,INDEX:MMTW,71.7,72.6,66.87,70.24,0.0
2019-07-03 13:30:00,INDEX:MMTW,72.38,74.48,72.38,74.47,0.0
2019-07-05 13:30:00,INDEX:MMTW,69.68,75.43,66.76,75.4,0.0
2019-07-08 13:30:00,INDEX:MMTW,71.52,73.03,65.18,66.11,0.0
2019-07-09 13:30:00,INDEX:MMTW,61.8,65.23,60.46,65.23,0.0
2019-07-10 13:30:00,INDEX:MMTW,70.86,70.86,63.05,64.2,0.0
2019-07-11 13:30:00,INDEX:MMTW,64.46,64.89,56.25,59.28,0.0
2019-07-12 13:30:00,INDEX:MMTW,61.28,67.6,61.19,64.59,0.0
2019-07-15 13:30:00,INDEX:MMTW,66.09,66.09,58.26,59.78,0.0
2019-07-16 13:30:00,INDEX:MMTW,57.55,62.55,57.52,57.56,0.0
2019-07-17 13:30:00,INDEX:MMTW,57.19,57.19,49.06,49.08,0.0
2019-07-18 13:30:00,INDEX:MMTW,47.3,51.52,45.86,50.21,0.0
2019-07-19 13:30:00,INDEX:MMTW,51.35,53.59,44.8,44.82,0.0
2019-07-22 13:30:00,INDEX:MMTW,46.48,48.45,42.73,43.26,0.0
2019-07-23 13:30:00,INDEX:MMTW,46.34,50.02,44.08,49.98,0.0
2019-07-24 13:30:00,INDEX:MMTW,47.41,58.51,47.41,58.16,0.0
2019-07-25 13:30:00,INDEX:MMTW,56.55,56.55,47.97,48.56,0.0
2019-07-26 13:30:00,INDEX:MMTW,51.02,56.39,51.02,55.16,0.0
2019-07-29 13:30:00,INDEX:MMTW,56.48,56.48,51.11,51.12,0.0
2019-07-30 13:30:00,INDEX:MMTW,46.37,57.7,46.37,57.6,0.0
2019-07-31 13:30:00,INDEX:MMTW,59.08,61.37,47.77,48.19,0.0
2019-08-01 13:30:00,INDEX:MMTW,48.71,54.59,36.88,36.88,0.0
2019-08-02 13:30:00,INDEX:MMTW,33.9,33.9,27.63,31.91,0.0
2019-08-05 13:30:00,INDEX:MMTW,21.58,21.58,14.94,17.53,0.0
2019-08-06 13:30:00,INDEX:MMTW,20.68,22.74,17.95,22.67,0.0
2019-08-07 13:30:00,INDEX:MMTW,19.81,26.81,18.69,26.18,0.0
2019-08-08 13:30:00,INDEX:MMTW,30.22,39.52,30.22,37.9,0.0
2019-08-09 13:30:00,INDEX:MMTW,36.54,37.58,32.84,34.31,0.0
2019-08-12 13:30:00,INDEX:MMTW,31.61,32.37,28.66,30.14,0.0
2019-08-13 13:30:00,INDEX:MMTW,28.79,38.32,28.79,36.05,0.0
2019-08-14 13:30:00,INDEX:MMTW,26.82,26.82,20.9,21.42,0.0
2019-08-15 13:30:00,INDEX:MMTW,22.81,24.56,21.45,22.98,0.0
2019-08-16 13:30:00,INDEX:MMTW,25.51,32.11,25.51,31.98,0.0
2019-08-19 13:30:00,INDEX:MMTW,39.88,41.06,38.55,39.21,0.0
2019-08-20 13:30:00,INDEX:MMTW,37.29,39.65,35.22,35.22,0.0
2019-08-21 13:30:00,INDEX:MMTW,41.99,43.44,40.9,42.47,0.0
2019-08-22 13:30:00,INDEX:MMTW,46.44,46.58,38.76,41.07,0.0
2019-08-23 13:30:00,INDEX:MMTW,38.59,42.18,24.25,24.74,0.0
2019-08-26 13:30:00,INDEX:MMTW,30.75,32.05,27.34,32.0,0.0
2019-08-27 13:30:00,INDEX:MMTW,37.26,37.26,27.15,27.75,0.0
2019-08-28 13:30:00,INDEX:MMTW,26.13,36.97,26.13,35.73,0.0
2019-08-29 13:30:00,INDEX:MMTW,47.98,52.31,47.76,50.0,0.0
2019-08-30 13:30:00,INDEX:MMTW,58.59,58.59,50.12,53.38,0.0
2019-09-03 13:30:00,INDEX:MMTW,45.07,48.59,37.62,40.3,0.0
2019-09-04 13:30:00,INDEX:MMTW,51.43,52.25,49.48,52.03,0.0
2019-09-05 13:30:00,INDEX:MMTW,63.94,70.52,63.59,66.45,0.0
2019-09-06 13:30:00,INDEX:MMTW,70.84,70.89,65.14,65.16,0.0
2019-09-09 13:30:00,INDEX:MMTW,69.94,71.22,67.92,70.8,0.0
2019-09-10 13:30:00,INDEX:MMTW,69.12,73.53,68.37,73.22,0.0
2019-09-11 13:30:00,INDEX:MMTW,74.59,78.88,74.59,78.88,0.0
2019-09-12 13:30:00,INDEX:MMTW,80.79,80.79,78.24,78.24,0.0
2019-09-13 13:30:00,INDEX:MMTW,79.33,80.14,77.1,77.1,0.0
2019-09-16 13:30:00,INDEX:MMTW,76.56,78.81,76.56,77.29,0.0
2019-09-17 13:30:00,INDEX:MMTW,77.93,79.32,77.19,78.76,0.0
2019-09-18 13:30:00,INDEX:MMTW,79.01,79.01,72.93,76.67,0.0
2019-09-19 13:30:00,INDEX:MMTW,78.48,79.62,74.87,75.16,0.0
2019-09-20 13:30:00,INDEX:MMTW,77.35,77.35,72.34,73.92,0.0
2019-09-23 13:30:00,INDEX:MMTW,69.62,72.65,69.1,70.85,0.0
2019-09-24 13:30:00,INDEX:MMTW,50.0,71.75,50.0,56.8,0.0
2019-09-25 13:30:00,INDEX:MMTW,54.12,62.07,51.28,60.0,0.0
2019-09-26 13:30:00,INDEX:MMTW,57.85,57.85,49.97,51.9,0.0
2019-09-27 13:30:00,INDEX:MMTW,51.44,53.96,41.73,44.59,0.0
2019-09-30 13:30:00,INDEX:MMTW,43.33,48.1,42.23,44.15,0.0
2019-10-01 13:30:00,INDEX:MMTW,46.39,48.9,25.87,25.92,0.0
2019-10-02 13:30:00,INDEX:MMTW,18.49,18.49,14.89,16.98,0.0
2019-10-03 13:30:00,INDEX:MMTW,15.02,19.73,12.58,19.73,0.0
2019-10-04 13:30:00,INDEX:MMTW,20.47,27.27,19.58,27.16,0.0
2019-10-07 13:30:00,INDEX:MMTW,24.36,29.65,23.18,25.23,0.0
2019-10-08 13:30:00,INDEX:MMTW,20.33,21.88,17.0,18.06,0.0
2019-10-09 13:30:00,INDEX:MMTW,21.24,23.54,20.38,21.94,0.0
2019-10-10 13:30:00,INDEX:MMTW,21.85,27.68,21.85,25.37,0.0
2019-10-11 13:30:00,INDEX:MMTW,39.11,51.03,39.11,41.15,0.0
2019-10-14 13:30:00,INDEX:MMTW,38.95,39.94,35.76,38.77,0.0
2019-10-15 13:30:00,INDEX:MMTW,43.43,55.08,43.38,51.85,0.0
2019-10-16 13:30:00,INDEX:MMTW,52.19,56.2,51.13,53.12,0.0
2019-10-17 13:30:00,INDEX:MMTW,59.85,63.45,59.84,62.16,0.0
2019-10-18 13:30:00,INDEX:MMTW,61.8,63.69,55.9,59.96,0.0
2019-10-21 13:30:00,INDEX:MMTW,68.08,69.59,66.96,68.17,0.0
2019-10-22 13:30:00,INDEX:MMTW,70.86,70.86,66.27,66.47,0.0
2019-10-23 13:30:00,INDEX:MMTW,67.21,69.74,67.09,68.52,0.0
2019-10-24 13:30:00,INDEX:MMTW,71.78,71.78,65.0,67.05,0.0
2019-10-25 13:30:00,INDEX:MMTW,67.68,70.76,67.34,69.62,0.0
2019-10-28 13:30:00,INDEX:MMTW,74.02,74.9,72.29,72.29,0.0
2019-10-29 13:30:00,INDEX:MMTW,71.83,74.2,71.21,71.22,0.0
2019-10-30 13:30:00,INDEX:MMTW,71.47,71.47,66.3,70.05,0.0
2019-10-31 13:30:00,INDEX:MMTW,67.54,67.54,59.98,63.67,0.0
2019-11-01 13:30:00,INDEX:MMTW,68.48,72.32,68.48,72.14,0.0
2019-11-04 14:30:00,INDEX:MMTW,75.76,75.76,72.46,72.85,0.0
2019-11-05 14:30:00,INDEX:MMTW,72.91,73.05,70.22,70.39,0.0
2019-11-06 14:30:00,INDEX:MMTW,67.64,67.99,65.41,65.57,0.0
2019-11-07 14:30:00,INDEX:MMTW,68.21,68.56,63.98,64.7,0.0
2019-11-08 14:30:00,INDEX:MMTW,63.27,64.8,62.8,63.92,0.0
2019-11-11 14:30:00,INDEX:MMTW,61.35,62.88,60.84,62.19,0.0
2019-11-12 14:30:00,INDEX:MMTW,61.78,63.8,60.03,60.2,0.0
2019-11-13 14:30:00,INDEX:MMTW,55.8,58.38,55.56,56.82,0.0
2019-11-14 14:30:00,INDEX:MMTW,56.19,58.35,55.94,56.56,0.0
2019-11-15 14:30:00,INDEX:MMTW,60.3,60.48,56.86,58.74,0.0
2019-11-18 14:30:00,INDEX:MMTW,54.42,54.81,53.17,54.22,0.0
2019-11-19 14:30:00,INDEX:MMTW,55.88,58.3,53.14,56.48,0.0
2019-11-20 14:30:00,INDEX:MMTW,53.37,57.66,48.23,50.49,0.0
2019-11-21 14:30:00,INDEX:MMTW,50.06,50.06,44.31,45.99,0.0
2019-11-22 14:30:00,INDEX:MMTW,47.87,49.13,44.42,47.89,0.0
2019-11-25 14:30:00,INDEX:MMTW,52.06,62.2,52.06,61.21,0.0
2019-11-26 14:30:00,INDEX:MMTW,59.97,63.8,59.68,60.85,0.0
2019-11-27 14:30:00,INDEX:MMTW,63.01,65.6,62.21,65.34,0.0
2019-11-29 14:30:00,INDEX:MMTW,60.33,64.05,60.07,60.14,0.0
2019-12-02 14:30:00,INDEX:MMTW,60.07,60.07,48.43,48.65,0.0
2019-12-03 14:30:00,INDEX:MMTW,39.48,43.19,38.17,42.71,0.0
2019-12-04 14:30:00,INDEX:MMTW,50.17,54.29,49.97,49.97,0.0
2019-12-05 14:30:00,INDEX:MMTW,54.25,54.25,49.89,52.55,0.0
2019-12-06 14:30:00,INDEX:MMTW,64.61,66.18,62.94,62.96,0.0
2019-12-09 14:30:00,INDEX:MMTW,61.98,63.97,59.6,59.6,0.0
2019-12-10 14:30:00,INDEX:MMTW,58.4,61.46,58.21,60.56,0.0
2019-12-11 14:30:00,INDEX:MMTW,61.78,62.29,59.24,61.81,0.0
2019-12-12 14:30:00,INDEX:MMTW,66.75,71.66,65.0,67.1,0.0
2019-12-13 14:30:00,INDEX:MMTW,66.45,68.9,61.9,64.32,0.0
2019-12-16 14:30:00,INDEX:MMTW,69.97,72.29,67.85,67.85,0.0
2019-12-17 14:30:00,INDEX:MMTW,68.02,68.94,67.3,68.6,0.0
2019-12-18 14:30:00,INDEX:MMTW,70.09,70.09,67.51,68.97,0.0
2019-12-19 14:30:00,INDEX:MMTW,68.53,71.12,68.44,70.24,0.0
2019-12-20 14:30:00,INDEX:MMTW,72.34,72.34,70.34,70.81,0.0
2019-12-23 14:30:00,INDEX:MMTW,68.1,70.02,68.01,69.23,0.0
2019-12-24 14:30:00,INDEX:MMTW,70.44,71.9,70.44,71.9,0.0
2019-12-26 14:30:00,INDEX:MMTW,73.05,73.54,69.86,71.66,0.0
2019-12-27 14:30:00,INDEX:MMTW,72.56,72.56,67.42,67.7,0.0
2019-12-30 14:30:00,INDEX:MMTW,63.87,67.3,62.0,63.7,0.0
2019-12-31 14:30:00,INDEX:MMTW,65.02,68.68,64.79,66.9,0.0
2020-01-02 14:30:00,INDEX:MMTW,70.58,70.58,58.88,65.95,0.0
2020-01-03 14:30:00,INDEX:MMTW,54.97,61.34,54.83,58.73,0.0
2020-01-06 14:30:00,INDEX:MMTW,49.75,59.27,48.65,58.21,0.0
2020-01-07 14:30:00,INDEX:MMTW,53.09,55.94,52.11,52.73,0.0
2020-01-08 14:30:00,INDEX:MMTW,54.36,56.69,51.96,53.47,0.0
2020-01-09 14:30:00,INDEX:MMTW,53.98,56.23,53.29,53.55,0.0
2020-01-10 14:30:00,INDEX:MMTW,51.22,54.25,49.22,50.32,0.0
2020-01-13 14:30:00,INDEX:MMTW,48.85,55.37,48.85,55.36,0.0
2020-01-14 14:30:00,INDEX:MMTW,52.74,59.89,52.51,55.38,0.0
2020-01-15 14:30:00,INDEX:MMTW,59.23,59.88,54.55,57.55,0.0
2020-01-16 14:30:00,INDEX:MMTW,64.49,67.18,64.35,66.19,0.0
2020-01-17 14:30:00,INDEX:MMTW,67.96,67.96,63.12,63.18,0.0
2020-01-21 14:30:00,INDEX:MMTW,59.09,59.26,55.67,56.4,0.0
2020-01-22 14:30:00,INDEX:MMTW,59.94,59.94,54.38,54.91,0.0
2020-01-23 14:30:00,INDEX:MMTW,48.5,55.83,48.5,54.5,0.0
2020-01-24 14:30:00,INDEX:MMTW,54.33,54.33,42.68,45.52,0.0
2020-01-27 14:30:00,INDEX:MMTW,34.07,38.45,34.07,35.23,0.0
2020-01-28 14:30:00,INDEX:MMTW,39.73,42.0,39.73,41.14,0.0
2020-01-29 14:30:00,INDEX:MMTW,43.69,43.69,37.95,38.18,0.0
2020-01-30 14:30:00,INDEX:MMTW,34.89,37.21,31.29,37.21,0.0
2020-01-31 14:30:00,INDEX:MMTW,33.55,33.55,26.0,26.07,0.0
2020-02-03 14:30:00,INDEX:MMTW,31.43,33.61,30.04,30.89,0.0
2020-02-04 14:30:00,INDEX:MMTW,40.96,42.1,39.05,39.57,0.0
2020-02-05 14:30:00,INDEX:MMTW,47.91,51.83,45.97,51.48,0.0
2020-02-06 14:30:00,INDEX:MMTW,52.01,53.7,48.35,48.35,0.0
2020-02-07 14:30:00,INDEX:MMTW,43.63,44.11,39.03,39.82,0.0
2020-02-10 14:30:00,INDEX:MMTW,40.35,43.5,39.71,43.47,0.0
2020-02-11 14:30:00,INDEX:MMTW,49.54,52.38,48.57,49.15,0.0
2020-02-12 14:30:00,INDEX:MMTW,55.73,55.73,52.91,54.41,0.0
2020-02-13 14:30:00,INDEX:MMTW,53.91,55.19,50.93,54.54,0.0
2020-02-14 14:30:00,INDEX:MMTW,56.43,56.53,51.76,53.25,0.0
2020-02-18 14:30:00,INDEX:MMTW,53.72,54.24,47.3,50.17,0.0
2020-02-19 14:30:00,INDEX:MMTW,56.68,56.68,54.04,54.04,0.0
2020-02-20 14:30:00,INDEX:MMTW,55.94,58.79,50.88,57.04,0.0
2020-02-21 14:30:00,INDEX:MMTW,51.13,52.67,48.34,50.7,0.0
2020-02-24 14:30:00,INDEX:MMTW,30.01,31.6,26.65,28.61,0.0
2020-02-25 14:30:00,INDEX:MMTW,27.21,27.37,14.17,14.51,0.0
2020-02-26 14:30:00,INDEX:MMTW,17.17,18.54,12.68,13.07,0.0
2020-02-27 14:30:00,INDEX:MMTW,8.86,11.86,7.19,7.43,0.0
2020-02-28 14:30:00,INDEX:MMTW,4.98,7.29,4.98,7.29,0.0
2020-03-02 14:30:00,INDEX:MMTW,6.67,10.86,6.4,10.86,0.0
2020-03-03 14:30:00,INDEX:MMTW,10.02,14.11,7.81,9.02,0.0
2020-03-04 14:30:00,INDEX:MMTW,11.64,17.62,11.24,17.62,0.0
2020-03-05 14:30:00,INDEX:MMTW,12.65,15.4,10.98,12.82,0.0
2020-03-06 14:30:00,INDEX:MMTW,7.75,9.98,6.99,9.86,0.0
2020-03-09 13:30:00,INDEX:MMTW,4.14,5.34,3.62,3.95,0.0
2020-03-10 13:30:00,INDEX:MMTW,5.11,5.67,3.34,5.44,0.0
2020-03-11 13:30:00,INDEX:MMTW,4.09,4.26,2.8,3.28,0.0
2020-03-12 13:30:00,INDEX:MMTW,1.61,2.2,1.51,1.78,0.0
2020-03-13 13:30:00,INDEX:MMTW,2.02,3.24,1.41,3.19,0.0
2020-03-16 13:30:00,INDEX:MMTW,2.43,2.43,1.4,1.51,0.0
2020-03-17 13:30:00,INDEX:MMTW,1.93,5.17,1.93,5.14,0.0
2020-03-18 13:30:00,INDEX:MMTW,3.3,4.26,2.66,3.36,0.0
2020-03-19 13:30:00,INDEX:MMTW,3.26,4.69,3.26,4.53,0.0
2020-03-20 13:30:00,INDEX:MMTW,4.58,5.57,2.89,3.31,0.0
2020-03-23 13:30:00,INDEX:MMTW,3.16,3.75,2.42,3.51,0.0
2020-03-24 13:30:00,INDEX:MMTW,7.16,9.42,5.49,9.42,0.0
2020-03-25 13:30:00,INDEX:MMTW,13.49,17.37,9.09,11.86,0.0
2020-03-26 13:30:00,INDEX:MMTW,18.01,27.72,17.0,27.68,0.0
2020-03-27 13:30:00,INDEX:MMTW,17.09,24.64,17.09,18.75,0.0
2020-03-30 13:30:00,INDEX:MMTW,21.78,31.72,21.78,31.72,0.0
2020-03-31 13:30:00,INDEX:MMTW,34.99,39.12,29.34,35.11,0.0
2020-04-01 13:30:00,INDEX:MMTW,26.34,28.05,18.4,20.23,0.0
2020-04-02 13:30:00,INDEX:MMTW,25.4,33.36,23.15,30.87,0.0
2020-04-03 13:30:00,INDEX:MMTW,36.67,36.67,25.37,28.79,0.0
2020-04-06 13:30:00,INDEX:MMTW,49.53,58.61,49.53,58.5,0.0
2020-04-07 13:30:00,INDEX:MMTW,80.27,80.44,65.08,66.81,0.0
2020-04-08 13:30:00,INDEX:MMTW,77.49,84.36,75.57,84.32,0.0
2020-04-09 13:30:00,INDEX:MMTW,91.61,92.49,89.89,92.0,0.0
2020-04-13 13:30:00,INDEX:MMTW,91.62,91.77,89.03,90.07,0.0
2020-04-14 13:30:00,INDEX:MMTW,94.35,94.65,90.83,91.24,0.0
2020-04-15 13:30:00,INDEX:MMTW,82.71,82.75,77.72,79.37,0.0
2020-04-16 13:30:00,INDEX:MMTW,77.24,77.24,65.6,70.13,0.0
2020-04-17 13:30:00,INDEX:MMTW,82.9,85.5,81.77,85.06,0.0
2020-04-20 13:30:00,INDEX:MMTW,77.48,83.53,73.57,75.68,0.0
2020-04-21 13:30:00,INDEX:MMTW,59.84,64.74,55.79,59.99,0.0
2020-04-22 13:30:00,INDEX:MMTW,69.37,69.37,62.96,64.63,0.0
2020-04-23 13:30:00,INDEX:MMTW,69.28,75.0,67.67,67.67,0.0
2020-04-24 13:30:00,INDEX:MMTW,71.64,74.58,66.13,72.62,0.0
2020-04-27 13:30:00,INDEX:MMTW,79.2,87.86,79.2,86.91,0.0
2020-04-28 13:30:00,INDEX:MMTW,91.19,91.74,88.01,89.49,0.0
2020-04-29 13:30:00,INDEX:MMTW,92.97,94.57,92.97,93.45,0.0
2020-04-30 13:30:00,INDEX:MMTW,89.77,90.77,87.0,87.0,0.0
2020-05-01 13:30:00,INDEX:MMTW,75.53,75.53,65.01,70.05,0.0
2020-05-04 13:30:00,INDEX:MMTW,58.71,66.77,58.01,66.75,0.0
2020-05-05 13:30:00,INDEX:MMTW,74.5,77.37,63.57,63.57,0.0
2020-05-06 13:30:00,INDEX:MMTW,63.65,63.65,54.86,54.88,0.0
2020-05-07 13:30:00,INDEX:MMTW,63.9,66.21,59.58,61.33,0.0
2020-05-08 13:30:00,INDEX:MMTW,72.85,77.73,72.16,77.35,0.0
2020-05-11 13:30:00,INDEX:MMTW,70.35,73.35,65.97,68.57,0.0
2020-05-12 13:30:00,INDEX:MMTW,100.0,100.0,52.14,52.14,0.0
2020-05-13 13:30:00,INDEX:MMTW,45.14,47.04,31.81,35.18,0.0
2020-05-14 13:30:00,INDEX:MMTW,24.78,36.38,22.51,36.38,0.0
2020-05-15 13:30:00,INDEX:MMTW,34.19,41.45,34.19,40.25,0.0
2020-05-18 13:30:00,INDEX:MMTW,63.56,70.88,61.78,69.76,0.0
2020-05-19 13:30:00,INDEX:MMTW,63.69,67.51,57.18,57.19,0.0
2020-05-20 13:30:00,INDEX:MMTW,67.28,72.05,67.28,70.32,0.0
2020-05-21 13:30:00,INDEX:MMTW,70.8,70.97,64.08,66.57,0.0
2020-05-22 13:30:00,INDEX:MMTW,65.0,66.97,60.02,66.93,0.0
2020-05-26 13:30:00,INDEX:MMTW,82.88,83.19,80.15,80.15,0.0
2020-05-27 13:30:00,INDEX:MMTW,82.77,85.3,76.85,85.18,0.0
2020-05-28 13:30:00,INDEX:MMTW,87.56,87.67,82.8,82.85,0.0
2020-05-29 13:30:00,INDEX:MMTW,81.61,82.28,77.25,81.71,0.0
2020-06-01 13:30:00,INDEX:MMTW,83.88,86.7,83.88,84.33,0.0
2020-06-02 13:30:00,INDEX:MMTW,86.67,86.96,84.11,86.11,0.0
2020-06-03 13:30:00,INDEX:MMTW,88.83,89.06,87.43,87.46,0.0
2020-06-04 13:30:00,INDEX:MMTW,87.4,87.97,84.48,85.55,0.0
2020-06-05 13:30:00,INDEX:MMTW,88.42,88.63,87.33,87.53,0.0
2020-06-08 13:30:00,INDEX:MMTW,87.68,90.29,87.68,90.29,0.0
2020-06-09 13:30:00,INDEX:MMTW,89.85,90.8,88.88,89.16,0.0
2020-06-10 13:30:00,INDEX:MMTW,89.62,89.62,86.38,86.58,0.0
2020-06-11 13:30:00,INDEX:MMTW,62.87,65.53,36.62,36.78,0.0
2020-06-12 13:30:00,INDEX:MMTW,61.35,61.35,34.68,48.95,0.0
2020-06-15 13:30:00,INDEX:MMTW,28.94,57.83,28.94,56.94,0.0
2020-06-16 13:30:00,INDEX:MMTW,77.6,79.17,61.95,69.62,0.0
2020-06-17 13:30:00,INDEX:MMTW,65.4,65.4,53.33,53.74,0.0
2020-06-18 13:30:00,INDEX:MMTW,47.33,54.29,47.08,49.12,0.0
2020-06-19 13:30:00,INDEX:MMTW,53.5,55.46,40.51,44.19,0.0
2020-06-22 13:30:00,INDEX:MMTW,35.55,43.68,35.55,43.66,0.0
2020-06-23 13:30:00,INDEX:MMTW,50.45,50.45,44.5,44.51,0.0
2020-06-24 13:30:00,INDEX:MMTW,36.56,36.56,23.28,27.4,0.0
2020-06-25 13:30:00,INDEX:MMTW,24.09,32.76,24.09,32.74,0.0
2020-06-26 13:30:00,INDEX:MMTW,27.96,27.96,22.48,24.54,0.0
2020-06-29 13:30:00,INDEX:MMTW,22.44,32.04,22.44,30.52,0.0
2020-06-30 13:30:00,INDEX:MMTW,30.14,40.7,29.19,39.11,0.0
2020-07-01 13:30:00,INDEX:MMTW,43.5,43.5,33.34,36.04,0.0
2020-07-02 13:30:00,INDEX:MMTW,48.56,51.52,38.34,38.97,0.0
2020-07-06 13:30:00,INDEX:MMTW,54.41,54.73,46.36,48.46,0.0
2020-07-07 13:30:00,INDEX:MMTW,43.63,46.98,37.83,38.01,0.0
2020-07-08 13:30:00,INDEX:MMTW,42.01,45.12,36.3,42.16,0.0
2020-07-09 13:30:00,INDEX:MMTW,40.78,41.19,31.96,35.74,0.0
2020-07-10 13:30:00,INDEX:MMTW,36.1,41.9,34.61,41.87,0.0
2020-07-13 13:30:00,INDEX:MMTW,45.4,52.53,35.57,35.58,0.0
2020-07-14 13:30:00,INDEX:MMTW,37.28,46.42,32.9,46.35,0.0
2020-07-15 13:30:00,INDEX:MMTW,62.86,70.19,61.61,68.35,0.0
2020-07-16 13:30:00,INDEX:MMTW,62.08,67.14,61.77,64.58,0.0
2020-07-17 13:30:00,INDEX:MMTW,67.28,69.12,63.24,65.56,0.0
2020-07-20 13:30:00,INDEX:MMTW,66.26,66.26,61.44,62.49,0.0
2020-07-21 13:30:00,INDEX:MMTW,72.56,76.9,72.56,73.71,0.0
2020-07-22 13:30:00,INDEX:MMTW,72.94,74.58,71.31,72.88,0.0
2020-07-23 13:30:00,INDEX:MMTW,72.6,75.53,67.67,69.08,0.0
2020-07-24 13:30:00,INDEX:MMTW,66.64,66.64,59.94,60.21,0.0
2020-07-27 13:30:00,INDEX:MMTW,59.93,62.47,57.57,62.47,0.0
2020-07-28 13:30:00,INDEX:MMTW,61.93,62.88,57.25,57.25,0.0
2020-07-29 13:30:00,INDEX:MMTW,62.96,68.28,60.26,67.45,0.0
2020-07-30 13:30:00,INDEX:MMTW,58.42,62.18,53.93,60.7,0.0
2020-07-31 13:30:00,INDEX:MMTW,59.23,59.23,45.72,53.61,0.0
2020-08-03 13:30:00,INDEX:MMTW,55.8,61.72,53.96,61.47,0.0
2020-08-04 13:30:00,INDEX:MMTW,61.43,65.19,60.02,65.14,0.0
2020-08-05 13:30:00,INDEX:MMTW,70.69,71.53,68.4,71.49,0.0
2020-08-06 13:30:00,INDEX:MMTW,69.21,70.05,65.44,67.44,0.0
2020-08-07 13:30:00,INDEX:MMTW,64.1,71.89,63.89,71.86,0.0
2020-08-10 13:30:00,INDEX:MMTW,74.18,75.87,73.93,74.73,0.0
2020-08-11 13:30:00,INDEX:MMTW,76.26,76.39,69.54,70.23,0.0
2020-08-12 13:30:00,INDEX:MMTW,74.53,74.55,71.87,72.69,0.0
2020-08-13 13:30:00,INDEX:MMTW,71.3,73.45,69.95,70.69,0.0
2020-08-14 13:30:00,INDEX:MMTW,67.83,70.59,67.29,69.16,0.0
2020-08-17 13:30:00,INDEX:MMTW,69.42,70.93,68.94,70.3,0.0
2020-08-18 13:30:00,INDEX:MMTW,70.25,70.49,62.15,62.27,0.0
2020-08-19 13:30:00,INDEX:MMTW,62.25,65.53,62.11,63.37,0.0
2020-08-20 13:30:00,INDEX:MMTW,54.11,54.84,52.43,52.7,0.0
2020-08-21 13:30:00,INDEX:MMTW,49.33,49.33,42.58,44.8,0.0
2020-08-24 13:30:00,INDEX:MMTW,48.86,55.31,45.43,55.31,0.0
2020-08-25 13:30:00,INDEX:MMTW,58.34,58.34,48.89,55.35,0.0
2020-08-26 13:30:00,INDEX:MMTW,52.86,53.36,47.28,47.54,0.0
2020-08-27 13:30:00,INDEX:MMTW,49.72,53.24,45.32,49.31,0.0
2020-08-28 13:30:00,INDEX:MMTW,51.77,55.12,48.11,55.04,0.0
2020-08-31 13:30:00,INDEX:MMTW,48.47,49.1,43.25,43.3,0.0
2020-09-01 13:30:00,INDEX:MMTW,39.25,46.93,39.25,46.89,0.0
2020-09-02 13:30:00,INDEX:MMTW,47.47,55.82,45.25,55.01,0.0
2020-09-03 13:30:00,INDEX:MMTW,53.39,55.36,31.43,35.04,0.0
2020-09-04 13:30:00,INDEX:MMTW,41.54,41.54,25.2,34.51,0.0
2020-09-08 13:30:00,INDEX:MMTW,24.05,30.75,22.2,24.6,0.0
2020-09-09 13:30:00,INDEX:MMTW,30.25,35.62,29.18,32.31,0.0
2020-09-10 13:30:00,INDEX:MMTW,36.17,38.06,26.53,26.58,0.0
2020-09-11 13:30:00,INDEX:MMTW,29.03,30.71,23.97,27.11,0.0
2020-09-14 13:30:00,INDEX:MMTW,32.66,41.86,32.66,41.42,0.0
2020-09-15 13:30:00,INDEX:MMTW,48.04,49.15,42.39,42.84,0.0
2020-09-16 13:30:00,INDEX:MMTW,47.05,55.39,46.48,48.37,0.0
2020-09-17 13:30:00,INDEX:MMTW,39.23,47.79,39.23,46.57,0.0
2020-09-18 13:30:00,INDEX:MMTW,48.74,49.68,38.74,43.62,0.0
2020-09-21 13:30:00,INDEX:MMTW,29.62,29.62,21.48,24.41,0.0
2020-09-22 13:30:00,INDEX:MMTW,26.97,27.1,21.39,26.05,0.0
2020-09-23 13:30:00,INDEX:MMTW,27.46,28.0,16.04,16.1,0.0
2020-09-24 13:30:00,INDEX:MMTW,13.49,18.8,11.83,15.47,0.0
2020-09-25 13:30:00,INDEX:MMTW,14.71,23.76,14.71,22.9,0.0
2020-09-28 13:30:00,INDEX:MMTW,33.05,39.28,32.44,37.09,0.0
2020-09-29 13:30:00,INDEX:MMTW,37.8,38.87,32.04,36.3,0.0
2020-09-30 13:30:00,INDEX:MMTW,42.0,46.89,36.26,39.0,0.0
2020-10-01 13:30:00,INDEX:MMTW,46.37,47.79,41.49,47.79,0.0
2020-10-02 13:30:00,INDEX:MMTW,37.12,57.01,37.12,54.42,0.0
2020-10-05 13:30:00,INDEX:MMTW,66.51,70.93,65.11,69.94,0.0
2020-10-06 13:30:00,INDEX:MMTW,75.55,78.39,65.3,65.3,0.0
2020-10-07 13:30:00,INDEX:MMTW,73.07,75.79,71.94,74.63,0.0
2020-10-08 13:30:00,INDEX:MMTW,79.34,81.64,78.37,81.49,0.0
2020-10-09 13:30:00,INDEX:MMTW,85.63,85.63,80.98,81.59,0.0
2020-10-12 13:30:00,INDEX:MMTW,82.48,83.18,81.35,82.4,0.0
2020-10-13 13:30:00,INDEX:MMTW,81.4,81.4,77.33,78.02,0.0
2020-10-14 13:30:00,INDEX:MMTW,81.8,82.03,74.22,74.22,0.0
2020-10-15 13:30:00,INDEX:MMTW,68.32,76.68,67.78,76.42,0.0
2020-10-16 13:30:00,INDEX:MMTW,78.39,79.0,74.44,74.44,0.0
2020-10-19 13:30:00,INDEX:MMTW,76.39,77.64,64.26,64.39,0.0
2020-10-20 13:30:00,INDEX:MMTW,69.15,69.51,65.75,66.64,0.0
2020-10-21 13:30:00,INDEX:MMTW,64.73,65.43,59.57,59.57,0.0
2020-10-22 13:30:00,INDEX:MMTW,59.33,65.67,55.06,64.43,0.0
2020-10-23 13:30:00,INDEX:MMTW,65.82,65.82,60.89,65.13,0.0
2020-10-26 13:30:00,INDEX:MMTW,55.72,55.72,41.33,47.99,0.0
2020-10-27 13:30:00,INDEX:MMTW,44.51,45.05,38.1,38.11,0.0
2020-10-28 13:30:00,INDEX:MMTW,22.88,26.06,19.66,20.32,0.0
2020-10-29 13:30:00,INDEX:MMTW,18.17,26.69,16.37,26.32,0.0
2020-10-30 13:30:00,INDEX:MMTW,23.91,23.91,18.77,21.6,0.0
2020-11-02 14:30:00,INDEX:MMTW,25.56,31.69,24.39,31.66,0.0
2020-11-03 14:30:00,INDEX:MMTW,41.55,49.41,41.14,46.95,0.0
2020-11-04 14:30:00,INDEX:MMTW,44.66,52.33,41.12,43.92,0.0
2020-11-05 14:30:00,INDEX:MMTW,55.41,64.31,55.41,62.67,0.0
2020-11-06 14:30:00,INDEX:MMTW,64.37,64.37,54.83,54.83,0.0
2020-11-09 14:30:00,INDEX:MMTW,78.61,78.61,71.17,71.23,0.0
2020-11-10 14:30:00,INDEX:MMTW,74.27,75.62,70.6,74.99,0.0
2020-11-11 14:30:00,INDEX:MMTW,77.69,78.53,76.08,78.41,0.0
2020-11-12 14:30:00,INDEX:MMTW,78.83,78.83,71.66,74.02,0.0
2020-11-13 14:30:00,INDEX:MMTW,78.86,80.84,78.18,80.2,0.0
2020-11-16 14:30:00,INDEX:MMTW,82.56,83.89,81.88,83.35,0.0
2020-11-17 14:30:00,INDEX:MMTW,82.81,83.9,80.9,82.9,0.0
2020-11-18 14:30:00,INDEX:MMTW,84.24,84.24,79.79,79.82,0.0
2020-11-19 14:30:00,INDEX:MMTW,79.19,81.92,78.95,81.86,0.0
2020-11-20 14:30:00,INDEX:MMTW,82.05,83.17,81.21,82.46,0.0
2020-11-23 14:30:00,INDEX:MMTW,84.29,84.37,82.29,82.92,0.0
2020-11-24 14:30:00,INDEX:MMTW,84.9,85.71,83.59,84.82,0.0
2020-11-25 14:30:00,INDEX:MMTW,84.23,84.94,83.27,84.43,0.0
2020-11-27 14:30:00,INDEX:MMTW,84.9,86.6,84.78,86.55,0.0
2020-11-30 14:30:00,INDEX:MMTW,85.09,85.09,77.45,77.52,0.0
2020-12-01 14:30:00,INDEX:MMTW,82.05,83.36,78.68,79.08,0.0
2020-12-02 14:30:00,INDEX:MMTW,74.26,78.22,74.26,77.52,0.0
2020-12-03 14:30:00,INDEX:MMTW,76.75,78.75,75.58,75.95,0.0
2020-12-04 14:30:00,INDEX:MMTW,78.14,82.0,78.14,81.93,0.0
2020-12-07 14:30:00,INDEX:MMTW,81.05,81.05,78.22,78.79,0.0
2020-12-08 14:30:00,INDEX:MMTW,75.4,80.59,75.4,80.5,0.0
2020-12-09 14:30:00,INDEX:MMTW,81.12,81.24,71.69,73.83,0.0
2020-12-10 14:30:00,INDEX:MMTW,68.97,74.61,68.97,74.11,0.0
2020-12-11 14:30:00,INDEX:MMTW,69.22,71.77,64.56,68.5,0.0
2020-12-14 14:30:00,INDEX:MMTW,74.16,75.13,64.24,64.24,0.0
2020-12-15 14:30:00,INDEX:MMTW,68.02,75.17,66.46,75.13,0.0
2020-12-16 14:30:00,INDEX:MMTW,76.14,76.14,70.22,70.83,0.0
2020-12-17 14:30:00,INDEX:MMTW,72.6,74.33,70.55,74.31,0.0
2020-12-18 14:30:00,INDEX:MMTW,73.61,73.61,65.22,65.31,0.0
2020-12-21 14:30:00,INDEX:MMTW,52.64,58.92,49.65,58.38,0.0
2020-12-22 14:30:00,INDEX:MMTW,58.31,58.31,54.54,54.78,0.0
2020-12-23 14:30:00,INDEX:MMTW,59.7,64.59,59.7,62.84,0.0
2020-12-24 14:30:00,INDEX:MMTW,63.76,63.76,59.79,61.85,0.0
2020-12-28 14:30:00,INDEX:MMTW,68.04,68.87,62.14,62.15,0.0
2020-12-29 14:30:00,INDEX:MMTW,64.64,64.64,48.81,52.57,0.0
2020-12-30 14:30:00,INDEX:MMTW,54.8,61.19,54.8,58.55,0.0
2020-12-31 14:30:00,INDEX:MMTW,53.87,59.26,52.54,57.3,0.0
2021-01-04 14:30:00,INDEX:MMTW,62.29,62.29,38.0,46.0,0.0
2021-01-05 14:30:00,INDEX:MMTW,49.67,62.98,49.67,59.48,0.0
2021-01-06 14:30:00,INDEX:MMTW,66.14,78.59,66.14,72.98,0.0
2021-01-07 14:30:00,INDEX:MMTW,76.02,78.23,75.54,77.68,0.0
2021-01-08 14:30:00,INDEX:MMTW,79.37,79.44,71.65,77.15,0.0
2021-01-11 14:30:00,INDEX:MMTW,72.72,75.36,72.4,73.28,0.0
2021-01-12 14:30:00,INDEX:MMTW,74.77,77.51,74.36,77.2,0.0
2021-01-13 14:30:00,INDEX:MMTW,77.92,77.92,75.01,75.11,0.0
2021-01-14 14:30:00,INDEX:MMTW,78.38,80.69,78.38,78.84,0.0
2021-01-15 14:30:00,INDEX:MMTW,75.3,75.87,69.41,72.8,0.0
2021-01-19 14:30:00,INDEX:MMTW,77.13,77.25,74.18,75.57,0.0
2021-01-20 14:30:00,INDEX:MMTW,77.85,79.01,75.32,77.36,0.0
2021-01-21 14:30:00,INDEX:MMTW,77.39,77.39,71.79,71.92,0.0
2021-01-22 14:30:00,INDEX:MMTW,66.0,73.36,64.4,73.33,0.0
2021-01-25 14:30:00,INDEX:MMTW,69.24,72.49,62.95,69.69,0.0
2021-01-26 14:30:00,INDEX:MMTW,72.86,72.86,61.95,61.96,0.0
2021-01-27 14:30:00,INDEX:MMTW,47.03,50.69,42.12,42.81,0.0
2021-01-28 14:30:00,INDEX:MMTW,46.04,47.69,43.86,44.67,0.0
2021-01-29 14:30:00,INDEX:MMTW,41.69,44.39,32.47,33.89,0.0
2021-02-01 14:30:00,INDEX:MMTW,38.22,46.32,35.14,45.04,0.0
2021-02-02 14:30:00,INDEX:MMTW,49.66,55.33,48.5,54.03,0.0
2021-02-03 14:30:00,INDEX:MMTW,55.13,57.95,51.64,57.52,0.0
2021-02-04 14:30:00,INDEX:MMTW,60.09,69.24,60.09,69.23,0.0
2021-02-05 14:30:00,INDEX:MMTW,75.65,75.65,70.46,75.18,0.0
2021-02-08 14:30:00,INDEX:MMTW,80.54,84.55,80.54,84.55,0.0
2021-02-09 14:30:00,INDEX:MMTW,83.95,85.03,81.6,84.18,0.0
2021-02-10 14:30:00,INDEX:MMTW,86.19,86.72,81.53,82.92,0.0
2021-02-11 14:30:00,INDEX:MMTW,85.12,85.29,76.92,80.24,0.0
2021-02-12 14:30:00,INDEX:MMTW,78.41,81.35,78.41,80.94,0.0
2021-02-16 14:30:00,INDEX:MMTW,83.37,83.37,79.24,79.24,0.0
2021-02-17 14:30:00,INDEX:MMTW,74.64,76.16,70.94,74.93,0.0
2021-02-18 14:30:00,INDEX:MMTW,70.91,71.3,65.58,66.92,0.0
2021-02-19 14:30:00,INDEX:MMTW,69.84,74.84,69.51,72.22,0.0
2021-02-22 14:30:00,INDEX:MMTW,68.31,71.85,66.97,67.01,0.0
2021-02-23 14:30:00,INDEX:MMTW,54.62,60.62,53.69,58.9,0.0
2021-02-24 14:30:00,INDEX:MMTW,59.69,66.77,59.69,65.82,0.0
2021-02-25 14:30:00,INDEX:MMTW,64.07,64.39,50.46,50.46,0.0
2021-02-26 14:30:00,INDEX:MMTW,49.88,50.6,40.91,44.58,0.0
2021-03-01 14:30:00,INDEX:MMTW,52.45,57.8,52.45,56.58,0.0
2021-03-02 14:30:00,INDEX:MMTW,55.15,55.15,50.55,50.56,0.0
2021-03-03 14:30:00,INDEX:MMTW,51.09,52.34,47.71,48.14,0.0
2021-03-04 14:30:00,INDEX:MMTW,47.27,47.27,33.12,37.79,0.0
2021-03-05 14:30:00,INDEX:MMTW,41.89,46.09,32.58,45.58,0.0
2021-03-08 14:30:00,INDEX:MMTW,46.2,51.6,46.2,48.24,0.0
2021-03-09 14:30:00,INDEX:MMTW,51.27,55.0,51.27,52.95,0.0
2021-03-10 14:30:00,INDEX:MMTW,58.38,58.95,56.88,58.11,0.0
2021-03-11 14:30:00,INDEX:MMTW,61.95,67.25,61.0,67.16,0.0
2021-03-12 14:30:00,INDEX:MMTW,64.81,69.74,64.81,69.63,0.0
2021-03-15 13:30:00,INDEX:MMTW,70.61,74.16,70.12,74.07,0.0
2021-03-16 13:30:00,INDEX:MMTW,76.69,76.69,65.72,68.0,0.0
2021-03-17 13:30:00,INDEX:MMTW,62.25,73.96,62.25,72.74,0.0
2021-03-18 13:30:00,INDEX:MMTW,70.17,72.64,58.96,59.3,0.0
2021-03-19 13:30:00,INDEX:MMTW,58.81,66.05,55.58,62.39,0.0
2021-03-22 13:30:00,INDEX:MMTW,63.51,63.51,56.03,56.23,0.0
2021-03-23 13:30:00,INDEX:MMTW,50.51,50.51,31.45,33.07,0.0
2021-03-24 13:30:00,INDEX:MMTW,40.85,44.17,25.69,25.73,0.0
2021-03-25 13:30:00,INDEX:MMTW,21.18,35.55,19.03,34.38,0.0
2021-03-26 13:30:00,INDEX:MMTW,40.71,44.9,35.81,44.86,0.0
2021-03-29 13:30:00,INDEX:MMTW,42.95,44.47,31.76,32.23,0.0
2021-03-30 13:30:00,INDEX:MMTW,32.77,39.58,31.18,37.68,0.0
2021-03-31 13:30:00,INDEX:MMTW,41.99,45.2,37.96,39.79,0.0
2021-04-01 13:30:00,INDEX:MMTW,45.67,50.96,44.47,50.96,0.0
2021-04-05 13:30:00,INDEX:MMTW,58.63,58.63,50.79,54.06,0.0
2021-04-06 13:30:00,INDEX:MMTW,56.16,58.53,53.92,54.06,0.0
2021-04-07 13:30:00,INDEX:MMTW,54.76,54.76,43.95,45.39,0.0
2021-04-08 13:30:00,INDEX:MMTW,48.59,50.7,41.41,50.6,0.0
2021-04-09 13:30:00,INDEX:MMTW,51.8,51.8,47.87,50.96,0.0
2021-04-12 13:30:00,INDEX:MMTW,53.09,53.09,48.28,51.03,0.0
2021-04-13 13:30:00,INDEX:MMTW,51.52,51.52,45.26,48.36,0.0
2021-04-14 13:30:00,INDEX:MMTW,53.94,61.08,53.94,54.2,0.0
2021-04-15 13:30:00,INDEX:MMTW,61.36,61.36,54.75,58.41,0.0
2021-04-16 13:30:00,INDEX:MMTW,63.34,63.34,56.82,59.9,0.0
2021-04-19 13:30:00,INDEX:MMTW,58.71,60.09,50.74,53.73,0.0
2021-04-20 13:30:00,INDEX:MMTW,52.24,52.24,37.53,40.91,0.0
2021-04-21 13:30:00,INDEX:MMTW,40.98,52.97,40.98,52.87,0.0
2021-04-22 13:30:00,INDEX:MMTW,53.97,57.97,47.17,48.67,0.0
2021-04-23 13:30:00,INDEX:MMTW,52.57,61.68,52.57,58.89,0.0
2021-04-26 13:30:00,INDEX:MMTW,65.93,67.76,64.91,65.75,0.0
2021-04-27 13:30:00,INDEX:MMTW,69.55,69.55,62.51,64.01,0.0
2021-04-28 13:30:00,INDEX:MMTW,63.79,66.56,63.35,65.25,0.0
2021-04-29 13:30:00,INDEX:MMTW,70.86,70.86,58.75,62.93,0.0
2021-04-30 13:30:00,INDEX:MMTW,59.29,61.19,53.42,53.51,0.0
2021-05-03 13:30:00,INDEX:MMTW,61.0,62.1,57.62,60.56,0.0
2021-05-04 13:30:00,INDEX:MMTW,54.76,54.76,47.31,51.18,0.0
2021-05-05 13:30:00,INDEX:MMTW,52.17,52.38,47.12,49.96,0.0
2021-05-06 13:30:00,INDEX:MMTW,48.4,50.97,44.41,50.91,0.0
2021-05-07 13:30:00,INDEX:MMTW,50.68,57.84,50.68,57.17,0.0
2021-05-10 13:30:00,INDEX:MMTW,57.11,57.11,48.49,48.49,0.0
2021-05-11 13:30:00,INDEX:MMTW,38.86,44.76,38.09,43.5,0.0
2021-05-12 13:30:00,INDEX:MMTW,41.74,41.74,28.42,28.45,0.0
2021-05-13 13:30:00,INDEX:MMTW,30.91,39.65,30.91,37.78,0.0
2021-05-14 13:30:00,INDEX:MMTW,41.92,51.02,41.92,50.63,0.0
2021-05-17 13:30:00,INDEX:MMTW,47.17,51.43,46.02,51.42,0.0
2021-05-18 13:30:00,INDEX:MMTW,50.27,54.89,48.15,48.22,0.0
2021-05-19 13:30:00,INDEX:MMTW,33.95,42.27,31.05,42.27,0.0
2021-05-20 13:30:00,INDEX:MMTW,41.88,49.21,39.42,48.58,0.0
2021-05-21 13:30:00,INDEX:MMTW,54.59,57.81,50.86,52.53,0.0
2021-05-24 13:30:00,INDEX:MMTW,54.82,59.05,54.6,55.7,0.0
2021-05-25 13:30:00,INDEX:MMTW,59.05,61.79,44.0,44.0,0.0
2021-05-26 13:30:00,INDEX:MMTW,48.6,57.69,48.45,57.41,0.0
2021-05-27 13:30:00,INDEX:MMTW,64.84,66.75,64.37,65.04,0.0
2021-05-28 13:30:00,INDEX:MMTW,68.02,68.02,64.35,66.3,0.0
2021-06-01 13:30:00,INDEX:MMTW,73.52,74.59,70.89,73.52,0.0
2021-06-02 13:30:00,INDEX:MMTW,74.06,74.06,68.39,70.38,0.0
2021-06-03 13:30:00,INDEX:MMTW,64.96,67.03,61.4,66.44,0.0
2021-06-04 13:30:00,INDEX:MMTW,70.21,70.21,65.81,68.48,0.0
2021-06-07 13:30:00,INDEX:MMTW,71.13,72.06,69.76,71.45,0.0
2021-06-08 13:30:00,INDEX:MMTW,72.55,76.07,70.01,74.46,0.0
2021-06-09 13:30:00,INDEX:MMTW,75.25,75.25,69.58,69.62,0.0
2021-06-10 13:30:00,INDEX:MMTW,71.74,72.09,66.14,66.97,0.0
2021-06-11 13:30:00,INDEX:MMTW,68.86,69.57,66.43,68.56,0.0
2021-06-14 13:30:00,INDEX:MMTW,69.49,69.49,62.68,63.11,0.0
2021-06-15 13:30:00,INDEX:MMTW,63.98,63.98,56.47,60.82,0.0
2021-06-16 13:30:00,INDEX:MMTW,58.01,59.79,52.53,55.91,0.0
2021-06-17 13:30:00,INDEX:MMTW,54.65,54.65,42.59,46.43,0.0
2021-06-18 13:30:00,INDEX:MMTW,37.97,37.97,32.08,33.83,0.0
2021-06-21 13:30:00,INDEX:MMTW,33.64,41.3,33.64,41.04,0.0
2021-06-22 13:30:00,INDEX:MMTW,37.38,40.46,33.96,40.08,0.0
2021-06-23 13:30:00,INDEX:MMTW,40.75,44.06,40.75,42.04,0.0
2021-06-24 13:30:00,INDEX:MMTW,44.77,49.63,43.78,49.63,0.0
2021-06-25 13:30:00,INDEX:MMTW,50.43,54.45,50.43,51.11,0.0
2021-06-28 13:30:00,INDEX:MMTW,50.91,50.91,42.11,44.43,0.0
2021-06-29 13:30:00,INDEX:MMTW,46.08,46.08,39.44,39.77,0.0
2021-06-30 13:30:00,INDEX:MMTW,37.93,40.77,37.62,39.99,0.0
2021-07-01 13:30:00,INDEX:MMTW,43.79,46.24,41.56,44.94,0.0
2021-07-02 13:30:00,INDEX:MMTW,45.38,45.38,38.12,40.73,0.0
2021-07-06 13:30:00,INDEX:MMTW,38.59,38.59,27.92,31.97,0.0
2021-07-07 13:30:00,INDEX:MMTW,33.41,33.41,26.06,30.23,0.0
2021-07-08 13:30:00,INDEX:MMTW,20.23,26.93,18.39,24.6,0.0
2021-07-09 13:30:00,INDEX:MMTW,29.35,38.28,29.35,38.26,0.0
2021-07-12 13:30:00,INDEX:MMTW,35.83,42.94,35.16,42.94,0.0
2021-07-13 13:30:00,INDEX:MMTW,40.1,40.25,32.27,32.27,0.0
2021-07-14 13:30:00,INDEX:MMTW,36.88,38.58,28.23,28.23,0.0
2021-07-15 13:30:00,INDEX:MMTW,25.04,28.81,23.48,28.0,0.0
2021-07-16 13:30:00,INDEX:MMTW,30.81,30.81,23.34,23.34,0.0
2021-07-19 13:30:00,INDEX:MMTW,14.63,16.66,13.4,15.26,0.0
2021-07-20 13:30:00,INDEX:MMTW,16.93,31.31,16.93,27.06,0.0
2021-07-21 13:30:00,INDEX:MMTW,32.76,39.8,32.76,38.15,0.0
2021-07-22 13:30:00,INDEX:MMTW,35.87,35.87,28.75,30.85,0.0
2021-07-23 13:30:00,INDEX:MMTW,34.82,36.74,31.19,36.73,0.0
2021-07-26 13:30:00,INDEX:MMTW,40.89,43.35,38.3,41.04,0.0
2021-07-27 13:30:00,INDEX:MMTW,34.97,36.8,31.46,35.9,0.0
2021-07-28 13:30:00,INDEX:MMTW,40.93,48.87,35.04,45.2,0.0
2021-07-29 13:30:00,INDEX:MMTW,53.04,57.27,52.33,53.01,0.0
2021-07-30 13:30:00,INDEX:MMTW,51.54,56.49,46.82,47.64,0.0
2021-08-02 13:30:00,INDEX:MMTW,54.98,58.51,47.14,47.16,0.0
2021-08-03 13:30:00,INDEX:MMTW,47.56,50.22,40.36,50.18,0.0
2021-08-04 13:30:00,INDEX:MMTW,45.56,48.33,40.89,40.89,0.0
2021-08-05 13:30:00,INDEX:MMTW,44.62,53.43,44.62,53.43,0.0
2021-08-06 13:30:00,INDEX:MMTW,56.53,57.73,54.21,56.66,0.0
2021-08-09 13:30:00,INDEX:MMTW,53.64,58.04,53.64,55.97,0.0
2021-08-10 13:30:00,INDEX:MMTW,56.75,58.5,56.3,57.02,0.0
2021-08-11 13:30:00,INDEX:MMTW,57.63,60.49,54.91,60.49,0.0
2021-08-12 13:30:00,INDEX:MMTW,58.15,58.18,54.94,57.63,0.0
2021-08-13 13:30:00,INDEX:MMTW,56.21,56.21,53.02,53.36,0.0
2021-08-16 13:30:00,INDEX:MMTW,45.93,47.71,43.83,46.19,0.0
2021-08-17 13:30:00,INDEX:MMTW,37.95,39.69,31.96,37.8,0.0
2021-08-18 13:30:00,INDEX:MMTW,35.37,40.96,31.87,31.89,0.0
2021-08-19 13:30:00,INDEX:MMTW,25.56,28.59,23.26,25.96,0.0
2021-08-20 13:30:00,INDEX:MMTW,23.83,34.73,23.83,33.81,0.0
2021-08-23 13:30:00,INDEX:MMTW,39.79,45.71,39.79,44.23,0.0
2021-08-24 13:30:00,INDEX:MMTW,48.33,53.88,47.47,52.86,0.0
2021-08-25 13:30:00,INDEX:MMTW,51.18,61.6,51.18,56.67,0.0
2021-08-26 13:30:00,INDEX:MMTW,56.67,59.37,48.17,48.36,0.0
2021-08-27 13:30:00,INDEX:MMTW,53.78,70.33,53.78,68.11,0.0
2021-08-30 13:30:00,INDEX:MMTW,70.51,70.51,62.25,62.25,0.0
2021-08-31 13:30:00,INDEX:MMTW,65.16,68.84,62.58,66.52,0.0
2021-09-01 13:30:00,INDEX:MMTW,68.16,71.27,64.02,67.99,0.0
2021-09-02 13:30:00,INDEX:MMTW,72.03,74.28,70.23,71.75,0.0
2021-09-03 13:30:00,INDEX:MMTW,72.41,72.41,64.59,66.51,0.0
2021-09-07 13:30:00,INDEX:MMTW,66.53,68.16,58.06,58.06,0.0
2021-09-08 13:30:00,INDEX:MMTW,56.53,57.05,48.06,50.04,0.0
2021-09-09 13:30:00,INDEX:MMTW,48.96,56.67,48.96,48.99,0.0
2021-09-10 13:30:00,INDEX:MMTW,51.47,51.47,41.91,41.91,0.0
2021-09-13 13:30:00,INDEX:MMTW,46.34,48.5,42.14,45.53,0.0
2021-09-14 13:30:00,INDEX:MMTW,47.88,47.88,34.75,35.17,0.0
2021-09-15 13:30:00,INDEX:MMTW,34.4,41.48,34.16,41.39,0.0
2021-09-16 13:30:00,INDEX:MMTW,40.46,42.29,35.02,39.79,0.0
2021-09-17 13:30:00,INDEX:MMTW,38.24,39.29,34.33,39.29,0.0
2021-09-20 13:30:00,INDEX:MMTW,21.72,23.8,17.13,21.03,0.0
2021-09-21 13:30:00,INDEX:MMTW,24.41,25.96,20.33,23.5,0.0
2021-09-22 13:30:00,INDEX:MMTW,27.84,36.05,27.84,31.69,0.0
2021-09-23 13:30:00,INDEX:MMTW,37.54,48.89,37.54,46.35,0.0
2021-09-24 13:30:00,INDEX:MMTW,42.57,46.61,42.35,44.51,0.0
2021-09-27 13:30:00,INDEX:MMTW,52.83,52.84,52.83,52.83,0.0
2021-09-28 13:30:00,INDEX:MMTW,49.92,50.03,40.82,40.82,0.0
2021-09-29 13:30:00,INDEX:MMTW,42.71,43.63,40.08,40.38,0.0
2021-09-30 13:30:00,INDEX:MMTW,43.39,44.24,35.25,35.26,0.0
2021-10-01 13:30:00,INDEX:MMTW,38.39,47.55,35.29,44.9,0.0
2021-10-04 13:30:00,INDEX:MMTW,41.94,42.47,40.66,41.04,0.0
2021-10-05 13:30:00,INDEX:MMTW,41.64,47.48,41.64,45.55,0.0
2021-10-06 13:30:00,INDEX:MMTW,39.36,43.91,34.65,43.91,0.0
2021-10-07 13:30:00,INDEX:MMTW,50.12,57.33,50.12,53.09,0.0
2021-10-08 13:30:00,INDEX:MMTW,54.06,54.92,49.89,49.91,0.0
2021-10-11 13:30:00,INDEX:MMTW,51.04,54.71,47.36,47.37,0.0
2021-10-12 13:30:00,INDEX:MMTW,49.09,52.46,49.04,51.03,0.0
2021-10-13 13:30:00,INDEX:MMTW,52.56,54.72,47.66,54.45,0.0
2021-10-14 13:30:00,INDEX:MMTW,61.66,64.67,61.44,63.52,0.0
2021-10-15 13:30:00,INDEX:MMTW,69.82,69.82,62.99,63.03,0.0
2021-10-18 13:30:00,INDEX:MMTW,60.03,61.36,59.55,59.92,0.0
2021-10-19 13:30:00,INDEX:MMTW,61.1,63.7,59.34,62.91,0.0
2021-10-20 13:30:00,INDEX:MMTW,62.55,68.24,61.93,66.41,0.0
2021-10-21 13:30:00,INDEX:MMTW,67.6,69.66,64.06,66.02,0.0
2021-10-22 13:30:00,INDEX:MMTW,64.63,65.45,61.2,62.13,0.0
2021-10-25 13:30:00,INDEX:MMTW,63.98,66.67,62.27,65.47,0.0
2021-10-26 13:30:00,INDEX:MMTW,66.19,66.19,60.62,60.76,0.0
2021-10-27 13:30:00,INDEX:MMTW,57.6,57.6,46.24,46.25,0.0
2021-10-28 13:30:00,INDEX:MMTW,49.51,56.54,49.51,56.54,0.0
2021-10-29 13:30:00,INDEX:MMTW,54.44,55.78,51.48,53.75,0.0
2021-11-01 13:30:00,INDEX:MMTW,56.52,68.28,56.52,68.12,0.0
2021-11-02 13:30:00,INDEX:MMTW,65.38,65.38,61.32,65.23,0.0
2021-11-03 13:30:00,INDEX:MMTW,62.16,72.27,62.16,71.4,0.0
2021-11-04 13:30:00,INDEX:MMTW,71.81,71.96,64.39,66.26,0.0
2021-11-05 13:30:00,INDEX:MMTW,68.89,71.18,66.95,68.68,0.0
2021-11-08 14:30:00,INDEX:MMTW,70.81,72.09,69.07,69.72,0.0
2021-11-09 14:30:00,INDEX:MMTW,68.94,68.94,64.21,66.08,0.0
2021-11-10 14:30:00,INDEX:MMTW,64.41,65.21,57.0,58.5,0.0
2021-11-11 14:30:00,INDEX:MMTW,59.91,61.82,59.53,60.49,0.0
2021-11-12 14:30:00,INDEX:MMTW,60.72,60.77,58.23,60.43,0.0
2021-11-15 14:30:00,INDEX:MMTW,60.87,60.87,57.5,58.63,0.0
2021-11-16 14:30:00,INDEX:MMTW,55.17,57.02,54.5,55.12,0.0
2021-11-17 14:30:00,INDEX:MMTW,51.96,51.96,46.26,48.14,0.0
2021-11-18 14:30:00,INDEX:MMTW,48.21,48.21,40.24,42.86,0.0
2021-11-19 14:30:00,INDEX:MMTW,37.88,39.01,36.46,36.53,0.0
2021-11-22 14:30:00,INDEX:MMTW,38.3,43.07,37.08,37.08,0.0
2021-11-23 14:30:00,INDEX:MMTW,36.92,38.81,33.51,37.57,0.0
2021-11-24 14:30:00,INDEX:MMTW,31.12,36.79,31.12,36.58,0.0
2021-11-26 14:30:00,INDEX:MMTW,19.54,19.54,14.19,16.77,0.0
2021-11-29 14:30:00,INDEX:MMTW,20.17,20.53,15.95,17.82,0.0
2021-11-30 14:30:00,INDEX:MMTW,14.54,15.69,10.4,11.4,0.0
2021-12-01 14:30:00,INDEX:MMTW,14.58,18.64,8.96,8.98,0.0
2021-12-02 14:30:00,INDEX:MMTW,9.61,15.68,9.61,14.87,0.0
2021-12-03 14:30:00,INDEX:MMTW,16.83,16.83,10.22,12.14,0.0
2021-12-06 14:30:00,INDEX:MMTW,15.12,23.32,15.12,19.82,0.0
2021-12-07 14:30:00,INDEX:MMTW,28.45,35.2,28.45,31.22,0.0
2021-12-08 14:30:00,INDEX:MMTW,33.73,40.17,33.73,39.03,0.0
2021-12-09 14:30:00,INDEX:MMTW,35.4,36.52,29.61,29.62,0.0
2021-12-10 14:30:00,INDEX:MMTW,37.24,37.24,28.52,31.75,0.0
2021-12-13 14:30:00,INDEX:MMTW,30.54,30.54,24.56,25.41,0.0
2021-12-14 14:30:00,INDEX:MMTW,23.97,28.63,21.8,22.24,0.0
2021-12-15 14:30:00,INDEX:MMTW,24.33,31.81,19.38,31.81,0.0
2021-12-16 14:30:00,INDEX:MMTW,38.45,41.16,27.2,29.4,0.0
2021-12-17 14:30:00,INDEX:MMTW,27.67,35.02,24.86,32.35,0.0
2021-12-20 14:30:00,INDEX:MMTW,22.4,25.25,19.47,25.22,0.0
2021-12-21 14:30:00,INDEX:MMTW,33.13,43.04,33.13,42.76,0.0
2021-12-22 14:30:00,INDEX:MMTW,45.62,51.78,43.82,51.78,0.0
2021-12-23 14:30:00,INDEX:MMTW,58.47,64.0,57.47,62.72,0.0
2021-12-27 14:30:00,INDEX:MMTW,64.81,68.51,60.55,68.42,0.0
2021-12-28 14:30:00,INDEX:MMTW,69.78,72.71,66.08,66.1,0.0
2021-12-29 14:30:00,INDEX:MMTW,65.31,66.18,63.33,64.37,0.0
2021-12-30 14:30:00,INDEX:MMTW,65.88,71.76,65.88,65.9,0.0
2021-12-31 14:30:00,INDEX:MMTW,68.07,69.07,64.07,65.99,0.0
2022-01-03 14:30:00,INDEX:MMTW,70.1,74.38,68.32,73.91,0.0
2022-01-04 14:30:00,INDEX:MMTW,76.47,76.47,66.65,68.6,0.0
2022-01-05 14:30:00,INDEX:MMTW,69.02,69.71,52.75,52.81,0.0
2022-01-06 14:30:00,INDEX:MMTW,54.54,56.6,48.37,53.08,0.0
2022-01-07 14:30:00,INDEX:MMTW,52.24,54.99,49.57,49.62,0.0
2022-01-10 14:30:00,INDEX:MMTW,44.08,46.19,39.67,46.15,0.0
2022-01-11 14:30:00,INDEX:MMTW,45.98,51.85,42.97,51.71,0.0
2022-01-12 14:30:00,INDEX:MMTW,54.82,55.0,47.08,49.92,0.0
2022-01-13 14:30:00,INDEX:MMTW,50.79,53.68,47.24,47.24,0.0
2022-01-14 14:30:00,INDEX:MMTW,39.9,45.13,39.6,45.11,0.0
2022-01-18 14:30:00,INDEX:MMTW,38.71,38.71,34.95,34.97,0.0
2022-01-19 14:30:00,INDEX:MMTW,34.45,34.45,28.94,28.94,0.0
2022-01-20 14:30:00,INDEX:MMTW,28.93,33.96,22.09,22.16,0.0
2022-01-21 14:30:00,INDEX:MMTW,17.35,22.31,14.77,14.82,0.0
2022-01-24 14:30:00,INDEX:MMTW,8.72,16.59,7.69,16.4,0.0
2022-01-25 14:30:00,INDEX:MMTW,9.28,19.53,8.18,17.57,0.0
2022-01-26 14:30:00,INDEX:MMTW,19.47,23.57,12.52,14.36,0.0
2022-01-27 14:30:00,INDEX:MMTW,16.7,20.25,11.13,12.48,0.0
2022-01-28 14:30:00,INDEX:MMTW,10.87,15.82,10.2,15.77,0.0
2022-01-31 14:30:00,INDEX:MMTW,14.44,27.18,14.44,27.15,0.0
2022-02-01 14:30:00,INDEX:MMTW,29.65,37.73,25.47,37.71,0.0
2022-02-02 14:30:00,INDEX:MMTW,37.27,37.27,31.84,35.82,0.0
2022-02-03 14:30:00,INDEX:MMTW,29.44,33.9,26.97,27.62,0.0
2022-02-04 14:30:00,INDEX:MMTW,26.9,35.84,25.69,33.46,0.0
2022-02-07 14:30:00,INDEX:MMTW,36.18,43.52,35.75,39.27,0.0
2022-02-08 14:30:00,INDEX:MMTW,42.53,51.32,42.53,51.32,0.0
2022-02-09 14:30:00,INDEX:MMTW,62.07,64.33,61.74,63.77,0.0
2022-02-10 14:30:00,INDEX:MMTW,57.36,69.38,53.5,54.99,0.0
2022-02-11 14:30:00,INDEX:MMTW,59.44,63.92,47.03,50.44,0.0
2022-02-14 14:30:00,INDEX:MMTW,52.76,52.76,44.78,46.61,0.0
2022-02-15 14:30:00,INDEX:MMTW,58.61,65.55,58.61,65.55,0.0
2022-02-16 14:30:00,INDEX:MMTW,64.95,68.02,62.32,67.16,0.0
2022-02-17 14:30:00,INDEX:MMTW,57.08,58.05,50.84,51.83,0.0
2022-02-18 14:30:00,INDEX:MMTW,48.07,52.15,44.28,45.2,0.0
2022-02-22 14:30:00,INDEX:MMTW,39.83,43.6,31.95,34.52,0.0
2022-02-23 14:30:00,INDEX:MMTW,40.19,40.19,27.22,27.33,0.0
2022-02-24 14:30:00,INDEX:MMTW,14.3,34.36,14.3,33.98,0.0
2022-02-25 14:30:00,INDEX:MMTW,36.41,49.06,33.17,48.89,0.0
2022-02-28 14:30:00,INDEX:MMTW,47.79,47.79,46.99,47.01,0.0
2022-03-01 14:30:00,INDEX:MMTW,47.38,47.38,37.44,38.8,0.0
2022-03-02 14:30:00,INDEX:MMTW,41.98,53.69,41.98,51.27,0.0
2022-03-03 14:30:00,INDEX:MMTW,54.43,54.43,44.03,47.05,0.0
2022-03-04 14:30:00,INDEX:MMTW,39.78,39.78,35.68,39.48,0.0
2022-03-07 14:30:00,INDEX:MMTW,37.71,37.71,31.23,31.25,0.0
2022-03-08 14:30:00,INDEX:MMTW,31.58,36.44,30.74,31.5,0.0
2022-03-09 14:30:00,INDEX:MMTW,39.23,44.75,39.23,43.21,0.0
2022-03-10 14:30:00,INDEX:MMTW,38.04,42.28,35.48,42.26,0.0
2022-03-11 14:30:00,INDEX:MMTW,46.27,46.27,36.65,36.65,0.0
2022-03-14 13:30:00,INDEX:MMTW,37.04,38.5,29.06,30.45,0.0
2022-03-15 13:30:00,INDEX:MMTW,31.17,35.73,30.19,34.67,0.0
2022-03-16 13:30:00,INDEX:MMTW,44.03,54.18,39.23,54.17,0.0
2022-03-17 13:30:00,INDEX:MMTW,53.57,67.45,53.57,67.41,0.0
2022-03-18 13:30:00,INDEX:MMTW,65.67,73.13,65.67,73.04,0.0
2022-03-21 13:30:00,INDEX:MMTW,76.49,76.49,67.95,69.51,0.0
2022-03-22 13:30:00,INDEX:MMTW,75.37,78.59,74.39,77.57,0.0
2022-03-23 13:30:00,INDEX:MMTW,73.31,73.31,63.4,63.41,0.0
2022-03-24 13:30:00,INDEX:MMTW,66.0,69.34,64.02,69.32,0.0
2022-03-25 13:30:00,INDEX:MMTW,70.4,71.26,67.07,70.45,0.0
2022-03-28 13:30:00,INDEX:MMTW,69.05,69.05,62.14,68.79,0.0
2022-03-29 13:30:00,INDEX:MMTW,77.77,81.54,75.76,80.77,0.0
2022-03-30 13:30:00,INDEX:MMTW,80.93,81.4,70.67,71.16,0.0
2022-03-31 13:30:00,INDEX:MMTW,71.98,72.86,64.48,64.49,0.0
2022-04-01 13:30:00,INDEX:MMTW,67.91,67.91,63.09,66.88,0.0
2022-04-04 13:30:00,INDEX:MMTW,66.8,68.04,65.04,68.01,0.0
2022-04-05 13:30:00,INDEX:MMTW,68.16,68.16,53.66,53.67,0.0
2022-04-06 13:30:00,INDEX:MMTW,45.14,47.57,41.54,45.33,0.0
2022-04-07 13:30:00,INDEX:MMTW,44.16,44.16,36.25,42.08,0.0
2022-04-08 13:30:00,INDEX:MMTW,40.07,43.06,38.19,39.06,0.0
2022-04-11 13:30:00,INDEX:MMTW,34.26,36.65,31.56,32.21,0.0
2022-04-12 13:30:00,INDEX:MMTW,33.81,38.91,30.45,31.45,0.0
2022-04-13 13:30:00,INDEX:MMTW,32.28,39.8,32.28,39.12,0.0
2022-04-14 13:30:00,INDEX:MMTW,40.04,40.04,35.86,36.23,0.0
2022-04-18 13:30:00,INDEX:MMTW,34.32,35.37,32.2,33.11,0.0
2022-04-19 13:30:00,INDEX:MMTW,33.62,44.42,33.62,43.21,0.0
2022-04-20 13:30:00,INDEX:MMTW,47.96,52.15,47.96,49.17,0.0
2022-04-21 13:30:00,INDEX:MMTW,55.33,55.33,36.57,37.14,0.0
2022-04-22 13:30:00,INDEX:MMTW,31.87,32.09,22.39,22.41,0.0
2022-04-25 13:30:00,INDEX:MMTW,15.79,23.54,13.7,23.45,0.0
2022-04-26 13:30:00,INDEX:MMTW,19.82,20.03,14.6,14.7,0.0
2022-04-27 13:30:00,INDEX:MMTW,14.37,18.68,14.37,15.95,0.0
2022-04-28 13:30:00,INDEX:MMTW,18.38,25.26,14.51,24.34,0.0
2022-04-29 13:30:00,INDEX:MMTW,23.33,26.03,15.91,16.17,0.0
2022-05-02 13:30:00,INDEX:MMTW,14.54,19.99,13.94,19.95,0.0
2022-05-03 13:30:00,INDEX:MMTW,20.6,27.08,20.6,25.59,0.0
2022-05-04 13:30:00,INDEX:MMTW,26.88,41.54,24.08,41.54,0.0
2022-05-05 13:30:00,INDEX:MMTW,33.15,33.15,21.17,24.79,0.0
2022-05-06 13:30:00,INDEX:MMTW,17.1,22.7,17.1,21.18,0.0
2022-05-09 13:30:00,INDEX:MMTW,14.27,15.97,11.47,12.02,0.0
2022-05-10 13:30:00,INDEX:MMTW,14.83,14.83,7.95,10.66,0.0
2022-05-11 13:30:00,INDEX:MMTW,13.62,15.05,8.59,8.59,0.0
2022-05-12 13:30:00,INDEX:MMTW,8.48,11.01,7.77,11.01,0.0
2022-05-13 13:30:00,INDEX:MMTW,15.17,21.69,15.17,19.97,0.0
2022-05-16 13:30:00,INDEX:MMTW,20.16,24.89,20.16,21.93,0.0
2022-05-17 13:30:00,INDEX:MMTW,34.46,38.75,31.34,38.75,0.0
2022-05-18 13:30:00,INDEX:MMTW,36.41,37.49,23.67,24.95,0.0
2022-05-19 13:30:00,INDEX:MMTW,25.13,32.73,25.13,28.25,0.0
2022-05-20 13:30:00,INDEX:MMTW,33.8,33.8,21.45,29.29,0.0
2022-05-23 13:30:00,INDEX:MMTW,37.17,40.63,33.97,38.37,0.0
2022-05-24 13:30:00,INDEX:MMTW,34.12,34.12,25.9,33.49,0.0
2022-05-25 13:30:00,INDEX:MMTW,34.28,46.7,34.28,42.6,0.0
2022-05-26 13:30:00,INDEX:MMTW,56.84,62.01,56.84,58.67,0.0
2022-05-27 13:30:00,INDEX:MMTW,68.24,74.08,68.24,73.99,0.0
2022-05-31 13:30:00,INDEX:MMTW,70.62,73.89,69.75,71.11,0.0
2022-06-01 13:30:00,INDEX:MMTW,77.78,77.78,61.5,67.59,0.0
2022-06-02 13:30:00,INDEX:MMTW,72.68,80.77,72.68,80.74,0.0
2022-06-03 13:30:00,INDEX:MMTW,79.82,79.82,75.57,77.17,0.0
2022-06-06 13:30:00,INDEX:MMTW,82.57,82.57,76.02,77.0,0.0
2022-06-07 13:30:00,INDEX:MMTW,72.08,81.17,72.08,80.54,0.0
2022-06-08 13:30:00,INDEX:MMTW,76.23,79.03,71.53,73.05,0.0
2022-06-09 13:30:00,INDEX:MMTW,66.09,66.33,52.71,52.74,0.0
2022-06-10 13:30:00,INDEX:MMTW,32.37,36.21,30.35,32.71,0.0
2022-06-13 13:30:00,INDEX:MMTW,15.36,16.82,13.6,14.94,0.0
2022-06-14 13:30:00,INDEX:MMTW,13.1,15.62,13.1,14.82,0.0
2022-06-15 13:30:00,INDEX:MMTW,15.06,22.69,15.06,18.99,0.0
2022-06-16 13:30:00,INDEX:MMTW,10.12,11.95,9.85,11.53,0.0
2022-06-17 13:30:00,INDEX:MMTW,11.2,15.48,11.2,15.44,0.0
2022-06-21 13:30:00,INDEX:MMTW,22.8,22.8,21.21,21.21,0.0
2022-06-22 13:30:00,INDEX:MMTW,16.81,24.02,16.81,22.61,0.0
2022-06-23 13:30:00,INDEX:MMTW,23.07,29.61,22.4,29.5,0.0
2022-06-24 13:30:00,INDEX:MMTW,32.67,40.32,32.67,40.32,0.0
2022-06-27 13:30:00,INDEX:MMTW,41.62,43.71,38.22,41.54,0.0
2022-06-28 13:30:00,INDEX:MMTW,50.99,50.99,31.93,31.94,0.0
2022-06-29 13:30:00,INDEX:MMTW,28.42,30.48,27.13,30.47,0.0
2022-06-30 13:30:00,INDEX:MMTW,23.39,32.27,22.09,30.54,0.0
2022-07-01 13:30:00,INDEX:MMTW,30.2,39.71,30.19,39.71,0.0
2022-07-05 13:30:00,INDEX:MMTW,31.05,44.89,29.15,44.89,0.0
2022-07-06 13:30:00,INDEX:MMTW,49.37,49.37,40.0,43.59,0.0
2022-07-07 13:30:00,INDEX:MMTW,51.86,56.94,51.86,56.11,0.0
2022-07-08 13:30:00,INDEX:MMTW,54.07,61.88,53.73,57.9,0.0
2022-07-11 13:30:00,INDEX:MMTW,56.58,56.58,49.23,49.91,0.0
2022-07-12 13:30:00,INDEX:MMTW,54.04,57.13,47.52,50.19,0.0
2022-07-13 13:30:00,INDEX:MMTW,42.02,49.34,42.02,47.27,0.0
2022-07-14 13:30:00,INDEX:MMTW,34.21,39.91,32.09,39.86,0.0
2022-07-15 13:30:00,INDEX:MMTW,42.12,55.64,42.12,55.63,0.0
2022-07-18 13:30:00,INDEX:MMTW,63.62,65.36,52.23,52.52,0.0
2022-07-19 13:30:00,INDEX:MMTW,62.99,73.71,62.99,73.59,0.0
2022-07-20 13:30:00,INDEX:MMTW,75.23,78.91,74.78,77.18,0.0
2022-07-21 13:30:00,INDEX:MMTW,74.62,77.09,71.3,77.09,0.0
2022-07-22 13:30:00,INDEX:MMTW,77.5,77.5,67.17,69.56,0.0
2022-07-25 13:30:00,INDEX:MMTW,70.0,73.8,70.0,72.74,0.0
2022-07-26 13:30:00,INDEX:MMTW,67.6,68.12,65.39,66.25,0.0
2022-07-27 13:30:00,INDEX:MMTW,70.13,77.16,68.48,76.35,0.0
2022-07-28 13:30:00,INDEX:MMTW,78.44,78.44,70.59,77.08,0.0
2022-07-29 13:30:00,INDEX:MMTW,76.21,76.92,74.82,76.4,0.0
2022-08-01 13:30:00,INDEX:MMTW,73.16,77.31,73.16,75.8,0.0
2022-08-02 13:30:00,INDEX:MMTW,74.72,78.39,74.72,75.18,0.0
2022-08-03 13:30:00,INDEX:MMTW,78.48,79.6,77.53,78.36,0.0
2022-08-04 13:30:00,INDEX:MMTW,78.7,78.7,76.53,76.71,0.0
2022-08-05 13:30:00,INDEX:MMTW,71.4,77.08,71.4,77.03,0.0
2022-08-08 13:30:00,INDEX:MMTW,80.08,81.99,78.16,79.31,0.0
2022-08-09 13:30:00,INDEX:MMTW,77.42,77.42,70.74,71.27,0.0
2022-08-10 13:30:00,INDEX:MMTW,77.76,79.88,77.76,79.82,0.0
2022-08-11 13:30:00,INDEX:MMTW,82.76,84.01,79.63,79.95,0.0
2022-08-12 13:30:00,INDEX:MMTW,80.05,83.51,80.05,83.5,0.0
2022-08-15 13:30:00,INDEX:MMTW,80.11,82.27,79.69,81.75,0.0
2022-08-16 13:30:00,INDEX:MMTW,81.35,81.49,78.6,79.61,0.0
2022-08-17 13:30:00,INDEX:MMTW,75.98,75.98,70.7,71.74,0.0
2022-08-18 13:30:00,INDEX:MMTW,71.91,74.14,70.93,73.89,0.0
2022-08-19 13:30:00,INDEX:MMTW,67.68,67.68,59.5,60.14,0.0
2022-08-22 13:30:00,INDEX:MMTW,46.66,46.66,40.81,41.68,0.0
2022-08-23 13:30:00,INDEX:MMTW,44.39,45.79,40.25,40.26,0.0
2022-08-24 13:30:00,INDEX:MMTW,39.03,45.41,39.03,41.87,0.0
2022-08-25 13:30:00,INDEX:MMTW,45.29,53.34,45.29,53.34,0.0
2022-08-26 13:30:00,INDEX:MMTW,47.61,47.61,29.65,29.68,0.0
2022-08-29 13:30:00,INDEX:MMTW,23.7,28.09,23.7,25.82,0.0
2022-08-30 13:30:00,INDEX:MMTW,24.93,24.93,18.33,18.95,0.0
2022-08-31 13:30:00,INDEX:MMTW,16.44,19.11,16.44,17.49,0.0
2022-09-01 13:30:00,INDEX:MMTW,12.06,14.18,11.33,14.18,0.0
2022-09-02 13:30:00,INDEX:MMTW,14.27,17.95,13.45,14.04,0.0
2022-09-06 13:30:00,INDEX:MMTW,14.42,14.42,11.98,12.34,0.0
2022-09-07 13:30:00,INDEX:MMTW,9.64,17.98,9.64,17.78,0.0
2022-09-08 13:30:00,INDEX:MMTW,18.21,24.12,18.21,24.12,0.0
2022-09-09 13:30:00,INDEX:MMTW,32.59,37.84,32.59,36.96,0.0
2022-09-12 13:30:00,INDEX:MMTW,46.33,49.43,45.71,49.09,0.0
2022-09-13 13:30:00,INDEX:MMTW,34.81,34.81,24.07,24.25,0.0
2022-09-14 13:30:00,INDEX:MMTW,26.96,31.36,25.77,29.28,0.0
2022-09-15 13:30:00,INDEX:MMTW,33.38,35.05,26.35,27.96,0.0
2022-09-16 13:30:00,INDEX:MMTW,20.65,22.87,17.21,22.87,0.0
2022-09-19 13:30:00,INDEX:MMTW,19.75,27.23,19.75,27.22,0.0
2022-09-20 13:30:00,INDEX:MMTW,22.23,23.16,19.17,21.72,0.0
2022-09-21 13:30:00,INDEX:MMTW,22.95,26.74,17.22,17.38,0.0
2022-09-22 13:30:00,INDEX:MMTW,16.11,16.11,11.0,12.22,0.0
2022-09-23 13:30:00,INDEX:MMTW,6.66,7.33,5.77,7.31,0.0
2022-09-26 13:30:00,INDEX:MMTW,7.48,9.25,6.33,6.5,0.0
2022-09-27 13:30:00,INDEX:MMTW,7.84,9.5,6.47,7.21,0.0
2022-09-28 13:30:00,INDEX:MMTW,6.87,17.06,6.87,15.17,0.0
2022-09-29 13:30:00,INDEX:MMTW,9.65,10.98,8.29,10.55,0.0
2022-09-30 13:30:00,INDEX:MMTW,9.61,17.71,9.61,10.5,0.0
2022-10-03 13:30:00,INDEX:MMTW,14.86,22.5,14.86,21.05,0.0
2022-10-04 13:30:00,INDEX:MMTW,40.69,47.7,40.69,47.7,0.0
2022-10-05 13:30:00,INDEX:MMTW,40.85,47.07,35.21,44.78,0.0
2022-10-06 13:30:00,INDEX:MMTW,47.52,49.17,41.38,42.89,0.0
2022-10-07 13:30:00,INDEX:MMTW,37.55,37.55,25.96,27.11,0.0
2022-10-10 13:30:00,INDEX:MMTW,29.68,30.56,25.39,27.81,0.0
2022-10-11 13:30:00,INDEX:MMTW,26.07,35.89,23.36,28.97,0.0
2022-10-12 13:30:00,INDEX:MMTW,26.53,32.13,26.34,29.05,0.0
2022-10-13 13:30:00,INDEX:MMTW,18.07,48.0,18.07,46.25,0.0
2022-10-14 13:30:00,INDEX:MMTW,51.16,51.16,34.9,34.9,0.0
2022-10-17 13:30:00,INDEX:MMTW,50.31,57.7,50.31,55.77,0.0
2022-10-18 13:30:00,INDEX:MMTW,70.47,70.47,61.48,64.14,0.0
2022-10-19 13:30:00,INDEX:MMTW,61.49,61.49,49.96,53.02,0.0
2022-10-20 13:30:00,INDEX:MMTW,54.93,60.36,45.97,48.21,0.0
2022-10-21 13:30:00,INDEX:MMTW,47.76,59.61,47.76,59.61,0.0
2022-10-24 13:30:00,INDEX:MMTW,59.32,60.82,55.33,60.0,0.0
2022-10-25 13:30:00,INDEX:MMTW,70.51,75.04,70.51,74.62,0.0
2022-10-26 13:30:00,INDEX:MMTW,76.59,81.78,75.01,75.01,0.0
2022-10-27 13:30:00,INDEX:MMTW,76.15,78.85,72.67,72.84,0.0
2022-10-28 13:30:00,INDEX:MMTW,73.16,77.61,70.73,77.61,0.0
2022-10-31 13:30:00,INDEX:MMTW,76.68,78.2,75.76,75.76,0.0
2022-11-01 13:30:00,INDEX:MMTW,83.66,83.66,78.04,78.1,0.0
2022-11-02 13:30:00,INDEX:MMTW,76.3,78.97,63.55,63.55,0.0
2022-11-03 13:30:00,INDEX:MMTW,55.95,62.7,54.4,60.25,0.0
2022-11-04 13:30:00,INDEX:MMTW,67.17,67.35,60.39,65.73,0.0
2022-11-07 14:30:00,INDEX:MMTW,68.05,68.05,63.81,66.49,0.0
2022-11-08 14:30:00,INDEX:MMTW,67.21,70.55,62.82,66.47,0.0
2022-11-09 14:30:00,INDEX:MMTW,61.13,61.64,52.96,53.03,0.0
2022-11-10 14:30:00,INDEX:MMTW,69.74,74.72,69.74,74.67,0.0
2022-11-11 14:30:00,INDEX:MMTW,76.57,78.18,75.74,77.01,0.0
2022-11-14 14:30:00,INDEX:MMTW,75.8,77.05,72.06,72.06,0.0
2022-11-15 14:30:00,INDEX:MMTW,78.09,78.33,75.12,75.17,0.0
2022-11-16 14:30:00,INDEX:MMTW,72.71,72.71,67.67,68.28,0.0
2022-11-17 14:30:00,INDEX:MMTW,58.34,63.41,58.15,63.41,0.0
2022-11-18 14:30:00,INDEX:MMTW,66.78,66.78,62.17,64.24,0.0
2022-11-21 14:30:00,INDEX:MMTW,60.1,60.98,57.33,60.17,0.0
2022-11-22 14:30:00,INDEX:MMTW,62.18,65.71,61.22,65.57,0.0
2022-11-23 14:30:00,INDEX:MMTW,64.73,67.25,63.64,66.74,0.0
2022-11-25 14:30:00,INDEX:MMTW,65.32,68.52,65.32,67.2,0.0
2022-11-28 14:30:00,INDEX:MMTW,63.93,63.93,51.99,53.18,0.0
2022-11-29 14:30:00,INDEX:MMTW,53.76,58.6,53.76,54.8,0.0
2022-11-30 14:30:00,INDEX:MMTW,57.05,71.44,49.76,71.44,0.0
2022-12-01 14:30:00,INDEX:MMTW,74.11,74.11,68.64,69.7,0.0
2022-12-02 14:30:00,INDEX:MMTW,60.84,70.84,60.84,70.11,0.0
2022-12-05 14:30:00,INDEX:MMTW,63.9,63.9,49.09,49.81,0.0
2022-12-06 14:30:00,INDEX:MMTW,47.43,47.43,36.1,39.83,0.0
2022-12-07 14:30:00,INDEX:MMTW,37.34,41.65,36.61,36.72,0.0
2022-12-08 14:30:00,INDEX:MMTW,36.18,43.61,36.18,39.52,0.0
2022-12-09 14:30:00,INDEX:MMTW,36.53,40.19,33.67,33.68,0.0
2022-12-12 14:30:00,INDEX:MMTW,33.92,41.74,33.48,41.74,0.0
2022-12-13 14:30:00,INDEX:MMTW,64.99,64.99,44.92,47.63,0.0
2022-12-14 14:30:00,INDEX:MMTW,48.83,52.83,42.99,44.25,0.0
2022-12-15 14:30:00,INDEX:MMTW,33.68,33.68,27.37,27.82,0.0
2022-12-16 14:30:00,INDEX:MMTW,22.13,24.58,20.01,24.34,0.0
2022-12-19 14:30:00,INDEX:MMTW,22.19,22.19,16.74,17.57,0.0
2022-12-20 14:30:00,INDEX:MMTW,16.83,22.78,16.77,21.64,0.0
2022-12-21 14:30:00,INDEX:MMTW,24.73,33.38,24.73,31.5,0.0
2022-12-22 14:30:00,INDEX:MMTW,26.13,26.13,18.99,25.31,0.0
2022-12-23 14:30:00,INDEX:MMTW,23.54,30.59,23.54,30.59,0.0
2022-12-27 14:30:00,INDEX:MMTW,30.03,32.2,28.46,30.21,0.0
2022-12-28 14:30:00,INDEX:MMTW,31.2,31.2,21.92,21.95,0.0
2022-12-29 14:30:00,INDEX:MMTW,24.86,39.07,24.86,38.93,0.0
2022-12-30 14:30:00,INDEX:MMTW,35.35,38.98,32.63,38.32,0.0
2023-01-03 14:30:00,INDEX:MMTW,49.92,49.92,34.78,40.96,0.0
2023-01-04 14:30:00,INDEX:MMTW,52.53,58.45,48.81,54.52,0.0
2023-01-05 14:30:00,INDEX:MMTW,47.68,51.0,46.18,48.06,0.0
2023-01-06 14:30:00,INDEX:MMTW,56.79,67.02,52.53,66.67,0.0
2023-01-09 14:30:00,INDEX:MMTW,71.99,75.15,68.02,68.04,0.0
2023-01-10 14:30:00,INDEX:MMTW,69.59,74.64,68.4,74.64,0.0
2023-01-11 14:30:00,INDEX:MMTW,78.37,81.63,78.37,81.61,0.0
2023-01-12 14:30:00,INDEX:MMTW,83.65,85.94,83.54,85.94,0.0
2023-01-13 14:30:00,INDEX:MMTW,84.66,87.58,84.66,87.58,0.0
2023-01-17 14:30:00,INDEX:MMTW,87.58,88.11,85.7,85.7,0.0
2023-01-18 14:30:00,INDEX:MMTW,86.54,86.61,75.44,75.51,0.0
2023-01-19 14:30:00,INDEX:MMTW,70.12,72.44,67.48,70.33,0.0
2023-01-20 14:30:00,INDEX:MMTW,70.3,77.18,70.3,77.18,0.0
2023-01-23 14:30:00,INDEX:MMTW,77.97,81.53,77.97,79.75,0.0
2023-01-24 14:30:00,INDEX:MMTW,77.64,79.55,77.53,78.17,0.0
2023-01-25 14:30:00,INDEX:MMTW,72.54,78.06,71.13,78.05,0.0
2023-01-26 14:30:00,INDEX:MMTW,78.13,79.06,76.07,79.05,0.0
2023-01-27 14:30:00,INDEX:MMTW,77.24,79.2,75.65,77.5,0.0
2023-01-30 14:30:00,INDEX:MMTW,73.61,77.03,68.88,68.89,0.0
2023-01-31 14:30:00,INDEX:MMTW,70.69,78.68,70.69,78.68,0.0
2023-02-01 14:30:00,INDEX:MMTW,78.23,82.32,73.51,80.25,0.0
2023-02-02 14:30:00,INDEX:MMTW,82.7,82.7,78.46,80.36,0.0
2023-02-03 14:30:00,INDEX:MMTW,78.42,78.94,75.3,75.3,0.0
2023-02-06 14:30:00,INDEX:MMTW,72.49,72.49,68.17,69.11,0.0
2023-02-07 14:30:00,INDEX:MMTW,65.53,71.32,62.18,70.85,0.0
2023-02-08 14:30:00,INDEX:MMTW,67.17,67.76,60.04,60.09,0.0
2023-02-09 14:30:00,INDEX:MMTW,64.93,64.93,47.62,48.49,0.0
2023-02-10 14:30:00,INDEX:MMTW,43.12,47.83,43.12,47.59,0.0
2023-02-13 14:30:00,INDEX:MMTW,46.14,56.63,46.14,56.39,0.0
2023-02-14 14:30:00,INDEX:MMTW,52.83,59.66,46.08,53.86,0.0
2023-02-15 14:30:00,INDEX:MMTW,46.64,58.9,45.62,58.9,0.0
2023-02-16 14:30:00,INDEX:MMTW,46.25,55.87,46.25,48.37,0.0
2023-02-17 14:30:00,INDEX:MMTW,41.09,48.38,41.09,48.33,0.0
2023-02-21 14:30:00,INDEX:MMTW,39.65,39.65,28.06,28.08,0.0
2023-02-22 14:30:00,INDEX:MMTW,28.98,31.83,27.48,28.66,0.0
2023-02-23 14:30:00,INDEX:MMTW,32.8,34.79,26.82,32.72,0.0
2023-02-24 14:30:00,INDEX:MMTW,23.18,27.09,22.85,27.04,0.0
2023-02-27 14:30:00,INDEX:MMTW,30.32,34.38,27.46,28.04,0.0
2023-02-28 14:30:00,INDEX:MMTW,27.84,32.19,27.84,28.34,0.0
2023-03-01 14:30:00,INDEX:MMTW,30.83,30.83,27.14,29.34,0.0
2023-03-02 14:30:00,INDEX:MMTW,25.55,33.86,25.55,33.81,0.0
2023-03-03 14:30:00,INDEX:MMTW,36.68,44.62,35.25,43.66,0.0
2023-03-06 14:30:00,INDEX:MMTW,45.29,45.29,36.03,37.11,0.0
2023-03-07 14:30:00,INDEX:MMTW,37.37,37.37,29.55,30.1,0.0
2023-03-08 14:30:00,INDEX:MMTW,32.21,33.39,28.71,32.49,0.0
2023-03-09 14:30:00,INDEX:MMTW,33.94,34.51,20.79,20.79,0.0
2023-03-10 14:30:00,INDEX:MMTW,17.83,18.4,11.16,11.99,0.0
2023-03-13 13:30:00,INDEX:MMTW,12.47,14.21,12.19,12.24,0.0
2023-03-14 13:30:00,INDEX:MMTW,17.12,21.39,17.11,19.11,0.0
2023-03-15 13:30:00,INDEX:MMTW,13.83,15.79,12.49,15.79,0.0
2023-03-16 13:30:00,INDEX:MMTW,14.72,22.03,14.72,21.82,0.0
2023-03-17 13:30:00,INDEX:MMTW,21.18,21.18,16.78,17.34,0.0
2023-03-20 13:30:00,INDEX:MMTW,19.38,21.13,18.53,20.41,0.0
2023-03-21 13:30:00,INDEX:MMTW,26.58,27.02,24.32,26.35,0.0
2023-03-22 13:30:00,INDEX:MMTW,25.82,28.66,18.54,18.59,0.0
2023-03-23 13:30:00,INDEX:MMTW,24.33,27.91,19.07,20.45,0.0
2023-03-24 13:30:00,INDEX:MMTW,18.45,24.12,17.87,24.11,0.0
2023-03-27 13:30:00,INDEX:MMTW,29.51,31.2,26.42,29.21,0.0
2023-03-28 13:30:00,INDEX:MMTW,29.35,32.92,29.35,31.54,0.0
2023-03-29 13:30:00,INDEX:MMTW,39.68,43.32,38.89,43.31,0.0
2023-03-30 13:30:00,INDEX:MMTW,53.3,54.21,46.13,48.5,0.0
2023-03-31 13:30:00,INDEX:MMTW,58.34,64.49,58.34,64.46,0.0
2023-04-03 13:30:00,INDEX:MMTW,68.54,69.69,61.67,66.25,0.0
2023-04-04 13:30:00,INDEX:MMTW,66.25,66.25,54.41,56.72,0.0
2023-04-05 13:30:00,INDEX:MMTW,55.66,55.66,47.4,50.63,0.0
2023-04-06 13:30:00,INDEX:MMTW,51.65,54.37,50.23,53.26,0.0
2023-04-10 13:30:00,INDEX:MMTW,51.44,60.46,51.44,60.46,0.0
2023-04-11 13:30:00,INDEX:MMTW,65.44,68.31,63.93,65.72,0.0
2023-04-12 13:30:00,INDEX:MMTW,68.67,68.81,59.28,59.28,0.0
2023-04-13 13:30:00,INDEX:MMTW,68.67,68.81,59.28,66.8,0.0
2023-04-14 13:30:00,INDEX:MMTW,69.73,72.05,58.73,61.34,0.0
2023-04-17 13:30:00,INDEX:MMTW,62.11,66.95,61.97,66.89,0.0
2023-04-18 13:30:00,INDEX:MMTW,67.43,67.43,60.09,62.17,0.0
2023-04-19 13:30:00,INDEX:MMTW,57.8,63.56,57.2,61.85,0.0
2023-04-20 13:30:00,INDEX:MMTW,56.05,58.35,51.47,53.57,0.0
2023-04-21 13:30:00,INDEX:MMTW,52.16,52.16,47.6,51.08,0.0
2023-04-24 13:30:00,INDEX:MMTW,49.0,51.87,46.19,48.46,0.0
2023-04-25 13:30:00,INDEX:MMTW,41.72,41.72,31.81,31.86,0.0
2023-04-26 13:30:00,INDEX:MMTW,29.64,31.39,25.6,26.02,0.0
2023-04-27 13:30:00,INDEX:MMTW,29.75,36.27,27.82,36.22,0.0
2023-04-28 13:30:00,INDEX:MMTW,36.1,44.78,36.1,44.13,0.0
2023-05-01 13:30:00,INDEX:MMTW,45.32,49.56,43.62,44.56,0.0
2023-05-02 13:30:00,INDEX:MMTW,31.07,33.69,27.28,33.06,0.0
2023-05-03 13:30:00,INDEX:MMTW,39.11,42.21,34.25,34.25,0.0
2023-05-04 13:30:00,INDEX:MMTW,33.55,33.55,28.59,31.52,0.0
2023-05-05 13:30:00,INDEX:MMTW,38.89,43.61,38.89,43.4,0.0
2023-05-08 13:30:00,INDEX:MMTW,45.16,45.16,42.11,43.59,0.0
2023-05-09 13:30:00,INDEX:MMTW,39.94,43.84,38.8,42.76,0.0
2023-05-10 13:30:00,INDEX:MMTW,49.14,49.14,40.87,44.81,0.0
2023-05-11 13:30:00,INDEX:MMTW,41.74,41.78,39.64,41.35,0.0
2023-05-12 13:30:00,INDEX:MMTW,44.33,44.46,37.13,40.24,0.0
2023-05-15 13:30:00,INDEX:MMTW,42.63,48.81,41.98,46.87,0.0
2023-05-16 13:30:00,INDEX:MMTW,43.92,43.92,38.05,38.06,0.0
2023-05-17 13:30:00,INDEX:MMTW,41.63,51.75,40.16,51.75,0.0
2023-05-18 13:30:00,INDEX:MMTW,50.02,54.8,48.79,54.08,0.0
2023-05-19 13:30:00,INDEX:MMTW,60.62,60.62,51.59,52.35,0.0
2023-05-22 13:30:00,INDEX:MMTW,56.33,61.2,55.74,58.91,0.0
2023-05-23 13:30:00,INDEX:MMTW,58.47,63.47,56.1,56.11,0.0
2023-05-24 13:30:00,INDEX:MMTW,52.18,52.18,45.44,47.23,0.0
2023-05-25 13:30:00,INDEX:MMTW,45.62,45.62,38.99,41.63,0.0
2023-05-26 13:30:00,INDEX:MMTW,43.94,47.91,43.59,47.34,0.0
2023-05-30 13:30:00,INDEX:MMTW,49.72,49.72,44.2,45.73,0.0
2023-05-31 13:30:00,INDEX:MMTW,43.17,43.17,35.12,39.22,0.0
2023-06-01 13:30:00,INDEX:MMTW,38.14,48.53,37.38,46.6,0.0
2023-06-02 13:30:00,INDEX:MMTW,56.85,67.67,56.85,67.65,0.0
2023-06-05 13:30:00,INDEX:MMTW,66.26,66.37,61.4,62.92,0.0
2023-06-06 13:30:00,INDEX:MMTW,62.51,73.38,62.51,73.1,0.0
2023-06-07 13:30:00,INDEX:MMTW,77.97,78.1,76.68,77.56,0.0
2023-06-08 13:30:00,INDEX:MMTW,78.6,78.6,74.81,75.94,0.0
2023-06-09 13:30:00,INDEX:MMTW,76.34,76.43,71.85,71.89,0.0
2023-06-12 13:30:00,INDEX:MMTW,71.68,74.49,71.68,73.43,0.0
2023-06-13 13:30:00,INDEX:MMTW,78.65,79.6,76.76,76.76,0.0
2023-06-14 13:30:00,INDEX:MMTW,78.95,78.95,70.92,71.77,0.0
2023-06-15 13:30:00,INDEX:MMTW,73.32,76.05,71.49,75.76,0.0
2023-06-16 13:30:00,INDEX:MMTW,78.37,78.37,71.66,72.82,0.0
2023-06-20 13:30:00,INDEX:MMTW,68.89,68.89,64.23,66.78,0.0
2023-06-21 13:30:00,INDEX:MMTW,63.55,67.11,61.6,63.12,0.0
2023-06-22 13:30:00,INDEX:MMTW,58.43,58.43,53.76,55.35,0.0
2023-06-23 13:30:00,INDEX:MMTW,44.85,49.13,42.74,44.56,0.0
2023-06-26 13:30:00,INDEX:MMTW,42.98,48.98,42.98,44.46,0.0
2023-06-27 13:30:00,INDEX:MMTW,45.07,53.16,45.07,51.15,0.0
2023-06-28 13:30:00,INDEX:MMTW,46.99,49.74,46.65,49.65,0.0
2023-06-29 13:30:00,INDEX:MMTW,48.75,56.14,48.75,56.11,0.0
2023-06-30 13:30:00,INDEX:MMTW,61.09,61.09,57.23,58.08,0.0
2023-07-03 13:30:00,INDEX:MMTW,61.41,63.37,61.36,63.34,0.0
2023-07-05 13:30:00,INDEX:MMTW,55.58,56.15,52.49,52.49,0.0
2023-07-06 13:30:00,INDEX:MMTW,41.6,41.6,32.58,39.91,0.0
2023-07-07 13:30:00,INDEX:MMTW,44.46,53.15,44.46,48.91,0.0
2023-07-10 13:30:00,INDEX:MMTW,49.98,58.66,49.98,57.26,0.0
2023-07-11 13:30:00,INDEX:MMTW,62.2,64.78,59.27,64.45,0.0
2023-07-12 13:30:00,INDEX:MMTW,74.7,74.7,70.26,70.29,0.0
2023-07-13 13:30:00,INDEX:MMTW,74.34,76.08,74.34,75.14,0.0
2023-07-14 13:30:00,INDEX:MMTW,74.01,74.01,67.63,68.22,0.0
2023-07-17 13:30:00,INDEX:MMTW,68.36,74.31,68.36,72.52,0.0
2023-07-18 13:30:00,INDEX:MMTW,77.7,77.98,73.9,75.91,0.0
2023-07-19 13:30:00,INDEX:MMTW,79.21,79.96,76.01,76.84,0.0
2023-07-20 13:30:00,INDEX:MMTW,76.22,76.22,72.83,73.18,0.0
2023-07-21 13:30:00,INDEX:MMTW,76.33,76.33,71.06,71.07,0.0
2023-07-24 13:30:00,INDEX:MMTW,73.5,73.5,69.0,69.62,0.0
2023-07-25 13:30:00,INDEX:MMTW,69.03,69.8,67.5,67.5,0.0
2023-07-26 13:30:00,INDEX:MMTW,69.44,69.81,66.39,68.58,0.0
2023-07-27 13:30:00,INDEX:MMTW,70.17,70.17,56.44,57.14,0.0
2023-07-28 13:30:00,INDEX:MMTW,64.13,65.17,62.34,64.21,0.0
2023-07-31 13:30:00,INDEX:MMTW,68.12,69.32,67.76,69.29,0.0
2023-08-01 13:30:00,INDEX:MMTW,65.96,65.96,62.33,64.84,0.0
2023-08-02 13:30:00,INDEX:MMTW,54.93,54.93,49.87,52.23,0.0
2023-08-03 13:30:00,INDEX:MMTW,45.93,51.02,45.84,48.68,0.0
2023-08-04 13:30:00,INDEX:MMTW,48.19,53.33,46.09,46.09,0.0
2023-08-07 13:30:00,INDEX:MMTW,47.37,47.76,44.12,47.52,0.0
2023-08-08 13:30:00,INDEX:MMTW,37.97,42.95,37.26,42.92,0.0
2023-08-09 13:30:00,INDEX:MMTW,42.14,42.61,38.72,39.7,0.0
2023-08-10 13:30:00,INDEX:MMTW,43.03,45.59,37.53,38.4,0.0
2023-08-11 13:30:00,INDEX:MMTW,35.69,38.77,35.69,38.51,0.0
2023-08-14 13:30:00,INDEX:MMTW,31.97,35.5,31.45,34.52,0.0
2023-08-15 13:30:00,INDEX:MMTW,30.15,30.27,27.84,28.14,0.0
2023-08-16 13:30:00,INDEX:MMTW,29.74,29.74,23.53,23.58,0.0
2023-08-17 13:30:00,INDEX:MMTW,25.6,25.6,19.81,19.81,0.0
2023-08-18 13:30:00,INDEX:MMTW,18.56,22.79,18.56,22.3,0.0
2023-08-21 13:30:00,INDEX:MMTW,21.94,22.7,19.82,21.9,0.0
2023-08-22 13:30:00,INDEX:MMTW,23.69,23.69,20.47,20.49,0.0
2023-08-23 13:30:00,INDEX:MMTW,22.31,27.68,22.31,26.83,0.0
2023-08-24 13:30:00,INDEX:MMTW,29.43,29.43,21.13,21.18,0.0
2023-08-25 13:30:00,INDEX:MMTW,23.55,26.93,19.04,24.56,0.0
2023-08-28 13:30:00,INDEX:MMTW,32.92,35.12,31.32,32.3,0.0
2023-08-29 13:30:00,INDEX:MMTW,35.51,45.94,35.51,45.77,0.0
2023-08-30 13:30:00,INDEX:MMTW,48.38,52.75,48.25,50.69,0.0
2023-08-31 13:30:00,INDEX:MMTW,53.31,54.68,47.74,47.8,0.0
2023-09-01 13:30:00,INDEX:MMTW,59.38,59.76,55.93,56.1,0.0
2023-09-05 13:30:00,INDEX:MMTW,47.95,47.95,41.24,41.27,0.0
2023-09-06 13:30:00,INDEX:MMTW,44.11,44.11,35.37,37.72,0.0
2023-09-07 13:30:00,INDEX:MMTW,34.32,35.28,31.84,34.28,0.0
2023-09-08 13:30:00,INDEX:MMTW,34.5,37.39,34.12,35.11,0.0
2023-09-11 13:30:00,INDEX:MMTW,42.5,42.5,37.9,37.94,0.0
2023-09-12 13:30:00,INDEX:MMTW,41.61,43.1,38.82,39.03,0.0
2023-09-13 13:30:00,INDEX:MMTW,38.97,39.11,35.22,35.46,0.0
2023-09-14 13:30:00,INDEX:MMTW,43.47,47.92,42.11,47.91,0.0
2023-09-15 13:30:00,INDEX:MMTW,46.22,46.22,39.54,41.4,0.0
2023-09-18 13:30:00,INDEX:MMTW,37.35,39.98,36.54,36.54,0.0
2023-09-19 13:30:00,INDEX:MMTW,37.84,37.84,32.55,33.96,0.0
2023-09-20 13:30:00,INDEX:MMTW,39.59,41.21,30.68,30.68,0.0
2023-09-21 13:30:00,INDEX:MMTW,23.32,26.54,23.21,23.25,0.0
2023-09-22 13:30:00,INDEX:MMTW,24.59,25.37,22.31,22.31,0.0
2023-09-25 13:30:00,INDEX:MMTW,19.42,24.01,19.42,23.34,0.0
2023-09-26 13:30:00,INDEX:MMTW,22.18,22.18,17.25,17.27,0.0
2023-09-27 13:30:00,INDEX:MMTW,20.0,23.17,19.29,21.58,0.0
2023-09-28 13:30:00,INDEX:MMTW,23.41,30.54,23.41,27.59,0.0
2023-09-29 13:30:00,INDEX:MMTW,32.7,33.54,25.02,26.4,0.0
2023-10-02 13:30:00,INDEX:MMTW,24.35,24.35,19.53,21.57,0.0
2023-10-03 13:30:00,INDEX:MMTW,16.09,16.44,14.11,14.82,0.0
2023-10-04 13:30:00,INDEX:MMTW,14.98,19.14,14.04,18.59,0.0
2023-10-05 13:30:00,INDEX:MMTW,18.4,22.9,17.66,21.78,0.0
2023-10-06 13:30:00,INDEX:MMTW,19.55,32.46,19.44,29.2,0.0
2023-10-09 13:30:00,INDEX:MMTW,26.89,35.96,26.88,33.98,0.0
2023-10-10 13:30:00,INDEX:MMTW,39.73,48.79,39.73,43.3,0.0
2023-10-11 13:30:00,INDEX:MMTW,51.48,51.48,39.77,44.42,0.0
2023-10-12 13:30:00,INDEX:MMTW,40.38,40.38,29.88,34.31,0.0
2023-10-13 13:30:00,INDEX:MMTW,37.96,37.96,29.57,30.19,0.0
2023-10-16 13:30:00,INDEX:MMTW,36.68,45.1,36.68,43.39,0.0
2023-10-17 13:30:00,INDEX:MMTW,49.2,59.47,49.2,53.63,0.0
2023-10-18 13:30:00,INDEX:MMTW,44.42,44.53,36.39,36.41,0.0
2023-10-19 13:30:00,INDEX:MMTW,35.78,38.81,28.18,28.24,0.0
2023-10-20 13:30:00,INDEX:MMTW,27.38,27.38,21.58,21.6,0.0
2023-10-23 13:30:00,INDEX:MMTW,17.34,24.2,17.34,18.42,0.0
2023-10-24 13:30:00,INDEX:MMTW,23.67,26.95,22.01,24.13,0.0
2023-10-25 13:30:00,INDEX:MMTW,21.54,23.77,20.01,20.01,0.0
2023-10-26 13:30:00,INDEX:MMTW,22.05,26.15,21.12,24.17,0.0
2023-10-27 13:30:00,INDEX:MMTW,22.78,22.84,18.12,18.72,0.0
2023-10-30 13:30:00,INDEX:MMTW,24.9,25.94,20.59,25.38,0.0
2023-10-31 13:30:00,INDEX:MMTW,26.14,30.78,25.48,30.78,0.0
2023-11-01 13:30:00,INDEX:MMTW,28.03,35.27,28.03,35.13,0.0
2023-11-02 13:30:00,INDEX:MMTW,47.66,55.33,47.5,55.32,0.0
2023-11-03 13:30:00,INDEX:MMTW,70.72,72.91,69.39,70.26,0.0
2023-11-06 14:30:00,INDEX:MMTW,69.3,69.3,63.69,64.49,0.0
2023-11-07 14:30:00,INDEX:MMTW,61.88,65.94,61.88,63.52,0.0
2023-11-08 14:30:00,INDEX:MMTW,65.25,65.52,58.05,59.68,0.0
2023-11-09 14:30:00,INDEX:MMTW,62.18,62.18,51.38,51.85,0.0
2023-11-10 14:30:00,INDEX:MMTW,53.57,57.41,50.27,56.83,0.0
2023-11-13 14:30:00,INDEX:MMTW,54.17,58.58,53.57,56.97,0.0
2023-11-14 14:30:00,INDEX:MMTW,73.36,76.39,73.36,75.98,0.0
2023-11-15 14:30:00,INDEX:MMTW,80.15,82.07,77.89,77.89,0.0
2023-11-16 14:30:00,INDEX:MMTW,76.9,76.9,72.13,72.51,0.0
2023-11-17 14:30:00,INDEX:MMTW,76.04,76.86,74.94,76.52,0.0
2023-11-20 14:30:00,INDEX:MMTW,78.38,79.14,77.94,78.12,0.0
2023-11-21 14:30:00,INDEX:MMTW,75.63,75.94,73.8,73.8,0.0
2023-11-22 14:30:00,INDEX:MMTW,77.31,77.31,74.77,75.91,0.0
2023-11-24 14:30:00,INDEX:MMTW,77.84,80.01,77.84,79.28,0.0
2023-11-27 14:30:00,INDEX:MMTW,73.88,76.25,73.69,73.69,0.0
2023-11-28 14:30:00,INDEX:MMTW,69.67,74.34,69.67,70.66,0.0
2023-11-29 14:30:00,INDEX:MMTW,76.42,76.42,71.44,71.55,0.0
2023-11-30 14:30:00,INDEX:MMTW,69.51,72.53,68.74,69.85,0.0
2023-12-01 14:30:00,INDEX:MMTW,69.18,81.6,69.18,81.6,0.0
2023-12-04 14:30:00,INDEX:MMTW,82.46,82.46,80.4,82.15,0.0
2023-12-05 14:30:00,INDEX:MMTW,78.57,78.84,74.76,74.76,0.0
2023-12-06 14:30:00,INDEX:MMTW,77.87,79.42,72.42,72.47,0.0
2023-12-07 14:30:00,INDEX:MMTW,70.95,73.92,70.95,73.7,0.0
2023-12-08 14:30:00,INDEX:MMTW,70.95,75.41,70.95,74.29,0.0
2023-12-11 14:30:00,INDEX:MMTW,72.09,72.09,70.17,71.93,0.0
2023-12-12 14:30:00,INDEX:MMTW,66.35,69.19,66.03,67.4,0.0
2023-12-13 14:30:00,INDEX:MMTW,66.2,78.76,64.49,78.76,0.0
2023-12-14 14:30:00,INDEX:MMTW,84.36,84.36,80.47,81.83,0.0
2023-12-15 14:30:00,INDEX:MMTW,80.64,80.72,76.44,77.27,0.0
2023-12-18 14:30:00,INDEX:MMTW,79.25,79.77,77.41,77.41,0.0
2023-12-19 14:30:00,INDEX:MMTW,81.31,83.28,81.15,83.18,0.0
2023-12-20 14:30:00,INDEX:MMTW,81.88,83.39,75.05,75.32,0.0
2023-12-21 14:30:00,INDEX:MMTW,79.26,80.88,77.11,80.7,0.0
2023-12-22 14:30:00,INDEX:MMTW,83.77,83.77,81.13,82.07,0.0
2023-12-26 14:30:00,INDEX:MMTW,82.76,84.92,82.24,84.06,0.0
2023-12-27 14:30:00,INDEX:MMTW,84.57,84.85,83.11,83.6,0.0
2023-12-28 14:30:00,INDEX:MMTW,83.84,84.68,83.35,83.35,0.0
2023-12-29 14:30:00,INDEX:MMTW,82.9,82.9,77.84,78.45,0.0
2024-01-02 14:30:00,INDEX:MMTW,76.02,77.69,69.77,72.25,0.0
2024-01-03 14:30:00,INDEX:MMTW,59.42,60.39,49.97,50.24,0.0
2024-01-04 14:30:00,INDEX:MMTW,49.93,53.41,46.82,46.96,0.0
2024-01-05 14:30:00,INDEX:MMTW,50.01,51.59,44.21,44.5,0.0
2024-01-08 14:30:00,INDEX:MMTW,39.4,53.94,39.4,53.94,0.0
2024-01-09 14:30:00,INDEX:MMTW,41.57,45.76,41.57,44.24,0.0
2024-01-10 14:30:00,INDEX:MMTW,42.82,44.63,39.88,43.49,0.0
2024-01-11 14:30:00,INDEX:MMTW,37.36,37.36,31.78,37.15,0.0
2024-01-12 14:30:00,INDEX:MMTW,43.71,43.71,36.11,37.55,0.0
2024-01-16 14:30:00,INDEX:MMTW,30.42,32.54,28.78,30.93,0.0
2024-01-17 14:30:00,INDEX:MMTW,24.24,27.01,23.88,26.07,0.0
2024-01-18 14:30:00,INDEX:MMTW,26.41,29.33,24.2,29.08,0.0
2024-01-19 14:30:00,INDEX:MMTW,27.99,35.17,26.46,35.12,0.0
2024-01-22 14:30:00,INDEX:MMTW,41.2,46.5,41.2,46.29,0.0
2024-01-23 14:30:00,INDEX:MMTW,52.32,52.32,43.94,44.54,0.0
2024-01-24 14:30:00,INDEX:MMTW,50.1,50.7,41.94,42.09,0.0
2024-01-25 14:30:00,INDEX:MMTW,52.12,52.12,45.64,51.97,0.0
2024-01-26 14:30:00,INDEX:MMTW,58.95,58.95,53.29,54.27,0.0
2024-01-29 14:30:00,INDEX:MMTW,52.93,64.7,52.93,64.68,0.0
2024-01-30 14:30:00,INDEX:MMTW,60.59,62.95,58.29,58.77,0.0
2024-01-31 14:30:00,INDEX:MMTW,58.06,60.84,40.68,40.68,0.0
2024-02-01 14:30:00,INDEX:MMTW,47.69,51.73,39.42,51.7,0.0
2024-02-02 14:30:00,INDEX:MMTW,41.26,48.84,41.26,46.17,0.0
2024-02-05 14:30:00,INDEX:MMTW,37.81,39.32,34.19,37.49,0.0
2024-02-06 14:30:00,INDEX:MMTW,42.51,46.16,42.51,46.16,0.0
2024-02-07 14:30:00,INDEX:MMTW,42.67,46.24,42.67,44.18,0.0
2024-02-08 14:30:00,INDEX:MMTW,44.37,50.75,44.37,50.23,0.0
2024-02-09 14:30:00,INDEX:MMTW,51.87,56.13,50.64,56.13,0.0
2024-02-12 14:30:00,INDEX:MMTW,62.13,67.26,62.13,64.57,0.0
2024-02-13 14:30:00,INDEX:MMTW,44.91,49.06,37.4,40.52,0.0
2024-02-14 14:30:00,INDEX:MMTW,47.52,53.25,46.43,52.63,0.0
2024-02-15 14:30:00,INDEX:MMTW,59.79,65.76,57.33,65.44,0.0
2024-02-16 14:30:00,INDEX:MMTW,60.16,64.23,58.75,58.75,0.0
2024-02-20 14:30:00,INDEX:MMTW,53.33,55.83,51.74,51.89,0.0
2024-02-21 14:30:00,INDEX:MMTW,51.47,51.47,46.58,49.96,0.0
2024-02-22 14:30:00,INDEX:MMTW,52.09,52.88,49.47,51.92,0.0
2024-02-23 14:30:00,INDEX:MMTW,51.91,56.07,51.49,52.77,0.0
2024-02-26 14:30:00,INDEX:MMTW,54.65,56.86,52.2,54.16,0.0
2024-02-27 14:30:00,INDEX:MMTW,59.65,59.66,58.15,58.73,0.0
2024-02-28 14:30:00,INDEX:MMTW,56.36,58.98,54.6,54.7,0.0
2024-02-29 14:30:00,INDEX:MMTW,63.66,63.66,56.43,58.53,0.0
2024-03-01 14:30:00,INDEX:MMTW,55.19,61.44,55.19,60.41,0.0
2024-03-04 14:30:00,INDEX:MMTW,62.2,63.14,58.05,58.79,0.0
2024-03-05 14:30:00,INDEX:MMTW,57.09,57.17,52.24,52.96,0.0
2024-03-06 14:30:00,INDEX:MMTW,56.41,58.19,55.94,56.71,0.0
2024-03-07 14:30:00,INDEX:MMTW,62.28,62.28,59.83,60.28,0.0
2024-03-08 14:30:00,INDEX:MMTW,67.36,67.36,58.73,59.8,0.0
2024-03-11 13:30:00,INDEX:MMTW,59.54,59.54,56.15,57.44,0.0
2024-03-12 13:30:00,INDEX:MMTW,55.63,58.11,54.05,56.26,0.0
2024-03-13 13:30:00,INDEX:MMTW,60.19,60.53,54.27,55.61,0.0
2024-03-14 13:30:00,INDEX:MMTW,52.65,52.65,40.32,43.01,0.0
2024-03-15 13:30:00,INDEX:MMTW,44.97,46.25,43.71,46.21,0.0
2024-03-18 13:30:00,INDEX:MMTW,45.2,47.7,43.37,43.37,0.0
2024-03-19 13:30:00,INDEX:MMTW,44.5,48.88,44.5,47.43,0.0
2024-03-20 13:30:00,INDEX:MMTW,47.33,61.75,46.74,61.64,0.0
2024-03-21 13:30:00,INDEX:MMTW,67.29,67.93,64.35,65.28,0.0
2024-03-22 13:30:00,INDEX:MMTW,64.85,64.85,55.7,56.05,0.0
2024-03-25 13:30:00,INDEX:MMTW,60.74,60.74,53.82,53.82,0.0
2024-03-26 13:30:00,INDEX:MMTW,57.19,57.19,50.28,50.33,0.0
2024-03-27 13:30:00,INDEX:MMTW,57.61,66.02,57.61,65.98,0.0
2024-03-28 13:30:00,INDEX:MMTW,69.7,72.05,69.04,69.5,0.0
2024-04-01 13:30:00,INDEX:MMTW,67.92,67.92,61.97,62.47,0.0
2024-04-02 13:30:00,INDEX:MMTW,51.12,51.25,45.94,48.45,0.0
2024-04-03 13:30:00,INDEX:MMTW,46.2,51.79,46.2,50.01,0.0
2024-04-04 13:30:00,INDEX:MMTW,59.93,59.93,42.46,43.82,0.0
2024-04-05 13:30:00,INDEX:MMTW,43.47,48.51,41.6,46.05,0.0
2024-04-08 13:30:00,INDEX:MMTW,49.36,54.66,49.36,51.49,0.0
2024-04-09 13:30:00,INDEX:MMTW,56.49,56.49,51.03,55.86,0.0
2024-04-10 13:30:00,INDEX:MMTW,35.07,38.83,31.97,34.77,0.0
2024-04-11 13:30:00,INDEX:MMTW,36.47,38.88,30.97,37.03,0.0
2024-04-12 13:30:00,INDEX:MMTW,33.73,33.73,21.68,23.25,0.0
2024-04-15 13:30:00,INDEX:MMTW,26.71,26.71,15.58,16.19,0.0
2024-04-16 13:30:00,INDEX:MMTW,12.4,16.12,12.29,15.06,0.0
2024-04-17 13:30:00,INDEX:MMTW,16.8,17.38,13.06,13.34,0.0
2024-04-18 13:30:00,INDEX:MMTW,13.06,17.34,13.06,14.51,0.0
2024-04-19 13:30:00,INDEX:MMTW,16.11,20.84,16.11,20.83,0.0
2024-04-22 13:30:00,INDEX:MMTW,20.02,30.0,20.02,26.38,0.0
2024-04-23 13:30:00,INDEX:MMTW,34.53,39.73,34.53,37.66,0.0
2024-04-24 13:30:00,INDEX:MMTW,38.56,38.56,33.28,36.88,0.0
2024-04-25 13:30:00,INDEX:MMTW,28.23,35.5,28.23,34.33,0.0
2024-04-26 13:30:00,INDEX:MMTW,43.35,44.4,41.3,42.53,0.0
2024-04-29 13:30:00,INDEX:MMTW,48.71,50.45,46.86,48.29,0.0
2024-04-30 13:30:00,INDEX:MMTW,44.29,44.29,35.68,35.68,0.0
2024-05-01 13:30:00,INDEX:MMTW,39.76,53.04,38.81,42.1,0.0
2024-05-02 13:30:00,INDEX:MMTW,48.05,54.59,45.59,53.58,0.0
2024-05-03 13:30:00,INDEX:MMTW,66.67,66.67,59.97,60.72,0.0
2024-05-06 13:30:00,INDEX:MMTW,68.67,69.37,67.6,67.88,0.0
2024-05-07 13:30:00,INDEX:MMTW,70.65,71.94,68.34,68.34,0.0
2024-05-08 13:30:00,INDEX:MMTW,66.05,66.99,65.43,66.96,0.0
2024-05-09 13:30:00,INDEX:MMTW,67.69,72.05,67.69,71.98,0.0
2024-05-10 13:30:00,INDEX:MMTW,72.52,72.52,66.53,67.54,0.0
2024-05-13 13:30:00,INDEX:MMTW,71.62,73.41,67.8,67.84,0.0
2024-05-14 13:30:00,INDEX:MMTW,71.29,71.31,68.85,71.15,0.0
2024-05-15 13:30:00,INDEX:MMTW,74.55,74.55,71.67,72.56,0.0
2024-05-16 13:30:00,INDEX:MMTW,70.87,71.6,70.03,70.16,0.0
2024-05-17 13:30:00,INDEX:MMTW,69.69,70.47,68.78,69.09,0.0
2024-05-20 13:30:00,INDEX:MMTW,68.04,69.77,66.96,66.97,0.0
2024-05-21 13:30:00,INDEX:MMTW,65.97,65.97,63.4,64.1,0.0
2024-05-22 13:30:00,INDEX:MMTW,62.37,63.05,56.24,58.07,0.0
2024-05-23 13:30:00,INDEX:MMTW,53.58,53.58,40.74,42.11,0.0
2024-05-24 13:30:00,INDEX:MMTW,45.78,46.99,45.27,46.99,0.0
2024-05-28 13:30:00,INDEX:MMTW,47.88,47.88,41.43,43.09,0.0
2024-05-29 13:30:00,INDEX:MMTW,33.71,34.77,32.37,32.39,0.0
2024-05-30 13:30:00,INDEX:MMTW,34.16,39.06,34.16,37.5,0.0
2024-05-31 13:30:00,INDEX:MMTW,42.37,44.03,36.73,43.97,0.0
2024-06-03 13:30:00,INDEX:MMTW,43.56,44.12,36.31,40.61,0.0
2024-06-04 13:30:00,INDEX:MMTW,35.35,36.64,32.45,33.09,0.0
2024-06-05 13:30:00,INDEX:MMTW,32.74,39.09,32.74,39.08,0.0
2024-06-06 13:30:00,INDEX:MMTW,38.55,39.42,35.11,36.23,0.0
2024-06-07 13:30:00,INDEX:MMTW,32.21,34.66,30.16,30.25,0.0
2024-06-10 13:30:00,INDEX:MMTW,26.79,32.24,26.79,31.47,0.0
2024-06-11 13:30:00,INDEX:MMTW,26.27,30.15,25.92,30.15,0.0
2024-06-12 13:30:00,INDEX:MMTW,47.46,47.98,37.11,38.59,0.0
2024-06-13 13:30:00,INDEX:MMTW,36.89,36.89,30.19,33.19,0.0
2024-06-14 13:30:00,INDEX:MMTW,25.63,26.48,24.83,26.09,0.0
2024-06-17 13:30:00,INDEX:MMTW,24.88,30.26,24.11,30.26,0.0
2024-06-18 13:30:00,INDEX:MMTW,33.06,34.58,30.8,31.6,0.0
2024-06-20 13:30:00,INDEX:MMTW,32.56,35.16,32.31,33.41,0.0
2024-06-21 13:30:00,INDEX:MMTW,32.46,35.06,32.46,35.06,0.0
2024-06-24 13:30:00,INDEX:MMTW,39.69,47.02,39.69,42.65,0.0
2024-06-25 13:30:00,INDEX:MMTW,40.26,40.26,35.24,36.16,0.0
2024-06-26 13:30:00,INDEX:MMTW,32.06,37.39,31.65,36.81,0.0
2024-06-27 13:30:00,INDEX:MMTW,39.36,42.67,38.1,42.67,0.0
2024-06-28 13:30:00,INDEX:MMTW,49.28,49.28,43.25,47.59,0.0
2024-07-01 13:30:00,INDEX:MMTW,51.68,51.68,40.71,41.34,0.0
2024-07-02 13:30:00,INDEX:MMTW,44.0,45.71,42.52,44.97,0.0
2024-07-03 13:30:00,INDEX:MMTW,48.47,51.75,48.24,48.42,0.0
2024-07-05 13:30:00,INDEX:MMTW,45.16,45.16,42.74,44.95,0.0
2024-07-08 13:30:00,INDEX:MMTW,51.56,52.85,48.16,50.33,0.0
2024-07-09 13:30:00,INDEX:MMTW,48.2,51.65,45.24,47.54,0.0
2024-07-10 13:30:00,INDEX:MMTW,50.86,56.28,49.9,56.06,0.0
2024-07-11 13:30:00,INDEX:MMTW,68.08,74.99,68.08,74.79,0.0
2024-07-12 13:30:00,INDEX:MMTW,80.2,82.23,79.91,80.86,0.0
2024-07-15 13:30:00,INDEX:MMTW,82.15,83.65,80.84,80.88,0.0
2024-07-16 13:30:00,INDEX:MMTW,84.5,87.04,84.5,86.96,0.0
2024-07-17 13:30:00,INDEX:MMTW,87.0,87.0,83.38,83.64,0.0
2024-07-18 13:30:00,INDEX:MMTW,83.99,84.86,75.75,76.01,0.0
2024-07-19 13:30:00,INDEX:MMTW,74.99,74.99,71.43,71.69,0.0
2024-07-22 13:30:00,INDEX:MMTW,74.37,77.13,70.88,77.13,0.0
2024-07-23 13:30:00,INDEX:MMTW,74.98,76.92,74.98,75.98,0.0
2024-07-24 13:30:00,INDEX:MMTW,70.97,72.23,64.26,64.26,0.0
2024-07-25 13:30:00,INDEX:MMTW,64.94,71.37,64.94,66.77,0.0
2024-07-26 13:30:00,INDEX:MMTW,71.39,72.01,69.13,71.81,0.0
2024-07-29 13:30:00,INDEX:MMTW,72.48,72.48,67.17,67.57,0.0
2024-07-30 13:30:00,INDEX:MMTW,68.21,68.21,63.81,65.15,0.0
2024-07-31 13:30:00,INDEX:MMTW,66.27,72.51,65.25,67.38,0.0
2024-08-01 13:30:00,INDEX:MMTW,66.78,66.78,46.92,50.49,0.0
2024-08-02 13:30:00,INDEX:MMTW,28.24,32.0,26.48,30.98,0.0
2024-08-05 13:30:00,INDEX:MMTW,14.04,19.33,14.04,16.53,0.0
2024-08-06 13:30:00,INDEX:MMTW,18.59,23.92,18.59,20.66,0.0
2024-08-07 13:30:00,INDEX:MMTW,24.39,24.67,17.65,17.69,0.0
2024-08-08 13:30:00,INDEX:MMTW,22.82,26.88,22.82,26.8,0.0
2024-08-09 13:30:00,INDEX:MMTW,25.95,28.11,25.21,27.8,0.0
2024-08-12 13:30:00,INDEX:MMTW,26.31,26.48,24.65,25.07,0.0
2024-08-13 13:30:00,INDEX:MMTW,29.05,32.52,28.31,32.48,0.0
2024-08-14 13:30:00,INDEX:MMTW,35.5,35.5,32.83,34.12,0.0
2024-08-15 13:30:00,INDEX:MMTW,45.41,48.61,42.22,46.94,0.0
2024-08-16 13:30:00,INDEX:MMTW,48.43,50.88,47.42,50.16,0.0
2024-08-19 13:30:00,INDEX:MMTW,57.39,59.71,56.66,59.71,0.0
2024-08-20 13:30:00,INDEX:MMTW,60.25,60.25,52.09,52.77,0.0
2024-08-21 13:30:00,INDEX:MMTW,58.56,63.09,57.06,63.09,0.0
2024-08-22 13:30:00,INDEX:MMTW,66.64,66.64,58.47,58.54,0.0
2024-08-23 13:30:00,INDEX:MMTW,67.3,77.89,67.3,76.66,0.0
2024-08-26 13:30:00,INDEX:MMTW,81.13,81.6,78.1,78.1,0.0
2024-08-27 13:30:00,INDEX:MMTW,77.44,78.39,75.07,76.02,0.0
2024-08-28 13:30:00,INDEX:MMTW,76.63,77.23,70.52,73.3,0.0
2024-08-29 13:30:00,INDEX:MMTW,76.81,81.0,76.81,77.87,0.0
2024-08-30 13:30:00,INDEX:MMTW,80.32,80.32,74.16,79.04,0.0
2024-09-03 13:30:00,INDEX:MMTW,70.12,70.12,56.4,57.45,0.0
2024-09-04 13:30:00,INDEX:MMTW,53.31,60.57,52.49,54.11,0.0
2024-09-05 13:30:00,INDEX:MMTW,50.48,52.6,46.23,48.12,0.0
2024-09-06 13:30:00,INDEX:MMTW,38.49,38.49,32.59,32.91,0.0
2024-09-09 13:30:00,INDEX:MMTW,34.19,40.94,34.19,36.22,0.0
2024-09-10 13:30:00,INDEX:MMTW,33.5,36.71,29.41,36.3,0.0
2024-09-11 13:30:00,INDEX:MMTW,28.84,35.89,24.24,35.77,0.0
2024-09-12 13:30:00,INDEX:MMTW,37.82,43.66,34.28,42.33,0.0
2024-09-13 13:30:00,INDEX:MMTW,50.72,58.48,50.72,58.41,0.0
2024-09-16 13:30:00,INDEX:MMTW,61.77,62.23,58.02,61.5,0.0
2024-09-17 13:30:00,INDEX:MMTW,67.59,70.78,64.57,65.25,0.0
2024-09-18 13:30:00,INDEX:MMTW,66.81,74.41,62.46,62.65,0.0
2024-09-19 13:30:00,INDEX:MMTW,73.03,75.76,72.36,73.49,0.0
2024-09-20 13:30:00,INDEX:MMTW,69.96,69.96,65.46,65.54,0.0
2024-09-23 13:30:00,INDEX:MMTW,68.64,68.64,63.15,63.97,0.0
2024-09-24 13:30:00,INDEX:MMTW,68.14,68.14,64.42,64.69,0.0
2024-09-25 13:30:00,INDEX:MMTW,63.91,63.91,56.45,56.45,0.0
2024-09-26 13:30:00,INDEX:MMTW,64.78,64.78,61.86,62.44,0.0
2024-09-27 13:30:00,INDEX:MMTW,68.71,71.34,65.07,66.72,0.0
2024-09-30 13:30:00,INDEX:MMTW,64.14,68.5,61.42,68.27,0.0
2024-10-01 13:30:00,INDEX:MMTW,61.8,61.8,54.2,56.3,0.0
2024-10-02 13:30:00,INDEX:MMTW,53.95,56.96,53.53,54.0,0.0
2024-10-03 13:30:00,INDEX:MMTW,48.47,49.81,45.75,47.49,0.0
2024-10-04 13:30:00,INDEX:MMTW,55.01,56.14,50.13,56.14,0.0
2024-10-07 13:30:00,INDEX:MMTW,49.28,49.74,43.47,46.51,0.0
2024-10-08 13:30:00,INDEX:MMTW,43.44,45.32,41.56,43.57,0.0
2024-10-09 13:30:00,INDEX:MMTW,43.15,49.05,42.66,44.98,0.0
2024-10-10 13:30:00,INDEX:MMTW,37.62,41.67,37.62,41.66,0.0
2024-10-11 13:30:00,INDEX:MMTW,48.21,56.35,48.21,56.3,0.0
2024-10-14 13:30:00,INDEX:MMTW,53.04,59.51,53.04,58.67,0.0
2024-10-15 13:30:00,INDEX:MMTW,57.9,64.27,57.83,57.83,0.0
2024-10-16 13:30:00,INDEX:MMTW,63.53,68.3,63.53,68.18,0.0
2024-10-17 13:30:00,INDEX:MMTW,67.8,67.8,64.17,66.6,0.0
2024-10-18 13:30:00,INDEX:MMTW,68.05,68.05,65.3,67.63,0.0
2024-10-21 13:30:00,INDEX:MMTW,66.5,66.75,54.83,54.89,0.0
2024-10-22 13:30:00,INDEX:MMTW,51.62,52.97,49.47,52.74,0.0
2024-10-23 13:30:00,INDEX:MMTW,50.35,50.44,41.11,46.36,0.0
2024-10-24 13:30:00,INDEX:MMTW,48.19,48.51,43.45,47.02,0.0
2024-10-25 13:30:00,INDEX:MMTW,50.57,53.08,42.89,42.89,0.0
2024-10-28 13:30:00,INDEX:MMTW,50.7,56.24,50.7,53.85,0.0
2024-10-29 13:30:00,INDEX:MMTW,48.53,52.14,48.53,51.5,0.0
2024-10-30 13:30:00,INDEX:MMTW,50.88,57.06,49.57,49.57,0.0
2024-10-31 13:30:00,INDEX:MMTW,47.42,47.42,37.06,37.11,0.0
2024-11-01 13:30:00,INDEX:MMTW,42.55,45.31,38.32,39.33,0.0
2024-11-04 14:30:00,INDEX:MMTW,36.59,43.95,36.59,40.05,0.0
2024-11-05 14:30:00,INDEX:MMTW,44.47,52.8,44.47,52.7,0.0
2024-11-06 14:30:00,INDEX:MMTW,67.9,67.9,64.19,67.52,0.0
2024-11-07 14:30:00,INDEX:MMTW,69.99,70.49,67.49,67.5,0.0
2024-11-08 14:30:00,INDEX:MMTW,65.0,66.21,64.42,65.64,0.0
2024-11-11 14:30:00,INDEX:MMTW,68.3,68.3,66.41,66.97,0.0
2024-11-12 14:30:00,INDEX:MMTW,65.64,65.64,60.95,61.47,0.0
2024-11-13 14:30:00,INDEX:MMTW,63.13,63.13,58.49,58.49,0.0
2024-11-14 14:30:00,INDEX:MMTW,59.1,59.1,54.69,55.01,0.0
2024-11-15 14:30:00,INDEX:MMTW,54.3,54.3,49.44,49.83,0.0
2024-11-18 14:30:00,INDEX:MMTW,50.87,52.15,49.46,50.14,0.0
2024-11-19 14:30:00,INDEX:MMTW,46.45,51.35,45.74,51.3,0.0
2024-11-20 14:30:00,INDEX:MMTW,48.97,51.41,47.66,51.41,0.0
2024-11-21 14:30:00,INDEX:MMTW,52.39,58.98,52.39,58.63,0.0
2024-11-22 14:30:00,INDEX:MMTW,63.35,65.81,63.17,65.43,0.0
2024-11-25 14:30:00,INDEX:MMTW,72.31,74.09,71.48,71.48,0.0
2024-11-26 14:30:00,INDEX:MMTW,67.09,67.09,67.09,67.09,0.0
2024-11-27 14:30:00,INDEX:MMTW,72.47,72.47,69.91,70.03,0.0
2024-11-29 14:30:00,INDEX:MMTW,73.36,73.37,72.09,72.09,0.0
2024-12-02 14:30:00,INDEX:MMTW,68.23,72.85,67.59,71.76,0.0
2024-12-03 14:30:00,INDEX:MMTW,68.78,68.78,61.78,62.55,0.0
2024-12-04 14:30:00,INDEX:MMTW,61.06,61.35,56.76,61.19,0.0
2024-12-05 14:30:00,INDEX:MMTW,60.76,61.54,53.55,53.56,0.0
2024-12-06 14:30:00,INDEX:MMTW,58.07,58.07,51.56,53.62,0.0
2024-12-09 14:30:00,INDEX:MMTW,60.64,60.89,52.79,52.79,0.0
2024-12-10 14:30:00,INDEX:MMTW,47.94,55.17,47.04,49.96,0.0
2024-12-11 14:30:00,INDEX:MMTW,54.05,56.33,50.16,52.51,0.0
2024-12-12 14:30:00,INDEX:MMTW,50.9,51.53,44.19,44.2,0.0
2024-12-13 14:30:00,INDEX:MMTW,41.11,41.11,35.3,38.65,0.0
2024-12-16 14:30:00,INDEX:MMTW,36.64,41.22,36.64,38.39,0.0
2024-12-17 14:30:00,INDEX:MMTW,36.73,36.73,30.85,32.22,0.0
2024-12-18 14:30:00,INDEX:MMTW,32.96,33.5,15.24,15.24,0.0
2024-12-19 14:30:00,INDEX:MMTW,17.11,17.11,14.37,15.15,0.0
2024-12-20 14:30:00,INDEX:MMTW,14.42,19.8,14.42,18.75,0.0
2024-12-23 14:30:00,INDEX:MMTW,17.9,19.43,16.18,19.41,0.0
2024-12-24 14:30:00,INDEX:MMTW,19.64,24.82,19.63,24.8,0.0
2024-12-26 14:30:00,INDEX:MMTW,27.24,29.25,27.24,29.2,0.0
2024-12-27 14:30:00,INDEX:MMTW,26.59,26.59,20.93,24.31,0.0
2024-12-30 14:30:00,INDEX:MMTW,18.84,23.48,17.62,22.03,0.0
2024-12-31 14:30:00,INDEX:MMTW,24.28,27.14,22.12,23.8,0.0
2025-01-02 14:30:00,INDEX:MMTW,28.59,32.97,26.04,29.32,0.0
2025-01-03 14:30:00,INDEX:MMTW,34.17,38.57,31.97,38.32,0.0
2025-01-06 14:30:00,INDEX:MMTW,43.97,47.36,40.15,40.24,0.0
2025-01-07 14:30:00,INDEX:MMTW,46.89,46.89,35.66,38.11,0.0
2025-01-08 14:30:00,INDEX:MMTW,33.23,36.1,29.99,35.83,0.0
2025-01-10 14:30:00,INDEX:MMTW,29.08,29.65,25.57,26.82,0.0
2025-01-13 14:30:00,INDEX:MMTW,22.76,28.35,22.76,28.28,0.0
2025-01-14 14:30:00,INDEX:MMTW,35.28,37.32,30.66,36.78,0.0
2025-01-15 14:30:00,INDEX:MMTW,53.71,54.33,48.1,51.57,0.0
2025-01-16 14:30:00,INDEX:MMTW,55.58,57.18,53.01,56.29,0.0
2025-01-17 14:30:00,INDEX:MMTW,64.42,64.42,60.32,62.2,0.0
2025-01-21 14:30:00,INDEX:MMTW,67.09,70.43,66.86,69.35,0.0
2025-01-22 14:30:00,INDEX:MMTW,67.46,67.83,62.94,62.94,0.0
2025-01-23 14:30:00,INDEX:MMTW,61.95,65.55,60.76,65.48,0.0
2025-01-24 14:30:00,INDEX:MMTW,66.46,69.11,64.46,66.41,0.0
2025-01-27 14:30:00,INDEX:MMTW,65.24,68.69,61.65,63.89,0.0
2025-01-28 14:30:00,INDEX:MMTW,62.77,64.04,60.2,62.65,0.0
2025-01-29 14:30:00,INDEX:MMTW,62.37,64.35,56.57,60.49,0.0
2025-01-30 14:30:00,INDEX:MMTW,67.46,68.19,65.52,66.12,0.0
2025-01-31 14:30:00,INDEX:MMTW,66.36,68.82,57.95,60.34,0.0
2025-02-03 14:30:00,INDEX:MMTW,41.04,52.93,41.04,49.04,0.0
2025-02-04 14:30:00,INDEX:MMTW,50.15,58.57,50.15,58.38,0.0
2025-02-05 14:30:00,INDEX:MMTW,60.86,63.43,58.86,63.43,0.0
2025-02-06 14:30:00,INDEX:MMTW,64.73,64.73,59.01,61.23,0.0
2025-02-07 14:30:00,INDEX:MMTW,60.3,60.3,52.12,52.95,0.0
2025-02-10 14:30:00,INDEX:MMTW,52.15,54.46,51.46,52.23,0.0
2025-02-11 14:30:00,INDEX:MMTW,48.16,51.66,48.16,50.5,0.0
2025-02-12 14:30:00,INDEX:MMTW,41.96,46.1,41.42,43.69,0.0
2025-02-13 14:30:00,INDEX:MMTW,45.55,51.41,45.29,51.36,0.0
2025-02-14 14:30:00,INDEX:MMTW,53.58,55.48,49.57,50.25,0.0
2025-02-18 14:30:00,INDEX:MMTW,51.12,54.85,51.12,53.37,0.0
2025-02-19 14:30:00,INDEX:MMTW,48.56,51.02,48.46,50.34,0.0
2025-02-20 14:30:00,INDEX:MMTW,48.95,48.95,42.07,44.77,0.0
2025-02-21 14:30:00,INDEX:MMTW,46.19,46.19,33.62,33.69,0.0
2025-02-24 14:30:00,INDEX:MMTW,31.78,34.56,30.56,30.56,0.0
2025-02-25 14:30:00,INDEX:MMTW,32.83,33.14,28.91,30.82,0.0
2025-02-26 14:30:00,INDEX:MMTW,32.56,35.87,29.95,31.48,0.0
2025-02-27 14:30:00,INDEX:MMTW,31.74,33.06,27.41,27.41,0.0
2025-02-28 14:30:00,INDEX:MMTW,27.49,32.62,25.87,32.62,0.0
2025-03-03 14:30:00,INDEX:MMTW,35.63,35.63,23.93,24.54,0.0
2025-03-04 14:30:00,INDEX:MMTW,20.22,23.37,18.44,20.27,0.0
2025-03-05 14:30:00,INDEX:MMTW,22.69,25.98,22.51,25.61,0.0
2025-03-06 14:30:00,INDEX:MMTW,23.16,25.52,21.29,23.59,0.0
2025-03-07 14:30:00,INDEX:MMTW,24.35,29.64,22.39,28.48,0.0
2025-03-10 13:30:00,INDEX:MMTW,26.67,27.12,20.02,21.46,0.0
2025-03-11 13:30:00,INDEX:MMTW,22.19,22.19,16.91,19.91,0.0
2025-03-12 13:30:00,INDEX:MMTW,18.85,20.94,16.53,19.32,0.0
2025-03-13 13:30:00,INDEX:MMTW,21.3,21.3,16.38,16.94,0.0
2025-03-14 13:30:00,INDEX:MMTW,22.35,26.32,21.99,26.18,0.0
2025-03-17 13:30:00,INDEX:MMTW,30.67,36.37,30.52,35.26,0.0
2025-03-18 13:30:00,INDEX:MMTW,33.3,33.97,31.7,33.21,0.0
2025-03-19 13:30:00,INDEX:MMTW,37.23,45.45,36.19,42.43,0.0
2025-03-20 13:30:00,INDEX:MMTW,39.97,47.26,39.97,40.9,0.0
2025-03-21 13:30:00,INDEX:MMTW,33.8,38.63,33.8,37.61,0.0
2025-03-24 13:30:00,INDEX:MMTW,52.33,55.19,50.01,55.12,0.0
2025-03-25 13:30:00,INDEX:MMTW,58.69,58.69,50.6,50.83,0.0
2025-03-26 13:30:00,INDEX:MMTW,56.98,56.98,46.25,48.39,0.0
2025-03-27 13:30:00,INDEX:MMTW,44.76,52.28,44.76,48.91,0.0
2025-03-28 13:30:00,INDEX:MMTW,48.96,48.96,31.61,34.14,0.0
2025-03-31 13:30:00,INDEX:MMTW,26.96,36.56,26.96,33.96,0.0
2025-04-01 13:30:00,INDEX:MMTW,29.26,39.39,28.35,36.46,0.0
2025-04-02 13:30:00,INDEX:MMTW,34.51,46.86,34.51,46.41,0.0
2025-04-03 13:30:00,INDEX:MMTW,23.17,23.17,18.93,19.2,0.0
2025-04-04 13:30:00,INDEX:MMTW,10.8,10.99,6.33,7.06,0.0
2025-04-07 13:30:00,INDEX:MMTW,2.79,5.86,2.79,4.91,0.0
2025-04-08 13:30:00,INDEX:MMTW,8.8,8.93,3.62,3.78,0.0
2025-04-09 13:30:00,INDEX:MMTW,4.35,18.7,4.04,17.89,0.0
2025-04-10 13:30:00,INDEX:MMTW,11.16,12.01,7.27,10.83,0.0
2025-04-11 13:30:00,INDEX:MMTW,10.82,17.7,10.38,17.58,0.0
2025-04-14 13:30:00,INDEX:MMTW,22.01,25.09,18.72,23.5,0.0
2025-04-15 13:30:00,INDEX:MMTW,25.76,27.92,23.31,24.27,0.0
2025-04-16 13:30:00,INDEX:MMTW,23.89,26.36,19.52,22.28,0.0
2025-04-17 13:30:00,INDEX:MMTW,25.11,30.47,24.05,28.32,0.0
2025-04-21 13:30:00,INDEX:MMTW,25.04,25.28,19.18,22.5,0.0
2025-04-22 13:30:00,INDEX:MMTW,30.92,40.19,30.53,39.53,0.0
2025-04-23 13:30:00,INDEX:MMTW,68.84,68.84,50.35,52.23,0.0
2025-04-24 13:30:00,INDEX:MMTW,56.78,69.96,56.78,69.79,0.0
2025-04-25 13:30:00,INDEX:MMTW,67.47,71.34,65.74,71.29,0.0
2025-04-28 13:30:00,INDEX:MMTW,77.41,77.41,69.39,75.83,0.0
2025-04-29 13:30:00,INDEX:MMTW,77.14,81.21,75.16,79.74,0.0
2025-04-30 13:30:00,INDEX:MMTW,69.91,78.19,69.91,77.85,0.0
2025-05-01 13:30:00,INDEX:MMTW,80.44,82.64,78.01,78.91,0.0
2025-05-02 13:30:00,INDEX:MMTW,84.8,86.26,83.65,85.68,0.0
2025-05-05 13:30:00,INDEX:MMTW,83.13,83.43,80.16,80.19,0.0
2025-05-06 13:30:00,INDEX:MMTW,76.89,77.49,72.84,73.37,0.0
2025-05-07 13:30:00,INDEX:MMTW,72.36,73.25,68.48,70.32,0.0
2025-05-08 13:30:00,INDEX:MMTW,72.15,77.5,71.12,75.09,0.0
2025-05-09 13:30:00,INDEX:MMTW,75.46,75.46,72.26,72.73,0.0
2025-05-12 13:30:00,INDEX:MMTW,80.27,80.53,77.49,78.52,0.0
2025-05-13 13:30:00,INDEX:MMTW,78.2,78.2,76.82,76.82,0.0
2025-05-14 13:30:00,INDEX:MMTW,75.55,75.55,71.97,71.97,0.0
2025-05-15 13:30:00,INDEX:MMTW,71.5,75.01,71.22,74.95,0.0
2025-05-16 13:30:00,INDEX:MMTW,75.72,77.97,75.55,77.27,0.0
2025-05-19 13:30:00,INDEX:MMTW,73.34,76.33,72.66,76.33,0.0
2025-05-20 13:30:00,INDEX:MMTW,75.12,77.37,75.12,75.69,0.0
2025-05-21 13:30:00,INDEX:MMTW,70.28,70.28,56.64,56.68,0.0
2025-05-22 13:30:00,INDEX:MMTW,50.76,57.22,50.31,53.42,0.0
2025-05-23 13:30:00,INDEX:MMTW,43.56,49.95,43.56,48.24,0.0
2025-05-27 13:30:00,INDEX:MMTW,55.69,64.52,54.3,64.4,0.0
2025-05-28 13:30:00,INDEX:MMTW,63.26,63.26,53.8,53.84,0.0
2025-05-29 13:30:00,INDEX:MMTW,56.78,57.98,51.14,57.98,0.0
2025-05-30 13:30:00,INDEX:MMTW,49.61,54.58,46.6,52.24,0.0
2025-06-02 13:30:00,INDEX:MMTW,42.52,50.08,42.52,50.06,0.0
2025-06-03 13:30:00,INDEX:MMTW,48.7,61.19,46.94,59.34,0.0
2025-06-04 13:30:00,INDEX:MMTW,60.4,60.4,54.75,54.78,0.0
2025-06-05 13:30:00,INDEX:MMTW,53.46,57.01,50.25,52.05,0.0
2025-06-06 13:30:00,INDEX:MMTW,62.51,62.59,58.78,62.18,0.0
2025-06-09 13:30:00,INDEX:MMTW,64.78,69.31,63.03,64.35,0.0
2025-06-10 13:30:00,INDEX:MMTW,68.25,70.78,68.12,69.68,0.0
2025-06-11 13:30:00,INDEX:MMTW,72.13,72.7,65.36,65.8,0.0
2025-06-12 13:30:00,INDEX:MMTW,59.82,64.51,59.82,63.67,0.0
2025-06-13 13:30:00,INDEX:MMTW,54.14,54.14,43.72,44.12,0.0
2025-06-16 13:30:00,INDEX:MMTW,53.4,57.91,52.68,53.46,0.0
2025-06-17 13:30:00,INDEX:MMTW,48.75,50.7,42.82,42.84,0.0
2025-06-18 13:30:00,INDEX:MMTW,45.58,51.58,45.58,46.83,0.0
2025-06-20 13:30:00,INDEX:MMTW,51.56,51.56,42.94,44.3,0.0
2025-06-23 13:30:00,INDEX:MMTW,42.79,53.57,38.54,53.57,0.0
2025-06-24 13:30:00,INDEX:MMTW,56.91,63.41,56.91,61.87,0.0
2025-06-25 13:30:00,INDEX:MMTW,57.8,57.8,52.93,52.93,0.0
2025-06-26 13:30:00,INDEX:MMTW,55.54,62.3,55.54,62.28,0.0
2025-06-27 13:30:00,INDEX:MMTW,61.9,66.53,57.4,61.58,0.0
2025-06-30 13:30:00,INDEX:MMTW,61.79,63.98,60.68,63.02,0.0
2025-07-01 13:30:00,INDEX:MMTW,60.34,73.59,60.34,68.76,0.0
2025-07-02 13:30:00,INDEX:MMTW,67.37,73.22,67.37,73.16,0.0
2025-07-03 13:30:00,INDEX:MMTW,75.23,76.71,75.23,76.66,0.0
2025-07-07 13:30:00,INDEX:MMTW,72.97,75.31,66.29,68.46,0.0
2025-07-08 13:30:00,INDEX:MMTW,69.77,73.15,69.77,71.79,0.0
2025-07-09 13:30:00,INDEX:MMTW,73.56,74.07,71.68,74.07,0.0
2025-07-10 13:30:00,INDEX:MMTW,73.52,76.78,72.78,75.09,0.0
2025-07-11 13:30:00,INDEX:MMTW,70.95,71.12,68.05,68.1,0.0
2025-07-14 13:30:00,INDEX:MMTW,67.68,69.44,67.27,68.45,0.0
2025-07-15 13:30:00,INDEX:MMTW,66.3,66.3,53.46,53.46,0.0
2025-07-16 13:30:00,INDEX:MMTW,57.58,59.42,49.83,58.38,0.0
2025-07-17 13:30:00,INDEX:MMTW,60.24,64.25,60.24,62.73,0.0
2025-07-18 13:30:00,INDEX:MMTW,64.71,64.71,57.3,57.84,0.0
2025-07-21 13:30:00,INDEX:MMTW,61.03,62.79,55.7,55.77,0.0
2025-07-22 13:30:00,INDEX:MMTW,57.72,66.22,57.72,63.96,0.0
2025-07-23 13:30:00,INDEX:MMTW,68.15,71.59,66.64,71.58,0.0
2025-07-24 13:30:00,INDEX:MMTW,66.91,67.26,60.89,60.92,0.0
2025-07-25 13:30:00,INDEX:MMTW,60.0,60.91,58.6,60.56,0.0
2025-07-28 13:30:00,INDEX:MMTW,60.16,60.16,54.72,55.11,0.0
2025-07-29 13:30:00,INDEX:MMTW,55.22,55.22,46.64,47.68,0.0
2025-07-30 13:30:00,INDEX:MMTW,48.35,48.65,36.13,38.44,0.0
2025-07-31 13:30:00,INDEX:MMTW,38.26,38.62,32.23,32.76,0.0
2025-08-01 13:30:00,INDEX:MMTW,26.02,26.53,23.45,25.02,0.0
2025-08-04 13:30:00,INDEX:MMTW,28.83,35.0,28.83,35.0,0.0
2025-08-05 13:30:00,INDEX:MMTW,37.09,38.61,33.74,37.73,0.0
2025-08-06 13:30:00,INDEX:MMTW,38.81,39.03,37.42,38.16,0.0
2025-08-07 13:30:00,INDEX:MMTW,44.62,44.62,36.73,37.92,0.0
2025-08-08 13:30:00,INDEX:MMTW,40.89,41.84,39.39,39.5,0.0
2025-08-11 13:30:00,INDEX:MMTW,42.74,42.74,38.55,39.42,0.0
2025-08-12 13:30:00,INDEX:MMTW,42.99,53.17,42.99,53.16,0.0
2025-08-13 13:30:00,INDEX:MMTW,56.68,62.16,56.68,62.15,0.0
2025-08-14 13:30:00,INDEX:MMTW,57.22,57.29,53.16,56.78,0.0
2025-08-15 13:30:00,INDEX:MMTW,57.97,57.97,52.1,52.17,0.0
2025-08-18 13:30:00,INDEX:MMTW,52.6,55.38,52.6,55.13,0.0
2025-08-19 13:30:00,INDEX:MMTW,57.41,59.71,53.19,53.6,0.0
2025-08-20 13:30:00,INDEX:MMTW,56.85,56.85,52.11,54.55,0.0
2025-08-21 13:30:00,INDEX:MMTW,52.14,57.22,52.14,56.17,0.0
2025-08-22 13:30:00,INDEX:MMTW,63.84,74.85,63.84,74.76,0.0
2025-08-25 13:30:00,INDEX:MMTW,73.59,73.7,69.62,69.67,0.0
2025-08-26 13:30:00,INDEX:MMTW,71.05,73.21,70.77,71.78,0.0
2025-08-27 13:30:00,INDEX:MMTW,72.98,74.77,72.98,74.06,0.0
2025-08-28 13:30:00,INDEX:MMTW,74.89,74.89,71.6,72.96,0.0
2025-08-29 13:30:00,INDEX:MMTW,72.81,73.56,69.71,71.0,0.0
2025-09-02 13:30:00,INDEX:MMTW,60.83,63.78,58.31,62.54,0.0
2025-09-03 13:30:00,INDEX:MMTW,62.65,62.65,56.95,59.92,0.0
2025-09-04 13:30:00,INDEX:MMTW,57.69,64.63,57.67,64.62,0.0
2025-09-05 13:30:00,INDEX:MMTW,71.23,71.23,61.7,65.4,0.0
2025-09-08 13:30:00,INDEX:MMTW,62.28,64.0,59.39,63.94,0.0
2025-09-09 13:30:00,INDEX:MMTW,60.7,60.7,56.58,57.52,0.0
2025-09-10 13:30:00,INDEX:MMTW,57.99,59.04,51.17,53.65,0.0
2025-09-11 13:30:00,INDEX:MMTW,56.89,68.03,56.89,68.01,0.0
2025-09-12 13:30:00,INDEX:MMTW,65.09,65.09,57.36,57.37,0.0
2025-09-15 13:30:00,INDEX:MMTW,57.33,59.11,54.42,55.46,0.0
2025-09-16 13:30:00,INDEX:MMTW,53.99,53.99,50.32,52.8,0.0
2025-09-17 13:30:00,INDEX:MMTW,56.17,63.82,51.41,51.5,0.0
2025-09-18 13:30:00,INDEX:MMTW,55.43,63.62,55.43,62.69,0.0
2025-09-19 13:30:00,INDEX:MMTW,60.03,60.03,52.85,53.31,0.0
2025-09-22 13:30:00,INDEX:MMTW,48.9,55.88,48.9,54.56,0.0
2025-09-23 13:30:00,INDEX:MMTW,58.39,61.74,51.61,51.62,0.0
2025-09-24 13:30:00,INDEX:MMTW,53.9,54.87,48.84,49.66,0.0
2025-09-25 13:30:00,INDEX:MMTW,43.87,44.92,41.13,42.89,0.0
2025-09-26 13:30:00,INDEX:MMTW,46.75,49.24,45.05,49.23,0.0
2025-09-29 13:30:00,INDEX:MMTW,48.85,48.85,45.85,47.06,0.0
2025-09-30 13:30:00,INDEX:MMTW,46.66,46.66,41.18,46.62,0.0
2025-10-01 13:30:00,INDEX:MMTW,45.09,47.76,44.76,46.86,0.0
2025-10-02 13:30:00,INDEX:MMTW,48.07,49.05,44.02,47.84,0.0
2025-10-03 13:30:00,INDEX:MMTW,52.64,56.27,51.16,51.75,0.0
2025-10-06 13:30:00,INDEX:MMTW,54.54,55.23,50.8,51.29,0.0
2025-10-07 13:30:00,INDEX:MMTW,52.76,52.76,44.8,45.47,0.0
2025-10-08 13:30:00,INDEX:MMTW,46.1,50.09,46.1,49.53,0.0
2025-10-09 13:30:00,INDEX:MMTW,49.48,49.48,43.01,43.26,0.0
2025-10-10 13:30:00,INDEX:MMTW,45.24,45.24,27.51,27.51,0.0
2025-10-13 13:30:00,INDEX:MMTW,32.81,35.54,32.22,35.04,0.0
2025-10-14 13:30:00,INDEX:MMTW,30.1,45.29,30.1,42.7,0.0
2025-10-15 13:30:00,INDEX:MMTW,49.33,52.79,41.47,44.8,0.0
2025-10-16 13:30:00,INDEX:MMTW,47.35,47.35,35.98,37.11,0.0
2025-10-17 13:30:00,INDEX:MMTW,37.68,37.68,32.37,36.0,0.0
2025-10-20 13:30:00,INDEX:MMTW,44.03,47.69,43.37,47.62,0.0
2025-10-21 13:30:00,INDEX:MMTW,46.75,51.78,44.95,49.06,0.0
2025-10-22 13:30:00,INDEX:MMTW,49.3,49.3,39.71,44.21,0.0
2025-10-23 13:30:00,INDEX:MMTW,48.61,52.26,47.47,50.47,0.0
2025-10-24 13:30:00,INDEX:MMTW,59.22,59.95,56.15,56.15,0.0
2025-10-27 13:30:00,INDEX:MMTW,61.71,61.71,56.21,56.4,0.0
2025-10-28 13:30:00,INDEX:MMTW,53.84,55.34,50.6,50.64,0.0
2025-10-29 13:30:00,INDEX:MMTW,47.42,49.78,36.82,39.93,0.0
2025-10-30 13:30:00,INDEX:MMTW,38.1,41.86,35.97,36.08,0.0
2025-10-31 13:30:00,INDEX:MMTW,36.84,40.5,35.57,39.48,0.0
2025-11-03 14:30:00,INDEX:MMTW,36.96,38.88,33.62,38.86,0.0
2025-11-04 14:30:00,INDEX:MMTW,30.75,35.89,30.75,32.48,0.0
2025-11-05 14:30:00,INDEX:MMTW,34.68,41.79,34.68,39.92,0.0
2025-11-06 14:30:00,INDEX:MMTW,42.2,42.2,34.66,34.66,0.0
2025-11-07 14:30:00,INDEX:MMTW,34.01,38.65,31.17,38.64,0.0
2025-11-10 14:30:00,INDEX:MMTW,44.14,44.68,39.56,43.27,0.0
2025-11-11 14:30:00,INDEX:MMTW,45.38,49.03,45.13,48.68,0.0
2025-11-12 14:30:00,INDEX:MMTW,52.45,53.26,49.56,49.59,0.0
2025-11-13 14:30:00,INDEX:MMTW,48.48,49.16,41.51,41.75,0.0
2025-11-14 14:30:00,INDEX:MMTW,35.83,41.46,35.83,40.09,0.0
2025-11-17 14:30:00,INDEX:MMTW,39.62,39.62,29.48,29.53,0.0
2025-11-18 14:30:00,INDEX:MMTW,29.66,32.88,29.66,31.52,0.0
2025-11-19 14:30:00,INDEX:MMTW,31.53,33.12,28.81,30.24,0.0
2025-11-20 14:30:00,INDEX:MMTW,39.86,39.86,25.31,25.34,0.0
2025-11-21 14:30:00,INDEX:MMTW,29.92,44.54,29.92,41.72,0.0
2025-11-24 14:30:00,INDEX:MMTW,39.59,45.36,39.59,44.2,0.0
2025-11-25 14:30:00,INDEX:MMTW,51.3,58.79,51.3,58.79,0.0
2025-11-26 14:30:00,INDEX:MMTW,62.17,66.49,62.17,63.64,0.0
2025-11-28 14:30:00,INDEX:MMTW,66.36,68.88,66.36,68.5,0.0
2025-12-01 14:30:00,INDEX:MMTW,67.2,67.2,62.72,62.75,0.0
2025-12-02 14:30:00,INDEX:MMTW,63.69,63.69,60.96,60.96,0.0
2025-12-03 14:30:00,INDEX:MMTW,65.64,69.76,65.26,69.75,0.0
2025-12-04 14:30:00,INDEX:MMTW,71.36,72.69,70.37,70.84,0.0
2025-12-05 14:30:00,INDEX:MMTW,70.78,73.61,67.99,68.1,0.0
2025-12-08 14:30:00,INDEX:MMTW,67.48,67.73,64.12,64.12,0.0
2025-12-09 14:30:00,INDEX:MMTW,66.98,68.68,65.32,65.32,0.0
2025-12-10 14:30:00,INDEX:MMTW,65.67,73.58,65.67,71.0,0.0
2025-12-11 14:30:00,INDEX:MMTW,72.45,74.68,72.45,73.62,0.0
2025-12-12 14:30:00,INDEX:MMTW,70.92,72.11,69.3,69.55,0.0
2025-12-15 14:30:00,INDEX:MMTW,68.57,68.57,64.99,65.11,0.0
2025-12-16 14:30:00,INDEX:MMTW,61.6,61.79,59.24,60.65,0.0
2025-12-17 14:30:00,INDEX:MMTW,62.4,63.55,55.95,55.96,0.0
2025-12-18 14:30:00,INDEX:MMTW,60.1,60.65,56.77,56.81,0.0
2025-12-19 14:30:00,INDEX:MMTW,56.8,58.96,55.93,55.99,0.0
2025-12-22 14:30:00,INDEX:MMTW,59.06,61.61,58.17,58.53,0.0
2025-12-23 14:30:00,INDEX:MMTW,53.58,55.01,52.67,53.39,0.0
2025-12-24 14:30:00,INDEX:MMTW,52.34,56.44,52.34,56.25,0.0
2025-12-26 14:30:00,INDEX:MMTW,54.06,54.06,51.25,53.96,0.0
2025-12-29 14:30:00,INDEX:MMTW,52.62,52.62,47.94,49.49,0.0
2025-12-30 14:30:00,INDEX:MMTW,48.13,48.38,45.17,45.21,0.0
2025-12-31 14:30:00,INDEX:MMTW,42.36,42.36,35.84,36.07,0.0
2026-01-02 14:30:00,INDEX:MMTW,36.72,42.73,35.03,41.36,0.0
2026-01-05 14:30:00,INDEX:MMTW,46.68,56.25,46.68,52.49,0.0
2026-01-06 14:30:00,INDEX:MMTW,52.95,59.49,52.95,59.21,0.0
2026-01-07 14:30:00,INDEX:MMTW,60.21,60.21,53.7,54.6,0.0
2026-01-08 14:30:00,INDEX:MMTW,56.53,64.82,56.53,63.69,0.0
2026-01-09 14:30:00,INDEX:MMTW,62.13,67.16,62.13,63.49,0.0
2026-01-12 14:30:00,INDEX:MMTW,62.23,64.11,60.85,64.1,0.0
2026-01-13 14:30:00,INDEX:MMTW,63.35,63.54,61.4,62.47,0.0
2026-01-14 14:30:00,INDEX:MMTW,62.15,65.72,62.15,65.72,0.0
2026-01-15 14:30:00,INDEX:MMTW,67.97,71.56,67.97,69.94,0.0
2026-01-16 14:30:00,INDEX:MMTW,67.7,69.0,66.42,66.42,0.0
2026-01-20 14:30:00,INDEX:MMTW,58.18,61.89,55.9,56.31,0.0
2026-01-21 14:30:00,INDEX:MMTW,63.99,66.12,60.69,65.79,0.0
2026-01-22 14:30:00,INDEX:MMTW,70.98,72.23,69.16,69.17,0.0
2026-01-23 14:30:00,INDEX:MMTW,66.32,66.32,62.02,62.65,0.0
2026-01-26 14:30:00,INDEX:MMTW,63.34,63.34,59.16,61.15,0.0
2026-01-27 14:30:00,INDEX:MMTW,58.82,59.44,56.81,59.11,0.0
2026-01-28 14:30:00,INDEX:MMTW,56.04,56.04,50.42,50.79,0.0
2026-01-29 14:30:00,INDEX:MMTW,49.76,53.3,46.5,53.29,0.0
2026-01-30 14:30:00,INDEX:MMTW,44.92,47.65,42.78,46.85,0.0
2026-02-02 14:30:00,INDEX:MMTW,47.02,52.99,47.02,51.31,0.0
2026-02-03 14:30:00,INDEX:MMTW,52.24,52.24,46.9,51.14,0.0
2026-02-04 14:30:00,INDEX:MMTW,52.27,53.2,47.49,50.95,0.0
2026-02-05 14:30:00,INDEX:MMTW,47.78,47.78,43.33,43.9,0.0
2026-02-06 14:30:00,INDEX:MMTW,49.89,53.94,49.61,53.26,0.0
2026-02-09 14:30:00,INDEX:MMTW,51.2,55.11,51.2,54.39,0.0
2026-02-10 14:30:00,INDEX:MMTW,55.68,59.06,55.68,56.31,0.0
2026-02-11 14:30:00,INDEX:MMTW,55.13,55.13,51.41,53.47,0.0
2026-02-12 14:30:00,INDEX:MMTW,55.47,55.47,43.05,45.52,0.0
2026-02-13 14:30:00,INDEX:MMTW,46.29,51.93,46.29,48.78,0.0
2026-02-17 14:30:00,INDEX:MMTW,45.74,50.9,45.02,49.12,0.0
2026-02-18 14:30:00,INDEX:MMTW,52.76,55.05,49.51,50.72,0.0
2026-02-19 14:30:00,INDEX:MMTW,48.73,51.25,47.13,51.16,0.0
2026-02-20 14:30:00,INDEX:MMTW,54.22,54.86,49.29,54.08,0.0
2026-02-23 14:30:00,INDEX:MMTW,53.45,53.45,40.54,42.9,0.0
2026-02-24 14:30:00,INDEX:MMTW,46.73,48.25,45.8,47.44,0.0
2026-02-25 14:30:00,INDEX:MMTW,47.9,50.96,45.75,50.94,0.0
2026-02-26 14:30:00,INDEX:MMTW,53.27,55.37,48.95,54.65,0.0
2026-02-27 14:30:00,INDEX:MMTW,49.06,49.06,46.5,48.06,0.0
2026-03-02 14:30:00,INDEX:MMTW,42.47,50.2,42.47,49.43,0.0
2026-03-03 14:30:00,INDEX:MMTW,37.68,42.71,31.21,40.26,0.0
2026-03-04 14:30:00,INDEX:MMTW,43.39,47.56,43.39,45.84,0.0
2026-03-05 14:30:00,INDEX:MMTW,43.37,43.37,35.16,38.63,0.0
2026-03-06 14:30:00,INDEX:MMTW,31.26,32.64,29.91,32.23,0.0
2026-03-09 13:30:00,INDEX:MMTW,25.64,35.35,25.64,34.6,0.0
2026-03-10 13:30:00,INDEX:MMTW,32.89,39.7,32.89,33.24,0.0
2026-03-11 13:30:00,INDEX:MMTW,31.9,33.05,29.57,32.19,0.0
2026-03-12 13:30:00,INDEX:MMTW,29.1,29.1,25.82,25.87,0.0
2026-03-13 13:30:00,INDEX:MMTW,28.28,28.28,23.28,24.02,0.0
2026-03-16 13:30:00,INDEX:MMTW,28.02,29.56,27.11,27.13,0.0
2026-03-17 13:30:00,INDEX:MMTW,33.68,33.78,29.74,29.78,0.0
2026-03-18 13:30:00,INDEX:MMTW,25.82,27.52,23.24,23.24,0.0
2026-03-19 13:30:00,INDEX:MMTW,21.78,26.97,21.27,25.22,0.0
2026-03-20 13:30:00,INDEX:MMTW,22.4,22.4,17.03,18.27,0.0
2026-03-23 13:30:00,INDEX:MMTW,23.81,34.15,23.81,27.81,0.0
2026-03-24 13:30:00,INDEX:MMTW,23.98,32.82,23.98,29.6,0.0
2026-03-25 13:30:00,INDEX:MMTW,40.47,40.47,34.68,36.26,0.0
2026-03-26 13:30:00,INDEX:MMTW,39.6,39.76,32.72,33.21,0.0
2026-03-27 13:30:00,INDEX:MMTW,29.35,30.24,24.22,24.76,0.0
2026-03-30 13:30:00,INDEX:MMTW,29.23,31.22,25.09,26.52,0.0
2026-03-31 13:30:00,INDEX:MMTW,38.25,43.63,33.21,43.2,0.0
2026-04-01 13:30:00,INDEX:MMTW,38.25,51.01,33.21,50.96,0.0
2026-04-02 13:30:00,INDEX:MMTW,41.48,56.22,41.48,56.1,0.0
2026-04-06 13:30:00,INDEX:MMTW,58.51,61.76,57.7,60.7,0.0
2026-04-07 13:30:00,INDEX:MMTW,54.64,59.41,54.64,59.25,0.0
2026-04-08 13:30:00,INDEX:MMTW,76.0,76.45,71.79,72.72,0.0
2026-04-09 13:30:00,INDEX:MMTW,72.79,73.11,69.54,71.63,0.0
2026-04-10 13:30:00,INDEX:MMTW,72.25,72.25,67.55,68.15,0.0
2026-04-13 13:30:00,INDEX:MMTW,66.83,74.47,66.83,74.45,0.0
2026-04-14 13:30:00,INDEX:MMTW,79.72,79.72,76.47,77.92,0.0
2026-04-15 13:30:00,INDEX:MMTW,79.73,80.28,79.06,80.08,0.0
2026-04-16 13:30:00,INDEX:MMTW,81.04,81.26,79.47,80.43,0.0
2026-04-17 13:30:00,INDEX:MMTW,83.38,84.66,83.27,83.49,0.0
2026-04-20 13:30:00,INDEX:MMTW,83.32,83.32,82.12,82.19,0.0
2026-04-21 13:30:00,INDEX:MMTW,82.73,83.14,75.1,75.39,0.0
2026-04-22 13:30:00,INDEX:MMTW,77.82,78.23,74.23,75.14,0.0
2026-04-23 13:30:00,INDEX:MMTW,71.67,72.29,65.87,68.66,0.0
2026-04-24 13:30:00,INDEX:MMTW,65.87,68.19,65.53,67.63,0.0
2026-04-27 13:30:00,INDEX:MMTW,71.12,71.12,65.86,65.88,0.0
2026-04-28 13:30:00,INDEX:MMTW,66.91,66.91,62.22,62.71,0.0
2026-04-29 13:30:00,INDEX:MMTW,58.03,58.03,48.06,49.87,0.0
2026-04-30 13:30:00,INDEX:MMTW,50.62,60.56,50.62,60.0,0.0
2026-05-01 13:30:00,INDEX:MMTW,59.73,61.49,57.97,60.31,0.0
2026-05-04 13:30:00,INDEX:MMTW,56.65,59.52,50.33,51.16,0.0
2026-05-05 13:30:00,INDEX:MMTW,55.02,57.8,54.22,55.81,0.0
2026-05-06 13:30:00,INDEX:MMTW,59.96,62.57,59.96,61.29,0.0
2026-05-07 13:30:00,INDEX:MMTW,59.37,59.37,54.51,54.93,0.0
2026-05-08 13:30:00,INDEX:MMTW,53.71,54.56,52.84,53.72,0.0
2026-05-11 13:30:00,INDEX:MMTW,52.62,52.8,47.06,47.4,0.0
2026-05-12 13:30:00,INDEX:MMTW,44.07,44.62,39.89,43.93,0.0
2026-05-13 13:30:00,INDEX:MMTW,40.47,42.66,40.47,41.85,0.0
2026-05-14 13:30:00,INDEX:MMTW,43.64,45.53,42.52,43.36,0.0
2026-05-15 13:30:00,INDEX:MMTW,36.09,37.1,34.08,34.08,0.0
2026-05-18 13:30:00,INDEX:MMTW,38.22,38.22,35.58,36.76,0.0
2026-05-19 13:30:00,INDEX:MMTW,33.66,36.01,32.83,32.84,0.0
2026-05-20 13:30:00,INDEX:MMTW,35.64,43.16,35.64,43.16,0.0
2026-05-21 13:30:00,INDEX:MMTW,42.08,49.19,40.46,48.19,0.0
2026-05-22 13:30:00,INDEX:MMTW,52.79,53.13,50.58,51.18,0.0
2026-05-26 13:30:00,INDEX:MMTW,55.72,57.46,54.5,56.36,0.0
2026-05-27 13:30:00,INDEX:MMTW,59.88,62.4,55.82,56.03,0.0
2026-05-28 13:30:00,INDEX:MMTW,54.46,58.78,54.46,57.47,0.0
2026-05-29 13:30:00,INDEX:MMTW,56.45,58.62,54.78,54.85,0.0
2026-06-01 13:30:00,INDEX:MMTW,52.3,52.64,48.74,51.6,0.0
2026-06-02 13:30:00,INDEX:MMTW,52.86,54.82,52.86,53.86,0.0
2026-06-03 13:30:00,INDEX:MMTW,48.53,48.53,42.91,42.91,0.0
2026-06-04 13:30:00,INDEX:MMTW,52.52,55.89,52.52,55.48,0.0
2026-06-05 13:30:00,INDEX:MMTW,52.65,52.65,45.98,46.5,0.0
2026-06-08 13:30:00,INDEX:MMTW,47.99,51.89,46.31,46.32,0.0
2026-06-09 13:30:00,INDEX:MMTW,56.27,56.47,46.12,52.07,0.0
2026-06-10 13:30:00,INDEX:MMTW,55.78,55.78,49.23,49.24,0.0
2026-06-11 13:30:00,INDEX:MMTW,50.7,57.93,50.0,56.4,0.0
2026-06-12 13:30:00,INDEX:MMTW,58.26,62.43,58.26,60.88,0.0
2026-06-15 13:30:00,INDEX:MMTW,63.65,64.25,59.64,59.68,0.0
2026-06-16 13:30:00,INDEX:MMTW,59.07,59.07,56.75,56.82,0.0
2026-06-17 13:30:00,INDEX:MMTW,58.72,59.59,45.37,47.32,0.0
2026-06-18 13:30:00,INDEX:MMTW,53.62,53.62,49.76,52.47,0.0
2026-06-22 13:30:00,INDEX:MMTW,54.17,54.17,49.59,49.6,0.0
2026-06-23 13:30:00,INDEX:MMTW,52.1,53.42,50.93,51.63,0.0
2026-06-24 13:30:00,INDEX:MMTW,56.25,57.05,53.08,54.24,0.0
2026-06-25 13:30:00,INDEX:MMTW,55.61,57.37,53.23,53.66,0.0
2026-06-26 13:30:00,INDEX:MMTW,54.59,59.96,54.59,59.96,0.0
2026-06-29 13:30:00,INDEX:MMTW,59.8,61.82,58.72,61.81,0.0
2026-06-30 13:30:00,INDEX:MMTW,61.39,62.26,60.34,61.69,0.0
2026-07-01 13:30:00,INDEX:MMTW,65.09,66.21,62.85,62.9,0.0
2026-07-02 13:30:00,INDEX:MMTW,66.61,66.61,60.89,63.29,0.0
2026-07-06 13:30:00,INDEX:MMTW,64.63,64.85,62.62,63.16,0.0
2026-07-07 13:30:00,INDEX:MMTW,62.27,62.27,58.4,58.73,0.0
2026-07-08 13:30:00,INDEX:MMTW,54.51,54.51,49.67,50.51,0.0
2026-07-09 13:30:00,INDEX:MMTW,52.24,56.04,52.24,54.62,0.0
2026-07-10 13:30:00,INDEX:MMTW,56.03,56.76,53.62,55.75,0.0
2026-07-13 13:30:00,INDEX:MMTW,58.64,58.64,54.32,54.32,0.0
2026-07-14 13:30:00,INDEX:MMTW,55.71,55.71,52.95,52.98,0.0
2026-07-15 13:30:00,INDEX:MMTW,56.49,58.95,54.86,54.86,0.0
2026-07-16 13:30:00,INDEX:MMTW,57.14,60.02,56.72,58.18,0.0
2026-07-17 13:30:00,INDEX:MMTW,57.54,57.54,51.37,52.52,0.0
2026-07-20 13:30:00,INDEX:MMTW,49.2,49.6,46.76,46.76,0.0
2026-07-21 13:30:00,INDEX:MMTW,48.3,49.68,46.11,49.68,0.0
2026-07-22 13:30:00,INDEX:MMTW,48.1,48.1,42.52,43.9,0.0
2026-07-23 13:30:00,INDEX:MMTW,39.66,39.66,35.02,38.31,0.0
2026-07-24 13:30:00,INDEX:MMTW,40.55,43.98,40.28,42.11,0.0
2026-07-27 13:30:00,INDEX:MMTW,51.59,51.59,47.0,49.12,0.0
2026-07-28 13:30:00,INDEX:MMTW,51.42,53.82,51.42,52.97,0.0
2026-07-29 13:30:00,INDEX:MMTW,53.86,53.86,45.96,46.06,0.0
2026-07-30 13:30:00,INDEX:MMTW,48.54,48.54,41.98,47.14,0.0
2026-07-31 13:30:00,INDEX:MMTW,42.84,46.67,39.37,45.18,0.0
2026-08-03 13:30:00,INDEX:MMTW,53.05,56.81,52.74,56.51,0.0
2026-08-04 13:30:00,INDEX:MMTW,59.98,65.92,59.98,64.44,0.0
2026-08-05 13:30:00,INDEX:MMTW,64.79,65.51,61.2,61.61,0.0
2026-08-06 13:30:00,INDEX:MMTW,62.47,63.59,59.62,60.46,0.0
2026-08-07 13:30:00,INDEX:MMTW,63.27,64.24,62.18,64.12,0.0
2026-08-10 13:30:00,INDEX:MMTW,62.04,62.04,59.5,59.64,0.0
2026-08-11 13:30:00,INDEX:MMTW,62.01,63.13,60.46,60.5,0.0
2026-08-12 13:30:00,INDEX:MMTW,61.37,63.31,60.32,62.19,0.0
2026-08-13 13:30:00,INDEX:MMTW,66.98,67.31,64.42,65.11,0.0
2026-08-14 13:30:00,INDEX:MMTW,65.17,65.88,64.32,65.47,0.0
2026-08-17 13:30:00,INDEX:MMTW,62.96,63.05,59.56,59.57,0.0
2026-08-18 13:30:00,INDEX:MMTW,60.43,60.43,54.78,54.78,0.0
2026-08-19 13:30:00,INDEX:MMTW,59.55,59.55,54.88,54.88,0.0
2026-08-20 13:30:00,INDEX:MMTW,51.29,51.49,48.76,49.07,0.0
2026-08-21 13:30:00,INDEX:MMTW,51.82,52.52,50.35,52.15,0.0
2026-08-24 13:30:00,INDEX:MMTW,51.66,52.49,49.47,49.71,0.0
2026-08-25 13:30:00,INDEX:MMTW,51.92,51.92,49.52,51.25,0.0
2026-08-26 13:30:00,INDEX:MMTW,49.22,51.59,48.59,48.59,0.0
2026-08-27 13:30:00,INDEX:MMTW,46.55,48.45,45.51,46.88,0.0
2026-08-28 13:30:00,INDEX:MMTW,46.49,46.49,42.15,42.41,0.0
2026-08-31 13:30:00,INDEX:MMTW,39.79,39.79,36.87,37.6,0.0
2026-09-01 13:30:00,INDEX:MMTW,34.64,37.48,32.1,32.1,0.0
2026-09-02 13:30:00,INDEX:MMTW,35.89,40.94,35.89,39.16,0.0
2026-09-03 13:30:00,INDEX:MMTW,46.8,46.8,41.24,44.58,0.0
2026-09-04 13:30:00,INDEX:MMTW,40.24,46.06,40.24,45.63,0.0
2026-09-08 13:30:00,INDEX:MMTW,38.89,40.59,35.57,35.57,0.0
2026-09-09 13:30:00,INDEX:MMTW,33.41,33.41,29.09,29.1,0.0
2026-09-10 13:30:00,INDEX:MMTW,25.48,26.51,24.69,26.23,0.0
2026-09-11 13:30:00,INDEX:MMTW,33.37,33.37,28.24,29.94,0.0
