datetime,symbol,open,high,low,close,volume
2006-12-29 14:30:00,INDEX:NDFI,46.0,46.0,46.0,46.0,0.0
2007-01-02 14:30:00,INDEX:NDFI,46.0,46.0,46.0,46.0,0.0
2007-01-03 14:30:00,INDEX:NDFI,52.0,52.0,52.0,52.0,0.0
2007-01-04 14:30:00,INDEX:NDFI,64.0,64.0,64.0,64.0,0.0
2007-01-05 14:30:00,INDEX:NDFI,57.0,57.0,57.0,57.0,0.0
2007-01-08 14:30:00,INDEX:NDFI,61.0,61.0,61.0,61.0,0.0
2007-01-09 14:30:00,INDEX:NDFI,61.0,61.0,61.0,61.0,0.0
2007-01-10 14:30:00,INDEX:NDFI,67.0,67.0,67.0,67.0,0.0
2007-01-11 14:30:00,INDEX:NDFI,72.0,72.0,72.0,72.0,0.0
2007-01-12 14:30:00,INDEX:NDFI,75.0,75.0,75.0,75.0,0.0
2007-01-15 14:30:00,INDEX:NDFI,75.0,75.0,75.0,75.0,0.0
2007-01-16 14:30:00,INDEX:NDFI,73.0,73.0,73.0,73.0,0.0
2007-01-17 14:30:00,INDEX:NDFI,69.0,69.0,69.0,69.0,0.0
2007-01-18 14:30:00,INDEX:NDFI,58.0,58.0,58.0,58.0,0.0
2007-01-19 14:30:00,INDEX:NDFI,59.0,59.0,59.0,59.0,0.0
2007-01-22 14:30:00,INDEX:NDFI,48.0,48.0,48.0,48.0,0.0
2007-01-23 14:30:00,INDEX:NDFI,49.0,49.0,49.0,49.0,0.0
2007-01-24 14:30:00,INDEX:NDFI,56.0,56.0,56.0,56.0,0.0
2007-01-25 14:30:00,INDEX:NDFI,50.0,50.0,50.0,50.0,0.0
2007-01-26 14:30:00,INDEX:NDFI,48.0,48.0,48.0,48.0,0.0
2007-01-29 14:30:00,INDEX:NDFI,50.0,50.0,50.0,50.0,0.0
2007-01-30 14:30:00,INDEX:NDFI,48.0,48.0,48.0,48.0,0.0
2007-01-31 14:30:00,INDEX:NDFI,56.0,56.0,56.0,56.0,0.0
2007-02-01 14:30:00,INDEX:NDFI,61.0,61.0,61.0,61.0,0.0
2007-02-02 14:30:00,INDEX:NDFI,62.0,62.0,62.0,62.0,0.0
2007-02-05 14:30:00,INDEX:NDFI,58.0,58.0,58.0,58.0,0.0
2007-02-06 14:30:00,INDEX:NDFI,58.0,58.0,58.0,58.0,0.0
2007-02-07 14:30:00,INDEX:NDFI,67.0,67.0,67.0,67.0,0.0
2007-02-08 14:30:00,INDEX:NDFI,69.0,69.0,69.0,69.0,0.0
2007-02-09 14:30:00,INDEX:NDFI,65.0,65.0,65.0,65.0,0.0
2007-02-12 14:30:00,INDEX:NDFI,56.0,56.0,56.0,56.0,0.0
2007-02-13 14:30:00,INDEX:NDFI,57.0,57.0,57.0,57.0,0.0
2007-02-14 14:30:00,INDEX:NDFI,69.0,69.0,69.0,69.0,0.0
2007-02-15 14:30:00,INDEX:NDFI,69.0,69.0,69.0,69.0,0.0
2007-02-16 14:30:00,INDEX:NDFI,71.0,71.0,71.0,71.0,0.0
2007-02-19 14:30:00,INDEX:NDFI,71.0,71.0,71.0,71.0,0.0
2007-02-20 14:30:00,INDEX:NDFI,75.0,75.0,75.0,75.0,0.0
2007-02-21 14:30:00,INDEX:NDFI,74.0,74.0,74.0,74.0,0.0
2007-02-22 14:30:00,INDEX:NDFI,76.0,76.0,76.0,76.0,0.0
2007-02-23 14:30:00,INDEX:NDFI,76.0,76.0,76.0,76.0,0.0
2007-02-26 14:30:00,INDEX:NDFI,73.0,73.0,73.0,73.0,0.0
2007-02-27 14:30:00,INDEX:NDFI,49.0,49.0,49.0,49.0,0.0
2007-02-28 14:30:00,INDEX:NDFI,53.0,53.0,53.0,53.0,0.0
2007-03-01 14:30:00,INDEX:NDFI,48.0,48.0,48.0,48.0,0.0
2007-03-02 14:30:00,INDEX:NDFI,35.0,35.0,35.0,35.0,0.0
2007-03-05 14:30:00,INDEX:NDFI,30.0,30.0,30.0,30.0,0.0
2007-03-06 14:30:00,INDEX:NDFI,38.0,38.0,38.0,38.0,0.0
2007-03-07 14:30:00,INDEX:NDFI,37.0,37.0,37.0,37.0,0.0
2007-03-08 14:30:00,INDEX:NDFI,38.0,38.0,38.0,38.0,0.0
2007-03-09 14:30:00,INDEX:NDFI,43.0,43.0,43.0,43.0,0.0
2007-03-12 13:30:00,INDEX:NDFI,48.0,48.0,48.0,48.0,0.0
2007-03-13 13:30:00,INDEX:NDFI,29.0,29.0,29.0,29.0,0.0
2007-03-14 13:30:00,INDEX:NDFI,33.0,33.0,33.0,33.0,0.0
2007-03-15 13:30:00,INDEX:NDFI,35.0,35.0,35.0,35.0,0.0
2007-03-16 13:30:00,INDEX:NDFI,36.0,36.0,36.0,36.0,0.0
2007-03-19 13:30:00,INDEX:NDFI,40.0,40.0,40.0,40.0,0.0
2007-03-20 13:30:00,INDEX:NDFI,43.0,43.0,43.0,43.0,0.0
2007-03-21 13:30:00,INDEX:NDFI,63.0,63.0,63.0,63.0,0.0
2007-03-22 13:30:00,INDEX:NDFI,55.0,55.0,55.0,55.0,0.0
2007-03-23 13:30:00,INDEX:NDFI,61.0,61.0,61.0,61.0,0.0
2007-03-26 13:30:00,INDEX:NDFI,60.0,60.0,60.0,60.0,0.0
2007-03-27 13:30:00,INDEX:NDFI,58.0,58.0,58.0,58.0,0.0
2007-03-28 13:30:00,INDEX:NDFI,52.0,52.0,52.0,52.0,0.0
2007-03-29 13:30:00,INDEX:NDFI,48.0,48.0,48.0,48.0,0.0
2007-03-30 13:30:00,INDEX:NDFI,49.0,49.0,49.0,49.0,0.0
2007-04-02 13:30:00,INDEX:NDFI,47.0,47.0,47.0,47.0,0.0
2007-04-03 13:30:00,INDEX:NDFI,54.0,54.0,54.0,54.0,0.0
2007-04-04 13:30:00,INDEX:NDFI,52.0,52.0,52.0,52.0,0.0
2007-04-05 13:30:00,INDEX:NDFI,57.0,57.0,57.0,57.0,0.0
2007-04-06 13:30:00,INDEX:NDFI,57.0,57.0,57.0,57.0,0.0
2007-04-09 13:30:00,INDEX:NDFI,61.0,61.0,61.0,61.0,0.0
2007-04-10 13:30:00,INDEX:NDFI,59.0,59.0,59.0,59.0,0.0
2007-04-11 13:30:00,INDEX:NDFI,57.0,57.0,57.0,57.0,0.0
2007-04-12 13:30:00,INDEX:NDFI,63.0,63.0,63.0,63.0,0.0
2007-04-13 13:30:00,INDEX:NDFI,64.0,64.0,64.0,64.0,0.0
2007-04-16 13:30:00,INDEX:NDFI,70.0,70.0,70.0,70.0,0.0
2007-04-17 13:30:00,INDEX:NDFI,73.0,73.0,73.0,73.0,0.0
2007-04-18 13:30:00,INDEX:NDFI,74.0,74.0,74.0,74.0,0.0
2007-04-19 13:30:00,INDEX:NDFI,75.0,75.0,75.0,75.0,0.0
2007-04-20 13:30:00,INDEX:NDFI,77.0,77.0,77.0,77.0,0.0
2007-04-23 13:30:00,INDEX:NDFI,78.0,78.0,78.0,78.0,0.0
2007-04-24 13:30:00,INDEX:NDFI,79.0,79.0,79.0,79.0,0.0
2007-04-25 13:30:00,INDEX:NDFI,82.0,82.0,82.0,82.0,0.0
2007-04-26 13:30:00,INDEX:NDFI,84.0,84.0,84.0,84.0,0.0
2007-04-27 13:30:00,INDEX:NDFI,82.0,82.0,82.0,82.0,0.0
2007-04-30 13:30:00,INDEX:NDFI,74.0,74.0,74.0,74.0,0.0
2007-05-01 13:30:00,INDEX:NDFI,71.0,71.0,71.0,71.0,0.0
2007-05-02 13:30:00,INDEX:NDFI,77.0,77.0,77.0,77.0,0.0
2007-05-03 13:30:00,INDEX:NDFI,76.0,76.0,76.0,76.0,0.0
2007-05-04 13:30:00,INDEX:NDFI,78.0,78.0,78.0,78.0,0.0
2007-05-07 13:30:00,INDEX:NDFI,80.0,80.0,80.0,80.0,0.0
2007-05-08 13:30:00,INDEX:NDFI,81.0,81.0,81.0,81.0,0.0
2007-05-09 13:30:00,INDEX:NDFI,83.0,83.0,83.0,83.0,0.0
2007-05-10 13:30:00,INDEX:NDFI,68.0,68.0,68.0,68.0,0.0
2007-05-11 13:30:00,INDEX:NDFI,77.0,77.0,77.0,77.0,0.0
2007-05-14 13:30:00,INDEX:NDFI,69.0,69.0,69.0,69.0,0.0
2007-05-15 13:30:00,INDEX:NDFI,63.0,63.0,63.0,63.0,0.0
2007-05-16 13:30:00,INDEX:NDFI,70.0,70.0,70.0,70.0,0.0
2007-05-17 13:30:00,INDEX:NDFI,67.0,67.0,67.0,67.0,0.0
2007-05-18 13:30:00,INDEX:NDFI,69.0,69.0,69.0,69.0,0.0
2007-05-21 13:30:00,INDEX:NDFI,73.0,73.0,73.0,73.0,0.0
2007-05-22 13:30:00,INDEX:NDFI,74.0,74.0,74.0,74.0,0.0
2007-05-23 13:30:00,INDEX:NDFI,71.0,71.0,71.0,71.0,0.0
2007-05-24 13:30:00,INDEX:NDFI,60.0,60.0,60.0,60.0,0.0
2007-05-25 13:30:00,INDEX:NDFI,62.0,62.0,62.0,62.0,0.0
2007-05-28 13:30:00,INDEX:NDFI,62.0,62.0,62.0,62.0,0.0
2007-05-29 13:30:00,INDEX:NDFI,65.0,65.0,65.0,65.0,0.0
2007-05-30 13:30:00,INDEX:NDFI,65.0,65.0,65.0,65.0,0.0
2007-05-31 13:30:00,INDEX:NDFI,68.0,68.0,68.0,68.0,0.0
2007-06-01 13:30:00,INDEX:NDFI,70.0,70.0,70.0,70.0,0.0
2007-06-04 13:30:00,INDEX:NDFI,69.0,69.0,69.0,69.0,0.0
2007-06-05 13:30:00,INDEX:NDFI,63.0,63.0,63.0,63.0,0.0
2007-06-06 13:30:00,INDEX:NDFI,59.0,59.0,59.0,59.0,0.0
2007-06-07 13:30:00,INDEX:NDFI,47.0,47.0,47.0,47.0,0.0
2007-06-08 13:30:00,INDEX:NDFI,53.0,53.0,53.0,53.0,0.0
2007-06-11 13:30:00,INDEX:NDFI,54.0,54.0,54.0,54.0,0.0
2007-06-12 13:30:00,INDEX:NDFI,46.0,46.0,46.0,46.0,0.0
2007-06-13 13:30:00,INDEX:NDFI,57.0,57.0,57.0,57.0,0.0
2007-06-14 13:30:00,INDEX:NDFI,64.0,64.0,64.0,64.0,0.0
2007-06-15 13:30:00,INDEX:NDFI,68.0,68.0,68.0,68.0,0.0
2007-06-18 13:30:00,INDEX:NDFI,66.0,66.0,66.0,66.0,0.0
2007-06-19 13:30:00,INDEX:NDFI,65.0,65.0,65.0,65.0,0.0
2007-06-20 13:30:00,INDEX:NDFI,59.0,59.0,59.0,59.0,0.0
2007-06-21 13:30:00,INDEX:NDFI,66.0,66.0,66.0,66.0,0.0
2007-06-22 13:30:00,INDEX:NDFI,59.0,59.0,59.0,59.0,0.0
2007-06-25 13:30:00,INDEX:NDFI,54.0,54.0,54.0,54.0,0.0
2007-06-26 13:30:00,INDEX:NDFI,54.0,54.0,54.0,54.0,0.0
2007-06-27 13:30:00,INDEX:NDFI,58.0,58.0,58.0,58.0,0.0
2007-06-28 13:30:00,INDEX:NDFI,59.0,59.0,59.0,59.0,0.0
2007-06-29 13:30:00,INDEX:NDFI,56.0,56.0,56.0,56.0,0.0
2007-07-02 13:30:00,INDEX:NDFI,61.0,61.0,61.0,61.0,0.0
2007-07-03 13:30:00,INDEX:NDFI,61.0,61.0,61.0,61.0,0.0
2007-07-04 13:30:00,INDEX:NDFI,61.0,61.0,61.0,61.0,0.0
2007-07-05 13:30:00,INDEX:NDFI,62.0,62.0,62.0,62.0,0.0
2007-07-06 13:30:00,INDEX:NDFI,67.0,67.0,67.0,67.0,0.0
2007-07-09 13:30:00,INDEX:NDFI,66.0,66.0,66.0,66.0,0.0
2007-07-10 13:30:00,INDEX:NDFI,63.0,63.0,63.0,63.0,0.0
2007-07-11 13:30:00,INDEX:NDFI,68.0,68.0,68.0,68.0,0.0
2007-07-12 13:30:00,INDEX:NDFI,74.0,74.0,74.0,74.0,0.0
2007-07-13 13:30:00,INDEX:NDFI,75.0,75.0,75.0,75.0,0.0
2007-07-16 13:30:00,INDEX:NDFI,72.0,72.0,72.0,72.0,0.0
2007-07-17 13:30:00,INDEX:NDFI,75.0,75.0,75.0,75.0,0.0
2007-07-18 13:30:00,INDEX:NDFI,75.0,75.0,75.0,75.0,0.0
2007-07-19 13:30:00,INDEX:NDFI,81.0,81.0,81.0,81.0,0.0
2007-07-20 13:30:00,INDEX:NDFI,73.0,73.0,73.0,73.0,0.0
2007-07-23 13:30:00,INDEX:NDFI,74.0,74.0,74.0,74.0,0.0
2007-07-24 13:30:00,INDEX:NDFI,68.0,68.0,68.0,68.0,0.0
2007-07-25 13:30:00,INDEX:NDFI,68.0,68.0,68.0,68.0,0.0
2007-07-26 13:30:00,INDEX:NDFI,53.0,53.0,53.0,53.0,0.0
2007-07-27 13:30:00,INDEX:NDFI,41.0,41.0,41.0,41.0,0.0
2007-07-30 13:30:00,INDEX:NDFI,45.0,45.0,45.0,45.0,0.0
2007-07-31 13:30:00,INDEX:NDFI,40.0,40.0,40.0,40.0,0.0
2007-08-01 13:30:00,INDEX:NDFI,43.0,43.0,43.0,43.0,0.0
2007-08-02 13:30:00,INDEX:NDFI,51.0,51.0,51.0,51.0,0.0
2007-08-03 13:30:00,INDEX:NDFI,43.0,43.0,43.0,43.0,0.0
2007-08-06 13:30:00,INDEX:NDFI,49.0,49.0,49.0,49.0,0.0
2007-08-07 13:30:00,INDEX:NDFI,53.0,53.0,53.0,53.0,0.0
2007-08-08 13:30:00,INDEX:NDFI,61.0,61.0,61.0,61.0,0.0
2007-08-09 13:30:00,INDEX:NDFI,49.0,49.0,49.0,49.0,0.0
2007-08-10 13:30:00,INDEX:NDFI,46.0,46.0,46.0,46.0,0.0
2007-08-13 13:30:00,INDEX:NDFI,44.0,44.0,44.0,44.0,0.0
2007-08-14 13:30:00,INDEX:NDFI,41.0,41.0,41.0,41.0,0.0
2007-08-15 13:30:00,INDEX:NDFI,30.0,30.0,30.0,30.0,0.0
2007-08-16 13:30:00,INDEX:NDFI,25.0,25.0,25.0,25.0,0.0
2007-08-17 13:30:00,INDEX:NDFI,31.0,31.0,31.0,31.0,0.0
2007-08-20 13:30:00,INDEX:NDFI,35.0,35.0,35.0,35.0,0.0
2007-08-21 13:30:00,INDEX:NDFI,35.0,35.0,35.0,35.0,0.0
2007-08-22 13:30:00,INDEX:NDFI,46.0,46.0,46.0,46.0,0.0
2007-08-23 13:30:00,INDEX:NDFI,43.0,43.0,43.0,43.0,0.0
2007-08-24 13:30:00,INDEX:NDFI,49.0,49.0,49.0,49.0,0.0
2007-08-27 13:30:00,INDEX:NDFI,48.0,48.0,48.0,48.0,0.0
2007-08-28 13:30:00,INDEX:NDFI,31.0,31.0,31.0,31.0,0.0
2007-08-29 13:30:00,INDEX:NDFI,50.0,50.0,50.0,50.0,0.0
2007-08-30 13:30:00,INDEX:NDFI,47.0,47.0,47.0,47.0,0.0
2007-08-31 13:30:00,INDEX:NDFI,56.0,56.0,56.0,56.0,0.0
2007-09-03 13:30:00,INDEX:NDFI,56.0,56.0,56.0,56.0,0.0
2007-09-04 13:30:00,INDEX:NDFI,63.0,63.0,63.0,63.0,0.0
2007-09-05 13:30:00,INDEX:NDFI,59.0,59.0,59.0,59.0,0.0
2007-09-06 13:30:00,INDEX:NDFI,61.0,61.0,61.0,61.0,0.0
2007-09-07 13:30:00,INDEX:NDFI,45.0,45.0,45.0,45.0,0.0
2007-09-10 13:30:00,INDEX:NDFI,45.0,45.0,45.0,45.0,0.0
2007-09-11 13:30:00,INDEX:NDFI,54.0,54.0,54.0,54.0,0.0
2007-09-12 13:30:00,INDEX:NDFI,52.0,52.0,52.0,52.0,0.0
2007-09-13 13:30:00,INDEX:NDFI,52.0,52.0,52.0,52.0,0.0
2007-09-14 13:30:00,INDEX:NDFI,53.0,53.0,53.0,53.0,0.0
2007-09-17 13:30:00,INDEX:NDFI,51.0,51.0,51.0,51.0,0.0
2007-09-18 13:30:00,INDEX:NDFI,66.0,66.0,66.0,66.0,0.0
2007-09-19 13:30:00,INDEX:NDFI,70.0,70.0,70.0,70.0,0.0
2007-09-20 13:30:00,INDEX:NDFI,68.0,68.0,68.0,68.0,0.0
2007-09-21 13:30:00,INDEX:NDFI,70.0,70.0,70.0,70.0,0.0
2007-09-24 13:30:00,INDEX:NDFI,66.0,66.0,66.0,66.0,0.0
2007-09-25 13:30:00,INDEX:NDFI,69.0,69.0,69.0,69.0,0.0
2007-09-26 13:30:00,INDEX:NDFI,75.0,75.0,75.0,75.0,0.0
2007-09-27 13:30:00,INDEX:NDFI,77.0,77.0,77.0,77.0,0.0
2007-09-28 13:30:00,INDEX:NDFI,76.0,76.0,76.0,76.0,0.0
2007-10-01 13:30:00,INDEX:NDFI,84.0,84.0,84.0,84.0,0.0
2007-10-02 13:30:00,INDEX:NDFI,84.0,84.0,84.0,84.0,0.0
2007-10-03 13:30:00,INDEX:NDFI,83.0,83.0,83.0,83.0,0.0
2007-10-04 13:30:00,INDEX:NDFI,81.0,81.0,81.0,81.0,0.0
2007-10-05 13:30:00,INDEX:NDFI,84.0,84.0,84.0,84.0,0.0
2007-10-08 13:30:00,INDEX:NDFI,87.0,87.0,87.0,87.0,0.0
2007-10-09 13:30:00,INDEX:NDFI,84.0,84.0,84.0,84.0,0.0
2007-10-10 13:30:00,INDEX:NDFI,85.0,85.0,85.0,85.0,0.0
2007-10-11 13:30:00,INDEX:NDFI,79.0,79.0,79.0,79.0,0.0
2007-10-12 13:30:00,INDEX:NDFI,81.0,81.0,81.0,81.0,0.0
2007-10-15 13:30:00,INDEX:NDFI,78.0,78.0,78.0,78.0,0.0
2007-10-16 13:30:00,INDEX:NDFI,77.0,77.0,77.0,77.0,0.0
2007-10-17 13:30:00,INDEX:NDFI,78.0,78.0,78.0,78.0,0.0
2007-10-18 13:30:00,INDEX:NDFI,78.0,78.0,78.0,78.0,0.0
2007-10-19 13:30:00,INDEX:NDFI,68.0,68.0,68.0,68.0,0.0
2007-10-22 13:30:00,INDEX:NDFI,72.0,72.0,72.0,72.0,0.0
2007-10-23 13:30:00,INDEX:NDFI,72.0,72.0,72.0,72.0,0.0
2007-10-24 13:30:00,INDEX:NDFI,68.0,68.0,68.0,68.0,0.0
2007-10-25 13:30:00,INDEX:NDFI,61.0,61.0,61.0,61.0,0.0
2007-10-26 13:30:00,INDEX:NDFI,64.0,64.0,64.0,64.0,0.0
2007-10-29 13:30:00,INDEX:NDFI,66.0,66.0,66.0,66.0,0.0
2007-10-30 13:30:00,INDEX:NDFI,64.0,64.0,64.0,64.0,0.0
2007-10-31 13:30:00,INDEX:NDFI,68.0,68.0,68.0,68.0,0.0
2007-11-01 13:30:00,INDEX:NDFI,58.0,58.0,58.0,58.0,0.0
2007-11-02 13:30:00,INDEX:NDFI,59.0,59.0,59.0,59.0,0.0
2007-11-05 14:30:00,INDEX:NDFI,56.0,56.0,56.0,56.0,0.0
2007-11-06 14:30:00,INDEX:NDFI,58.0,58.0,58.0,58.0,0.0
2007-11-07 14:30:00,INDEX:NDFI,52.0,52.0,52.0,52.0,0.0
2007-11-08 14:30:00,INDEX:NDFI,43.0,43.0,43.0,43.0,0.0
2007-11-09 14:30:00,INDEX:NDFI,37.0,37.0,37.0,37.0,0.0
2007-11-12 14:30:00,INDEX:NDFI,28.0,28.0,28.0,28.0,0.0
2007-11-13 14:30:00,INDEX:NDFI,39.0,39.0,39.0,39.0,0.0
2007-11-14 14:30:00,INDEX:NDFI,34.0,34.0,34.0,34.0,0.0
2007-11-15 14:30:00,INDEX:NDFI,30.0,30.0,30.0,30.0,0.0
2007-11-16 14:30:00,INDEX:NDFI,34.0,34.0,34.0,34.0,0.0
2007-11-19 14:30:00,INDEX:NDFI,26.0,26.0,26.0,26.0,0.0
2007-11-20 14:30:00,INDEX:NDFI,25.0,25.0,25.0,25.0,0.0
2007-11-21 14:30:00,INDEX:NDFI,23.0,23.0,23.0,23.0,0.0
2007-11-22 14:30:00,INDEX:NDFI,23.0,23.0,23.0,23.0,0.0
2007-11-23 14:30:00,INDEX:NDFI,22.0,22.0,22.0,22.0,0.0
2007-11-26 14:30:00,INDEX:NDFI,21.0,21.0,21.0,21.0,0.0
2007-11-27 14:30:00,INDEX:NDFI,25.0,25.0,25.0,25.0,0.0
2007-11-28 14:30:00,INDEX:NDFI,39.0,39.0,39.0,39.0,0.0
2007-11-29 14:30:00,INDEX:NDFI,42.0,42.0,42.0,42.0,0.0
2007-11-30 14:30:00,INDEX:NDFI,42.0,42.0,42.0,42.0,0.0
2007-12-03 14:30:00,INDEX:NDFI,40.0,40.0,40.0,40.0,0.0
2007-12-04 14:30:00,INDEX:NDFI,37.0,37.0,37.0,37.0,0.0
2007-12-05 14:30:00,INDEX:NDFI,43.0,43.0,43.0,43.0,0.0
2007-12-06 14:30:00,INDEX:NDFI,50.0,50.0,50.0,50.0,0.0
2007-12-07 14:30:00,INDEX:NDFI,49.0,49.0,49.0,49.0,0.0
2007-12-10 14:30:00,INDEX:NDFI,52.0,52.0,52.0,52.0,0.0
2007-12-11 14:30:00,INDEX:NDFI,42.0,42.0,42.0,42.0,0.0
2007-12-12 14:30:00,INDEX:NDFI,45.0,45.0,45.0,45.0,0.0
2007-12-13 14:30:00,INDEX:NDFI,42.0,42.0,42.0,42.0,0.0
2007-12-14 14:30:00,INDEX:NDFI,42.0,42.0,42.0,42.0,0.0
2007-12-17 14:30:00,INDEX:NDFI,31.0,31.0,31.0,31.0,0.0
2007-12-18 14:30:00,INDEX:NDFI,32.0,32.0,32.0,32.0,0.0
2007-12-19 14:30:00,INDEX:NDFI,34.0,34.0,34.0,34.0,0.0
2007-12-20 14:30:00,INDEX:NDFI,40.0,40.0,40.0,40.0,0.0
2007-12-21 14:30:00,INDEX:NDFI,50.0,50.0,50.0,50.0,0.0
2007-12-24 14:30:00,INDEX:NDFI,47.0,47.0,47.0,47.0,0.0
2007-12-26 14:30:00,INDEX:NDFI,53.0,53.0,53.0,53.0,0.0
2007-12-27 14:30:00,INDEX:NDFI,43.0,43.0,43.0,43.0,0.0
2007-12-28 14:30:00,INDEX:NDFI,46.0,46.0,46.0,46.0,0.0
2007-12-31 14:30:00,INDEX:NDFI,43.0,43.0,43.0,43.0,0.0
2008-01-02 14:30:00,INDEX:NDFI,33.0,33.0,33.0,33.0,0.0
2008-01-03 14:30:00,INDEX:NDFI,30.0,30.0,30.0,30.0,0.0
2008-01-04 14:30:00,INDEX:NDFI,16.0,16.0,16.0,16.0,0.0
2008-01-07 14:30:00,INDEX:NDFI,19.0,19.0,19.0,19.0,0.0
2008-01-08 14:30:00,INDEX:NDFI,16.0,16.0,16.0,16.0,0.0
2008-01-09 14:30:00,INDEX:NDFI,19.0,19.0,19.0,19.0,0.0
2008-01-10 14:30:00,INDEX:NDFI,22.0,22.0,22.0,22.0,0.0
2008-01-11 14:30:00,INDEX:NDFI,14.0,14.0,14.0,14.0,0.0
2008-01-14 14:30:00,INDEX:NDFI,20.0,20.0,20.0,20.0,0.0
2008-01-15 14:30:00,INDEX:NDFI,16.0,16.0,16.0,16.0,0.0
2008-01-16 14:30:00,INDEX:NDFI,15.0,15.0,15.0,15.0,0.0
2008-01-17 14:30:00,INDEX:NDFI,13.0,13.0,13.0,13.0,0.0
2008-01-18 14:30:00,INDEX:NDFI,14.0,14.0,14.0,14.0,0.0
2008-01-21 14:30:00,INDEX:NDFI,14.0,14.0,14.0,14.0,0.0
2008-01-22 14:30:00,INDEX:NDFI,8.0,8.0,8.0,8.0,0.0
2008-01-23 14:30:00,INDEX:NDFI,15.0,15.0,15.0,15.0,0.0
2008-01-24 14:30:00,INDEX:NDFI,13.0,13.0,13.0,13.0,0.0
2008-01-25 14:30:00,INDEX:NDFI,9.0,9.0,9.0,9.0,0.0
2008-01-28 14:30:00,INDEX:NDFI,19.0,19.0,19.0,19.0,0.0
2008-01-29 14:30:00,INDEX:NDFI,17.0,17.0,17.0,17.0,0.0
2008-01-30 14:30:00,INDEX:NDFI,19.0,19.0,19.0,19.0,0.0
2008-01-31 14:30:00,INDEX:NDFI,28.0,28.0,28.0,28.0,0.0
2008-02-01 14:30:00,INDEX:NDFI,44.0,44.0,44.0,44.0,0.0
2008-02-04 14:30:00,INDEX:NDFI,41.0,41.0,41.0,41.0,0.0
2008-02-05 14:30:00,INDEX:NDFI,25.0,25.0,25.0,25.0,0.0
2008-02-06 14:30:00,INDEX:NDFI,15.0,15.0,15.0,15.0,0.0
2008-02-07 14:30:00,INDEX:NDFI,21.0,21.0,21.0,21.0,0.0
2008-02-08 14:30:00,INDEX:NDFI,22.0,22.0,22.0,22.0,0.0
2008-02-11 14:30:00,INDEX:NDFI,30.0,30.0,30.0,30.0,0.0
2008-02-12 14:30:00,INDEX:NDFI,28.0,28.0,28.0,28.0,0.0
2008-02-13 14:30:00,INDEX:NDFI,39.0,39.0,39.0,39.0,0.0
2008-02-14 14:30:00,INDEX:NDFI,33.0,33.0,33.0,33.0,0.0
2008-02-15 14:30:00,INDEX:NDFI,29.0,29.0,29.0,29.0,0.0
2008-02-18 14:30:00,INDEX:NDFI,29.0,29.0,29.0,29.0,0.0
2008-02-19 14:30:00,INDEX:NDFI,25.0,25.0,25.0,25.0,0.0
2008-02-20 14:30:00,INDEX:NDFI,32.0,32.0,32.0,32.0,0.0
2008-02-21 14:30:00,INDEX:NDFI,31.0,31.0,31.0,31.0,0.0
2008-02-22 14:30:00,INDEX:NDFI,33.0,33.0,33.0,33.0,0.0
2008-02-25 14:30:00,INDEX:NDFI,39.0,39.0,39.0,39.0,0.0
2008-02-26 14:30:00,INDEX:NDFI,43.0,43.0,43.0,43.0,0.0
2008-02-27 14:30:00,INDEX:NDFI,46.0,46.0,46.0,46.0,0.0
2008-02-28 14:30:00,INDEX:NDFI,38.0,38.0,38.0,38.0,0.0
2008-02-29 14:30:00,INDEX:NDFI,27.0,27.0,27.0,27.0,0.0
2008-03-03 14:30:00,INDEX:NDFI,28.0,28.0,28.0,28.0,0.0
2008-03-04 14:30:00,INDEX:NDFI,30.0,30.0,30.0,30.0,0.0
2008-03-05 14:30:00,INDEX:NDFI,38.0,38.0,38.0,38.0,0.0
2008-03-06 14:30:00,INDEX:NDFI,24.0,24.0,24.0,24.0,0.0
2008-03-07 14:30:00,INDEX:NDFI,21.0,21.0,21.0,21.0,0.0
2008-03-10 13:30:00,INDEX:NDFI,17.0,17.0,17.0,17.0,0.0
2008-03-11 13:30:00,INDEX:NDFI,30.0,30.0,30.0,30.0,0.0
2008-03-12 13:30:00,INDEX:NDFI,29.0,29.0,29.0,29.0,0.0
2008-03-13 13:30:00,INDEX:NDFI,35.0,35.0,35.0,35.0,0.0
2008-03-14 13:30:00,INDEX:NDFI,29.0,29.0,29.0,29.0,0.0
2008-03-17 13:30:00,INDEX:NDFI,20.0,20.0,20.0,20.0,0.0
2008-03-18 13:30:00,INDEX:NDFI,41.0,41.0,41.0,41.0,0.0
2008-03-19 13:30:00,INDEX:NDFI,34.0,34.0,34.0,34.0,0.0
2008-03-20 13:30:00,INDEX:NDFI,42.0,42.0,42.0,42.0,0.0
2008-03-21 13:30:00,INDEX:NDFI,42.0,42.0,42.0,42.0,0.0
2008-03-24 13:30:00,INDEX:NDFI,56.0,56.0,56.0,56.0,0.0
2008-03-25 13:30:00,INDEX:NDFI,60.0,60.0,60.0,60.0,0.0
2008-03-26 13:30:00,INDEX:NDFI,56.0,56.0,56.0,56.0,0.0
2008-03-27 13:30:00,INDEX:NDFI,47.0,47.0,47.0,47.0,0.0
2008-03-28 13:30:00,INDEX:NDFI,44.0,44.0,44.0,44.0,0.0
2008-03-31 13:30:00,INDEX:NDFI,48.0,48.0,48.0,48.0,0.0
2008-04-01 13:30:00,INDEX:NDFI,71.0,71.0,71.0,71.0,0.0
2008-04-02 13:30:00,INDEX:NDFI,71.0,71.0,71.0,71.0,0.0
2008-04-03 13:30:00,INDEX:NDFI,70.0,70.0,70.0,70.0,0.0
2008-04-04 13:30:00,INDEX:NDFI,71.0,71.0,71.0,71.0,0.0
2008-04-07 13:30:00,INDEX:NDFI,69.0,69.0,69.0,69.0,0.0
2008-04-08 13:30:00,INDEX:NDFI,61.0,61.0,61.0,61.0,0.0
2008-04-09 13:30:00,INDEX:NDFI,60.0,60.0,60.0,60.0,0.0
2008-04-10 13:30:00,INDEX:NDFI,64.0,64.0,64.0,64.0,0.0
2008-04-11 13:30:00,INDEX:NDFI,54.0,54.0,54.0,54.0,0.0
2008-04-14 13:30:00,INDEX:NDFI,51.0,51.0,51.0,51.0,0.0
2008-04-15 13:30:00,INDEX:NDFI,50.0,50.0,50.0,50.0,0.0
2008-04-16 13:30:00,INDEX:NDFI,66.0,66.0,66.0,66.0,0.0
2008-04-17 13:30:00,INDEX:NDFI,63.0,63.0,63.0,63.0,0.0
2008-04-18 13:30:00,INDEX:NDFI,77.0,77.0,77.0,77.0,0.0
2008-04-21 13:30:00,INDEX:NDFI,73.0,73.0,73.0,73.0,0.0
2008-04-22 13:30:00,INDEX:NDFI,68.0,68.0,68.0,68.0,0.0
2008-04-23 13:30:00,INDEX:NDFI,73.0,73.0,73.0,73.0,0.0
2008-04-24 13:30:00,INDEX:NDFI,74.0,74.0,74.0,74.0,0.0
2008-04-25 13:30:00,INDEX:NDFI,76.0,76.0,76.0,76.0,0.0
2008-04-28 13:30:00,INDEX:NDFI,77.0,77.0,77.0,77.0,0.0
2008-04-29 13:30:00,INDEX:NDFI,76.0,76.0,76.0,76.0,0.0
2008-04-30 13:30:00,INDEX:NDFI,70.0,70.0,70.0,70.0,0.0
2008-05-01 13:30:00,INDEX:NDFI,83.0,83.0,83.0,83.0,0.0
2008-05-02 13:30:00,INDEX:NDFI,85.0,85.0,85.0,85.0,0.0
2008-05-05 13:30:00,INDEX:NDFI,84.0,84.0,84.0,84.0,0.0
2008-05-06 13:30:00,INDEX:NDFI,81.0,81.0,81.0,81.0,0.0
2008-05-07 13:30:00,INDEX:NDFI,75.0,75.0,75.0,75.0,0.0
2008-05-08 13:30:00,INDEX:NDFI,78.0,78.0,78.0,78.0,0.0
2008-05-09 13:30:00,INDEX:NDFI,75.0,75.0,75.0,75.0,0.0
2008-05-12 13:30:00,INDEX:NDFI,83.0,83.0,83.0,83.0,0.0
2008-05-13 13:30:00,INDEX:NDFI,80.0,80.0,80.0,80.0,0.0
2008-05-14 13:30:00,INDEX:NDFI,84.0,84.0,84.0,84.0,0.0
2008-05-15 13:30:00,INDEX:NDFI,85.0,85.0,85.0,85.0,0.0
2008-05-16 13:30:00,INDEX:NDFI,84.0,84.0,84.0,84.0,0.0
2008-05-19 13:30:00,INDEX:NDFI,82.0,82.0,82.0,82.0,0.0
2008-05-20 13:30:00,INDEX:NDFI,77.0,77.0,77.0,77.0,0.0
2008-05-21 13:30:00,INDEX:NDFI,68.0,68.0,68.0,68.0,0.0
2008-05-22 13:30:00,INDEX:NDFI,69.0,69.0,69.0,69.0,0.0
2008-05-23 13:30:00,INDEX:NDFI,65.0,65.0,65.0,65.0,0.0
2008-05-26 13:30:00,INDEX:NDFI,65.0,65.0,65.0,65.0,0.0
2008-05-27 13:30:00,INDEX:NDFI,70.0,70.0,70.0,70.0,0.0
2008-05-28 13:30:00,INDEX:NDFI,74.0,74.0,74.0,74.0,0.0
2008-05-29 13:30:00,INDEX:NDFI,76.0,76.0,76.0,76.0,0.0
2008-05-30 13:30:00,INDEX:NDFI,75.0,75.0,75.0,75.0,0.0
2008-06-02 13:30:00,INDEX:NDFI,67.0,67.0,67.0,67.0,0.0
2008-06-03 13:30:00,INDEX:NDFI,68.0,68.0,68.0,68.0,0.0
2008-06-04 13:30:00,INDEX:NDFI,73.0,73.0,73.0,73.0,0.0
2008-06-05 13:30:00,INDEX:NDFI,79.0,79.0,79.0,79.0,0.0
2008-06-06 13:30:00,INDEX:NDFI,62.0,62.0,62.0,62.0,0.0
2008-06-09 13:30:00,INDEX:NDFI,57.0,57.0,57.0,57.0,0.0
2008-06-10 13:30:00,INDEX:NDFI,55.0,55.0,55.0,55.0,0.0
2008-06-11 13:30:00,INDEX:NDFI,45.0,45.0,45.0,45.0,0.0
2008-06-12 13:30:00,INDEX:NDFI,42.0,42.0,42.0,42.0,0.0
2008-06-13 13:30:00,INDEX:NDFI,51.0,51.0,51.0,51.0,0.0
2008-06-16 13:30:00,INDEX:NDFI,53.0,53.0,53.0,53.0,0.0
2008-06-17 13:30:00,INDEX:NDFI,49.0,49.0,49.0,49.0,0.0
2008-06-18 13:30:00,INDEX:NDFI,43.0,43.0,43.0,43.0,0.0
2008-06-19 13:30:00,INDEX:NDFI,48.0,48.0,48.0,48.0,0.0
2008-06-20 13:30:00,INDEX:NDFI,37.0,37.0,37.0,37.0,0.0
2008-06-23 13:30:00,INDEX:NDFI,35.0,35.0,35.0,35.0,0.0
2008-06-24 13:30:00,INDEX:NDFI,31.0,31.0,31.0,31.0,0.0
2008-06-25 13:30:00,INDEX:NDFI,37.0,37.0,37.0,37.0,0.0
2008-06-26 13:30:00,INDEX:NDFI,16.0,16.0,16.0,16.0,0.0
2008-06-27 13:30:00,INDEX:NDFI,15.0,15.0,15.0,15.0,0.0
2008-06-30 13:30:00,INDEX:NDFI,13.0,13.0,13.0,13.0,0.0
2008-07-01 13:30:00,INDEX:NDFI,16.0,16.0,16.0,16.0,0.0
2008-07-02 13:30:00,INDEX:NDFI,15.0,15.0,15.0,15.0,0.0
2008-07-03 13:30:00,INDEX:NDFI,14.0,14.0,14.0,14.0,0.0
2008-07-04 13:30:00,INDEX:NDFI,14.0,14.0,14.0,14.0,0.0
2008-07-07 13:30:00,INDEX:NDFI,14.0,14.0,14.0,14.0,0.0
2008-07-08 13:30:00,INDEX:NDFI,17.0,17.0,17.0,17.0,0.0
2008-07-09 13:30:00,INDEX:NDFI,16.0,16.0,16.0,16.0,0.0
2008-07-10 13:30:00,INDEX:NDFI,16.0,16.0,16.0,16.0,0.0
2008-07-11 13:30:00,INDEX:NDFI,14.0,14.0,14.0,14.0,0.0
2008-07-14 13:30:00,INDEX:NDFI,15.0,15.0,15.0,15.0,0.0
2008-07-15 13:30:00,INDEX:NDFI,18.0,18.0,18.0,18.0,0.0
2008-07-16 13:30:00,INDEX:NDFI,23.0,23.0,23.0,23.0,0.0
2008-07-17 13:30:00,INDEX:NDFI,31.0,31.0,31.0,31.0,0.0
2008-07-18 13:30:00,INDEX:NDFI,30.0,30.0,30.0,30.0,0.0
2008-07-21 13:30:00,INDEX:NDFI,30.0,30.0,30.0,30.0,0.0
2008-07-22 13:30:00,INDEX:NDFI,31.0,31.0,31.0,31.0,0.0
2008-07-23 13:30:00,INDEX:NDFI,38.0,38.0,38.0,38.0,0.0
2008-07-24 13:30:00,INDEX:NDFI,36.0,36.0,36.0,36.0,0.0
2008-07-25 13:30:00,INDEX:NDFI,33.0,33.0,33.0,33.0,0.0
2008-07-28 13:30:00,INDEX:NDFI,25.0,25.0,25.0,25.0,0.0
2008-07-29 13:30:00,INDEX:NDFI,37.0,37.0,37.0,37.0,0.0
2008-07-30 13:30:00,INDEX:NDFI,39.0,39.0,39.0,39.0,0.0
2008-07-31 13:30:00,INDEX:NDFI,43.0,43.0,43.0,43.0,0.0
2008-08-01 13:30:00,INDEX:NDFI,36.0,36.0,36.0,36.0,0.0
2008-08-04 13:30:00,INDEX:NDFI,35.0,35.0,35.0,35.0,0.0
2008-08-05 13:30:00,INDEX:NDFI,45.0,45.0,45.0,45.0,0.0
2008-08-06 13:30:00,INDEX:NDFI,53.0,53.0,53.0,53.0,0.0
2008-08-07 13:30:00,INDEX:NDFI,50.0,50.0,50.0,50.0,0.0
2008-08-08 13:30:00,INDEX:NDFI,58.0,58.0,58.0,58.0,0.0
2008-08-11 13:30:00,INDEX:NDFI,60.0,60.0,60.0,60.0,0.0
2008-08-12 13:30:00,INDEX:NDFI,61.0,61.0,61.0,61.0,0.0
2008-08-13 13:30:00,INDEX:NDFI,61.0,61.0,61.0,61.0,0.0
2008-08-14 13:30:00,INDEX:NDFI,67.0,67.0,67.0,67.0,0.0
2008-08-15 13:30:00,INDEX:NDFI,67.0,67.0,67.0,67.0,0.0
2008-08-18 13:30:00,INDEX:NDFI,66.0,66.0,66.0,66.0,0.0
2008-08-19 13:30:00,INDEX:NDFI,64.0,64.0,64.0,64.0,0.0
2008-08-20 13:30:00,INDEX:NDFI,66.0,66.0,66.0,66.0,0.0
2008-08-21 13:30:00,INDEX:NDFI,64.0,64.0,64.0,64.0,0.0
2008-08-22 13:30:00,INDEX:NDFI,69.0,69.0,69.0,69.0,0.0
2008-08-25 13:30:00,INDEX:NDFI,60.0,60.0,60.0,60.0,0.0
2008-08-26 13:30:00,INDEX:NDFI,60.0,60.0,60.0,60.0,0.0
2008-08-27 13:30:00,INDEX:NDFI,62.0,62.0,62.0,62.0,0.0
2008-08-28 13:30:00,INDEX:NDFI,65.0,65.0,65.0,65.0,0.0
2008-08-29 13:30:00,INDEX:NDFI,56.0,56.0,56.0,56.0,0.0
2008-09-01 13:30:00,INDEX:NDFI,56.0,56.0,56.0,56.0,0.0
2008-09-02 13:30:00,INDEX:NDFI,56.0,56.0,56.0,56.0,0.0
2008-09-03 13:30:00,INDEX:NDFI,44.0,44.0,44.0,44.0,0.0
2008-09-04 13:30:00,INDEX:NDFI,27.0,27.0,27.0,27.0,0.0
2008-09-05 13:30:00,INDEX:NDFI,29.0,29.0,29.0,29.0,0.0
2008-09-08 13:30:00,INDEX:NDFI,35.0,35.0,35.0,35.0,0.0
2008-09-09 13:30:00,INDEX:NDFI,24.0,24.0,24.0,24.0,0.0
2008-09-10 13:30:00,INDEX:NDFI,25.0,25.0,25.0,25.0,0.0
2008-09-11 13:30:00,INDEX:NDFI,35.0,35.0,35.0,35.0,0.0
2008-09-12 13:30:00,INDEX:NDFI,36.0,36.0,36.0,36.0,0.0
2008-09-15 13:30:00,INDEX:NDFI,21.0,21.0,21.0,21.0,0.0
2008-09-16 13:30:00,INDEX:NDFI,25.0,25.0,25.0,25.0,0.0
2008-09-17 13:30:00,INDEX:NDFI,16.0,16.0,16.0,16.0,0.0
2008-09-18 13:30:00,INDEX:NDFI,24.0,24.0,24.0,24.0,0.0
2008-09-19 13:30:00,INDEX:NDFI,33.0,33.0,33.0,33.0,0.0
2008-09-22 13:30:00,INDEX:NDFI,14.0,14.0,14.0,14.0,0.0
2008-09-23 13:30:00,INDEX:NDFI,13.0,13.0,13.0,13.0,0.0
2008-09-24 13:30:00,INDEX:NDFI,15.0,15.0,15.0,15.0,0.0
2008-09-25 13:30:00,INDEX:NDFI,17.0,17.0,17.0,17.0,0.0
2008-09-26 13:30:00,INDEX:NDFI,20.0,20.0,20.0,20.0,0.0
2008-09-29 13:30:00,INDEX:NDFI,7.0,7.0,7.0,7.0,0.0
2008-09-30 13:30:00,INDEX:NDFI,11.0,11.0,11.0,11.0,0.0
2008-10-01 13:30:00,INDEX:NDFI,11.0,11.0,11.0,11.0,0.0
2008-10-02 13:30:00,INDEX:NDFI,6.0,6.0,6.0,6.0,0.0
2008-10-03 13:30:00,INDEX:NDFI,1.0,1.0,1.0,1.0,0.0
2008-10-06 13:30:00,INDEX:NDFI,1.0,1.0,1.0,1.0,0.0
2008-10-07 13:30:00,INDEX:NDFI,1.0,1.0,1.0,1.0,0.0
2008-10-08 13:30:00,INDEX:NDFI,1.0,1.0,1.0,1.0,0.0
2008-10-13 13:30:00,INDEX:NDFI,2.0,2.0,2.0,2.0,0.0
2008-10-20 13:30:00,INDEX:NDFI,3.0,3.0,3.0,3.0,0.0
2008-10-21 13:30:00,INDEX:NDFI,1.0,1.0,1.0,1.0,0.0
2008-10-28 13:30:00,INDEX:NDFI,1.0,1.0,1.0,1.0,0.0
2008-10-29 13:30:00,INDEX:NDFI,3.0,3.0,3.0,3.0,0.0
2008-10-30 13:30:00,INDEX:NDFI,7.0,7.0,7.0,7.0,0.0
2008-10-31 13:30:00,INDEX:NDFI,10.0,10.0,10.0,10.0,0.0
2008-11-03 14:30:00,INDEX:NDFI,11.0,11.0,11.0,11.0,0.0
2008-11-04 14:30:00,INDEX:NDFI,15.0,15.0,15.0,15.0,0.0
2008-11-05 14:30:00,INDEX:NDFI,7.0,7.0,7.0,7.0,0.0
2008-11-06 14:30:00,INDEX:NDFI,5.0,5.0,5.0,5.0,0.0
2008-11-07 14:30:00,INDEX:NDFI,8.0,8.0,8.0,8.0,0.0
2008-11-10 14:30:00,INDEX:NDFI,8.0,8.0,8.0,8.0,0.0
2008-11-11 14:30:00,INDEX:NDFI,8.0,8.0,8.0,8.0,0.0
2008-11-12 14:30:00,INDEX:NDFI,3.0,3.0,3.0,3.0,0.0
2008-11-13 14:30:00,INDEX:NDFI,10.0,10.0,10.0,10.0,0.0
2008-11-14 14:30:00,INDEX:NDFI,7.0,7.0,7.0,7.0,0.0
2008-11-17 14:30:00,INDEX:NDFI,6.0,6.0,6.0,6.0,0.0
2008-11-18 14:30:00,INDEX:NDFI,5.0,5.0,5.0,5.0,0.0
2008-11-19 14:30:00,INDEX:NDFI,3.0,3.0,3.0,3.0,0.0
2008-11-20 14:30:00,INDEX:NDFI,1.0,1.0,1.0,1.0,0.0
2008-11-21 14:30:00,INDEX:NDFI,2.0,2.0,2.0,2.0,0.0
2008-11-24 14:30:00,INDEX:NDFI,10.0,10.0,10.0,10.0,0.0
2008-11-25 14:30:00,INDEX:NDFI,11.0,11.0,11.0,11.0,0.0
2008-11-26 14:30:00,INDEX:NDFI,18.0,18.0,18.0,18.0,0.0
2008-11-27 14:30:00,INDEX:NDFI,18.0,18.0,18.0,18.0,0.0
2008-11-28 14:30:00,INDEX:NDFI,20.0,20.0,20.0,20.0,0.0
2008-12-01 14:30:00,INDEX:NDFI,6.0,6.0,6.0,6.0,0.0
2008-12-02 14:30:00,INDEX:NDFI,10.0,10.0,10.0,10.0,0.0
2008-12-03 14:30:00,INDEX:NDFI,17.0,17.0,17.0,17.0,0.0
2008-12-04 14:30:00,INDEX:NDFI,12.0,12.0,12.0,12.0,0.0
2008-12-05 14:30:00,INDEX:NDFI,24.0,24.0,24.0,24.0,0.0
2008-12-08 14:30:00,INDEX:NDFI,38.0,38.0,38.0,38.0,0.0
2008-12-09 14:30:00,INDEX:NDFI,33.0,33.0,33.0,33.0,0.0
2008-12-10 14:30:00,INDEX:NDFI,40.0,40.0,40.0,40.0,0.0
2008-12-11 14:30:00,INDEX:NDFI,28.0,28.0,28.0,28.0,0.0
2008-12-12 14:30:00,INDEX:NDFI,39.0,39.0,39.0,39.0,0.0
2008-12-15 14:30:00,INDEX:NDFI,33.0,33.0,33.0,33.0,0.0
2008-12-16 14:30:00,INDEX:NDFI,59.0,59.0,59.0,59.0,0.0
2008-12-17 14:30:00,INDEX:NDFI,56.0,56.0,56.0,56.0,0.0
2008-12-18 14:30:00,INDEX:NDFI,48.0,48.0,48.0,48.0,0.0
2008-12-19 14:30:00,INDEX:NDFI,51.0,51.0,51.0,51.0,0.0
2008-12-22 14:30:00,INDEX:NDFI,39.0,39.0,39.0,39.0,0.0
2008-12-23 14:30:00,INDEX:NDFI,40.0,40.0,40.0,40.0,0.0
2008-12-24 14:30:00,INDEX:NDFI,39.0,39.0,39.0,39.0,0.0
2008-12-26 14:30:00,INDEX:NDFI,42.0,42.0,42.0,42.0,0.0
2008-12-29 14:30:00,INDEX:NDFI,37.0,37.0,37.0,37.0,0.0
2008-12-30 14:30:00,INDEX:NDFI,53.0,53.0,53.0,53.0,0.0
2008-12-31 14:30:00,INDEX:NDFI,61.0,61.0,61.0,61.0,0.0
2009-01-02 14:30:00,INDEX:NDFI,76.0,76.0,76.0,76.0,0.0
2009-01-05 14:30:00,INDEX:NDFI,81.0,81.0,81.0,81.0,0.0
2009-01-06 14:30:00,INDEX:NDFI,81.0,81.0,81.0,81.0,0.0
2009-01-07 14:30:00,INDEX:NDFI,74.0,74.0,74.0,74.0,0.0
2009-01-08 14:30:00,INDEX:NDFI,76.0,76.0,76.0,76.0,0.0
2009-01-09 14:30:00,INDEX:NDFI,68.0,68.0,68.0,68.0,0.0
2009-01-12 14:30:00,INDEX:NDFI,58.0,58.0,58.0,58.0,0.0
2009-01-13 14:30:00,INDEX:NDFI,57.0,57.0,57.0,57.0,0.0
2009-01-14 14:30:00,INDEX:NDFI,41.0,41.0,41.0,41.0,0.0
2009-01-15 14:30:00,INDEX:NDFI,54.0,54.0,54.0,54.0,0.0
2009-01-16 14:30:00,INDEX:NDFI,61.0,61.0,61.0,61.0,0.0
2009-01-19 14:30:00,INDEX:NDFI,61.0,61.0,61.0,61.0,0.0
2009-01-20 14:30:00,INDEX:NDFI,37.0,37.0,37.0,37.0,0.0
2009-01-21 14:30:00,INDEX:NDFI,47.0,47.0,47.0,47.0,0.0
2009-01-22 14:30:00,INDEX:NDFI,45.0,45.0,45.0,45.0,0.0
2009-01-23 14:30:00,INDEX:NDFI,47.0,47.0,47.0,47.0,0.0
2009-01-26 14:30:00,INDEX:NDFI,53.0,53.0,53.0,53.0,0.0
2009-01-27 14:30:00,INDEX:NDFI,60.0,60.0,60.0,60.0,0.0
2009-01-28 14:30:00,INDEX:NDFI,75.0,75.0,75.0,75.0,0.0
2009-01-29 14:30:00,INDEX:NDFI,60.0,60.0,60.0,60.0,0.0
2009-01-30 14:30:00,INDEX:NDFI,51.0,51.0,51.0,51.0,0.0
2009-02-02 14:30:00,INDEX:NDFI,53.0,53.0,53.0,53.0,0.0
2009-02-03 14:30:00,INDEX:NDFI,59.0,59.0,59.0,59.0,0.0
2009-02-04 14:30:00,INDEX:NDFI,53.0,53.0,53.0,53.0,0.0
2009-02-05 14:30:00,INDEX:NDFI,70.0,70.0,70.0,70.0,0.0
2009-02-06 14:30:00,INDEX:NDFI,81.0,81.0,81.0,81.0,0.0
2009-02-09 14:30:00,INDEX:NDFI,78.0,78.0,78.0,78.0,0.0
2009-02-10 14:30:00,INDEX:NDFI,56.0,56.0,56.0,56.0,0.0
2009-02-11 14:30:00,INDEX:NDFI,58.0,58.0,58.0,58.0,0.0
2009-02-12 14:30:00,INDEX:NDFI,61.0,61.0,61.0,61.0,0.0
2009-02-13 14:30:00,INDEX:NDFI,62.0,62.0,62.0,62.0,0.0
2009-02-16 14:30:00,INDEX:NDFI,62.0,62.0,62.0,62.0,0.0
2009-02-17 14:30:00,INDEX:NDFI,34.0,34.0,34.0,34.0,0.0
2009-02-18 14:30:00,INDEX:NDFI,38.0,38.0,38.0,38.0,0.0
2009-02-19 14:30:00,INDEX:NDFI,28.0,28.0,28.0,28.0,0.0
2009-02-20 14:30:00,INDEX:NDFI,32.0,32.0,32.0,32.0,0.0
2009-02-23 14:30:00,INDEX:NDFI,20.0,20.0,20.0,20.0,0.0
2009-02-24 14:30:00,INDEX:NDFI,37.0,37.0,37.0,37.0,0.0
2009-02-25 14:30:00,INDEX:NDFI,34.0,34.0,34.0,34.0,0.0
2009-02-26 14:30:00,INDEX:NDFI,27.0,27.0,27.0,27.0,0.0
2009-02-27 14:30:00,INDEX:NDFI,22.0,22.0,22.0,22.0,0.0
2009-03-02 14:30:00,INDEX:NDFI,19.0,19.0,19.0,19.0,0.0
2009-03-03 14:30:00,INDEX:NDFI,20.0,20.0,20.0,20.0,0.0
2009-03-04 14:30:00,INDEX:NDFI,27.0,27.0,27.0,27.0,0.0
2009-03-05 14:30:00,INDEX:NDFI,23.0,23.0,23.0,23.0,0.0
2009-03-06 14:30:00,INDEX:NDFI,22.0,22.0,22.0,22.0,0.0
2009-03-09 13:30:00,INDEX:NDFI,22.0,22.0,22.0,22.0,0.0
2009-03-10 13:30:00,INDEX:NDFI,33.0,33.0,33.0,33.0,0.0
2009-03-11 13:30:00,INDEX:NDFI,37.0,37.0,37.0,37.0,0.0
2009-03-12 13:30:00,INDEX:NDFI,44.0,44.0,44.0,44.0,0.0
2009-03-13 13:30:00,INDEX:NDFI,46.0,46.0,46.0,46.0,0.0
2009-03-16 13:30:00,INDEX:NDFI,42.0,42.0,42.0,42.0,0.0
2009-03-17 13:30:00,INDEX:NDFI,56.0,56.0,56.0,56.0,0.0
2009-03-18 13:30:00,INDEX:NDFI,65.0,65.0,65.0,65.0,0.0
2009-03-19 13:30:00,INDEX:NDFI,65.0,65.0,65.0,65.0,0.0
2009-03-20 13:30:00,INDEX:NDFI,58.0,58.0,58.0,58.0,0.0
2009-03-23 13:30:00,INDEX:NDFI,80.0,80.0,80.0,80.0,0.0
2009-03-24 13:30:00,INDEX:NDFI,76.0,76.0,76.0,76.0,0.0
2009-03-25 13:30:00,INDEX:NDFI,73.0,73.0,73.0,73.0,0.0
2009-03-26 13:30:00,INDEX:NDFI,85.0,85.0,85.0,85.0,0.0
2009-03-27 13:30:00,INDEX:NDFI,81.0,81.0,81.0,81.0,0.0
2009-03-30 13:30:00,INDEX:NDFI,72.0,72.0,72.0,72.0,0.0
2009-03-31 13:30:00,INDEX:NDFI,77.0,77.0,77.0,77.0,0.0
2009-04-01 13:30:00,INDEX:NDFI,79.0,79.0,79.0,79.0,0.0
2009-04-02 13:30:00,INDEX:NDFI,89.0,89.0,89.0,89.0,0.0
2009-04-03 13:30:00,INDEX:NDFI,90.0,90.0,90.0,90.0,0.0
2009-04-06 13:30:00,INDEX:NDFI,87.0,87.0,87.0,87.0,0.0
2009-04-07 13:30:00,INDEX:NDFI,84.0,84.0,84.0,84.0,0.0
2009-04-08 13:30:00,INDEX:NDFI,87.0,87.0,87.0,87.0,0.0
2009-04-09 13:30:00,INDEX:NDFI,91.0,91.0,91.0,91.0,0.0
2009-04-10 13:30:00,INDEX:NDFI,91.0,91.0,91.0,91.0,0.0
2009-04-13 13:30:00,INDEX:NDFI,93.0,93.0,93.0,93.0,0.0
2009-04-14 13:30:00,INDEX:NDFI,89.0,89.0,89.0,89.0,0.0
2009-04-15 13:30:00,INDEX:NDFI,85.0,85.0,85.0,85.0,0.0
2009-04-16 13:30:00,INDEX:NDFI,92.0,92.0,92.0,92.0,0.0
2009-04-17 13:30:00,INDEX:NDFI,88.0,88.0,88.0,88.0,0.0
2009-04-20 13:30:00,INDEX:NDFI,82.0,82.0,82.0,82.0,0.0
2009-04-21 13:30:00,INDEX:NDFI,86.0,86.0,86.0,86.0,0.0
2009-04-22 13:30:00,INDEX:NDFI,84.0,84.0,84.0,84.0,0.0
2009-04-23 13:30:00,INDEX:NDFI,81.0,81.0,81.0,81.0,0.0
2009-04-24 13:30:00,INDEX:NDFI,83.0,83.0,83.0,83.0,0.0
2009-04-27 13:30:00,INDEX:NDFI,88.0,88.0,88.0,88.0,0.0
2009-04-28 13:30:00,INDEX:NDFI,90.0,90.0,90.0,90.0,0.0
2009-04-29 13:30:00,INDEX:NDFI,90.0,90.0,90.0,90.0,0.0
2009-04-30 13:30:00,INDEX:NDFI,86.0,86.0,86.0,86.0,0.0
2009-05-01 13:30:00,INDEX:NDFI,87.0,87.0,87.0,87.0,0.0
2009-05-04 13:30:00,INDEX:NDFI,87.0,87.0,87.0,87.0,0.0
2009-05-05 13:30:00,INDEX:NDFI,90.0,90.0,90.0,90.0,0.0
2009-05-06 13:30:00,INDEX:NDFI,89.0,89.0,89.0,89.0,0.0
2009-05-07 13:30:00,INDEX:NDFI,85.0,85.0,85.0,85.0,0.0
2009-05-08 13:30:00,INDEX:NDFI,84.0,84.0,84.0,84.0,0.0
2009-05-11 13:30:00,INDEX:NDFI,87.0,87.0,87.0,87.0,0.0
2009-05-12 13:30:00,INDEX:NDFI,82.0,82.0,82.0,82.0,0.0
2009-05-13 13:30:00,INDEX:NDFI,71.0,71.0,71.0,71.0,0.0
2009-05-14 13:30:00,INDEX:NDFI,74.0,74.0,74.0,74.0,0.0
2009-05-15 13:30:00,INDEX:NDFI,68.0,68.0,68.0,68.0,0.0
2009-05-18 13:30:00,INDEX:NDFI,82.0,82.0,82.0,82.0,0.0
2009-05-19 13:30:00,INDEX:NDFI,83.0,83.0,83.0,83.0,0.0
2009-05-20 13:30:00,INDEX:NDFI,78.0,78.0,78.0,78.0,0.0
2009-05-21 13:30:00,INDEX:NDFI,67.0,67.0,67.0,67.0,0.0
2009-05-22 13:30:00,INDEX:NDFI,69.0,69.0,69.0,69.0,0.0
2009-05-25 13:30:00,INDEX:NDFI,69.0,69.0,69.0,69.0,0.0
2009-05-26 13:30:00,INDEX:NDFI,83.0,83.0,83.0,83.0,0.0
2009-05-27 13:30:00,INDEX:NDFI,75.0,75.0,75.0,75.0,0.0
2009-05-28 13:30:00,INDEX:NDFI,79.0,79.0,79.0,79.0,0.0
2009-05-29 13:30:00,INDEX:NDFI,81.0,81.0,81.0,81.0,0.0
2009-06-01 13:30:00,INDEX:NDFI,92.0,92.0,92.0,92.0,0.0
2009-06-02 13:30:00,INDEX:NDFI,92.0,92.0,92.0,92.0,0.0
2009-06-03 13:30:00,INDEX:NDFI,88.0,88.0,88.0,88.0,0.0
2009-06-04 13:30:00,INDEX:NDFI,91.0,91.0,91.0,91.0,0.0
2009-06-05 13:30:00,INDEX:NDFI,87.0,87.0,87.0,87.0,0.0
2009-06-08 13:30:00,INDEX:NDFI,87.0,87.0,87.0,87.0,0.0
2009-06-09 13:30:00,INDEX:NDFI,91.0,91.0,91.0,91.0,0.0
2009-06-10 13:30:00,INDEX:NDFI,89.0,89.0,89.0,89.0,0.0
2009-06-11 13:30:00,INDEX:NDFI,87.0,87.0,87.0,87.0,0.0
2009-06-12 13:30:00,INDEX:NDFI,85.0,85.0,85.0,85.0,0.0
2009-06-15 13:30:00,INDEX:NDFI,73.0,73.0,73.0,73.0,0.0
2009-06-16 13:30:00,INDEX:NDFI,67.0,67.0,67.0,67.0,0.0
2009-06-17 13:30:00,INDEX:NDFI,70.0,70.0,70.0,70.0,0.0
2009-06-18 13:30:00,INDEX:NDFI,65.0,65.0,65.0,65.0,0.0
2009-06-19 13:30:00,INDEX:NDFI,66.0,66.0,66.0,66.0,0.0
2009-06-22 13:30:00,INDEX:NDFI,53.0,53.0,53.0,53.0,0.0
2009-06-23 13:30:00,INDEX:NDFI,50.0,50.0,50.0,50.0,0.0
2009-06-24 13:30:00,INDEX:NDFI,58.0,58.0,58.0,58.0,0.0
2009-06-25 13:30:00,INDEX:NDFI,77.0,77.0,77.0,77.0,0.0
2009-06-26 13:30:00,INDEX:NDFI,72.0,72.0,72.0,72.0,0.0
2009-06-29 13:30:00,INDEX:NDFI,75.0,75.0,75.0,75.0,0.0
2009-06-30 13:30:00,INDEX:NDFI,70.0,70.0,70.0,70.0,0.0
2009-07-01 13:30:00,INDEX:NDFI,73.0,73.0,73.0,73.0,0.0
2009-07-02 13:30:00,INDEX:NDFI,57.0,57.0,57.0,57.0,0.0
2009-07-03 13:30:00,INDEX:NDFI,57.0,57.0,57.0,57.0,0.0
2009-07-06 13:30:00,INDEX:NDFI,54.0,54.0,54.0,54.0,0.0
2009-07-07 13:30:00,INDEX:NDFI,36.0,36.0,36.0,36.0,0.0
2009-07-08 13:30:00,INDEX:NDFI,35.0,35.0,35.0,35.0,0.0
2009-07-09 13:30:00,INDEX:NDFI,42.0,42.0,42.0,42.0,0.0
2009-07-10 13:30:00,INDEX:NDFI,41.0,41.0,41.0,41.0,0.0
2009-07-13 13:30:00,INDEX:NDFI,56.0,56.0,56.0,56.0,0.0
2009-07-14 13:30:00,INDEX:NDFI,63.0,63.0,63.0,63.0,0.0
2009-07-15 13:30:00,INDEX:NDFI,79.0,79.0,79.0,79.0,0.0
2009-07-16 13:30:00,INDEX:NDFI,82.0,82.0,82.0,82.0,0.0
2009-07-17 13:30:00,INDEX:NDFI,79.0,79.0,79.0,79.0,0.0
2009-07-20 13:30:00,INDEX:NDFI,84.0,84.0,84.0,84.0,0.0
2009-07-21 13:30:00,INDEX:NDFI,86.0,86.0,86.0,86.0,0.0
2009-07-22 13:30:00,INDEX:NDFI,85.0,85.0,85.0,85.0,0.0
2009-07-23 13:30:00,INDEX:NDFI,93.0,93.0,93.0,93.0,0.0
2009-07-24 13:30:00,INDEX:NDFI,93.0,93.0,93.0,93.0,0.0
2009-07-27 13:30:00,INDEX:NDFI,92.0,92.0,92.0,92.0,0.0
2009-07-28 13:30:00,INDEX:NDFI,92.0,92.0,92.0,92.0,0.0
2009-07-29 13:30:00,INDEX:NDFI,92.0,92.0,92.0,92.0,0.0
2009-07-30 13:30:00,INDEX:NDFI,92.0,92.0,92.0,92.0,0.0
2009-07-31 13:30:00,INDEX:NDFI,92.0,92.0,92.0,92.0,0.0
2009-08-03 13:30:00,INDEX:NDFI,93.0,93.0,93.0,93.0,0.0
2009-08-04 13:30:00,INDEX:NDFI,93.0,93.0,93.0,93.0,0.0
2009-08-05 13:30:00,INDEX:NDFI,90.0,90.0,90.0,90.0,0.0
2009-08-06 13:30:00,INDEX:NDFI,87.0,87.0,87.0,87.0,0.0
2009-08-07 13:30:00,INDEX:NDFI,91.0,91.0,91.0,91.0,0.0
2009-08-10 13:30:00,INDEX:NDFI,88.0,88.0,88.0,88.0,0.0
2009-08-11 13:30:00,INDEX:NDFI,84.0,84.0,84.0,84.0,0.0
2009-08-12 13:30:00,INDEX:NDFI,91.0,91.0,91.0,91.0,0.0
2009-08-13 13:30:00,INDEX:NDFI,90.0,90.0,90.0,90.0,0.0
2009-08-14 13:30:00,INDEX:NDFI,89.0,89.0,89.0,89.0,0.0
2009-08-17 13:30:00,INDEX:NDFI,77.0,77.0,77.0,77.0,0.0
2009-08-18 13:30:00,INDEX:NDFI,83.0,83.0,83.0,83.0,0.0
2009-08-19 13:30:00,INDEX:NDFI,84.0,84.0,84.0,84.0,0.0
2009-08-20 13:30:00,INDEX:NDFI,88.0,88.0,88.0,88.0,0.0
2009-08-21 13:30:00,INDEX:NDFI,88.0,88.0,88.0,88.0,0.0
2009-08-24 13:30:00,INDEX:NDFI,87.0,87.0,87.0,87.0,0.0
2009-08-25 13:30:00,INDEX:NDFI,86.0,86.0,86.0,86.0,0.0
2009-08-26 13:30:00,INDEX:NDFI,85.0,85.0,85.0,85.0,0.0
2009-08-27 13:30:00,INDEX:NDFI,86.0,86.0,86.0,86.0,0.0
2009-08-28 13:30:00,INDEX:NDFI,85.0,85.0,85.0,85.0,0.0
2009-08-31 13:30:00,INDEX:NDFI,84.0,84.0,84.0,84.0,0.0
2009-09-01 13:30:00,INDEX:NDFI,76.0,76.0,76.0,76.0,0.0
2009-09-02 13:30:00,INDEX:NDFI,73.0,73.0,73.0,73.0,0.0
2009-09-03 13:30:00,INDEX:NDFI,75.0,75.0,75.0,75.0,0.0
2009-09-04 13:30:00,INDEX:NDFI,83.0,83.0,83.0,83.0,0.0
2009-09-07 13:30:00,INDEX:NDFI,83.0,83.0,83.0,83.0,0.0
2009-09-08 13:30:00,INDEX:NDFI,86.0,86.0,86.0,86.0,0.0
2009-09-09 13:30:00,INDEX:NDFI,86.0,86.0,86.0,86.0,0.0
2009-09-10 13:30:00,INDEX:NDFI,88.0,88.0,88.0,88.0,0.0
2009-09-11 13:30:00,INDEX:NDFI,89.0,89.0,89.0,89.0,0.0
2009-09-14 13:30:00,INDEX:NDFI,89.0,89.0,89.0,89.0,0.0
2009-09-15 13:30:00,INDEX:NDFI,86.0,86.0,86.0,86.0,0.0
2009-09-16 13:30:00,INDEX:NDFI,91.0,91.0,91.0,91.0,0.0
2009-09-17 13:30:00,INDEX:NDFI,90.0,90.0,90.0,90.0,0.0
2009-09-18 13:30:00,INDEX:NDFI,90.0,90.0,90.0,90.0,0.0
2009-09-21 13:30:00,INDEX:NDFI,92.0,92.0,92.0,92.0,0.0
2009-09-22 13:30:00,INDEX:NDFI,89.0,89.0,89.0,89.0,0.0
2009-09-23 13:30:00,INDEX:NDFI,89.0,89.0,89.0,89.0,0.0
2009-09-24 13:30:00,INDEX:NDFI,86.0,86.0,86.0,86.0,0.0
2009-09-25 13:30:00,INDEX:NDFI,83.0,83.0,83.0,83.0,0.0
2009-09-28 13:30:00,INDEX:NDFI,89.0,89.0,89.0,89.0,0.0
2009-09-29 13:30:00,INDEX:NDFI,84.0,84.0,84.0,84.0,0.0
2009-09-30 13:30:00,INDEX:NDFI,86.0,86.0,86.0,86.0,0.0
2009-10-01 13:30:00,INDEX:NDFI,70.0,70.0,70.0,70.0,0.0
2009-10-02 13:30:00,INDEX:NDFI,66.0,66.0,66.0,66.0,0.0
2009-10-05 13:30:00,INDEX:NDFI,70.0,70.0,70.0,70.0,0.0
2009-10-06 13:30:00,INDEX:NDFI,77.0,77.0,77.0,77.0,0.0
2009-10-07 13:30:00,INDEX:NDFI,76.0,76.0,76.0,76.0,0.0
2009-10-08 13:30:00,INDEX:NDFI,77.0,77.0,77.0,77.0,0.0
2009-10-09 13:30:00,INDEX:NDFI,81.0,81.0,81.0,81.0,0.0
2009-10-12 13:30:00,INDEX:NDFI,83.0,83.0,83.0,83.0,0.0
2009-10-13 13:30:00,INDEX:NDFI,82.0,82.0,82.0,82.0,0.0
2009-10-14 13:30:00,INDEX:NDFI,91.0,91.0,91.0,91.0,0.0
2009-10-15 13:30:00,INDEX:NDFI,89.0,89.0,89.0,89.0,0.0
2009-10-16 13:30:00,INDEX:NDFI,86.0,86.0,86.0,86.0,0.0
2009-10-19 13:30:00,INDEX:NDFI,89.0,89.0,89.0,89.0,0.0
2009-10-20 13:30:00,INDEX:NDFI,85.0,85.0,85.0,85.0,0.0
2009-10-21 13:30:00,INDEX:NDFI,77.0,77.0,77.0,77.0,0.0
2009-10-22 13:30:00,INDEX:NDFI,82.0,82.0,82.0,82.0,0.0
2009-10-23 13:30:00,INDEX:NDFI,72.0,72.0,72.0,72.0,0.0
2009-10-26 13:30:00,INDEX:NDFI,70.0,70.0,70.0,70.0,0.0
2009-10-27 13:30:00,INDEX:NDFI,64.0,64.0,64.0,64.0,0.0
2009-10-28 13:30:00,INDEX:NDFI,38.0,38.0,38.0,38.0,0.0
2009-10-29 13:30:00,INDEX:NDFI,48.0,48.0,48.0,48.0,0.0
2009-10-30 13:30:00,INDEX:NDFI,34.0,34.0,34.0,34.0,0.0
2009-11-02 14:30:00,INDEX:NDFI,38.0,38.0,38.0,38.0,0.0
2009-11-03 14:30:00,INDEX:NDFI,37.0,37.0,37.0,37.0,0.0
2009-11-04 14:30:00,INDEX:NDFI,43.0,43.0,43.0,43.0,0.0
2009-11-05 14:30:00,INDEX:NDFI,55.0,55.0,55.0,55.0,0.0
2009-11-06 14:30:00,INDEX:NDFI,55.0,55.0,55.0,55.0,0.0
2009-11-09 14:30:00,INDEX:NDFI,67.0,67.0,67.0,67.0,0.0
2009-11-10 14:30:00,INDEX:NDFI,68.0,68.0,68.0,68.0,0.0
2009-11-11 14:30:00,INDEX:NDFI,72.0,72.0,72.0,72.0,0.0
2009-11-12 14:30:00,INDEX:NDFI,61.0,61.0,61.0,61.0,0.0
2009-11-13 14:30:00,INDEX:NDFI,63.0,63.0,63.0,63.0,0.0
2009-11-16 14:30:00,INDEX:NDFI,76.0,76.0,76.0,76.0,0.0
2009-11-17 14:30:00,INDEX:NDFI,75.0,75.0,75.0,75.0,0.0
2009-11-18 14:30:00,INDEX:NDFI,72.0,72.0,72.0,72.0,0.0
2009-11-19 14:30:00,INDEX:NDFI,55.0,55.0,55.0,55.0,0.0
2009-11-20 14:30:00,INDEX:NDFI,50.0,50.0,50.0,50.0,0.0
2009-11-23 14:30:00,INDEX:NDFI,58.0,58.0,58.0,58.0,0.0
2009-11-24 14:30:00,INDEX:NDFI,58.0,58.0,58.0,58.0,0.0
2009-11-25 14:30:00,INDEX:NDFI,66.0,66.0,66.0,66.0,0.0
2009-11-26 14:30:00,INDEX:NDFI,66.0,66.0,66.0,66.0,0.0
2009-11-27 14:30:00,INDEX:NDFI,52.0,52.0,52.0,52.0,0.0
2009-11-30 14:30:00,INDEX:NDFI,54.0,54.0,54.0,54.0,0.0
2009-12-01 14:30:00,INDEX:NDFI,69.0,69.0,69.0,69.0,0.0
2009-12-02 14:30:00,INDEX:NDFI,74.0,74.0,74.0,74.0,0.0
2009-12-03 14:30:00,INDEX:NDFI,71.0,71.0,71.0,71.0,0.0
2009-12-04 14:30:00,INDEX:NDFI,73.0,73.0,73.0,73.0,0.0
2009-12-07 14:30:00,INDEX:NDFI,70.0,70.0,70.0,70.0,0.0
2009-12-08 14:30:00,INDEX:NDFI,65.0,65.0,65.0,65.0,0.0
2009-12-09 14:30:00,INDEX:NDFI,70.0,70.0,70.0,70.0,0.0
2009-12-10 14:30:00,INDEX:NDFI,70.0,70.0,70.0,70.0,0.0
2009-12-11 14:30:00,INDEX:NDFI,71.0,71.0,71.0,71.0,0.0
2009-12-14 14:30:00,INDEX:NDFI,76.0,76.0,76.0,76.0,0.0
2009-12-15 14:30:00,INDEX:NDFI,71.0,71.0,71.0,71.0,0.0
2009-12-16 14:30:00,INDEX:NDFI,71.0,71.0,71.0,71.0,0.0
2009-12-17 14:30:00,INDEX:NDFI,64.0,64.0,64.0,64.0,0.0
2009-12-18 14:30:00,INDEX:NDFI,69.0,69.0,69.0,69.0,0.0
2009-12-21 14:30:00,INDEX:NDFI,77.0,77.0,77.0,77.0,0.0
2009-12-22 14:30:00,INDEX:NDFI,81.0,81.0,81.0,81.0,0.0
2009-12-23 14:30:00,INDEX:NDFI,85.0,85.0,85.0,85.0,0.0
2009-12-24 14:30:00,INDEX:NDFI,88.0,88.0,88.0,88.0,0.0
2009-12-28 14:30:00,INDEX:NDFI,89.0,89.0,89.0,89.0,0.0
2009-12-29 14:30:00,INDEX:NDFI,87.0,87.0,87.0,87.0,0.0
2009-12-30 14:30:00,INDEX:NDFI,88.0,88.0,88.0,88.0,0.0
2009-12-31 14:30:00,INDEX:NDFI,82.0,82.0,82.0,82.0,0.0
2010-01-04 14:30:00,INDEX:NDFI,92.0,92.0,92.0,92.0,0.0
2010-01-05 14:30:00,INDEX:NDFI,89.0,89.0,89.0,89.0,0.0
2010-01-06 14:30:00,INDEX:NDFI,89.0,89.0,89.0,89.0,0.0
2010-01-07 14:30:00,INDEX:NDFI,87.0,87.0,87.0,87.0,0.0
2010-01-08 14:30:00,INDEX:NDFI,89.0,89.0,89.0,89.0,0.0
2010-01-11 14:30:00,INDEX:NDFI,87.0,87.0,87.0,87.0,0.0
2010-01-12 14:30:00,INDEX:NDFI,81.0,81.0,81.0,81.0,0.0
2010-01-13 14:30:00,INDEX:NDFI,88.0,88.0,88.0,88.0,0.0
2010-01-14 14:30:00,INDEX:NDFI,84.0,84.0,84.0,84.0,0.0
2010-01-15 14:30:00,INDEX:NDFI,71.0,71.0,71.0,71.0,0.0
2010-01-19 14:30:00,INDEX:NDFI,78.0,78.0,78.0,78.0,0.0
2010-01-20 14:30:00,INDEX:NDFI,71.0,71.0,71.0,71.0,0.0
2010-01-21 14:30:00,INDEX:NDFI,58.0,58.0,58.0,58.0,0.0
2010-01-22 14:30:00,INDEX:NDFI,37.0,37.0,37.0,37.0,0.0
2010-01-25 14:30:00,INDEX:NDFI,39.0,39.0,39.0,39.0,0.0
2010-01-26 14:30:00,INDEX:NDFI,38.0,38.0,38.0,38.0,0.0
2010-01-27 14:30:00,INDEX:NDFI,43.0,43.0,43.0,43.0,0.0
2010-01-28 14:30:00,INDEX:NDFI,25.0,25.0,25.0,25.0,0.0
2010-01-29 14:30:00,INDEX:NDFI,21.0,21.0,21.0,21.0,0.0
2010-02-01 14:30:00,INDEX:NDFI,27.0,27.0,27.0,27.0,0.0
2010-02-02 14:30:00,INDEX:NDFI,33.0,33.0,33.0,33.0,0.0
2010-02-03 14:30:00,INDEX:NDFI,32.0,32.0,32.0,32.0,0.0
2010-02-04 14:30:00,INDEX:NDFI,22.0,22.0,22.0,22.0,0.0
2010-02-05 14:30:00,INDEX:NDFI,23.0,23.0,23.0,23.0,0.0
2010-02-08 14:30:00,INDEX:NDFI,19.0,19.0,19.0,19.0,0.0
2010-02-09 14:30:00,INDEX:NDFI,24.0,24.0,24.0,24.0,0.0
2010-02-10 14:30:00,INDEX:NDFI,23.0,23.0,23.0,23.0,0.0
2010-02-11 14:30:00,INDEX:NDFI,36.0,36.0,36.0,36.0,0.0
2010-02-12 14:30:00,INDEX:NDFI,34.0,34.0,34.0,34.0,0.0
2010-02-16 14:30:00,INDEX:NDFI,49.0,49.0,49.0,49.0,0.0
2010-02-17 14:30:00,INDEX:NDFI,51.0,51.0,51.0,51.0,0.0
2010-02-18 14:30:00,INDEX:NDFI,50.0,50.0,50.0,50.0,0.0
2010-02-19 14:30:00,INDEX:NDFI,54.0,54.0,54.0,54.0,0.0
2010-02-22 14:30:00,INDEX:NDFI,55.0,55.0,55.0,55.0,0.0
2010-02-23 14:30:00,INDEX:NDFI,46.0,46.0,46.0,46.0,0.0
2010-02-24 14:30:00,INDEX:NDFI,57.0,57.0,57.0,57.0,0.0
2010-02-25 14:30:00,INDEX:NDFI,52.0,52.0,52.0,52.0,0.0
2010-02-26 14:30:00,INDEX:NDFI,53.0,53.0,53.0,53.0,0.0
2010-03-01 14:30:00,INDEX:NDFI,67.0,67.0,67.0,67.0,0.0
2010-03-02 14:30:00,INDEX:NDFI,69.0,69.0,69.0,69.0,0.0
2010-03-03 14:30:00,INDEX:NDFI,71.0,71.0,71.0,71.0,0.0
2010-03-04 14:30:00,INDEX:NDFI,71.0,71.0,71.0,71.0,0.0
2010-03-05 14:30:00,INDEX:NDFI,82.0,82.0,82.0,82.0,0.0
2010-03-08 14:30:00,INDEX:NDFI,81.0,81.0,81.0,81.0,0.0
2010-03-09 14:30:00,INDEX:NDFI,84.0,84.0,84.0,84.0,0.0
2010-03-10 14:30:00,INDEX:NDFI,86.0,86.0,86.0,86.0,0.0
2010-03-11 14:30:00,INDEX:NDFI,87.0,87.0,87.0,87.0,0.0
2010-03-12 14:30:00,INDEX:NDFI,86.0,86.0,86.0,86.0,0.0
2010-03-15 13:30:00,INDEX:NDFI,84.0,84.0,84.0,84.0,0.0
2010-03-16 13:30:00,INDEX:NDFI,90.0,90.0,90.0,90.0,0.0
2010-03-17 13:30:00,INDEX:NDFI,90.0,90.0,90.0,90.0,0.0
2010-03-18 13:30:00,INDEX:NDFI,90.0,90.0,90.0,90.0,0.0
2010-03-19 13:30:00,INDEX:NDFI,87.0,87.0,87.0,87.0,0.0
2010-03-22 13:30:00,INDEX:NDFI,91.0,91.0,91.0,91.0,0.0
2010-03-23 13:30:00,INDEX:NDFI,91.0,91.0,91.0,91.0,0.0
2010-03-24 13:30:00,INDEX:NDFI,92.0,92.0,92.0,92.0,0.0
2010-03-25 13:30:00,INDEX:NDFI,90.0,90.0,90.0,90.0,0.0
2010-03-26 13:30:00,INDEX:NDFI,90.0,90.0,90.0,90.0,0.0
2010-03-29 13:30:00,INDEX:NDFI,91.0,91.0,91.0,91.0,0.0
2010-03-30 13:30:00,INDEX:NDFI,91.0,91.0,91.0,91.0,0.0
2010-03-31 13:30:00,INDEX:NDFI,89.0,89.0,89.0,89.0,0.0
2010-04-01 13:30:00,INDEX:NDFI,92.0,92.0,92.0,92.0,0.0
2010-04-05 13:30:00,INDEX:NDFI,93.0,93.0,93.0,93.0,0.0
2010-04-06 13:30:00,INDEX:NDFI,92.0,92.0,92.0,92.0,0.0
2010-04-07 13:30:00,INDEX:NDFI,90.0,90.0,90.0,90.0,0.0
2010-04-08 13:30:00,INDEX:NDFI,89.0,89.0,89.0,89.0,0.0
2010-04-09 13:30:00,INDEX:NDFI,92.0,92.0,92.0,92.0,0.0
2010-04-12 13:30:00,INDEX:NDFI,90.0,90.0,90.0,90.0,0.0
2010-04-13 13:30:00,INDEX:NDFI,90.0,90.0,90.0,90.0,0.0
2010-04-14 13:30:00,INDEX:NDFI,92.0,92.0,92.0,92.0,0.0
2010-04-15 13:30:00,INDEX:NDFI,91.0,91.0,91.0,91.0,0.0
2010-04-16 13:30:00,INDEX:NDFI,88.0,88.0,88.0,88.0,0.0
2010-04-19 13:30:00,INDEX:NDFI,86.0,86.0,86.0,86.0,0.0
2010-04-20 13:30:00,INDEX:NDFI,89.0,89.0,89.0,89.0,0.0
2010-04-21 13:30:00,INDEX:NDFI,89.0,89.0,89.0,89.0,0.0
2010-04-22 13:30:00,INDEX:NDFI,85.0,85.0,85.0,85.0,0.0
2010-04-23 13:30:00,INDEX:NDFI,86.0,86.0,86.0,86.0,0.0
2010-04-26 13:30:00,INDEX:NDFI,83.0,83.0,83.0,83.0,0.0
2010-04-27 13:30:00,INDEX:NDFI,74.0,74.0,74.0,74.0,0.0
2010-04-28 13:30:00,INDEX:NDFI,73.0,73.0,73.0,73.0,0.0
2010-04-29 13:30:00,INDEX:NDFI,79.0,79.0,79.0,79.0,0.0
2010-04-30 13:30:00,INDEX:NDFI,66.0,66.0,66.0,66.0,0.0
2010-05-03 13:30:00,INDEX:NDFI,75.0,75.0,75.0,75.0,0.0
2010-05-04 13:30:00,INDEX:NDFI,51.0,51.0,51.0,51.0,0.0
2010-05-05 13:30:00,INDEX:NDFI,45.0,45.0,45.0,45.0,0.0
2010-05-06 13:30:00,INDEX:NDFI,21.0,21.0,21.0,21.0,0.0
2010-05-07 13:30:00,INDEX:NDFI,12.0,12.0,12.0,12.0,0.0
2010-05-10 13:30:00,INDEX:NDFI,35.0,35.0,35.0,35.0,0.0
2010-05-11 13:30:00,INDEX:NDFI,33.0,33.0,33.0,33.0,0.0
2010-05-12 13:30:00,INDEX:NDFI,44.0,44.0,44.0,44.0,0.0
2010-05-13 13:30:00,INDEX:NDFI,31.0,31.0,31.0,31.0,0.0
2010-05-14 13:30:00,INDEX:NDFI,17.0,17.0,17.0,17.0,0.0
2010-05-17 13:30:00,INDEX:NDFI,18.0,18.0,18.0,18.0,0.0
2010-05-18 13:30:00,INDEX:NDFI,16.0,16.0,16.0,16.0,0.0
2010-05-19 13:30:00,INDEX:NDFI,16.0,16.0,16.0,16.0,0.0
2010-05-20 13:30:00,INDEX:NDFI,6.0,6.0,6.0,6.0,0.0
2010-05-21 13:30:00,INDEX:NDFI,7.0,7.0,7.0,7.0,0.0
2010-05-24 13:30:00,INDEX:NDFI,7.0,7.0,7.0,7.0,0.0
2010-05-25 13:30:00,INDEX:NDFI,6.0,6.0,6.0,6.0,0.0
2010-05-26 13:30:00,INDEX:NDFI,7.0,7.0,7.0,7.0,0.0
2010-05-27 13:30:00,INDEX:NDFI,16.0,16.0,16.0,16.0,0.0
2010-05-28 13:30:00,INDEX:NDFI,13.0,13.0,13.0,13.0,0.0
2010-06-01 13:30:00,INDEX:NDFI,11.0,11.0,11.0,11.0,0.0
2010-06-02 13:30:00,INDEX:NDFI,17.0,17.0,17.0,17.0,0.0
2010-06-03 13:30:00,INDEX:NDFI,20.0,20.0,20.0,20.0,0.0
2010-06-04 13:30:00,INDEX:NDFI,13.0,13.0,13.0,13.0,0.0
2010-06-07 13:30:00,INDEX:NDFI,10.0,10.0,10.0,10.0,0.0
2010-06-08 13:30:00,INDEX:NDFI,10.0,10.0,10.0,10.0,0.0
2010-06-09 13:30:00,INDEX:NDFI,9.0,9.0,9.0,9.0,0.0
2010-06-10 13:30:00,INDEX:NDFI,14.0,14.0,14.0,14.0,0.0
2010-06-11 13:30:00,INDEX:NDFI,21.0,21.0,21.0,21.0,0.0
2010-06-14 13:30:00,INDEX:NDFI,22.0,22.0,22.0,22.0,0.0
2010-06-15 13:30:00,INDEX:NDFI,41.0,41.0,41.0,41.0,0.0
2010-06-16 13:30:00,INDEX:NDFI,38.0,38.0,38.0,38.0,0.0
2010-06-17 13:30:00,INDEX:NDFI,37.0,37.0,37.0,37.0,0.0
2010-06-18 13:30:00,INDEX:NDFI,41.0,41.0,41.0,41.0,0.0
2010-06-21 13:30:00,INDEX:NDFI,37.0,37.0,37.0,37.0,0.0
2010-06-22 13:30:00,INDEX:NDFI,28.0,28.0,28.0,28.0,0.0
2010-06-23 13:30:00,INDEX:NDFI,28.0,28.0,28.0,28.0,0.0
2010-06-24 13:30:00,INDEX:NDFI,28.0,28.0,28.0,28.0,0.0
2010-06-25 13:30:00,INDEX:NDFI,27.0,27.0,27.0,27.0,0.0
2010-06-28 13:30:00,INDEX:NDFI,24.0,24.0,24.0,24.0,0.0
2010-06-29 13:30:00,INDEX:NDFI,9.0,9.0,9.0,9.0,0.0
2010-06-30 13:30:00,INDEX:NDFI,7.0,7.0,7.0,7.0,0.0
2010-07-01 13:30:00,INDEX:NDFI,8.0,8.0,8.0,8.0,0.0
2010-07-02 13:30:00,INDEX:NDFI,9.0,9.0,9.0,9.0,0.0
2010-07-06 13:30:00,INDEX:NDFI,11.0,11.0,11.0,11.0,0.0
2010-07-07 13:30:00,INDEX:NDFI,23.0,23.0,23.0,23.0,0.0
2010-07-08 13:30:00,INDEX:NDFI,23.0,23.0,23.0,23.0,0.0
2010-07-09 13:30:00,INDEX:NDFI,27.0,27.0,27.0,27.0,0.0
2010-07-12 13:30:00,INDEX:NDFI,31.0,31.0,31.0,31.0,0.0
2010-07-13 13:30:00,INDEX:NDFI,46.0,46.0,46.0,46.0,0.0
2010-07-14 13:30:00,INDEX:NDFI,53.0,53.0,53.0,53.0,0.0
2010-07-15 13:30:00,INDEX:NDFI,53.0,53.0,53.0,53.0,0.0
2010-07-16 13:30:00,INDEX:NDFI,36.0,36.0,36.0,36.0,0.0
2010-07-19 13:30:00,INDEX:NDFI,44.0,44.0,44.0,44.0,0.0
2010-07-20 13:30:00,INDEX:NDFI,47.0,47.0,47.0,47.0,0.0
2010-07-21 13:30:00,INDEX:NDFI,35.0,35.0,35.0,35.0,0.0
2010-07-22 13:30:00,INDEX:NDFI,55.0,55.0,55.0,55.0,0.0
2010-07-23 13:30:00,INDEX:NDFI,60.0,60.0,60.0,60.0,0.0
2010-07-26 13:30:00,INDEX:NDFI,64.0,64.0,64.0,64.0,0.0
2010-07-27 13:30:00,INDEX:NDFI,64.0,64.0,64.0,64.0,0.0
2010-07-28 13:30:00,INDEX:NDFI,59.0,59.0,59.0,59.0,0.0
2010-07-29 13:30:00,INDEX:NDFI,52.0,52.0,52.0,52.0,0.0
2010-07-30 13:30:00,INDEX:NDFI,60.0,60.0,60.0,60.0,0.0
2010-08-02 13:30:00,INDEX:NDFI,68.0,68.0,68.0,68.0,0.0
2010-08-03 13:30:00,INDEX:NDFI,64.0,64.0,64.0,64.0,0.0
2010-08-04 13:30:00,INDEX:NDFI,66.0,66.0,66.0,66.0,0.0
2010-08-05 13:30:00,INDEX:NDFI,64.0,64.0,64.0,64.0,0.0
2010-08-06 13:30:00,INDEX:NDFI,65.0,65.0,65.0,65.0,0.0
2010-08-09 13:30:00,INDEX:NDFI,69.0,69.0,69.0,69.0,0.0
2010-08-10 13:30:00,INDEX:NDFI,65.0,65.0,65.0,65.0,0.0
2010-08-11 13:30:00,INDEX:NDFI,46.0,46.0,46.0,46.0,0.0
2010-08-12 13:30:00,INDEX:NDFI,44.0,44.0,44.0,44.0,0.0
2010-08-13 13:30:00,INDEX:NDFI,40.0,40.0,40.0,40.0,0.0
2010-08-16 13:30:00,INDEX:NDFI,38.0,38.0,38.0,38.0,0.0
2010-08-17 13:30:00,INDEX:NDFI,42.0,42.0,42.0,42.0,0.0
2010-08-18 13:30:00,INDEX:NDFI,45.0,45.0,45.0,45.0,0.0
2010-08-19 13:30:00,INDEX:NDFI,37.0,37.0,37.0,37.0,0.0
2010-08-20 13:30:00,INDEX:NDFI,35.0,35.0,35.0,35.0,0.0
2010-08-23 13:30:00,INDEX:NDFI,33.0,33.0,33.0,33.0,0.0
2010-08-24 13:30:00,INDEX:NDFI,26.0,26.0,26.0,26.0,0.0
2010-08-25 13:30:00,INDEX:NDFI,29.0,29.0,29.0,29.0,0.0
2010-08-26 13:30:00,INDEX:NDFI,27.0,27.0,27.0,27.0,0.0
2010-08-27 13:30:00,INDEX:NDFI,35.0,35.0,35.0,35.0,0.0
2010-08-30 13:30:00,INDEX:NDFI,30.0,30.0,30.0,30.0,0.0
2010-08-31 13:30:00,INDEX:NDFI,30.0,30.0,30.0,30.0,0.0
2010-09-01 13:30:00,INDEX:NDFI,34.0,45.0,34.0,45.0,0.0
2010-09-02 13:30:00,INDEX:NDFI,45.0,58.0,45.0,57.0,0.0
2010-09-03 13:30:00,INDEX:NDFI,67.0,70.0,60.0,70.0,0.0
2010-09-07 13:30:00,INDEX:NDFI,64.0,64.0,59.0,60.0,0.0
2010-09-08 13:30:00,INDEX:NDFI,64.0,70.0,64.0,67.0,0.0
2010-09-09 13:30:00,INDEX:NDFI,69.0,71.0,65.0,68.0,0.0
2010-09-10 13:30:00,INDEX:NDFI,67.0,75.0,67.0,74.0,0.0
2010-09-13 13:30:00,INDEX:NDFI,78.0,81.0,77.0,81.0,0.0
2010-09-14 13:30:00,INDEX:NDFI,79.0,84.0,79.0,82.0,0.0
2010-09-15 13:30:00,INDEX:NDFI,80.0,84.0,80.0,84.0,0.0
2010-09-16 13:30:00,INDEX:NDFI,85.0,85.0,82.0,84.0,0.0
2010-09-17 13:30:00,INDEX:NDFI,84.0,86.0,81.0,81.0,0.0
2010-09-20 13:30:00,INDEX:NDFI,81.0,87.0,81.0,86.0,0.0
2010-09-21 13:30:00,INDEX:NDFI,88.0,88.0,83.0,84.0,0.0
2010-09-22 13:30:00,INDEX:NDFI,83.0,83.0,77.0,79.0,0.0
2010-09-23 13:30:00,INDEX:NDFI,78.0,83.0,76.0,78.0,0.0
2010-09-24 13:30:00,INDEX:NDFI,84.0,90.0,84.0,89.0,0.0
2010-09-27 13:30:00,INDEX:NDFI,86.0,90.0,84.0,84.0,0.0
2010-09-28 13:30:00,INDEX:NDFI,84.0,91.0,80.0,89.0,0.0
2010-09-29 13:30:00,INDEX:NDFI,89.0,89.0,83.0,84.0,0.0
2010-09-30 13:30:00,INDEX:NDFI,88.0,88.0,82.0,84.0,0.0
2010-10-01 13:30:00,INDEX:NDFI,85.0,85.0,85.0,85.0,0.0
2010-10-04 13:30:00,INDEX:NDFI,84.0,85.0,82.0,83.0,0.0
2010-10-05 13:30:00,INDEX:NDFI,86.0,91.0,86.0,90.0,0.0
2010-10-06 13:30:00,INDEX:NDFI,90.0,90.0,85.0,87.0,0.0
2010-10-07 13:30:00,INDEX:NDFI,88.0,90.0,85.0,87.0,0.0
2010-10-08 13:30:00,INDEX:NDFI,88.0,92.0,85.0,92.0,0.0
2010-10-11 13:30:00,INDEX:NDFI,92.0,93.0,90.0,93.0,0.0
2010-10-12 13:30:00,INDEX:NDFI,89.0,93.0,89.0,93.0,0.0
2010-10-13 13:30:00,INDEX:NDFI,93.0,94.0,93.0,94.0,0.0
2010-10-14 13:30:00,INDEX:NDFI,92.0,92.0,90.0,90.0,0.0
2010-10-15 13:30:00,INDEX:NDFI,89.0,92.0,88.0,91.0,0.0
2010-10-18 13:30:00,INDEX:NDFI,92.0,92.0,89.0,92.0,0.0
2010-10-19 13:30:00,INDEX:NDFI,87.0,90.0,85.0,86.0,0.0
2010-10-20 13:30:00,INDEX:NDFI,89.0,91.0,88.0,90.0,0.0
2010-10-21 13:30:00,INDEX:NDFI,88.0,90.0,87.0,90.0,0.0
2010-10-22 13:30:00,INDEX:NDFI,90.0,90.0,88.0,89.0,0.0
2010-10-25 13:30:00,INDEX:NDFI,89.0,90.0,89.0,89.0,0.0
2010-10-26 13:30:00,INDEX:NDFI,88.0,91.0,88.0,90.0,0.0
2010-10-27 13:30:00,INDEX:NDFI,89.0,91.0,88.0,91.0,0.0
2010-10-28 13:30:00,INDEX:NDFI,92.0,92.0,91.0,92.0,0.0
2010-10-29 13:30:00,INDEX:NDFI,92.0,92.0,89.0,90.0,0.0
2010-11-01 13:30:00,INDEX:NDFI,89.0,90.0,88.0,89.0,0.0
2010-11-02 13:30:00,INDEX:NDFI,90.0,92.0,89.0,91.0,0.0
2010-11-03 13:30:00,INDEX:NDFI,92.0,92.0,89.0,92.0,0.0
2010-11-04 13:30:00,INDEX:NDFI,95.0,95.0,90.0,92.0,0.0
2010-11-05 13:30:00,INDEX:NDFI,90.0,91.0,88.0,90.0,0.0
2010-11-08 14:30:00,INDEX:NDFI,86.0,90.0,86.0,90.0,0.0
2010-11-09 14:30:00,INDEX:NDFI,88.0,90.0,88.0,88.0,0.0
2010-11-10 14:30:00,INDEX:NDFI,85.0,87.0,84.0,87.0,0.0
2010-11-11 14:30:00,INDEX:NDFI,83.0,84.0,83.0,83.0,0.0
2010-11-12 14:30:00,INDEX:NDFI,83.0,84.0,77.0,79.0,0.0
2010-11-15 14:30:00,INDEX:NDFI,81.0,82.0,77.0,77.0,0.0
2010-11-16 14:30:00,INDEX:NDFI,75.0,76.0,65.0,68.0,0.0
2010-11-17 14:30:00,INDEX:NDFI,70.0,72.0,67.0,68.0,0.0
2010-11-18 14:30:00,INDEX:NDFI,76.0,82.0,75.0,77.0,0.0
2010-11-19 14:30:00,INDEX:NDFI,74.0,78.0,74.0,77.0,0.0
2010-11-22 14:30:00,INDEX:NDFI,78.0,80.0,73.0,78.0,0.0
2010-11-23 14:30:00,INDEX:NDFI,74.0,74.0,66.0,69.0,0.0
2010-11-24 14:30:00,INDEX:NDFI,71.0,80.0,71.0,78.0,0.0
2010-11-26 14:30:00,INDEX:NDFI,75.0,76.0,72.0,72.0,0.0
2010-11-29 14:30:00,INDEX:NDFI,71.0,71.0,67.0,71.0,0.0
2010-11-30 14:30:00,INDEX:NDFI,64.0,66.0,63.0,65.0,0.0
2010-12-01 14:30:00,INDEX:NDFI,75.0,79.0,74.0,76.0,0.0
2010-12-02 14:30:00,INDEX:NDFI,75.0,78.0,75.0,78.0,0.0
2010-12-03 14:30:00,INDEX:NDFI,80.0,81.0,80.0,81.0,0.0
2010-12-06 14:30:00,INDEX:NDFI,79.0,80.0,78.0,80.0,0.0
2010-12-07 14:30:00,INDEX:NDFI,83.0,83.0,80.0,81.0,0.0
2010-12-08 14:30:00,INDEX:NDFI,81.0,81.0,79.0,79.0,0.0
2010-12-09 14:30:00,INDEX:NDFI,80.0,80.0,80.0,80.0,0.0
2010-12-10 14:30:00,INDEX:NDFI,80.0,83.0,80.0,83.0,0.0
2010-12-13 14:30:00,INDEX:NDFI,83.0,83.0,81.0,82.0,0.0
2010-12-14 14:30:00,INDEX:NDFI,82.0,83.0,81.0,81.0,0.0
2010-12-15 14:30:00,INDEX:NDFI,82.0,85.0,77.0,77.0,0.0
2010-12-16 14:30:00,INDEX:NDFI,77.0,80.0,77.0,80.0,0.0
2010-12-17 14:30:00,INDEX:NDFI,82.0,85.0,79.0,84.0,0.0
2010-12-20 14:30:00,INDEX:NDFI,84.0,85.0,81.0,82.0,0.0
2010-12-21 14:30:00,INDEX:NDFI,82.0,85.0,82.0,84.0,0.0
2010-12-22 14:30:00,INDEX:NDFI,82.0,86.0,82.0,84.0,0.0
2010-12-23 14:30:00,INDEX:NDFI,83.0,84.0,80.0,83.0,0.0
2010-12-27 14:30:00,INDEX:NDFI,79.0,85.0,76.0,83.0,0.0
2010-12-28 14:30:00,INDEX:NDFI,81.0,83.0,77.0,82.0,0.0
2010-12-29 14:30:00,INDEX:NDFI,84.0,86.0,83.0,84.0,0.0
2010-12-30 14:30:00,INDEX:NDFI,81.0,84.0,80.0,83.0,0.0
2010-12-31 14:30:00,INDEX:NDFI,80.0,82.0,80.0,81.0,0.0
2011-01-03 14:30:00,INDEX:NDFI,87.0,88.0,86.0,87.0,0.0
2011-01-04 14:30:00,INDEX:NDFI,86.0,86.0,83.0,83.0,0.0
2011-01-05 14:30:00,INDEX:NDFI,82.0,86.0,81.0,86.0,0.0
2011-01-06 14:30:00,INDEX:NDFI,84.0,89.0,84.0,89.0,0.0
2011-01-07 14:30:00,INDEX:NDFI,88.0,90.0,78.0,85.0,0.0
2011-01-10 14:30:00,INDEX:NDFI,78.0,85.0,76.0,84.0,0.0
2011-01-11 14:30:00,INDEX:NDFI,84.0,85.0,82.0,85.0,0.0
2011-01-12 14:30:00,INDEX:NDFI,86.0,88.0,85.0,87.0,0.0
2011-01-13 14:30:00,INDEX:NDFI,86.0,88.0,84.0,85.0,0.0
2011-01-14 14:30:00,INDEX:NDFI,83.0,85.0,81.0,82.0,0.0
2011-01-18 14:30:00,INDEX:NDFI,84.0,85.0,80.0,83.0,0.0
2011-01-19 14:30:00,INDEX:NDFI,82.0,82.0,76.0,79.0,0.0
2011-01-20 14:30:00,INDEX:NDFI,71.0,80.0,71.0,78.0,0.0
2011-01-21 14:30:00,INDEX:NDFI,79.0,79.0,70.0,70.0,0.0
2011-01-24 14:30:00,INDEX:NDFI,70.0,76.0,69.0,76.0,0.0
2011-01-25 14:30:00,INDEX:NDFI,71.0,75.0,69.0,75.0,0.0
2011-01-26 14:30:00,INDEX:NDFI,73.0,77.0,73.0,77.0,0.0
2011-01-27 14:30:00,INDEX:NDFI,79.0,79.0,77.0,77.0,0.0
2011-01-28 14:30:00,INDEX:NDFI,76.0,76.0,58.0,60.0,0.0
2011-01-31 14:30:00,INDEX:NDFI,60.0,64.0,56.0,62.0,0.0
2011-02-01 14:30:00,INDEX:NDFI,67.0,74.0,66.0,70.0,0.0
2011-02-02 14:30:00,INDEX:NDFI,69.0,70.0,65.0,69.0,0.0
2011-02-03 14:30:00,INDEX:NDFI,67.0,71.0,62.0,70.0,0.0
2011-02-04 14:30:00,INDEX:NDFI,68.0,74.0,67.0,74.0,0.0
2011-02-07 14:30:00,INDEX:NDFI,73.0,75.0,73.0,74.0,0.0
2011-02-08 14:30:00,INDEX:NDFI,71.0,76.0,71.0,75.0,0.0
2011-02-09 14:30:00,INDEX:NDFI,74.0,74.0,72.0,73.0,0.0
2011-02-10 14:30:00,INDEX:NDFI,70.0,74.0,69.0,73.0,0.0
2011-02-11 14:30:00,INDEX:NDFI,72.0,76.0,72.0,76.0,0.0
2011-02-14 14:30:00,INDEX:NDFI,74.0,76.0,74.0,76.0,0.0
2011-02-15 14:30:00,INDEX:NDFI,74.0,75.0,74.0,74.0,0.0
2011-02-16 14:30:00,INDEX:NDFI,77.0,77.0,75.0,76.0,0.0
2011-02-17 14:30:00,INDEX:NDFI,74.0,75.0,74.0,75.0,0.0
2011-02-18 14:30:00,INDEX:NDFI,75.0,75.0,74.0,75.0,0.0
2011-02-22 14:30:00,INDEX:NDFI,71.0,74.0,68.0,69.0,0.0
2011-02-23 14:30:00,INDEX:NDFI,66.0,66.0,52.0,55.0,0.0
2011-02-24 14:30:00,INDEX:NDFI,60.0,63.0,51.0,61.0,0.0
2011-02-25 14:30:00,INDEX:NDFI,64.0,70.0,63.0,67.0,0.0
2011-02-28 14:30:00,INDEX:NDFI,69.0,70.0,63.0,66.0,0.0
2011-03-01 14:30:00,INDEX:NDFI,65.0,67.0,55.0,57.0,0.0
2011-03-02 14:30:00,INDEX:NDFI,58.0,60.0,55.0,56.0,0.0
2011-03-03 14:30:00,INDEX:NDFI,62.0,69.0,62.0,67.0,0.0
2011-03-04 14:30:00,INDEX:NDFI,66.0,67.0,57.0,62.0,0.0
2011-03-07 14:30:00,INDEX:NDFI,63.0,64.0,53.0,56.0,0.0
2011-03-08 14:30:00,INDEX:NDFI,53.0,61.0,53.0,59.0,0.0
2011-03-09 14:30:00,INDEX:NDFI,53.0,57.0,52.0,54.0,0.0
2011-03-10 14:30:00,INDEX:NDFI,47.0,50.0,44.0,45.0,0.0
2011-03-11 14:30:00,INDEX:NDFI,46.0,47.0,41.0,46.0,0.0
2011-03-14 13:30:00,INDEX:NDFI,45.0,50.0,38.0,43.0,0.0
2011-03-15 13:30:00,INDEX:NDFI,28.0,35.0,28.0,33.0,0.0
2011-03-16 13:30:00,INDEX:NDFI,32.0,33.0,21.0,24.0,0.0
2011-03-17 13:30:00,INDEX:NDFI,26.0,32.0,22.0,25.0,0.0
2011-03-18 13:30:00,INDEX:NDFI,32.0,33.0,25.0,28.0,0.0
2011-03-21 13:30:00,INDEX:NDFI,35.0,40.0,35.0,39.0,0.0
2011-03-22 13:30:00,INDEX:NDFI,34.0,35.0,30.0,35.0,0.0
2011-03-23 13:30:00,INDEX:NDFI,27.0,40.0,25.0,35.0,0.0
2011-03-24 13:30:00,INDEX:NDFI,43.0,54.0,40.0,53.0,0.0
2011-03-25 13:30:00,INDEX:NDFI,53.0,59.0,53.0,53.0,0.0
2011-03-28 13:30:00,INDEX:NDFI,54.0,56.0,48.0,48.0,0.0
2011-03-29 13:30:00,INDEX:NDFI,47.0,60.0,47.0,59.0,0.0
2011-03-30 13:30:00,INDEX:NDFI,66.0,70.0,62.0,68.0,0.0
2011-03-31 13:30:00,INDEX:NDFI,69.0,69.0,63.0,67.0,0.0
2011-04-01 13:30:00,INDEX:NDFI,68.0,74.0,68.0,70.0,0.0
2011-04-04 13:30:00,INDEX:NDFI,71.0,71.0,68.0,71.0,0.0
2011-04-05 13:30:00,INDEX:NDFI,71.0,73.0,69.0,71.0,0.0
2011-04-06 13:30:00,INDEX:NDFI,75.0,75.0,70.0,74.0,0.0
2011-04-07 13:30:00,INDEX:NDFI,73.0,74.0,68.0,70.0,0.0
2011-04-08 13:30:00,INDEX:NDFI,72.0,72.0,62.0,67.0,0.0
2011-04-11 13:30:00,INDEX:NDFI,68.0,69.0,64.0,66.0,0.0
2011-04-12 13:30:00,INDEX:NDFI,57.0,57.0,54.0,56.0,0.0
2011-04-13 13:30:00,INDEX:NDFI,61.0,65.0,56.0,60.0,0.0
2011-04-14 13:30:00,INDEX:NDFI,56.0,61.0,53.0,60.0,0.0
2011-04-15 13:30:00,INDEX:NDFI,58.0,64.0,58.0,63.0,0.0
2011-04-18 13:30:00,INDEX:NDFI,50.0,54.0,44.0,52.0,0.0
2011-04-19 13:30:00,INDEX:NDFI,55.0,55.0,48.0,55.0,0.0
2011-04-20 13:30:00,INDEX:NDFI,70.0,76.0,70.0,74.0,0.0
2011-04-21 13:30:00,INDEX:NDFI,77.0,79.0,74.0,79.0,0.0
2011-04-25 13:30:00,INDEX:NDFI,79.0,79.0,74.0,75.0,0.0
2011-04-26 13:30:00,INDEX:NDFI,75.0,81.0,75.0,80.0,0.0
2011-04-27 13:30:00,INDEX:NDFI,82.0,83.0,80.0,83.0,0.0
2011-04-28 13:30:00,INDEX:NDFI,81.0,84.0,80.0,82.0,0.0
2011-04-29 13:30:00,INDEX:NDFI,83.0,83.0,79.0,80.0,0.0
2011-05-02 13:30:00,INDEX:NDFI,78.0,80.0,78.0,80.0,0.0
2011-05-03 13:30:00,INDEX:NDFI,76.0,77.0,71.0,74.0,0.0
2011-05-04 13:30:00,INDEX:NDFI,74.0,74.0,70.0,72.0,0.0
2011-05-05 13:30:00,INDEX:NDFI,72.0,75.0,68.0,72.0,0.0
2011-05-06 13:30:00,INDEX:NDFI,80.0,82.0,74.0,75.75,0.0
2011-05-09 13:30:00,INDEX:NDFI,74.74,78.78,74.74,77.77,0.0
2011-05-10 13:30:00,INDEX:NDFI,78.78,82.82,78.78,81.81,0.0
2011-05-11 13:30:00,INDEX:NDFI,81.81,81.81,76.76,78.78,0.0
2011-05-12 13:30:00,INDEX:NDFI,72.72,81.81,72.72,81.81,0.0
2011-05-13 13:30:00,INDEX:NDFI,78.78,78.78,73.73,74.74,0.0
2011-05-16 13:30:00,INDEX:NDFI,73.73,74.74,66.66,66.66,0.0
2011-05-17 13:30:00,INDEX:NDFI,63.63,66.66,62.62,66.66,0.0
2011-05-18 13:30:00,INDEX:NDFI,67.67,69.69,67.67,68.68,0.0
2011-05-19 13:30:00,INDEX:NDFI,71.71,71.71,67.67,70.7,0.0
2011-05-20 13:30:00,INDEX:NDFI,69.69,71.71,65.65,68.68,0.0
2011-05-23 13:30:00,INDEX:NDFI,53.53,56.56,53.53,53.53,0.0
2011-05-24 13:30:00,INDEX:NDFI,55.55,57.57,50.5,51.51,0.0
2011-05-25 13:30:00,INDEX:NDFI,50.5,54.54,49.49,53.53,0.0
2011-05-26 13:30:00,INDEX:NDFI,51.51,60.6,51.51,56.56,0.0
2011-05-27 13:30:00,INDEX:NDFI,61.61,61.61,57.57,59.59,0.0
2011-05-31 13:30:00,INDEX:NDFI,64.64,68.68,60.6,68.68,0.0
2011-06-01 13:30:00,INDEX:NDFI,64.64,64.64,51.0,51.0,0.0
2011-06-02 13:30:00,INDEX:NDFI,51.0,55.0,50.0,51.0,0.0
2011-06-03 13:30:00,INDEX:NDFI,44.0,45.0,38.0,38.0,0.0
2011-06-06 13:30:00,INDEX:NDFI,37.0,38.0,29.0,29.0,0.0
2011-06-07 13:30:00,INDEX:NDFI,30.0,34.0,29.0,31.0,0.0
2011-06-08 13:30:00,INDEX:NDFI,29.0,29.0,26.0,27.0,0.0
2011-06-09 13:30:00,INDEX:NDFI,26.0,32.0,26.0,26.0,0.0
2011-06-10 13:30:00,INDEX:NDFI,24.0,26.0,18.0,18.0,0.0
2011-06-13 13:30:00,INDEX:NDFI,21.0,22.0,18.0,18.0,0.0
2011-06-14 13:30:00,INDEX:NDFI,21.0,27.0,21.0,24.0,0.0
2011-06-15 13:30:00,INDEX:NDFI,19.0,23.0,16.0,16.0,0.0
2011-06-16 13:30:00,INDEX:NDFI,15.0,15.0,11.0,12.0,0.0
2011-06-17 13:30:00,INDEX:NDFI,16.0,20.0,16.0,16.0,0.0
2011-06-20 13:30:00,INDEX:NDFI,16.0,21.0,16.0,20.0,0.0
2011-06-21 13:30:00,INDEX:NDFI,23.0,32.0,23.0,30.0,0.0
2011-06-22 13:30:00,INDEX:NDFI,29.0,31.0,28.0,29.0,0.0
2011-06-23 13:30:00,INDEX:NDFI,19.0,29.0,16.0,29.0,0.0
2011-06-24 13:30:00,INDEX:NDFI,28.0,28.0,21.0,23.0,0.0
2011-06-27 13:30:00,INDEX:NDFI,24.0,32.0,24.0,30.0,0.0
2011-06-28 13:30:00,INDEX:NDFI,35.0,40.0,32.0,40.0,0.0
2011-06-29 13:30:00,INDEX:NDFI,39.0,46.0,39.0,41.0,0.0
2011-06-30 13:30:00,INDEX:NDFI,46.0,55.0,46.0,55.0,0.0
2011-07-01 13:30:00,INDEX:NDFI,56.0,68.0,56.0,68.0,0.0
2011-07-05 13:30:00,INDEX:NDFI,62.0,67.0,62.0,65.0,0.0
2011-07-06 13:30:00,INDEX:NDFI,66.0,70.0,65.0,69.0,0.0
2011-07-07 13:30:00,INDEX:NDFI,72.0,80.0,72.0,78.0,0.0
2011-07-08 13:30:00,INDEX:NDFI,74.0,74.0,71.0,74.0,0.0
2011-07-11 13:30:00,INDEX:NDFI,72.0,73.0,64.0,67.0,0.0
2011-07-12 13:30:00,INDEX:NDFI,62.0,65.0,56.0,56.0,0.0
2011-07-13 13:30:00,INDEX:NDFI,64.0,69.0,57.0,59.0,0.0
2011-07-14 13:30:00,INDEX:NDFI,58.0,63.0,43.0,47.0,0.0
2011-07-15 13:30:00,INDEX:NDFI,45.0,48.0,42.0,47.0,0.0
2011-07-18 13:30:00,INDEX:NDFI,44.0,44.0,37.0,39.0,0.0
2011-07-19 13:30:00,INDEX:NDFI,51.0,56.0,50.0,55.0,0.0
2011-07-20 13:30:00,INDEX:NDFI,50.0,52.0,46.0,48.0,0.0
2011-07-21 13:30:00,INDEX:NDFI,51.0,58.0,51.0,56.0,0.0
2011-07-22 13:30:00,INDEX:NDFI,60.0,63.0,58.0,63.0,0.0
2011-07-25 13:30:00,INDEX:NDFI,58.0,62.0,57.0,58.0,0.0
2011-07-26 13:30:00,INDEX:NDFI,58.0,59.0,54.0,56.0,0.0
2011-07-27 13:30:00,INDEX:NDFI,42.0,42.0,37.0,37.0,0.0
2011-07-28 13:30:00,INDEX:NDFI,37.0,42.0,37.0,38.0,0.0
2011-07-29 13:30:00,INDEX:NDFI,30.0,40.0,30.0,36.0,0.0
2011-08-01 13:30:00,INDEX:NDFI,43.0,43.0,29.0,34.0,0.0
2011-08-02 13:30:00,INDEX:NDFI,32.0,34.0,21.0,22.0,0.0
2011-08-03 13:30:00,INDEX:NDFI,21.0,23.0,16.0,23.0,0.0
2011-08-04 13:30:00,INDEX:NDFI,21.0,21.0,9.0,9.0,0.0
2011-08-05 13:30:00,INDEX:NDFI,12.0,12.0,5.0,7.0,0.0
2011-08-08 13:30:00,INDEX:NDFI,6.0,6.0,1.98,1.98,0.0
2011-08-09 13:30:00,INDEX:NDFI,2.97,7.92,2.97,7.92,0.0
2011-08-10 13:30:00,INDEX:NDFI,3.96,5.94,2.97,3.96,0.0
2011-08-11 13:30:00,INDEX:NDFI,4.95,10.89,4.95,5.94,0.0
2011-08-12 13:30:00,INDEX:NDFI,6.93,12.87,6.93,8.91,0.0
2011-08-15 13:30:00,INDEX:NDFI,13.86,14.85,11.88,14.85,0.0
2011-08-16 13:30:00,INDEX:NDFI,11.88,13.86,10.89,12.87,0.0
2011-08-17 13:30:00,INDEX:NDFI,12.87,14.85,10.89,12.87,0.0
2011-08-18 13:30:00,INDEX:NDFI,4.95,4.95,1.98,2.97,0.0
2011-08-19 13:30:00,INDEX:NDFI,0.99,4.95,0.99,0.99,0.0
2011-08-22 13:30:00,INDEX:NDFI,3.96,3.96,0.99,1.98,0.0
2011-08-23 13:30:00,INDEX:NDFI,1.98,8.91,1.98,8.91,0.0
2011-08-24 13:30:00,INDEX:NDFI,8.91,10.89,6.93,9.9,0.0
2011-08-25 13:30:00,INDEX:NDFI,10.89,10.89,6.93,6.93,0.0
2011-08-26 13:30:00,INDEX:NDFI,6.93,10.89,5.94,9.9,0.0
2011-08-29 13:30:00,INDEX:NDFI,17.82,25.74,16.83,25.74,0.0
2011-08-30 13:30:00,INDEX:NDFI,26.73,38.61,21.78,32.67,0.0
2011-08-31 13:30:00,INDEX:NDFI,36.63,38.61,28.71,31.68,0.0
2011-09-01 13:30:00,INDEX:NDFI,32.67,35.64,25.74,25.74,0.0
2011-09-02 13:30:00,INDEX:NDFI,19.8,21.78,16.83,17.82,0.0
2011-09-06 13:30:00,INDEX:NDFI,7.92,20.79,7.92,18.81,0.0
2011-09-07 13:30:00,INDEX:NDFI,27.72,31.68,25.74,31.68,0.0
2011-09-08 13:30:00,INDEX:NDFI,31.68,35.64,27.72,31.68,0.0
2011-09-09 13:30:00,INDEX:NDFI,22.77,29.7,17.82,19.8,0.0
2011-09-12 13:30:00,INDEX:NDFI,18.81,32.67,16.83,32.67,0.0
2011-09-13 13:30:00,INDEX:NDFI,31.68,37.62,31.68,36.63,0.0
2011-09-14 13:30:00,INDEX:NDFI,41.58,51.0,32.0,47.0,0.0
2011-09-15 13:30:00,INDEX:NDFI,52.0,56.0,50.0,54.0,0.0
2011-09-16 13:30:00,INDEX:NDFI,59.0,62.0,55.0,57.0,0.0
2011-09-19 13:30:00,INDEX:NDFI,49.0,54.0,47.0,53.0,0.0
2011-09-20 13:30:00,INDEX:NDFI,52.0,59.0,49.0,49.0,0.0
2011-09-21 13:30:00,INDEX:NDFI,51.0,54.0,43.0,43.0,0.0
2011-09-22 13:30:00,INDEX:NDFI,29.0,30.0,22.0,26.0,0.0
2011-09-23 13:30:00,INDEX:NDFI,30.0,37.0,24.0,34.0,0.0
2011-09-26 13:30:00,INDEX:NDFI,37.0,41.0,25.0,41.0,0.0
2011-09-27 13:30:00,INDEX:NDFI,45.0,61.0,45.0,49.0,0.0
2011-09-28 13:30:00,INDEX:NDFI,60.0,60.0,37.0,37.0,0.0
2011-09-29 13:30:00,INDEX:NDFI,53.0,53.0,23.0,31.0,0.0
2011-09-30 13:30:00,INDEX:NDFI,24.0,30.0,21.0,21.0,0.0
2011-10-03 13:30:00,INDEX:NDFI,20.0,24.0,11.0,13.0,0.0
2011-10-04 13:30:00,INDEX:NDFI,11.0,23.0,9.0,23.0,0.0
2011-10-05 13:30:00,INDEX:NDFI,26.0,44.0,24.0,44.0,0.0
2011-10-06 13:30:00,INDEX:NDFI,45.0,59.0,43.0,58.0,0.0
2011-10-07 13:30:00,INDEX:NDFI,57.0,65.0,53.0,56.0,0.0
2011-10-10 13:30:00,INDEX:NDFI,67.0,70.0,67.0,70.0,0.0
2011-10-11 13:30:00,INDEX:NDFI,71.0,75.0,71.0,72.0,0.0
2011-10-12 13:30:00,INDEX:NDFI,76.0,79.0,76.0,76.0,0.0
2011-10-13 13:30:00,INDEX:NDFI,76.0,77.0,75.0,77.0,0.0
2011-10-14 13:30:00,INDEX:NDFI,81.0,81.0,79.0,81.0,0.0
2011-10-17 13:30:00,INDEX:NDFI,81.0,81.0,77.0,77.0,0.0
2011-10-18 13:30:00,INDEX:NDFI,75.0,79.0,74.0,78.0,0.0
2011-10-19 13:30:00,INDEX:NDFI,79.0,80.0,76.0,77.0,0.0
2011-10-20 13:30:00,INDEX:NDFI,76.0,78.0,69.0,76.0,0.0
2011-10-21 13:30:00,INDEX:NDFI,81.0,81.0,80.0,81.0,0.0
2011-10-24 13:30:00,INDEX:NDFI,84.0,85.0,83.0,85.0,0.0
2011-10-25 13:30:00,INDEX:NDFI,84.0,86.0,84.0,84.0,0.0
2011-10-26 13:30:00,INDEX:NDFI,85.0,85.0,79.0,82.0,0.0
2011-10-27 13:30:00,INDEX:NDFI,88.0,88.0,86.0,87.0,0.0
2011-10-28 13:30:00,INDEX:NDFI,85.0,88.0,85.0,85.0,0.0
2011-10-31 13:30:00,INDEX:NDFI,84.0,85.0,81.0,81.0,0.0
2011-11-01 13:30:00,INDEX:NDFI,72.0,76.0,67.0,70.0,0.0
2011-11-02 13:30:00,INDEX:NDFI,74.0,74.0,70.0,70.0,0.0
2011-11-03 13:30:00,INDEX:NDFI,72.0,80.0,70.0,79.0,0.0
2011-11-04 13:30:00,INDEX:NDFI,78.0,78.0,71.0,77.0,0.0
2011-11-07 14:30:00,INDEX:NDFI,83.0,83.0,71.0,81.0,0.0
2011-11-08 14:30:00,INDEX:NDFI,85.0,86.0,78.0,86.0,0.0
2011-11-09 14:30:00,INDEX:NDFI,73.0,76.0,66.0,66.0,0.0
2011-11-10 14:30:00,INDEX:NDFI,68.0,70.0,64.0,69.0,0.0
2011-11-11 14:30:00,INDEX:NDFI,71.0,80.0,71.0,78.0,0.0
2011-11-14 14:30:00,INDEX:NDFI,74.0,78.0,73.0,73.0,0.0
2011-11-15 14:30:00,INDEX:NDFI,73.0,78.0,71.0,76.0,0.0
2011-11-16 14:30:00,INDEX:NDFI,74.0,77.0,66.0,66.0,0.0
2011-11-17 14:30:00,INDEX:NDFI,55.0,60.0,43.0,47.0,0.0
2011-11-18 14:30:00,INDEX:NDFI,42.0,45.0,40.0,41.0,0.0
2011-11-21 14:30:00,INDEX:NDFI,33.0,34.0,27.0,30.0,0.0
2011-11-22 14:30:00,INDEX:NDFI,27.0,32.0,25.0,29.0,0.0
2011-11-23 14:30:00,INDEX:NDFI,23.0,24.0,19.0,19.0,0.0
2011-11-25 14:30:00,INDEX:NDFI,21.0,23.0,18.0,18.0,0.0
2011-11-28 14:30:00,INDEX:NDFI,35.0,39.0,26.0,33.0,0.0
2011-11-29 14:30:00,INDEX:NDFI,32.0,42.0,30.0,35.0,0.0
2011-11-30 14:30:00,INDEX:NDFI,57.0,64.0,56.0,64.0,0.0
2011-12-01 14:30:00,INDEX:NDFI,65.0,67.0,63.0,64.0,0.0
2011-12-02 14:30:00,INDEX:NDFI,65.0,69.0,63.0,63.0,0.0
2011-12-05 14:30:00,INDEX:NDFI,68.0,72.0,66.0,68.0,0.0
2011-12-06 14:30:00,INDEX:NDFI,67.0,68.0,66.0,66.66,0.0
2011-12-07 14:30:00,INDEX:NDFI,57.57,64.64,55.55,62.62,0.0
2011-12-08 14:30:00,INDEX:NDFI,61.61,62.62,49.49,49.49,0.0
2011-12-09 14:30:00,INDEX:NDFI,51.51,64.64,51.51,62.62,0.0
2011-12-12 14:30:00,INDEX:NDFI,47.47,51.51,42.42,49.49,0.0
2011-12-13 14:30:00,INDEX:NDFI,58.58,58.58,35.35,37.37,0.0
2011-12-14 14:30:00,INDEX:NDFI,34.34,34.34,24.24,27.27,0.0
2011-12-15 14:30:00,INDEX:NDFI,29.29,29.29,22.22,27.27,0.0
2011-12-16 14:30:00,INDEX:NDFI,29.29,35.35,25.25,27.27,0.0
2011-12-19 14:30:00,INDEX:NDFI,32.32,34.34,19.19,19.19,0.0
2011-12-20 14:30:00,INDEX:NDFI,38.38,47.47,37.37,45.91,0.0
2011-12-21 14:30:00,INDEX:NDFI,38.77,40.81,28.57,40.81,0.0
2011-12-22 14:30:00,INDEX:NDFI,45.91,48.97,44.89,47.95,0.0
2011-12-23 14:30:00,INDEX:NDFI,50.0,51.02,45.91,51.02,0.0
2011-12-27 14:30:00,INDEX:NDFI,51.02,55.1,51.02,53.06,0.0
2011-12-28 14:30:00,INDEX:NDFI,50.0,50.0,39.79,40.81,0.0
2011-12-29 14:30:00,INDEX:NDFI,44.89,50.0,42.85,50.0,0.0
2011-12-30 14:30:00,INDEX:NDFI,48.97,51.02,44.89,45.91,0.0
2012-01-03 14:30:00,INDEX:NDFI,59.18,61.22,52.04,55.1,0.0
2012-01-04 14:30:00,INDEX:NDFI,51.02,55.1,50.0,54.08,0.0
2012-01-05 14:30:00,INDEX:NDFI,48.97,58.16,48.97,57.14,0.0
2012-01-06 14:30:00,INDEX:NDFI,59.18,64.28,57.14,61.22,0.0
2012-01-09 14:30:00,INDEX:NDFI,62.24,64.28,60.2,64.28,0.0
2012-01-10 14:30:00,INDEX:NDFI,72.44,78.57,72.44,73.46,0.0
2012-01-11 14:30:00,INDEX:NDFI,74.48,76.53,72.44,76.53,0.0
2012-01-12 14:30:00,INDEX:NDFI,74.48,79.59,74.48,78.57,0.0
2012-01-13 14:30:00,INDEX:NDFI,71.42,72.44,66.32,67.34,0.0
2012-01-17 14:30:00,INDEX:NDFI,74.48,75.51,72.44,72.44,0.0
2012-01-18 14:30:00,INDEX:NDFI,76.53,83.67,76.53,82.65,0.0
2012-01-19 14:30:00,INDEX:NDFI,84.69,88.77,84.69,87.75,0.0
2012-01-20 14:30:00,INDEX:NDFI,87.75,87.75,83.67,86.73,0.0
2012-01-23 14:30:00,INDEX:NDFI,88.77,90.81,81.63,84.69,0.0
2012-01-24 14:30:00,INDEX:NDFI,83.67,87.75,83.67,86.73,0.0
2012-01-25 14:30:00,INDEX:NDFI,82.65,91.83,81.63,90.81,0.0
2012-01-26 14:30:00,INDEX:NDFI,88.77,89.79,85.71,86.73,0.0
2012-01-27 14:30:00,INDEX:NDFI,88.77,91.83,87.75,90.81,0.0
2012-01-30 14:30:00,INDEX:NDFI,87.75,90.81,85.71,89.79,0.0
2012-01-31 14:30:00,INDEX:NDFI,89.79,89.79,86.73,88.77,0.0
2012-02-01 14:30:00,INDEX:NDFI,88.77,92.85,88.77,91.83,0.0
2012-02-02 14:30:00,INDEX:NDFI,90.81,91.83,89.79,91.83,0.0
2012-02-03 14:30:00,INDEX:NDFI,93.87,95.91,93.87,95.91,0.0
2012-02-06 14:30:00,INDEX:NDFI,93.87,94.89,92.85,93.87,0.0
2012-02-07 14:30:00,INDEX:NDFI,94.89,94.89,93.87,94.89,0.0
2012-02-08 14:30:00,INDEX:NDFI,94.89,96.93,91.83,95.91,0.0
2012-02-09 14:30:00,INDEX:NDFI,92.85,95.91,91.83,93.87,0.0
2012-02-10 14:30:00,INDEX:NDFI,89.79,91.83,88.77,91.83,0.0
2012-02-13 14:30:00,INDEX:NDFI,92.85,92.85,88.77,92.85,0.0
2012-02-14 14:30:00,INDEX:NDFI,89.79,89.79,84.69,87.75,0.0
2012-02-15 14:30:00,INDEX:NDFI,87.75,89.79,84.69,85.71,0.0
2012-02-16 14:30:00,INDEX:NDFI,87.75,89.79,84.69,89.79,0.0
2012-02-17 14:30:00,INDEX:NDFI,90.81,90.81,89.79,89.79,0.0
2012-02-21 14:30:00,INDEX:NDFI,88.77,88.77,84.69,86.73,0.0
2012-02-22 14:30:00,INDEX:NDFI,85.71,85.71,82.65,83.67,0.0
2012-02-23 14:30:00,INDEX:NDFI,80.61,87.75,80.61,85.71,0.0
2012-02-24 14:30:00,INDEX:NDFI,86.73,87.75,85.71,85.71,0.0
2012-02-27 14:30:00,INDEX:NDFI,79.59,86.73,79.59,84.69,0.0
2012-02-28 14:30:00,INDEX:NDFI,84.69,88.77,83.67,85.71,0.0
2012-02-29 14:30:00,INDEX:NDFI,85.71,86.73,81.63,82.65,0.0
2012-03-01 14:30:00,INDEX:NDFI,83.67,86.73,83.67,86.73,0.0
2012-03-02 14:30:00,INDEX:NDFI,84.69,85.71,84.69,84.69,0.0
2012-03-05 14:30:00,INDEX:NDFI,83.67,83.67,74.48,76.53,0.0
2012-03-06 14:30:00,INDEX:NDFI,71.42,71.42,63.26,68.36,0.0
2012-03-07 14:30:00,INDEX:NDFI,68.36,73.46,68.36,72.44,0.0
2012-03-08 14:30:00,INDEX:NDFI,75.51,81.63,72.44,79.59,0.0
2012-03-09 14:30:00,INDEX:NDFI,79.59,81.63,78.57,80.61,0.0
2012-03-12 13:30:00,INDEX:NDFI,78.57,79.59,75.51,79.59,0.0
2012-03-13 13:30:00,INDEX:NDFI,79.59,80.61,76.53,80.61,0.0
2012-03-14 13:30:00,INDEX:NDFI,81.63,82.65,80.61,80.61,0.0
2012-03-15 13:30:00,INDEX:NDFI,80.61,85.71,80.61,85.71,0.0
2012-03-16 13:30:00,INDEX:NDFI,81.63,82.65,79.59,80.61,0.0
2012-03-19 13:30:00,INDEX:NDFI,78.57,84.69,78.57,83.67,0.0
2012-03-20 13:30:00,INDEX:NDFI,79.59,82.65,78.57,79.59,0.0
2012-03-21 13:30:00,INDEX:NDFI,80.61,82.65,77.55,81.63,0.0
2012-03-22 13:30:00,INDEX:NDFI,80.61,80.61,75.51,78.57,0.0
2012-03-23 13:30:00,INDEX:NDFI,76.53,77.55,71.42,76.53,0.0
2012-03-26 13:30:00,INDEX:NDFI,80.61,83.67,77.55,83.67,0.0
2012-03-27 13:30:00,INDEX:NDFI,83.67,84.69,81.63,84.69,0.0
2012-03-28 13:30:00,INDEX:NDFI,78.57,81.63,74.48,76.53,0.0
2012-03-29 13:30:00,INDEX:NDFI,73.46,78.57,69.38,77.55,0.0
2012-03-30 13:30:00,INDEX:NDFI,80.61,87.75,74.48,85.71,0.0
2012-04-02 13:30:00,INDEX:NDFI,78.57,86.73,76.53,86.73,0.0
2012-04-03 13:30:00,INDEX:NDFI,85.71,85.71,76.0,78.0,0.0
2012-04-04 13:30:00,INDEX:NDFI,74.0,74.0,64.0,66.0,0.0
2012-04-05 13:30:00,INDEX:NDFI,65.0,67.0,62.0,65.0,0.0
2012-04-09 13:30:00,INDEX:NDFI,52.0,54.0,50.0,51.0,0.0
2012-04-10 13:30:00,INDEX:NDFI,49.0,50.0,33.0,35.0,0.0
2012-04-11 13:30:00,INDEX:NDFI,41.0,43.0,35.0,42.0,0.0
2012-04-12 13:30:00,INDEX:NDFI,43.0,53.0,43.0,53.0,0.0
2012-04-13 13:30:00,INDEX:NDFI,49.0,50.0,42.0,42.0,0.0
2012-04-16 13:30:00,INDEX:NDFI,39.0,40.0,34.0,36.0,0.0
2012-04-17 13:30:00,INDEX:NDFI,44.0,61.0,42.0,51.0,0.0
2012-04-18 13:30:00,INDEX:NDFI,48.0,55.0,47.0,51.0,0.0
2012-04-19 13:30:00,INDEX:NDFI,52.0,64.0,42.0,43.0,0.0
2012-04-20 13:30:00,INDEX:NDFI,45.0,50.0,44.0,44.0,0.0
2012-04-23 13:30:00,INDEX:NDFI,33.0,38.0,30.0,36.0,0.0
2012-04-24 13:30:00,INDEX:NDFI,33.0,37.0,31.0,35.0,0.0
2012-04-25 13:30:00,INDEX:NDFI,38.0,42.0,38.0,41.0,0.0
2012-04-26 13:30:00,INDEX:NDFI,39.0,47.0,39.0,46.0,0.0
2012-04-27 13:30:00,INDEX:NDFI,48.0,55.0,47.0,52.0,0.0
2012-04-30 13:30:00,INDEX:NDFI,49.0,53.0,49.0,53.0,0.0
2012-05-01 13:30:00,INDEX:NDFI,54.0,58.16,50.0,50.0,0.0
2012-05-02 13:30:00,INDEX:NDFI,48.97,51.02,43.87,50.0,0.0
2012-05-03 13:30:00,INDEX:NDFI,48.0,50.0,43.0,43.0,0.0
2012-05-04 13:30:00,INDEX:NDFI,35.0,38.0,28.0,28.0,0.0
2012-05-07 13:30:00,INDEX:NDFI,27.0,31.0,27.0,27.0,0.0
2012-05-08 13:30:00,INDEX:NDFI,25.0,25.0,22.0,25.0,0.0
2012-05-09 13:30:00,INDEX:NDFI,22.0,24.0,21.0,24.0,0.0
2012-05-10 13:30:00,INDEX:NDFI,25.0,25.0,24.0,24.0,0.0
2012-05-11 13:30:00,INDEX:NDFI,25.0,28.0,24.0,25.0,0.0
2012-05-14 13:30:00,INDEX:NDFI,23.0,25.0,22.0,23.0,0.0
2012-05-15 13:30:00,INDEX:NDFI,25.0,25.0,22.0,22.0,0.0
2012-05-16 13:30:00,INDEX:NDFI,22.0,24.0,21.0,22.0,0.0
2012-05-17 13:30:00,INDEX:NDFI,20.0,22.0,15.0,15.0,0.0
2012-05-18 13:30:00,INDEX:NDFI,15.0,15.0,12.0,13.0,0.0
2012-05-21 13:30:00,INDEX:NDFI,12.0,16.0,11.0,15.0,0.0
2012-05-22 13:30:00,INDEX:NDFI,17.0,20.0,16.0,17.0,0.0
2012-05-23 13:30:00,INDEX:NDFI,16.0,20.0,14.0,20.0,0.0
2012-05-24 13:30:00,INDEX:NDFI,17.0,20.0,17.0,19.0,0.0
2012-05-25 13:30:00,INDEX:NDFI,20.0,21.0,18.0,19.0,0.0
2012-05-29 13:30:00,INDEX:NDFI,23.0,25.0,20.0,23.0,0.0
2012-05-30 13:30:00,INDEX:NDFI,17.0,19.0,17.0,18.0,0.0
2012-05-31 13:30:00,INDEX:NDFI,18.0,19.0,17.0,18.0,0.0
2012-06-01 13:30:00,INDEX:NDFI,12.0,13.0,10.0,12.0,0.0
2012-06-04 13:30:00,INDEX:NDFI,12.0,14.0,10.0,14.0,0.0
2012-06-05 13:30:00,INDEX:NDFI,13.0,15.0,13.0,15.0,0.0
2012-06-06 13:30:00,INDEX:NDFI,17.0,26.0,17.0,25.0,0.0
2012-06-07 13:30:00,INDEX:NDFI,30.0,30.0,24.0,24.0,0.0
2012-06-08 13:30:00,INDEX:NDFI,23.0,27.0,23.0,24.0,0.0
2012-06-11 13:30:00,INDEX:NDFI,28.0,28.0,19.0,20.0,0.0
2012-06-12 13:30:00,INDEX:NDFI,24.0,28.0,21.0,28.0,0.0
2012-06-13 13:30:00,INDEX:NDFI,28.0,31.0,24.0,25.0,0.0
2012-06-14 13:30:00,INDEX:NDFI,25.0,32.0,25.0,31.0,0.0
2012-06-15 13:30:00,INDEX:NDFI,33.0,40.0,33.0,39.0,0.0
2012-06-18 13:30:00,INDEX:NDFI,41.0,44.0,40.0,43.0,0.0
2012-06-19 13:30:00,INDEX:NDFI,47.0,55.0,47.0,54.0,0.0
2012-06-20 13:30:00,INDEX:NDFI,52.0,57.0,51.0,57.0,0.0
2012-06-21 13:30:00,INDEX:NDFI,54.0,54.0,36.0,36.0,0.0
2012-06-22 13:30:00,INDEX:NDFI,38.0,48.0,38.0,47.0,0.0
2012-06-25 13:30:00,INDEX:NDFI,35.0,38.0,28.0,32.0,0.0
2012-06-26 13:30:00,INDEX:NDFI,34.0,39.0,31.0,36.0,0.0
2012-06-27 13:30:00,INDEX:NDFI,42.0,45.0,40.0,41.0,0.0
2012-06-28 13:30:00,INDEX:NDFI,33.0,38.0,27.0,35.0,0.0
2012-06-29 13:30:00,INDEX:NDFI,51.0,59.0,50.0,59.0,0.0
2012-07-02 13:30:00,INDEX:NDFI,62.0,62.0,55.0,62.0,0.0
2012-07-03 13:30:00,INDEX:NDFI,63.0,67.0,62.0,66.0,0.0
2012-07-05 13:30:00,INDEX:NDFI,68.0,68.0,62.0,66.0,0.0
2012-07-06 13:30:00,INDEX:NDFI,56.0,56.0,49.0,51.0,0.0
2012-07-09 13:30:00,INDEX:NDFI,51.0,51.0,47.0,51.0,0.0
2012-07-10 13:30:00,INDEX:NDFI,51.0,52.0,40.0,42.0,0.0
2012-07-11 13:30:00,INDEX:NDFI,40.0,44.0,29.0,34.0,0.0
2012-07-12 13:30:00,INDEX:NDFI,28.0,32.0,26.0,30.0,0.0
2012-07-13 13:30:00,INDEX:NDFI,35.0,46.0,35.0,45.0,0.0
2012-07-16 13:30:00,INDEX:NDFI,35.0,44.0,34.0,36.0,0.0
2012-07-17 13:30:00,INDEX:NDFI,39.0,44.0,34.0,42.0,0.0
2012-07-18 13:30:00,INDEX:NDFI,47.0,56.0,47.0,52.0,0.0
2012-07-19 13:30:00,INDEX:NDFI,63.0,66.0,57.0,62.0,0.0
2012-07-20 13:30:00,INDEX:NDFI,58.0,58.0,49.0,50.0,0.0
2012-07-23 13:30:00,INDEX:NDFI,35.0,44.0,35.0,41.0,0.0
2012-07-24 13:30:00,INDEX:NDFI,44.0,44.0,34.0,39.0,0.0
2012-07-25 13:30:00,INDEX:NDFI,46.0,46.0,36.0,39.0,0.0
2012-07-26 13:30:00,INDEX:NDFI,57.0,57.0,50.0,54.0,0.0
2012-07-27 13:30:00,INDEX:NDFI,56.0,67.0,56.0,65.0,0.0
2012-07-30 13:30:00,INDEX:NDFI,65.0,65.0,60.0,61.0,0.0
2012-07-31 13:30:00,INDEX:NDFI,62.0,62.0,58.0,59.0,0.0
2012-08-01 13:30:00,INDEX:NDFI,57.0,58.0,54.0,55.0,0.0
2012-08-02 13:30:00,INDEX:NDFI,55.0,58.0,54.0,56.0,0.0
2012-08-03 13:30:00,INDEX:NDFI,62.0,68.0,62.0,65.0,0.0
2012-08-06 13:30:00,INDEX:NDFI,71.0,72.0,69.0,70.0,0.0
2012-08-07 13:30:00,INDEX:NDFI,75.0,78.0,75.0,76.0,0.0
2012-08-08 13:30:00,INDEX:NDFI,75.0,78.0,75.0,77.0,0.0
2012-08-09 13:30:00,INDEX:NDFI,77.0,78.0,74.0,74.0,0.0
2012-08-10 13:30:00,INDEX:NDFI,73.0,74.0,72.0,74.0,0.0
2012-08-13 13:30:00,INDEX:NDFI,76.0,76.0,73.0,75.0,0.0
2012-08-14 13:30:00,INDEX:NDFI,75.0,76.0,70.0,72.0,0.0
2012-08-15 13:30:00,INDEX:NDFI,72.0,76.0,72.0,76.0,0.0
2012-08-16 13:30:00,INDEX:NDFI,76.0,82.0,76.0,82.0,0.0
2012-08-17 13:30:00,INDEX:NDFI,78.0,83.0,78.0,83.0,0.0
2012-08-20 13:30:00,INDEX:NDFI,83.0,83.0,78.0,81.0,0.0
2012-08-21 13:30:00,INDEX:NDFI,82.0,84.0,80.0,80.0,0.0
2012-08-22 13:30:00,INDEX:NDFI,75.0,79.0,75.0,79.0,0.0
2012-08-23 13:30:00,INDEX:NDFI,76.0,76.0,69.0,70.0,0.0
2012-08-24 13:30:00,INDEX:NDFI,68.0,75.0,68.0,73.0,0.0
2012-08-27 13:30:00,INDEX:NDFI,69.0,74.0,67.0,69.0,0.0
2012-08-28 13:30:00,INDEX:NDFI,70.0,72.0,67.0,70.0,0.0
2012-08-29 13:30:00,INDEX:NDFI,70.0,76.0,68.0,73.0,0.0
2012-08-30 13:30:00,INDEX:NDFI,70.0,71.0,65.0,67.0,0.0
2012-08-31 13:30:00,INDEX:NDFI,69.0,76.0,66.0,70.0,0.0
2012-09-04 13:30:00,INDEX:NDFI,65.0,70.0,60.0,68.0,0.0
2012-09-05 13:30:00,INDEX:NDFI,63.0,68.0,63.0,65.0,0.0
2012-09-06 13:30:00,INDEX:NDFI,74.0,79.0,74.0,78.0,0.0
2012-09-07 13:30:00,INDEX:NDFI,80.0,80.0,77.0,77.0,0.0
2012-09-10 13:30:00,INDEX:NDFI,77.0,78.0,72.0,72.0,0.0
2012-09-11 13:30:00,INDEX:NDFI,73.0,74.0,71.0,72.0,0.0
2012-09-12 13:30:00,INDEX:NDFI,76.0,76.0,71.0,71.0,0.0
2012-09-13 13:30:00,INDEX:NDFI,73.0,80.0,72.0,76.0,0.0
2012-09-14 13:30:00,INDEX:NDFI,83.0,84.0,79.0,80.0,0.0
2012-09-17 13:30:00,INDEX:NDFI,80.0,82.0,79.0,80.0,0.0
2012-09-18 13:30:00,INDEX:NDFI,79.0,80.0,78.0,79.0,0.0
2012-09-19 13:30:00,INDEX:NDFI,77.0,82.0,76.0,78.0,0.0
2012-09-20 13:30:00,INDEX:NDFI,73.0,76.0,70.0,76.0,0.0
2012-09-21 13:30:00,INDEX:NDFI,75.0,79.0,73.0,74.0,0.0
2012-09-24 13:30:00,INDEX:NDFI,71.0,74.0,69.0,73.0,0.0
2012-09-25 13:30:00,INDEX:NDFI,70.0,71.0,60.0,60.0,0.0
2012-09-26 13:30:00,INDEX:NDFI,59.0,59.0,51.0,51.0,0.0
2012-09-27 13:30:00,INDEX:NDFI,53.0,65.0,50.0,62.0,0.0
2012-09-28 13:30:00,INDEX:NDFI,57.0,62.0,53.0,57.0,0.0
2012-10-01 13:30:00,INDEX:NDFI,58.0,66.0,56.0,59.0,0.0
2012-10-02 13:30:00,INDEX:NDFI,61.0,63.0,54.0,60.6,0.0
2012-10-03 13:30:00,INDEX:NDFI,58.58,65.65,58.58,60.6,0.0
2012-10-04 13:30:00,INDEX:NDFI,58.58,66.66,58.58,66.66,0.0
2012-10-05 13:30:00,INDEX:NDFI,67.67,68.68,64.64,64.64,0.0
2012-10-08 13:30:00,INDEX:NDFI,60.6,62.62,57.57,59.59,0.0
2012-10-09 13:30:00,INDEX:NDFI,54.54,54.54,44.44,44.44,0.0
2012-10-10 13:30:00,INDEX:NDFI,41.41,41.41,33.33,34.34,0.0
2012-10-11 13:30:00,INDEX:NDFI,38.38,41.41,34.34,35.35,0.0
2012-10-12 13:30:00,INDEX:NDFI,34.34,37.37,30.3,32.32,0.0
2012-10-15 13:30:00,INDEX:NDFI,35.35,37.37,30.3,36.36,0.0
2012-10-16 13:30:00,INDEX:NDFI,38.38,48.48,38.38,46.46,0.0
2012-10-17 13:30:00,INDEX:NDFI,43.43,47.47,43.43,45.45,0.0
2012-10-18 13:30:00,INDEX:NDFI,41.41,47.47,38.38,40.4,0.0
2012-10-19 13:30:00,INDEX:NDFI,39.39,39.39,30.3,30.3,0.0
2012-10-22 13:30:00,INDEX:NDFI,29.29,31.31,26.26,31.31,0.0
2012-10-23 13:30:00,INDEX:NDFI,24.24,28.28,23.23,26.26,0.0
2012-10-24 13:30:00,INDEX:NDFI,24.24,26.26,24.24,24.24,0.0
2012-10-25 13:30:00,INDEX:NDFI,31.31,34.34,28.28,31.31,0.0
2012-10-26 13:30:00,INDEX:NDFI,36.36,36.36,28.28,32.32,0.0
2012-10-31 13:30:00,INDEX:NDFI,37.37,37.37,28.28,31.31,0.0
2012-11-01 13:30:00,INDEX:NDFI,34.34,42.42,34.34,41.41,0.0
2012-11-02 13:30:00,INDEX:NDFI,47.47,47.47,40.4,40.4,0.0
2012-11-05 14:30:00,INDEX:NDFI,36.36,41.41,36.36,40.0,0.0
2012-11-06 14:30:00,INDEX:NDFI,43.0,54.0,41.0,49.0,0.0
2012-11-07 14:30:00,INDEX:NDFI,44.0,44.0,30.0,34.0,0.0
2012-11-08 14:30:00,INDEX:NDFI,37.0,39.0,25.0,25.0,0.0
2012-11-09 14:30:00,INDEX:NDFI,27.0,35.0,27.0,31.0,0.0
2012-11-12 14:30:00,INDEX:NDFI,30.0,31.0,25.0,27.0,0.0
2012-11-13 14:30:00,INDEX:NDFI,26.0,30.0,25.0,27.0,0.0
2012-11-14 14:30:00,INDEX:NDFI,28.0,28.0,18.0,18.0,0.0
2012-11-15 14:30:00,INDEX:NDFI,20.0,20.0,15.0,17.0,0.0
2012-11-16 14:30:00,INDEX:NDFI,17.0,18.0,13.0,18.0,0.0
2012-11-19 14:30:00,INDEX:NDFI,27.0,27.0,23.0,25.0,0.0
2012-11-20 14:30:00,INDEX:NDFI,25.0,32.0,25.0,32.0,0.0
2012-11-21 14:30:00,INDEX:NDFI,33.0,37.0,32.0,37.0,0.0
2012-11-23 14:30:00,INDEX:NDFI,41.0,43.0,40.0,42.0,0.0
2012-11-26 14:30:00,INDEX:NDFI,44.0,47.0,43.0,47.0,0.0
2012-11-27 14:30:00,INDEX:NDFI,47.0,49.0,45.0,46.0,0.0
2012-11-28 14:30:00,INDEX:NDFI,39.0,53.0,33.0,51.0,0.0
2012-11-29 14:30:00,INDEX:NDFI,53.0,54.0,52.0,53.0,0.0
2012-11-30 14:30:00,INDEX:NDFI,53.0,55.0,53.0,55.0,0.0
2012-12-03 14:30:00,INDEX:NDFI,57.0,57.0,52.0,54.0,0.0
2012-12-04 14:30:00,INDEX:NDFI,53.0,57.0,49.0,57.0,0.0
2012-12-05 14:30:00,INDEX:NDFI,56.0,59.0,54.0,56.0,0.0
2012-12-06 14:30:00,INDEX:NDFI,59.0,63.0,58.0,63.0,0.0
2012-12-07 14:30:00,INDEX:NDFI,63.0,64.0,61.0,64.0,0.0
2012-12-10 14:30:00,INDEX:NDFI,68.0,68.0,64.0,66.0,0.0
2012-12-11 14:30:00,INDEX:NDFI,69.0,76.0,69.0,74.0,0.0
2012-12-12 14:30:00,INDEX:NDFI,75.0,77.0,71.0,72.0,0.0
2012-12-13 14:30:00,INDEX:NDFI,74.0,77.0,69.0,71.0,0.0
2012-12-14 14:30:00,INDEX:NDFI,69.0,69.0,63.0,66.0,0.0
2012-12-17 14:30:00,INDEX:NDFI,70.0,76.0,67.0,76.0,0.0
2012-12-18 14:30:00,INDEX:NDFI,79.0,81.0,78.0,80.0,0.0
2012-12-19 14:30:00,INDEX:NDFI,80.0,80.0,77.0,77.0,0.0
2012-12-20 14:30:00,INDEX:NDFI,75.0,77.0,74.0,75.0,0.0
2012-12-21 14:30:00,INDEX:NDFI,70.0,70.0,66.0,69.0,0.0
2012-12-24 14:30:00,INDEX:NDFI,68.0,72.0,68.0,71.0,0.0
2012-12-26 14:30:00,INDEX:NDFI,72.0,72.0,61.0,64.0,0.0
2012-12-27 14:30:00,INDEX:NDFI,61.0,64.0,48.0,60.0,0.0
2012-12-28 14:30:00,INDEX:NDFI,56.0,62.0,51.0,51.0,0.0
2012-12-31 14:30:00,INDEX:NDFI,53.0,71.0,53.0,71.0,0.0
2013-01-02 14:30:00,INDEX:NDFI,83.0,85.0,79.0,85.0,0.0
2013-01-03 14:30:00,INDEX:NDFI,86.0,88.0,84.0,87.0,0.0
2013-01-04 14:30:00,INDEX:NDFI,88.0,89.0,86.0,86.0,0.0
2013-01-07 14:30:00,INDEX:NDFI,87.0,88.0,84.0,88.0,0.0
2013-01-08 14:30:00,INDEX:NDFI,87.0,87.0,83.0,85.0,0.0
2013-01-09 14:30:00,INDEX:NDFI,85.0,88.0,85.0,85.0,0.0
2013-01-10 14:30:00,INDEX:NDFI,86.0,87.0,85.0,85.0,0.0
2013-01-11 14:30:00,INDEX:NDFI,85.0,86.0,85.0,86.0,0.0
2013-01-14 14:30:00,INDEX:NDFI,86.0,86.0,84.0,85.85,0.0
2013-01-15 14:30:00,INDEX:NDFI,85.85,87.87,85.85,86.86,0.0
2013-01-16 14:30:00,INDEX:NDFI,83.83,85.85,82.82,83.83,0.0
2013-01-17 14:30:00,INDEX:NDFI,83.83,86.86,82.82,83.83,0.0
2013-01-18 14:30:00,INDEX:NDFI,83.83,85.85,82.82,85.85,0.0
2013-01-22 14:30:00,INDEX:NDFI,87.0,89.0,84.0,89.0,0.0
2013-01-23 14:30:00,INDEX:NDFI,89.0,90.0,87.0,87.0,0.0
2013-01-24 14:30:00,INDEX:NDFI,89.0,92.0,88.0,89.0,0.0
2013-01-25 14:30:00,INDEX:NDFI,88.0,91.0,87.0,90.0,0.0
2013-01-28 14:30:00,INDEX:NDFI,91.0,91.0,90.0,91.0,0.0
2013-01-29 14:30:00,INDEX:NDFI,88.0,91.0,87.0,91.0,0.0
2013-01-30 14:30:00,INDEX:NDFI,92.0,93.0,88.0,88.0,0.0
2013-01-31 14:30:00,INDEX:NDFI,92.0,92.0,87.0,87.0,0.0
2013-02-01 14:30:00,INDEX:NDFI,91.0,93.0,91.0,93.0,0.0
2013-02-04 14:30:00,INDEX:NDFI,94.0,94.0,86.0,87.0,0.0
2013-02-05 14:30:00,INDEX:NDFI,89.0,91.0,88.0,90.0,0.0
2013-02-06 14:30:00,INDEX:NDFI,87.0,90.0,87.0,88.0,0.0
2013-02-07 14:30:00,INDEX:NDFI,84.0,84.0,81.0,84.0,0.0
2013-02-08 14:30:00,INDEX:NDFI,87.0,87.0,85.0,85.0,0.0
2013-02-11 14:30:00,INDEX:NDFI,84.0,85.0,83.0,83.0,0.0
2013-02-12 14:30:00,INDEX:NDFI,83.0,84.0,83.0,83.0,0.0
2013-02-13 14:30:00,INDEX:NDFI,85.0,85.0,82.0,85.0,0.0
2013-02-14 14:30:00,INDEX:NDFI,81.0,81.0,79.0,80.0,0.0
2013-02-15 14:30:00,INDEX:NDFI,81.0,83.0,79.0,82.0,0.0
2013-02-19 14:30:00,INDEX:NDFI,80.0,82.0,80.0,82.0,0.0
2013-02-20 14:30:00,INDEX:NDFI,80.0,80.0,76.0,76.0,0.0
2013-02-21 14:30:00,INDEX:NDFI,69.0,74.0,61.0,66.0,0.0
2013-02-22 14:30:00,INDEX:NDFI,67.0,77.0,67.0,75.0,0.0
2013-02-25 14:30:00,INDEX:NDFI,78.0,79.0,56.0,56.0,0.0
2013-02-26 14:30:00,INDEX:NDFI,55.0,63.0,51.0,59.0,0.0
2013-02-27 14:30:00,INDEX:NDFI,65.0,77.0,64.0,69.0,0.0
2013-02-28 14:30:00,INDEX:NDFI,74.0,76.0,70.0,74.0,0.0
2013-03-01 14:30:00,INDEX:NDFI,61.0,75.0,61.0,73.0,0.0
2013-03-04 14:30:00,INDEX:NDFI,72.0,76.0,67.0,76.0,0.0
2013-03-05 14:30:00,INDEX:NDFI,79.0,81.0,76.0,81.0,0.0
2013-03-06 14:30:00,INDEX:NDFI,79.0,80.0,79.0,79.0,0.0
2013-03-07 14:30:00,INDEX:NDFI,79.0,79.0,77.0,79.0,0.0
2013-03-08 14:30:00,INDEX:NDFI,78.0,79.0,77.0,79.0,0.0
2013-03-11 13:30:00,INDEX:NDFI,79.0,80.0,77.0,80.0,0.0
2013-03-12 13:30:00,INDEX:NDFI,80.0,81.0,79.0,81.0,0.0
2013-03-13 13:30:00,INDEX:NDFI,80.0,81.0,79.0,80.0,0.0
2013-03-14 13:30:00,INDEX:NDFI,81.0,81.0,78.0,79.0,0.0
2013-03-15 13:30:00,INDEX:NDFI,80.0,80.0,74.0,75.0,0.0
2013-03-18 13:30:00,INDEX:NDFI,70.0,74.0,66.0,68.0,0.0
2013-03-19 13:30:00,INDEX:NDFI,74.0,74.0,59.0,67.0,0.0
2013-03-20 13:30:00,INDEX:NDFI,74.0,74.0,72.0,74.0,0.0
2013-03-21 13:30:00,INDEX:NDFI,69.0,71.0,62.0,64.0,0.0
2013-03-22 13:30:00,INDEX:NDFI,64.0,74.0,64.0,72.0,0.0
2013-03-25 13:30:00,INDEX:NDFI,72.0,73.0,61.0,65.0,0.0
2013-03-26 13:30:00,INDEX:NDFI,70.0,73.0,65.0,68.0,0.0
2013-03-27 13:30:00,INDEX:NDFI,63.0,68.0,63.0,68.0,0.0
2013-03-28 13:30:00,INDEX:NDFI,69.0,74.0,68.0,74.0,0.0
2013-04-01 13:30:00,INDEX:NDFI,75.0,75.0,62.0,65.0,0.0
2013-04-02 13:30:00,INDEX:NDFI,72.0,72.0,62.0,65.0,0.0
2013-04-03 13:30:00,INDEX:NDFI,63.0,63.0,54.0,56.0,0.0
2013-04-04 13:30:00,INDEX:NDFI,55.0,56.0,52.0,55.0,0.0
2013-04-05 13:30:00,INDEX:NDFI,48.0,52.0,48.0,51.0,0.0
2013-04-08 13:30:00,INDEX:NDFI,50.0,54.0,49.0,54.0,0.0
2013-04-09 13:30:00,INDEX:NDFI,55.0,65.0,55.0,61.0,0.0
2013-04-10 13:30:00,INDEX:NDFI,68.0,77.0,68.0,77.0,0.0
2013-04-11 13:30:00,INDEX:NDFI,77.0,78.0,73.0,74.0,0.0
2013-04-12 13:30:00,INDEX:NDFI,72.0,72.0,66.0,72.0,0.0
2013-04-15 13:30:00,INDEX:NDFI,67.0,67.0,55.0,55.0,0.0
2013-04-16 13:30:00,INDEX:NDFI,59.0,63.0,55.0,61.0,0.0
2013-04-17 13:30:00,INDEX:NDFI,53.0,54.0,48.0,50.0,0.0
2013-04-18 13:30:00,INDEX:NDFI,45.0,48.0,39.0,42.0,0.0
2013-04-19 13:30:00,INDEX:NDFI,41.0,43.0,41.0,43.0,0.0
2013-04-22 13:30:00,INDEX:NDFI,43.0,51.0,40.0,48.0,0.0
2013-04-23 13:30:00,INDEX:NDFI,59.0,61.0,57.0,61.0,0.0
2013-04-24 13:30:00,INDEX:NDFI,65.0,65.0,63.0,64.0,0.0
2013-04-25 13:30:00,INDEX:NDFI,69.0,75.0,69.0,74.0,0.0
2013-04-26 13:30:00,INDEX:NDFI,68.0,68.0,64.0,65.0,0.0
2013-04-29 13:30:00,INDEX:NDFI,70.0,72.0,68.0,68.0,0.0
2013-04-30 13:30:00,INDEX:NDFI,65.0,74.0,65.0,74.0,0.0
2013-05-01 13:30:00,INDEX:NDFI,69.0,71.0,66.0,67.0,0.0
2013-05-02 13:30:00,INDEX:NDFI,66.0,72.0,66.0,71.0,0.0
2013-05-03 13:30:00,INDEX:NDFI,78.0,81.0,78.0,79.0,0.0
2013-05-06 13:30:00,INDEX:NDFI,79.0,83.0,79.0,81.0,0.0
2013-05-07 13:30:00,INDEX:NDFI,79.0,80.0,78.0,79.0,0.0
2013-05-08 13:30:00,INDEX:NDFI,78.0,79.0,77.0,79.0,0.0
2013-05-09 13:30:00,INDEX:NDFI,74.0,81.0,74.0,80.0,0.0
2013-05-10 13:30:00,INDEX:NDFI,78.0,85.0,77.0,85.0,0.0
2013-05-13 13:30:00,INDEX:NDFI,82.0,83.0,80.0,81.0,0.0
2013-05-14 13:30:00,INDEX:NDFI,82.0,87.0,82.0,85.0,0.0
2013-05-15 13:30:00,INDEX:NDFI,84.0,86.0,84.0,85.0,0.0
2013-05-16 13:30:00,INDEX:NDFI,87.0,89.0,84.0,85.0,0.0
2013-05-17 13:30:00,INDEX:NDFI,85.0,86.0,84.0,85.0,0.0
2013-05-20 13:30:00,INDEX:NDFI,86.0,87.0,82.0,84.0,0.0
2013-05-21 13:30:00,INDEX:NDFI,86.0,87.0,82.0,87.0,0.0
2013-05-22 13:30:00,INDEX:NDFI,86.0,87.0,77.0,82.0,0.0
2013-05-23 13:30:00,INDEX:NDFI,72.0,80.0,71.0,78.0,0.0
2013-05-24 13:30:00,INDEX:NDFI,75.0,80.0,71.0,80.0,0.0
2013-05-28 13:30:00,INDEX:NDFI,82.0,84.0,79.0,81.0,0.0
2013-05-29 13:30:00,INDEX:NDFI,77.0,77.0,74.0,74.0,0.0
2013-05-30 13:30:00,INDEX:NDFI,77.0,79.0,76.0,78.0,0.0
2013-05-31 13:30:00,INDEX:NDFI,77.0,77.0,69.0,69.0,0.0
2013-06-03 13:30:00,INDEX:NDFI,67.0,69.0,63.0,69.0,0.0
2013-06-04 13:30:00,INDEX:NDFI,72.0,73.0,66.0,68.0,0.0
2013-06-05 13:30:00,INDEX:NDFI,65.0,65.0,53.0,59.0,0.0
2013-06-06 13:30:00,INDEX:NDFI,54.0,56.0,50.0,56.0,0.0
2013-06-07 13:30:00,INDEX:NDFI,57.0,69.0,57.0,66.0,0.0
2013-06-10 13:30:00,INDEX:NDFI,66.0,69.0,64.0,64.0,0.0
2013-06-11 13:30:00,INDEX:NDFI,55.0,62.0,55.0,56.56,0.0
2013-06-12 13:30:00,INDEX:NDFI,59.59,59.59,46.46,46.46,0.0
2013-06-13 13:30:00,INDEX:NDFI,43.43,58.58,43.43,55.55,0.0
2013-06-14 13:30:00,INDEX:NDFI,54.54,58.58,51.51,51.51,0.0
2013-06-17 13:30:00,INDEX:NDFI,55.55,64.64,54.54,60.6,0.0
2013-06-18 13:30:00,INDEX:NDFI,60.6,65.65,59.59,65.65,0.0
2013-06-19 13:30:00,INDEX:NDFI,63.63,66.66,57.57,57.57,0.0
2013-06-20 13:30:00,INDEX:NDFI,47.47,48.48,31.31,35.35,0.0
2013-06-21 13:30:00,INDEX:NDFI,36.36,40.4,27.27,36.36,0.0
2013-06-24 13:30:00,INDEX:NDFI,31.31,33.33,21.21,28.28,0.0
2013-06-25 13:30:00,INDEX:NDFI,37.37,41.41,30.3,40.4,0.0
2013-06-26 13:30:00,INDEX:NDFI,45.45,49.49,40.4,48.48,0.0
2013-06-27 13:30:00,INDEX:NDFI,53.53,56.56,48.48,52.52,0.0
2013-06-28 13:30:00,INDEX:NDFI,50.5,59.59,47.47,52.52,0.0
2013-07-01 13:30:00,INDEX:NDFI,56.56,61.61,51.0,54.0,0.0
2013-07-02 13:30:00,INDEX:NDFI,59.0,62.0,47.0,55.0,0.0
2013-07-03 13:30:00,INDEX:NDFI,48.0,61.0,47.0,53.0,0.0
2013-07-05 13:30:00,INDEX:NDFI,64.0,71.0,56.0,71.0,0.0
2013-07-08 13:30:00,INDEX:NDFI,72.0,74.0,67.0,68.0,0.0
2013-07-09 13:30:00,INDEX:NDFI,70.0,75.0,70.0,72.0,0.0
2013-07-10 13:30:00,INDEX:NDFI,73.0,77.0,73.0,76.0,0.0
2013-07-11 13:30:00,INDEX:NDFI,79.0,84.0,79.0,83.0,0.0
2013-07-12 13:30:00,INDEX:NDFI,85.0,86.0,85.0,86.0,0.0
2013-07-15 13:30:00,INDEX:NDFI,84.0,87.0,84.0,86.0,0.0
2013-07-16 13:30:00,INDEX:NDFI,85.0,85.0,83.0,84.0,0.0
2013-07-17 13:30:00,INDEX:NDFI,84.0,86.0,84.0,86.0,0.0
2013-07-18 13:30:00,INDEX:NDFI,85.0,87.0,85.0,86.0,0.0
2013-07-19 13:30:00,INDEX:NDFI,83.0,84.0,82.0,82.0,0.0
2013-07-22 13:30:00,INDEX:NDFI,83.0,84.0,82.0,83.0,0.0
2013-07-23 13:30:00,INDEX:NDFI,84.0,84.0,82.0,83.0,0.0
2013-07-24 13:30:00,INDEX:NDFI,84.0,84.0,82.0,83.0,0.0
2013-07-25 13:30:00,INDEX:NDFI,81.0,83.0,80.0,82.0,0.0
2013-07-26 13:30:00,INDEX:NDFI,77.0,77.0,74.0,75.0,0.0
2013-07-29 13:30:00,INDEX:NDFI,76.0,77.0,73.0,75.0,0.0
2013-07-30 13:30:00,INDEX:NDFI,74.0,83.0,74.0,80.0,0.0
2013-07-31 13:30:00,INDEX:NDFI,83.0,84.0,78.0,80.0,0.0
2013-08-01 13:30:00,INDEX:NDFI,83.0,86.0,82.0,85.0,0.0
2013-08-02 13:30:00,INDEX:NDFI,85.0,86.0,84.0,85.0,0.0
2013-08-05 13:30:00,INDEX:NDFI,85.0,85.0,84.0,84.0,0.0
2013-08-06 13:30:00,INDEX:NDFI,81.0,84.0,81.0,83.0,0.0
2013-08-07 13:30:00,INDEX:NDFI,81.0,82.0,78.0,78.0,0.0
2013-08-08 13:30:00,INDEX:NDFI,80.0,83.0,77.0,82.0,0.0
2013-08-09 13:30:00,INDEX:NDFI,81.0,82.0,80.0,81.0,0.0
2013-08-12 13:30:00,INDEX:NDFI,79.0,82.0,77.0,78.0,0.0
2013-08-13 13:30:00,INDEX:NDFI,79.0,81.0,76.0,80.0,0.0
2013-08-14 13:30:00,INDEX:NDFI,78.0,78.0,74.0,74.0,0.0
2013-08-15 13:30:00,INDEX:NDFI,69.0,69.0,61.0,63.0,0.0
2013-08-16 13:30:00,INDEX:NDFI,62.0,67.0,60.0,60.0,0.0
2013-08-19 13:30:00,INDEX:NDFI,60.0,64.0,56.0,56.0,0.0
2013-08-20 13:30:00,INDEX:NDFI,57.0,62.0,57.0,60.0,0.0
2013-08-21 13:30:00,INDEX:NDFI,58.0,60.0,55.0,56.0,0.0
2013-08-22 13:30:00,INDEX:NDFI,62.0,63.0,59.0,63.0,0.0
2013-08-23 13:30:00,INDEX:NDFI,58.0,64.0,58.0,62.0,0.0
2013-08-26 13:30:00,INDEX:NDFI,66.0,68.0,63.0,64.0,0.0
2013-08-27 13:30:00,INDEX:NDFI,50.0,50.0,41.0,42.0,0.0
2013-08-28 13:30:00,INDEX:NDFI,46.0,51.0,45.0,49.0,0.0
2013-08-29 13:30:00,INDEX:NDFI,50.0,57.0,50.0,54.0,0.0
2013-08-30 13:30:00,INDEX:NDFI,49.0,51.0,44.0,47.0,0.0
2013-09-03 13:30:00,INDEX:NDFI,65.0,65.0,52.0,56.0,0.0
2013-09-04 13:30:00,INDEX:NDFI,56.0,66.0,56.0,66.0,0.0
2013-09-05 13:30:00,INDEX:NDFI,66.0,70.0,64.0,66.0,0.0
2013-09-06 13:30:00,INDEX:NDFI,60.0,72.0,55.0,65.0,0.0
2013-09-09 13:30:00,INDEX:NDFI,67.0,74.0,67.0,71.0,0.0
2013-09-10 13:30:00,INDEX:NDFI,78.0,81.0,76.0,81.0,0.0
2013-09-11 13:30:00,INDEX:NDFI,79.0,83.0,77.0,81.0,0.0
2013-09-12 13:30:00,INDEX:NDFI,79.0,82.0,76.0,77.77,0.0
2013-09-13 13:30:00,INDEX:NDFI,78.78,80.8,75.75,78.78,0.0
2013-09-16 13:30:00,INDEX:NDFI,82.82,82.82,78.78,80.8,0.0
2013-09-17 13:30:00,INDEX:NDFI,81.81,85.85,81.81,84.84,0.0
2013-09-18 13:30:00,INDEX:NDFI,80.8,86.86,74.74,86.86,0.0
2013-09-19 13:30:00,INDEX:NDFI,88.88,89.89,87.87,87.87,0.0
2013-09-20 13:30:00,INDEX:NDFI,88.88,89.89,84.84,84.84,0.0
2013-09-23 13:30:00,INDEX:NDFI,81.81,86.86,79.79,79.79,0.0
2013-09-24 13:30:00,INDEX:NDFI,79.79,82.82,73.73,77.77,0.0
2013-09-25 13:30:00,INDEX:NDFI,75.75,80.8,73.73,75.75,0.0
2013-09-26 13:30:00,INDEX:NDFI,80.8,83.83,76.76,83.83,0.0
2013-09-27 13:30:00,INDEX:NDFI,76.76,78.78,70.7,73.73,0.0
2013-09-30 13:30:00,INDEX:NDFI,67.67,69.69,66.66,69.69,0.0
2013-10-01 13:30:00,INDEX:NDFI,72.72,77.77,72.72,75.75,0.0
2013-10-02 13:30:00,INDEX:NDFI,71.71,76.76,70.7,75.0,0.0
2013-10-03 13:30:00,INDEX:NDFI,69.0,69.0,58.0,62.0,0.0
2013-10-04 13:30:00,INDEX:NDFI,64.0,70.0,64.0,69.0,0.0
2013-10-07 13:30:00,INDEX:NDFI,62.0,67.0,60.0,60.0,0.0
2013-10-08 13:30:00,INDEX:NDFI,62.0,62.0,47.0,47.0,0.0
2013-10-09 13:30:00,INDEX:NDFI,46.0,47.0,37.0,44.0,0.0
2013-10-10 13:30:00,INDEX:NDFI,58.0,69.0,57.0,68.0,0.0
2013-10-11 13:30:00,INDEX:NDFI,68.0,77.0,68.0,77.0,0.0
2013-10-14 13:30:00,INDEX:NDFI,71.0,78.0,71.0,78.0,0.0
2013-10-15 13:30:00,INDEX:NDFI,74.0,78.0,71.0,71.0,0.0
2013-10-16 13:30:00,INDEX:NDFI,75.0,80.0,75.0,80.0,0.0
2013-10-17 13:30:00,INDEX:NDFI,77.0,83.0,77.0,83.0,0.0
2013-10-18 13:30:00,INDEX:NDFI,80.0,83.0,79.0,81.0,0.0
2013-10-21 13:30:00,INDEX:NDFI,83.0,85.0,82.0,85.0,0.0
2013-10-22 13:30:00,INDEX:NDFI,86.0,88.0,84.0,87.0,0.0
2013-10-23 13:30:00,INDEX:NDFI,81.0,81.0,75.0,76.0,0.0
2013-10-24 13:30:00,INDEX:NDFI,77.0,82.0,77.0,80.0,0.0
2013-10-25 13:30:00,INDEX:NDFI,80.0,80.0,76.0,78.0,0.0
2013-10-28 13:30:00,INDEX:NDFI,78.0,81.0,78.0,79.0,0.0
2013-10-29 13:30:00,INDEX:NDFI,79.0,81.0,78.0,80.0,0.0
2013-10-30 13:30:00,INDEX:NDFI,79.0,79.0,75.0,76.0,0.0
2013-10-31 13:30:00,INDEX:NDFI,77.0,77.0,74.74,74.74,0.0
2013-11-01 13:30:00,INDEX:NDFI,74.74,75.75,71.71,75.75,0.0
2013-11-04 14:30:00,INDEX:NDFI,76.76,77.77,73.73,76.76,0.0
2013-11-05 14:30:00,INDEX:NDFI,72.72,76.76,69.69,73.73,0.0
2013-11-06 14:30:00,INDEX:NDFI,71.71,73.73,69.69,69.69,0.0
2013-11-07 14:30:00,INDEX:NDFI,72.72,72.72,55.55,55.55,0.0
2013-11-08 14:30:00,INDEX:NDFI,55.55,64.64,55.55,64.64,0.0
2013-11-11 14:30:00,INDEX:NDFI,63.63,66.66,61.61,62.62,0.0
2013-11-12 14:30:00,INDEX:NDFI,62.62,64.64,59.59,63.63,0.0
2013-11-13 14:30:00,INDEX:NDFI,59.59,68.68,59.59,68.68,0.0
2013-11-14 14:30:00,INDEX:NDFI,69.69,72.72,67.67,70.7,0.0
2013-11-15 14:30:00,INDEX:NDFI,66.66,73.73,66.66,73.73,0.0
2013-11-18 14:30:00,INDEX:NDFI,72.72,73.73,67.67,68.68,0.0
2013-11-19 14:30:00,INDEX:NDFI,65.65,66.66,60.6,61.61,0.0
2013-11-20 14:30:00,INDEX:NDFI,59.59,60.6,58.58,59.59,0.0
2013-11-21 14:30:00,INDEX:NDFI,59.59,62.62,59.59,62.62,0.0
2013-11-22 14:30:00,INDEX:NDFI,59.59,64.64,59.59,64.64,0.0
2013-11-25 14:30:00,INDEX:NDFI,66.66,66.66,61.61,64.64,0.0
2013-11-26 14:30:00,INDEX:NDFI,66.66,68.68,62.62,65.65,0.0
2013-11-27 14:30:00,INDEX:NDFI,61.61,68.68,61.61,66.66,0.0
2013-11-29 14:30:00,INDEX:NDFI,72.72,72.72,68.68,69.69,0.0
2013-12-02 14:30:00,INDEX:NDFI,67.67,69.69,65.65,67.67,0.0
2013-12-03 14:30:00,INDEX:NDFI,62.62,65.65,59.59,60.6,0.0
2013-12-04 14:30:00,INDEX:NDFI,59.59,61.61,54.54,55.55,0.0
2013-12-05 14:30:00,INDEX:NDFI,57.57,61.61,57.57,60.6,0.0
2013-12-06 14:30:00,INDEX:NDFI,65.65,68.68,61.61,65.65,0.0
2013-12-09 14:30:00,INDEX:NDFI,65.65,66.66,63.63,65.65,0.0
2013-12-10 14:30:00,INDEX:NDFI,65.65,68.68,64.64,65.65,0.0
2013-12-11 14:30:00,INDEX:NDFI,63.63,63.63,57.57,57.57,0.0
2013-12-12 14:30:00,INDEX:NDFI,52.52,53.53,49.49,49.49,0.0
2013-12-13 14:30:00,INDEX:NDFI,53.53,53.53,48.48,50.5,0.0
2013-12-16 14:30:00,INDEX:NDFI,55.55,57.57,52.52,53.53,0.0
2013-12-17 14:30:00,INDEX:NDFI,52.52,58.58,52.52,56.56,0.0
2013-12-18 14:30:00,INDEX:NDFI,56.56,65.65,49.49,64.64,0.0
2013-12-19 14:30:00,INDEX:NDFI,63.63,66.66,60.6,65.65,0.0
2013-12-20 14:30:00,INDEX:NDFI,69.69,73.73,67.67,71.71,0.0
2013-12-23 14:30:00,INDEX:NDFI,72.72,76.0,71.71,76.0,0.0
2013-12-24 14:30:00,INDEX:NDFI,76.0,77.0,76.0,77.0,0.0
2013-12-26 14:30:00,INDEX:NDFI,79.0,80.0,76.0,79.0,0.0
2013-12-27 14:30:00,INDEX:NDFI,79.0,84.0,79.0,84.0,0.0
2013-12-30 14:30:00,INDEX:NDFI,83.0,84.0,83.0,83.0,0.0
2013-12-31 14:30:00,INDEX:NDFI,85.0,87.0,82.0,83.0,0.0
2014-01-02 14:30:00,INDEX:NDFI,81.0,82.0,78.0,78.0,0.0
2014-01-03 14:30:00,INDEX:NDFI,79.0,81.0,74.0,78.0,0.0
2014-01-06 14:30:00,INDEX:NDFI,72.0,74.0,68.0,71.0,0.0
2014-01-07 14:30:00,INDEX:NDFI,74.0,80.0,74.0,79.0,0.0
2014-01-08 14:30:00,INDEX:NDFI,77.0,78.0,76.0,78.0,0.0
2014-01-09 14:30:00,INDEX:NDFI,76.0,77.0,70.0,71.0,0.0
2014-01-10 14:30:00,INDEX:NDFI,73.0,74.0,70.0,74.0,0.0
2014-01-13 14:30:00,INDEX:NDFI,73.0,75.0,62.0,64.0,0.0
2014-01-14 14:30:00,INDEX:NDFI,64.0,77.0,64.0,77.0,0.0
2014-01-15 14:30:00,INDEX:NDFI,78.0,80.0,78.0,78.0,0.0
2014-01-16 14:30:00,INDEX:NDFI,80.0,81.0,77.0,80.0,0.0
2014-01-17 14:30:00,INDEX:NDFI,80.0,83.0,77.0,78.0,0.0
2014-01-21 14:30:00,INDEX:NDFI,81.0,83.0,75.0,75.0,0.0
2014-01-22 14:30:00,INDEX:NDFI,79.0,81.0,78.0,79.0,0.0
2014-01-23 14:30:00,INDEX:NDFI,79.0,80.0,73.0,79.0,0.0
2014-01-24 14:30:00,INDEX:NDFI,60.0,64.0,50.0,50.0,0.0
2014-01-27 14:30:00,INDEX:NDFI,56.0,57.0,39.0,46.0,0.0
2014-01-28 14:30:00,INDEX:NDFI,49.0,50.0,47.0,49.0,0.0
2014-01-29 14:30:00,INDEX:NDFI,46.0,51.0,43.0,43.0,0.0
2014-01-30 14:30:00,INDEX:NDFI,47.0,56.0,47.0,54.0,0.0
2014-01-31 14:30:00,INDEX:NDFI,49.0,53.0,47.0,53.0,0.0
2014-02-03 14:30:00,INDEX:NDFI,52.0,52.0,34.0,35.0,0.0
2014-02-04 14:30:00,INDEX:NDFI,36.0,43.0,36.0,42.0,0.0
2014-02-05 14:30:00,INDEX:NDFI,39.0,42.0,30.0,40.0,0.0
2014-02-06 14:30:00,INDEX:NDFI,42.0,45.0,42.0,43.0,0.0
2014-02-07 14:30:00,INDEX:NDFI,49.0,54.0,48.0,53.0,0.0
2014-02-10 14:30:00,INDEX:NDFI,52.0,56.0,52.0,56.0,0.0
2014-02-11 14:30:00,INDEX:NDFI,58.0,64.0,57.0,61.0,0.0
2014-02-12 14:30:00,INDEX:NDFI,64.0,64.0,61.0,63.0,0.0
2014-02-13 14:30:00,INDEX:NDFI,63.0,67.0,62.0,67.0,0.0
2014-02-14 14:30:00,INDEX:NDFI,64.0,68.0,63.0,66.0,0.0
2014-02-18 14:30:00,INDEX:NDFI,68.0,72.0,67.0,70.0,0.0
2014-02-19 14:30:00,INDEX:NDFI,68.0,70.0,64.0,66.0,0.0
2014-02-20 14:30:00,INDEX:NDFI,66.0,71.0,66.0,71.0,0.0
2014-02-21 14:30:00,INDEX:NDFI,70.0,72.0,69.0,70.0,0.0
2014-02-24 14:30:00,INDEX:NDFI,70.0,74.0,70.0,72.0,0.0
2014-02-25 14:30:00,INDEX:NDFI,71.0,73.0,68.0,68.0,0.0
2014-02-26 14:30:00,INDEX:NDFI,71.0,71.0,68.0,69.0,0.0
2014-02-27 14:30:00,INDEX:NDFI,70.0,70.0,68.0,70.0,0.0
2014-02-28 14:30:00,INDEX:NDFI,72.0,77.0,70.0,73.0,0.0
2014-03-03 14:30:00,INDEX:NDFI,68.0,69.0,61.0,69.0,0.0
2014-03-04 14:30:00,INDEX:NDFI,74.0,78.0,74.0,76.0,0.0
2014-03-05 14:30:00,INDEX:NDFI,76.0,77.0,74.0,76.0,0.0
2014-03-06 14:30:00,INDEX:NDFI,75.0,77.0,74.0,76.0,0.0
2014-03-07 14:30:00,INDEX:NDFI,76.0,76.0,71.0,74.0,0.0
2014-03-10 13:30:00,INDEX:NDFI,71.0,72.0,70.0,72.0,0.0
2014-03-11 13:30:00,INDEX:NDFI,76.0,76.0,70.0,74.0,0.0
2014-03-12 13:30:00,INDEX:NDFI,70.0,72.0,70.0,72.0,0.0
2014-03-13 13:30:00,INDEX:NDFI,74.0,75.0,64.0,65.0,0.0
2014-03-14 13:30:00,INDEX:NDFI,66.0,69.0,65.0,65.0,0.0
2014-03-17 13:30:00,INDEX:NDFI,70.0,71.0,69.0,70.0,0.0
2014-03-18 13:30:00,INDEX:NDFI,71.0,75.0,70.0,75.0,0.0
2014-03-19 13:30:00,INDEX:NDFI,72.0,75.0,67.0,71.0,0.0
2014-03-20 13:30:00,INDEX:NDFI,69.0,72.0,67.0,69.0,0.0
2014-03-21 13:30:00,INDEX:NDFI,70.0,70.0,64.0,64.0,0.0
2014-03-24 13:30:00,INDEX:NDFI,59.0,59.0,44.0,50.0,0.0
2014-03-25 13:30:00,INDEX:NDFI,54.0,59.0,42.0,51.0,0.0
2014-03-26 13:30:00,INDEX:NDFI,53.0,53.0,42.0,42.0,0.0
2014-03-27 13:30:00,INDEX:NDFI,39.0,45.0,37.0,39.0,0.0
2014-03-28 13:30:00,INDEX:NDFI,49.0,52.0,43.0,44.0,0.0
2014-03-31 13:30:00,INDEX:NDFI,49.0,52.0,48.0,48.0,0.0
2014-04-01 13:30:00,INDEX:NDFI,51.0,62.0,51.0,61.0,0.0
2014-04-02 13:30:00,INDEX:NDFI,64.0,64.0,58.0,61.0,0.0
2014-04-03 13:30:00,INDEX:NDFI,60.0,62.0,51.0,54.0,0.0
2014-04-04 13:30:00,INDEX:NDFI,55.0,55.0,40.0,40.0,0.0
2014-04-07 13:30:00,INDEX:NDFI,33.0,34.0,28.0,31.0,0.0
2014-04-08 13:30:00,INDEX:NDFI,32.0,36.0,30.0,33.0,0.0
2014-04-09 13:30:00,INDEX:NDFI,36.0,43.0,35.0,43.0,0.0
2014-04-10 13:30:00,INDEX:NDFI,42.0,42.0,26.0,26.0,0.0
2014-04-11 13:30:00,INDEX:NDFI,27.0,27.0,18.0,20.0,0.0
2014-04-14 13:30:00,INDEX:NDFI,19.0,25.0,17.0,21.0,0.0
2014-04-15 13:30:00,INDEX:NDFI,25.0,25.0,16.0,23.0,0.0
2014-04-16 13:30:00,INDEX:NDFI,22.0,25.0,18.0,24.0,0.0
2014-04-17 13:30:00,INDEX:NDFI,23.0,30.0,22.0,27.0,0.0
2014-04-21 13:30:00,INDEX:NDFI,33.0,35.0,28.0,35.0,0.0
2014-04-22 13:30:00,INDEX:NDFI,33.0,39.0,32.0,34.0,0.0
2014-04-23 13:30:00,INDEX:NDFI,35.0,35.0,30.0,30.0,0.0
2014-04-24 13:30:00,INDEX:NDFI,36.0,39.0,33.0,36.0,0.0
2014-04-25 13:30:00,INDEX:NDFI,33.0,33.0,25.0,29.0,0.0
2014-04-28 13:30:00,INDEX:NDFI,28.0,35.0,20.0,27.0,0.0
2014-04-29 13:30:00,INDEX:NDFI,27.0,34.0,25.0,33.0,0.0
2014-04-30 13:30:00,INDEX:NDFI,33.0,37.0,32.0,36.0,0.0
2014-05-01 13:30:00,INDEX:NDFI,38.0,42.0,30.0,33.0,0.0
2014-05-02 13:30:00,INDEX:NDFI,35.0,41.0,34.0,36.0,0.0
2014-05-05 13:30:00,INDEX:NDFI,30.0,40.0,30.0,37.0,0.0
2014-05-06 13:30:00,INDEX:NDFI,35.0,38.0,30.0,31.0,0.0
2014-05-07 13:30:00,INDEX:NDFI,32.0,33.0,29.0,32.0,0.0
2014-05-08 13:30:00,INDEX:NDFI,36.0,43.0,34.0,37.0,0.0
2014-05-09 13:30:00,INDEX:NDFI,35.0,40.0,34.0,39.0,0.0
2014-05-12 13:30:00,INDEX:NDFI,44.0,49.0,44.0,48.0,0.0
2014-05-13 13:30:00,INDEX:NDFI,46.0,48.0,42.0,43.0,0.0
2014-05-14 13:30:00,INDEX:NDFI,43.0,45.0,38.0,38.0,0.0
2014-05-15 13:30:00,INDEX:NDFI,36.0,36.0,29.0,33.0,0.0
2014-05-16 13:30:00,INDEX:NDFI,34.0,38.0,31.0,38.0,0.0
2014-05-19 13:30:00,INDEX:NDFI,38.0,50.0,38.0,47.0,0.0
2014-05-20 13:30:00,INDEX:NDFI,39.0,44.0,39.0,41.0,0.0
2014-05-21 13:30:00,INDEX:NDFI,44.0,47.0,42.0,45.0,0.0
2014-05-22 13:30:00,INDEX:NDFI,49.0,58.0,47.0,55.0,0.0
2014-05-23 13:30:00,INDEX:NDFI,55.0,62.0,55.0,61.0,0.0
2014-05-27 13:30:00,INDEX:NDFI,65.0,70.0,65.0,70.0,0.0
2014-05-28 13:30:00,INDEX:NDFI,69.0,73.0,64.0,69.0,0.0
2014-05-29 13:30:00,INDEX:NDFI,69.0,70.0,66.0,69.0,0.0
2014-05-30 13:30:00,INDEX:NDFI,70.0,74.0,68.0,74.0,0.0
2014-06-02 13:30:00,INDEX:NDFI,74.0,74.0,69.0,73.0,0.0
2014-06-03 13:30:00,INDEX:NDFI,72.0,77.0,70.0,75.0,0.0
2014-06-04 13:30:00,INDEX:NDFI,75.0,81.0,75.0,79.0,0.0
2014-06-05 13:30:00,INDEX:NDFI,76.0,85.0,76.0,85.0,0.0
2014-06-06 13:30:00,INDEX:NDFI,87.0,88.0,85.0,86.0,0.0
2014-06-09 13:30:00,INDEX:NDFI,90.0,90.0,84.0,87.0,0.0
2014-06-10 13:30:00,INDEX:NDFI,83.0,85.0,82.0,84.0,0.0
2014-06-11 13:30:00,INDEX:NDFI,82.0,83.0,81.0,83.0,0.0
2014-06-12 13:30:00,INDEX:NDFI,83.0,84.0,80.0,80.0,0.0
2014-06-13 13:30:00,INDEX:NDFI,86.0,86.0,81.0,83.0,0.0
2014-06-16 13:30:00,INDEX:NDFI,85.0,87.0,79.0,80.0,0.0
2014-06-17 13:30:00,INDEX:NDFI,77.0,84.0,77.0,83.0,0.0
2014-06-18 13:30:00,INDEX:NDFI,81.0,86.0,77.0,85.0,0.0
2014-06-19 13:30:00,INDEX:NDFI,88.0,88.0,82.0,85.0,0.0
2014-06-20 13:30:00,INDEX:NDFI,87.0,87.0,82.0,85.0,0.0
2014-06-23 13:30:00,INDEX:NDFI,81.0,83.0,80.0,82.0,0.0
2014-06-24 13:30:00,INDEX:NDFI,83.0,87.0,79.0,79.0,0.0
2014-06-25 13:30:00,INDEX:NDFI,79.0,82.0,76.0,81.0,0.0
2014-06-26 13:30:00,INDEX:NDFI,80.0,81.0,78.0,81.0,0.0
2014-06-27 13:30:00,INDEX:NDFI,81.0,82.0,79.0,81.0,0.0
2014-06-30 13:30:00,INDEX:NDFI,78.0,83.0,78.0,82.0,0.0
2014-07-01 13:30:00,INDEX:NDFI,82.0,90.0,82.0,89.0,0.0
2014-07-02 13:30:00,INDEX:NDFI,89.0,89.0,87.0,88.0,0.0
2014-07-03 13:30:00,INDEX:NDFI,91.0,94.0,90.0,93.0,0.0
2014-07-07 13:30:00,INDEX:NDFI,93.0,93.0,80.0,80.0,0.0
2014-07-08 13:30:00,INDEX:NDFI,75.0,85.0,70.0,84.0,0.0
2014-07-09 13:30:00,INDEX:NDFI,85.0,88.0,84.0,87.0,0.0
2014-07-10 13:30:00,INDEX:NDFI,78.0,85.0,77.0,83.0,0.0
2014-07-11 13:30:00,INDEX:NDFI,83.0,85.0,82.0,83.0,0.0
2014-07-14 13:30:00,INDEX:NDFI,84.0,85.0,83.0,83.0,0.0
2014-07-15 13:30:00,INDEX:NDFI,83.0,83.0,80.0,81.0,0.0
2014-07-16 13:30:00,INDEX:NDFI,83.0,83.0,80.0,80.0,0.0
2014-07-17 13:30:00,INDEX:NDFI,77.0,79.0,73.0,73.0,0.0
2014-07-18 13:30:00,INDEX:NDFI,74.0,80.0,74.0,80.0,0.0
2014-07-21 13:30:00,INDEX:NDFI,76.0,78.0,72.0,74.0,0.0
2014-07-22 13:30:00,INDEX:NDFI,81.0,81.0,79.0,80.0,0.0
2014-07-23 13:30:00,INDEX:NDFI,76.0,77.0,76.0,76.0,0.0
2014-07-24 13:30:00,INDEX:NDFI,75.0,76.0,74.0,74.0,0.0
2014-07-25 13:30:00,INDEX:NDFI,72.0,72.0,67.0,70.0,0.0
2014-07-28 13:30:00,INDEX:NDFI,67.0,68.0,64.0,66.0,0.0
2014-07-29 13:30:00,INDEX:NDFI,67.0,70.0,65.0,66.0,0.0
2014-07-30 13:30:00,INDEX:NDFI,68.0,71.0,63.0,70.0,0.0
2014-07-31 13:30:00,INDEX:NDFI,61.0,61.0,53.0,53.0,0.0
2014-08-01 13:30:00,INDEX:NDFI,54.0,55.0,45.0,46.0,0.0
2014-08-04 13:30:00,INDEX:NDFI,48.0,56.0,44.0,55.0,0.0
2014-08-05 13:30:00,INDEX:NDFI,45.0,49.0,41.0,42.0,0.0
2014-08-06 13:30:00,INDEX:NDFI,38.0,46.0,38.0,41.0,0.0
2014-08-07 13:30:00,INDEX:NDFI,41.0,43.0,34.0,35.0,0.0
2014-08-08 13:30:00,INDEX:NDFI,35.0,48.0,35.0,48.0,0.0
2014-08-11 13:30:00,INDEX:NDFI,51.0,55.0,50.0,51.0,0.0
2014-08-12 13:30:00,INDEX:NDFI,51.0,53.0,45.0,50.0,0.0
2014-08-13 13:30:00,INDEX:NDFI,54.0,60.0,51.0,55.0,0.0
2014-08-14 13:30:00,INDEX:NDFI,56.0,62.0,55.0,62.0,0.0
2014-08-15 13:30:00,INDEX:NDFI,66.0,67.0,55.0,62.0,0.0
2014-08-18 13:30:00,INDEX:NDFI,63.0,70.0,63.0,70.0,0.0
2014-08-19 13:30:00,INDEX:NDFI,73.0,74.0,70.0,71.0,0.0
2014-08-20 13:30:00,INDEX:NDFI,75.0,75.0,71.0,73.0,0.0
2014-08-21 13:30:00,INDEX:NDFI,70.0,71.0,67.0,70.0,0.0
2014-08-22 13:30:00,INDEX:NDFI,70.0,76.0,70.0,73.0,0.0
2014-08-25 13:30:00,INDEX:NDFI,74.0,77.0,73.0,76.0,0.0
2014-08-26 13:30:00,INDEX:NDFI,77.0,78.0,76.0,76.0,0.0
2014-08-27 13:30:00,INDEX:NDFI,75.0,79.0,74.0,78.0,0.0
2014-08-28 13:30:00,INDEX:NDFI,72.0,77.0,72.0,75.0,0.0
2014-08-29 13:30:00,INDEX:NDFI,76.0,76.0,72.0,73.0,0.0
2014-09-02 13:30:00,INDEX:NDFI,72.0,76.0,68.0,76.0,0.0
2014-09-03 13:30:00,INDEX:NDFI,77.0,78.0,73.0,73.0,0.0
2014-09-04 13:30:00,INDEX:NDFI,79.0,79.0,73.0,75.0,0.0
2014-09-05 13:30:00,INDEX:NDFI,75.0,79.0,74.0,78.0,0.0
2014-09-08 13:30:00,INDEX:NDFI,76.0,77.0,74.0,77.0,0.0
2014-09-09 13:30:00,INDEX:NDFI,74.0,75.0,68.0,71.0,0.0
2014-09-10 13:30:00,INDEX:NDFI,67.0,72.0,64.0,71.0,0.0
2014-09-11 13:30:00,INDEX:NDFI,71.0,72.0,66.0,71.0,0.0
2014-09-12 13:30:00,INDEX:NDFI,65.0,66.0,57.0,63.0,0.0
2014-09-15 13:30:00,INDEX:NDFI,60.0,60.0,53.0,54.0,0.0
2014-09-16 13:30:00,INDEX:NDFI,56.0,70.0,53.0,66.0,0.0
2014-09-17 13:30:00,INDEX:NDFI,66.0,70.0,65.0,68.0,0.0
2014-09-18 13:30:00,INDEX:NDFI,70.0,74.0,70.0,74.0,0.0
2014-09-19 13:30:00,INDEX:NDFI,76.0,76.0,64.0,66.0,0.0
2014-09-22 13:30:00,INDEX:NDFI,60.0,60.0,53.0,57.0,0.0
2014-09-23 13:30:00,INDEX:NDFI,53.0,60.0,48.0,48.0,0.0
2014-09-24 13:30:00,INDEX:NDFI,47.0,60.0,46.0,59.0,0.0
2014-09-25 13:30:00,INDEX:NDFI,55.0,55.0,37.0,39.0,0.0
2014-09-26 13:30:00,INDEX:NDFI,39.0,47.0,39.0,46.0,0.0
2014-09-29 13:30:00,INDEX:NDFI,41.0,49.0,41.0,46.0,0.0
2014-09-30 13:30:00,INDEX:NDFI,45.0,50.0,39.0,43.0,0.0
2014-10-01 13:30:00,INDEX:NDFI,36.0,36.0,27.0,28.0,0.0
2014-10-02 13:30:00,INDEX:NDFI,28.0,33.0,22.0,31.0,0.0
2014-10-03 13:30:00,INDEX:NDFI,35.0,43.0,35.0,39.0,0.0
2014-10-06 13:30:00,INDEX:NDFI,53.0,53.0,37.0,41.0,0.0
2014-10-07 13:30:00,INDEX:NDFI,32.0,35.0,26.26,26.26,0.0
2014-10-08 13:30:00,INDEX:NDFI,26.26,37.37,20.2,36.36,0.0
2014-10-09 13:30:00,INDEX:NDFI,36.36,36.36,25.25,25.25,0.0
2014-10-10 13:30:00,INDEX:NDFI,27.27,27.27,16.16,16.16,0.0
2014-10-13 13:30:00,INDEX:NDFI,15.15,18.18,10.1,11.11,0.0
2014-10-14 13:30:00,INDEX:NDFI,11.11,11.11,8.08,9.09,0.0
2014-10-15 13:30:00,INDEX:NDFI,8.08,10.1,5.05,9.09,0.0
2014-10-16 13:30:00,INDEX:NDFI,6.06,10.1,6.06,7.07,0.0
2014-10-17 13:30:00,INDEX:NDFI,13.13,14.14,13.13,14.14,0.0
2014-10-20 13:30:00,INDEX:NDFI,15.15,21.21,15.15,20.2,0.0
2014-10-21 13:30:00,INDEX:NDFI,28.28,36.36,27.27,35.35,0.0
2014-10-22 13:30:00,INDEX:NDFI,38.38,41.41,29.29,29.29,0.0
2014-10-23 13:30:00,INDEX:NDFI,39.39,44.44,39.39,39.39,0.0
2014-10-24 13:30:00,INDEX:NDFI,48.48,51.51,45.45,50.5,0.0
2014-10-27 13:30:00,INDEX:NDFI,50.5,54.54,48.48,53.53,0.0
2014-10-28 13:30:00,INDEX:NDFI,56.56,64.64,56.56,63.63,0.0
2014-10-29 13:30:00,INDEX:NDFI,61.61,64.64,56.56,59.59,0.0
2014-10-30 13:30:00,INDEX:NDFI,60.6,62.62,54.54,62.62,0.0
2014-10-31 13:30:00,INDEX:NDFI,76.76,77.77,71.71,74.74,0.0
2014-11-03 14:30:00,INDEX:NDFI,82.82,83.83,80.8,82.82,0.0
2014-11-04 14:30:00,INDEX:NDFI,78.78,78.78,71.71,77.77,0.0
2014-11-05 14:30:00,INDEX:NDFI,77.77,79.79,74.74,75.75,0.0
2014-11-06 14:30:00,INDEX:NDFI,77.77,79.79,75.75,78.78,0.0
2014-11-07 14:30:00,INDEX:NDFI,77.77,79.79,76.76,78.78,0.0
2014-11-10 14:30:00,INDEX:NDFI,74.74,79.79,74.74,79.79,0.0
2014-11-11 14:30:00,INDEX:NDFI,78.78,80.8,77.77,80.8,0.0
2014-11-12 14:30:00,INDEX:NDFI,78.78,79.79,76.76,79.79,0.0
2014-11-13 14:30:00,INDEX:NDFI,80.8,82.82,77.77,80.8,0.0
2014-11-14 14:30:00,INDEX:NDFI,80.8,82.82,80.8,82.82,0.0
2014-11-17 14:30:00,INDEX:NDFI,82.82,85.85,82.82,84.84,0.0
2014-11-18 14:30:00,INDEX:NDFI,82.82,85.85,81.81,83.83,0.0
2014-11-19 14:30:00,INDEX:NDFI,83.83,83.83,80.8,82.82,0.0
2014-11-20 14:30:00,INDEX:NDFI,84.84,85.85,84.84,85.85,0.0
2014-11-21 14:30:00,INDEX:NDFI,85.85,86.86,81.81,83.83,0.0
2014-11-24 14:30:00,INDEX:NDFI,82.82,85.85,81.81,85.85,0.0
2014-11-25 14:30:00,INDEX:NDFI,85.85,85.85,84.84,85.85,0.0
2014-11-26 14:30:00,INDEX:NDFI,85.85,85.85,84.84,84.84,0.0
2014-11-28 14:30:00,INDEX:NDFI,85.85,87.87,85.85,85.85,0.0
2014-12-01 14:30:00,INDEX:NDFI,84.84,84.84,82.82,82.82,0.0
2014-12-02 14:30:00,INDEX:NDFI,84.84,84.84,82.82,83.83,0.0
2014-12-03 14:30:00,INDEX:NDFI,85.85,85.85,83.83,83.83,0.0
2014-12-04 14:30:00,INDEX:NDFI,82.82,83.83,82.82,83.83,0.0
2014-12-05 14:30:00,INDEX:NDFI,83.83,86.86,82.82,85.85,0.0
2014-12-08 14:30:00,INDEX:NDFI,86.86,86.86,81.81,82.82,0.0
2014-12-09 14:30:00,INDEX:NDFI,78.78,83.83,78.78,83.83,0.0
2014-12-10 14:30:00,INDEX:NDFI,81.81,81.81,77.77,80.8,0.0
2014-12-11 14:30:00,INDEX:NDFI,78.78,81.81,78.78,79.79,0.0
2014-12-12 14:30:00,INDEX:NDFI,78.78,79.79,72.72,72.72,0.0
2014-12-15 14:30:00,INDEX:NDFI,77.77,78.78,69.69,69.69,0.0
2014-12-16 14:30:00,INDEX:NDFI,68.68,73.73,63.63,63.63,0.0
2014-12-17 14:30:00,INDEX:NDFI,65.65,70.7,61.61,68.68,0.0
2014-12-18 14:30:00,INDEX:NDFI,79.79,83.83,79.79,83.83,0.0
2014-12-19 14:30:00,INDEX:NDFI,82.82,83.83,80.8,81.81,0.0
2014-12-22 14:30:00,INDEX:NDFI,81.81,85.85,80.8,85.85,0.0
2014-12-23 14:30:00,INDEX:NDFI,83.83,83.83,79.79,80.8,0.0
2014-12-24 14:30:00,INDEX:NDFI,82.82,83.83,82.82,82.82,0.0
2014-12-26 14:30:00,INDEX:NDFI,82.82,84.84,82.82,83.83,0.0
2014-12-29 14:30:00,INDEX:NDFI,83.83,85.85,80.8,83.83,0.0
2014-12-30 14:30:00,INDEX:NDFI,82.82,82.82,73.73,74.74,0.0
2014-12-31 14:30:00,INDEX:NDFI,76.76,78.78,71.71,71.71,0.0
2015-01-02 14:30:00,INDEX:NDFI,74.74,74.74,61.61,68.68,0.0
2015-01-05 14:30:00,INDEX:NDFI,61.61,61.61,49.49,52.52,0.0
2015-01-06 14:30:00,INDEX:NDFI,47.47,49.49,24.24,28.03,0.0
2015-01-07 14:30:00,INDEX:NDFI,32.71,38.31,27.1,35.51,0.0
2015-01-08 14:30:00,INDEX:NDFI,50.46,59.81,50.46,56.07,0.0
2015-01-09 14:30:00,INDEX:NDFI,62.61,62.61,46.72,51.4,0.0
2015-01-12 14:30:00,INDEX:NDFI,45.79,49.53,41.12,44.85,0.0
2015-01-13 14:30:00,INDEX:NDFI,57.0,60.74,38.31,41.12,0.0
2015-01-14 14:30:00,INDEX:NDFI,33.64,36.44,26.16,30.84,0.0
2015-01-15 14:30:00,INDEX:NDFI,28.97,33.64,24.29,24.29,0.0
2015-01-16 14:30:00,INDEX:NDFI,24.29,35.51,21.49,35.51,0.0
2015-01-20 14:30:00,INDEX:NDFI,32.71,39.25,28.03,38.31,0.0
2015-01-21 14:30:00,INDEX:NDFI,39.25,47.66,35.51,44.85,0.0
2015-01-22 14:30:00,INDEX:NDFI,43.92,61.68,38.31,61.68,0.0
2015-01-23 14:30:00,INDEX:NDFI,58.87,64.48,58.87,60.74,0.0
2015-01-26 14:30:00,INDEX:NDFI,55.14,64.48,55.14,63.55,0.0
2015-01-27 14:30:00,INDEX:NDFI,53.27,53.27,42.05,47.66,0.0
2015-01-28 14:30:00,INDEX:NDFI,49.53,51.4,33.64,33.64,0.0
2015-01-29 14:30:00,INDEX:NDFI,34.57,39.25,31.77,39.25,0.0
2015-01-30 14:30:00,INDEX:NDFI,41.12,41.12,30.84,31.77,0.0
2015-02-02 14:30:00,INDEX:NDFI,28.97,35.51,23.36,33.64,0.0
2015-02-03 14:30:00,INDEX:NDFI,42.05,47.66,38.31,47.66,0.0
2015-02-04 14:30:00,INDEX:NDFI,46.72,52.33,42.99,48.59,0.0
2015-02-05 14:30:00,INDEX:NDFI,52.33,56.07,52.33,56.07,0.0
2015-02-06 14:30:00,INDEX:NDFI,56.07,57.94,48.59,51.4,0.0
2015-02-09 14:30:00,INDEX:NDFI,47.66,51.4,47.66,48.59,0.0
2015-02-10 14:30:00,INDEX:NDFI,52.33,59.81,50.46,57.94,0.0
2015-02-11 14:30:00,INDEX:NDFI,57.94,60.74,56.07,59.81,0.0
2015-02-12 14:30:00,INDEX:NDFI,62.61,66.35,62.61,65.42,0.0
2015-02-13 14:30:00,INDEX:NDFI,68.22,68.22,66.35,66.35,0.0
2015-02-17 14:30:00,INDEX:NDFI,67.28,71.96,67.28,70.09,0.0
2015-02-18 14:30:00,INDEX:NDFI,70.09,71.02,66.35,69.15,0.0
2015-02-19 14:30:00,INDEX:NDFI,69.15,73.83,69.15,72.89,0.0
2015-02-20 14:30:00,INDEX:NDFI,71.96,77.57,71.02,77.57,0.0
2015-02-23 14:30:00,INDEX:NDFI,78.5,78.5,74.76,77.57,0.0
2015-02-24 14:30:00,INDEX:NDFI,72.89,76.63,71.96,74.76,0.0
2015-02-25 14:30:00,INDEX:NDFI,75.7,75.7,73.83,73.83,0.0
2015-02-26 14:30:00,INDEX:NDFI,75.7,75.7,72.89,75.7,0.0
2015-02-27 14:30:00,INDEX:NDFI,74.76,75.7,70.09,71.02,0.0
2015-03-02 14:30:00,INDEX:NDFI,71.96,76.63,71.96,76.63,0.0
2015-03-03 14:30:00,INDEX:NDFI,73.83,75.7,69.15,73.83,0.0
2015-03-04 14:30:00,INDEX:NDFI,67.28,71.96,64.48,69.15,0.0
2015-03-05 14:30:00,INDEX:NDFI,67.28,71.96,67.28,71.02,0.0
2015-03-06 14:30:00,INDEX:NDFI,70.09,71.02,63.55,65.42,0.0
2015-03-09 13:30:00,INDEX:NDFI,63.55,66.35,63.55,66.35,0.0
2015-03-10 13:30:00,INDEX:NDFI,61.68,62.61,56.07,56.07,0.0
2015-03-11 13:30:00,INDEX:NDFI,57.94,57.94,55.14,55.14,0.0
2015-03-12 13:30:00,INDEX:NDFI,57.94,61.68,56.07,60.74,0.0
2015-03-13 13:30:00,INDEX:NDFI,62.61,62.61,55.14,57.0,0.0
2015-03-16 13:30:00,INDEX:NDFI,62.61,68.22,62.61,68.22,0.0
2015-03-17 13:30:00,INDEX:NDFI,63.55,67.28,62.61,66.35,0.0
2015-03-18 13:30:00,INDEX:NDFI,62.61,73.83,58.87,69.15,0.0
2015-03-19 13:30:00,INDEX:NDFI,69.15,74.76,68.22,70.09,0.0
2015-03-20 13:30:00,INDEX:NDFI,73.83,76.63,72.89,73.83,0.0
2015-03-23 13:30:00,INDEX:NDFI,72.89,76.63,71.96,71.96,0.0
2015-03-24 13:30:00,INDEX:NDFI,71.02,77.57,69.15,69.15,0.0
2015-03-25 13:30:00,INDEX:NDFI,69.15,69.15,49.53,49.53,0.0
2015-03-26 13:30:00,INDEX:NDFI,42.99,49.53,40.18,46.72,0.0
2015-03-27 13:30:00,INDEX:NDFI,46.72,54.2,46.72,53.27,0.0
2015-03-30 13:30:00,INDEX:NDFI,58.87,61.68,57.94,60.74,0.0
2015-03-31 13:30:00,INDEX:NDFI,58.87,62.61,53.27,53.27,0.0
2015-04-01 13:30:00,INDEX:NDFI,46.72,49.53,42.05,45.79,0.0
2015-04-02 13:30:00,INDEX:NDFI,45.79,54.2,45.79,52.33,0.0
2015-04-06 13:30:00,INDEX:NDFI,53.27,60.74,53.27,58.87,0.0
2015-04-07 13:30:00,INDEX:NDFI,58.87,62.61,53.27,53.27,0.0
2015-04-08 13:30:00,INDEX:NDFI,60.74,61.68,53.27,57.94,0.0
2015-04-09 13:30:00,INDEX:NDFI,57.94,60.74,53.27,59.81,0.0
2015-04-10 13:30:00,INDEX:NDFI,61.68,68.22,61.68,67.28,0.0
2015-04-13 13:30:00,INDEX:NDFI,67.28,68.22,58.87,58.87,0.0
2015-04-14 13:30:00,INDEX:NDFI,57.94,58.87,54.2,58.87,0.0
2015-04-15 13:30:00,INDEX:NDFI,61.68,63.55,59.81,59.81,0.0
2015-04-16 13:30:00,INDEX:NDFI,58.87,61.68,55.14,61.68,0.0
2015-04-17 13:30:00,INDEX:NDFI,46.72,46.72,32.71,39.25,0.0
2015-04-20 13:30:00,INDEX:NDFI,53.27,57.0,51.4,54.2,0.0
2015-04-21 13:30:00,INDEX:NDFI,59.81,63.55,58.87,61.68,0.0
2015-04-22 13:30:00,INDEX:NDFI,57.94,66.35,51.4,64.48,0.0
2015-04-23 13:30:00,INDEX:NDFI,62.61,75.7,60.74,68.22,0.0
2015-04-24 13:30:00,INDEX:NDFI,60.74,69.15,60.74,69.15,0.0
2015-04-27 13:30:00,INDEX:NDFI,69.15,71.96,55.14,57.0,0.0
2015-04-28 13:30:00,INDEX:NDFI,57.0,61.68,45.79,57.94,0.0
2015-04-29 13:30:00,INDEX:NDFI,56.07,56.07,43.92,51.4,0.0
2015-04-30 13:30:00,INDEX:NDFI,53.27,53.27,32.71,35.51,0.0
2015-05-01 13:30:00,INDEX:NDFI,43.92,50.46,42.99,50.46,0.0
2015-05-04 13:30:00,INDEX:NDFI,58.87,63.55,53.27,57.94,0.0
2015-05-05 13:30:00,INDEX:NDFI,50.46,50.46,34.57,35.51,0.0
2015-05-06 13:30:00,INDEX:NDFI,35.51,37.38,33.64,36.44,0.0
2015-05-07 13:30:00,INDEX:NDFI,38.31,42.05,35.51,42.05,0.0
2015-05-08 13:30:00,INDEX:NDFI,46.72,50.46,45.79,48.59,0.0
2015-05-11 13:30:00,INDEX:NDFI,46.72,47.66,43.92,43.92,0.0
2015-05-12 13:30:00,INDEX:NDFI,41.12,46.72,39.25,43.92,0.0
2015-05-13 13:30:00,INDEX:NDFI,47.66,47.66,43.92,44.85,0.0
2015-05-14 13:30:00,INDEX:NDFI,46.72,55.14,46.72,55.14,0.0
2015-05-15 13:30:00,INDEX:NDFI,56.07,58.87,55.14,58.87,0.0
2015-05-18 13:30:00,INDEX:NDFI,57.94,66.35,57.94,61.68,0.0
2015-05-19 13:30:00,INDEX:NDFI,65.42,65.42,58.87,60.74,0.0
2015-05-20 13:30:00,INDEX:NDFI,55.14,61.68,55.14,58.87,0.0
2015-05-21 13:30:00,INDEX:NDFI,58.87,60.74,57.0,58.87,0.0
2015-05-22 13:30:00,INDEX:NDFI,59.81,60.74,57.0,58.87,0.0
2015-05-26 13:30:00,INDEX:NDFI,46.72,48.59,46.72,47.66,0.0
2015-05-27 13:30:00,INDEX:NDFI,53.27,61.68,53.27,59.81,0.0
2015-05-28 13:30:00,INDEX:NDFI,61.68,62.61,57.94,62.61,0.0
2015-05-29 13:30:00,INDEX:NDFI,58.87,58.87,48.59,50.46,0.0
2015-06-01 13:30:00,INDEX:NDFI,51.4,55.14,46.72,52.33,0.0
2015-06-02 13:30:00,INDEX:NDFI,50.46,56.07,49.53,50.46,0.0
2015-06-03 13:30:00,INDEX:NDFI,54.2,59.81,53.27,57.0,0.0
2015-06-04 13:30:00,INDEX:NDFI,57.94,60.74,52.33,55.14,0.0
2015-06-05 13:30:00,INDEX:NDFI,44.85,54.2,44.85,50.46,0.0
2015-06-08 13:30:00,INDEX:NDFI,47.66,49.53,37.38,37.38,0.0
2015-06-09 13:30:00,INDEX:NDFI,31.77,36.44,30.84,33.64,0.0
2015-06-10 13:30:00,INDEX:NDFI,40.18,54.2,40.18,48.59,0.0
2015-06-11 13:30:00,INDEX:NDFI,50.46,57.0,48.59,49.53,0.0
2015-06-12 13:30:00,INDEX:NDFI,41.12,43.92,40.18,40.18,0.0
2015-06-15 13:30:00,INDEX:NDFI,33.64,39.25,31.77,37.38,0.0
2015-06-16 13:30:00,INDEX:NDFI,35.51,44.85,35.51,41.12,0.0
2015-06-17 13:30:00,INDEX:NDFI,44.85,48.59,42.99,44.85,0.0
2015-06-18 13:30:00,INDEX:NDFI,52.33,64.48,52.33,61.68,0.0
2015-06-19 13:30:00,INDEX:NDFI,59.81,63.55,57.0,58.87,0.0
2015-06-22 13:30:00,INDEX:NDFI,66.35,69.15,63.55,63.55,0.0
2015-06-23 13:30:00,INDEX:NDFI,61.68,62.61,57.0,58.87,0.0
2015-06-24 13:30:00,INDEX:NDFI,57.94,57.94,48.59,48.59,0.0
2015-06-25 13:30:00,INDEX:NDFI,53.27,55.14,47.66,47.66,0.0
2015-06-26 13:30:00,INDEX:NDFI,50.46,51.4,46.72,49.53,0.0
2015-06-29 13:30:00,INDEX:NDFI,41.12,42.99,30.84,30.84,0.0
2015-06-30 13:30:00,INDEX:NDFI,32.71,35.51,32.71,32.71,0.0
2015-07-01 13:30:00,INDEX:NDFI,35.51,37.38,32.71,34.57,0.0
2015-07-02 13:30:00,INDEX:NDFI,35.51,35.51,32.71,34.57,0.0
2015-07-06 13:30:00,INDEX:NDFI,34.57,36.44,33.64,35.84,0.0
2015-07-07 13:30:00,INDEX:NDFI,35.84,38.67,24.52,38.67,0.0
2015-07-08 13:30:00,INDEX:NDFI,34.9,34.9,28.3,29.24,0.0
2015-07-09 13:30:00,INDEX:NDFI,33.96,35.84,30.18,30.18,0.0
2015-07-10 13:30:00,INDEX:NDFI,37.73,39.62,35.84,37.73,0.0
2015-07-13 13:30:00,INDEX:NDFI,47.16,48.11,45.28,47.16,0.0
2015-07-14 13:30:00,INDEX:NDFI,48.11,54.71,48.11,51.88,0.0
2015-07-15 13:30:00,INDEX:NDFI,49.05,54.0,47.16,54.0,0.0
2015-07-16 13:30:00,INDEX:NDFI,58.0,59.0,57.0,58.0,0.0
2015-07-17 13:30:00,INDEX:NDFI,57.0,57.0,54.0,56.0,0.0
2015-07-20 13:30:00,INDEX:NDFI,52.0,57.0,50.0,57.0,0.0
2015-07-21 13:30:00,INDEX:NDFI,55.0,56.0,54.0,55.0,0.0
2015-07-22 13:30:00,INDEX:NDFI,52.0,53.0,48.0,50.0,0.0
2015-07-23 13:30:00,INDEX:NDFI,52.0,56.0,50.0,51.0,0.0
2015-07-24 13:30:00,INDEX:NDFI,51.0,53.0,44.0,45.0,0.0
2015-07-27 13:30:00,INDEX:NDFI,42.0,43.0,35.0,36.36,0.0
2015-07-28 13:30:00,INDEX:NDFI,37.37,44.44,33.33,43.87,0.0
2015-07-29 13:30:00,INDEX:NDFI,42.85,50.0,40.81,48.97,0.0
2015-07-30 13:30:00,INDEX:NDFI,46.93,55.1,44.89,55.1,0.0
2015-07-31 13:30:00,INDEX:NDFI,56.12,56.12,54.08,56.12,0.0
2015-08-03 13:30:00,INDEX:NDFI,56.12,56.12,48.97,55.1,0.0
2015-08-04 13:30:00,INDEX:NDFI,57.14,57.14,55.1,55.1,0.0
2015-08-05 13:30:00,INDEX:NDFI,59.18,59.18,53.06,54.08,0.0
2015-08-06 13:30:00,INDEX:NDFI,53.06,53.06,45.91,45.91,0.0
2015-08-07 13:30:00,INDEX:NDFI,43.87,47.95,42.85,47.95,0.0
2015-08-10 13:30:00,INDEX:NDFI,50.0,54.12,50.0,53.21,0.0
2015-08-11 13:30:00,INDEX:NDFI,46.78,48.62,42.2,44.95,0.0
2015-08-12 13:30:00,INDEX:NDFI,41.28,45.87,38.53,45.87,0.0
2015-08-13 13:30:00,INDEX:NDFI,47.7,49.54,45.87,48.62,0.0
2015-08-14 13:30:00,INDEX:NDFI,45.87,47.7,45.87,47.7,0.0
2015-08-17 13:30:00,INDEX:NDFI,44.95,51.37,44.95,51.37,0.0
2015-08-18 13:30:00,INDEX:NDFI,50.45,52.29,49.54,52.29,0.0
2015-08-19 13:30:00,INDEX:NDFI,47.7,50.45,44.03,45.87,0.0
2015-08-20 13:30:00,INDEX:NDFI,44.03,44.03,30.27,31.19,0.0
2015-08-21 13:30:00,INDEX:NDFI,22.93,26.6,12.84,12.84,0.0
2015-08-24 13:30:00,INDEX:NDFI,1.83,13.76,1.83,1.83,0.0
2015-08-25 13:30:00,INDEX:NDFI,9.17,11.92,2.75,2.75,0.0
2015-08-26 13:30:00,INDEX:NDFI,6.42,11.92,5.5,11.92,0.0
2015-08-27 13:30:00,INDEX:NDFI,15.59,22.93,12.84,22.01,0.0
2015-08-28 13:30:00,INDEX:NDFI,21.1,27.52,17.43,22.93,0.0
2015-08-31 13:30:00,INDEX:NDFI,19.26,22.93,17.43,17.43,0.0
2015-09-01 13:30:00,INDEX:NDFI,14.67,14.67,7.33,7.33,0.0
2015-09-02 13:30:00,INDEX:NDFI,10.09,15.59,9.17,15.59,0.0
2015-09-03 13:30:00,INDEX:NDFI,24.77,25.68,18.34,19.26,0.0
2015-09-04 13:30:00,INDEX:NDFI,14.67,14.67,10.09,11.0,0.0
2015-09-08 13:30:00,INDEX:NDFI,22.01,27.52,15.59,27.52,0.0
2015-09-09 13:30:00,INDEX:NDFI,31.19,31.19,19.26,19.26,0.0
2015-09-10 13:30:00,INDEX:NDFI,18.34,27.52,15.59,22.93,0.0
2015-09-11 13:30:00,INDEX:NDFI,20.18,22.93,16.51,22.93,0.0
2015-09-14 13:30:00,INDEX:NDFI,22.01,23.85,21.1,22.93,0.0
2015-09-15 13:30:00,INDEX:NDFI,23.85,29.35,22.93,27.52,0.0
2015-09-16 13:30:00,INDEX:NDFI,26.6,33.94,25.68,33.94,0.0
2015-09-17 13:30:00,INDEX:NDFI,33.94,48.62,33.02,33.02,0.0
2015-09-18 13:30:00,INDEX:NDFI,31.19,31.19,21.1,21.1,0.0
2015-09-21 13:30:00,INDEX:NDFI,27.52,30.27,22.01,26.6,0.0
2015-09-22 13:30:00,INDEX:NDFI,14.67,15.59,11.0,13.76,0.0
2015-09-23 13:30:00,INDEX:NDFI,14.67,20.18,12.84,15.59,0.0
2015-09-24 13:30:00,INDEX:NDFI,12.84,15.59,9.17,15.59,0.0
2015-09-25 13:30:00,INDEX:NDFI,19.26,22.93,13.76,16.51,0.0
2015-09-28 13:30:00,INDEX:NDFI,15.59,15.59,5.5,5.5,0.0
2015-09-29 13:30:00,INDEX:NDFI,4.58,7.33,3.66,4.58,0.0
2015-09-30 13:30:00,INDEX:NDFI,10.09,13.76,7.33,13.76,0.0
2015-10-01 13:30:00,INDEX:NDFI,11.0,15.59,10.09,15.59,0.0
2015-10-02 13:30:00,INDEX:NDFI,9.17,29.35,9.17,29.35,0.0
2015-10-05 13:30:00,INDEX:NDFI,40.36,48.0,38.53,45.0,0.0
2015-10-06 13:30:00,INDEX:NDFI,46.0,47.0,40.0,44.03,0.0
2015-10-07 13:30:00,INDEX:NDFI,44.03,49.54,40.36,46.78,0.0
2015-10-08 13:30:00,INDEX:NDFI,45.87,55.96,42.2,55.04,0.0
2015-10-09 13:30:00,INDEX:NDFI,56.88,59.63,56.88,58.71,0.0
2015-10-12 13:30:00,INDEX:NDFI,58.71,64.22,58.71,59.63,0.0
2015-10-13 13:30:00,INDEX:NDFI,56.88,61.46,52.29,52.29,0.0
2015-10-14 13:30:00,INDEX:NDFI,57.79,57.79,51.37,51.37,0.0
2015-10-15 13:30:00,INDEX:NDFI,56.88,63.3,53.21,62.38,0.0
2015-10-16 13:30:00,INDEX:NDFI,62.38,65.13,61.46,65.13,0.0
2015-10-19 13:30:00,INDEX:NDFI,66.05,68.8,62.38,67.88,0.0
2015-10-20 13:30:00,INDEX:NDFI,67.88,68.8,66.05,67.88,0.0
2015-10-21 13:30:00,INDEX:NDFI,70.64,70.64,62.38,62.38,0.0
2015-10-22 13:30:00,INDEX:NDFI,68.8,75.22,67.88,74.31,0.0
2015-10-23 13:30:00,INDEX:NDFI,76.14,76.14,73.39,76.14,0.0
2015-10-26 13:30:00,INDEX:NDFI,75.22,77.98,74.31,77.98,0.0
2015-10-27 13:30:00,INDEX:NDFI,77.06,77.06,73.39,75.22,0.0
2015-10-28 13:30:00,INDEX:NDFI,74.31,77.98,74.31,77.98,0.0
2015-10-29 13:30:00,INDEX:NDFI,77.06,77.06,71.55,75.22,0.0
2015-10-30 13:30:00,INDEX:NDFI,76.14,80.73,74.31,78.89,0.0
2015-11-02 14:30:00,INDEX:NDFI,80.73,82.56,76.14,82.56,0.0
2015-11-03 14:30:00,INDEX:NDFI,81.65,85.32,81.65,84.4,0.0
2015-11-04 14:30:00,INDEX:NDFI,82.56,82.56,79.81,81.65,0.0
2015-11-05 14:30:00,INDEX:NDFI,77.98,78.89,73.39,75.22,0.0
2015-11-06 14:30:00,INDEX:NDFI,77.06,77.06,71.55,75.22,0.0
2015-11-09 14:30:00,INDEX:NDFI,75.22,75.22,66.05,72.47,0.0
2015-11-10 14:30:00,INDEX:NDFI,68.8,73.39,67.88,71.55,0.0
2015-11-11 14:30:00,INDEX:NDFI,69.72,72.47,68.8,69.72,0.0
2015-11-12 14:30:00,INDEX:NDFI,66.97,67.88,60.55,60.55,0.0
2015-11-13 14:30:00,INDEX:NDFI,55.96,58.71,53.21,53.21,0.0
2015-11-16 14:30:00,INDEX:NDFI,53.21,57.79,50.45,57.79,0.0
2015-11-17 14:30:00,INDEX:NDFI,57.79,61.46,55.04,55.96,0.0
2015-11-18 14:30:00,INDEX:NDFI,58.71,66.97,56.88,66.97,0.0
2015-11-19 14:30:00,INDEX:NDFI,66.05,67.88,66.05,66.97,0.0
2015-11-20 14:30:00,INDEX:NDFI,68.8,71.55,66.05,67.88,0.0
2015-11-23 14:30:00,INDEX:NDFI,66.97,67.88,62.38,66.05,0.0
2015-11-24 14:30:00,INDEX:NDFI,63.3,66.05,62.38,66.05,0.0
2015-11-25 14:30:00,INDEX:NDFI,66.97,69.72,66.97,69.72,0.0
2015-11-27 14:30:00,INDEX:NDFI,69.72,71.55,69.72,70.64,0.0
2015-11-30 14:30:00,INDEX:NDFI,70.64,70.64,68.8,69.72,0.0
2015-12-01 14:30:00,INDEX:NDFI,72.47,75.22,70.64,75.22,0.0
2015-12-02 14:30:00,INDEX:NDFI,74.31,74.31,68.8,68.8,0.0
2015-12-03 14:30:00,INDEX:NDFI,64.22,65.13,52.29,54.12,0.0
2015-12-04 14:30:00,INDEX:NDFI,56.88,65.13,56.88,62.38,0.0
2015-12-07 14:30:00,INDEX:NDFI,60.55,62.38,57.79,61.46,0.0
2015-12-08 14:30:00,INDEX:NDFI,55.96,62.38,55.04,60.55,0.0
2015-12-09 14:30:00,INDEX:NDFI,58.71,61.46,44.95,51.37,0.0
2015-12-10 14:30:00,INDEX:NDFI,52.29,56.88,51.37,53.21,0.0
2015-12-11 14:30:00,INDEX:NDFI,42.2,43.11,35.77,35.77,0.0
2015-12-14 14:30:00,INDEX:NDFI,35.77,37.61,32.11,37.61,0.0
2015-12-15 14:30:00,INDEX:NDFI,46.78,49.54,44.95,47.22,0.0
2015-12-16 14:30:00,INDEX:NDFI,51.85,57.4,46.29,56.48,0.0
2015-12-17 14:30:00,INDEX:NDFI,56.48,56.48,45.37,45.37,0.0
2015-12-18 14:30:00,INDEX:NDFI,40.74,41.66,34.25,34.25,0.0
2015-12-21 14:30:00,INDEX:NDFI,37.03,41.66,35.18,41.66,0.0
2015-12-22 14:30:00,INDEX:NDFI,41.66,47.22,40.74,44.44,0.0
2015-12-23 14:30:00,INDEX:NDFI,50.0,52.77,49.07,52.77,0.0
2015-12-24 14:30:00,INDEX:NDFI,53.7,56.48,52.77,52.77,0.0
2015-12-28 14:30:00,INDEX:NDFI,50.92,50.92,45.37,49.07,0.0
2015-12-29 14:30:00,INDEX:NDFI,54.62,62.03,54.62,61.11,0.0
2015-12-30 14:30:00,INDEX:NDFI,59.25,60.18,50.0,50.0,0.0
2015-12-31 14:30:00,INDEX:NDFI,49.07,51.85,45.37,45.37,0.0
2016-01-04 14:30:00,INDEX:NDFI,25.92,32.4,19.44,32.4,0.0
2016-01-05 14:30:00,INDEX:NDFI,37.96,37.96,24.07,28.7,0.0
2016-01-06 14:30:00,INDEX:NDFI,19.44,21.29,13.88,21.29,0.0
2016-01-07 14:30:00,INDEX:NDFI,12.03,12.03,8.33,8.33,0.0
2016-01-08 14:30:00,INDEX:NDFI,10.18,11.11,7.4,7.4,0.0
2016-01-11 14:30:00,INDEX:NDFI,7.4,8.33,5.55,7.4,0.0
2016-01-12 14:30:00,INDEX:NDFI,10.18,10.18,7.4,10.18,0.0
2016-01-13 14:30:00,INDEX:NDFI,10.18,10.18,5.55,5.55,0.0
2016-01-14 14:30:00,INDEX:NDFI,6.48,8.33,4.62,6.48,0.0
2016-01-15 14:30:00,INDEX:NDFI,2.77,4.62,1.85,3.7,0.0
2016-01-19 14:30:00,INDEX:NDFI,3.7,3.7,2.77,3.7,0.0
2016-01-20 14:30:00,INDEX:NDFI,3.7,4.62,1.85,3.0,0.0
2016-01-21 14:30:00,INDEX:NDFI,2.0,7.54,1.88,3.77,0.0
2016-01-22 14:30:00,INDEX:NDFI,6.6,10.37,6.6,8.49,0.0
2016-01-25 14:30:00,INDEX:NDFI,8.49,10.37,7.54,7.54,0.0
2016-01-26 14:30:00,INDEX:NDFI,8.49,12.26,8.49,12.26,0.0
2016-01-27 14:30:00,INDEX:NDFI,14.15,15.09,7.54,9.43,0.0
2016-01-28 14:30:00,INDEX:NDFI,9.43,11.32,8.49,11.32,0.0
2016-01-29 14:30:00,INDEX:NDFI,13.2,24.52,13.2,24.52,0.0
2016-02-01 14:30:00,INDEX:NDFI,22.64,29.24,21.69,28.3,0.0
2016-02-02 14:30:00,INDEX:NDFI,21.69,21.69,13.2,14.15,0.0
2016-02-03 14:30:00,INDEX:NDFI,16.03,17.92,8.49,16.03,0.0
2016-02-04 14:30:00,INDEX:NDFI,15.09,19.81,13.2,17.92,0.0
2016-02-05 14:30:00,INDEX:NDFI,16.98,16.98,8.49,10.37,0.0
2016-02-08 14:30:00,INDEX:NDFI,6.6,6.6,3.77,4.71,0.0
2016-02-09 14:30:00,INDEX:NDFI,5.66,7.54,4.71,5.66,0.0
2016-02-10 14:30:00,INDEX:NDFI,7.54,8.49,4.71,4.71,0.0
2016-02-11 14:30:00,INDEX:NDFI,3.77,6.6,3.77,5.66,0.0
2016-02-12 14:30:00,INDEX:NDFI,7.54,10.37,6.6,8.49,0.0
2016-02-16 14:30:00,INDEX:NDFI,17.92,18.86,15.09,18.86,0.0
2016-02-17 14:30:00,INDEX:NDFI,21.69,32.07,21.69,31.13,0.0
2016-02-18 14:30:00,INDEX:NDFI,27.35,31.13,26.41,29.24,0.0
2016-02-19 14:30:00,INDEX:NDFI,23.58,31.13,23.58,30.18,0.0
2016-02-22 14:30:00,INDEX:NDFI,40.56,40.56,35.84,38.67,0.0
2016-02-23 14:30:00,INDEX:NDFI,35.84,36.79,33.01,33.96,0.0
2016-02-24 14:30:00,INDEX:NDFI,30.18,36.79,27.35,36.79,0.0
2016-02-25 14:30:00,INDEX:NDFI,37.73,46.22,35.84,46.22,0.0
2016-02-26 14:30:00,INDEX:NDFI,47.16,49.05,43.39,44.33,0.0
2016-02-29 14:30:00,INDEX:NDFI,50.0,54.71,45.28,45.28,0.0
2016-03-01 14:30:00,INDEX:NDFI,52.83,65.09,51.88,65.09,0.0
2016-03-02 14:30:00,INDEX:NDFI,63.2,66.03,60.37,66.03,0.0
2016-03-03 14:30:00,INDEX:NDFI,63.2,66.98,59.43,66.03,0.0
2016-03-04 14:30:00,INDEX:NDFI,62.26,70.75,62.26,67.92,0.0
2016-03-07 14:30:00,INDEX:NDFI,61.32,66.03,60.37,64.15,0.0
2016-03-08 14:30:00,INDEX:NDFI,62.26,62.26,55.66,55.66,0.0
2016-03-09 14:30:00,INDEX:NDFI,60.37,61.32,59.43,60.37,0.0
2016-03-10 14:30:00,INDEX:NDFI,66.03,71.69,55.66,58.49,0.0
2016-03-11 14:30:00,INDEX:NDFI,71.69,73.58,69.81,73.58,0.0
2016-03-14 13:30:00,INDEX:NDFI,74.52,81.13,73.58,79.24,0.0
2016-03-15 13:30:00,INDEX:NDFI,74.52,77.35,73.58,77.35,0.0
2016-03-16 13:30:00,INDEX:NDFI,77.35,83.01,77.35,83.01,0.0
2016-03-17 13:30:00,INDEX:NDFI,81.13,82.07,77.35,77.35,0.0
2016-03-18 13:30:00,INDEX:NDFI,81.13,83.01,81.13,83.01,0.0
2016-03-21 13:30:00,INDEX:NDFI,83.01,83.96,82.07,83.01,0.0
2016-03-22 13:30:00,INDEX:NDFI,81.13,88.67,81.13,86.79,0.0
2016-03-23 13:30:00,INDEX:NDFI,84.9,84.9,83.01,83.96,0.0
2016-03-24 13:30:00,INDEX:NDFI,79.24,82.07,79.24,82.07,0.0
2016-03-28 13:30:00,INDEX:NDFI,81.13,83.01,80.18,80.18,0.0
2016-03-29 13:30:00,INDEX:NDFI,79.24,84.9,79.24,84.9,0.0
2016-03-30 13:30:00,INDEX:NDFI,87.73,88.67,84.9,86.79,0.0
2016-03-31 13:30:00,INDEX:NDFI,86.79,88.67,84.9,85.84,0.0
2016-04-01 13:30:00,INDEX:NDFI,83.96,89.62,83.01,89.62,0.0
2016-04-04 13:30:00,INDEX:NDFI,93.39,93.39,86.79,88.67,0.0
2016-04-05 13:30:00,INDEX:NDFI,84.9,85.84,83.96,85.84,0.0
2016-04-06 13:30:00,INDEX:NDFI,84.9,90.56,84.9,89.52,0.0
2016-04-07 13:30:00,INDEX:NDFI,87.61,88.57,85.71,86.66,0.0
2016-04-08 13:30:00,INDEX:NDFI,88.57,88.57,79.04,82.85,0.0
2016-04-11 13:30:00,INDEX:NDFI,82.85,85.71,80.0,80.0,0.0
2016-04-12 13:30:00,INDEX:NDFI,78.09,82.85,76.19,80.0,0.0
2016-04-13 13:30:00,INDEX:NDFI,82.85,89.52,81.9,88.57,0.0
2016-04-14 13:30:00,INDEX:NDFI,87.61,89.52,85.71,85.71,0.0
2016-04-15 13:30:00,INDEX:NDFI,84.76,85.71,83.8,83.8,0.0
2016-04-18 13:30:00,INDEX:NDFI,81.9,84.76,81.9,84.76,0.0
2016-04-19 13:30:00,INDEX:NDFI,84.76,85.71,81.48,82.4,0.0
2016-04-20 13:30:00,INDEX:NDFI,80.55,84.25,80.55,82.4,0.0
2016-04-21 13:30:00,INDEX:NDFI,80.55,82.4,76.85,79.62,0.0
2016-04-22 13:30:00,INDEX:NDFI,73.14,75.0,66.66,69.44,0.0
2016-04-25 13:30:00,INDEX:NDFI,67.59,69.44,64.81,68.51,0.0
2016-04-26 13:30:00,INDEX:NDFI,67.59,70.37,66.66,69.44,0.0
2016-04-27 13:30:00,INDEX:NDFI,71.29,74.07,66.66,72.22,0.0
2016-04-28 13:30:00,INDEX:NDFI,69.44,75.0,61.11,62.96,0.0
2016-04-29 13:30:00,INDEX:NDFI,51.85,51.85,40.74,47.22,0.0
2016-05-02 13:30:00,INDEX:NDFI,48.14,56.48,48.14,55.55,0.0
2016-05-03 13:30:00,INDEX:NDFI,50.92,50.92,40.74,43.51,0.0
2016-05-04 13:30:00,INDEX:NDFI,35.18,38.88,31.48,34.25,0.0
2016-05-05 13:30:00,INDEX:NDFI,36.11,41.66,34.25,34.25,0.0
2016-05-06 13:30:00,INDEX:NDFI,37.03,42.59,31.48,42.59,0.0
2016-05-09 13:30:00,INDEX:NDFI,48.14,49.07,41.66,45.37,0.0
2016-05-10 13:30:00,INDEX:NDFI,45.37,52.77,45.37,52.77,0.0
2016-05-11 13:30:00,INDEX:NDFI,49.07,50.92,42.59,43.51,0.0
2016-05-12 13:30:00,INDEX:NDFI,43.51,43.51,29.62,35.18,0.0
2016-05-13 13:30:00,INDEX:NDFI,36.11,41.66,31.48,33.33,0.0
2016-05-16 13:30:00,INDEX:NDFI,35.18,46.29,34.25,44.44,0.0
2016-05-17 13:30:00,INDEX:NDFI,37.03,43.51,27.77,28.7,0.0
2016-05-18 13:30:00,INDEX:NDFI,29.62,35.18,27.77,32.4,0.0
2016-05-19 13:30:00,INDEX:NDFI,33.33,33.33,25.0,26.85,0.0
2016-05-20 13:30:00,INDEX:NDFI,33.33,40.74,33.33,39.81,0.0
2016-05-23 13:30:00,INDEX:NDFI,41.66,43.51,38.88,38.88,0.0
2016-05-24 13:30:00,INDEX:NDFI,41.66,55.55,41.66,55.55,0.0
2016-05-25 13:30:00,INDEX:NDFI,57.4,62.03,57.4,60.18,0.0
2016-05-26 13:30:00,INDEX:NDFI,61.11,61.11,57.4,58.33,0.0
2016-05-27 13:30:00,INDEX:NDFI,62.96,65.74,62.96,65.74,0.0
2016-05-31 13:30:00,INDEX:NDFI,65.74,66.66,62.96,65.74,0.0
2016-06-01 13:30:00,INDEX:NDFI,62.96,69.44,62.96,66.66,0.0
2016-06-02 13:30:00,INDEX:NDFI,65.74,75.92,62.03,75.92,0.0
2016-06-03 13:30:00,INDEX:NDFI,65.74,68.51,58.33,67.59,0.0
2016-06-06 13:30:00,INDEX:NDFI,65.74,71.29,65.74,69.44,0.0
2016-06-07 13:30:00,INDEX:NDFI,64.81,70.37,62.96,67.59,0.0
2016-06-08 13:30:00,INDEX:NDFI,68.51,72.22,64.81,69.44,0.0
2016-06-09 13:30:00,INDEX:NDFI,61.11,63.88,57.4,61.11,0.0
2016-06-10 13:30:00,INDEX:NDFI,50.0,51.85,47.22,47.22,0.0
2016-06-13 13:30:00,INDEX:NDFI,50.0,52.77,46.29,46.29,0.0
2016-06-14 13:30:00,INDEX:NDFI,49.07,49.07,42.59,48.14,0.0
2016-06-15 13:30:00,INDEX:NDFI,50.92,52.77,44.44,45.37,0.0
2016-06-16 13:30:00,INDEX:NDFI,42.59,49.07,37.96,48.14,0.0
2016-06-17 13:30:00,INDEX:NDFI,45.37,45.37,39.81,41.66,0.0
2016-06-20 13:30:00,INDEX:NDFI,53.7,57.4,52.77,52.77,0.0
2016-06-21 13:30:00,INDEX:NDFI,52.77,52.77,50.92,51.85,0.0
2016-06-22 13:30:00,INDEX:NDFI,51.85,53.7,50.92,51.85,0.0
2016-06-23 13:30:00,INDEX:NDFI,55.55,62.96,55.55,62.96,0.0
2016-06-24 13:30:00,INDEX:NDFI,38.88,42.59,27.77,29.62,0.0
2016-06-27 13:30:00,INDEX:NDFI,20.37,20.37,11.11,15.74,0.0
2016-06-28 13:30:00,INDEX:NDFI,25.92,30.55,19.44,30.55,0.0
2016-06-29 13:30:00,INDEX:NDFI,37.03,45.37,35.18,43.51,0.0
2016-06-30 13:30:00,INDEX:NDFI,42.59,50.0,41.66,50.0,0.0
2016-07-01 13:30:00,INDEX:NDFI,51.85,57.4,50.0,52.77,0.0
2016-07-05 13:30:00,INDEX:NDFI,48.14,49.07,43.51,47.61,0.0
2016-07-06 13:30:00,INDEX:NDFI,42.85,56.19,42.85,56.19,0.0
2016-07-07 13:30:00,INDEX:NDFI,58.09,64.76,56.19,59.04,0.0
2016-07-08 13:30:00,INDEX:NDFI,70.47,78.09,70.47,77.14,0.0
2016-07-11 13:30:00,INDEX:NDFI,81.9,82.85,79.04,79.04,0.0
2016-07-12 13:30:00,INDEX:NDFI,83.8,83.8,80.95,81.9,0.0
2016-07-13 13:30:00,INDEX:NDFI,80.95,80.95,79.04,80.0,0.0
2016-07-14 13:30:00,INDEX:NDFI,81.9,84.76,80.95,80.95,0.0
2016-07-15 13:30:00,INDEX:NDFI,82.85,83.8,81.9,82.85,0.0
2016-07-18 13:30:00,INDEX:NDFI,81.9,86.66,81.9,85.71,0.0
2016-07-19 13:30:00,INDEX:NDFI,83.8,84.76,81.9,82.85,0.0
2016-07-20 13:30:00,INDEX:NDFI,82.85,85.71,82.85,84.76,0.0
2016-07-21 13:30:00,INDEX:NDFI,84.76,84.76,80.95,81.9,0.0
2016-07-22 13:30:00,INDEX:NDFI,79.04,82.85,79.04,81.9,0.0
2016-07-25 13:30:00,INDEX:NDFI,83.8,84.76,81.9,83.8,0.0
2016-07-26 13:30:00,INDEX:NDFI,84.76,84.76,81.9,83.8,0.0
2016-07-27 13:30:00,INDEX:NDFI,81.9,81.9,78.09,80.0,0.0
2016-07-28 13:30:00,INDEX:NDFI,77.14,80.95,77.14,78.09,0.0
2016-07-29 13:30:00,INDEX:NDFI,77.14,77.14,73.33,73.33,0.0
2016-08-01 13:30:00,INDEX:NDFI,72.38,76.19,72.38,74.28,0.0
2016-08-02 13:30:00,INDEX:NDFI,74.28,75.23,68.57,71.42,0.0
2016-08-03 13:30:00,INDEX:NDFI,68.57,69.52,66.66,68.57,0.0
2016-08-04 13:30:00,INDEX:NDFI,67.61,67.61,63.8,64.76,0.0
2016-08-05 13:30:00,INDEX:NDFI,73.33,78.09,72.38,76.19,0.0
2016-08-08 13:30:00,INDEX:NDFI,74.29,74.29,74.29,74.29,0.0
2016-08-09 13:30:00,INDEX:NDFI,71.42,76.19,71.42,71.42,0.0
2016-08-10 13:30:00,INDEX:NDFI,72.38,75.23,70.47,71.42,0.0
2016-08-11 13:30:00,INDEX:NDFI,73.33,75.23,73.33,74.28,0.0
2016-08-12 13:30:00,INDEX:NDFI,74.28,74.28,74.28,74.28,0.0
2016-08-15 13:30:00,INDEX:NDFI,77.14,79.04,77.14,78.09,0.0
2016-08-16 13:30:00,INDEX:NDFI,78.09,79.04,76.19,76.19,0.0
2016-08-17 13:30:00,INDEX:NDFI,76.19,78.09,74.28,78.09,0.0
2016-08-18 13:30:00,INDEX:NDFI,78.09,79.04,76.19,77.14,0.0
2016-08-19 13:30:00,INDEX:NDFI,77.14,78.09,75.23,77.14,0.0
2016-08-22 13:30:00,INDEX:NDFI,75.23,78.09,75.23,77.14,0.0
2016-08-23 13:30:00,INDEX:NDFI,77.14,80.0,77.14,77.14,0.0
2016-08-24 13:30:00,INDEX:NDFI,78.09,78.09,72.38,73.33,0.0
2016-08-25 13:30:00,INDEX:NDFI,72.38,74.28,70.47,71.42,0.0
2016-08-26 13:30:00,INDEX:NDFI,73.33,75.23,65.71,67.61,0.0
2016-08-29 13:30:00,INDEX:NDFI,71.42,71.42,67.61,67.61,0.0
2016-08-30 13:30:00,INDEX:NDFI,68.57,68.57,63.8,65.71,0.0
2016-08-31 13:30:00,INDEX:NDFI,64.76,65.71,60.95,62.85,0.0
2016-09-01 13:30:00,INDEX:NDFI,63.8,66.66,59.04,65.71,0.0
2016-09-02 13:30:00,INDEX:NDFI,71.42,72.38,68.57,69.52,0.0
2016-09-06 13:30:00,INDEX:NDFI,66.66,68.57,62.85,66.66,0.0
2016-09-07 13:30:00,INDEX:NDFI,65.71,67.61,63.8,65.71,0.0
2016-09-08 13:30:00,INDEX:NDFI,61.9,63.8,58.09,63.8,0.0
2016-09-09 13:30:00,INDEX:NDFI,51.42,51.42,38.09,38.09,0.0
2016-09-12 13:30:00,INDEX:NDFI,40.0,49.52,40.0,48.57,0.0
2016-09-13 13:30:00,INDEX:NDFI,43.8,43.8,38.09,40.95,0.0
2016-09-14 13:30:00,INDEX:NDFI,40.0,47.61,39.04,41.9,0.0
2016-09-15 13:30:00,INDEX:NDFI,40.95,51.42,40.95,50.47,0.0
2016-09-16 13:30:00,INDEX:NDFI,44.76,47.61,43.8,47.61,0.0
2016-09-19 13:30:00,INDEX:NDFI,49.52,50.47,43.8,47.61,0.0
2016-09-20 13:30:00,INDEX:NDFI,47.61,49.52,45.71,45.71,0.0
2016-09-21 13:30:00,INDEX:NDFI,47.61,52.38,43.8,52.38,0.0
2016-09-22 13:30:00,INDEX:NDFI,55.23,60.0,53.33,60.0,0.0
2016-09-23 13:30:00,INDEX:NDFI,59.04,60.0,55.23,55.23,0.0
2016-09-26 13:30:00,INDEX:NDFI,45.71,47.61,44.76,46.66,0.0
2016-09-27 13:30:00,INDEX:NDFI,46.66,56.19,46.66,56.19,0.0
2016-09-28 13:30:00,INDEX:NDFI,56.19,57.14,54.28,56.19,0.0
2016-09-29 13:30:00,INDEX:NDFI,55.23,58.09,48.57,51.42,0.0
2016-09-30 13:30:00,INDEX:NDFI,53.33,57.14,51.42,55.23,0.0
2016-10-03 13:30:00,INDEX:NDFI,52.38,58.09,51.42,55.23,0.0
2016-10-04 13:30:00,INDEX:NDFI,58.09,59.04,52.38,53.33,0.0
2016-10-05 13:30:00,INDEX:NDFI,57.14,58.09,55.23,56.19,0.0
2016-10-06 13:30:00,INDEX:NDFI,54.28,57.14,53.33,56.19,0.0
2016-10-07 13:30:00,INDEX:NDFI,54.28,55.23,47.61,52.38,0.0
2016-10-10 13:30:00,INDEX:NDFI,54.28,56.19,52.38,53.33,0.0
2016-10-11 13:30:00,INDEX:NDFI,49.52,49.52,40.0,40.95,0.0
2016-10-12 13:30:00,INDEX:NDFI,39.04,40.0,38.09,39.04,0.0
2016-10-13 13:30:00,INDEX:NDFI,31.42,38.09,25.71,34.28,0.0
2016-10-14 13:30:00,INDEX:NDFI,40.95,45.71,33.33,34.28,0.0
2016-10-17 13:30:00,INDEX:NDFI,33.33,38.09,32.38,36.19,0.0
2016-10-18 13:30:00,INDEX:NDFI,42.85,44.76,40.0,41.9,0.0
2016-10-19 13:30:00,INDEX:NDFI,38.09,40.95,37.14,40.95,0.0
2016-10-20 13:30:00,INDEX:NDFI,36.19,40.95,36.19,40.95,0.0
2016-10-21 13:30:00,INDEX:NDFI,38.09,44.76,38.09,44.76,0.0
2016-10-24 13:30:00,INDEX:NDFI,50.47,53.33,50.47,53.33,0.0
2016-10-25 13:30:00,INDEX:NDFI,52.38,53.33,47.61,48.57,0.0
2016-10-26 13:30:00,INDEX:NDFI,47.61,51.42,45.71,45.71,0.0
2016-10-27 13:30:00,INDEX:NDFI,47.61,47.61,39.04,40.0,0.0
2016-10-28 13:30:00,INDEX:NDFI,42.85,45.71,37.14,37.14,0.0
2016-10-31 13:30:00,INDEX:NDFI,45.71,46.66,40.0,44.76,0.0
2016-11-01 13:30:00,INDEX:NDFI,41.9,43.8,29.52,33.33,0.0
2016-11-02 13:30:00,INDEX:NDFI,40.0,40.0,27.61,28.57,0.0
2016-11-03 13:30:00,INDEX:NDFI,34.28,35.23,27.61,27.61,0.0
2016-11-04 13:30:00,INDEX:NDFI,29.52,32.38,26.66,26.66,0.0
2016-11-07 14:30:00,INDEX:NDFI,39.04,44.76,39.04,44.76,0.0
2016-11-08 14:30:00,INDEX:NDFI,39.04,53.33,38.09,50.47,0.0
2016-11-09 14:30:00,INDEX:NDFI,40.95,60.95,40.95,60.95,0.0
2016-11-10 14:30:00,INDEX:NDFI,69.52,69.52,42.85,52.38,0.0
2016-11-11 14:30:00,INDEX:NDFI,51.42,53.33,47.61,53.33,0.0
2016-11-14 14:30:00,INDEX:NDFI,59.04,60.95,53.33,53.33,0.0
2016-11-15 14:30:00,INDEX:NDFI,55.23,61.9,55.23,60.0,0.0
2016-11-16 14:30:00,INDEX:NDFI,59.04,61.9,59.04,60.0,0.0
2016-11-17 14:30:00,INDEX:NDFI,59.04,64.76,59.04,64.76,0.0
2016-11-18 14:30:00,INDEX:NDFI,63.8,64.76,59.04,60.95,0.0
2016-11-21 14:30:00,INDEX:NDFI,62.85,65.71,61.9,63.8,0.0
2016-11-22 14:30:00,INDEX:NDFI,63.8,66.66,62.85,66.66,0.0
2016-11-23 14:30:00,INDEX:NDFI,63.8,64.76,60.95,60.95,0.0
2016-11-25 14:30:00,INDEX:NDFI,61.9,67.61,61.9,67.61,0.0
2016-11-28 14:30:00,INDEX:NDFI,63.8,67.61,60.95,60.95,0.0
2016-11-29 14:30:00,INDEX:NDFI,60.95,66.66,59.04,62.85,0.0
2016-11-30 14:30:00,INDEX:NDFI,62.85,62.85,57.14,57.14,0.0
2016-12-01 14:30:00,INDEX:NDFI,57.14,57.14,46.66,48.57,0.0
2016-12-02 14:30:00,INDEX:NDFI,50.47,50.47,44.76,47.61,0.0
2016-12-05 14:30:00,INDEX:NDFI,49.52,52.38,49.52,50.47,0.0
2016-12-06 14:30:00,INDEX:NDFI,52.38,53.33,51.42,53.33,0.0
2016-12-07 14:30:00,INDEX:NDFI,52.38,57.14,52.38,57.14,0.0
2016-12-08 14:30:00,INDEX:NDFI,57.14,61.9,56.19,57.14,0.0
2016-12-09 14:30:00,INDEX:NDFI,64.76,65.71,60.95,62.85,0.0
2016-12-12 14:30:00,INDEX:NDFI,60.95,62.85,56.19,60.95,0.0
2016-12-13 14:30:00,INDEX:NDFI,72.38,72.38,72.38,72.38,0.0
2016-12-14 14:30:00,INDEX:NDFI,67.61,72.38,67.61,68.57,0.0
2016-12-15 14:30:00,INDEX:NDFI,66.66,72.38,66.66,69.52,0.0
2016-12-16 14:30:00,INDEX:NDFI,69.52,71.42,60.0,61.9,0.0
2016-12-19 14:30:00,INDEX:NDFI,65.71,69.52,62.85,62.85,0.0
2016-12-20 14:30:00,INDEX:NDFI,65.71,66.66,61.9,64.76,0.0
2016-12-21 14:30:00,INDEX:NDFI,67.61,68.57,61.68,62.61,0.0
2016-12-22 14:30:00,INDEX:NDFI,61.68,61.68,57.0,58.87,0.0
2016-12-23 14:30:00,INDEX:NDFI,62.61,66.35,62.61,63.55,0.0
2016-12-27 14:30:00,INDEX:NDFI,71.96,75.7,68.22,69.15,0.0
2016-12-28 14:30:00,INDEX:NDFI,66.35,66.35,59.81,59.81,0.0
2016-12-29 14:30:00,INDEX:NDFI,59.81,61.68,57.0,58.87,0.0
2016-12-30 14:30:00,INDEX:NDFI,59.81,59.81,47.66,48.59,0.0
2017-01-03 14:30:00,INDEX:NDFI,62.61,66.35,59.81,62.61,0.0
2017-01-04 14:30:00,INDEX:NDFI,68.22,71.02,67.28,70.09,0.0
2017-01-05 14:30:00,INDEX:NDFI,74.76,78.5,72.89,77.57,0.0
2017-01-06 14:30:00,INDEX:NDFI,76.63,80.37,75.7,77.57,0.0
2017-01-09 14:30:00,INDEX:NDFI,77.57,80.37,75.7,78.5,0.0
2017-01-10 14:30:00,INDEX:NDFI,80.37,85.98,80.37,84.11,0.0
2017-01-11 14:30:00,INDEX:NDFI,85.04,85.04,75.7,82.24,0.0
2017-01-12 14:30:00,INDEX:NDFI,77.57,83.17,73.83,83.17,0.0
2017-01-13 14:30:00,INDEX:NDFI,84.11,84.11,82.24,84.11,0.0
2017-01-17 14:30:00,INDEX:NDFI,82.24,85.04,82.24,83.17,0.0
2017-01-18 14:30:00,INDEX:NDFI,83.17,84.11,82.24,83.17,0.0
2017-01-19 14:30:00,INDEX:NDFI,82.24,82.24,77.57,77.57,0.0
2017-01-20 14:30:00,INDEX:NDFI,81.3,81.3,76.63,78.5,0.0
2017-01-23 14:30:00,INDEX:NDFI,79.43,79.43,75.7,78.5,0.0
2017-01-24 14:30:00,INDEX:NDFI,78.5,80.37,75.7,80.37,0.0
2017-01-25 14:30:00,INDEX:NDFI,82.24,83.17,79.43,79.43,0.0
2017-01-26 14:30:00,INDEX:NDFI,76.63,78.5,76.63,77.57,0.0
2017-01-27 14:30:00,INDEX:NDFI,77.57,78.5,75.7,78.5,0.0
2017-01-30 14:30:00,INDEX:NDFI,76.63,76.63,71.96,74.76,0.0
2017-01-31 14:30:00,INDEX:NDFI,74.76,76.63,70.09,76.63,0.0
2017-02-01 14:30:00,INDEX:NDFI,75.7,75.7,71.02,74.76,0.0
2017-02-02 14:30:00,INDEX:NDFI,72.89,73.83,71.02,71.02,0.0
2017-02-03 14:30:00,INDEX:NDFI,73.83,73.83,72.89,73.83,0.0
2017-02-06 14:30:00,INDEX:NDFI,73.83,73.83,72.89,73.83,0.0
2017-02-07 14:30:00,INDEX:NDFI,73.83,78.5,72.89,75.7,0.0
2017-02-08 14:30:00,INDEX:NDFI,71.96,77.57,70.09,74.76,0.0
2017-02-09 14:30:00,INDEX:NDFI,75.7,81.3,75.7,79.43,0.0
2017-02-10 14:30:00,INDEX:NDFI,77.57,80.37,77.57,79.43,0.0
2017-02-13 14:30:00,INDEX:NDFI,81.3,85.04,81.3,84.11,0.0
2017-02-14 14:30:00,INDEX:NDFI,80.37,84.11,79.43,84.11,0.0
2017-02-15 14:30:00,INDEX:NDFI,84.11,84.11,82.24,84.11,0.0
2017-02-16 14:30:00,INDEX:NDFI,85.04,85.04,80.37,81.3,0.0
2017-02-17 14:30:00,INDEX:NDFI,80.37,84.11,80.37,84.11,0.0
2017-02-21 14:30:00,INDEX:NDFI,86.91,88.78,85.98,88.78,0.0
2017-02-22 14:30:00,INDEX:NDFI,88.78,88.78,86.91,87.85,0.0
2017-02-23 14:30:00,INDEX:NDFI,85.98,88.78,85.98,87.85,0.0
2017-02-24 14:30:00,INDEX:NDFI,85.04,88.78,85.04,88.78,0.0
2017-02-27 14:30:00,INDEX:NDFI,86.91,86.91,85.04,86.91,0.0
2017-02-28 14:30:00,INDEX:NDFI,85.04,86.91,83.17,84.11,0.0
2017-03-01 14:30:00,INDEX:NDFI,87.85,87.85,85.04,86.91,0.0
2017-03-02 14:30:00,INDEX:NDFI,85.98,87.85,84.11,85.04,0.0
2017-03-03 14:30:00,INDEX:NDFI,85.04,85.98,81.3,84.11,0.0
2017-03-06 14:30:00,INDEX:NDFI,81.3,82.24,81.3,81.3,0.0
2017-03-07 14:30:00,INDEX:NDFI,79.43,81.3,75.7,76.63,0.0
2017-03-08 14:30:00,INDEX:NDFI,75.7,79.43,74.76,75.7,0.0
2017-03-09 14:30:00,INDEX:NDFI,72.89,76.63,72.89,74.76,0.0
2017-03-10 14:30:00,INDEX:NDFI,76.63,79.43,76.63,78.5,0.0
2017-03-13 13:30:00,INDEX:NDFI,76.63,79.43,76.63,78.5,0.0
2017-03-14 13:30:00,INDEX:NDFI,76.63,78.5,74.76,78.5,0.0
2017-03-15 13:30:00,INDEX:NDFI,80.37,83.17,78.5,82.24,0.0
2017-03-16 13:30:00,INDEX:NDFI,84.11,85.04,82.24,83.17,0.0
2017-03-17 13:30:00,INDEX:NDFI,84.11,85.98,81.3,81.3,0.0
2017-03-20 13:30:00,INDEX:NDFI,83.17,83.17,79.43,82.24,0.0
2017-03-21 13:30:00,INDEX:NDFI,81.3,81.3,62.61,63.55,0.0
2017-03-22 13:30:00,INDEX:NDFI,62.61,69.15,61.68,68.22,0.0
2017-03-23 13:30:00,INDEX:NDFI,62.61,70.09,61.68,66.35,0.0
2017-03-24 13:30:00,INDEX:NDFI,68.22,72.89,66.35,69.15,0.0
2017-03-27 13:30:00,INDEX:NDFI,61.68,68.22,59.81,67.28,0.0
2017-03-28 13:30:00,INDEX:NDFI,65.42,71.96,64.48,68.22,0.0
2017-03-29 13:30:00,INDEX:NDFI,68.22,72.89,68.22,72.89,0.0
2017-03-30 13:30:00,INDEX:NDFI,71.02,76.63,71.02,74.76,0.0
2017-03-31 13:30:00,INDEX:NDFI,72.89,74.76,70.09,71.96,0.0
2017-04-03 13:30:00,INDEX:NDFI,72.89,72.89,67.28,69.15,0.0
2017-04-04 13:30:00,INDEX:NDFI,66.35,69.15,65.42,69.15,0.0
2017-04-05 13:30:00,INDEX:NDFI,71.02,75.7,64.48,64.48,0.0
2017-04-06 13:30:00,INDEX:NDFI,63.55,71.02,63.55,67.28,0.0
2017-04-07 13:30:00,INDEX:NDFI,66.35,66.35,60.74,62.61,0.0
2017-04-10 13:30:00,INDEX:NDFI,62.61,66.35,58.87,62.61,0.0
2017-04-11 13:30:00,INDEX:NDFI,57.94,59.81,51.4,59.81,0.0
2017-04-12 13:30:00,INDEX:NDFI,56.07,59.81,56.07,56.07,0.0
2017-04-13 13:30:00,INDEX:NDFI,55.14,57.0,44.85,44.85,0.0
2017-04-17 13:30:00,INDEX:NDFI,50.46,52.33,46.72,52.33,0.0
2017-04-18 13:30:00,INDEX:NDFI,48.59,55.14,48.59,53.27,0.0
2017-04-19 13:30:00,INDEX:NDFI,58.87,58.87,53.27,53.27,0.0
2017-04-20 13:30:00,INDEX:NDFI,58.87,64.48,54.2,61.68,0.0
2017-04-21 13:30:00,INDEX:NDFI,59.81,62.61,54.2,56.07,0.0
2017-04-24 13:30:00,INDEX:NDFI,68.22,68.22,63.55,64.48,0.0
2017-04-25 13:30:00,INDEX:NDFI,69.15,73.83,67.28,71.96,0.0
2017-04-26 13:30:00,INDEX:NDFI,71.96,72.89,69.15,69.15,0.0
2017-04-27 13:30:00,INDEX:NDFI,70.09,72.89,69.15,72.89,0.0
2017-04-28 13:30:00,INDEX:NDFI,71.02,71.96,65.42,69.15,0.0
2017-05-01 13:30:00,INDEX:NDFI,70.09,70.09,65.42,65.42,0.0
2017-05-02 13:30:00,INDEX:NDFI,69.15,70.09,66.35,70.09,0.0
2017-05-03 13:30:00,INDEX:NDFI,67.28,68.22,63.55,64.48,0.0
2017-05-04 13:30:00,INDEX:NDFI,66.35,67.28,63.55,66.35,0.0
2017-05-05 13:30:00,INDEX:NDFI,67.28,67.28,66.35,66.35,0.0
2017-05-08 13:30:00,INDEX:NDFI,67.28,67.28,61.68,62.61,0.0
2017-05-09 13:30:00,INDEX:NDFI,63.55,65.42,62.61,64.48,0.0
2017-05-10 13:30:00,INDEX:NDFI,64.48,65.42,60.74,65.42,0.0
2017-05-11 13:30:00,INDEX:NDFI,63.55,63.55,59.81,61.68,0.0
2017-05-12 13:30:00,INDEX:NDFI,61.68,62.61,59.81,59.81,0.0
2017-05-15 13:30:00,INDEX:NDFI,60.74,65.42,60.74,64.48,0.0
2017-05-16 13:30:00,INDEX:NDFI,62.61,65.42,62.61,65.42,0.0
2017-05-17 13:30:00,INDEX:NDFI,62.61,62.61,54.2,54.2,0.0
2017-05-18 13:30:00,INDEX:NDFI,55.14,58.87,54.2,57.94,0.0
2017-05-19 13:30:00,INDEX:NDFI,58.87,60.74,58.87,59.81,0.0
2017-05-22 13:30:00,INDEX:NDFI,59.81,61.68,59.81,60.74,0.0
2017-05-23 13:30:00,INDEX:NDFI,61.68,62.61,60.74,61.68,0.0
2017-05-24 13:30:00,INDEX:NDFI,61.68,64.48,60.74,63.55,0.0
2017-05-25 13:30:00,INDEX:NDFI,64.48,69.15,64.48,69.15,0.0
2017-05-26 13:30:00,INDEX:NDFI,70.09,70.09,65.42,65.42,0.0
2017-05-30 13:30:00,INDEX:NDFI,65.42,67.28,64.48,66.35,0.0
2017-05-31 13:30:00,INDEX:NDFI,67.28,68.22,65.42,67.28,0.0
2017-06-01 13:30:00,INDEX:NDFI,69.15,70.09,68.22,70.09,0.0
2017-06-02 13:30:00,INDEX:NDFI,69.15,72.89,69.15,72.89,0.0
2017-06-05 13:30:00,INDEX:NDFI,71.96,71.96,68.22,68.22,0.0
2017-06-06 13:30:00,INDEX:NDFI,67.28,71.02,67.28,69.15,0.0
2017-06-07 13:30:00,INDEX:NDFI,69.15,70.09,66.35,69.15,0.0
2017-06-08 13:30:00,INDEX:NDFI,69.15,69.15,65.42,67.28,0.0
2017-06-09 13:30:00,INDEX:NDFI,67.28,71.02,57.94,62.61,0.0
2017-06-12 13:30:00,INDEX:NDFI,59.81,61.68,56.07,61.68,0.0
2017-06-13 13:30:00,INDEX:NDFI,62.61,65.42,62.61,65.42,0.0
2017-06-14 13:30:00,INDEX:NDFI,66.35,68.22,58.87,63.55,0.0
2017-06-15 13:30:00,INDEX:NDFI,57.94,60.74,52.33,59.81,0.0
2017-06-16 13:30:00,INDEX:NDFI,56.07,58.87,52.33,57.0,0.0
2017-06-19 13:30:00,INDEX:NDFI,61.68,67.28,60.74,67.28,0.0
2017-06-20 13:30:00,INDEX:NDFI,63.55,63.55,57.94,57.94,0.0
2017-06-21 13:30:00,INDEX:NDFI,60.74,63.55,59.81,63.55,0.0
2017-06-22 13:30:00,INDEX:NDFI,63.55,64.48,62.61,63.55,0.0
2017-06-23 13:30:00,INDEX:NDFI,60.74,63.55,60.74,63.55,0.0
2017-06-26 13:30:00,INDEX:NDFI,64.48,64.48,61.68,61.68,0.0
2017-06-27 13:30:00,INDEX:NDFI,57.94,60.74,50.46,50.46,0.0
2017-06-28 13:30:00,INDEX:NDFI,47.66,64.48,47.66,63.55,0.0
2017-06-29 13:30:00,INDEX:NDFI,57.0,57.0,41.12,48.59,0.0
2017-06-30 13:30:00,INDEX:NDFI,49.53,51.4,45.79,48.59,0.0
2017-07-03 13:30:00,INDEX:NDFI,50.46,53.27,40.18,41.12,0.0
2017-07-05 13:30:00,INDEX:NDFI,43.92,50.46,41.12,50.46,0.0
2017-07-06 13:30:00,INDEX:NDFI,42.99,43.92,36.44,38.31,0.0
2017-07-07 13:30:00,INDEX:NDFI,39.25,53.27,39.25,46.72,0.0
2017-07-10 13:30:00,INDEX:NDFI,50.46,53.27,46.72,52.33,0.0
2017-07-11 13:30:00,INDEX:NDFI,49.53,57.94,49.53,55.14,0.0
2017-07-12 13:30:00,INDEX:NDFI,66.35,70.09,63.55,69.15,0.0
2017-07-13 13:30:00,INDEX:NDFI,67.28,69.15,63.55,65.42,0.0
2017-07-14 13:30:00,INDEX:NDFI,69.15,73.83,68.22,72.89,0.0
2017-07-17 13:30:00,INDEX:NDFI,71.96,72.89,69.15,71.02,0.0
2017-07-18 13:30:00,INDEX:NDFI,62.61,70.09,62.61,67.28,0.0
2017-07-19 13:30:00,INDEX:NDFI,70.09,74.76,69.15,74.76,0.0
2017-07-20 13:30:00,INDEX:NDFI,74.76,74.76,69.15,74.76,0.0
2017-07-21 13:30:00,INDEX:NDFI,71.02,71.96,68.22,69.15,0.0
2017-07-24 13:30:00,INDEX:NDFI,68.22,71.02,66.35,71.02,0.0
2017-07-25 13:30:00,INDEX:NDFI,71.02,71.02,65.42,67.28,0.0
2017-07-26 13:30:00,INDEX:NDFI,66.35,68.22,64.48,68.22,0.0
2017-07-27 13:30:00,INDEX:NDFI,70.09,71.96,54.2,60.74,0.0
2017-07-28 13:30:00,INDEX:NDFI,57.94,62.61,55.14,59.81,0.0
2017-07-31 13:30:00,INDEX:NDFI,61.68,61.68,56.07,57.0,0.0
2017-08-01 13:30:00,INDEX:NDFI,57.94,58.87,54.2,57.94,0.0
2017-08-02 13:30:00,INDEX:NDFI,54.2,54.2,43.92,49.53,0.0
2017-08-03 13:30:00,INDEX:NDFI,50.46,51.4,47.66,49.53,0.0
2017-08-04 13:30:00,INDEX:NDFI,52.33,52.33,47.66,51.4,0.0
2017-08-07 13:30:00,INDEX:NDFI,51.4,55.14,51.4,54.2,0.0
2017-08-08 13:30:00,INDEX:NDFI,49.53,53.27,48.59,50.46,0.0
2017-08-09 13:30:00,INDEX:NDFI,43.92,47.66,42.05,47.66,0.0
2017-08-10 13:30:00,INDEX:NDFI,44.85,44.85,33.64,33.64,0.0
2017-08-11 13:30:00,INDEX:NDFI,35.51,40.18,35.51,38.31,0.0
2017-08-14 13:30:00,INDEX:NDFI,43.92,48.59,43.92,46.72,0.0
2017-08-15 13:30:00,INDEX:NDFI,44.85,45.79,42.99,44.85,0.0
2017-08-16 13:30:00,INDEX:NDFI,44.85,49.53,44.85,46.72,0.0
2017-08-17 13:30:00,INDEX:NDFI,42.05,42.99,37.38,37.38,0.0
2017-08-18 13:30:00,INDEX:NDFI,40.18,41.12,36.44,39.25,0.0
2017-08-21 13:30:00,INDEX:NDFI,37.38,37.38,33.64,36.44,0.0
2017-08-22 13:30:00,INDEX:NDFI,37.38,43.92,37.38,42.99,0.0
2017-08-23 13:30:00,INDEX:NDFI,38.31,44.85,38.31,41.12,0.0
2017-08-24 13:30:00,INDEX:NDFI,45.79,45.79,39.25,42.05,0.0
2017-08-25 13:30:00,INDEX:NDFI,45.79,48.59,41.12,42.05,0.0
2017-08-28 13:30:00,INDEX:NDFI,42.99,44.85,40.18,42.05,0.0
2017-08-29 13:30:00,INDEX:NDFI,39.25,46.72,39.25,43.92,0.0
2017-08-30 13:30:00,INDEX:NDFI,46.72,57.94,45.79,53.27,0.0
2017-08-31 13:30:00,INDEX:NDFI,58.87,64.48,58.87,61.68,0.0
2017-09-01 13:30:00,INDEX:NDFI,69.15,69.15,62.61,62.61,0.0
2017-09-05 13:30:00,INDEX:NDFI,63.55,64.48,54.2,60.74,0.0
2017-09-06 13:30:00,INDEX:NDFI,61.68,62.61,57.94,61.68,0.0
2017-09-07 13:30:00,INDEX:NDFI,61.68,65.42,57.94,61.68,0.0
2017-09-08 13:30:00,INDEX:NDFI,57.94,60.74,54.2,54.2,0.0
2017-09-11 13:30:00,INDEX:NDFI,61.68,65.42,61.68,62.61,0.0
2017-09-12 13:30:00,INDEX:NDFI,64.48,65.42,60.74,65.42,0.0
2017-09-13 13:30:00,INDEX:NDFI,63.55,67.28,62.61,66.35,0.0
2017-09-14 13:30:00,INDEX:NDFI,60.74,62.61,59.81,60.74,0.0
2017-09-15 13:30:00,INDEX:NDFI,59.81,61.68,56.07,61.68,0.0
2017-09-18 13:30:00,INDEX:NDFI,59.81,63.55,57.0,57.0,0.0
2017-09-19 13:30:00,INDEX:NDFI,58.87,59.81,55.14,58.87,0.0
2017-09-20 13:30:00,INDEX:NDFI,57.0,59.81,52.33,54.2,0.0
2017-09-21 13:30:00,INDEX:NDFI,54.2,55.14,50.46,52.33,0.0
2017-09-22 13:30:00,INDEX:NDFI,52.33,56.07,52.33,56.07,0.0
2017-09-25 13:30:00,INDEX:NDFI,55.14,56.07,46.72,49.53,0.0
2017-09-26 13:30:00,INDEX:NDFI,52.33,55.14,49.53,51.4,0.0
2017-09-27 13:30:00,INDEX:NDFI,54.2,57.0,52.33,57.0,0.0
2017-09-28 13:30:00,INDEX:NDFI,55.14,55.14,48.59,51.4,0.0
2017-09-29 13:30:00,INDEX:NDFI,55.14,57.94,54.2,57.94,0.0
2017-10-02 13:30:00,INDEX:NDFI,57.94,57.94,57.94,57.94,0.0
2017-10-03 13:30:00,INDEX:NDFI,58.87,62.61,57.0,61.68,0.0
2017-10-04 13:30:00,INDEX:NDFI,58.87,67.28,58.87,64.48,0.0
2017-10-05 13:30:00,INDEX:NDFI,68.22,70.09,66.35,68.22,0.0
2017-10-06 13:30:00,INDEX:NDFI,66.35,71.02,66.35,70.09,0.0
2017-10-09 13:30:00,INDEX:NDFI,67.28,69.15,66.35,67.28,0.0
2017-10-10 13:30:00,INDEX:NDFI,68.22,68.22,62.61,67.28,0.0
2017-10-11 13:30:00,INDEX:NDFI,65.42,69.15,64.48,68.22,0.0
2017-10-12 13:30:00,INDEX:NDFI,65.42,69.15,64.48,68.22,0.0
2017-10-13 13:30:00,INDEX:NDFI,69.15,71.96,69.15,70.09,0.0
2017-10-16 13:30:00,INDEX:NDFI,70.09,70.09,66.35,67.28,0.0
2017-10-17 13:30:00,INDEX:NDFI,65.42,69.15,65.42,69.15,0.0
2017-10-18 13:30:00,INDEX:NDFI,68.22,70.09,68.22,68.22,0.0
2017-10-19 13:30:00,INDEX:NDFI,63.55,64.48,61.68,64.48,0.0
2017-10-20 13:30:00,INDEX:NDFI,64.48,68.22,64.48,66.35,0.0
2017-10-23 13:30:00,INDEX:NDFI,66.35,66.35,57.94,57.94,0.0
2017-10-24 13:30:00,INDEX:NDFI,58.87,59.81,57.0,58.87,0.0
2017-10-25 13:30:00,INDEX:NDFI,58.87,58.87,49.53,55.14,0.0
2017-10-26 13:30:00,INDEX:NDFI,57.0,60.74,55.14,55.14,0.0
2017-10-27 13:30:00,INDEX:NDFI,53.27,59.81,52.33,57.94,0.0
2017-10-30 13:30:00,INDEX:NDFI,57.0,57.0,51.4,53.27,0.0
2017-10-31 13:30:00,INDEX:NDFI,55.14,59.81,54.2,59.81,0.0
2017-11-01 13:30:00,INDEX:NDFI,55.14,58.87,55.14,57.0,0.0
2017-11-02 13:30:00,INDEX:NDFI,55.14,55.14,52.33,53.27,0.0
2017-11-03 13:30:00,INDEX:NDFI,53.27,53.27,51.4,52.33,0.0
2017-11-06 14:30:00,INDEX:NDFI,52.33,55.14,49.53,54.2,0.0
2017-11-07 14:30:00,INDEX:NDFI,53.27,53.27,51.4,53.27,0.0
2017-11-08 14:30:00,INDEX:NDFI,54.2,57.94,53.27,57.94,0.0
2017-11-09 14:30:00,INDEX:NDFI,54.2,57.94,53.27,56.07,0.0
2017-11-10 14:30:00,INDEX:NDFI,54.2,55.14,53.27,54.2,0.0
2017-11-13 14:30:00,INDEX:NDFI,55.14,57.94,55.14,57.0,0.0
2017-11-14 14:30:00,INDEX:NDFI,55.14,55.14,53.27,55.14,0.0
2017-11-15 14:30:00,INDEX:NDFI,50.46,54.2,50.46,53.27,0.0
2017-11-16 14:30:00,INDEX:NDFI,54.2,58.87,54.2,57.94,0.0
2017-11-17 14:30:00,INDEX:NDFI,57.94,59.81,57.0,59.81,0.0
2017-11-20 14:30:00,INDEX:NDFI,58.87,58.87,56.07,57.94,0.0
2017-11-21 14:30:00,INDEX:NDFI,58.87,62.61,57.94,59.81,0.0
2017-11-22 14:30:00,INDEX:NDFI,64.48,65.42,62.61,63.55,0.0
2017-11-24 14:30:00,INDEX:NDFI,62.61,62.61,58.87,60.74,0.0
2017-11-27 14:30:00,INDEX:NDFI,60.74,60.74,55.14,55.14,0.0
2017-11-28 14:30:00,INDEX:NDFI,56.07,61.68,53.27,61.68,0.0
2017-11-29 14:30:00,INDEX:NDFI,60.74,63.55,57.0,57.94,0.0
2017-11-30 14:30:00,INDEX:NDFI,57.94,61.68,57.0,61.68,0.0
2017-12-01 14:30:00,INDEX:NDFI,56.07,60.74,48.59,60.74,0.0
2017-12-04 14:30:00,INDEX:NDFI,65.42,65.42,57.0,57.0,0.0
2017-12-05 14:30:00,INDEX:NDFI,56.07,63.55,56.07,58.87,0.0
2017-12-06 14:30:00,INDEX:NDFI,57.0,59.81,55.14,56.07,0.0
2017-12-07 14:30:00,INDEX:NDFI,56.07,61.68,55.14,59.81,0.0
2017-12-08 14:30:00,INDEX:NDFI,62.61,63.55,60.74,61.68,0.0
2017-12-11 14:30:00,INDEX:NDFI,62.61,66.35,58.87,65.42,0.0
2017-12-12 14:30:00,INDEX:NDFI,63.55,65.42,63.55,63.55,0.0
2017-12-13 14:30:00,INDEX:NDFI,66.35,69.15,66.35,67.28,0.0
2017-12-14 14:30:00,INDEX:NDFI,65.42,66.35,60.74,60.74,0.0
2017-12-15 14:30:00,INDEX:NDFI,60.74,67.28,60.74,66.35,0.0
2017-12-18 14:30:00,INDEX:NDFI,68.22,71.02,68.22,68.22,0.0
2017-12-19 14:30:00,INDEX:NDFI,70.09,71.96,62.61,67.28,0.0
2017-12-20 14:30:00,INDEX:NDFI,67.28,68.22,64.48,66.35,0.0
2017-12-21 14:30:00,INDEX:NDFI,69.15,71.96,64.48,64.48,0.0
2017-12-22 14:30:00,INDEX:NDFI,65.42,66.35,59.43,63.2,0.0
2017-12-26 14:30:00,INDEX:NDFI,60.37,60.37,55.66,58.49,0.0
2017-12-27 14:30:00,INDEX:NDFI,59.43,61.32,56.6,56.6,0.0
2017-12-28 14:30:00,INDEX:NDFI,59.43,61.32,58.49,61.32,0.0
2017-12-29 14:30:00,INDEX:NDFI,62.26,62.26,53.77,53.77,0.0
2018-01-02 14:30:00,INDEX:NDFI,58.49,74.52,58.49,73.58,0.0
2018-01-03 14:30:00,INDEX:NDFI,80.18,83.96,79.24,82.07,0.0
2018-01-04 14:30:00,INDEX:NDFI,87.73,87.73,78.3,78.3,0.0
2018-01-05 14:30:00,INDEX:NDFI,82.07,86.53,82.07,86.53,0.0
2018-01-08 14:30:00,INDEX:NDFI,87.5,91.34,87.5,91.34,0.0
2018-01-09 14:30:00,INDEX:NDFI,91.34,91.34,87.5,88.46,0.0
2018-01-10 14:30:00,INDEX:NDFI,85.57,86.53,81.73,84.61,0.0
2018-01-11 14:30:00,INDEX:NDFI,84.61,84.61,79.8,82.69,0.0
2018-01-12 14:30:00,INDEX:NDFI,81.73,86.53,81.73,82.69,0.0
2018-01-16 14:30:00,INDEX:NDFI,87.5,87.5,81.73,81.73,0.0
2018-01-17 14:30:00,INDEX:NDFI,83.65,85.57,83.65,85.57,0.0
2018-01-18 14:30:00,INDEX:NDFI,86.53,88.46,86.53,87.5,0.0
2018-01-19 14:30:00,INDEX:NDFI,85.57,88.46,85.57,87.5,0.0
2018-01-22 14:30:00,INDEX:NDFI,87.5,88.46,86.53,88.46,0.0
2018-01-23 14:30:00,INDEX:NDFI,87.5,90.38,87.5,89.42,0.0
2018-01-24 14:30:00,INDEX:NDFI,91.34,91.34,87.5,88.46,0.0
2018-01-25 14:30:00,INDEX:NDFI,89.42,89.42,85.57,86.53,0.0
2018-01-26 14:30:00,INDEX:NDFI,88.46,89.42,85.57,87.5,0.0
2018-01-29 14:30:00,INDEX:NDFI,87.5,87.5,84.61,85.57,0.0
2018-01-30 14:30:00,INDEX:NDFI,85.57,85.57,80.76,84.61,0.0
2018-01-31 14:30:00,INDEX:NDFI,82.69,83.65,78.84,79.8,0.0
2018-02-01 14:30:00,INDEX:NDFI,79.8,80.76,76.92,77.88,0.0
2018-02-02 14:30:00,INDEX:NDFI,76.92,76.92,62.5,62.5,0.0
2018-02-05 14:30:00,INDEX:NDFI,61.53,67.3,32.69,32.69,0.0
2018-02-06 14:30:00,INDEX:NDFI,27.88,47.11,27.88,47.11,0.0
2018-02-07 14:30:00,INDEX:NDFI,44.23,50.0,41.34,41.34,0.0
2018-02-08 14:30:00,INDEX:NDFI,38.46,40.38,20.19,20.19,0.0
2018-02-09 14:30:00,INDEX:NDFI,21.15,27.88,10.57,25.0,0.0
2018-02-12 14:30:00,INDEX:NDFI,29.8,31.73,26.92,29.8,0.0
2018-02-13 14:30:00,INDEX:NDFI,28.84,33.65,28.84,33.65,0.0
2018-02-14 14:30:00,INDEX:NDFI,28.84,43.26,28.84,41.34,0.0
2018-02-15 14:30:00,INDEX:NDFI,45.19,55.76,44.23,55.76,0.0
2018-02-16 14:30:00,INDEX:NDFI,53.84,59.61,53.84,55.76,0.0
2018-02-20 14:30:00,INDEX:NDFI,51.92,58.65,50.0,51.92,0.0
2018-02-21 14:30:00,INDEX:NDFI,55.76,61.53,52.88,52.88,0.0
2018-02-22 14:30:00,INDEX:NDFI,56.73,56.73,50.0,50.96,0.0
2018-02-23 14:30:00,INDEX:NDFI,53.84,60.57,50.0,60.57,0.0
2018-02-26 14:30:00,INDEX:NDFI,66.34,67.3,64.42,67.3,0.0
2018-02-27 14:30:00,INDEX:NDFI,66.34,69.23,58.25,58.25,0.0
2018-02-28 14:30:00,INDEX:NDFI,61.16,62.13,52.42,52.42,0.0
2018-03-01 14:30:00,INDEX:NDFI,52.42,54.36,33.98,41.74,0.0
2018-03-02 14:30:00,INDEX:NDFI,36.89,48.07,31.06,47.11,0.0
2018-03-05 14:30:00,INDEX:NDFI,42.3,54.8,40.38,52.88,0.0
2018-03-06 14:30:00,INDEX:NDFI,54.8,57.69,52.88,56.73,0.0
2018-03-07 14:30:00,INDEX:NDFI,51.92,56.73,49.03,55.76,0.0
2018-03-08 14:30:00,INDEX:NDFI,56.73,61.53,56.73,61.53,0.0
2018-03-09 14:30:00,INDEX:NDFI,66.34,67.3,65.38,67.3,0.0
2018-03-12 13:30:00,INDEX:NDFI,69.23,72.11,69.23,69.9,0.0
2018-03-13 13:30:00,INDEX:NDFI,70.87,70.87,63.1,64.07,0.0
2018-03-14 13:30:00,INDEX:NDFI,66.99,66.99,60.19,61.76,0.0
2018-03-15 13:30:00,INDEX:NDFI,60.78,63.72,60.78,60.78,0.0
2018-03-16 13:30:00,INDEX:NDFI,60.78,64.7,60.78,62.74,0.0
2018-03-19 13:30:00,INDEX:NDFI,51.96,56.86,45.09,50.0,0.0
2018-03-20 13:30:00,INDEX:NDFI,50.98,52.94,49.01,50.0,0.0
2018-03-21 13:30:00,INDEX:NDFI,49.01,52.94,46.07,47.05,0.0
2018-03-22 13:30:00,INDEX:NDFI,37.25,41.17,34.31,34.31,0.0
2018-03-23 13:30:00,INDEX:NDFI,35.29,35.29,18.62,18.62,0.0
2018-03-26 13:30:00,INDEX:NDFI,30.39,40.19,24.5,38.23,0.0
2018-03-27 13:30:00,INDEX:NDFI,36.27,39.21,20.58,23.52,0.0
2018-03-28 13:30:00,INDEX:NDFI,24.5,24.5,14.7,15.68,0.0
2018-03-29 13:30:00,INDEX:NDFI,17.64,29.41,13.72,25.49,0.0
2018-04-02 13:30:00,INDEX:NDFI,23.52,24.5,6.86,10.78,0.0
2018-04-03 13:30:00,INDEX:NDFI,11.65,17.47,9.7,14.56,0.0
2018-04-04 13:30:00,INDEX:NDFI,10.67,27.18,9.7,25.24,0.0
2018-04-05 13:30:00,INDEX:NDFI,30.09,30.09,22.33,26.21,0.0
2018-04-06 13:30:00,INDEX:NDFI,18.44,24.27,8.73,9.7,0.0
2018-04-09 13:30:00,INDEX:NDFI,14.56,24.27,13.59,13.59,0.0
2018-04-10 13:30:00,INDEX:NDFI,24.27,34.95,20.38,32.03,0.0
2018-04-11 13:30:00,INDEX:NDFI,28.15,34.95,26.21,28.15,0.0
2018-04-12 13:30:00,INDEX:NDFI,35.92,40.77,35.92,37.86,0.0
2018-04-13 13:30:00,INDEX:NDFI,42.71,45.63,32.03,36.89,0.0
2018-04-16 13:30:00,INDEX:NDFI,43.68,45.63,41.74,43.68,0.0
2018-04-17 13:30:00,INDEX:NDFI,47.57,60.19,46.6,58.25,0.0
2018-04-18 13:30:00,INDEX:NDFI,55.33,61.16,51.45,57.28,0.0
2018-04-19 13:30:00,INDEX:NDFI,51.45,52.42,45.63,46.6,0.0
2018-04-20 13:30:00,INDEX:NDFI,45.63,46.6,35.92,37.86,0.0
2018-04-23 13:30:00,INDEX:NDFI,38.83,45.63,35.92,38.83,0.0
2018-04-24 13:30:00,INDEX:NDFI,44.66,44.66,28.15,33.0,0.0
2018-04-25 13:30:00,INDEX:NDFI,30.09,31.06,20.38,28.15,0.0
2018-04-26 13:30:00,INDEX:NDFI,32.03,41.74,32.03,40.77,0.0
2018-04-27 13:30:00,INDEX:NDFI,42.71,43.68,36.89,39.8,0.0
2018-04-30 13:30:00,INDEX:NDFI,42.71,45.63,34.95,34.95,0.0
2018-05-01 13:30:00,INDEX:NDFI,33.0,38.83,31.06,38.83,0.0
2018-05-02 13:30:00,INDEX:NDFI,34.95,38.83,32.03,32.03,0.0
2018-05-03 13:30:00,INDEX:NDFI,28.15,35.92,22.33,33.0,0.0
2018-05-04 13:30:00,INDEX:NDFI,29.12,44.66,29.12,41.74,0.0
2018-05-07 13:30:00,INDEX:NDFI,43.68,46.6,42.71,44.66,0.0
2018-05-08 13:30:00,INDEX:NDFI,44.66,47.57,38.83,43.68,0.0
2018-05-09 13:30:00,INDEX:NDFI,46.6,52.42,43.68,50.48,0.0
2018-05-10 13:30:00,INDEX:NDFI,52.42,61.16,52.42,60.19,0.0
2018-05-11 13:30:00,INDEX:NDFI,59.22,61.16,54.36,55.33,0.0
2018-05-14 13:30:00,INDEX:NDFI,62.13,63.1,60.19,61.16,0.0
2018-05-15 13:30:00,INDEX:NDFI,57.28,58.25,54.36,57.28,0.0
2018-05-16 13:30:00,INDEX:NDFI,58.25,65.04,58.25,63.1,0.0
2018-05-17 13:30:00,INDEX:NDFI,60.19,66.01,58.25,61.16,0.0
2018-05-18 13:30:00,INDEX:NDFI,58.25,61.16,56.31,58.25,0.0
2018-05-21 13:30:00,INDEX:NDFI,64.07,65.04,60.19,62.13,0.0
2018-05-22 13:30:00,INDEX:NDFI,65.04,66.99,61.16,61.16,0.0
2018-05-23 13:30:00,INDEX:NDFI,55.33,62.13,55.33,62.13,0.0
2018-05-24 13:30:00,INDEX:NDFI,65.04,65.04,58.25,63.1,0.0
2018-05-25 13:30:00,INDEX:NDFI,62.13,68.93,62.13,64.07,0.0
2018-05-29 13:30:00,INDEX:NDFI,58.25,61.16,53.39,58.25,0.0
2018-05-30 13:30:00,INDEX:NDFI,59.22,65.04,58.25,62.13,0.0
2018-05-31 13:30:00,INDEX:NDFI,63.1,63.1,58.25,58.25,0.0
2018-06-01 13:30:00,INDEX:NDFI,63.1,66.01,62.13,66.01,0.0
2018-06-04 13:30:00,INDEX:NDFI,65.04,66.01,63.1,66.01,0.0
2018-06-05 13:30:00,INDEX:NDFI,68.93,69.9,66.01,68.93,0.0
2018-06-06 13:30:00,INDEX:NDFI,71.84,71.84,66.99,71.84,0.0
2018-06-07 13:30:00,INDEX:NDFI,69.9,73.78,66.99,67.96,0.0
2018-06-08 13:30:00,INDEX:NDFI,68.93,70.87,67.96,69.9,0.0
2018-06-11 13:30:00,INDEX:NDFI,70.87,75.72,70.87,74.75,0.0
2018-06-12 13:30:00,INDEX:NDFI,74.75,76.69,74.75,75.72,0.0
2018-06-13 13:30:00,INDEX:NDFI,75.72,78.64,71.84,73.78,0.0
2018-06-14 13:30:00,INDEX:NDFI,78.64,83.49,78.64,82.52,0.0
2018-06-15 13:30:00,INDEX:NDFI,80.58,80.58,75.72,79.61,0.0
2018-06-18 13:30:00,INDEX:NDFI,74.75,77.66,74.75,76.69,0.0
2018-06-19 13:30:00,INDEX:NDFI,72.81,76.69,69.9,76.69,0.0
2018-06-20 13:30:00,INDEX:NDFI,76.69,80.58,76.69,77.66,0.0
2018-06-21 13:30:00,INDEX:NDFI,79.61,79.61,71.84,73.78,0.0
2018-06-22 13:30:00,INDEX:NDFI,72.81,74.75,71.84,72.81,0.0
2018-06-25 13:30:00,INDEX:NDFI,66.01,66.01,51.45,57.28,0.0
2018-06-26 13:30:00,INDEX:NDFI,57.28,60.19,55.33,58.25,0.0
2018-06-27 13:30:00,INDEX:NDFI,60.19,60.19,46.6,46.6,0.0
2018-06-28 13:30:00,INDEX:NDFI,46.6,53.39,44.66,51.45,0.0
2018-06-29 13:30:00,INDEX:NDFI,60.19,61.16,56.31,56.31,0.0
2018-07-02 13:30:00,INDEX:NDFI,49.51,62.13,49.51,61.16,0.0
2018-07-03 13:30:00,INDEX:NDFI,61.16,62.13,56.31,56.31,0.0
2018-07-05 13:30:00,INDEX:NDFI,57.28,62.13,54.36,60.19,0.0
2018-07-06 13:30:00,INDEX:NDFI,60.19,67.96,60.19,67.96,0.0
2018-07-09 13:30:00,INDEX:NDFI,70.87,72.81,65.04,72.81,0.0
2018-07-10 13:30:00,INDEX:NDFI,72.81,75.72,71.84,74.75,0.0
2018-07-11 13:30:00,INDEX:NDFI,66.01,69.9,65.04,66.01,0.0
2018-07-12 13:30:00,INDEX:NDFI,67.96,73.78,67.96,71.84,0.0
2018-07-13 13:30:00,INDEX:NDFI,73.78,75.72,71.84,75.72,0.0
2018-07-16 13:30:00,INDEX:NDFI,73.78,73.78,68.93,69.9,0.0
2018-07-17 13:30:00,INDEX:NDFI,65.04,73.78,65.04,73.78,0.0
2018-07-18 13:30:00,INDEX:NDFI,74.75,76.69,72.81,75.72,0.0
2018-07-19 13:30:00,INDEX:NDFI,72.81,72.81,66.99,69.9,0.0
2018-07-20 13:30:00,INDEX:NDFI,67.96,70.87,64.07,65.04,0.0
2018-07-23 13:30:00,INDEX:NDFI,63.1,66.99,61.16,65.04,0.0
2018-07-24 13:30:00,INDEX:NDFI,68.93,70.87,58.25,59.22,0.0
2018-07-25 13:30:00,INDEX:NDFI,66.01,66.01,60.19,66.01,0.0
2018-07-26 13:30:00,INDEX:NDFI,68.93,71.84,67.96,70.87,0.0
2018-07-27 13:30:00,INDEX:NDFI,71.84,75.72,60.19,63.1,0.0
2018-07-30 13:30:00,INDEX:NDFI,60.19,60.19,51.45,52.42,0.0
2018-07-31 13:30:00,INDEX:NDFI,59.22,59.22,53.39,56.31,0.0
2018-08-01 13:30:00,INDEX:NDFI,56.31,57.28,53.39,55.33,0.0
2018-08-02 13:30:00,INDEX:NDFI,51.45,59.22,51.45,57.28,0.0
2018-08-03 13:30:00,INDEX:NDFI,61.16,64.07,60.19,63.1,0.0
2018-08-06 13:30:00,INDEX:NDFI,63.1,67.96,62.13,66.01,0.0
2018-08-07 13:30:00,INDEX:NDFI,67.96,71.84,67.96,71.84,0.0
2018-08-08 13:30:00,INDEX:NDFI,66.01,69.9,64.07,67.96,0.0
2018-08-09 13:30:00,INDEX:NDFI,63.1,67.96,63.1,66.99,0.0
2018-08-10 13:30:00,INDEX:NDFI,61.16,62.13,58.25,61.16,0.0
2018-08-13 13:30:00,INDEX:NDFI,60.19,61.16,59.22,59.22,0.0
2018-08-14 13:30:00,INDEX:NDFI,60.19,62.13,58.25,61.16,0.0
2018-08-15 13:30:00,INDEX:NDFI,56.31,56.31,56.31,56.31,0.0
2018-08-16 13:30:00,INDEX:NDFI,57.28,58.25,55.33,56.31,0.0
2018-08-17 13:30:00,INDEX:NDFI,52.42,53.39,49.51,52.42,0.0
2018-08-20 13:30:00,INDEX:NDFI,51.45,55.33,50.48,52.42,0.0
2018-08-21 13:30:00,INDEX:NDFI,56.31,61.16,56.31,60.19,0.0
2018-08-22 13:30:00,INDEX:NDFI,60.19,62.13,59.22,62.13,0.0
2018-08-23 13:30:00,INDEX:NDFI,62.13,62.13,58.25,59.22,0.0
2018-08-24 13:30:00,INDEX:NDFI,61.16,63.1,59.22,62.13,0.0
2018-08-27 13:30:00,INDEX:NDFI,64.07,67.96,64.07,66.01,0.0
2018-08-28 13:30:00,INDEX:NDFI,66.01,66.01,62.13,62.13,0.0
2018-08-29 13:30:00,INDEX:NDFI,63.1,68.93,63.1,66.99,0.0
2018-08-30 13:30:00,INDEX:NDFI,64.07,66.01,61.16,61.16,0.0
2018-08-31 13:30:00,INDEX:NDFI,62.13,65.04,59.22,62.13,0.0
2018-09-04 13:30:00,INDEX:NDFI,58.25,61.16,56.31,58.25,0.0
2018-09-05 13:30:00,INDEX:NDFI,54.36,57.28,54.36,57.28,0.0
2018-09-06 13:30:00,INDEX:NDFI,56.31,56.31,51.45,53.39,0.0
2018-09-07 13:30:00,INDEX:NDFI,52.42,53.39,50.48,50.48,0.0
2018-09-10 13:30:00,INDEX:NDFI,52.42,56.31,51.45,54.36,0.0
2018-09-11 13:30:00,INDEX:NDFI,52.42,55.33,50.48,54.36,0.0
2018-09-12 13:30:00,INDEX:NDFI,53.39,56.31,51.45,56.31,0.0
2018-09-13 13:30:00,INDEX:NDFI,57.28,59.22,57.28,58.25,0.0
2018-09-14 13:30:00,INDEX:NDFI,59.22,59.22,57.28,57.28,0.0
2018-09-17 13:30:00,INDEX:NDFI,57.28,57.28,52.42,52.42,0.0
2018-09-18 13:30:00,INDEX:NDFI,53.39,59.22,52.42,58.25,0.0
2018-09-19 13:30:00,INDEX:NDFI,57.28,58.25,53.39,56.31,0.0
2018-09-20 13:30:00,INDEX:NDFI,58.25,61.16,57.28,58.25,0.0
2018-09-21 13:30:00,INDEX:NDFI,62.13,62.13,55.33,55.33,0.0
2018-09-24 13:30:00,INDEX:NDFI,53.39,57.28,53.39,57.28,0.0
2018-09-25 13:30:00,INDEX:NDFI,59.22,59.22,54.36,55.33,0.0
2018-09-26 13:30:00,INDEX:NDFI,60.19,64.07,56.31,57.28,0.0
2018-09-27 13:30:00,INDEX:NDFI,59.22,64.07,57.28,61.16,0.0
2018-09-28 13:30:00,INDEX:NDFI,60.19,61.16,56.31,59.22,0.0
2018-10-01 13:30:00,INDEX:NDFI,65.04,67.96,55.33,57.28,0.0
2018-10-02 13:30:00,INDEX:NDFI,58.25,62.13,55.33,57.28,0.0
2018-10-03 13:30:00,INDEX:NDFI,57.28,62.13,57.28,57.28,0.0
2018-10-04 13:30:00,INDEX:NDFI,53.39,53.39,39.8,41.74,0.0
2018-10-05 13:30:00,INDEX:NDFI,43.68,45.63,30.09,36.89,0.0
2018-10-08 13:30:00,INDEX:NDFI,33.0,37.86,29.12,34.95,0.0
2018-10-09 13:30:00,INDEX:NDFI,34.95,39.8,32.03,33.98,0.0
2018-10-10 13:30:00,INDEX:NDFI,29.12,29.12,10.67,10.67,0.0
2018-10-11 13:30:00,INDEX:NDFI,10.67,11.65,5.82,5.82,0.0
2018-10-12 13:30:00,INDEX:NDFI,10.67,18.44,7.76,17.47,0.0
2018-10-15 13:30:00,INDEX:NDFI,14.56,18.44,13.59,14.56,0.0
2018-10-16 13:30:00,INDEX:NDFI,19.41,31.06,19.41,30.09,0.0
2018-10-17 13:30:00,INDEX:NDFI,29.12,30.09,23.3,29.12,0.0
2018-10-18 13:30:00,INDEX:NDFI,24.27,24.27,16.5,20.38,0.0
2018-10-19 13:30:00,INDEX:NDFI,19.41,24.27,18.44,19.41,0.0
2018-10-22 13:30:00,INDEX:NDFI,20.38,20.38,14.56,17.47,0.0
2018-10-23 13:30:00,INDEX:NDFI,14.56,21.35,7.76,19.41,0.0
2018-10-24 13:30:00,INDEX:NDFI,16.5,16.5,4.85,4.85,0.0
2018-10-25 13:30:00,INDEX:NDFI,8.73,12.62,8.73,11.65,0.0
2018-10-26 13:30:00,INDEX:NDFI,8.73,11.65,6.79,8.73,0.0
2018-10-29 13:30:00,INDEX:NDFI,15.53,16.5,8.73,12.62,0.0
2018-10-30 13:30:00,INDEX:NDFI,12.62,16.5,11.65,15.53,0.0
2018-10-31 13:30:00,INDEX:NDFI,18.44,25.24,17.47,18.44,0.0
2018-11-01 13:30:00,INDEX:NDFI,21.35,27.18,19.41,27.18,0.0
2018-11-02 13:30:00,INDEX:NDFI,29.12,29.12,18.44,24.27,0.0
2018-11-05 14:30:00,INDEX:NDFI,26.21,28.15,22.33,26.21,0.0
2018-11-06 14:30:00,INDEX:NDFI,27.18,31.06,26.21,30.09,0.0
2018-11-07 14:30:00,INDEX:NDFI,34.95,45.63,34.95,44.11,0.0
2018-11-08 14:30:00,INDEX:NDFI,46.07,47.05,42.15,44.11,0.0
2018-11-09 14:30:00,INDEX:NDFI,42.15,42.15,31.37,37.25,0.0
2018-11-12 14:30:00,INDEX:NDFI,34.31,34.31,26.47,27.45,0.0
2018-11-13 14:30:00,INDEX:NDFI,29.41,32.35,28.43,29.41,0.0
2018-11-14 14:30:00,INDEX:NDFI,36.27,36.27,26.47,26.47,0.0
2018-11-15 14:30:00,INDEX:NDFI,23.52,36.27,20.58,36.27,0.0
2018-11-16 14:30:00,INDEX:NDFI,32.35,41.17,30.39,38.23,0.0
2018-11-19 14:30:00,INDEX:NDFI,37.25,37.25,26.47,26.47,0.0
2018-11-20 14:30:00,INDEX:NDFI,25.49,27.45,19.6,21.56,0.0
2018-11-21 14:30:00,INDEX:NDFI,23.52,26.47,22.54,22.54,0.0
2018-11-23 14:30:00,INDEX:NDFI,22.54,25.49,22.54,24.5,0.0
2018-11-26 14:30:00,INDEX:NDFI,28.15,33.0,28.15,32.03,0.0
2018-11-27 14:30:00,INDEX:NDFI,31.06,37.86,28.15,35.92,0.0
2018-11-28 14:30:00,INDEX:NDFI,39.8,55.33,34.95,55.33,0.0
2018-11-29 14:30:00,INDEX:NDFI,53.39,56.31,49.51,52.42,0.0
2018-11-30 14:30:00,INDEX:NDFI,51.45,59.22,51.45,59.22,0.0
2018-12-03 14:30:00,INDEX:NDFI,70.87,71.84,65.04,70.87,0.0
2018-12-04 14:30:00,INDEX:NDFI,68.93,69.9,43.68,43.68,0.0
2018-12-05 14:30:00,INDEX:NDFI,43.68,43.68,43.68,43.68,0.0
2018-12-06 14:30:00,INDEX:NDFI,31.06,47.57,29.12,47.57,0.0
2018-12-07 14:30:00,INDEX:NDFI,41.74,46.6,21.35,22.33,0.0
2018-12-10 14:30:00,INDEX:NDFI,26.21,30.09,17.47,28.15,0.0
2018-12-11 14:30:00,INDEX:NDFI,40.77,45.63,27.18,32.03,0.0
2018-12-12 14:30:00,INDEX:NDFI,43.68,54.36,36.89,37.86,0.0
2018-12-13 14:30:00,INDEX:NDFI,47.57,47.57,33.0,35.92,0.0
2018-12-14 14:30:00,INDEX:NDFI,30.09,33.98,26.21,26.21,0.0
2018-12-17 14:30:00,INDEX:NDFI,26.21,28.15,14.56,17.47,0.0
2018-12-18 14:30:00,INDEX:NDFI,22.33,22.33,16.5,17.47,0.0
2018-12-19 14:30:00,INDEX:NDFI,18.44,23.3,10.67,11.65,0.0
2018-12-20 14:30:00,INDEX:NDFI,9.7,9.7,5.82,6.79,0.0
2018-12-21 14:30:00,INDEX:NDFI,6.79,7.76,3.88,3.88,0.0
2018-12-24 14:30:00,INDEX:NDFI,3.88,3.88,2.91,2.94,0.0
2018-12-26 14:30:00,INDEX:NDFI,2.94,8.82,2.94,8.82,0.0
2018-12-27 14:30:00,INDEX:NDFI,3.92,9.8,3.92,9.8,0.0
2018-12-28 14:30:00,INDEX:NDFI,9.8,16.66,6.86,8.82,0.0
2018-12-31 14:30:00,INDEX:NDFI,13.72,14.7,6.86,12.74,0.0
2019-01-02 14:30:00,INDEX:NDFI,5.88,15.68,5.88,10.67,0.0
2019-01-03 14:30:00,INDEX:NDFI,8.73,10.67,5.82,5.82,0.0
2019-01-04 14:30:00,INDEX:NDFI,9.7,26.21,9.7,24.27,0.0
2019-01-07 14:30:00,INDEX:NDFI,26.21,38.83,20.38,35.92,0.0
2019-01-08 14:30:00,INDEX:NDFI,41.74,41.74,30.09,35.92,0.0
2019-01-09 14:30:00,INDEX:NDFI,43.68,50.48,41.74,44.66,0.0
2019-01-10 14:30:00,INDEX:NDFI,38.83,54.36,36.89,54.36,0.0
2019-01-11 14:30:00,INDEX:NDFI,49.51,55.33,48.54,55.33,0.0
2019-01-14 14:30:00,INDEX:NDFI,38.83,48.54,38.83,41.74,0.0
2019-01-15 14:30:00,INDEX:NDFI,52.43,52.43,52.43,52.43,0.0
2019-01-16 14:30:00,INDEX:NDFI,51.45,55.33,45.63,45.63,0.0
2019-01-17 14:30:00,INDEX:NDFI,46.6,59.22,46.6,56.31,0.0
2019-01-18 14:30:00,INDEX:NDFI,64.07,73.78,62.13,70.87,0.0
2019-01-22 14:30:00,INDEX:NDFI,66.99,69.9,56.31,63.1,0.0
2019-01-23 14:30:00,INDEX:NDFI,64.07,70.87,58.25,66.01,0.0
2019-01-24 14:30:00,INDEX:NDFI,70.87,72.81,69.9,70.87,0.0
2019-01-25 14:30:00,INDEX:NDFI,75.72,77.66,72.81,73.78,0.0
2019-01-28 14:30:00,INDEX:NDFI,69.9,72.81,68.93,72.81,0.0
2019-01-29 14:30:00,INDEX:NDFI,74.75,74.75,67.96,68.93,0.0
2019-01-30 14:30:00,INDEX:NDFI,74.75,84.46,72.81,82.52,0.0
2019-01-31 14:30:00,INDEX:NDFI,82.52,87.37,82.52,86.4,0.0
2019-02-01 14:30:00,INDEX:NDFI,87.37,88.34,84.46,87.37,0.0
2019-02-04 14:30:00,INDEX:NDFI,88.34,91.26,88.34,91.26,0.0
2019-02-05 14:30:00,INDEX:NDFI,92.23,93.2,91.26,93.2,0.0
2019-02-06 14:30:00,INDEX:NDFI,90.29,91.26,88.34,89.32,0.0
2019-02-07 14:30:00,INDEX:NDFI,88.34,89.32,82.52,85.43,0.0
2019-02-08 14:30:00,INDEX:NDFI,82.52,85.43,80.58,85.43,0.0
2019-02-11 14:30:00,INDEX:NDFI,87.37,87.37,84.46,85.43,0.0
2019-02-12 14:30:00,INDEX:NDFI,86.4,90.29,86.4,89.32,0.0
2019-02-13 14:30:00,INDEX:NDFI,90.29,90.29,87.37,88.34,0.0
2019-02-14 14:30:00,INDEX:NDFI,87.37,89.32,87.37,89.32,0.0
2019-02-15 14:30:00,INDEX:NDFI,91.26,92.23,90.29,92.23,0.0
2019-02-19 14:30:00,INDEX:NDFI,93.2,93.2,90.29,91.26,0.0
2019-02-20 14:30:00,INDEX:NDFI,92.23,92.23,89.32,91.26,0.0
2019-02-21 14:30:00,INDEX:NDFI,90.29,90.29,88.34,89.32,0.0
2019-02-22 14:30:00,INDEX:NDFI,88.34,89.32,87.37,87.37,0.0
2019-02-25 14:30:00,INDEX:NDFI,89.32,90.29,88.34,88.34,0.0
2019-02-26 14:30:00,INDEX:NDFI,88.34,89.32,86.4,88.34,0.0
2019-02-27 14:30:00,INDEX:NDFI,86.4,87.37,86.4,87.37,0.0
2019-02-28 14:30:00,INDEX:NDFI,87.37,89.32,86.4,87.37,0.0
2019-03-01 14:30:00,INDEX:NDFI,88.34,89.32,87.37,88.34,0.0
2019-03-04 14:30:00,INDEX:NDFI,88.34,88.34,83.49,86.4,0.0
2019-03-05 14:30:00,INDEX:NDFI,86.4,88.34,85.43,86.4,0.0
2019-03-06 14:30:00,INDEX:NDFI,86.4,86.4,82.52,83.49,0.0
2019-03-07 14:30:00,INDEX:NDFI,80.58,80.58,76.69,78.64,0.0
2019-03-08 14:30:00,INDEX:NDFI,65.04,71.84,65.04,70.87,0.0
2019-03-11 13:30:00,INDEX:NDFI,74.75,79.61,72.81,79.61,0.0
2019-03-12 13:30:00,INDEX:NDFI,77.66,78.64,73.78,77.66,0.0
2019-03-13 13:30:00,INDEX:NDFI,78.64,82.52,77.66,80.58,0.0
2019-03-14 13:30:00,INDEX:NDFI,79.61,79.61,75.72,78.64,0.0
2019-03-15 13:30:00,INDEX:NDFI,82.52,82.52,79.61,81.55,0.0
2019-03-18 13:30:00,INDEX:NDFI,80.58,82.52,76.69,79.61,0.0
2019-03-19 13:30:00,INDEX:NDFI,79.61,81.55,77.66,80.58,0.0
2019-03-20 13:30:00,INDEX:NDFI,78.64,79.61,72.81,76.69,0.0
2019-03-21 13:30:00,INDEX:NDFI,77.66,82.52,77.66,82.52,0.0
2019-03-22 13:30:00,INDEX:NDFI,79.61,79.61,72.81,72.81,0.0
2019-03-25 13:30:00,INDEX:NDFI,70.87,72.81,68.93,71.84,0.0
2019-03-26 13:30:00,INDEX:NDFI,76.69,79.61,72.81,74.75,0.0
2019-03-27 13:30:00,INDEX:NDFI,75.72,75.72,66.01,69.9,0.0
2019-03-28 13:30:00,INDEX:NDFI,68.93,73.78,64.07,67.96,0.0
2019-03-29 13:30:00,INDEX:NDFI,74.75,75.72,72.81,72.81,0.0
2019-04-01 13:30:00,INDEX:NDFI,78.64,80.58,77.66,79.61,0.0
2019-04-02 13:30:00,INDEX:NDFI,79.61,83.49,79.61,82.52,0.0
2019-04-03 13:30:00,INDEX:NDFI,82.52,87.37,82.52,82.52,0.0
2019-04-04 13:30:00,INDEX:NDFI,84.46,86.4,78.64,80.58,0.0
2019-04-05 13:30:00,INDEX:NDFI,84.46,86.4,84.46,85.43,0.0
2019-04-08 13:30:00,INDEX:NDFI,80.58,83.49,79.61,83.49,0.0
2019-04-09 13:30:00,INDEX:NDFI,80.58,84.46,80.58,83.49,0.0
2019-04-10 13:30:00,INDEX:NDFI,83.49,87.37,83.49,85.43,0.0
2019-04-11 13:30:00,INDEX:NDFI,87.37,87.37,84.46,84.46,0.0
2019-04-12 13:30:00,INDEX:NDFI,85.43,86.4,84.46,85.43,0.0
2019-04-15 13:30:00,INDEX:NDFI,85.43,85.43,79.61,82.52,0.0
2019-04-16 13:30:00,INDEX:NDFI,83.49,83.49,78.64,79.61,0.0
2019-04-17 13:30:00,INDEX:NDFI,78.64,78.64,73.78,76.69,0.0
2019-04-18 13:30:00,INDEX:NDFI,74.75,76.69,72.81,76.69,0.0
2019-04-22 13:30:00,INDEX:NDFI,75.72,75.72,74.75,74.75,0.0
2019-04-23 13:30:00,INDEX:NDFI,77.66,80.58,77.66,80.58,0.0
2019-04-24 13:30:00,INDEX:NDFI,81.55,81.55,79.61,80.58,0.0
2019-04-25 13:30:00,INDEX:NDFI,76.69,80.58,76.69,80.58,0.0
2019-04-26 13:30:00,INDEX:NDFI,75.72,78.64,72.81,77.66,0.0
2019-04-29 13:30:00,INDEX:NDFI,76.69,77.66,74.75,75.72,0.0
2019-04-30 13:30:00,INDEX:NDFI,77.66,78.64,72.81,78.64,0.0
2019-05-01 13:30:00,INDEX:NDFI,76.69,76.69,71.84,71.84,0.0
2019-05-02 13:30:00,INDEX:NDFI,73.78,77.66,66.99,71.84,0.0
2019-05-03 13:30:00,INDEX:NDFI,75.72,78.64,74.75,78.64,0.0
2019-05-06 13:30:00,INDEX:NDFI,72.81,76.69,69.9,75.72,0.0
2019-05-07 13:30:00,INDEX:NDFI,67.96,67.96,59.22,60.19,0.0
2019-05-08 13:30:00,INDEX:NDFI,58.25,63.1,58.25,60.19,0.0
2019-05-09 13:30:00,INDEX:NDFI,52.42,56.31,44.66,54.36,0.0
2019-05-10 13:30:00,INDEX:NDFI,52.42,56.31,40.77,56.31,0.0
2019-05-13 13:30:00,INDEX:NDFI,38.83,39.8,33.0,33.0,0.0
2019-05-14 13:30:00,INDEX:NDFI,35.92,47.57,34.95,43.68,0.0
2019-05-15 13:30:00,INDEX:NDFI,39.8,48.54,39.8,46.6,0.0
2019-05-16 13:30:00,INDEX:NDFI,50.48,56.31,50.48,54.36,0.0
2019-05-17 13:30:00,INDEX:NDFI,51.45,55.33,48.54,48.54,0.0
2019-05-20 13:30:00,INDEX:NDFI,40.77,42.71,37.86,38.83,0.0
2019-05-21 13:30:00,INDEX:NDFI,41.74,43.68,40.77,41.74,0.0
2019-05-22 13:30:00,INDEX:NDFI,39.8,39.8,36.89,36.89,0.0
2019-05-23 13:30:00,INDEX:NDFI,33.0,33.0,30.09,32.03,0.0
2019-05-24 13:30:00,INDEX:NDFI,33.0,33.98,31.06,33.0,0.0
2019-05-28 13:30:00,INDEX:NDFI,35.92,36.89,31.06,31.06,0.0
2019-05-29 13:30:00,INDEX:NDFI,27.18,27.18,20.38,24.27,0.0
2019-05-30 13:30:00,INDEX:NDFI,24.27,27.18,23.3,26.21,0.0
2019-05-31 13:30:00,INDEX:NDFI,20.38,22.33,17.47,20.38,0.0
2019-06-03 13:30:00,INDEX:NDFI,22.33,22.33,15.53,18.44,0.0
2019-06-04 13:30:00,INDEX:NDFI,19.41,23.3,18.44,23.3,0.0
2019-06-05 13:30:00,INDEX:NDFI,29.12,33.0,28.15,30.09,0.0
2019-06-06 13:30:00,INDEX:NDFI,33.0,37.86,29.12,35.92,0.0
2019-06-07 13:30:00,INDEX:NDFI,36.89,45.63,36.89,43.68,0.0
2019-06-10 13:30:00,INDEX:NDFI,49.51,54.36,45.63,47.57,0.0
2019-06-11 13:30:00,INDEX:NDFI,56.31,57.28,48.54,51.45,0.0
2019-06-12 13:30:00,INDEX:NDFI,47.57,51.45,44.66,45.63,0.0
2019-06-13 13:30:00,INDEX:NDFI,49.51,53.39,49.51,52.42,0.0
2019-06-14 13:30:00,INDEX:NDFI,47.57,51.45,44.66,44.66,0.0
2019-06-17 13:30:00,INDEX:NDFI,46.6,54.36,46.6,50.48,0.0
2019-06-18 13:30:00,INDEX:NDFI,58.25,67.96,58.25,61.16,0.0
2019-06-19 13:30:00,INDEX:NDFI,64.07,64.07,59.22,63.1,0.0
2019-06-20 13:30:00,INDEX:NDFI,69.9,72.81,65.04,68.93,0.0
2019-06-21 13:30:00,INDEX:NDFI,66.99,69.9,64.07,67.96,0.0
2019-06-24 13:30:00,INDEX:NDFI,66.01,68.93,63.1,63.1,0.0
2019-06-25 13:30:00,INDEX:NDFI,65.04,66.99,56.31,60.19,0.0
2019-06-26 13:30:00,INDEX:NDFI,63.1,66.99,61.16,61.16,0.0
2019-06-27 13:30:00,INDEX:NDFI,66.01,68.93,66.01,66.01,0.0
2019-06-28 13:30:00,INDEX:NDFI,73.78,74.75,70.87,73.78,0.0
2019-07-01 13:30:00,INDEX:NDFI,87.37,88.34,79.61,82.52,0.0
2019-07-02 13:30:00,INDEX:NDFI,80.58,84.46,80.58,83.49,0.0
2019-07-03 13:30:00,INDEX:NDFI,83.49,86.4,82.52,86.4,0.0
2019-07-05 13:30:00,INDEX:NDFI,84.46,86.4,79.61,85.43,0.0
2019-07-08 13:30:00,INDEX:NDFI,83.49,83.49,76.69,78.64,0.0
2019-07-09 13:30:00,INDEX:NDFI,74.75,81.55,74.75,78.64,0.0
2019-07-10 13:30:00,INDEX:NDFI,85.43,88.34,82.52,84.46,0.0
2019-07-11 13:30:00,INDEX:NDFI,81.55,83.49,74.75,80.58,0.0
2019-07-12 13:30:00,INDEX:NDFI,82.52,84.46,81.55,84.46,0.0
2019-07-15 13:30:00,INDEX:NDFI,85.43,88.34,83.49,86.4,0.0
2019-07-16 13:30:00,INDEX:NDFI,86.4,87.37,84.46,84.46,0.0
2019-07-17 13:30:00,INDEX:NDFI,83.49,83.49,80.58,80.58,0.0
2019-07-18 13:30:00,INDEX:NDFI,78.64,85.43,78.64,83.49,0.0
2019-07-19 13:30:00,INDEX:NDFI,85.43,85.43,78.64,78.64,0.0
2019-07-22 13:30:00,INDEX:NDFI,77.66,80.58,75.72,75.72,0.0
2019-07-23 13:30:00,INDEX:NDFI,76.69,79.61,72.81,79.61,0.0
2019-07-24 13:30:00,INDEX:NDFI,77.66,82.52,77.66,82.52,0.0
2019-07-25 13:30:00,INDEX:NDFI,79.61,81.55,74.75,75.72,0.0
2019-07-26 13:30:00,INDEX:NDFI,75.72,80.58,75.72,79.61,0.0
2019-07-29 13:30:00,INDEX:NDFI,77.66,77.66,72.81,74.75,0.0
2019-07-30 13:30:00,INDEX:NDFI,73.78,78.64,73.78,76.69,0.0
2019-07-31 13:30:00,INDEX:NDFI,76.69,76.69,62.13,67.96,0.0
2019-08-01 13:30:00,INDEX:NDFI,68.93,76.69,57.28,59.22,0.0
2019-08-02 13:30:00,INDEX:NDFI,59.22,59.22,44.66,49.51,0.0
2019-08-05 13:30:00,INDEX:NDFI,33.0,33.0,21.35,26.21,0.0
2019-08-06 13:30:00,INDEX:NDFI,32.03,34.95,25.24,34.95,0.0
2019-08-07 13:30:00,INDEX:NDFI,26.21,36.89,23.3,36.89,0.0
2019-08-08 13:30:00,INDEX:NDFI,41.74,55.33,40.77,55.33,0.0
2019-08-09 13:30:00,INDEX:NDFI,48.54,50.48,39.8,42.71,0.0
2019-08-12 13:30:00,INDEX:NDFI,37.86,41.74,34.95,35.92,0.0
2019-08-13 13:30:00,INDEX:NDFI,30.09,50.48,30.09,48.54,0.0
2019-08-14 13:30:00,INDEX:NDFI,35.92,35.92,24.27,24.27,0.0
2019-08-15 13:30:00,INDEX:NDFI,26.21,29.12,21.35,26.21,0.0
2019-08-16 13:30:00,INDEX:NDFI,31.06,38.83,28.15,36.89,0.0
2019-08-19 13:30:00,INDEX:NDFI,47.57,47.57,44.66,44.66,0.0
2019-08-20 13:30:00,INDEX:NDFI,42.71,45.63,40.77,40.77,0.0
2019-08-21 13:30:00,INDEX:NDFI,44.66,47.57,43.68,45.63,0.0
2019-08-22 13:30:00,INDEX:NDFI,45.63,48.54,38.83,45.63,0.0
2019-08-23 13:30:00,INDEX:NDFI,38.83,43.68,23.3,25.24,0.0
2019-08-26 13:30:00,INDEX:NDFI,31.06,33.0,28.15,32.03,0.0
2019-08-27 13:30:00,INDEX:NDFI,40.77,40.77,29.12,31.06,0.0
2019-08-28 13:30:00,INDEX:NDFI,27.18,39.8,27.18,37.86,0.0
2019-08-29 13:30:00,INDEX:NDFI,46.6,47.57,45.63,46.6,0.0
2019-08-30 13:30:00,INDEX:NDFI,47.57,50.48,43.68,46.6,0.0
2019-09-03 13:30:00,INDEX:NDFI,40.77,43.68,36.89,41.74,0.0
2019-09-04 13:30:00,INDEX:NDFI,44.66,47.57,42.71,44.66,0.0
2019-09-05 13:30:00,INDEX:NDFI,51.45,57.28,51.45,55.33,0.0
2019-09-06 13:30:00,INDEX:NDFI,57.28,59.22,55.33,57.28,0.0
2019-09-09 13:30:00,INDEX:NDFI,58.25,59.22,53.39,55.33,0.0
2019-09-10 13:30:00,INDEX:NDFI,51.45,58.25,51.45,58.25,0.0
2019-09-11 13:30:00,INDEX:NDFI,55.33,61.16,55.33,61.16,0.0
2019-09-12 13:30:00,INDEX:NDFI,66.01,67.96,61.16,64.07,0.0
2019-09-13 13:30:00,INDEX:NDFI,65.04,67.96,63.1,65.04,0.0
2019-09-16 13:30:00,INDEX:NDFI,58.25,63.1,58.25,62.13,0.0
2019-09-17 13:30:00,INDEX:NDFI,60.19,64.07,58.25,64.07,0.0
2019-09-18 13:30:00,INDEX:NDFI,63.1,64.07,57.28,64.07,0.0
2019-09-19 13:30:00,INDEX:NDFI,64.07,66.01,62.13,62.13,0.0
2019-09-20 13:30:00,INDEX:NDFI,63.1,66.99,57.28,58.25,0.0
2019-09-23 13:30:00,INDEX:NDFI,56.31,60.19,52.42,59.22,0.0
2019-09-24 13:30:00,INDEX:NDFI,58.25,61.16,45.63,50.48,0.0
2019-09-25 13:30:00,INDEX:NDFI,51.45,55.33,47.57,55.33,0.0
2019-09-26 13:30:00,INDEX:NDFI,56.31,57.28,50.48,56.31,0.0
2019-09-27 13:30:00,INDEX:NDFI,54.36,55.33,40.77,46.6,0.0
2019-09-30 13:30:00,INDEX:NDFI,45.63,53.39,45.63,51.45,0.0
2019-10-01 13:30:00,INDEX:NDFI,54.36,56.31,40.77,41.74,0.0
2019-10-02 13:30:00,INDEX:NDFI,34.95,34.95,24.27,27.18,0.0
2019-10-03 13:30:00,INDEX:NDFI,27.18,35.92,19.41,34.95,0.0
2019-10-04 13:30:00,INDEX:NDFI,42.71,51.45,41.74,51.45,0.0
2019-10-07 13:30:00,INDEX:NDFI,48.54,53.39,44.66,48.54,0.0
2019-10-08 13:30:00,INDEX:NDFI,38.83,42.71,25.24,26.21,0.0
2019-10-09 13:30:00,INDEX:NDFI,36.89,45.63,36.89,42.71,0.0
2019-10-10 13:30:00,INDEX:NDFI,39.8,54.36,39.8,50.48,0.0
2019-10-11 13:30:00,INDEX:NDFI,60.19,67.96,60.19,63.1,0.0
2019-10-14 13:30:00,INDEX:NDFI,62.13,64.07,58.25,61.16,0.0
2019-10-15 13:30:00,INDEX:NDFI,65.04,70.87,63.1,67.96,0.0
2019-10-16 13:30:00,INDEX:NDFI,62.13,67.96,62.13,63.1,0.0
2019-10-17 13:30:00,INDEX:NDFI,68.93,69.9,64.07,65.04,0.0
2019-10-18 13:30:00,INDEX:NDFI,66.01,66.01,56.31,57.28,0.0
2019-10-21 13:30:00,INDEX:NDFI,62.13,64.07,58.25,64.07,0.0
2019-10-22 13:30:00,INDEX:NDFI,66.01,66.01,57.28,58.25,0.0
2019-10-23 13:30:00,INDEX:NDFI,54.36,58.25,54.36,56.31,0.0
2019-10-24 13:30:00,INDEX:NDFI,61.16,61.16,55.33,60.19,0.0
2019-10-25 13:30:00,INDEX:NDFI,58.25,62.13,57.28,59.22,0.0
2019-10-28 13:30:00,INDEX:NDFI,62.13,69.9,62.13,66.99,0.0
2019-10-29 13:30:00,INDEX:NDFI,63.1,67.96,63.1,64.07,0.0
2019-10-30 13:30:00,INDEX:NDFI,64.07,71.84,63.1,71.84,0.0
2019-10-31 13:30:00,INDEX:NDFI,71.84,71.84,60.19,65.04,0.0
2019-11-01 13:30:00,INDEX:NDFI,68.93,73.78,68.93,71.84,0.0
2019-11-04 14:30:00,INDEX:NDFI,77.66,78.64,71.84,73.78,0.0
2019-11-05 14:30:00,INDEX:NDFI,74.75,74.75,69.9,70.29,0.0
2019-11-06 14:30:00,INDEX:NDFI,70.29,73.26,68.31,73.26,0.0
2019-11-07 14:30:00,INDEX:NDFI,71.28,72.27,67.32,67.32,0.0
2019-11-08 14:30:00,INDEX:NDFI,68.31,70.29,67.32,70.29,0.0
2019-11-11 14:30:00,INDEX:NDFI,67.32,70.29,65.34,66.33,0.0
2019-11-12 14:30:00,INDEX:NDFI,66.33,69.3,64.35,65.34,0.0
2019-11-13 14:30:00,INDEX:NDFI,64.35,68.31,62.37,66.33,0.0
2019-11-14 14:30:00,INDEX:NDFI,65.34,68.31,63.36,67.32,0.0
2019-11-15 14:30:00,INDEX:NDFI,72.27,74.25,72.27,73.26,0.0
2019-11-18 14:30:00,INDEX:NDFI,71.28,71.28,69.3,71.28,0.0
2019-11-19 14:30:00,INDEX:NDFI,72.27,73.26,69.3,71.28,0.0
2019-11-20 14:30:00,INDEX:NDFI,70.29,72.27,66.33,70.29,0.0
2019-11-21 14:30:00,INDEX:NDFI,69.3,69.3,66.33,67.32,0.0
2019-11-22 14:30:00,INDEX:NDFI,66.33,67.32,62.37,67.0,0.0
2019-11-25 14:30:00,INDEX:NDFI,68.0,73.0,68.0,72.0,0.0
2019-11-26 14:30:00,INDEX:NDFI,71.0,75.0,71.0,74.0,0.0
2019-11-27 14:30:00,INDEX:NDFI,75.0,78.0,74.0,78.0,0.0
2019-11-29 14:30:00,INDEX:NDFI,78.0,78.0,76.0,77.0,0.0
2019-12-02 14:30:00,INDEX:NDFI,73.0,73.0,68.93,68.93,0.0
2019-12-03 14:30:00,INDEX:NDFI,58.25,64.07,56.31,61.16,0.0
2019-12-04 14:30:00,INDEX:NDFI,65.04,70.87,65.04,67.96,0.0
2019-12-05 14:30:00,INDEX:NDFI,67.96,69.9,66.01,68.93,0.0
2019-12-06 14:30:00,INDEX:NDFI,73.78,74.75,72.81,72.81,0.0
2019-12-09 14:30:00,INDEX:NDFI,73.78,74.75,69.9,69.9,0.0
2019-12-10 14:30:00,INDEX:NDFI,68.93,71.84,67.96,68.93,0.0
2019-12-11 14:30:00,INDEX:NDFI,69.9,74.75,69.9,74.75,0.0
2019-12-12 14:30:00,INDEX:NDFI,74.75,77.66,72.81,75.72,0.0
2019-12-13 14:30:00,INDEX:NDFI,81.55,81.55,77.66,79.61,0.0
2019-12-16 14:30:00,INDEX:NDFI,84.46,85.43,80.58,80.58,0.0
2019-12-17 14:30:00,INDEX:NDFI,80.58,82.52,79.61,81.55,0.0
2019-12-18 14:30:00,INDEX:NDFI,83.49,86.4,81.55,86.4,0.0
2019-12-19 14:30:00,INDEX:NDFI,84.46,86.4,84.46,84.46,0.0
2019-12-20 14:30:00,INDEX:NDFI,87.37,90.29,87.37,89.32,0.0
2019-12-23 14:30:00,INDEX:NDFI,90.29,91.26,88.34,90.29,0.0
2019-12-24 14:30:00,INDEX:NDFI,90.29,91.26,89.32,90.29,0.0
2019-12-26 14:30:00,INDEX:NDFI,91.26,91.26,87.37,89.32,0.0
2019-12-27 14:30:00,INDEX:NDFI,89.32,90.29,87.37,88.34,0.0
2019-12-30 14:30:00,INDEX:NDFI,84.46,86.4,81.55,85.43,0.0
2019-12-31 14:30:00,INDEX:NDFI,84.46,85.43,80.58,84.46,0.0
2020-01-02 14:30:00,INDEX:NDFI,88.34,88.34,80.58,86.4,0.0
2020-01-03 14:30:00,INDEX:NDFI,82.52,83.49,77.66,81.55,0.0
2020-01-06 14:30:00,INDEX:NDFI,81.55,83.49,76.69,83.49,0.0
2020-01-07 14:30:00,INDEX:NDFI,79.61,81.55,77.66,79.61,0.0
2020-01-08 14:30:00,INDEX:NDFI,79.61,82.52,79.61,80.58,0.0
2020-01-09 14:30:00,INDEX:NDFI,81.55,83.49,81.55,82.52,0.0
2020-01-10 14:30:00,INDEX:NDFI,83.49,85.43,80.58,80.58,0.0
2020-01-13 14:30:00,INDEX:NDFI,80.58,84.46,80.58,83.49,0.0
2020-01-14 14:30:00,INDEX:NDFI,83.49,86.4,83.49,84.46,0.0
2020-01-15 14:30:00,INDEX:NDFI,86.4,87.37,82.52,85.43,0.0
2020-01-16 14:30:00,INDEX:NDFI,87.37,88.34,86.4,88.34,0.0
2020-01-17 14:30:00,INDEX:NDFI,86.4,87.37,85.43,85.43,0.0
2020-01-21 14:30:00,INDEX:NDFI,83.49,83.49,79.61,80.58,0.0
2020-01-22 14:30:00,INDEX:NDFI,83.49,83.49,81.55,81.55,0.0
2020-01-23 14:30:00,INDEX:NDFI,78.64,83.49,75.72,82.52,0.0
2020-01-24 14:30:00,INDEX:NDFI,80.58,80.58,71.84,74.75,0.0
2020-01-27 14:30:00,INDEX:NDFI,66.99,66.99,63.1,66.01,0.0
2020-01-28 14:30:00,INDEX:NDFI,66.01,72.81,66.01,71.84,0.0
2020-01-29 14:30:00,INDEX:NDFI,69.9,70.87,65.04,66.01,0.0
2020-01-30 14:30:00,INDEX:NDFI,61.16,66.99,56.31,66.01,0.0
2020-01-31 14:30:00,INDEX:NDFI,59.22,59.22,52.42,55.33,0.0
2020-02-03 14:30:00,INDEX:NDFI,58.25,62.13,57.28,59.22,0.0
2020-02-04 14:30:00,INDEX:NDFI,69.9,76.69,69.9,74.75,0.0
2020-02-05 14:30:00,INDEX:NDFI,76.69,78.64,75.72,78.64,0.0
2020-02-06 14:30:00,INDEX:NDFI,76.69,79.61,76.69,78.64,0.0
2020-02-07 14:30:00,INDEX:NDFI,73.78,75.72,72.81,74.75,0.0
2020-02-10 14:30:00,INDEX:NDFI,71.84,75.72,70.87,75.72,0.0
2020-02-11 14:30:00,INDEX:NDFI,75.72,79.61,75.72,78.64,0.0
2020-02-12 14:30:00,INDEX:NDFI,80.58,84.46,79.61,82.52,0.0
2020-02-13 14:30:00,INDEX:NDFI,80.58,82.52,80.58,81.55,0.0
2020-02-14 14:30:00,INDEX:NDFI,80.58,82.52,80.58,81.55,0.0
2020-02-18 14:30:00,INDEX:NDFI,75.72,77.66,73.78,76.69,0.0
2020-02-19 14:30:00,INDEX:NDFI,80.58,83.49,79.61,83.49,0.0
2020-02-20 14:30:00,INDEX:NDFI,80.58,81.55,72.81,77.66,0.0
2020-02-21 14:30:00,INDEX:NDFI,68.93,70.87,63.1,65.04,0.0
2020-02-24 14:30:00,INDEX:NDFI,50.48,50.48,37.86,42.71,0.0
2020-02-25 14:30:00,INDEX:NDFI,45.63,45.63,24.27,25.24,0.0
2020-02-26 14:30:00,INDEX:NDFI,33.0,36.89,24.27,24.27,0.0
2020-02-27 14:30:00,INDEX:NDFI,13.59,19.41,9.7,9.7,0.0
2020-02-28 14:30:00,INDEX:NDFI,6.79,10.67,5.82,9.7,0.0
2020-03-02 14:30:00,INDEX:NDFI,9.7,17.47,8.73,17.47,0.0
2020-03-03 14:30:00,INDEX:NDFI,15.53,25.24,10.67,10.67,0.0
2020-03-04 14:30:00,INDEX:NDFI,16.5,31.06,16.5,31.06,0.0
2020-03-05 14:30:00,INDEX:NDFI,22.33,28.15,20.38,22.33,0.0
2020-03-06 14:30:00,INDEX:NDFI,14.56,17.47,10.67,17.47,0.0
2020-03-09 13:30:00,INDEX:NDFI,3.88,8.73,2.91,3.88,0.0
2020-03-10 13:30:00,INDEX:NDFI,8.73,10.67,3.88,9.7,0.0
2020-03-11 13:30:00,INDEX:NDFI,5.82,8.73,2.91,3.88,0.0
2020-03-12 13:30:00,INDEX:NDFI,1.94,1.94,1.94,1.94,0.0
2020-03-13 13:30:00,INDEX:NDFI,1.94,1.94,0.97,1.94,0.0
2020-03-16 13:30:00,INDEX:NDFI,0.97,3.88,0.97,1.94,0.0
2020-03-17 13:30:00,INDEX:NDFI,1.94,5.82,1.94,3.88,0.0
2020-03-18 13:30:00,INDEX:NDFI,2.91,5.82,2.91,4.85,0.0
2020-03-19 13:30:00,INDEX:NDFI,3.88,4.85,2.91,2.91,0.0
2020-03-20 13:30:00,INDEX:NDFI,2.91,2.91,2.91,2.91,0.0
2020-03-23 13:30:00,INDEX:NDFI,1.94,3.88,1.94,3.88,0.0
2020-03-24 13:30:00,INDEX:NDFI,5.82,5.82,2.91,4.85,0.0
2020-03-25 13:30:00,INDEX:NDFI,4.85,4.85,3.88,3.88,0.0
2020-03-26 13:30:00,INDEX:NDFI,3.88,8.73,3.88,8.73,0.0
2020-03-27 13:30:00,INDEX:NDFI,4.85,7.76,3.88,3.88,0.0
2020-03-30 13:30:00,INDEX:NDFI,6.79,12.62,6.79,10.67,0.0
2020-03-31 13:30:00,INDEX:NDFI,10.67,11.65,9.7,11.65,0.0
2020-04-01 13:30:00,INDEX:NDFI,10.67,12.62,4.85,6.79,0.0
2020-04-02 13:30:00,INDEX:NDFI,5.82,11.65,5.82,11.65,0.0
2020-04-03 13:30:00,INDEX:NDFI,12.62,12.62,6.79,8.73,0.0
2020-04-06 13:30:00,INDEX:NDFI,12.62,26.21,12.62,26.21,0.0
2020-04-07 13:30:00,INDEX:NDFI,26.21,32.03,21.35,23.3,0.0
2020-04-08 13:30:00,INDEX:NDFI,26.21,33.0,21.35,29.12,0.0
2020-04-09 13:30:00,INDEX:NDFI,37.86,37.86,27.18,30.09,0.0
2020-04-13 13:30:00,INDEX:NDFI,29.12,32.03,25.24,31.06,0.0
2020-04-14 13:30:00,INDEX:NDFI,43.68,51.45,43.68,51.45,0.0
2020-04-15 13:30:00,INDEX:NDFI,42.71,45.63,38.83,41.74,0.0
2020-04-16 13:30:00,INDEX:NDFI,49.51,50.48,42.71,48.54,0.0
2020-04-17 13:30:00,INDEX:NDFI,59.22,64.07,53.39,63.1,0.0
2020-04-20 13:30:00,INDEX:NDFI,56.31,61.16,52.42,52.42,0.0
2020-04-21 13:30:00,INDEX:NDFI,45.63,47.57,34.95,35.92,0.0
2020-04-22 13:30:00,INDEX:NDFI,48.54,59.22,46.6,54.36,0.0
2020-04-23 13:30:00,INDEX:NDFI,60.19,62.13,53.39,54.36,0.0
2020-04-24 13:30:00,INDEX:NDFI,55.33,65.04,54.36,64.07,0.0
2020-04-27 13:30:00,INDEX:NDFI,68.93,71.84,67.96,68.93,0.0
2020-04-28 13:30:00,INDEX:NDFI,83.49,85.43,69.9,71.84,0.0
2020-04-29 13:30:00,INDEX:NDFI,88.34,92.23,87.37,92.23,0.0
2020-04-30 13:30:00,INDEX:NDFI,88.34,88.34,81.55,84.46,0.0
2020-05-01 13:30:00,INDEX:NDFI,80.58,80.58,68.93,70.87,0.0
2020-05-04 13:30:00,INDEX:NDFI,69.9,76.69,69.9,76.69,0.0
2020-05-05 13:30:00,INDEX:NDFI,83.49,85.43,80.58,80.58,0.0
2020-05-06 13:30:00,INDEX:NDFI,80.58,83.49,80.58,82.52,0.0
2020-05-07 13:30:00,INDEX:NDFI,88.34,89.32,85.43,85.43,0.0
2020-05-08 13:30:00,INDEX:NDFI,85.43,95.14,85.43,94.17,0.0
2020-05-11 13:30:00,INDEX:NDFI,90.29,94.17,86.4,90.29,0.0
2020-05-12 13:30:00,INDEX:NDFI,90.29,92.23,83.49,83.49,0.0
2020-05-13 13:30:00,INDEX:NDFI,77.66,81.55,69.9,74.75,0.0
2020-05-14 13:30:00,INDEX:NDFI,71.84,81.55,67.96,81.55,0.0
2020-05-15 13:30:00,INDEX:NDFI,80.58,83.49,77.66,83.49,0.0
2020-05-18 13:30:00,INDEX:NDFI,94.17,96.11,92.23,95.14,0.0
2020-05-19 13:30:00,INDEX:NDFI,96.11,96.11,93.2,93.2,0.0
2020-05-20 13:30:00,INDEX:NDFI,93.2,94.17,92.23,92.23,0.0
2020-05-21 13:30:00,INDEX:NDFI,91.26,91.26,91.26,91.26,0.0
2020-05-22 13:30:00,INDEX:NDFI,90.29,92.23,90.29,91.26,0.0
2020-05-26 13:30:00,INDEX:NDFI,96.11,96.11,94.17,95.14,0.0
2020-05-27 13:30:00,INDEX:NDFI,95.14,96.11,90.29,96.11,0.0
2020-05-28 13:30:00,INDEX:NDFI,96.11,97.08,96.11,96.11,0.0
2020-05-29 13:30:00,INDEX:NDFI,97.08,99.02,96.11,99.02,0.0
2020-06-01 13:30:00,INDEX:NDFI,98.05,98.05,98.05,98.05,0.0
2020-06-02 13:30:00,INDEX:NDFI,98.05,98.05,96.11,97.08,0.0
2020-06-03 13:30:00,INDEX:NDFI,96.11,96.11,96.11,96.11,0.0
2020-06-04 13:30:00,INDEX:NDFI,96.11,97.08,94.17,96.11,0.0
2020-06-05 13:30:00,INDEX:NDFI,95.14,97.08,93.2,95.14,0.0
2020-06-08 13:30:00,INDEX:NDFI,93.2,96.11,92.23,95.14,0.0
2020-06-09 13:30:00,INDEX:NDFI,96.11,97.08,94.17,96.11,0.0
2020-06-10 13:30:00,INDEX:NDFI,96.11,97.08,95.14,95.14,0.0
2020-06-11 13:30:00,INDEX:NDFI,94.17,95.14,81.55,81.55,0.0
2020-06-12 13:30:00,INDEX:NDFI,88.34,88.34,78.64,85.43,0.0
2020-06-15 13:30:00,INDEX:NDFI,75.72,85.43,75.72,84.46,0.0
2020-06-16 13:30:00,INDEX:NDFI,93.2,93.2,90.29,92.23,0.0
2020-06-17 13:30:00,INDEX:NDFI,94.17,95.14,90.29,91.26,0.0
2020-06-18 13:30:00,INDEX:NDFI,87.37,91.26,87.37,91.26,0.0
2020-06-19 13:30:00,INDEX:NDFI,96.11,96.11,85.43,90.29,0.0
2020-06-22 13:30:00,INDEX:NDFI,84.46,90.29,84.46,87.37,0.0
2020-06-23 13:30:00,INDEX:NDFI,89.32,92.23,86.4,86.4,0.0
2020-06-24 13:30:00,INDEX:NDFI,84.46,84.46,73.78,75.72,0.0
2020-06-25 13:30:00,INDEX:NDFI,71.84,75.72,69.9,75.72,0.0
2020-06-26 13:30:00,INDEX:NDFI,77.66,77.66,67.96,68.93,0.0
2020-06-29 13:30:00,INDEX:NDFI,66.01,77.66,66.01,77.66,0.0
2020-06-30 13:30:00,INDEX:NDFI,75.72,85.43,75.72,83.49,0.0
2020-07-01 13:30:00,INDEX:NDFI,82.52,86.4,81.55,82.52,0.0
2020-07-02 13:30:00,INDEX:NDFI,88.34,89.32,84.46,84.46,0.0
2020-07-06 13:30:00,INDEX:NDFI,89.32,90.29,88.34,88.34,0.0
2020-07-07 13:30:00,INDEX:NDFI,87.37,89.32,84.46,86.4,0.0
2020-07-08 13:30:00,INDEX:NDFI,84.46,87.37,80.58,84.46,0.0
2020-07-09 13:30:00,INDEX:NDFI,82.52,82.52,74.75,80.58,0.0
2020-07-10 13:30:00,INDEX:NDFI,80.58,84.46,77.66,83.49,0.0
2020-07-13 13:30:00,INDEX:NDFI,83.49,87.37,80.58,82.52,0.0
2020-07-14 13:30:00,INDEX:NDFI,78.64,82.52,70.87,82.52,0.0
2020-07-15 13:30:00,INDEX:NDFI,87.37,90.29,87.37,90.29,0.0
2020-07-16 13:30:00,INDEX:NDFI,86.4,88.34,84.46,87.37,0.0
2020-07-17 13:30:00,INDEX:NDFI,87.37,91.26,84.46,88.34,0.0
2020-07-20 13:30:00,INDEX:NDFI,85.43,90.29,85.43,90.29,0.0
2020-07-21 13:30:00,INDEX:NDFI,89.32,91.26,88.34,88.34,0.0
2020-07-22 13:30:00,INDEX:NDFI,89.32,90.29,89.32,90.29,0.0
2020-07-23 13:30:00,INDEX:NDFI,89.32,91.26,86.4,86.4,0.0
2020-07-24 13:30:00,INDEX:NDFI,81.55,81.55,72.81,74.75,0.0
2020-07-27 13:30:00,INDEX:NDFI,74.75,83.49,74.75,82.52,0.0
2020-07-28 13:30:00,INDEX:NDFI,80.58,81.55,71.84,72.81,0.0
2020-07-29 13:30:00,INDEX:NDFI,75.72,81.55,74.75,81.55,0.0
2020-07-30 13:30:00,INDEX:NDFI,69.9,76.69,66.99,76.69,0.0
2020-07-31 13:30:00,INDEX:NDFI,74.75,75.72,64.07,75.72,0.0
2020-08-03 13:30:00,INDEX:NDFI,74.75,77.66,73.78,75.72,0.0
2020-08-04 13:30:00,INDEX:NDFI,74.75,77.66,72.81,75.72,0.0
2020-08-05 13:30:00,INDEX:NDFI,75.72,77.66,73.78,75.72,0.0
2020-08-06 13:30:00,INDEX:NDFI,72.81,72.81,66.99,70.87,0.0
2020-08-07 13:30:00,INDEX:NDFI,71.84,72.81,66.99,70.87,0.0
2020-08-10 13:30:00,INDEX:NDFI,71.84,74.75,67.96,74.75,0.0
2020-08-11 13:30:00,INDEX:NDFI,69.9,75.72,66.99,67.96,0.0
2020-08-12 13:30:00,INDEX:NDFI,72.81,75.72,71.84,74.75,0.0
2020-08-13 13:30:00,INDEX:NDFI,68.93,73.78,68.93,70.87,0.0
2020-08-14 13:30:00,INDEX:NDFI,69.9,70.87,67.96,68.93,0.0
2020-08-17 13:30:00,INDEX:NDFI,71.84,75.72,71.84,74.75,0.0
2020-08-18 13:30:00,INDEX:NDFI,75.72,76.69,73.78,73.78,0.0
2020-08-19 13:30:00,INDEX:NDFI,75.72,78.64,72.81,72.81,0.0
2020-08-20 13:30:00,INDEX:NDFI,70.87,71.84,67.96,70.87,0.0
2020-08-21 13:30:00,INDEX:NDFI,67.96,70.87,66.99,67.96,0.0
2020-08-24 13:30:00,INDEX:NDFI,71.84,74.75,70.87,74.75,0.0
2020-08-25 13:30:00,INDEX:NDFI,72.81,77.66,72.81,77.66,0.0
2020-08-26 13:30:00,INDEX:NDFI,77.66,79.61,76.69,79.61,0.0
2020-08-27 13:30:00,INDEX:NDFI,79.61,81.55,76.69,79.61,0.0
2020-08-28 13:30:00,INDEX:NDFI,80.58,81.55,75.72,80.58,0.0
2020-08-31 13:30:00,INDEX:NDFI,76.69,79.61,75.72,77.66,0.0
2020-09-01 13:30:00,INDEX:NDFI,78.64,79.61,75.72,76.69,0.0
2020-09-02 13:30:00,INDEX:NDFI,77.66,86.4,77.66,85.43,0.0
2020-09-03 13:30:00,INDEX:NDFI,83.49,83.49,65.04,66.99,0.0
2020-09-04 13:30:00,INDEX:NDFI,67.96,67.96,49.51,60.19,0.0
2020-09-08 13:30:00,INDEX:NDFI,45.63,49.51,37.86,38.83,0.0
2020-09-09 13:30:00,INDEX:NDFI,46.6,52.42,42.71,49.51,0.0
2020-09-10 13:30:00,INDEX:NDFI,51.45,53.39,38.83,40.77,0.0
2020-09-11 13:30:00,INDEX:NDFI,42.71,42.71,33.98,37.86,0.0
2020-09-14 13:30:00,INDEX:NDFI,41.74,47.57,41.74,45.63,0.0
2020-09-15 13:30:00,INDEX:NDFI,46.6,56.31,46.6,50.48,0.0
2020-09-16 13:30:00,INDEX:NDFI,56.31,56.31,49.51,49.51,0.0
2020-09-17 13:30:00,INDEX:NDFI,34.95,43.68,33.0,40.77,0.0
2020-09-18 13:30:00,INDEX:NDFI,40.77,40.77,29.12,33.0,0.0
2020-09-21 13:30:00,INDEX:NDFI,24.27,30.09,20.38,30.09,0.0
2020-09-22 13:30:00,INDEX:NDFI,34.95,39.8,25.24,39.8,0.0
2020-09-23 13:30:00,INDEX:NDFI,35.92,37.86,21.35,22.33,0.0
2020-09-24 13:30:00,INDEX:NDFI,17.47,27.18,17.47,22.33,0.0
2020-09-25 13:30:00,INDEX:NDFI,21.35,34.95,19.41,33.98,0.0
2020-09-28 13:30:00,INDEX:NDFI,44.66,55.33,41.74,55.33,0.0
2020-09-29 13:30:00,INDEX:NDFI,56.31,57.28,49.51,49.51,0.0
2020-09-30 13:30:00,INDEX:NDFI,54.36,65.04,50.48,52.42,0.0
2020-10-01 13:30:00,INDEX:NDFI,67.96,70.87,62.13,66.99,0.0
2020-10-02 13:30:00,INDEX:NDFI,53.39,57.28,42.71,45.63,0.0
2020-10-05 13:30:00,INDEX:NDFI,52.42,62.13,50.48,62.13,0.0
2020-10-06 13:30:00,INDEX:NDFI,61.16,65.04,48.54,52.42,0.0
2020-10-07 13:30:00,INDEX:NDFI,62.13,65.04,59.22,65.04,0.0
2020-10-08 13:30:00,INDEX:NDFI,70.87,70.87,65.04,66.99,0.0
2020-10-09 13:30:00,INDEX:NDFI,72.81,83.49,72.81,83.49,0.0
2020-10-12 13:30:00,INDEX:NDFI,87.37,90.29,87.37,89.32,0.0
2020-10-13 13:30:00,INDEX:NDFI,87.37,90.29,87.37,89.32,0.0
2020-10-14 13:30:00,INDEX:NDFI,90.29,90.29,83.49,83.49,0.0
2020-10-15 13:30:00,INDEX:NDFI,77.66,81.55,72.81,77.66,0.0
2020-10-16 13:30:00,INDEX:NDFI,80.58,86.4,76.69,76.69,0.0
2020-10-19 13:30:00,INDEX:NDFI,79.61,79.61,60.19,63.1,0.0
2020-10-20 13:30:00,INDEX:NDFI,67.96,72.81,63.1,65.04,0.0
2020-10-21 13:30:00,INDEX:NDFI,65.04,66.99,62.13,64.07,0.0
2020-10-22 13:30:00,INDEX:NDFI,66.01,67.96,56.31,66.99,0.0
2020-10-23 13:30:00,INDEX:NDFI,65.04,68.93,59.22,68.93,0.0
2020-10-26 13:30:00,INDEX:NDFI,62.13,65.04,42.71,53.39,0.0
2020-10-27 13:30:00,INDEX:NDFI,53.39,58.25,50.48,52.42,0.0
2020-10-28 13:30:00,INDEX:NDFI,37.86,37.86,25.24,26.21,0.0
2020-10-29 13:30:00,INDEX:NDFI,30.09,43.68,29.12,38.83,0.0
2020-10-30 13:30:00,INDEX:NDFI,34.95,34.95,23.3,29.12,0.0
2020-11-02 14:30:00,INDEX:NDFI,31.06,33.98,27.18,33.98,0.0
2020-11-03 14:30:00,INDEX:NDFI,39.8,45.63,39.8,42.71,0.0
2020-11-04 14:30:00,INDEX:NDFI,62.13,73.78,58.25,64.07,0.0
2020-11-05 14:30:00,INDEX:NDFI,74.75,79.61,74.75,76.69,0.0
2020-11-06 14:30:00,INDEX:NDFI,75.72,79.61,73.78,78.64,0.0
2020-11-09 14:30:00,INDEX:NDFI,72.81,77.66,63.1,63.1,0.0
2020-11-10 14:30:00,INDEX:NDFI,62.13,64.07,56.31,59.22,0.0
2020-11-11 14:30:00,INDEX:NDFI,64.07,70.87,64.07,70.87,0.0
2020-11-12 14:30:00,INDEX:NDFI,71.84,72.81,64.07,66.01,0.0
2020-11-13 14:30:00,INDEX:NDFI,69.9,71.84,68.93,70.87,0.0
2020-11-16 14:30:00,INDEX:NDFI,70.87,72.81,68.93,70.87,0.0
2020-11-17 14:30:00,INDEX:NDFI,72.81,75.72,70.87,72.81,0.0
2020-11-18 14:30:00,INDEX:NDFI,72.81,74.75,68.93,68.93,0.0
2020-11-19 14:30:00,INDEX:NDFI,68.93,74.75,67.96,73.78,0.0
2020-11-20 14:30:00,INDEX:NDFI,73.78,75.72,70.87,70.87,0.0
2020-11-23 14:30:00,INDEX:NDFI,72.81,75.72,66.99,70.87,0.0
2020-11-24 14:30:00,INDEX:NDFI,71.84,73.78,68.93,72.81,0.0
2020-11-25 14:30:00,INDEX:NDFI,72.81,77.66,72.81,74.75,0.0
2020-11-27 14:30:00,INDEX:NDFI,77.66,81.55,77.66,78.64,0.0
2020-11-30 14:30:00,INDEX:NDFI,78.64,80.58,74.75,80.58,0.0
2020-12-01 14:30:00,INDEX:NDFI,79.61,86.4,78.64,81.55,0.0
2020-12-02 14:30:00,INDEX:NDFI,79.61,84.46,79.61,83.49,0.0
2020-12-03 14:30:00,INDEX:NDFI,82.52,82.52,78.64,79.61,0.0
2020-12-04 14:30:00,INDEX:NDFI,80.58,83.49,79.61,81.55,0.0
2020-12-07 14:30:00,INDEX:NDFI,82.52,83.49,78.64,81.55,0.0
2020-12-08 14:30:00,INDEX:NDFI,78.64,84.46,77.66,83.49,0.0
2020-12-09 14:30:00,INDEX:NDFI,83.49,83.49,72.81,73.78,0.0
2020-12-10 14:30:00,INDEX:NDFI,69.9,77.66,69.9,72.81,0.0
2020-12-11 14:30:00,INDEX:NDFI,72.81,77.66,69.9,74.75,0.0
2020-12-14 14:30:00,INDEX:NDFI,78.64,86.4,78.64,80.58,0.0
2020-12-15 14:30:00,INDEX:NDFI,80.58,84.46,79.61,84.46,0.0
2020-12-16 14:30:00,INDEX:NDFI,84.46,88.34,84.46,87.37,0.0
2020-12-17 14:30:00,INDEX:NDFI,89.32,90.29,87.37,87.37,0.0
2020-12-18 14:30:00,INDEX:NDFI,88.34,89.32,86.4,87.37,0.0
2020-12-21 14:30:00,INDEX:NDFI,84.46,84.46,77.66,81.55,0.0
2020-12-22 14:30:00,INDEX:NDFI,80.58,82.52,80.58,82.52,0.0
2020-12-23 14:30:00,INDEX:NDFI,85.43,88.34,84.46,84.46,0.0
2020-12-24 14:30:00,INDEX:NDFI,83.49,84.46,82.52,83.49,0.0
2020-12-28 14:30:00,INDEX:NDFI,83.49,85.43,82.52,85.43,0.0
2020-12-29 14:30:00,INDEX:NDFI,87.37,88.34,84.46,86.4,0.0
2020-12-30 14:30:00,INDEX:NDFI,87.37,89.32,87.37,88.34,0.0
2020-12-31 14:30:00,INDEX:NDFI,84.46,86.4,80.58,84.31,0.0
2021-01-04 14:30:00,INDEX:NDFI,86.27,87.25,71.56,79.41,0.0
2021-01-05 14:30:00,INDEX:NDFI,79.41,84.31,76.47,83.33,0.0
2021-01-06 14:30:00,INDEX:NDFI,70.58,83.33,70.58,75.49,0.0
2021-01-07 14:30:00,INDEX:NDFI,81.37,87.25,81.37,84.31,0.0
2021-01-08 14:30:00,INDEX:NDFI,88.23,88.23,81.37,86.27,0.0
2021-01-11 14:30:00,INDEX:NDFI,82.35,83.33,77.45,77.45,0.0
2021-01-12 14:30:00,INDEX:NDFI,78.43,78.43,71.56,74.5,0.0
2021-01-13 14:30:00,INDEX:NDFI,74.5,79.41,73.52,74.5,0.0
2021-01-14 14:30:00,INDEX:NDFI,76.47,77.45,69.6,69.6,0.0
2021-01-15 14:30:00,INDEX:NDFI,70.58,70.58,63.72,67.64,0.0
2021-01-19 14:30:00,INDEX:NDFI,67.64,72.54,66.66,69.6,0.0
2021-01-20 14:30:00,INDEX:NDFI,73.52,77.45,72.54,76.47,0.0
2021-01-21 14:30:00,INDEX:NDFI,74.5,79.41,73.52,76.47,0.0
2021-01-22 14:30:00,INDEX:NDFI,74.5,74.5,70.58,70.58,0.0
2021-01-25 14:30:00,INDEX:NDFI,71.56,72.54,67.64,71.56,0.0
2021-01-26 14:30:00,INDEX:NDFI,70.58,71.56,70.58,71.56,0.0
2021-01-27 14:30:00,INDEX:NDFI,53.92,59.8,50.0,50.0,0.0
2021-01-28 14:30:00,INDEX:NDFI,57.84,68.62,57.84,62.74,0.0
2021-01-29 14:30:00,INDEX:NDFI,55.88,58.82,49.01,50.0,0.0
2021-02-01 14:30:00,INDEX:NDFI,55.88,61.76,55.88,60.78,0.0
2021-02-02 14:30:00,INDEX:NDFI,64.7,73.52,64.7,70.58,0.0
2021-02-03 14:30:00,INDEX:NDFI,67.64,68.62,59.8,59.8,0.0
2021-02-04 14:30:00,INDEX:NDFI,59.8,67.64,59.8,67.64,0.0
2021-02-05 14:30:00,INDEX:NDFI,75.49,76.47,72.54,73.52,0.0
2021-02-08 14:30:00,INDEX:NDFI,75.49,77.45,71.56,72.54,0.0
2021-02-09 14:30:00,INDEX:NDFI,71.56,74.5,70.58,72.54,0.0
2021-02-10 14:30:00,INDEX:NDFI,73.52,77.45,70.58,75.49,0.0
2021-02-11 14:30:00,INDEX:NDFI,76.47,76.47,67.64,71.56,0.0
2021-02-12 14:30:00,INDEX:NDFI,70.58,75.49,70.58,73.52,0.0
2021-02-16 14:30:00,INDEX:NDFI,74.5,75.49,69.6,70.58,0.0
2021-02-17 14:30:00,INDEX:NDFI,65.68,67.64,63.72,65.68,0.0
2021-02-18 14:30:00,INDEX:NDFI,62.74,71.56,62.74,69.6,0.0
2021-02-19 14:30:00,INDEX:NDFI,68.62,69.6,63.72,64.7,0.0
2021-02-22 14:30:00,INDEX:NDFI,57.84,62.74,57.84,58.82,0.0
2021-02-23 14:30:00,INDEX:NDFI,50.98,55.88,46.07,54.9,0.0
2021-02-24 14:30:00,INDEX:NDFI,50.98,56.86,48.03,55.88,0.0
2021-02-25 14:30:00,INDEX:NDFI,53.92,53.92,46.07,47.05,0.0
2021-02-26 14:30:00,INDEX:NDFI,48.03,50.0,43.13,45.09,0.0
2021-03-01 14:30:00,INDEX:NDFI,51.96,54.9,51.96,54.9,0.0
2021-03-02 14:30:00,INDEX:NDFI,53.92,53.92,48.03,48.03,0.0
2021-03-03 14:30:00,INDEX:NDFI,44.11,44.11,32.35,32.35,0.0
2021-03-04 14:30:00,INDEX:NDFI,29.41,31.37,16.66,18.62,0.0
2021-03-05 14:30:00,INDEX:NDFI,17.64,31.37,16.66,30.39,0.0
2021-03-08 14:30:00,INDEX:NDFI,31.37,33.33,28.43,28.43,0.0
2021-03-09 14:30:00,INDEX:NDFI,32.35,39.21,31.37,35.29,0.0
2021-03-10 14:30:00,INDEX:NDFI,40.19,40.19,31.37,32.35,0.0
2021-03-11 14:30:00,INDEX:NDFI,39.21,47.05,39.21,40.19,0.0
2021-03-12 14:30:00,INDEX:NDFI,36.27,41.17,33.33,41.17,0.0
2021-03-15 13:30:00,INDEX:NDFI,42.15,47.05,40.19,47.05,0.0
2021-03-16 13:30:00,INDEX:NDFI,51.96,57.84,48.03,50.98,0.0
2021-03-17 13:30:00,INDEX:NDFI,43.13,54.9,43.13,50.98,0.0
2021-03-18 13:30:00,INDEX:NDFI,43.13,46.07,35.29,36.27,0.0
2021-03-19 13:30:00,INDEX:NDFI,36.27,42.15,33.33,40.19,0.0
2021-03-22 13:30:00,INDEX:NDFI,44.11,50.98,44.11,50.98,0.0
2021-03-23 13:30:00,INDEX:NDFI,53.92,53.92,41.17,42.15,0.0
2021-03-24 13:30:00,INDEX:NDFI,45.09,48.03,36.27,36.27,0.0
2021-03-25 13:30:00,INDEX:NDFI,33.33,40.19,33.33,40.19,0.0
2021-03-26 13:30:00,INDEX:NDFI,39.21,52.94,39.21,52.94,0.0
2021-03-29 13:30:00,INDEX:NDFI,51.96,55.88,48.03,52.94,0.0
2021-03-30 13:30:00,INDEX:NDFI,49.01,50.0,44.11,46.07,0.0
2021-03-31 13:30:00,INDEX:NDFI,50.98,53.92,50.98,51.96,0.0
2021-04-01 13:30:00,INDEX:NDFI,60.78,66.66,60.78,64.7,0.0
2021-04-05 13:30:00,INDEX:NDFI,65.68,70.58,65.68,70.58,0.0
2021-04-06 13:30:00,INDEX:NDFI,68.62,73.52,67.64,67.64,0.0
2021-04-07 13:30:00,INDEX:NDFI,67.64,71.56,65.68,68.62,0.0
2021-04-08 13:30:00,INDEX:NDFI,73.52,75.49,70.58,73.52,0.0
2021-04-09 13:30:00,INDEX:NDFI,70.58,73.52,68.62,71.56,0.0
2021-04-12 13:30:00,INDEX:NDFI,68.62,76.47,68.62,74.5,0.0
2021-04-13 13:30:00,INDEX:NDFI,79.41,83.33,75.49,82.35,0.0
2021-04-14 13:30:00,INDEX:NDFI,84.31,85.29,79.41,79.41,0.0
2021-04-15 13:30:00,INDEX:NDFI,83.33,88.23,81.37,87.25,0.0
2021-04-16 13:30:00,INDEX:NDFI,87.25,87.25,82.35,83.33,0.0
2021-04-19 13:30:00,INDEX:NDFI,83.33,83.33,71.56,74.5,0.0
2021-04-20 13:30:00,INDEX:NDFI,71.56,75.49,66.66,70.58,0.0
2021-04-21 13:30:00,INDEX:NDFI,70.58,76.47,69.6,76.47,0.0
2021-04-22 13:30:00,INDEX:NDFI,73.52,79.41,70.58,71.56,0.0
2021-04-23 13:30:00,INDEX:NDFI,75.49,82.35,75.49,80.39,0.0
2021-04-26 13:30:00,INDEX:NDFI,82.35,84.31,79.41,84.31,0.0
2021-04-27 13:30:00,INDEX:NDFI,85.29,85.29,80.39,82.35,0.0
2021-04-28 13:30:00,INDEX:NDFI,77.45,79.41,76.47,77.45,0.0
2021-04-29 13:30:00,INDEX:NDFI,78.43,78.43,71.56,75.49,0.0
2021-04-30 13:30:00,INDEX:NDFI,73.52,73.52,66.66,68.62,0.0
2021-05-03 13:30:00,INDEX:NDFI,69.6,69.6,66.66,67.64,0.0
2021-05-04 13:30:00,INDEX:NDFI,59.8,59.8,52.94,56.86,0.0
2021-05-05 13:30:00,INDEX:NDFI,63.72,63.72,52.94,54.9,0.0
2021-05-06 13:30:00,INDEX:NDFI,50.98,57.84,48.03,57.84,0.0
2021-05-07 13:30:00,INDEX:NDFI,57.84,67.64,57.84,62.74,0.0
2021-05-10 13:30:00,INDEX:NDFI,56.86,60.78,46.07,46.07,0.0
2021-05-11 13:30:00,INDEX:NDFI,42.15,50.98,41.17,50.98,0.0
2021-05-12 13:30:00,INDEX:NDFI,42.15,44.11,31.37,33.33,0.0
2021-05-13 13:30:00,INDEX:NDFI,34.31,41.17,34.31,41.17,0.0
2021-05-14 13:30:00,INDEX:NDFI,42.15,51.96,42.15,49.01,0.0
2021-05-17 13:30:00,INDEX:NDFI,44.11,46.07,40.19,42.15,0.0
2021-05-18 13:30:00,INDEX:NDFI,42.15,45.09,38.23,38.23,0.0
2021-05-19 13:30:00,INDEX:NDFI,30.39,40.19,29.41,40.19,0.0
2021-05-20 13:30:00,INDEX:NDFI,41.17,58.82,41.17,53.92,0.0
2021-05-21 13:30:00,INDEX:NDFI,56.86,59.8,49.01,49.01,0.0
2021-05-24 13:30:00,INDEX:NDFI,56.86,66.66,56.86,60.78,0.0
2021-05-25 13:30:00,INDEX:NDFI,67.64,67.64,59.8,60.78,0.0
2021-05-26 13:30:00,INDEX:NDFI,63.72,64.7,58.82,63.72,0.0
2021-05-27 13:30:00,INDEX:NDFI,59.8,67.64,57.84,57.84,0.0
2021-05-28 13:30:00,INDEX:NDFI,64.7,68.62,64.7,65.68,0.0
2021-06-01 13:30:00,INDEX:NDFI,69.6,69.6,58.82,59.8,0.0
2021-06-02 13:30:00,INDEX:NDFI,60.78,62.74,56.86,59.8,0.0
2021-06-03 13:30:00,INDEX:NDFI,52.94,59.8,48.03,57.84,0.0
2021-06-04 13:30:00,INDEX:NDFI,64.7,66.66,62.74,66.66,0.0
2021-06-07 13:30:00,INDEX:NDFI,63.72,64.7,59.8,61.76,0.0
2021-06-08 13:30:00,INDEX:NDFI,59.8,61.76,54.9,56.86,0.0
2021-06-09 13:30:00,INDEX:NDFI,60.78,60.78,55.88,55.88,0.0
2021-06-10 13:30:00,INDEX:NDFI,56.86,62.74,55.88,62.74,0.0
2021-06-11 13:30:00,INDEX:NDFI,61.76,61.76,59.8,60.78,0.0
2021-06-14 13:30:00,INDEX:NDFI,61.76,63.72,58.82,63.72,0.0
2021-06-15 13:30:00,INDEX:NDFI,62.74,63.72,61.76,62.74,0.0
2021-06-16 13:30:00,INDEX:NDFI,61.76,62.74,46.07,57.84,0.0
2021-06-17 13:30:00,INDEX:NDFI,55.88,62.74,54.9,59.8,0.0
2021-06-18 13:30:00,INDEX:NDFI,54.9,54.9,50.0,50.0,0.0
2021-06-21 13:30:00,INDEX:NDFI,53.92,56.86,52.94,55.88,0.0
2021-06-22 13:30:00,INDEX:NDFI,54.9,61.76,54.9,61.76,0.0
2021-06-23 13:30:00,INDEX:NDFI,62.74,63.72,57.84,59.8,0.0
2021-06-24 13:30:00,INDEX:NDFI,64.7,67.64,63.72,65.68,0.0
2021-06-25 13:30:00,INDEX:NDFI,68.62,72.54,67.64,72.54,0.0
2021-06-28 13:30:00,INDEX:NDFI,73.52,77.45,72.54,75.49,0.0
2021-06-29 13:30:00,INDEX:NDFI,75.49,76.47,73.52,75.49,0.0
2021-06-30 13:30:00,INDEX:NDFI,75.49,75.49,72.54,73.52,0.0
2021-07-01 13:30:00,INDEX:NDFI,74.5,75.49,72.54,73.52,0.0
2021-07-02 13:30:00,INDEX:NDFI,74.5,77.45,74.5,76.47,0.0
2021-07-06 13:30:00,INDEX:NDFI,71.56,71.56,66.66,69.6,0.0
2021-07-07 13:30:00,INDEX:NDFI,72.54,72.54,66.66,68.62,0.0
2021-07-08 13:30:00,INDEX:NDFI,62.74,66.66,62.74,65.68,0.0
2021-07-09 13:30:00,INDEX:NDFI,64.7,70.58,64.7,70.58,0.0
2021-07-12 13:30:00,INDEX:NDFI,69.6,73.52,68.62,73.52,0.0
2021-07-13 13:30:00,INDEX:NDFI,73.52,75.49,71.56,71.56,0.0
2021-07-14 13:30:00,INDEX:NDFI,75.49,76.47,72.54,74.5,0.0
2021-07-15 13:30:00,INDEX:NDFI,70.58,74.5,70.58,71.56,0.0
2021-07-16 13:30:00,INDEX:NDFI,72.54,74.5,67.64,67.64,0.0
2021-07-19 13:30:00,INDEX:NDFI,61.76,65.68,54.9,61.76,0.0
2021-07-20 13:30:00,INDEX:NDFI,63.72,68.62,62.74,67.64,0.0
2021-07-21 13:30:00,INDEX:NDFI,67.64,72.54,67.64,71.56,0.0
2021-07-22 13:30:00,INDEX:NDFI,67.64,71.56,67.64,71.56,0.0
2021-07-23 13:30:00,INDEX:NDFI,67.64,72.54,67.64,71.56,0.0
2021-07-26 13:30:00,INDEX:NDFI,69.6,73.52,69.6,73.52,0.0
2021-07-27 13:30:00,INDEX:NDFI,72.54,72.54,65.68,68.62,0.0
2021-07-28 13:30:00,INDEX:NDFI,71.56,73.52,68.62,71.56,0.0
2021-07-29 13:30:00,INDEX:NDFI,74.5,76.47,71.56,72.54,0.0
2021-07-30 13:30:00,INDEX:NDFI,70.58,74.5,69.6,73.52,0.0
2021-08-02 13:30:00,INDEX:NDFI,76.47,76.47,68.62,71.56,0.0
2021-08-03 13:30:00,INDEX:NDFI,68.62,73.52,65.68,71.56,0.0
2021-08-04 13:30:00,INDEX:NDFI,67.64,68.62,65.68,67.64,0.0
2021-08-05 13:30:00,INDEX:NDFI,67.64,71.56,65.68,70.58,0.0
2021-08-06 13:30:00,INDEX:NDFI,72.54,73.52,69.6,71.56,0.0
2021-08-09 13:30:00,INDEX:NDFI,69.6,71.56,68.62,71.56,0.0
2021-08-10 13:30:00,INDEX:NDFI,68.62,68.62,64.7,65.68,0.0
2021-08-11 13:30:00,INDEX:NDFI,67.64,67.64,63.72,66.66,0.0
2021-08-12 13:30:00,INDEX:NDFI,65.68,65.68,61.76,64.7,0.0
2021-08-13 13:30:00,INDEX:NDFI,64.7,67.64,63.72,66.66,0.0
2021-08-16 13:30:00,INDEX:NDFI,65.68,67.64,64.7,67.64,0.0
2021-08-17 13:30:00,INDEX:NDFI,64.7,64.7,56.86,63.72,0.0
2021-08-18 13:30:00,INDEX:NDFI,61.76,65.68,56.86,56.86,0.0
2021-08-19 13:30:00,INDEX:NDFI,52.94,59.8,52.94,57.84,0.0
2021-08-20 13:30:00,INDEX:NDFI,59.8,62.74,58.82,60.78,0.0
2021-08-23 13:30:00,INDEX:NDFI,66.66,69.6,65.68,66.66,0.0
2021-08-24 13:30:00,INDEX:NDFI,69.6,71.56,67.64,69.6,0.0
2021-08-25 13:30:00,INDEX:NDFI,67.64,69.6,65.68,69.6,0.0
2021-08-26 13:30:00,INDEX:NDFI,67.64,67.64,63.72,65.68,0.0
2021-08-27 13:30:00,INDEX:NDFI,67.64,72.54,67.64,70.58,0.0
2021-08-30 13:30:00,INDEX:NDFI,73.52,74.5,70.58,74.25,0.0
2021-08-31 13:30:00,INDEX:NDFI,71.28,72.27,68.31,72.27,0.0
2021-09-01 13:30:00,INDEX:NDFI,70.29,74.25,67.32,68.62,0.0
2021-09-02 13:30:00,INDEX:NDFI,70.58,71.56,64.7,68.62,0.0
2021-09-03 13:30:00,INDEX:NDFI,64.7,70.58,64.7,68.62,0.0
2021-09-07 13:30:00,INDEX:NDFI,63.72,63.72,58.82,58.82,0.0
2021-09-08 13:30:00,INDEX:NDFI,58.82,62.74,58.82,60.78,0.0
2021-09-09 13:30:00,INDEX:NDFI,62.74,63.72,59.8,60.78,0.0
2021-09-10 13:30:00,INDEX:NDFI,65.68,67.64,61.76,61.76,0.0
2021-09-13 13:30:00,INDEX:NDFI,62.74,64.7,57.84,60.78,0.0
2021-09-14 13:30:00,INDEX:NDFI,62.74,62.74,52.94,53.92,0.0
2021-09-15 13:30:00,INDEX:NDFI,53.92,63.72,53.92,62.74,0.0
2021-09-16 13:30:00,INDEX:NDFI,60.78,62.74,55.88,61.76,0.0
2021-09-17 13:30:00,INDEX:NDFI,61.76,61.76,53.92,55.88,0.0
2021-09-20 13:30:00,INDEX:NDFI,44.11,46.07,31.37,43.13,0.0
2021-09-21 13:30:00,INDEX:NDFI,45.09,48.03,42.15,43.13,0.0
2021-09-22 13:30:00,INDEX:NDFI,46.07,49.01,46.07,49.01,0.0
2021-09-23 13:30:00,INDEX:NDFI,49.01,55.88,49.01,54.9,0.0
2021-09-24 13:30:00,INDEX:NDFI,51.96,54.9,49.01,54.9,0.0
2021-09-27 13:30:00,INDEX:NDFI,48.03,48.03,48.03,48.03,0.0
2021-09-28 13:30:00,INDEX:NDFI,34.31,34.31,24.5,24.5,0.0
2021-09-29 13:30:00,INDEX:NDFI,24.5,28.43,21.56,23.52,0.0
2021-09-30 13:30:00,INDEX:NDFI,28.43,30.39,18.62,18.62,0.0
2021-10-01 13:30:00,INDEX:NDFI,17.64,22.54,12.74,20.58,0.0
2021-10-04 13:30:00,INDEX:NDFI,14.7,15.68,13.72,14.7,0.0
2021-10-05 13:30:00,INDEX:NDFI,15.68,22.54,15.68,20.58,0.0
2021-10-06 13:30:00,INDEX:NDFI,16.66,25.49,15.68,25.49,0.0
2021-10-07 13:30:00,INDEX:NDFI,34.31,43.13,34.31,35.29,0.0
2021-10-08 13:30:00,INDEX:NDFI,36.27,38.23,33.33,35.29,0.0
2021-10-11 13:30:00,INDEX:NDFI,31.37,39.21,29.41,29.41,0.0
2021-10-12 13:30:00,INDEX:NDFI,31.37,31.37,28.43,29.41,0.0
2021-10-13 13:30:00,INDEX:NDFI,34.31,36.27,31.37,35.29,0.0
2021-10-14 13:30:00,INDEX:NDFI,38.23,48.03,38.23,46.07,0.0
2021-10-15 13:30:00,INDEX:NDFI,47.05,50.0,47.05,50.0,0.0
2021-10-18 13:30:00,INDEX:NDFI,51.96,52.94,50.98,51.96,0.0
2021-10-19 13:30:00,INDEX:NDFI,52.94,55.88,51.96,54.9,0.0
2021-10-20 13:30:00,INDEX:NDFI,55.88,59.8,55.88,59.8,0.0
2021-10-21 13:30:00,INDEX:NDFI,57.84,60.78,56.86,60.78,0.0
2021-10-22 13:30:00,INDEX:NDFI,58.82,61.76,57.84,57.84,0.0
2021-10-25 13:30:00,INDEX:NDFI,57.84,59.8,55.88,58.82,0.0
2021-10-26 13:30:00,INDEX:NDFI,60.78,60.78,55.88,56.86,0.0
2021-10-27 13:30:00,INDEX:NDFI,55.88,58.82,51.96,53.92,0.0
2021-10-28 13:30:00,INDEX:NDFI,52.94,56.86,52.94,56.86,0.0
2021-10-29 13:30:00,INDEX:NDFI,55.88,58.82,54.9,58.82,0.0
2021-11-01 13:30:00,INDEX:NDFI,59.8,62.74,58.82,62.74,0.0
2021-11-02 13:30:00,INDEX:NDFI,64.7,67.64,62.74,66.66,0.0
2021-11-03 13:30:00,INDEX:NDFI,66.66,73.52,66.66,73.52,0.0
2021-11-04 13:30:00,INDEX:NDFI,73.52,75.49,72.54,75.49,0.0
2021-11-05 13:30:00,INDEX:NDFI,75.49,77.45,68.62,72.54,0.0
2021-11-08 14:30:00,INDEX:NDFI,74.5,74.5,70.58,70.58,0.0
2021-11-09 14:30:00,INDEX:NDFI,73.52,76.47,71.56,72.54,0.0
2021-11-10 14:30:00,INDEX:NDFI,71.56,75.49,69.6,71.56,0.0
2021-11-11 14:30:00,INDEX:NDFI,73.52,74.5,71.56,72.54,0.0
2021-11-12 14:30:00,INDEX:NDFI,72.54,75.49,72.54,74.5,0.0
2021-11-15 14:30:00,INDEX:NDFI,72.54,73.52,71.56,71.56,0.0
2021-11-16 14:30:00,INDEX:NDFI,73.52,73.52,70.58,70.58,0.0
2021-11-17 14:30:00,INDEX:NDFI,67.64,70.58,66.66,66.66,0.0
2021-11-18 14:30:00,INDEX:NDFI,66.66,66.66,62.74,63.72,0.0
2021-11-19 14:30:00,INDEX:NDFI,63.72,65.68,59.8,59.8,0.0
2021-11-22 14:30:00,INDEX:NDFI,60.78,64.7,56.86,56.86,0.0
2021-11-23 14:30:00,INDEX:NDFI,55.88,59.8,52.94,57.84,0.0
2021-11-24 14:30:00,INDEX:NDFI,53.92,59.8,53.92,59.8,0.0
2021-11-26 14:30:00,INDEX:NDFI,53.92,54.9,47.05,47.05,0.0
2021-11-29 14:30:00,INDEX:NDFI,50.98,58.82,50.98,55.88,0.0
2021-11-30 14:30:00,INDEX:NDFI,50.98,50.98,41.17,41.17,0.0
2021-12-01 14:30:00,INDEX:NDFI,48.03,51.96,39.21,39.21,0.0
2021-12-02 14:30:00,INDEX:NDFI,38.23,48.03,38.23,48.03,0.0
2021-12-03 14:30:00,INDEX:NDFI,46.07,46.07,36.27,39.21,0.0
2021-12-06 14:30:00,INDEX:NDFI,45.09,53.92,45.09,52.94,0.0
2021-12-07 14:30:00,INDEX:NDFI,57.84,63.72,57.84,59.8,0.0
2021-12-08 14:30:00,INDEX:NDFI,61.76,62.74,59.8,60.78,0.0
2021-12-09 14:30:00,INDEX:NDFI,58.82,61.76,55.88,56.86,0.0
2021-12-10 14:30:00,INDEX:NDFI,61.76,61.76,52.94,61.76,0.0
2021-12-13 14:30:00,INDEX:NDFI,57.84,57.84,53.92,55.88,0.0
2021-12-14 14:30:00,INDEX:NDFI,50.0,50.98,45.09,50.0,0.0
2021-12-15 14:30:00,INDEX:NDFI,48.03,55.88,45.09,55.88,0.0
2021-12-16 14:30:00,INDEX:NDFI,53.92,53.92,47.05,49.01,0.0
2021-12-17 14:30:00,INDEX:NDFI,47.05,49.01,45.09,45.09,0.0
2021-12-20 14:30:00,INDEX:NDFI,36.27,36.27,29.41,36.27,0.0
2021-12-21 14:30:00,INDEX:NDFI,41.17,50.0,38.23,50.0,0.0
2021-12-22 14:30:00,INDEX:NDFI,46.07,53.92,46.07,52.94,0.0
2021-12-23 14:30:00,INDEX:NDFI,52.94,58.82,52.94,55.88,0.0
2021-12-27 14:30:00,INDEX:NDFI,57.84,60.78,57.84,59.8,0.0
2021-12-28 14:30:00,INDEX:NDFI,61.76,63.72,59.8,60.78,0.0
2021-12-29 14:30:00,INDEX:NDFI,62.74,64.7,60.78,64.7,0.0
2021-12-30 14:30:00,INDEX:NDFI,64.7,66.66,61.76,61.76,0.0
2021-12-31 14:30:00,INDEX:NDFI,61.76,62.74,58.82,58.82,0.0
2022-01-03 14:30:00,INDEX:NDFI,59.4,59.4,50.49,55.44,0.0
2022-01-04 14:30:00,INDEX:NDFI,53.46,54.45,44.55,48.51,0.0
2022-01-05 14:30:00,INDEX:NDFI,44.55,46.53,39.6,39.6,0.0
2022-01-06 14:30:00,INDEX:NDFI,39.6,42.57,37.62,37.62,0.0
2022-01-07 14:30:00,INDEX:NDFI,41.58,42.57,33.66,33.66,0.0
2022-01-10 14:30:00,INDEX:NDFI,29.7,31.68,25.74,31.68,0.0
2022-01-11 14:30:00,INDEX:NDFI,31.68,41.58,31.68,40.59,0.0
2022-01-12 14:30:00,INDEX:NDFI,46.53,46.53,39.6,42.57,0.0
2022-01-13 14:30:00,INDEX:NDFI,42.57,43.56,34.65,34.65,0.0
2022-01-14 14:30:00,INDEX:NDFI,31.68,32.67,29.7,32.67,0.0
2022-01-18 14:30:00,INDEX:NDFI,29.7,29.7,25.74,25.74,0.0
2022-01-19 14:30:00,INDEX:NDFI,28.71,28.71,19.8,19.8,0.0
2022-01-20 14:30:00,INDEX:NDFI,25.74,28.71,20.79,20.79,0.0
2022-01-21 14:30:00,INDEX:NDFI,18.81,19.8,17.82,17.82,0.0
2022-01-24 14:30:00,INDEX:NDFI,16.83,16.83,9.9,16.83,0.0
2022-01-25 14:30:00,INDEX:NDFI,13.86,15.84,9.9,13.86,0.0
2022-01-26 14:30:00,INDEX:NDFI,14.85,16.83,10.89,13.86,0.0
2022-01-27 14:30:00,INDEX:NDFI,14.85,15.84,11.88,12.87,0.0
2022-01-28 14:30:00,INDEX:NDFI,9.9,17.82,9.9,17.82,0.0
2022-01-31 14:30:00,INDEX:NDFI,14.85,20.79,14.85,20.79,0.0
2022-02-01 14:30:00,INDEX:NDFI,19.8,21.78,17.82,20.79,0.0
2022-02-02 14:30:00,INDEX:NDFI,23.76,28.71,21.78,27.72,0.0
2022-02-03 14:30:00,INDEX:NDFI,24.75,24.75,20.79,20.79,0.0
2022-02-04 14:30:00,INDEX:NDFI,20.79,23.76,16.83,21.78,0.0
2022-02-07 14:30:00,INDEX:NDFI,22.77,23.76,18.81,19.8,0.0
2022-02-08 14:30:00,INDEX:NDFI,19.8,22.77,19.8,22.77,0.0
2022-02-09 14:30:00,INDEX:NDFI,27.72,30.69,26.73,30.69,0.0
2022-02-10 14:30:00,INDEX:NDFI,28.71,33.66,26.73,26.73,0.0
2022-02-11 14:30:00,INDEX:NDFI,29.7,29.7,19.8,19.8,0.0
2022-02-14 14:30:00,INDEX:NDFI,20.79,20.79,15.84,18.81,0.0
2022-02-15 14:30:00,INDEX:NDFI,22.77,25.74,21.78,25.74,0.0
2022-02-16 14:30:00,INDEX:NDFI,22.77,25.0,18.81,25.0,0.0
2022-02-17 14:30:00,INDEX:NDFI,19.0,22.0,18.0,18.0,0.0
2022-02-18 14:30:00,INDEX:NDFI,15.0,19.0,15.0,15.0,0.0
2022-02-22 14:30:00,INDEX:NDFI,14.0,16.0,12.0,14.0,0.0
2022-02-23 14:30:00,INDEX:NDFI,14.0,15.0,9.0,10.0,0.0
2022-02-24 14:30:00,INDEX:NDFI,4.0,12.0,4.0,11.0,0.0
2022-02-25 14:30:00,INDEX:NDFI,13.0,21.0,11.0,21.0,0.0
2022-02-28 14:30:00,INDEX:NDFI,16.0,17.0,16.0,17.0,0.0
2022-03-01 14:30:00,INDEX:NDFI,19.0,19.0,14.0,16.0,0.0
2022-03-02 14:30:00,INDEX:NDFI,16.66,25.49,16.66,24.5,0.0
2022-03-03 14:30:00,INDEX:NDFI,27.45,28.43,19.6,20.58,0.0
2022-03-04 14:30:00,INDEX:NDFI,19.6,20.58,16.66,20.58,0.0
2022-03-07 14:30:00,INDEX:NDFI,20.58,20.58,15.68,15.68,0.0
2022-03-08 14:30:00,INDEX:NDFI,15.68,18.62,14.7,15.68,0.0
2022-03-09 14:30:00,INDEX:NDFI,18.62,19.6,15.68,18.62,0.0
2022-03-10 14:30:00,INDEX:NDFI,17.64,19.6,15.68,18.62,0.0
2022-03-11 14:30:00,INDEX:NDFI,22.54,22.54,18.62,18.62,0.0
2022-03-14 13:30:00,INDEX:NDFI,18.62,18.62,15.68,17.64,0.0
2022-03-15 13:30:00,INDEX:NDFI,18.62,21.56,17.64,21.56,0.0
2022-03-16 13:30:00,INDEX:NDFI,25.49,31.37,19.6,31.37,0.0
2022-03-17 13:30:00,INDEX:NDFI,34.31,38.23,32.35,38.23,0.0
2022-03-18 13:30:00,INDEX:NDFI,38.23,52.94,38.23,52.94,0.0
2022-03-21 13:30:00,INDEX:NDFI,50.0,50.0,45.09,49.01,0.0
2022-03-22 13:30:00,INDEX:NDFI,51.96,60.78,51.96,55.88,0.0
2022-03-23 13:30:00,INDEX:NDFI,52.94,56.86,48.03,48.03,0.0
2022-03-24 13:30:00,INDEX:NDFI,49.01,58.82,48.03,58.82,0.0
2022-03-25 13:30:00,INDEX:NDFI,59.8,61.76,51.96,61.76,0.0
2022-03-28 13:30:00,INDEX:NDFI,63.72,63.72,54.9,63.72,0.0
2022-03-29 13:30:00,INDEX:NDFI,78.43,78.43,70.58,78.43,0.0
2022-03-30 13:30:00,INDEX:NDFI,76.47,78.43,68.62,69.6,0.0
2022-03-31 13:30:00,INDEX:NDFI,68.62,69.6,63.72,63.72,0.0
2022-04-01 13:30:00,INDEX:NDFI,67.64,67.64,62.74,66.66,0.0
2022-04-04 13:30:00,INDEX:NDFI,66.66,78.43,66.66,77.45,0.0
2022-04-05 13:30:00,INDEX:NDFI,74.5,74.5,58.82,60.78,0.0
2022-04-06 13:30:00,INDEX:NDFI,49.01,50.98,45.09,49.01,0.0
2022-04-07 13:30:00,INDEX:NDFI,50.98,57.84,42.15,49.01,0.0
2022-04-08 13:30:00,INDEX:NDFI,45.09,52.94,41.17,46.07,0.0
2022-04-11 13:30:00,INDEX:NDFI,44.11,44.11,37.25,37.25,0.0
2022-04-12 13:30:00,INDEX:NDFI,43.13,46.07,34.31,36.27,0.0
2022-04-13 13:30:00,INDEX:NDFI,39.21,48.03,39.21,46.07,0.0
2022-04-14 13:30:00,INDEX:NDFI,45.09,45.09,39.21,39.21,0.0
2022-04-18 13:30:00,INDEX:NDFI,40.19,40.19,34.31,36.27,0.0
2022-04-19 13:30:00,INDEX:NDFI,37.25,50.98,37.25,50.98,0.0
2022-04-20 13:30:00,INDEX:NDFI,51.96,52.94,47.05,47.05,0.0
2022-04-21 13:30:00,INDEX:NDFI,53.92,53.92,37.25,38.23,0.0
2022-04-22 13:30:00,INDEX:NDFI,35.29,36.27,30.39,30.39,0.0
2022-04-25 13:30:00,INDEX:NDFI,30.39,33.33,26.47,32.35,0.0
2022-04-26 13:30:00,INDEX:NDFI,32.35,32.35,24.5,24.5,0.0
2022-04-27 13:30:00,INDEX:NDFI,29.41,31.37,25.49,29.41,0.0
2022-04-28 13:30:00,INDEX:NDFI,28.43,35.29,23.52,32.35,0.0
2022-04-29 13:30:00,INDEX:NDFI,36.27,38.23,18.62,18.62,0.0
2022-05-02 13:30:00,INDEX:NDFI,19.6,22.54,15.68,19.6,0.0
2022-05-03 13:30:00,INDEX:NDFI,20.58,24.5,20.58,21.56,0.0
2022-05-04 13:30:00,INDEX:NDFI,20.58,37.25,19.6,37.25,0.0
2022-05-05 13:30:00,INDEX:NDFI,29.41,29.41,14.7,18.62,0.0
2022-05-06 13:30:00,INDEX:NDFI,12.74,15.68,10.78,13.72,0.0
2022-05-09 13:30:00,INDEX:NDFI,9.8,11.76,9.8,10.78,0.0
2022-05-10 13:30:00,INDEX:NDFI,11.76,12.74,8.82,10.78,0.0
2022-05-11 13:30:00,INDEX:NDFI,8.82,13.72,7.84,7.84,0.0
2022-05-12 13:30:00,INDEX:NDFI,10.78,10.78,6.86,7.84,0.0
2022-05-13 13:30:00,INDEX:NDFI,9.8,14.7,8.82,13.72,0.0
2022-05-16 13:30:00,INDEX:NDFI,13.72,15.68,12.74,13.72,0.0
2022-05-17 13:30:00,INDEX:NDFI,16.66,24.5,16.66,24.5,0.0
2022-05-18 13:30:00,INDEX:NDFI,22.54,22.54,10.78,10.78,0.0
2022-05-19 13:30:00,INDEX:NDFI,8.82,13.72,8.82,9.8,0.0
2022-05-20 13:30:00,INDEX:NDFI,14.7,15.68,5.88,13.72,0.0
2022-05-23 13:30:00,INDEX:NDFI,12.74,17.64,11.76,17.64,0.0
2022-05-24 13:30:00,INDEX:NDFI,13.72,13.72,9.8,13.72,0.0
2022-05-25 13:30:00,INDEX:NDFI,13.72,15.68,13.72,14.7,0.0
2022-05-26 13:30:00,INDEX:NDFI,15.68,28.43,15.68,26.47,0.0
2022-05-27 13:30:00,INDEX:NDFI,32.35,40.19,32.35,39.21,0.0
2022-05-31 13:30:00,INDEX:NDFI,30.39,40.19,28.43,33.33,0.0
2022-06-01 13:30:00,INDEX:NDFI,39.21,39.21,25.49,27.45,0.0
2022-06-02 13:30:00,INDEX:NDFI,30.39,37.25,27.45,37.25,0.0
2022-06-03 13:30:00,INDEX:NDFI,35.29,35.29,29.41,33.33,0.0
2022-06-06 13:30:00,INDEX:NDFI,36.27,39.21,30.39,32.35,0.0
2022-06-07 13:30:00,INDEX:NDFI,28.43,37.25,28.43,36.27,0.0
2022-06-08 13:30:00,INDEX:NDFI,36.27,39.21,29.41,32.35,0.0
2022-06-09 13:30:00,INDEX:NDFI,27.45,30.39,22.54,22.54,0.0
2022-06-10 13:30:00,INDEX:NDFI,13.72,14.7,10.78,11.76,0.0
2022-06-13 13:30:00,INDEX:NDFI,5.88,6.86,4.9,5.88,0.0
2022-06-14 13:30:00,INDEX:NDFI,7.84,7.84,6.86,6.86,0.0
2022-06-15 13:30:00,INDEX:NDFI,8.82,9.8,8.82,9.8,0.0
2022-06-16 13:30:00,INDEX:NDFI,5.88,7.84,5.88,6.86,0.0
2022-06-17 13:30:00,INDEX:NDFI,6.86,8.82,5.88,6.86,0.0
2022-06-21 13:30:00,INDEX:NDFI,10.78,11.76,10.78,10.78,0.0
2022-06-22 13:30:00,INDEX:NDFI,10.78,11.76,10.78,10.78,0.0
2022-06-23 13:30:00,INDEX:NDFI,10.78,14.7,10.78,14.7,0.0
2022-06-24 13:30:00,INDEX:NDFI,23.52,33.33,21.56,33.33,0.0
2022-06-27 13:30:00,INDEX:NDFI,32.35,33.33,24.5,29.41,0.0
2022-06-28 13:30:00,INDEX:NDFI,36.27,36.27,14.7,14.7,0.0
2022-06-29 13:30:00,INDEX:NDFI,16.66,18.62,16.66,18.62,0.0
2022-06-30 13:30:00,INDEX:NDFI,16.66,20.58,13.72,15.68,0.0
2022-07-01 13:30:00,INDEX:NDFI,15.68,28.43,14.7,27.45,0.0
2022-07-05 13:30:00,INDEX:NDFI,21.56,33.33,21.56,33.33,0.0
2022-07-06 13:30:00,INDEX:NDFI,38.23,43.13,35.29,42.15,0.0
2022-07-07 13:30:00,INDEX:NDFI,42.15,49.01,42.15,46.07,0.0
2022-07-08 13:30:00,INDEX:NDFI,42.15,48.03,42.15,48.03,0.0
2022-07-11 13:30:00,INDEX:NDFI,39.21,45.09,39.21,43.13,0.0
2022-07-12 13:30:00,INDEX:NDFI,43.13,44.11,33.33,34.31,0.0
2022-07-13 13:30:00,INDEX:NDFI,27.45,37.25,27.45,33.33,0.0
2022-07-14 13:30:00,INDEX:NDFI,27.45,31.37,22.54,31.37,0.0
2022-07-15 13:30:00,INDEX:NDFI,39.21,42.15,31.37,42.15,0.0
2022-07-18 13:30:00,INDEX:NDFI,50.0,52.94,38.23,38.23,0.0
2022-07-19 13:30:00,INDEX:NDFI,49.01,64.7,49.01,64.7,0.0
2022-07-20 13:30:00,INDEX:NDFI,67.64,76.47,67.64,76.47,0.0
2022-07-21 13:30:00,INDEX:NDFI,75.49,81.37,70.58,81.37,0.0
2022-07-22 13:30:00,INDEX:NDFI,77.45,78.43,66.66,72.54,0.0
2022-07-25 13:30:00,INDEX:NDFI,68.62,71.56,64.7,69.6,0.0
2022-07-26 13:30:00,INDEX:NDFI,61.76,63.72,52.94,53.92,0.0
2022-07-27 13:30:00,INDEX:NDFI,60.78,79.41,60.78,78.43,0.0
2022-07-28 13:30:00,INDEX:NDFI,68.62,80.39,68.62,80.39,0.0
2022-07-29 13:30:00,INDEX:NDFI,79.41,81.37,78.43,81.37,0.0
2022-08-01 13:30:00,INDEX:NDFI,79.41,82.35,79.41,80.39,0.0
2022-08-02 13:30:00,INDEX:NDFI,80.39,86.27,80.39,81.37,0.0
2022-08-03 13:30:00,INDEX:NDFI,84.31,88.23,84.31,86.27,0.0
2022-08-04 13:30:00,INDEX:NDFI,83.33,85.29,83.33,83.33,0.0
2022-08-05 13:30:00,INDEX:NDFI,81.37,83.33,80.39,82.35,0.0
2022-08-08 13:30:00,INDEX:NDFI,86.27,90.19,81.37,82.35,0.0
2022-08-09 13:30:00,INDEX:NDFI,82.35,82.35,77.45,80.39,0.0
2022-08-10 13:30:00,INDEX:NDFI,87.25,89.21,87.25,88.23,0.0
2022-08-11 13:30:00,INDEX:NDFI,89.21,90.19,87.25,88.23,0.0
2022-08-12 13:30:00,INDEX:NDFI,87.25,90.19,87.25,90.19,0.0
2022-08-15 13:30:00,INDEX:NDFI,91.17,91.17,88.23,91.17,0.0
2022-08-16 13:30:00,INDEX:NDFI,90.19,91.17,88.23,91.17,0.0
2022-08-17 13:30:00,INDEX:NDFI,90.19,90.19,87.25,89.21,0.0
2022-08-18 13:30:00,INDEX:NDFI,86.27,86.27,84.31,85.29,0.0
2022-08-19 13:30:00,INDEX:NDFI,85.29,85.29,83.33,83.33,0.0
2022-08-22 13:30:00,INDEX:NDFI,76.47,77.45,72.54,73.52,0.0
2022-08-23 13:30:00,INDEX:NDFI,72.54,73.52,71.56,71.56,0.0
2022-08-24 13:30:00,INDEX:NDFI,68.62,75.49,68.62,72.54,0.0
2022-08-25 13:30:00,INDEX:NDFI,73.52,81.37,73.52,80.39,0.0
2022-08-26 13:30:00,INDEX:NDFI,80.39,80.39,55.88,55.88,0.0
2022-08-29 13:30:00,INDEX:NDFI,50.98,54.9,47.05,50.98,0.0
2022-08-30 13:30:00,INDEX:NDFI,51.96,51.96,36.27,40.19,0.0
2022-08-31 13:30:00,INDEX:NDFI,43.13,46.07,34.31,34.31,0.0
2022-09-01 13:30:00,INDEX:NDFI,27.45,33.33,21.56,33.33,0.0
2022-09-02 13:30:00,INDEX:NDFI,34.31,44.11,21.56,22.54,0.0
2022-09-06 13:30:00,INDEX:NDFI,26.47,26.47,18.62,21.56,0.0
2022-09-07 13:30:00,INDEX:NDFI,21.56,37.25,21.56,36.27,0.0
2022-09-08 13:30:00,INDEX:NDFI,28.43,39.21,28.43,38.23,0.0
2022-09-09 13:30:00,INDEX:NDFI,47.05,53.92,46.07,50.98,0.0
2022-09-12 13:30:00,INDEX:NDFI,55.88,59.8,53.92,59.8,0.0
2022-09-13 13:30:00,INDEX:NDFI,38.23,38.23,21.56,21.56,0.0
2022-09-14 13:30:00,INDEX:NDFI,21.56,23.52,21.56,23.52,0.0
2022-09-15 13:30:00,INDEX:NDFI,22.54,24.5,19.6,19.6,0.0
2022-09-16 13:30:00,INDEX:NDFI,19.6,19.6,17.64,18.62,0.0
2022-09-19 13:30:00,INDEX:NDFI,14.7,19.6,14.7,19.6,0.0
2022-09-20 13:30:00,INDEX:NDFI,18.62,18.62,13.72,15.68,0.0
2022-09-21 13:30:00,INDEX:NDFI,15.68,17.64,11.76,11.76,0.0
2022-09-22 13:30:00,INDEX:NDFI,7.84,8.82,5.88,6.86,0.0
2022-09-23 13:30:00,INDEX:NDFI,4.9,4.9,2.94,2.94,0.0
2022-09-26 13:30:00,INDEX:NDFI,3.92,3.92,2.94,2.94,0.0
2022-09-27 13:30:00,INDEX:NDFI,3.92,4.9,2.94,2.94,0.0
2022-09-28 13:30:00,INDEX:NDFI,4.9,10.78,4.9,9.8,0.0
2022-09-29 13:30:00,INDEX:NDFI,8.82,9.8,5.88,8.82,0.0
2022-09-30 13:30:00,INDEX:NDFI,6.86,8.82,5.88,5.88,0.0
2022-10-03 13:30:00,INDEX:NDFI,7.84,7.84,7.84,7.84,0.0
2022-10-04 13:30:00,INDEX:NDFI,13.72,16.66,13.72,16.66,0.0
2022-10-05 13:30:00,INDEX:NDFI,15.68,19.6,13.72,19.6,0.0
2022-10-06 13:30:00,INDEX:NDFI,20.58,20.58,17.64,17.64,0.0
2022-10-07 13:30:00,INDEX:NDFI,14.7,14.7,7.84,8.82,0.0
2022-10-10 13:30:00,INDEX:NDFI,8.82,9.8,6.86,8.82,0.0
2022-10-11 13:30:00,INDEX:NDFI,8.82,9.8,7.84,8.82,0.0
2022-10-12 13:30:00,INDEX:NDFI,8.82,10.78,6.86,6.86,0.0
2022-10-13 13:30:00,INDEX:NDFI,5.88,13.72,5.88,11.76,0.0
2022-10-14 13:30:00,INDEX:NDFI,13.72,13.72,6.86,6.86,0.0
2022-10-17 13:30:00,INDEX:NDFI,12.74,16.66,12.74,15.68,0.0
2022-10-18 13:30:00,INDEX:NDFI,18.62,18.62,16.66,17.64,0.0
2022-10-19 13:30:00,INDEX:NDFI,19.6,19.6,13.72,17.64,0.0
2022-10-20 13:30:00,INDEX:NDFI,17.64,19.6,11.76,12.74,0.0
2022-10-21 13:30:00,INDEX:NDFI,17.64,19.6,15.68,19.6,0.0
2022-10-24 13:30:00,INDEX:NDFI,22.54,27.45,20.58,26.47,0.0
2022-10-25 13:30:00,INDEX:NDFI,34.31,40.19,34.31,38.23,0.0
2022-10-26 13:30:00,INDEX:NDFI,41.17,48.03,38.23,40.19,0.0
2022-10-27 13:30:00,INDEX:NDFI,46.07,46.07,35.29,36.27,0.0
2022-10-28 13:30:00,INDEX:NDFI,41.17,56.86,39.21,56.86,0.0
2022-10-31 13:30:00,INDEX:NDFI,51.96,56.86,49.01,50.98,0.0
2022-11-01 13:30:00,INDEX:NDFI,61.76,61.76,50.98,51.96,0.0
2022-11-02 13:30:00,INDEX:NDFI,47.05,50.98,35.29,35.29,0.0
2022-11-03 13:30:00,INDEX:NDFI,34.31,40.19,33.33,33.33,0.0
2022-11-04 13:30:00,INDEX:NDFI,42.15,46.07,41.17,45.09,0.0
2022-11-07 14:30:00,INDEX:NDFI,47.05,51.96,45.09,51.96,0.0
2022-11-08 14:30:00,INDEX:NDFI,50.98,60.78,47.05,54.9,0.0
2022-11-09 14:30:00,INDEX:NDFI,51.96,54.9,48.03,48.03,0.0
2022-11-10 14:30:00,INDEX:NDFI,65.68,73.52,65.68,73.52,0.0
2022-11-11 14:30:00,INDEX:NDFI,74.5,80.39,72.54,79.41,0.0
2022-11-14 14:30:00,INDEX:NDFI,77.45,78.43,74.5,74.5,0.0
2022-11-15 14:30:00,INDEX:NDFI,80.39,84.31,77.45,81.37,0.0
2022-11-16 14:30:00,INDEX:NDFI,81.37,81.37,76.47,76.47,0.0
2022-11-17 14:30:00,INDEX:NDFI,71.56,74.5,70.58,72.54,0.0
2022-11-18 14:30:00,INDEX:NDFI,77.45,77.45,72.54,75.49,0.0
2022-11-21 14:30:00,INDEX:NDFI,79.41,79.41,74.5,75.49,0.0
2022-11-22 14:30:00,INDEX:NDFI,75.49,77.45,74.5,77.45,0.0
2022-11-23 14:30:00,INDEX:NDFI,79.41,80.39,79.41,79.41,0.0
2022-11-25 14:30:00,INDEX:NDFI,78.43,79.41,78.43,78.43,0.0
2022-11-28 14:30:00,INDEX:NDFI,77.45,78.43,75.49,75.49,0.0
2022-11-29 14:30:00,INDEX:NDFI,76.47,76.47,73.52,74.5,0.0
2022-11-30 14:30:00,INDEX:NDFI,75.49,85.29,74.5,85.29,0.0
2022-12-01 14:30:00,INDEX:NDFI,86.27,88.23,84.31,88.23,0.0
2022-12-02 14:30:00,INDEX:NDFI,82.35,86.27,82.35,85.29,0.0
2022-12-05 14:30:00,INDEX:NDFI,83.33,83.33,77.45,78.43,0.0
2022-12-06 14:30:00,INDEX:NDFI,76.47,76.47,72.54,74.5,0.0
2022-12-07 14:30:00,INDEX:NDFI,72.54,73.52,71.56,72.54,0.0
2022-12-08 14:30:00,INDEX:NDFI,70.58,76.47,70.58,72.54,0.0
2022-12-09 14:30:00,INDEX:NDFI,72.54,73.52,69.6,70.58,0.0
2022-12-12 14:30:00,INDEX:NDFI,69.6,72.54,66.66,72.54,0.0
2022-12-13 14:30:00,INDEX:NDFI,89.21,89.21,72.54,74.5,0.0
2022-12-14 14:30:00,INDEX:NDFI,76.47,79.41,69.6,73.52,0.0
2022-12-15 14:30:00,INDEX:NDFI,66.66,66.66,57.84,58.82,0.0
2022-12-16 14:30:00,INDEX:NDFI,53.92,56.86,50.0,56.86,0.0
2022-12-19 14:30:00,INDEX:NDFI,54.9,55.88,48.51,48.51,0.0
2022-12-20 14:30:00,INDEX:NDFI,48.51,51.48,47.52,48.51,0.0
2022-12-21 14:30:00,INDEX:NDFI,50.49,57.42,50.49,56.43,0.0
2022-12-22 14:30:00,INDEX:NDFI,44.55,44.55,32.67,43.56,0.0
2022-12-23 14:30:00,INDEX:NDFI,40.59,41.58,35.64,41.58,0.0
2022-12-27 14:30:00,INDEX:NDFI,38.61,39.6,34.65,35.64,0.0
2022-12-28 14:30:00,INDEX:NDFI,35.64,37.62,30.69,31.68,0.0
2022-12-29 14:30:00,INDEX:NDFI,33.66,43.56,33.66,40.59,0.0
2022-12-30 14:30:00,INDEX:NDFI,37.62,37.62,30.69,37.62,0.0
2023-01-03 14:30:00,INDEX:NDFI,44.55,44.55,30.69,38.61,0.0
2023-01-04 14:30:00,INDEX:NDFI,40.59,42.57,35.64,37.62,0.0
2023-01-05 14:30:00,INDEX:NDFI,28.71,34.65,26.73,28.71,0.0
2023-01-06 14:30:00,INDEX:NDFI,39.6,53.46,39.6,49.5,0.0
2023-01-09 14:30:00,INDEX:NDFI,50.49,60.39,49.5,49.5,0.0
2023-01-10 14:30:00,INDEX:NDFI,51.48,53.46,48.51,51.48,0.0
2023-01-11 14:30:00,INDEX:NDFI,52.47,62.37,52.47,62.37,0.0
2023-01-12 14:30:00,INDEX:NDFI,63.36,64.35,56.43,64.35,0.0
2023-01-13 14:30:00,INDEX:NDFI,63.36,66.33,60.39,66.33,0.0
2023-01-17 14:30:00,INDEX:NDFI,64.35,70.29,60.39,60.39,0.0
2023-01-18 14:30:00,INDEX:NDFI,63.36,64.35,50.49,50.49,0.0
2023-01-19 14:30:00,INDEX:NDFI,47.52,50.49,40.59,42.57,0.0
2023-01-20 14:30:00,INDEX:NDFI,44.55,55.44,44.55,55.44,0.0
2023-01-23 14:30:00,INDEX:NDFI,55.44,68.31,55.44,67.32,0.0
2023-01-24 14:30:00,INDEX:NDFI,65.34,69.3,63.36,65.34,0.0
2023-01-25 14:30:00,INDEX:NDFI,60.39,65.34,54.45,65.34,0.0
2023-01-26 14:30:00,INDEX:NDFI,70.29,72.27,67.32,72.27,0.0
2023-01-27 14:30:00,INDEX:NDFI,68.31,72.27,68.31,72.27,0.0
2023-01-30 14:30:00,INDEX:NDFI,68.31,73.26,68.31,69.3,0.0
2023-01-31 14:30:00,INDEX:NDFI,70.29,72.27,68.31,72.27,0.0
2023-02-01 14:30:00,INDEX:NDFI,70.29,77.22,68.31,76.23,0.0
2023-02-02 14:30:00,INDEX:NDFI,75.24,78.21,71.28,73.26,0.0
2023-02-03 14:30:00,INDEX:NDFI,70.29,71.28,66.33,67.32,0.0
2023-02-06 14:30:00,INDEX:NDFI,66.33,68.31,65.34,66.33,0.0
2023-02-07 14:30:00,INDEX:NDFI,66.33,69.3,64.35,69.3,0.0
2023-02-08 14:30:00,INDEX:NDFI,68.31,68.31,64.35,64.35,0.0
2023-02-09 14:30:00,INDEX:NDFI,67.32,68.31,62.37,64.35,0.0
2023-02-10 14:30:00,INDEX:NDFI,66.33,68.31,64.35,67.32,0.0
2023-02-13 14:30:00,INDEX:NDFI,68.31,77.22,68.31,76.23,0.0
2023-02-14 14:30:00,INDEX:NDFI,74.25,74.25,64.35,71.28,0.0
2023-02-15 14:30:00,INDEX:NDFI,70.29,78.21,68.31,76.23,0.0
2023-02-16 14:30:00,INDEX:NDFI,72.27,76.23,71.28,71.28,0.0
2023-02-17 14:30:00,INDEX:NDFI,69.3,71.28,65.34,71.28,0.0
2023-02-21 14:30:00,INDEX:NDFI,63.36,64.35,60.39,60.39,0.0
2023-02-22 14:30:00,INDEX:NDFI,61.38,63.36,58.41,60.39,0.0
2023-02-23 14:30:00,INDEX:NDFI,57.42,59.4,48.51,56.43,0.0
2023-02-24 14:30:00,INDEX:NDFI,46.53,49.5,46.53,48.51,0.0
2023-02-27 14:30:00,INDEX:NDFI,52.47,57.42,51.48,51.48,0.0
2023-02-28 14:30:00,INDEX:NDFI,48.51,55.44,48.51,50.49,0.0
2023-03-01 14:30:00,INDEX:NDFI,48.51,48.51,41.58,42.57,0.0
2023-03-02 14:30:00,INDEX:NDFI,40.59,49.5,40.59,49.5,0.0
2023-03-03 14:30:00,INDEX:NDFI,44.55,56.43,44.55,55.44,0.0
2023-03-06 14:30:00,INDEX:NDFI,57.42,64.35,51.48,52.47,0.0
2023-03-07 14:30:00,INDEX:NDFI,52.47,53.46,44.55,46.53,0.0
2023-03-08 14:30:00,INDEX:NDFI,47.52,49.5,47.52,49.5,0.0
2023-03-09 14:30:00,INDEX:NDFI,50.49,52.47,37.62,37.62,0.0
2023-03-10 14:30:00,INDEX:NDFI,34.65,38.61,31.68,31.68,0.0
2023-03-13 13:30:00,INDEX:NDFI,32.67,39.6,30.69,30.69,0.0
2023-03-14 13:30:00,INDEX:NDFI,36.63,41.58,32.67,40.59,0.0
2023-03-15 13:30:00,INDEX:NDFI,35.64,40.59,30.69,38.61,0.0
2023-03-16 13:30:00,INDEX:NDFI,35.64,47.52,35.64,47.52,0.0
2023-03-17 13:30:00,INDEX:NDFI,42.57,44.55,39.6,43.56,0.0
2023-03-20 13:30:00,INDEX:NDFI,43.56,51.48,41.58,49.5,0.0
2023-03-21 13:30:00,INDEX:NDFI,54.45,54.45,45.54,51.48,0.0
2023-03-22 13:30:00,INDEX:NDFI,49.5,55.44,41.58,41.58,0.0
2023-03-23 13:30:00,INDEX:NDFI,49.5,53.46,43.56,47.52,0.0
2023-03-24 13:30:00,INDEX:NDFI,45.54,49.5,41.58,49.5,0.0
2023-03-27 13:30:00,INDEX:NDFI,53.46,53.46,48.51,49.5,0.0
2023-03-28 13:30:00,INDEX:NDFI,46.53,46.53,44.55,46.53,0.0
2023-03-29 13:30:00,INDEX:NDFI,50.49,55.44,50.49,53.46,0.0
2023-03-30 13:30:00,INDEX:NDFI,66.33,67.32,61.38,64.35,0.0
2023-03-31 13:30:00,INDEX:NDFI,65.34,74.25,65.34,74.25,0.0
2023-04-03 13:30:00,INDEX:NDFI,71.28,73.26,66.33,72.27,0.0
2023-04-04 13:30:00,INDEX:NDFI,71.28,71.28,63.36,67.32,0.0
2023-04-05 13:30:00,INDEX:NDFI,59.4,59.4,57.42,57.42,0.0
2023-04-06 13:30:00,INDEX:NDFI,55.44,60.39,55.44,60.39,0.0
2023-04-10 13:30:00,INDEX:NDFI,56.43,62.37,56.43,62.37,0.0
2023-04-11 13:30:00,INDEX:NDFI,64.35,66.33,63.36,65.34,0.0
2023-04-12 13:30:00,INDEX:NDFI,64.35,66.33,58.41,59.4,0.0
2023-04-13 13:30:00,INDEX:NDFI,64.35,66.33,58.41,65.34,0.0
2023-04-14 13:30:00,INDEX:NDFI,66.33,68.31,60.39,66.33,0.0
2023-04-17 13:30:00,INDEX:NDFI,66.33,68.31,64.35,67.32,0.0
2023-04-18 13:30:00,INDEX:NDFI,71.28,71.28,66.33,67.32,0.0
2023-04-19 13:30:00,INDEX:NDFI,66.33,67.32,63.36,65.34,0.0
2023-04-20 13:30:00,INDEX:NDFI,64.35,68.31,64.35,67.32,0.0
2023-04-21 13:30:00,INDEX:NDFI,64.35,66.33,63.36,66.33,0.0
2023-04-24 13:30:00,INDEX:NDFI,65.34,66.33,63.36,65.34,0.0
2023-04-25 13:30:00,INDEX:NDFI,57.42,57.42,53.46,53.46,0.0
2023-04-26 13:30:00,INDEX:NDFI,51.48,52.47,40.59,41.58,0.0
2023-04-27 13:30:00,INDEX:NDFI,46.53,54.45,46.53,53.46,0.0
2023-04-28 13:30:00,INDEX:NDFI,54.45,63.36,54.45,63.36,0.0
2023-05-01 13:30:00,INDEX:NDFI,62.37,63.36,58.41,60.39,0.0
2023-05-02 13:30:00,INDEX:NDFI,53.46,54.45,46.53,48.51,0.0
2023-05-03 13:30:00,INDEX:NDFI,51.48,54.45,42.57,42.57,0.0
2023-05-04 13:30:00,INDEX:NDFI,43.56,48.51,42.57,42.57,0.0
2023-05-05 13:30:00,INDEX:NDFI,47.52,57.42,47.52,56.43,0.0
2023-05-08 13:30:00,INDEX:NDFI,59.4,62.37,52.47,60.39,0.0
2023-05-09 13:30:00,INDEX:NDFI,52.47,55.44,52.47,53.46,0.0
2023-05-10 13:30:00,INDEX:NDFI,56.43,57.42,52.47,55.44,0.0
2023-05-11 13:30:00,INDEX:NDFI,54.45,54.45,51.48,54.45,0.0
2023-05-12 13:30:00,INDEX:NDFI,56.43,56.43,48.51,53.46,0.0
2023-05-15 13:30:00,INDEX:NDFI,54.45,54.45,51.48,54.45,0.0
2023-05-16 13:30:00,INDEX:NDFI,49.5,51.48,48.51,49.5,0.0
2023-05-17 13:30:00,INDEX:NDFI,49.5,55.44,48.51,55.44,0.0
2023-05-18 13:30:00,INDEX:NDFI,55.44,59.4,55.44,59.4,0.0
2023-05-19 13:30:00,INDEX:NDFI,64.35,67.32,58.41,60.39,0.0
2023-05-22 13:30:00,INDEX:NDFI,63.36,67.32,62.37,66.33,0.0
2023-05-23 13:30:00,INDEX:NDFI,62.37,62.37,54.45,55.44,0.0
2023-05-24 13:30:00,INDEX:NDFI,50.49,50.49,44.55,47.52,0.0
2023-05-25 13:30:00,INDEX:NDFI,44.55,47.52,44.55,46.53,0.0
2023-05-26 13:30:00,INDEX:NDFI,50.49,57.42,50.49,55.44,0.0
2023-05-30 13:30:00,INDEX:NDFI,54.45,54.45,47.52,49.5,0.0
2023-05-31 13:30:00,INDEX:NDFI,47.52,52.47,44.55,52.47,0.0
2023-06-01 13:30:00,INDEX:NDFI,49.5,57.42,47.52,54.45,0.0
2023-06-02 13:30:00,INDEX:NDFI,57.42,64.35,56.43,62.37,0.0
2023-06-05 13:30:00,INDEX:NDFI,60.39,64.35,56.43,62.37,0.0
2023-06-06 13:30:00,INDEX:NDFI,61.38,64.35,61.38,63.36,0.0
2023-06-07 13:30:00,INDEX:NDFI,63.36,64.35,58.41,61.0,0.0
2023-06-08 13:30:00,INDEX:NDFI,58.0,66.0,58.0,65.0,0.0
2023-06-09 13:30:00,INDEX:NDFI,65.0,70.0,62.0,63.0,0.0
2023-06-12 13:30:00,INDEX:NDFI,69.0,71.0,67.0,71.0,0.0
2023-06-13 13:30:00,INDEX:NDFI,74.0,74.0,72.0,74.0,0.0
2023-06-14 13:30:00,INDEX:NDFI,73.0,75.0,71.0,73.0,0.0
2023-06-15 13:30:00,INDEX:NDFI,75.0,80.0,74.0,80.0,0.0
2023-06-16 13:30:00,INDEX:NDFI,78.0,79.0,77.0,78.0,0.0
2023-06-20 13:30:00,INDEX:NDFI,75.0,78.0,73.0,75.0,0.0
2023-06-21 13:30:00,INDEX:NDFI,73.0,76.0,71.0,72.0,0.0
2023-06-22 13:30:00,INDEX:NDFI,69.0,76.0,69.0,76.0,0.0
2023-06-23 13:30:00,INDEX:NDFI,68.0,71.0,64.0,64.0,0.0
2023-06-26 13:30:00,INDEX:NDFI,65.0,70.0,65.0,67.0,0.0
2023-06-27 13:30:00,INDEX:NDFI,69.0,74.0,68.0,73.0,0.0
2023-06-28 13:30:00,INDEX:NDFI,71.0,73.0,71.0,73.0,0.0
2023-06-29 13:30:00,INDEX:NDFI,72.0,73.0,68.0,71.0,0.0
2023-06-30 13:30:00,INDEX:NDFI,73.26,76.23,72.27,74.25,0.0
2023-07-03 13:30:00,INDEX:NDFI,78.21,79.2,78.21,79.2,0.0
2023-07-05 13:30:00,INDEX:NDFI,79.2,79.2,77.22,77.22,0.0
2023-07-06 13:30:00,INDEX:NDFI,73.26,73.26,68.31,73.26,0.0
2023-07-07 13:30:00,INDEX:NDFI,72.27,77.22,71.28,74.25,0.0
2023-07-10 13:30:00,INDEX:NDFI,72.27,78.21,72.27,78.21,0.0
2023-07-11 13:30:00,INDEX:NDFI,79.2,79.2,76.23,79.2,0.0
2023-07-12 13:30:00,INDEX:NDFI,80.19,84.15,80.19,82.17,0.0
2023-07-13 13:30:00,INDEX:NDFI,82.17,87.12,82.17,87.12,0.0
2023-07-14 13:30:00,INDEX:NDFI,87.12,87.12,83.16,84.15,0.0
2023-07-17 13:30:00,INDEX:NDFI,84.15,86.13,82.17,82.17,0.0
2023-07-18 13:30:00,INDEX:NDFI,82.17,87.12,82.17,84.15,0.0
2023-07-19 13:30:00,INDEX:NDFI,86.13,89.1,85.14,85.14,0.0
2023-07-20 13:30:00,INDEX:NDFI,85.14,87.12,82.17,82.17,0.0
2023-07-21 13:30:00,INDEX:NDFI,82.17,87.12,82.17,85.14,0.0
2023-07-24 13:30:00,INDEX:NDFI,89.1,89.1,83.16,85.14,0.0
2023-07-25 13:30:00,INDEX:NDFI,85.14,89.1,83.16,87.12,0.0
2023-07-26 13:30:00,INDEX:NDFI,87.12,87.12,81.18,84.15,0.0
2023-07-27 13:30:00,INDEX:NDFI,84.15,87.12,74.25,75.24,0.0
2023-07-28 13:30:00,INDEX:NDFI,75.24,85.14,75.24,84.15,0.0
2023-07-31 13:30:00,INDEX:NDFI,84.15,84.15,77.22,80.19,0.0
2023-08-01 13:30:00,INDEX:NDFI,80.19,80.19,75.24,79.2,0.0
2023-08-02 13:30:00,INDEX:NDFI,79.2,79.2,64.35,65.34,0.0
2023-08-03 13:30:00,INDEX:NDFI,65.34,67.32,62.37,66.33,0.0
2023-08-04 13:30:00,INDEX:NDFI,61.38,65.34,55.44,55.44,0.0
2023-08-07 13:30:00,INDEX:NDFI,55.44,62.37,55.44,62.37,0.0
2023-08-08 13:30:00,INDEX:NDFI,62.37,62.37,50.49,53.46,0.0
2023-08-09 13:30:00,INDEX:NDFI,53.46,57.42,51.48,51.48,0.0
2023-08-10 13:30:00,INDEX:NDFI,51.48,59.4,49.5,49.5,0.0
2023-08-11 13:30:00,INDEX:NDFI,45.54,49.5,44.55,45.54,0.0
2023-08-14 13:30:00,INDEX:NDFI,47.52,54.45,47.52,53.46,0.0
2023-08-15 13:30:00,INDEX:NDFI,53.46,53.46,44.55,44.55,0.0
2023-08-16 13:30:00,INDEX:NDFI,44.55,46.53,35.64,35.64,0.0
2023-08-17 13:30:00,INDEX:NDFI,35.64,37.62,27.72,28.71,0.0
2023-08-18 13:30:00,INDEX:NDFI,28.71,32.67,27.72,30.69,0.0
2023-08-21 13:30:00,INDEX:NDFI,30.69,36.63,30.69,35.64,0.0
2023-08-22 13:30:00,INDEX:NDFI,35.64,35.64,31.68,33.66,0.0
2023-08-23 13:30:00,INDEX:NDFI,33.66,42.57,33.66,40.59,0.0
2023-08-24 13:30:00,INDEX:NDFI,40.59,44.55,29.7,29.7,0.0
2023-08-25 13:30:00,INDEX:NDFI,29.7,38.61,25.74,37.62,0.0
2023-08-28 13:30:00,INDEX:NDFI,37.62,40.59,37.62,38.61,0.0
2023-08-29 13:30:00,INDEX:NDFI,38.61,47.52,38.61,47.52,0.0
2023-08-30 13:30:00,INDEX:NDFI,47.52,54.45,47.52,52.47,0.0
2023-08-31 13:30:00,INDEX:NDFI,52.47,55.44,50.49,50.49,0.0
2023-09-01 13:30:00,INDEX:NDFI,50.49,51.48,48.51,50.49,0.0
2023-09-05 13:30:00,INDEX:NDFI,50.49,55.44,47.52,52.47,0.0
2023-09-06 13:30:00,INDEX:NDFI,52.47,52.47,46.53,48.51,0.0
2023-09-07 13:30:00,INDEX:NDFI,44.55,48.51,44.55,46.53,0.0
2023-09-08 13:30:00,INDEX:NDFI,46.53,51.48,45.54,47.52,0.0
2023-09-11 13:30:00,INDEX:NDFI,47.52,50.49,45.54,49.5,0.0
2023-09-12 13:30:00,INDEX:NDFI,49.5,52.47,45.54,46.53,0.0
2023-09-13 13:30:00,INDEX:NDFI,46.53,51.48,44.55,47.52,0.0
2023-09-14 13:30:00,INDEX:NDFI,48.51,54.45,46.53,51.48,0.0
2023-09-15 13:30:00,INDEX:NDFI,51.48,51.48,40.59,42.57,0.0
2023-09-18 13:30:00,INDEX:NDFI,42.57,46.53,41.58,45.54,0.0
2023-09-19 13:30:00,INDEX:NDFI,45.54,45.54,35.64,40.59,0.0
2023-09-20 13:30:00,INDEX:NDFI,40.59,46.53,32.67,32.67,0.0
2023-09-21 13:30:00,INDEX:NDFI,32.67,32.67,19.8,19.8,0.0
2023-09-22 13:30:00,INDEX:NDFI,19.8,28.71,17.82,17.82,0.0
2023-09-25 13:30:00,INDEX:NDFI,17.82,22.77,14.85,22.77,0.0
2023-09-26 13:30:00,INDEX:NDFI,18.81,18.81,11.88,12.87,0.0
2023-09-27 13:30:00,INDEX:NDFI,12.87,17.82,12.87,14.85,0.0
2023-09-28 13:30:00,INDEX:NDFI,14.85,26.73,14.85,25.74,0.0
2023-09-29 13:30:00,INDEX:NDFI,25.74,33.66,17.82,20.79,0.0
2023-10-02 13:30:00,INDEX:NDFI,20.79,25.74,17.82,22.77,0.0
2023-10-03 13:30:00,INDEX:NDFI,22.77,22.77,9.9,11.88,0.0
2023-10-04 13:30:00,INDEX:NDFI,11.88,23.76,11.88,22.77,0.0
2023-10-05 13:30:00,INDEX:NDFI,22.77,22.77,16.83,21.78,0.0
2023-10-06 13:30:00,INDEX:NDFI,21.78,37.62,16.83,34.65,0.0
2023-10-09 13:30:00,INDEX:NDFI,34.65,41.58,29.7,40.59,0.0
2023-10-10 13:30:00,INDEX:NDFI,40.59,50.49,40.59,42.57,0.0
2023-10-11 13:30:00,INDEX:NDFI,42.57,51.48,42.57,51.48,0.0
2023-10-12 13:30:00,INDEX:NDFI,51.48,54.45,41.58,48.51,0.0
2023-10-13 13:30:00,INDEX:NDFI,48.51,48.51,38.61,39.6,0.0
2023-10-16 13:30:00,INDEX:NDFI,39.6,50.49,39.6,49.5,0.0
2023-10-17 13:30:00,INDEX:NDFI,49.5,55.44,42.57,48.51,0.0
2023-10-18 13:30:00,INDEX:NDFI,48.51,48.51,37.62,37.62,0.0
2023-10-19 13:30:00,INDEX:NDFI,37.62,41.58,27.72,30.69,0.0
2023-10-20 13:30:00,INDEX:NDFI,30.69,30.69,23.76,23.76,0.0
2023-10-23 13:30:00,INDEX:NDFI,23.76,29.7,23.76,24.75,0.0
2023-10-24 13:30:00,INDEX:NDFI,24.75,30.69,23.76,27.72,0.0
2023-10-25 13:30:00,INDEX:NDFI,27.72,27.72,18.81,18.81,0.0
2023-10-26 13:30:00,INDEX:NDFI,18.81,19.8,14.85,14.85,0.0
2023-10-27 13:30:00,INDEX:NDFI,14.85,16.83,11.88,12.87,0.0
2023-10-30 13:30:00,INDEX:NDFI,12.87,20.79,12.87,16.83,0.0
2023-10-31 13:30:00,INDEX:NDFI,16.83,22.77,15.84,22.77,0.0
2023-11-01 13:30:00,INDEX:NDFI,22.77,33.66,22.77,32.67,0.0
2023-11-02 13:30:00,INDEX:NDFI,32.67,46.53,32.67,45.54,0.0
2023-11-03 13:30:00,INDEX:NDFI,48.51,52.47,45.54,50.49,0.0
2023-11-06 14:30:00,INDEX:NDFI,50.49,51.48,49.5,50.49,0.0
2023-11-07 14:30:00,INDEX:NDFI,50.49,55.44,50.49,53.46,0.0
2023-11-08 14:30:00,INDEX:NDFI,53.46,53.46,48.51,51.48,0.0
2023-11-09 14:30:00,INDEX:NDFI,51.48,53.46,46.53,47.52,0.0
2023-11-10 14:30:00,INDEX:NDFI,47.52,58.41,47.52,57.42,0.0
2023-11-13 14:30:00,INDEX:NDFI,57.42,59.4,53.46,55.44,0.0
2023-11-14 14:30:00,INDEX:NDFI,55.44,73.26,55.44,72.27,0.0
2023-11-15 14:30:00,INDEX:NDFI,76.23,76.23,71.28,72.27,0.0
2023-11-16 14:30:00,INDEX:NDFI,70.29,70.29,65.34,65.34,0.0
2023-11-17 14:30:00,INDEX:NDFI,65.34,68.31,65.34,67.32,0.0
2023-11-20 14:30:00,INDEX:NDFI,67.32,73.26,67.32,73.26,0.0
2023-11-21 14:30:00,INDEX:NDFI,73.26,74.25,70.29,73.26,0.0
2023-11-22 14:30:00,INDEX:NDFI,74.25,76.23,71.28,72.27,0.0
2023-11-24 14:30:00,INDEX:NDFI,72.27,74.25,72.27,73.26,0.0
2023-11-27 14:30:00,INDEX:NDFI,73.26,76.23,70.29,73.26,0.0
2023-11-28 14:30:00,INDEX:NDFI,73.26,77.22,71.28,75.24,0.0
2023-11-29 14:30:00,INDEX:NDFI,76.23,76.23,72.27,72.27,0.0
2023-11-30 14:30:00,INDEX:NDFI,72.27,73.26,69.3,71.28,0.0
2023-12-01 14:30:00,INDEX:NDFI,71.28,77.22,71.28,77.22,0.0
2023-12-04 14:30:00,INDEX:NDFI,75.24,76.23,72.27,75.24,0.0
2023-12-05 14:30:00,INDEX:NDFI,75.24,75.24,70.29,72.27,0.0
2023-12-06 14:30:00,INDEX:NDFI,72.27,74.25,69.3,69.3,0.0
2023-12-07 14:30:00,INDEX:NDFI,73.26,77.22,73.26,76.23,0.0
2023-12-08 14:30:00,INDEX:NDFI,73.26,77.22,73.26,77.22,0.0
2023-12-11 14:30:00,INDEX:NDFI,77.22,85.14,77.22,85.14,0.0
2023-12-12 14:30:00,INDEX:NDFI,85.14,85.14,81.18,84.15,0.0
2023-12-13 14:30:00,INDEX:NDFI,84.15,90.09,83.16,90.09,0.0
2023-12-14 14:30:00,INDEX:NDFI,90.09,91.08,87.12,88.11,0.0
2023-12-15 14:30:00,INDEX:NDFI,88.11,90.09,88.11,90.09,0.0
2023-12-18 14:30:00,INDEX:NDFI,90.09,95.04,90.09,92.0,0.0
2023-12-19 14:30:00,INDEX:NDFI,92.0,95.0,92.0,93.0,0.0
2023-12-20 14:30:00,INDEX:NDFI,93.0,96.0,89.0,89.0,0.0
2023-12-21 14:30:00,INDEX:NDFI,90.0,91.0,88.0,91.0,0.0
2023-12-22 14:30:00,INDEX:NDFI,91.0,94.0,90.0,92.0,0.0
2023-12-26 14:30:00,INDEX:NDFI,92.0,94.0,92.0,93.0,0.0
2023-12-27 14:30:00,INDEX:NDFI,93.0,94.0,92.0,92.0,0.0
2023-12-28 14:30:00,INDEX:NDFI,92.0,94.0,91.0,92.0,0.0
2023-12-29 14:30:00,INDEX:NDFI,92.0,93.06,90.0,92.0,0.0
2024-01-02 14:30:00,INDEX:NDFI,93.06,93.06,86.13,87.12,0.0
2024-01-03 14:30:00,INDEX:NDFI,87.12,87.12,84.15,85.14,0.0
2024-01-04 14:30:00,INDEX:NDFI,85.14,86.13,81.18,81.18,0.0
2024-01-05 14:30:00,INDEX:NDFI,83.16,83.16,77.22,79.2,0.0
2024-01-08 14:30:00,INDEX:NDFI,78.21,84.15,78.21,84.15,0.0
2024-01-09 14:30:00,INDEX:NDFI,84.15,84.15,78.21,80.19,0.0
2024-01-10 14:30:00,INDEX:NDFI,80.19,80.19,75.24,78.21,0.0
2024-01-11 14:30:00,INDEX:NDFI,80.19,80.19,75.24,79.2,0.0
2024-01-12 14:30:00,INDEX:NDFI,81.18,81.18,76.23,81.18,0.0
2024-01-16 14:30:00,INDEX:NDFI,81.18,81.18,73.26,78.21,0.0
2024-01-17 14:30:00,INDEX:NDFI,66.33,72.27,66.33,72.27,0.0
2024-01-18 14:30:00,INDEX:NDFI,72.27,77.22,71.28,77.22,0.0
2024-01-19 14:30:00,INDEX:NDFI,77.22,82.17,76.23,82.17,0.0
2024-01-22 14:30:00,INDEX:NDFI,82.17,86.13,82.17,83.16,0.0
2024-01-23 14:30:00,INDEX:NDFI,83.16,84.15,82.17,84.15,0.0
2024-01-24 14:30:00,INDEX:NDFI,84.15,84.15,79.2,79.2,0.0
2024-01-25 14:30:00,INDEX:NDFI,79.2,85.14,79.2,83.16,0.0
2024-01-26 14:30:00,INDEX:NDFI,83.16,83.16,76.23,76.23,0.0
2024-01-29 14:30:00,INDEX:NDFI,76.23,84.15,74.25,84.15,0.0
2024-01-30 14:30:00,INDEX:NDFI,84.15,84.15,74.25,78.21,0.0
2024-01-31 14:30:00,INDEX:NDFI,78.21,78.21,70.29,70.29,0.0
2024-02-01 14:30:00,INDEX:NDFI,70.29,75.24,62.37,75.24,0.0
2024-02-02 14:30:00,INDEX:NDFI,75.24,75.24,60.39,69.3,0.0
2024-02-05 14:30:00,INDEX:NDFI,69.3,69.3,66.33,68.31,0.0
2024-02-06 14:30:00,INDEX:NDFI,68.31,73.26,67.32,73.26,0.0
2024-02-07 14:30:00,INDEX:NDFI,73.26,76.23,69.3,73.26,0.0
2024-02-08 14:30:00,INDEX:NDFI,73.26,73.26,67.32,71.28,0.0
2024-02-09 14:30:00,INDEX:NDFI,71.28,71.28,66.33,67.32,0.0
2024-02-12 14:30:00,INDEX:NDFI,67.32,69.3,65.34,67.32,0.0
2024-02-13 14:30:00,INDEX:NDFI,67.32,67.32,56.43,59.4,0.0
2024-02-14 14:30:00,INDEX:NDFI,59.4,63.36,59.4,63.36,0.0
2024-02-15 14:30:00,INDEX:NDFI,62.37,64.35,62.37,63.36,0.0
2024-02-16 14:30:00,INDEX:NDFI,63.36,63.36,59.4,59.4,0.0
2024-02-20 14:30:00,INDEX:NDFI,59.4,61.38,56.43,61.38,0.0
2024-02-21 14:30:00,INDEX:NDFI,61.38,62.37,54.45,62.37,0.0
2024-02-22 14:30:00,INDEX:NDFI,62.37,67.32,62.37,65.34,0.0
2024-02-23 14:30:00,INDEX:NDFI,68.31,68.31,64.35,64.35,0.0
2024-02-26 14:30:00,INDEX:NDFI,64.35,66.33,58.41,59.4,0.0
2024-02-27 14:30:00,INDEX:NDFI,59.4,63.36,59.4,61.38,0.0
2024-02-28 14:30:00,INDEX:NDFI,61.38,61.38,58.41,59.4,0.0
2024-02-29 14:30:00,INDEX:NDFI,59.4,65.34,57.42,62.37,0.0
2024-03-01 14:30:00,INDEX:NDFI,62.37,64.35,57.42,64.35,0.0
2024-03-04 14:30:00,INDEX:NDFI,64.35,64.35,61.38,63.36,0.0
2024-03-05 14:30:00,INDEX:NDFI,63.36,63.36,48.51,50.49,0.0
2024-03-06 14:30:00,INDEX:NDFI,50.49,58.41,50.49,54.45,0.0
2024-03-07 14:30:00,INDEX:NDFI,54.45,63.36,54.45,61.38,0.0
2024-03-08 14:30:00,INDEX:NDFI,61.38,61.38,57.42,58.41,0.0
2024-03-11 13:30:00,INDEX:NDFI,58.41,63.36,57.42,63.36,0.0
2024-03-12 13:30:00,INDEX:NDFI,63.36,63.36,58.41,61.38,0.0
2024-03-13 13:30:00,INDEX:NDFI,61.38,63.36,57.42,61.38,0.0
2024-03-14 13:30:00,INDEX:NDFI,56.43,59.4,54.45,58.41,0.0
2024-03-15 13:30:00,INDEX:NDFI,58.41,58.41,51.48,52.47,0.0
2024-03-18 13:30:00,INDEX:NDFI,52.47,57.42,52.47,53.46,0.0
2024-03-19 13:30:00,INDEX:NDFI,53.46,55.44,50.49,55.0,0.0
2024-03-20 13:30:00,INDEX:NDFI,55.0,61.0,54.0,61.0,0.0
2024-03-21 13:30:00,INDEX:NDFI,65.0,65.0,63.0,63.0,0.0
2024-03-22 13:30:00,INDEX:NDFI,63.0,63.0,58.0,60.0,0.0
2024-03-25 13:30:00,INDEX:NDFI,60.0,60.0,56.0,56.0,0.0
2024-03-26 13:30:00,INDEX:NDFI,56.0,57.0,55.0,55.0,0.0
2024-03-27 13:30:00,INDEX:NDFI,55.0,61.38,55.0,61.38,0.0
2024-03-28 13:30:00,INDEX:NDFI,61.38,69.3,61.38,67.32,0.0
2024-04-01 13:30:00,INDEX:NDFI,67.32,67.32,58.41,58.41,0.0
2024-04-02 13:30:00,INDEX:NDFI,58.41,58.41,49.5,53.46,0.0
2024-04-03 13:30:00,INDEX:NDFI,53.46,53.46,49.5,51.48,0.0
2024-04-04 13:30:00,INDEX:NDFI,51.48,56.43,46.53,46.53,0.0
2024-04-05 13:30:00,INDEX:NDFI,46.53,53.46,46.53,51.48,0.0
2024-04-08 13:30:00,INDEX:NDFI,51.48,52.47,50.49,50.49,0.0
2024-04-09 13:30:00,INDEX:NDFI,50.49,53.46,48.51,52.47,0.0
2024-04-10 13:30:00,INDEX:NDFI,52.47,52.47,44.55,46.53,0.0
2024-04-11 13:30:00,INDEX:NDFI,46.53,53.46,44.55,50.49,0.0
2024-04-12 13:30:00,INDEX:NDFI,41.58,41.58,34.65,34.65,0.0
2024-04-15 13:30:00,INDEX:NDFI,34.65,39.6,25.74,27.72,0.0
2024-04-16 13:30:00,INDEX:NDFI,27.72,34.65,26.73,29.7,0.0
2024-04-17 13:30:00,INDEX:NDFI,29.7,29.7,20.79,22.77,0.0
2024-04-18 13:30:00,INDEX:NDFI,22.77,23.76,20.79,21.78,0.0
2024-04-19 13:30:00,INDEX:NDFI,21.78,21.78,15.84,17.82,0.0
2024-04-22 13:30:00,INDEX:NDFI,17.82,21.78,16.83,18.81,0.0
2024-04-23 13:30:00,INDEX:NDFI,19.8,27.72,19.8,24.75,0.0
2024-04-24 13:30:00,INDEX:NDFI,24.75,31.68,24.75,30.69,0.0
2024-04-25 13:30:00,INDEX:NDFI,27.72,29.7,22.77,27.72,0.0
2024-04-26 13:30:00,INDEX:NDFI,31.68,37.62,31.68,37.62,0.0
2024-04-29 13:30:00,INDEX:NDFI,37.62,41.58,37.62,41.58,0.0
2024-04-30 13:30:00,INDEX:NDFI,41.58,41.58,30.69,30.69,0.0
2024-05-01 13:30:00,INDEX:NDFI,30.69,38.61,27.72,30.69,0.0
2024-05-02 13:30:00,INDEX:NDFI,30.69,34.65,28.71,34.65,0.0
2024-05-03 13:30:00,INDEX:NDFI,40.59,40.59,37.62,38.61,0.0
2024-05-06 13:30:00,INDEX:NDFI,38.61,43.56,38.61,43.56,0.0
2024-05-07 13:30:00,INDEX:NDFI,43.56,49.5,42.57,45.54,0.0
2024-05-08 13:30:00,INDEX:NDFI,45.54,46.53,42.57,42.57,0.0
2024-05-09 13:30:00,INDEX:NDFI,42.57,47.52,40.59,45.54,0.0
2024-05-10 13:30:00,INDEX:NDFI,45.54,50.49,45.54,45.54,0.0
2024-05-13 13:30:00,INDEX:NDFI,45.54,52.47,45.54,48.51,0.0
2024-05-14 13:30:00,INDEX:NDFI,48.51,53.46,45.54,51.48,0.0
2024-05-15 13:30:00,INDEX:NDFI,54.45,55.44,52.47,55.44,0.0
2024-05-16 13:30:00,INDEX:NDFI,55.44,56.43,53.46,55.44,0.0
2024-05-17 13:30:00,INDEX:NDFI,55.44,56.43,54.45,54.45,0.0
2024-05-20 13:30:00,INDEX:NDFI,54.45,58.41,54.45,58.41,0.0
2024-05-21 13:30:00,INDEX:NDFI,58.41,58.41,54.45,56.43,0.0
2024-05-22 13:30:00,INDEX:NDFI,56.43,57.42,54.45,55.44,0.0
2024-05-23 13:30:00,INDEX:NDFI,56.43,59.4,50.49,51.48,0.0
2024-05-24 13:30:00,INDEX:NDFI,51.48,56.43,51.48,53.46,0.0
2024-05-28 13:30:00,INDEX:NDFI,53.46,53.46,45.54,47.52,0.0
2024-05-29 13:30:00,INDEX:NDFI,47.52,47.52,44.55,44.55,0.0
2024-05-30 13:30:00,INDEX:NDFI,44.55,47.52,44.55,45.54,0.0
2024-05-31 13:30:00,INDEX:NDFI,47.52,47.52,39.6,47.52,0.0
2024-06-03 13:30:00,INDEX:NDFI,47.52,47.52,40.59,44.55,0.0
2024-06-04 13:30:00,INDEX:NDFI,44.55,49.5,41.58,45.54,0.0
2024-06-05 13:30:00,INDEX:NDFI,45.54,51.48,45.54,51.48,0.0
2024-06-06 13:30:00,INDEX:NDFI,55.44,58.41,54.45,55.44,0.0
2024-06-07 13:30:00,INDEX:NDFI,55.44,57.42,55.44,55.44,0.0
2024-06-10 13:30:00,INDEX:NDFI,55.44,55.44,53.46,54.45,0.0
2024-06-11 13:30:00,INDEX:NDFI,54.45,55.44,52.47,55.44,0.0
2024-06-12 13:30:00,INDEX:NDFI,58.41,58.41,54.45,56.43,0.0
2024-06-13 13:30:00,INDEX:NDFI,56.43,58.41,51.48,56.43,0.0
2024-06-14 13:30:00,INDEX:NDFI,56.43,56.43,50.49,54.45,0.0
2024-06-17 13:30:00,INDEX:NDFI,54.45,59.4,50.49,59.4,0.0
2024-06-18 13:30:00,INDEX:NDFI,56.43,59.4,55.44,58.41,0.0
2024-06-20 13:30:00,INDEX:NDFI,58.41,63.36,58.41,61.38,0.0
2024-06-21 13:30:00,INDEX:NDFI,61.38,66.33,61.38,65.34,0.0
2024-06-24 13:30:00,INDEX:NDFI,65.34,67.32,61.38,64.35,0.0
2024-06-25 13:30:00,INDEX:NDFI,64.35,64.35,61.38,63.36,0.0
2024-06-26 13:30:00,INDEX:NDFI,63.36,63.36,57.42,57.42,0.0
2024-06-27 13:30:00,INDEX:NDFI,57.42,61.38,57.42,60.39,0.0
2024-06-28 13:30:00,INDEX:NDFI,60.39,64.35,60.39,60.39,0.0
2024-07-01 13:30:00,INDEX:NDFI,60.39,61.38,52.47,57.84,0.0
2024-07-02 13:30:00,INDEX:NDFI,57.84,63.72,56.86,63.72,0.0
2024-07-03 13:30:00,INDEX:NDFI,63.72,66.66,63.72,66.66,0.0
2024-07-05 13:30:00,INDEX:NDFI,66.66,66.66,60.78,64.7,0.0
2024-07-08 13:30:00,INDEX:NDFI,64.7,65.68,63.72,64.7,0.0
2024-07-09 13:30:00,INDEX:NDFI,64.7,64.7,61.76,62.74,0.0
2024-07-10 13:30:00,INDEX:NDFI,62.74,65.68,61.76,65.68,0.0
2024-07-11 13:30:00,INDEX:NDFI,65.68,70.58,65.68,66.66,0.0
2024-07-12 13:30:00,INDEX:NDFI,66.66,76.47,66.66,72.54,0.0
2024-07-15 13:30:00,INDEX:NDFI,73.52,74.5,69.6,70.58,0.0
2024-07-16 13:30:00,INDEX:NDFI,70.58,75.49,70.58,74.5,0.0
2024-07-17 13:30:00,INDEX:NDFI,74.5,74.5,61.76,62.74,0.0
2024-07-18 13:30:00,INDEX:NDFI,62.74,66.66,54.9,54.9,0.0
2024-07-19 13:30:00,INDEX:NDFI,54.9,57.84,51.96,53.92,0.0
2024-07-22 13:30:00,INDEX:NDFI,53.92,64.7,53.92,62.74,0.0
2024-07-23 13:30:00,INDEX:NDFI,62.74,62.74,56.86,57.84,0.0
2024-07-24 13:30:00,INDEX:NDFI,57.84,57.84,35.29,36.27,0.0
2024-07-25 13:30:00,INDEX:NDFI,39.21,47.05,39.21,39.21,0.0
2024-07-26 13:30:00,INDEX:NDFI,39.21,48.03,39.21,43.13,0.0
2024-07-29 13:30:00,INDEX:NDFI,43.13,47.05,43.13,44.11,0.0
2024-07-30 13:30:00,INDEX:NDFI,44.11,47.05,43.13,44.11,0.0
2024-07-31 13:30:00,INDEX:NDFI,44.11,52.47,44.11,50.49,0.0
2024-08-01 13:30:00,INDEX:NDFI,50.49,51.48,39.6,42.57,0.0
2024-08-02 13:30:00,INDEX:NDFI,42.57,42.57,34.65,37.62,0.0
2024-08-05 13:30:00,INDEX:NDFI,37.62,37.62,28.71,29.7,0.0
2024-08-06 13:30:00,INDEX:NDFI,29.7,34.65,29.7,31.68,0.0
2024-08-07 13:30:00,INDEX:NDFI,35.64,38.61,28.71,28.71,0.0
2024-08-08 13:30:00,INDEX:NDFI,35.64,37.62,34.65,35.64,0.0
2024-08-09 13:30:00,INDEX:NDFI,35.64,42.57,35.64,40.59,0.0
2024-08-12 13:30:00,INDEX:NDFI,40.59,42.57,38.61,39.6,0.0
2024-08-13 13:30:00,INDEX:NDFI,39.6,46.53,39.6,45.54,0.0
2024-08-14 13:30:00,INDEX:NDFI,45.54,47.52,42.57,44.55,0.0
2024-08-15 13:30:00,INDEX:NDFI,53.46,57.42,53.46,57.42,0.0
2024-08-16 13:30:00,INDEX:NDFI,57.42,57.42,55.44,56.43,0.0
2024-08-19 13:30:00,INDEX:NDFI,56.43,60.39,56.43,60.39,0.0
2024-08-20 13:30:00,INDEX:NDFI,60.39,61.38,56.43,60.39,0.0
2024-08-21 13:30:00,INDEX:NDFI,60.39,64.35,60.39,64.35,0.0
2024-08-22 13:30:00,INDEX:NDFI,62.37,62.37,56.43,56.43,0.0
2024-08-23 13:30:00,INDEX:NDFI,56.43,66.33,56.43,63.36,0.0
2024-08-26 13:30:00,INDEX:NDFI,63.36,65.34,55.44,56.43,0.0
2024-08-27 13:30:00,INDEX:NDFI,56.43,61.38,54.45,57.42,0.0
2024-08-28 13:30:00,INDEX:NDFI,57.42,61.38,54.45,58.41,0.0
2024-08-29 13:30:00,INDEX:NDFI,58.41,67.32,58.41,59.4,0.0
2024-08-30 13:30:00,INDEX:NDFI,59.4,67.32,56.43,64.35,0.0
2024-09-03 13:30:00,INDEX:NDFI,54.45,55.44,53.46,53.46,0.0
2024-09-04 13:30:00,INDEX:NDFI,49.5,50.49,48.51,48.51,0.0
2024-09-05 13:30:00,INDEX:NDFI,49.5,49.5,46.53,47.52,0.0
2024-09-06 13:30:00,INDEX:NDFI,48.51,48.51,37.62,38.61,0.0
2024-09-09 13:30:00,INDEX:NDFI,44.55,49.5,42.57,46.53,0.0
2024-09-10 13:30:00,INDEX:NDFI,45.54,46.53,43.56,46.53,0.0
2024-09-11 13:30:00,INDEX:NDFI,42.57,52.47,37.62,52.47,0.0
2024-09-12 13:30:00,INDEX:NDFI,47.52,56.43,47.52,55.44,0.0
2024-09-13 13:30:00,INDEX:NDFI,61.38,64.35,58.41,60.39,0.0
2024-09-16 13:30:00,INDEX:NDFI,60.39,62.37,55.44,59.4,0.0
2024-09-17 13:30:00,INDEX:NDFI,62.37,68.31,56.43,59.4,0.0
2024-09-18 13:30:00,INDEX:NDFI,59.4,66.33,54.45,55.44,0.0
2024-09-19 13:30:00,INDEX:NDFI,73.26,75.24,70.29,72.27,0.0
2024-09-20 13:30:00,INDEX:NDFI,68.31,68.31,62.37,64.35,0.0
2024-09-23 13:30:00,INDEX:NDFI,66.33,68.31,64.35,66.33,0.0
2024-09-24 13:30:00,INDEX:NDFI,67.32,70.29,67.32,69.3,0.0
2024-09-25 13:30:00,INDEX:NDFI,67.32,69.3,64.35,66.33,0.0
2024-09-26 13:30:00,INDEX:NDFI,73.26,74.25,67.32,73.26,0.0
2024-09-27 13:30:00,INDEX:NDFI,77.22,79.2,77.22,78.21,0.0
2024-09-30 13:30:00,INDEX:NDFI,77.22,78.21,71.28,76.23,0.0
2024-10-01 13:30:00,INDEX:NDFI,64.35,67.32,61.38,65.34,0.0
2024-10-02 13:30:00,INDEX:NDFI,62.37,69.3,62.37,65.34,0.0
2024-10-03 13:30:00,INDEX:NDFI,57.42,63.36,57.42,63.36,0.0
2024-10-04 13:30:00,INDEX:NDFI,65.34,68.31,60.39,66.33,0.0
2024-10-07 13:30:00,INDEX:NDFI,57.42,63.36,50.49,53.46,0.0
2024-10-08 13:30:00,INDEX:NDFI,57.42,65.34,57.42,65.34,0.0
2024-10-09 13:30:00,INDEX:NDFI,67.32,73.26,65.34,69.3,0.0
2024-10-10 13:30:00,INDEX:NDFI,65.34,70.29,65.34,70.29,0.0
2024-10-11 13:30:00,INDEX:NDFI,69.3,77.22,67.32,75.24,0.0
2024-10-14 13:30:00,INDEX:NDFI,75.24,82.17,75.24,81.18,0.0
2024-10-15 13:30:00,INDEX:NDFI,80.19,82.17,69.3,69.3,0.0
2024-10-16 13:30:00,INDEX:NDFI,69.3,70.29,67.32,68.31,0.0
2024-10-17 13:30:00,INDEX:NDFI,67.32,67.32,62.37,64.35,0.0
2024-10-18 13:30:00,INDEX:NDFI,69.3,71.28,68.31,71.28,0.0
2024-10-21 13:30:00,INDEX:NDFI,67.32,67.32,61.38,64.35,0.0
2024-10-22 13:30:00,INDEX:NDFI,61.38,64.35,58.41,62.37,0.0
2024-10-23 13:30:00,INDEX:NDFI,56.43,59.4,54.45,55.44,0.0
2024-10-24 13:30:00,INDEX:NDFI,58.41,59.4,55.44,58.41,0.0
2024-10-25 13:30:00,INDEX:NDFI,62.37,66.33,62.37,62.37,0.0
2024-10-28 13:30:00,INDEX:NDFI,61.38,64.35,60.39,60.39,0.0
2024-10-29 13:30:00,INDEX:NDFI,63.36,68.31,62.37,62.37,0.0
2024-10-30 13:30:00,INDEX:NDFI,61.38,64.35,59.4,61.38,0.0
2024-10-31 13:30:00,INDEX:NDFI,59.4,59.4,50.49,51.48,0.0
2024-11-01 13:30:00,INDEX:NDFI,52.47,59.4,52.47,55.44,0.0
2024-11-04 14:30:00,INDEX:NDFI,52.47,57.42,51.48,52.47,0.0
2024-11-05 14:30:00,INDEX:NDFI,54.45,56.43,53.46,55.44,0.0
2024-11-06 14:30:00,INDEX:NDFI,65.34,67.32,64.35,67.32,0.0
2024-11-07 14:30:00,INDEX:NDFI,70.29,73.26,69.3,73.26,0.0
2024-11-08 14:30:00,INDEX:NDFI,71.28,71.28,68.31,71.28,0.0
2024-11-11 14:30:00,INDEX:NDFI,67.32,67.32,62.37,62.37,0.0
2024-11-12 14:30:00,INDEX:NDFI,64.35,64.35,63.36,64.35,0.0
2024-11-13 14:30:00,INDEX:NDFI,63.36,66.33,63.36,64.35,0.0
2024-11-14 14:30:00,INDEX:NDFI,66.33,67.32,65.34,65.34,0.0
2024-11-15 14:30:00,INDEX:NDFI,58.41,58.41,53.46,54.45,0.0
2024-11-18 14:30:00,INDEX:NDFI,54.45,58.41,54.45,58.41,0.0
2024-11-19 14:30:00,INDEX:NDFI,53.46,56.43,53.46,54.45,0.0
2024-11-20 14:30:00,INDEX:NDFI,56.43,57.42,54.45,57.42,0.0
2024-11-21 14:30:00,INDEX:NDFI,57.42,63.36,54.45,63.36,0.0
2024-11-22 14:30:00,INDEX:NDFI,60.39,62.37,59.4,61.38,0.0
2024-11-25 14:30:00,INDEX:NDFI,66.33,68.31,64.35,67.32,0.0
2024-11-26 14:30:00,INDEX:NDFI,68.31,68.31,68.31,68.31,0.0
2024-11-27 14:30:00,INDEX:NDFI,64.35,66.33,64.35,66.33,0.0
2024-11-29 14:30:00,INDEX:NDFI,62.37,68.31,62.37,66.33,0.0
2024-12-02 14:30:00,INDEX:NDFI,66.33,70.29,66.33,68.31,0.0
2024-12-03 14:30:00,INDEX:NDFI,65.34,66.33,64.35,65.34,0.0
2024-12-04 14:30:00,INDEX:NDFI,65.34,66.33,64.35,65.34,0.0
2024-12-05 14:30:00,INDEX:NDFI,67.32,67.32,59.4,61.38,0.0
2024-12-06 14:30:00,INDEX:NDFI,63.36,63.36,60.39,61.38,0.0
2024-12-09 14:30:00,INDEX:NDFI,61.38,64.35,60.39,61.38,0.0
2024-12-10 14:30:00,INDEX:NDFI,60.39,60.39,57.42,57.42,0.0
2024-12-11 14:30:00,INDEX:NDFI,60.39,61.38,59.4,60.39,0.0
2024-12-12 14:30:00,INDEX:NDFI,57.42,58.41,54.45,54.45,0.0
2024-12-13 14:30:00,INDEX:NDFI,53.46,53.46,50.49,52.47,0.0
2024-12-16 14:30:00,INDEX:NDFI,53.46,55.44,50.49,51.48,0.0
2024-12-17 14:30:00,INDEX:NDFI,50.49,50.49,48.51,49.5,0.0
2024-12-18 14:30:00,INDEX:NDFI,49.5,49.5,35.64,35.64,0.0
2024-12-19 14:30:00,INDEX:NDFI,39.6,39.6,33.66,33.66,0.0
2024-12-20 14:30:00,INDEX:NDFI,30.69,41.58,30.69,33.66,0.0
2024-12-23 14:30:00,INDEX:NDFI,33.66,36.63,33.66,36.63,0.0
2024-12-24 14:30:00,INDEX:NDFI,36.63,40.59,36.63,40.59,0.0
2024-12-26 14:30:00,INDEX:NDFI,39.6,40.59,39.6,40.59,0.0
2024-12-27 14:30:00,INDEX:NDFI,38.61,38.61,31.68,36.63,0.0
2024-12-30 14:30:00,INDEX:NDFI,28.71,31.68,24.75,30.69,0.0
2024-12-31 14:30:00,INDEX:NDFI,29.7,30.69,22.77,24.75,0.0
2025-01-02 14:30:00,INDEX:NDFI,27.72,29.7,20.79,27.72,0.0
2025-01-03 14:30:00,INDEX:NDFI,27.72,34.65,27.72,34.65,0.0
2025-01-06 14:30:00,INDEX:NDFI,39.6,45.54,35.64,36.63,0.0
2025-01-07 14:30:00,INDEX:NDFI,42.57,42.57,33.66,33.66,0.0
2025-01-08 14:30:00,INDEX:NDFI,33.66,36.63,31.68,35.64,0.0
2025-01-10 14:30:00,INDEX:NDFI,25.74,26.73,22.77,24.75,0.0
2025-01-13 14:30:00,INDEX:NDFI,16.83,20.79,16.83,19.8,0.0
2025-01-14 14:30:00,INDEX:NDFI,23.76,25.74,19.8,22.77,0.0
2025-01-15 14:30:00,INDEX:NDFI,37.62,38.61,31.68,34.65,0.0
2025-01-16 14:30:00,INDEX:NDFI,32.67,38.61,32.67,34.65,0.0
2025-01-17 14:30:00,INDEX:NDFI,39.6,44.55,39.6,41.58,0.0
2025-01-21 14:30:00,INDEX:NDFI,48.51,52.47,45.54,47.52,0.0
2025-01-22 14:30:00,INDEX:NDFI,51.48,54.45,50.49,51.48,0.0
2025-01-23 14:30:00,INDEX:NDFI,48.51,53.46,46.53,53.46,0.0
2025-01-24 14:30:00,INDEX:NDFI,52.47,55.44,49.5,51.48,0.0
2025-01-27 14:30:00,INDEX:NDFI,47.52,51.48,45.54,50.49,0.0
2025-01-28 14:30:00,INDEX:NDFI,48.51,56.43,48.51,54.45,0.0
2025-01-29 14:30:00,INDEX:NDFI,52.47,58.41,49.5,57.42,0.0
2025-01-30 14:30:00,INDEX:NDFI,62.37,62.37,58.41,60.39,0.0
2025-01-31 14:30:00,INDEX:NDFI,62.37,63.36,55.44,57.42,0.0
2025-02-03 14:30:00,INDEX:NDFI,50.49,57.42,50.49,56.43,0.0
2025-02-04 14:30:00,INDEX:NDFI,53.46,53.46,52.47,53.46,0.0
2025-02-05 14:30:00,INDEX:NDFI,54.45,57.42,54.45,56.43,0.0
2025-02-06 14:30:00,INDEX:NDFI,61.38,62.37,57.42,60.39,0.0
2025-02-07 14:30:00,INDEX:NDFI,65.34,65.34,56.43,57.42,0.0
2025-02-10 14:30:00,INDEX:NDFI,58.41,58.41,56.43,58.41,0.0
2025-02-11 14:30:00,INDEX:NDFI,56.43,60.39,56.43,60.39,0.0
2025-02-12 14:30:00,INDEX:NDFI,56.43,60.39,56.43,60.39,0.0
2025-02-13 14:30:00,INDEX:NDFI,61.38,66.33,61.38,66.33,0.0
2025-02-14 14:30:00,INDEX:NDFI,66.33,66.33,64.35,65.34,0.0
2025-02-18 14:30:00,INDEX:NDFI,63.36,70.29,63.36,70.29,0.0
2025-02-19 14:30:00,INDEX:NDFI,68.31,70.29,68.31,68.31,0.0
2025-02-20 14:30:00,INDEX:NDFI,71.28,71.28,67.32,69.3,0.0
2025-02-21 14:30:00,INDEX:NDFI,65.34,68.31,62.37,62.37,0.0
2025-02-24 14:30:00,INDEX:NDFI,59.4,65.34,59.4,60.39,0.0
2025-02-25 14:30:00,INDEX:NDFI,58.41,58.41,51.48,53.46,0.0
2025-02-26 14:30:00,INDEX:NDFI,61.38,62.37,56.43,56.43,0.0
2025-02-27 14:30:00,INDEX:NDFI,60.39,60.39,46.53,46.53,0.0
2025-02-28 14:30:00,INDEX:NDFI,49.5,54.45,44.55,54.45,0.0
2025-03-03 14:30:00,INDEX:NDFI,58.41,60.39,44.55,46.53,0.0
2025-03-04 14:30:00,INDEX:NDFI,40.59,45.54,38.61,43.56,0.0
2025-03-05 14:30:00,INDEX:NDFI,41.58,51.48,40.59,51.48,0.0
2025-03-06 14:30:00,INDEX:NDFI,43.56,45.54,36.63,40.59,0.0
2025-03-07 14:30:00,INDEX:NDFI,42.57,46.53,37.62,46.53,0.0
2025-03-10 13:30:00,INDEX:NDFI,37.62,38.61,32.67,33.66,0.0
2025-03-11 13:30:00,INDEX:NDFI,31.68,32.67,27.72,27.72,0.0
2025-03-12 13:30:00,INDEX:NDFI,26.73,26.73,21.78,26.73,0.0
2025-03-13 13:30:00,INDEX:NDFI,23.76,26.73,21.78,22.77,0.0
2025-03-14 13:30:00,INDEX:NDFI,23.76,25.74,23.76,25.74,0.0
2025-03-17 13:30:00,INDEX:NDFI,29.7,36.63,27.72,32.67,0.0
2025-03-18 13:30:00,INDEX:NDFI,30.69,30.69,25.74,27.72,0.0
2025-03-19 13:30:00,INDEX:NDFI,30.69,35.64,29.7,32.67,0.0
2025-03-20 13:30:00,INDEX:NDFI,30.69,33.66,28.71,29.7,0.0
2025-03-21 13:30:00,INDEX:NDFI,26.73,29.7,24.75,28.71,0.0
2025-03-24 13:30:00,INDEX:NDFI,34.65,37.62,32.67,34.65,0.0
2025-03-25 13:30:00,INDEX:NDFI,36.63,36.63,32.67,33.66,0.0
2025-03-26 13:30:00,INDEX:NDFI,37.62,37.62,34.65,35.64,0.0
2025-03-27 13:30:00,INDEX:NDFI,35.64,38.61,35.64,36.63,0.0
2025-03-28 13:30:00,INDEX:NDFI,35.64,35.64,29.7,29.7,0.0
2025-03-31 13:30:00,INDEX:NDFI,27.72,32.67,27.72,31.68,0.0
2025-04-01 13:30:00,INDEX:NDFI,28.71,31.68,28.71,31.68,0.0
2025-04-02 13:30:00,INDEX:NDFI,28.71,33.66,28.71,33.66,0.0
2025-04-03 13:30:00,INDEX:NDFI,29.7,29.7,26.73,27.72,0.0
2025-04-04 13:30:00,INDEX:NDFI,18.81,18.81,8.91,8.91,0.0
2025-04-07 13:30:00,INDEX:NDFI,6.93,6.93,3.96,4.95,0.0
2025-04-08 13:30:00,INDEX:NDFI,6.93,7.92,3.96,3.96,0.0
2025-04-09 13:30:00,INDEX:NDFI,3.96,16.83,1.98,14.85,0.0
2025-04-10 13:30:00,INDEX:NDFI,11.88,13.86,8.91,10.89,0.0
2025-04-11 13:30:00,INDEX:NDFI,10.89,18.81,10.89,15.84,0.0
2025-04-14 13:30:00,INDEX:NDFI,22.77,28.71,19.8,22.77,0.0
2025-04-15 13:30:00,INDEX:NDFI,28.71,28.71,24.75,26.73,0.0
2025-04-16 13:30:00,INDEX:NDFI,24.75,25.74,14.85,18.81,0.0
2025-04-17 13:30:00,INDEX:NDFI,21.78,25.74,19.8,22.77,0.0
2025-04-21 13:30:00,INDEX:NDFI,19.8,20.79,11.88,14.85,0.0
2025-04-22 13:30:00,INDEX:NDFI,18.81,24.75,17.82,22.77,0.0
2025-04-23 13:30:00,INDEX:NDFI,31.68,31.68,25.74,27.72,0.0
2025-04-24 13:30:00,INDEX:NDFI,26.73,29.7,26.73,29.7,0.0
2025-04-25 13:30:00,INDEX:NDFI,31.68,35.64,28.71,34.65,0.0
2025-04-28 13:30:00,INDEX:NDFI,36.63,36.63,30.69,35.64,0.0
2025-04-29 13:30:00,INDEX:NDFI,35.64,43.56,35.64,40.59,0.0
2025-04-30 13:30:00,INDEX:NDFI,35.64,44.55,35.64,44.55,0.0
2025-05-01 13:30:00,INDEX:NDFI,47.52,50.49,42.57,42.57,0.0
2025-05-02 13:30:00,INDEX:NDFI,59.4,65.34,58.41,63.36,0.0
2025-05-05 13:30:00,INDEX:NDFI,61.38,63.36,61.38,61.38,0.0
2025-05-06 13:30:00,INDEX:NDFI,58.41,59.4,54.45,57.42,0.0
2025-05-07 13:30:00,INDEX:NDFI,60.39,60.39,54.45,58.41,0.0
2025-05-08 13:30:00,INDEX:NDFI,63.36,67.32,59.4,59.4,0.0
2025-05-09 13:30:00,INDEX:NDFI,64.35,65.34,61.38,64.35,0.0
2025-05-12 13:30:00,INDEX:NDFI,80.19,80.19,75.24,78.21,0.0
2025-05-13 13:30:00,INDEX:NDFI,78.21,80.19,77.22,77.22,0.0
2025-05-14 13:30:00,INDEX:NDFI,78.21,78.21,76.23,76.23,0.0
2025-05-15 13:30:00,INDEX:NDFI,76.23,82.17,76.23,82.17,0.0
2025-05-16 13:30:00,INDEX:NDFI,81.18,82.17,80.19,82.17,0.0
2025-05-19 13:30:00,INDEX:NDFI,79.2,83.16,79.2,81.18,0.0
2025-05-20 13:30:00,INDEX:NDFI,79.2,84.15,79.2,81.18,0.0
2025-05-21 13:30:00,INDEX:NDFI,80.19,83.16,78.21,79.2,0.0
2025-05-22 13:30:00,INDEX:NDFI,77.22,77.22,76.23,76.23,0.0
2025-05-23 13:30:00,INDEX:NDFI,70.29,75.24,70.29,70.29,0.0
2025-05-27 13:30:00,INDEX:NDFI,78.21,81.18,77.22,79.2,0.0
2025-05-28 13:30:00,INDEX:NDFI,81.18,81.18,77.22,78.21,0.0
2025-05-29 13:30:00,INDEX:NDFI,77.22,77.22,75.24,76.23,0.0
2025-05-30 13:30:00,INDEX:NDFI,72.27,79.2,69.3,78.21,0.0
2025-06-02 13:30:00,INDEX:NDFI,76.23,78.21,73.26,75.24,0.0
2025-06-03 13:30:00,INDEX:NDFI,77.22,82.17,75.24,82.17,0.0
2025-06-04 13:30:00,INDEX:NDFI,83.16,84.15,80.19,81.18,0.0
2025-06-05 13:30:00,INDEX:NDFI,80.19,84.15,79.2,79.2,0.0
2025-06-06 13:30:00,INDEX:NDFI,85.14,86.13,83.16,85.14,0.0
2025-06-09 13:30:00,INDEX:NDFI,83.16,86.13,83.16,85.14,0.0
2025-06-10 13:30:00,INDEX:NDFI,84.15,87.12,84.15,85.14,0.0
2025-06-11 13:30:00,INDEX:NDFI,84.15,85.14,82.17,83.16,0.0
2025-06-12 13:30:00,INDEX:NDFI,83.16,83.16,82.17,83.16,0.0
2025-06-13 13:30:00,INDEX:NDFI,83.16,83.16,76.23,77.22,0.0
2025-06-16 13:30:00,INDEX:NDFI,80.19,83.16,78.21,81.18,0.0
2025-06-17 13:30:00,INDEX:NDFI,79.2,80.19,74.25,74.25,0.0
2025-06-18 13:30:00,INDEX:NDFI,75.24,75.24,68.31,70.29,0.0
2025-06-20 13:30:00,INDEX:NDFI,74.25,74.25,65.34,68.31,0.0
2025-06-23 13:30:00,INDEX:NDFI,65.34,74.25,60.39,74.25,0.0
2025-06-24 13:30:00,INDEX:NDFI,74.25,80.19,72.27,80.19,0.0
2025-06-25 13:30:00,INDEX:NDFI,76.23,76.23,71.28,73.26,0.0
2025-06-26 13:30:00,INDEX:NDFI,73.26,77.22,73.26,75.24,0.0
2025-06-27 13:30:00,INDEX:NDFI,74.25,78.21,73.26,73.26,0.0
2025-06-30 13:30:00,INDEX:NDFI,75.24,78.21,73.26,77.22,0.0
2025-07-01 13:30:00,INDEX:NDFI,79.2,83.16,77.22,80.19,0.0
2025-07-02 13:30:00,INDEX:NDFI,77.22,79.2,75.24,77.22,0.0
2025-07-03 13:30:00,INDEX:NDFI,79.2,84.15,79.2,83.16,0.0
2025-07-07 13:30:00,INDEX:NDFI,80.19,82.17,77.22,79.2,0.0
2025-07-08 13:30:00,INDEX:NDFI,80.19,80.19,77.22,78.21,0.0
2025-07-09 13:30:00,INDEX:NDFI,77.22,80.19,77.22,80.19,0.0
2025-07-10 13:30:00,INDEX:NDFI,74.25,76.23,73.26,73.26,0.0
2025-07-11 13:30:00,INDEX:NDFI,71.28,71.28,66.33,69.3,0.0
2025-07-14 13:30:00,INDEX:NDFI,69.3,74.25,69.3,72.27,0.0
2025-07-15 13:30:00,INDEX:NDFI,73.26,73.26,64.35,64.35,0.0
2025-07-16 13:30:00,INDEX:NDFI,63.36,66.33,57.42,65.34,0.0
2025-07-17 13:30:00,INDEX:NDFI,62.37,70.29,62.37,67.32,0.0
2025-07-18 13:30:00,INDEX:NDFI,69.3,69.3,65.34,69.3,0.0
2025-07-21 13:30:00,INDEX:NDFI,67.32,72.27,67.32,70.0,0.0
2025-07-22 13:30:00,INDEX:NDFI,71.0,75.0,71.0,72.0,0.0
2025-07-23 13:30:00,INDEX:NDFI,72.0,75.0,71.0,74.0,0.0
2025-07-24 13:30:00,INDEX:NDFI,72.0,74.0,72.0,73.0,0.0
2025-07-25 13:30:00,INDEX:NDFI,71.0,71.0,71.0,71.0,0.0
2025-07-28 13:30:00,INDEX:NDFI,71.0,73.0,70.0,71.0,0.0
2025-07-29 13:30:00,INDEX:NDFI,69.0,71.0,65.0,66.0,0.0
2025-07-30 13:30:00,INDEX:NDFI,66.0,69.0,62.0,63.0,0.0
2025-07-31 13:30:00,INDEX:NDFI,62.0,62.0,51.0,52.0,0.0
2025-08-01 13:30:00,INDEX:NDFI,45.0,49.5,45.0,49.5,0.0
2025-08-04 13:30:00,INDEX:NDFI,48.51,50.49,48.51,50.49,0.0
2025-08-05 13:30:00,INDEX:NDFI,50.49,51.48,48.51,48.51,0.0
2025-08-06 13:30:00,INDEX:NDFI,46.53,48.51,46.53,47.52,0.0
2025-08-07 13:30:00,INDEX:NDFI,50.49,50.49,45.54,47.52,0.0
2025-08-08 13:30:00,INDEX:NDFI,50.49,50.49,47.52,50.49,0.0
2025-08-11 13:30:00,INDEX:NDFI,50.49,50.49,47.52,48.51,0.0
2025-08-12 13:30:00,INDEX:NDFI,49.5,52.47,48.51,51.48,0.0
2025-08-13 13:30:00,INDEX:NDFI,54.45,56.43,52.47,56.43,0.0
2025-08-14 13:30:00,INDEX:NDFI,55.44,56.43,52.47,52.47,0.0
2025-08-15 13:30:00,INDEX:NDFI,51.48,52.47,48.51,48.51,0.0
2025-08-18 13:30:00,INDEX:NDFI,48.51,52.47,48.51,49.5,0.0
2025-08-19 13:30:00,INDEX:NDFI,47.52,50.49,46.53,49.5,0.0
2025-08-20 13:30:00,INDEX:NDFI,45.54,48.51,42.57,48.51,0.0
2025-08-21 13:30:00,INDEX:NDFI,45.54,49.5,41.58,43.56,0.0
2025-08-22 13:30:00,INDEX:NDFI,54.45,58.41,54.45,55.44,0.0
2025-08-25 13:30:00,INDEX:NDFI,50.49,51.48,47.52,47.52,0.0
2025-08-26 13:30:00,INDEX:NDFI,48.51,50.49,46.53,47.52,0.0
2025-08-27 13:30:00,INDEX:NDFI,47.52,51.48,47.52,51.48,0.0
2025-08-28 13:30:00,INDEX:NDFI,54.45,57.42,52.47,55.44,0.0
2025-08-29 13:30:00,INDEX:NDFI,51.48,51.48,45.54,48.51,0.0
2025-09-02 13:30:00,INDEX:NDFI,39.6,40.59,34.65,40.59,0.0
2025-09-03 13:30:00,INDEX:NDFI,40.59,42.57,35.64,38.61,0.0
2025-09-04 13:30:00,INDEX:NDFI,35.64,43.56,33.66,43.56,0.0
2025-09-05 13:30:00,INDEX:NDFI,44.55,46.53,40.59,46.53,0.0
2025-09-08 13:30:00,INDEX:NDFI,42.57,45.54,39.6,43.56,0.0
2025-09-09 13:30:00,INDEX:NDFI,40.59,44.55,40.59,43.56,0.0
2025-09-10 13:30:00,INDEX:NDFI,42.57,45.54,38.61,41.58,0.0
2025-09-11 13:30:00,INDEX:NDFI,47.52,47.52,43.56,45.54,0.0
2025-09-12 13:30:00,INDEX:NDFI,46.53,46.53,43.56,43.56,0.0
2025-09-15 13:30:00,INDEX:NDFI,43.56,48.51,43.56,44.55,0.0
2025-09-16 13:30:00,INDEX:NDFI,42.57,43.56,38.61,40.59,0.0
2025-09-17 13:30:00,INDEX:NDFI,48.51,48.51,41.58,43.56,0.0
2025-09-18 13:30:00,INDEX:NDFI,47.52,52.47,46.53,48.51,0.0
2025-09-19 13:30:00,INDEX:NDFI,47.52,51.48,45.54,51.48,0.0
2025-09-22 13:30:00,INDEX:NDFI,46.53,49.5,44.55,48.51,0.0
2025-09-23 13:30:00,INDEX:NDFI,48.51,50.49,45.54,49.5,0.0
2025-09-24 13:30:00,INDEX:NDFI,49.5,49.5,43.56,44.55,0.0
2025-09-25 13:30:00,INDEX:NDFI,41.58,42.57,37.62,40.59,0.0
2025-09-26 13:30:00,INDEX:NDFI,47.52,47.52,39.6,47.52,0.0
2025-09-29 13:30:00,INDEX:NDFI,47.52,50.49,46.53,49.5,0.0
2025-09-30 13:30:00,INDEX:NDFI,49.5,49.5,45.54,48.51,0.0
2025-10-01 13:30:00,INDEX:NDFI,51.48,51.48,47.52,51.48,0.0
2025-10-02 13:30:00,INDEX:NDFI,53.46,55.44,51.48,55.44,0.0
2025-10-03 13:30:00,INDEX:NDFI,57.42,57.42,53.46,53.46,0.0
2025-10-06 13:30:00,INDEX:NDFI,56.43,58.41,54.45,57.42,0.0
2025-10-07 13:30:00,INDEX:NDFI,54.45,55.44,52.47,52.47,0.0
2025-10-08 13:30:00,INDEX:NDFI,53.46,57.42,52.47,55.44,0.0
2025-10-09 13:30:00,INDEX:NDFI,55.44,55.44,51.48,54.45,0.0
2025-10-10 13:30:00,INDEX:NDFI,54.45,55.44,41.58,41.58,0.0
2025-10-13 13:30:00,INDEX:NDFI,45.54,48.51,43.56,46.53,0.0
2025-10-14 13:30:00,INDEX:NDFI,45.54,55.44,45.54,49.5,0.0
2025-10-15 13:30:00,INDEX:NDFI,53.46,56.43,45.54,51.48,0.0
2025-10-16 13:30:00,INDEX:NDFI,55.44,55.44,44.55,45.54,0.0
2025-10-17 13:30:00,INDEX:NDFI,46.53,53.46,46.53,52.47,0.0
2025-10-20 13:30:00,INDEX:NDFI,57.42,59.4,55.44,59.4,0.0
2025-10-21 13:30:00,INDEX:NDFI,58.41,65.34,57.42,64.35,0.0
2025-10-22 13:30:00,INDEX:NDFI,58.41,65.34,55.44,58.41,0.0
2025-10-23 13:30:00,INDEX:NDFI,59.4,62.37,57.42,60.39,0.0
2025-10-24 13:30:00,INDEX:NDFI,64.35,66.33,63.36,63.36,0.0
2025-10-27 13:30:00,INDEX:NDFI,70.29,70.29,69.3,70.29,0.0
2025-10-28 13:30:00,INDEX:NDFI,68.31,68.31,63.36,64.35,0.0
2025-10-29 13:30:00,INDEX:NDFI,59.4,62.37,56.43,57.42,0.0
2025-10-30 13:30:00,INDEX:NDFI,57.42,61.38,53.46,53.46,0.0
2025-10-31 13:30:00,INDEX:NDFI,56.43,58.41,54.45,55.88,0.0
2025-11-03 14:30:00,INDEX:NDFI,53.92,55.88,51.96,54.9,0.0
2025-11-04 14:30:00,INDEX:NDFI,51.96,52.94,49.01,51.96,0.0
2025-11-05 14:30:00,INDEX:NDFI,49.01,54.9,47.05,49.01,0.0
2025-11-06 14:30:00,INDEX:NDFI,50.0,50.0,46.07,46.07,0.0
2025-11-07 14:30:00,INDEX:NDFI,43.13,48.03,41.17,48.03,0.0
2025-11-10 14:30:00,INDEX:NDFI,50.98,50.98,48.03,50.0,0.0
2025-11-11 14:30:00,INDEX:NDFI,50.0,50.0,47.05,47.05,0.0
2025-11-12 14:30:00,INDEX:NDFI,50.0,51.96,49.01,50.0,0.0
2025-11-13 14:30:00,INDEX:NDFI,45.09,46.07,41.17,43.13,0.0
2025-11-14 14:30:00,INDEX:NDFI,38.23,44.11,38.23,42.15,0.0
2025-11-17 14:30:00,INDEX:NDFI,42.15,42.15,35.29,36.27,0.0
2025-11-18 14:30:00,INDEX:NDFI,34.31,35.29,33.33,34.31,0.0
2025-11-19 14:30:00,INDEX:NDFI,33.33,39.21,33.33,35.29,0.0
2025-11-20 14:30:00,INDEX:NDFI,36.27,38.23,28.43,28.43,0.0
2025-11-21 14:30:00,INDEX:NDFI,28.43,35.29,28.43,30.39,0.0
2025-11-24 14:30:00,INDEX:NDFI,29.41,38.23,29.41,35.29,0.0
2025-11-25 14:30:00,INDEX:NDFI,34.65,42.57,34.65,40.59,0.0
2025-11-26 14:30:00,INDEX:NDFI,44.55,46.53,44.55,44.55,0.0
2025-11-28 14:30:00,INDEX:NDFI,45.54,47.52,45.54,46.53,0.0
2025-12-01 14:30:00,INDEX:NDFI,43.56,47.52,42.57,43.56,0.0
2025-12-02 14:30:00,INDEX:NDFI,48.51,51.48,43.56,50.49,0.0
2025-12-03 14:30:00,INDEX:NDFI,53.46,56.43,50.49,54.45,0.0
2025-12-04 14:30:00,INDEX:NDFI,54.45,55.44,51.48,55.44,0.0
2025-12-05 14:30:00,INDEX:NDFI,57.42,60.39,57.42,57.42,0.0
2025-12-08 14:30:00,INDEX:NDFI,55.44,55.44,49.5,49.5,0.0
2025-12-09 14:30:00,INDEX:NDFI,52.47,53.46,50.49,50.49,0.0
2025-12-10 14:30:00,INDEX:NDFI,51.48,57.42,50.49,56.43,0.0
2025-12-11 14:30:00,INDEX:NDFI,57.42,58.41,56.43,58.41,0.0
2025-12-12 14:30:00,INDEX:NDFI,58.41,58.41,49.5,51.48,0.0
2025-12-15 14:30:00,INDEX:NDFI,53.46,53.46,51.48,52.47,0.0
2025-12-16 14:30:00,INDEX:NDFI,52.47,54.45,52.47,54.45,0.0
2025-12-17 14:30:00,INDEX:NDFI,54.45,55.44,51.48,52.47,0.0
2025-12-18 14:30:00,INDEX:NDFI,52.47,57.42,52.47,53.46,0.0
2025-12-19 14:30:00,INDEX:NDFI,56.43,58.41,55.44,55.44,0.0
2025-12-22 14:30:00,INDEX:NDFI,59.4,59.4,54.45,56.43,0.0
2025-12-23 14:30:00,INDEX:NDFI,56.43,57.42,54.45,56.43,0.0
2025-12-24 14:30:00,INDEX:NDFI,54.45,56.43,54.45,56.43,0.0
2025-12-26 14:30:00,INDEX:NDFI,55.44,57.42,55.44,57.42,0.0
2025-12-29 14:30:00,INDEX:NDFI,60.39,60.39,57.42,58.41,0.0
2025-12-30 14:30:00,INDEX:NDFI,58.41,58.41,56.43,56.43,0.0
2025-12-31 14:30:00,INDEX:NDFI,54.45,54.45,47.52,47.52,0.0
2026-01-02 14:30:00,INDEX:NDFI,52.47,52.47,41.58,41.58,0.0
2026-01-05 14:30:00,INDEX:NDFI,48.51,53.46,47.52,50.0,0.0
2026-01-06 14:30:00,INDEX:NDFI,51.96,55.88,51.96,55.88,0.0
2026-01-07 14:30:00,INDEX:NDFI,51.96,56.86,51.96,53.92,0.0
2026-01-08 14:30:00,INDEX:NDFI,53.92,57.84,51.96,56.86,0.0
2026-01-09 14:30:00,INDEX:NDFI,53.92,58.82,53.92,56.86,0.0
2026-01-12 14:30:00,INDEX:NDFI,55.88,56.86,53.92,54.9,0.0
2026-01-13 14:30:00,INDEX:NDFI,53.92,54.9,50.0,53.92,0.0
2026-01-14 14:30:00,INDEX:NDFI,51.96,54.9,49.01,53.92,0.0
2026-01-15 14:30:00,INDEX:NDFI,56.86,57.84,54.9,55.88,0.0
2026-01-16 14:30:00,INDEX:NDFI,50.98,54.9,50.98,51.96,0.0
2026-01-20 14:30:00,INDEX:NDFI,45.09,47.05,44.11,45.09,0.0
2026-01-21 14:30:00,INDEX:NDFI,49.01,52.94,47.05,50.98,0.0
2026-01-22 14:30:00,INDEX:NDFI,50.98,56.86,50.98,55.88,0.0
2026-01-23 14:30:00,INDEX:NDFI,52.94,55.88,52.94,54.9,0.0
2026-01-26 14:30:00,INDEX:NDFI,58.82,58.82,55.44,57.42,0.0
2026-01-27 14:30:00,INDEX:NDFI,58.41,60.39,58.41,59.4,0.0
2026-01-28 14:30:00,INDEX:NDFI,60.39,62.37,56.43,56.43,0.0
2026-01-29 14:30:00,INDEX:NDFI,55.44,55.44,54.45,54.45,0.0
2026-01-30 14:30:00,INDEX:NDFI,53.46,54.45,51.48,54.45,0.0
2026-02-02 14:30:00,INDEX:NDFI,55.44,55.44,52.47,53.46,0.0
2026-02-03 14:30:00,INDEX:NDFI,49.5,51.48,46.53,49.5,0.0
2026-02-04 14:30:00,INDEX:NDFI,50.49,53.46,49.5,51.48,0.0
2026-02-05 14:30:00,INDEX:NDFI,51.48,51.48,45.54,48.51,0.0
2026-02-06 14:30:00,INDEX:NDFI,50.49,52.47,47.52,51.48,0.0
2026-02-09 14:30:00,INDEX:NDFI,49.5,52.47,46.53,52.47,0.0
2026-02-10 14:30:00,INDEX:NDFI,50.49,51.48,49.5,49.5,0.0
2026-02-11 14:30:00,INDEX:NDFI,47.52,51.48,47.52,50.49,0.0
2026-02-12 14:30:00,INDEX:NDFI,50.49,50.49,47.52,48.51,0.0
2026-02-13 14:30:00,INDEX:NDFI,47.52,49.5,47.52,47.52,0.0
2026-02-17 14:30:00,INDEX:NDFI,48.51,48.51,46.53,47.52,0.0
2026-02-18 14:30:00,INDEX:NDFI,48.51,50.49,47.52,48.51,0.0
2026-02-19 14:30:00,INDEX:NDFI,48.51,49.5,46.53,49.5,0.0
2026-02-20 14:30:00,INDEX:NDFI,48.51,51.48,48.51,49.5,0.0
2026-02-23 14:30:00,INDEX:NDFI,50.49,50.49,47.52,48.51,0.0
2026-02-24 14:30:00,INDEX:NDFI,51.48,51.48,50.49,50.49,0.0
2026-02-25 14:30:00,INDEX:NDFI,51.48,52.47,51.48,52.47,0.0
2026-02-26 14:30:00,INDEX:NDFI,49.5,53.46,49.5,53.46,0.0
2026-02-27 14:30:00,INDEX:NDFI,49.5,51.48,49.5,51.48,0.0
2026-03-02 14:30:00,INDEX:NDFI,48.51,54.45,48.51,52.47,0.0
2026-03-03 14:30:00,INDEX:NDFI,46.53,50.49,45.54,45.54,0.0
2026-03-04 14:30:00,INDEX:NDFI,48.51,53.46,48.51,51.48,0.0
2026-03-05 14:30:00,INDEX:NDFI,46.53,49.5,40.59,43.56,0.0
2026-03-06 14:30:00,INDEX:NDFI,35.64,41.58,35.64,38.61,0.0
2026-03-09 13:30:00,INDEX:NDFI,34.65,46.53,34.65,45.54,0.0
2026-03-10 13:30:00,INDEX:NDFI,44.55,47.52,40.59,40.59,0.0
2026-03-11 13:30:00,INDEX:NDFI,42.57,42.57,39.6,41.58,0.0
2026-03-12 13:30:00,INDEX:NDFI,35.64,35.64,28.71,28.71,0.0
2026-03-13 13:30:00,INDEX:NDFI,34.65,34.65,27.72,28.71,0.0
2026-03-16 13:30:00,INDEX:NDFI,33.66,34.65,30.69,30.69,0.0
2026-03-17 13:30:00,INDEX:NDFI,39.6,41.58,35.64,35.64,0.0
2026-03-18 13:30:00,INDEX:NDFI,33.66,33.66,25.74,26.73,0.0
2026-03-19 13:30:00,INDEX:NDFI,22.77,25.74,20.79,25.74,0.0
2026-03-20 13:30:00,INDEX:NDFI,21.78,21.78,14.85,16.83,0.0
2026-03-23 13:30:00,INDEX:NDFI,22.77,26.73,20.79,20.79,0.0
2026-03-24 13:30:00,INDEX:NDFI,21.78,23.76,17.82,20.79,0.0
2026-03-25 13:30:00,INDEX:NDFI,25.74,29.7,23.76,26.73,0.0
2026-03-26 13:30:00,INDEX:NDFI,25.74,25.74,14.85,15.84,0.0
2026-03-27 13:30:00,INDEX:NDFI,13.86,15.84,13.86,14.85,0.0
2026-03-30 13:30:00,INDEX:NDFI,17.82,19.8,15.84,15.84,0.0
2026-03-31 13:30:00,INDEX:NDFI,15.84,20.79,15.84,20.79,0.0
2026-04-01 13:30:00,INDEX:NDFI,15.84,24.75,15.84,24.75,0.0
2026-04-02 13:30:00,INDEX:NDFI,22.77,28.71,22.77,27.72,0.0
2026-04-06 13:30:00,INDEX:NDFI,29.7,34.65,29.7,32.67,0.0
2026-04-07 13:30:00,INDEX:NDFI,27.72,30.69,26.73,30.69,0.0
2026-04-08 13:30:00,INDEX:NDFI,49.5,52.47,46.53,48.51,0.0
2026-04-09 13:30:00,INDEX:NDFI,47.52,49.5,43.56,48.51,0.0
2026-04-10 13:30:00,INDEX:NDFI,47.52,49.5,41.58,44.55,0.0
2026-04-13 13:30:00,INDEX:NDFI,42.57,46.53,41.58,46.53,0.0
2026-04-14 13:30:00,INDEX:NDFI,50.49,51.48,47.52,50.49,0.0
2026-04-15 13:30:00,INDEX:NDFI,55.44,56.43,53.46,53.46,0.0
2026-04-16 13:30:00,INDEX:NDFI,57.42,62.37,57.42,59.4,0.0
2026-04-17 13:30:00,INDEX:NDFI,60.39,64.35,59.4,62.37,0.0
2026-04-20 13:30:00,INDEX:NDFI,63.36,64.35,62.37,63.36,0.0
2026-04-21 13:30:00,INDEX:NDFI,62.37,63.36,61.38,62.37,0.0
2026-04-22 13:30:00,INDEX:NDFI,66.33,66.33,63.36,64.35,0.0
2026-04-23 13:30:00,INDEX:NDFI,63.36,65.34,60.39,62.37,0.0
2026-04-24 13:30:00,INDEX:NDFI,59.4,61.38,59.4,61.38,0.0
2026-04-27 13:30:00,INDEX:NDFI,61.38,62.37,57.42,57.42,0.0
2026-04-28 13:30:00,INDEX:NDFI,58.41,59.4,54.45,54.45,0.0
2026-04-29 13:30:00,INDEX:NDFI,52.47,55.44,51.48,55.44,0.0
2026-04-30 13:30:00,INDEX:NDFI,60.39,63.36,60.39,62.37,0.0
2026-05-01 13:30:00,INDEX:NDFI,64.35,66.33,63.36,65.34,0.0
2026-05-04 13:30:00,INDEX:NDFI,63.36,63.36,59.4,60.39,0.0
2026-05-05 13:30:00,INDEX:NDFI,58.41,60.39,57.42,59.4,0.0
2026-05-06 13:30:00,INDEX:NDFI,60.39,61.38,55.44,56.43,0.0
2026-05-07 13:30:00,INDEX:NDFI,59.4,64.35,57.42,59.4,0.0
2026-05-08 13:30:00,INDEX:NDFI,54.45,56.43,53.46,55.44,0.0
2026-05-11 13:30:00,INDEX:NDFI,55.44,55.44,51.48,53.46,0.0
2026-05-12 13:30:00,INDEX:NDFI,52.47,53.46,52.47,53.46,0.0
2026-05-13 13:30:00,INDEX:NDFI,51.48,53.46,50.49,51.48,0.0
2026-05-14 13:30:00,INDEX:NDFI,51.48,54.45,51.48,51.48,0.0
2026-05-15 13:30:00,INDEX:NDFI,50.49,51.48,50.49,51.48,0.0
2026-05-18 13:30:00,INDEX:NDFI,51.48,57.42,51.48,56.43,0.0
2026-05-19 13:30:00,INDEX:NDFI,56.43,59.4,55.44,55.44,0.0
2026-05-20 13:30:00,INDEX:NDFI,54.45,60.39,54.45,58.41,0.0
2026-05-21 13:30:00,INDEX:NDFI,56.43,60.39,56.43,59.4,0.0
2026-05-22 13:30:00,INDEX:NDFI,62.37,62.37,58.41,59.4,0.0
2026-05-26 13:30:00,INDEX:NDFI,59.4,59.4,55.44,55.44,0.0
2026-05-27 13:30:00,INDEX:NDFI,60.39,60.39,53.46,53.46,0.0
2026-05-28 13:30:00,INDEX:NDFI,57.42,61.38,57.42,61.38,0.0
2026-05-29 13:30:00,INDEX:NDFI,57.42,61.38,55.44,55.44,0.0
2026-06-01 13:30:00,INDEX:NDFI,56.43,66.33,55.44,65.34,0.0
2026-06-02 13:30:00,INDEX:NDFI,55.44,59.4,54.45,57.42,0.0
2026-06-03 13:30:00,INDEX:NDFI,57.42,58.41,55.44,57.42,0.0
2026-06-04 13:30:00,INDEX:NDFI,64.35,64.35,61.38,62.37,0.0
2026-06-05 13:30:00,INDEX:NDFI,59.4,60.39,50.49,50.49,0.0
2026-06-08 13:30:00,INDEX:NDFI,54.45,59.4,54.45,55.44,0.0
2026-06-09 13:30:00,INDEX:NDFI,57.42,57.42,48.51,51.48,0.0
2026-06-10 13:30:00,INDEX:NDFI,51.48,52.47,44.55,44.55,0.0
2026-06-11 13:30:00,INDEX:NDFI,46.53,48.51,46.53,47.52,0.0
2026-06-12 13:30:00,INDEX:NDFI,48.51,53.46,48.51,51.48,0.0
2026-06-15 13:30:00,INDEX:NDFI,60.39,62.37,59.4,59.4,0.0
2026-06-16 13:30:00,INDEX:NDFI,58.41,60.39,57.42,57.42,0.0
2026-06-17 13:30:00,INDEX:NDFI,57.42,57.42,43.56,46.53,0.0
2026-06-18 13:30:00,INDEX:NDFI,47.52,52.47,45.54,50.49,0.0
2026-06-22 13:30:00,INDEX:NDFI,48.51,49.5,45.54,46.53,0.0
2026-06-23 13:30:00,INDEX:NDFI,46.53,53.46,46.53,51.48,0.0
2026-06-24 13:30:00,INDEX:NDFI,54.45,57.42,52.47,56.43,0.0
2026-06-25 13:30:00,INDEX:NDFI,57.42,57.42,54.45,54.45,0.0
2026-06-26 13:30:00,INDEX:NDFI,53.46,54.45,49.5,49.5,0.0
2026-06-29 13:30:00,INDEX:NDFI,54.45,54.45,47.52,50.49,0.0
2026-06-30 13:30:00,INDEX:NDFI,49.5,51.48,49.5,51.48,0.0
2026-07-01 13:30:00,INDEX:NDFI,56.43,59.4,53.46,56.86,0.0
2026-07-02 13:30:00,INDEX:NDFI,57.84,60.78,52.94,55.88,0.0
2026-07-06 13:30:00,INDEX:NDFI,55.88,59.22,54.9,58.82,0.0
2026-07-07 13:30:00,INDEX:NDFI,55.33,57.28,52.42,53.39,0.0
2026-07-08 13:30:00,INDEX:NDFI,54.36,56.31,50.48,55.33,0.0
2026-07-09 13:30:00,INDEX:NDFI,56.31,58.25,56.31,57.28,0.0
2026-07-10 13:30:00,INDEX:NDFI,58.25,62.13,58.25,59.22,0.0
2026-07-13 13:30:00,INDEX:NDFI,53.39,55.33,51.45,52.42,0.0
2026-07-14 13:30:00,INDEX:NDFI,54.36,56.31,53.39,55.33,0.0
2026-07-15 13:30:00,INDEX:NDFI,52.42,52.42,48.54,50.48,0.0
2026-07-16 13:30:00,INDEX:NDFI,52.42,55.33,50.48,51.45,0.0
2026-07-17 13:30:00,INDEX:NDFI,51.45,51.45,43.68,43.68,0.0
2026-07-20 13:30:00,INDEX:NDFI,45.63,46.6,42.71,43.68,0.0
2026-07-21 13:30:00,INDEX:NDFI,43.68,44.66,41.74,43.68,0.0
2026-07-22 13:30:00,INDEX:NDFI,45.63,49.51,44.66,46.6,0.0
2026-07-23 13:30:00,INDEX:NDFI,39.8,42.71,38.83,39.8,0.0
2026-07-24 13:30:00,INDEX:NDFI,39.8,43.68,39.8,39.8,0.0
2026-07-27 13:30:00,INDEX:NDFI,46.6,49.51,46.6,48.54,0.0
2026-07-28 13:30:00,INDEX:NDFI,53.39,55.33,50.48,51.45,0.0
2026-07-29 13:30:00,INDEX:NDFI,51.45,52.42,47.57,49.51,0.0
2026-07-30 13:30:00,INDEX:NDFI,47.57,47.57,42.71,46.6,0.0
2026-07-31 13:30:00,INDEX:NDFI,44.66,49.51,44.66,47.57,0.0
2026-08-03 13:30:00,INDEX:NDFI,52.42,52.42,48.54,49.51,0.0
2026-08-04 13:30:00,INDEX:NDFI,55.33,62.13,54.36,60.19,0.0
2026-08-05 13:30:00,INDEX:NDFI,56.31,57.28,55.33,56.31,0.0
2026-08-06 13:30:00,INDEX:NDFI,52.94,53.92,50.98,51.96,0.0
2026-08-07 13:30:00,INDEX:NDFI,52.94,52.94,52.94,52.94,0.0
2026-08-10 13:30:00,INDEX:NDFI,54.9,56.86,50.98,56.86,0.0
2026-08-11 13:30:00,INDEX:NDFI,54.9,55.88,51.96,52.94,0.0
2026-08-12 13:30:00,INDEX:NDFI,56.86,57.84,55.88,56.86,0.0
2026-08-13 13:30:00,INDEX:NDFI,59.8,63.72,58.82,62.74,0.0
2026-08-14 13:30:00,INDEX:NDFI,65.68,65.68,60.78,64.7,0.0
2026-08-17 13:30:00,INDEX:NDFI,64.7,65.68,58.82,58.82,0.0
2026-08-18 13:30:00,INDEX:NDFI,61.76,62.74,59.8,59.8,0.0
2026-08-19 13:30:00,INDEX:NDFI,56.86,60.78,56.86,59.8,0.0
2026-08-20 13:30:00,INDEX:NDFI,54.9,56.86,48.03,51.96,0.0
2026-08-21 13:30:00,INDEX:NDFI,51.96,55.88,51.96,52.94,0.0
2026-08-24 13:30:00,INDEX:NDFI,51.96,52.94,50.98,50.98,0.0
2026-08-25 13:30:00,INDEX:NDFI,52.94,52.94,49.01,50.98,0.0
2026-08-26 13:30:00,INDEX:NDFI,50.0,52.94,50.0,50.0,0.0
2026-08-27 13:30:00,INDEX:NDFI,52.94,52.94,48.03,48.03,0.0
2026-08-28 13:30:00,INDEX:NDFI,49.01,50.0,48.03,49.01,0.0
2026-08-31 13:30:00,INDEX:NDFI,47.05,51.96,47.05,49.01,0.0
2026-09-01 13:30:00,INDEX:NDFI,48.03,50.0,45.09,45.09,0.0
2026-09-02 13:30:00,INDEX:NDFI,44.11,46.07,42.15,46.07,0.0
2026-09-03 13:30:00,INDEX:NDFI,47.05,49.01,43.13,48.03,0.0
2026-09-04 13:30:00,INDEX:NDFI,46.07,46.07,42.15,43.13,0.0
2026-09-08 13:30:00,INDEX:NDFI,46.07,48.03,42.15,47.05,0.0
2026-09-09 13:30:00,INDEX:NDFI,41.17,42.15,37.25,39.21,0.0
2026-09-10 13:30:00,INDEX:NDFI,35.29,39.21,35.29,37.25,0.0
2026-09-11 13:30:00,INDEX:NDFI,39.21,41.17,37.25,40.19,0.0
2026-09-14 13:30:00,INDEX:NDFI,34.31,41.17,34.31,39.21,0.0
2026-09-15 13:30:00,INDEX:NDFI,35.29,36.27,33.33,34.65,0.0
2026-09-16 13:30:00,INDEX:NDFI,33.66,35.64,29.7,32.67,0.0
2026-09-17 13:30:00,INDEX:NDFI,30.69,31.68,27.72,31.68,0.0
2026-09-18 13:30:00,INDEX:NDFI,30.69,32.67,28.71,32.67,0.0
2026-09-21 13:30:00,INDEX:NDFI,31.68,41.58,31.68,39.6,0.0
2026-09-22 13:30:00,INDEX:NDFI,43.56,46.53,42.57,46.53,0.0
2026-09-23 13:30:00,INDEX:NDFI,45.54,45.54,41.58,44.55,0.0
2026-09-24 13:30:00,INDEX:NDFI,41.58,44.55,39.6,42.57,0.0
2026-09-25 13:30:00,INDEX:NDFI,46.53,47.52,45.54,46.53,0.0
2026-09-28 13:30:00,INDEX:NDFI,43.56,47.52,43.56,46.53,0.0
2026-09-29 13:30:00,INDEX:NDFI,46.53,47.52,45.54,46.53,0.0
2026-09-30 13:30:00,INDEX:NDFI,49.5,49.5,47.52,47.52,0.0
2026-10-01 13:30:00,INDEX:NDFI,48.51,48.51,41.58,44.55,0.0
2026-10-02 13:30:00,INDEX:NDFI,42.57,43.56,42.57,43.56,0.0
