datetime,symbol,open,high,low,close,volume
2006-12-29 14:30:00,INDEX:NDTH,68.0,68.0,68.0,68.0,0.0
2007-01-02 14:30:00,INDEX:NDTH,68.0,68.0,68.0,68.0,0.0
2007-01-03 14:30:00,INDEX:NDTH,69.0,69.0,69.0,69.0,0.0
2007-01-04 14:30:00,INDEX:NDTH,74.0,74.0,74.0,74.0,0.0
2007-01-05 14:30:00,INDEX:NDTH,71.0,71.0,71.0,71.0,0.0
2007-01-08 14:30:00,INDEX:NDTH,71.0,71.0,71.0,71.0,0.0
2007-01-09 14:30:00,INDEX:NDTH,71.0,71.0,71.0,71.0,0.0
2007-01-10 14:30:00,INDEX:NDTH,73.0,73.0,73.0,73.0,0.0
2007-01-11 14:30:00,INDEX:NDTH,78.0,78.0,78.0,78.0,0.0
2007-01-12 14:30:00,INDEX:NDTH,78.0,78.0,78.0,78.0,0.0
2007-01-15 14:30:00,INDEX:NDTH,78.0,78.0,78.0,78.0,0.0
2007-01-16 14:30:00,INDEX:NDTH,76.0,76.0,76.0,76.0,0.0
2007-01-17 14:30:00,INDEX:NDTH,76.0,76.0,76.0,76.0,0.0
2007-01-18 14:30:00,INDEX:NDTH,74.0,74.0,74.0,74.0,0.0
2007-01-19 14:30:00,INDEX:NDTH,75.0,75.0,75.0,75.0,0.0
2007-01-22 14:30:00,INDEX:NDTH,74.0,74.0,74.0,74.0,0.0
2007-01-23 14:30:00,INDEX:NDTH,73.0,73.0,73.0,73.0,0.0
2007-01-24 14:30:00,INDEX:NDTH,78.0,78.0,78.0,78.0,0.0
2007-01-25 14:30:00,INDEX:NDTH,74.0,74.0,74.0,74.0,0.0
2007-01-26 14:30:00,INDEX:NDTH,74.0,74.0,74.0,74.0,0.0
2007-01-29 14:30:00,INDEX:NDTH,74.0,74.0,74.0,74.0,0.0
2007-01-30 14:30:00,INDEX:NDTH,75.0,75.0,75.0,75.0,0.0
2007-01-31 14:30:00,INDEX:NDTH,77.0,77.0,77.0,77.0,0.0
2007-02-01 14:30:00,INDEX:NDTH,77.0,77.0,77.0,77.0,0.0
2007-02-02 14:30:00,INDEX:NDTH,78.0,78.0,78.0,78.0,0.0
2007-02-05 14:30:00,INDEX:NDTH,78.0,78.0,78.0,78.0,0.0
2007-02-06 14:30:00,INDEX:NDTH,78.0,78.0,78.0,78.0,0.0
2007-02-07 14:30:00,INDEX:NDTH,81.0,81.0,81.0,81.0,0.0
2007-02-08 14:30:00,INDEX:NDTH,81.0,81.0,81.0,81.0,0.0
2007-02-09 14:30:00,INDEX:NDTH,78.0,78.0,78.0,78.0,0.0
2007-02-12 14:30:00,INDEX:NDTH,78.0,78.0,78.0,78.0,0.0
2007-02-13 14:30:00,INDEX:NDTH,80.0,80.0,80.0,80.0,0.0
2007-02-14 14:30:00,INDEX:NDTH,84.0,84.0,84.0,84.0,0.0
2007-02-15 14:30:00,INDEX:NDTH,84.0,84.0,84.0,84.0,0.0
2007-02-16 14:30:00,INDEX:NDTH,84.0,84.0,84.0,84.0,0.0
2007-02-19 14:30:00,INDEX:NDTH,84.0,84.0,84.0,84.0,0.0
2007-02-20 14:30:00,INDEX:NDTH,86.0,86.0,86.0,86.0,0.0
2007-02-21 14:30:00,INDEX:NDTH,86.0,86.0,86.0,86.0,0.0
2007-02-22 14:30:00,INDEX:NDTH,88.0,88.0,88.0,88.0,0.0
2007-02-23 14:30:00,INDEX:NDTH,89.0,89.0,89.0,89.0,0.0
2007-02-26 14:30:00,INDEX:NDTH,86.0,86.0,86.0,86.0,0.0
2007-02-27 14:30:00,INDEX:NDTH,81.0,81.0,81.0,81.0,0.0
2007-02-28 14:30:00,INDEX:NDTH,80.0,80.0,80.0,80.0,0.0
2007-03-01 14:30:00,INDEX:NDTH,78.0,78.0,78.0,78.0,0.0
2007-03-02 14:30:00,INDEX:NDTH,74.0,74.0,74.0,74.0,0.0
2007-03-05 14:30:00,INDEX:NDTH,72.0,72.0,72.0,72.0,0.0
2007-03-06 14:30:00,INDEX:NDTH,75.0,75.0,75.0,75.0,0.0
2007-03-07 14:30:00,INDEX:NDTH,73.0,73.0,73.0,73.0,0.0
2007-03-08 14:30:00,INDEX:NDTH,78.0,78.0,78.0,78.0,0.0
2007-03-09 14:30:00,INDEX:NDTH,77.0,77.0,77.0,77.0,0.0
2007-03-12 13:30:00,INDEX:NDTH,80.0,80.0,80.0,80.0,0.0
2007-03-13 13:30:00,INDEX:NDTH,69.0,69.0,69.0,69.0,0.0
2007-03-14 13:30:00,INDEX:NDTH,73.0,73.0,73.0,73.0,0.0
2007-03-15 13:30:00,INDEX:NDTH,72.0,72.0,72.0,72.0,0.0
2007-03-16 13:30:00,INDEX:NDTH,71.0,71.0,71.0,71.0,0.0
2007-03-19 13:30:00,INDEX:NDTH,75.0,75.0,75.0,75.0,0.0
2007-03-20 13:30:00,INDEX:NDTH,75.0,75.0,75.0,75.0,0.0
2007-03-21 13:30:00,INDEX:NDTH,79.0,79.0,79.0,79.0,0.0
2007-03-22 13:30:00,INDEX:NDTH,80.0,80.0,80.0,80.0,0.0
2007-03-23 13:30:00,INDEX:NDTH,80.0,80.0,80.0,80.0,0.0
2007-03-26 13:30:00,INDEX:NDTH,80.0,80.0,80.0,80.0,0.0
2007-03-27 13:30:00,INDEX:NDTH,83.0,83.0,83.0,83.0,0.0
2007-03-28 13:30:00,INDEX:NDTH,77.0,77.0,77.0,77.0,0.0
2007-03-29 13:30:00,INDEX:NDTH,75.0,75.0,75.0,75.0,0.0
2007-03-30 13:30:00,INDEX:NDTH,72.0,72.0,72.0,72.0,0.0
2007-04-02 13:30:00,INDEX:NDTH,72.0,72.0,72.0,72.0,0.0
2007-04-03 13:30:00,INDEX:NDTH,73.0,73.0,73.0,73.0,0.0
2007-04-04 13:30:00,INDEX:NDTH,74.0,74.0,74.0,74.0,0.0
2007-04-05 13:30:00,INDEX:NDTH,75.0,75.0,75.0,75.0,0.0
2007-04-06 13:30:00,INDEX:NDTH,75.0,75.0,75.0,75.0,0.0
2007-04-09 13:30:00,INDEX:NDTH,76.0,76.0,76.0,76.0,0.0
2007-04-10 13:30:00,INDEX:NDTH,77.0,77.0,77.0,77.0,0.0
2007-04-11 13:30:00,INDEX:NDTH,76.0,76.0,76.0,76.0,0.0
2007-04-12 13:30:00,INDEX:NDTH,78.0,78.0,78.0,78.0,0.0
2007-04-13 13:30:00,INDEX:NDTH,78.0,78.0,78.0,78.0,0.0
2007-04-16 13:30:00,INDEX:NDTH,80.0,80.0,80.0,80.0,0.0
2007-04-17 13:30:00,INDEX:NDTH,81.0,81.0,81.0,81.0,0.0
2007-04-18 13:30:00,INDEX:NDTH,81.0,81.0,81.0,81.0,0.0
2007-04-19 13:30:00,INDEX:NDTH,79.0,79.0,79.0,79.0,0.0
2007-04-20 13:30:00,INDEX:NDTH,80.0,80.0,80.0,80.0,0.0
2007-04-23 13:30:00,INDEX:NDTH,81.0,81.0,81.0,81.0,0.0
2007-04-24 13:30:00,INDEX:NDTH,81.0,81.0,81.0,81.0,0.0
2007-04-25 13:30:00,INDEX:NDTH,81.0,81.0,81.0,81.0,0.0
2007-04-26 13:30:00,INDEX:NDTH,82.0,82.0,82.0,82.0,0.0
2007-04-27 13:30:00,INDEX:NDTH,81.0,81.0,81.0,81.0,0.0
2007-04-30 13:30:00,INDEX:NDTH,79.0,79.0,79.0,79.0,0.0
2007-05-01 13:30:00,INDEX:NDTH,78.0,78.0,78.0,78.0,0.0
2007-05-02 13:30:00,INDEX:NDTH,79.0,79.0,79.0,79.0,0.0
2007-05-03 13:30:00,INDEX:NDTH,81.0,81.0,81.0,81.0,0.0
2007-05-04 13:30:00,INDEX:NDTH,82.0,82.0,82.0,82.0,0.0
2007-05-07 13:30:00,INDEX:NDTH,81.0,81.0,81.0,81.0,0.0
2007-05-08 13:30:00,INDEX:NDTH,82.0,82.0,82.0,82.0,0.0
2007-05-09 13:30:00,INDEX:NDTH,83.0,83.0,83.0,83.0,0.0
2007-05-10 13:30:00,INDEX:NDTH,76.0,76.0,76.0,76.0,0.0
2007-05-11 13:30:00,INDEX:NDTH,83.0,83.0,83.0,83.0,0.0
2007-05-14 13:30:00,INDEX:NDTH,78.0,78.0,78.0,78.0,0.0
2007-05-15 13:30:00,INDEX:NDTH,76.0,76.0,76.0,76.0,0.0
2007-05-16 13:30:00,INDEX:NDTH,79.0,79.0,79.0,79.0,0.0
2007-05-17 13:30:00,INDEX:NDTH,77.0,77.0,77.0,77.0,0.0
2007-05-18 13:30:00,INDEX:NDTH,78.0,78.0,78.0,78.0,0.0
2007-05-21 13:30:00,INDEX:NDTH,81.0,81.0,81.0,81.0,0.0
2007-05-22 13:30:00,INDEX:NDTH,81.0,81.0,81.0,81.0,0.0
2007-05-23 13:30:00,INDEX:NDTH,80.0,80.0,80.0,80.0,0.0
2007-05-24 13:30:00,INDEX:NDTH,74.0,74.0,74.0,74.0,0.0
2007-05-25 13:30:00,INDEX:NDTH,76.0,76.0,76.0,76.0,0.0
2007-05-28 13:30:00,INDEX:NDTH,76.0,76.0,76.0,76.0,0.0
2007-05-29 13:30:00,INDEX:NDTH,77.0,77.0,77.0,77.0,0.0
2007-05-30 13:30:00,INDEX:NDTH,77.0,77.0,77.0,77.0,0.0
2007-05-31 13:30:00,INDEX:NDTH,78.0,78.0,78.0,78.0,0.0
2007-06-01 13:30:00,INDEX:NDTH,79.0,79.0,79.0,79.0,0.0
2007-06-04 13:30:00,INDEX:NDTH,77.0,77.0,77.0,77.0,0.0
2007-06-05 13:30:00,INDEX:NDTH,76.0,76.0,76.0,76.0,0.0
2007-06-06 13:30:00,INDEX:NDTH,73.0,73.0,73.0,73.0,0.0
2007-06-07 13:30:00,INDEX:NDTH,71.0,71.0,71.0,71.0,0.0
2007-06-08 13:30:00,INDEX:NDTH,73.0,73.0,73.0,73.0,0.0
2007-06-11 13:30:00,INDEX:NDTH,74.0,74.0,74.0,74.0,0.0
2007-06-12 13:30:00,INDEX:NDTH,70.0,70.0,70.0,70.0,0.0
2007-06-13 13:30:00,INDEX:NDTH,75.0,75.0,75.0,75.0,0.0
2007-06-14 13:30:00,INDEX:NDTH,76.0,76.0,76.0,76.0,0.0
2007-06-15 13:30:00,INDEX:NDTH,77.0,77.0,77.0,77.0,0.0
2007-06-18 13:30:00,INDEX:NDTH,78.0,78.0,78.0,78.0,0.0
2007-06-19 13:30:00,INDEX:NDTH,73.0,73.0,73.0,73.0,0.0
2007-06-20 13:30:00,INDEX:NDTH,73.0,73.0,73.0,73.0,0.0
2007-06-21 13:30:00,INDEX:NDTH,73.0,73.0,73.0,73.0,0.0
2007-06-22 13:30:00,INDEX:NDTH,72.0,72.0,72.0,72.0,0.0
2007-06-25 13:30:00,INDEX:NDTH,71.0,71.0,71.0,71.0,0.0
2007-06-26 13:30:00,INDEX:NDTH,69.0,69.0,69.0,69.0,0.0
2007-06-27 13:30:00,INDEX:NDTH,71.0,71.0,71.0,71.0,0.0
2007-06-28 13:30:00,INDEX:NDTH,71.0,71.0,71.0,71.0,0.0
2007-06-29 13:30:00,INDEX:NDTH,69.0,69.0,69.0,69.0,0.0
2007-07-02 13:30:00,INDEX:NDTH,71.0,71.0,71.0,71.0,0.0
2007-07-03 13:30:00,INDEX:NDTH,71.0,71.0,71.0,71.0,0.0
2007-07-04 13:30:00,INDEX:NDTH,71.0,71.0,71.0,71.0,0.0
2007-07-05 13:30:00,INDEX:NDTH,71.0,71.0,71.0,71.0,0.0
2007-07-06 13:30:00,INDEX:NDTH,74.0,74.0,74.0,74.0,0.0
2007-07-09 13:30:00,INDEX:NDTH,74.0,74.0,74.0,74.0,0.0
2007-07-10 13:30:00,INDEX:NDTH,70.0,70.0,70.0,70.0,0.0
2007-07-11 13:30:00,INDEX:NDTH,75.0,75.0,75.0,75.0,0.0
2007-07-12 13:30:00,INDEX:NDTH,79.0,79.0,79.0,79.0,0.0
2007-07-13 13:30:00,INDEX:NDTH,80.0,80.0,80.0,80.0,0.0
2007-07-16 13:30:00,INDEX:NDTH,77.0,77.0,77.0,77.0,0.0
2007-07-17 13:30:00,INDEX:NDTH,78.0,78.0,78.0,78.0,0.0
2007-07-18 13:30:00,INDEX:NDTH,77.0,77.0,77.0,77.0,0.0
2007-07-19 13:30:00,INDEX:NDTH,80.0,80.0,80.0,80.0,0.0
2007-07-20 13:30:00,INDEX:NDTH,79.0,79.0,79.0,79.0,0.0
2007-07-23 13:30:00,INDEX:NDTH,80.0,80.0,80.0,80.0,0.0
2007-07-24 13:30:00,INDEX:NDTH,77.0,77.0,77.0,77.0,0.0
2007-07-25 13:30:00,INDEX:NDTH,75.0,75.0,75.0,75.0,0.0
2007-07-26 13:30:00,INDEX:NDTH,66.0,66.0,66.0,66.0,0.0
2007-07-27 13:30:00,INDEX:NDTH,62.0,62.0,62.0,62.0,0.0
2007-07-30 13:30:00,INDEX:NDTH,66.0,66.0,66.0,66.0,0.0
2007-07-31 13:30:00,INDEX:NDTH,61.0,61.0,61.0,61.0,0.0
2007-08-01 13:30:00,INDEX:NDTH,60.0,60.0,60.0,60.0,0.0
2007-08-02 13:30:00,INDEX:NDTH,66.0,66.0,66.0,66.0,0.0
2007-08-03 13:30:00,INDEX:NDTH,59.0,59.0,59.0,59.0,0.0
2007-08-06 13:30:00,INDEX:NDTH,63.0,63.0,63.0,63.0,0.0
2007-08-07 13:30:00,INDEX:NDTH,66.0,66.0,66.0,66.0,0.0
2007-08-08 13:30:00,INDEX:NDTH,67.0,67.0,67.0,67.0,0.0
2007-08-09 13:30:00,INDEX:NDTH,63.0,63.0,63.0,63.0,0.0
2007-08-10 13:30:00,INDEX:NDTH,64.0,64.0,64.0,64.0,0.0
2007-08-13 13:30:00,INDEX:NDTH,64.0,64.0,64.0,64.0,0.0
2007-08-14 13:30:00,INDEX:NDTH,60.0,60.0,60.0,60.0,0.0
2007-08-15 13:30:00,INDEX:NDTH,56.0,56.0,56.0,56.0,0.0
2007-08-16 13:30:00,INDEX:NDTH,51.0,51.0,51.0,51.0,0.0
2007-08-17 13:30:00,INDEX:NDTH,56.0,56.0,56.0,56.0,0.0
2007-08-20 13:30:00,INDEX:NDTH,57.0,57.0,57.0,57.0,0.0
2007-08-21 13:30:00,INDEX:NDTH,58.0,58.0,58.0,58.0,0.0
2007-08-22 13:30:00,INDEX:NDTH,61.0,61.0,61.0,61.0,0.0
2007-08-23 13:30:00,INDEX:NDTH,60.0,60.0,60.0,60.0,0.0
2007-08-24 13:30:00,INDEX:NDTH,63.0,63.0,63.0,63.0,0.0
2007-08-27 13:30:00,INDEX:NDTH,61.0,61.0,61.0,61.0,0.0
2007-08-28 13:30:00,INDEX:NDTH,55.0,55.0,55.0,55.0,0.0
2007-08-29 13:30:00,INDEX:NDTH,62.0,62.0,62.0,62.0,0.0
2007-08-30 13:30:00,INDEX:NDTH,61.0,61.0,61.0,61.0,0.0
2007-08-31 13:30:00,INDEX:NDTH,62.0,62.0,62.0,62.0,0.0
2007-09-03 13:30:00,INDEX:NDTH,62.0,62.0,62.0,62.0,0.0
2007-09-04 13:30:00,INDEX:NDTH,67.0,67.0,67.0,67.0,0.0
2007-09-05 13:30:00,INDEX:NDTH,63.0,63.0,63.0,63.0,0.0
2007-09-06 13:30:00,INDEX:NDTH,66.0,66.0,66.0,66.0,0.0
2007-09-07 13:30:00,INDEX:NDTH,60.0,60.0,60.0,60.0,0.0
2007-09-10 13:30:00,INDEX:NDTH,60.0,60.0,60.0,60.0,0.0
2007-09-11 13:30:00,INDEX:NDTH,65.0,65.0,65.0,65.0,0.0
2007-09-12 13:30:00,INDEX:NDTH,63.0,63.0,63.0,63.0,0.0
2007-09-13 13:30:00,INDEX:NDTH,63.0,63.0,63.0,63.0,0.0
2007-09-14 13:30:00,INDEX:NDTH,64.0,64.0,64.0,64.0,0.0
2007-09-17 13:30:00,INDEX:NDTH,63.0,63.0,63.0,63.0,0.0
2007-09-18 13:30:00,INDEX:NDTH,69.0,69.0,69.0,69.0,0.0
2007-09-19 13:30:00,INDEX:NDTH,71.0,71.0,71.0,71.0,0.0
2007-09-20 13:30:00,INDEX:NDTH,71.0,71.0,71.0,71.0,0.0
2007-09-21 13:30:00,INDEX:NDTH,72.0,72.0,72.0,72.0,0.0
2007-09-24 13:30:00,INDEX:NDTH,70.0,70.0,70.0,70.0,0.0
2007-09-25 13:30:00,INDEX:NDTH,71.0,71.0,71.0,71.0,0.0
2007-09-26 13:30:00,INDEX:NDTH,72.0,72.0,72.0,72.0,0.0
2007-09-27 13:30:00,INDEX:NDTH,71.0,71.0,71.0,71.0,0.0
2007-09-28 13:30:00,INDEX:NDTH,70.0,70.0,70.0,70.0,0.0
2007-10-01 13:30:00,INDEX:NDTH,74.0,74.0,74.0,74.0,0.0
2007-10-02 13:30:00,INDEX:NDTH,75.0,75.0,75.0,75.0,0.0
2007-10-03 13:30:00,INDEX:NDTH,75.0,75.0,75.0,75.0,0.0
2007-10-04 13:30:00,INDEX:NDTH,74.0,74.0,74.0,74.0,0.0
2007-10-05 13:30:00,INDEX:NDTH,81.0,81.0,81.0,81.0,0.0
2007-10-08 13:30:00,INDEX:NDTH,80.0,80.0,80.0,80.0,0.0
2007-10-09 13:30:00,INDEX:NDTH,80.0,80.0,80.0,80.0,0.0
2007-10-10 13:30:00,INDEX:NDTH,78.0,78.0,78.0,78.0,0.0
2007-10-11 13:30:00,INDEX:NDTH,76.0,76.0,76.0,76.0,0.0
2007-10-12 13:30:00,INDEX:NDTH,76.0,76.0,76.0,76.0,0.0
2007-10-15 13:30:00,INDEX:NDTH,75.0,75.0,75.0,75.0,0.0
2007-10-16 13:30:00,INDEX:NDTH,73.0,73.0,73.0,73.0,0.0
2007-10-17 13:30:00,INDEX:NDTH,74.0,74.0,74.0,74.0,0.0
2007-10-18 13:30:00,INDEX:NDTH,73.0,73.0,73.0,73.0,0.0
2007-10-19 13:30:00,INDEX:NDTH,66.0,66.0,66.0,66.0,0.0
2007-10-22 13:30:00,INDEX:NDTH,67.0,67.0,67.0,67.0,0.0
2007-10-23 13:30:00,INDEX:NDTH,67.0,67.0,67.0,67.0,0.0
2007-10-24 13:30:00,INDEX:NDTH,65.0,65.0,65.0,65.0,0.0
2007-10-25 13:30:00,INDEX:NDTH,61.0,61.0,61.0,61.0,0.0
2007-10-26 13:30:00,INDEX:NDTH,62.0,62.0,62.0,62.0,0.0
2007-10-29 13:30:00,INDEX:NDTH,67.0,67.0,67.0,67.0,0.0
2007-10-30 13:30:00,INDEX:NDTH,63.0,63.0,63.0,63.0,0.0
2007-10-31 13:30:00,INDEX:NDTH,68.0,68.0,68.0,68.0,0.0
2007-11-01 13:30:00,INDEX:NDTH,62.0,62.0,62.0,62.0,0.0
2007-11-02 13:30:00,INDEX:NDTH,65.0,65.0,65.0,65.0,0.0
2007-11-05 14:30:00,INDEX:NDTH,64.0,64.0,64.0,64.0,0.0
2007-11-06 14:30:00,INDEX:NDTH,64.0,64.0,64.0,64.0,0.0
2007-11-07 14:30:00,INDEX:NDTH,59.0,59.0,59.0,59.0,0.0
2007-11-08 14:30:00,INDEX:NDTH,57.0,57.0,57.0,57.0,0.0
2007-11-09 14:30:00,INDEX:NDTH,52.0,52.0,52.0,52.0,0.0
2007-11-12 14:30:00,INDEX:NDTH,53.0,53.0,53.0,53.0,0.0
2007-11-13 14:30:00,INDEX:NDTH,54.0,54.0,54.0,54.0,0.0
2007-11-14 14:30:00,INDEX:NDTH,52.0,52.0,52.0,52.0,0.0
2007-11-15 14:30:00,INDEX:NDTH,52.0,52.0,52.0,52.0,0.0
2007-11-16 14:30:00,INDEX:NDTH,54.0,54.0,54.0,54.0,0.0
2007-11-19 14:30:00,INDEX:NDTH,50.0,50.0,50.0,50.0,0.0
2007-11-20 14:30:00,INDEX:NDTH,50.0,50.0,50.0,50.0,0.0
2007-11-21 14:30:00,INDEX:NDTH,47.0,47.0,47.0,47.0,0.0
2007-11-22 14:30:00,INDEX:NDTH,47.0,47.0,47.0,47.0,0.0
2007-11-23 14:30:00,INDEX:NDTH,48.0,48.0,48.0,48.0,0.0
2007-11-26 14:30:00,INDEX:NDTH,44.0,44.0,44.0,44.0,0.0
2007-11-27 14:30:00,INDEX:NDTH,49.0,49.0,49.0,49.0,0.0
2007-11-28 14:30:00,INDEX:NDTH,52.0,52.0,52.0,52.0,0.0
2007-11-29 14:30:00,INDEX:NDTH,51.0,51.0,51.0,51.0,0.0
2007-11-30 14:30:00,INDEX:NDTH,51.0,51.0,51.0,51.0,0.0
2007-12-03 14:30:00,INDEX:NDTH,51.0,51.0,51.0,51.0,0.0
2007-12-04 14:30:00,INDEX:NDTH,52.0,52.0,52.0,52.0,0.0
2007-12-05 14:30:00,INDEX:NDTH,52.0,52.0,52.0,52.0,0.0
2007-12-06 14:30:00,INDEX:NDTH,57.0,57.0,57.0,57.0,0.0
2007-12-07 14:30:00,INDEX:NDTH,58.0,58.0,58.0,58.0,0.0
2007-12-10 14:30:00,INDEX:NDTH,58.0,58.0,58.0,58.0,0.0
2007-12-11 14:30:00,INDEX:NDTH,54.0,54.0,54.0,54.0,0.0
2007-12-12 14:30:00,INDEX:NDTH,56.0,56.0,56.0,56.0,0.0
2007-12-13 14:30:00,INDEX:NDTH,57.0,57.0,57.0,57.0,0.0
2007-12-14 14:30:00,INDEX:NDTH,53.0,53.0,53.0,53.0,0.0
2007-12-17 14:30:00,INDEX:NDTH,46.0,46.0,46.0,46.0,0.0
2007-12-18 14:30:00,INDEX:NDTH,48.0,48.0,48.0,48.0,0.0
2007-12-19 14:30:00,INDEX:NDTH,49.0,49.0,49.0,49.0,0.0
2007-12-20 14:30:00,INDEX:NDTH,50.0,50.0,50.0,50.0,0.0
2007-12-21 14:30:00,INDEX:NDTH,52.0,52.0,52.0,52.0,0.0
2007-12-24 14:30:00,INDEX:NDTH,54.0,54.0,54.0,54.0,0.0
2007-12-26 14:30:00,INDEX:NDTH,55.0,55.0,55.0,55.0,0.0
2007-12-27 14:30:00,INDEX:NDTH,46.0,46.0,46.0,46.0,0.0
2007-12-28 14:30:00,INDEX:NDTH,50.0,50.0,50.0,50.0,0.0
2007-12-31 14:30:00,INDEX:NDTH,47.0,47.0,47.0,47.0,0.0
2008-01-02 14:30:00,INDEX:NDTH,45.0,45.0,45.0,45.0,0.0
2008-01-03 14:30:00,INDEX:NDTH,45.0,45.0,45.0,45.0,0.0
2008-01-04 14:30:00,INDEX:NDTH,41.0,41.0,41.0,41.0,0.0
2008-01-07 14:30:00,INDEX:NDTH,42.0,42.0,42.0,42.0,0.0
2008-01-08 14:30:00,INDEX:NDTH,37.0,37.0,37.0,37.0,0.0
2008-01-09 14:30:00,INDEX:NDTH,36.0,36.0,36.0,36.0,0.0
2008-01-10 14:30:00,INDEX:NDTH,37.0,37.0,37.0,37.0,0.0
2008-01-11 14:30:00,INDEX:NDTH,35.0,35.0,35.0,35.0,0.0
2008-01-14 14:30:00,INDEX:NDTH,36.0,36.0,36.0,36.0,0.0
2008-01-15 14:30:00,INDEX:NDTH,34.0,34.0,34.0,34.0,0.0
2008-01-16 14:30:00,INDEX:NDTH,33.0,33.0,33.0,33.0,0.0
2008-01-17 14:30:00,INDEX:NDTH,33.0,33.0,33.0,33.0,0.0
2008-01-18 14:30:00,INDEX:NDTH,33.0,33.0,33.0,33.0,0.0
2008-01-21 14:30:00,INDEX:NDTH,33.0,33.0,33.0,33.0,0.0
2008-01-22 14:30:00,INDEX:NDTH,30.0,30.0,30.0,30.0,0.0
2008-01-23 14:30:00,INDEX:NDTH,28.0,28.0,28.0,28.0,0.0
2008-01-24 14:30:00,INDEX:NDTH,30.0,30.0,30.0,30.0,0.0
2008-01-25 14:30:00,INDEX:NDTH,28.0,28.0,28.0,28.0,0.0
2008-01-28 14:30:00,INDEX:NDTH,29.0,29.0,29.0,29.0,0.0
2008-01-29 14:30:00,INDEX:NDTH,33.0,33.0,33.0,33.0,0.0
2008-01-30 14:30:00,INDEX:NDTH,31.0,31.0,31.0,31.0,0.0
2008-01-31 14:30:00,INDEX:NDTH,38.0,38.0,38.0,38.0,0.0
2008-02-01 14:30:00,INDEX:NDTH,42.0,42.0,42.0,42.0,0.0
2008-02-04 14:30:00,INDEX:NDTH,37.0,37.0,37.0,37.0,0.0
2008-02-05 14:30:00,INDEX:NDTH,29.0,29.0,29.0,29.0,0.0
2008-02-06 14:30:00,INDEX:NDTH,24.0,24.0,24.0,24.0,0.0
2008-02-07 14:30:00,INDEX:NDTH,29.0,29.0,29.0,29.0,0.0
2008-02-08 14:30:00,INDEX:NDTH,32.0,32.0,32.0,32.0,0.0
2008-02-11 14:30:00,INDEX:NDTH,32.0,32.0,32.0,32.0,0.0
2008-02-12 14:30:00,INDEX:NDTH,32.0,32.0,32.0,32.0,0.0
2008-02-13 14:30:00,INDEX:NDTH,39.0,39.0,39.0,39.0,0.0
2008-02-14 14:30:00,INDEX:NDTH,32.0,32.0,32.0,32.0,0.0
2008-02-15 14:30:00,INDEX:NDTH,33.0,33.0,33.0,33.0,0.0
2008-02-18 14:30:00,INDEX:NDTH,33.0,33.0,33.0,33.0,0.0
2008-02-19 14:30:00,INDEX:NDTH,30.0,30.0,30.0,30.0,0.0
2008-02-20 14:30:00,INDEX:NDTH,33.0,33.0,33.0,33.0,0.0
2008-02-21 14:30:00,INDEX:NDTH,28.0,28.0,28.0,28.0,0.0
2008-02-22 14:30:00,INDEX:NDTH,30.0,30.0,30.0,30.0,0.0
2008-02-25 14:30:00,INDEX:NDTH,32.0,32.0,32.0,32.0,0.0
2008-02-26 14:30:00,INDEX:NDTH,35.0,35.0,35.0,35.0,0.0
2008-02-27 14:30:00,INDEX:NDTH,34.0,34.0,34.0,34.0,0.0
2008-02-28 14:30:00,INDEX:NDTH,31.0,31.0,31.0,31.0,0.0
2008-02-29 14:30:00,INDEX:NDTH,25.0,25.0,25.0,25.0,0.0
2008-03-03 14:30:00,INDEX:NDTH,26.0,26.0,26.0,26.0,0.0
2008-03-04 14:30:00,INDEX:NDTH,27.0,27.0,27.0,27.0,0.0
2008-03-05 14:30:00,INDEX:NDTH,27.0,27.0,27.0,27.0,0.0
2008-03-06 14:30:00,INDEX:NDTH,24.0,24.0,24.0,24.0,0.0
2008-03-07 14:30:00,INDEX:NDTH,21.0,21.0,21.0,21.0,0.0
2008-03-10 13:30:00,INDEX:NDTH,18.0,18.0,18.0,18.0,0.0
2008-03-11 13:30:00,INDEX:NDTH,22.0,22.0,22.0,22.0,0.0
2008-03-12 13:30:00,INDEX:NDTH,22.0,22.0,22.0,22.0,0.0
2008-03-13 13:30:00,INDEX:NDTH,22.0,22.0,22.0,22.0,0.0
2008-03-14 13:30:00,INDEX:NDTH,20.0,20.0,20.0,20.0,0.0
2008-03-17 13:30:00,INDEX:NDTH,16.0,16.0,16.0,16.0,0.0
2008-03-18 13:30:00,INDEX:NDTH,22.0,22.0,22.0,22.0,0.0
2008-03-19 13:30:00,INDEX:NDTH,21.0,21.0,21.0,21.0,0.0
2008-03-20 13:30:00,INDEX:NDTH,25.0,25.0,25.0,25.0,0.0
2008-03-21 13:30:00,INDEX:NDTH,25.0,25.0,25.0,25.0,0.0
2008-03-24 13:30:00,INDEX:NDTH,32.0,32.0,32.0,32.0,0.0
2008-03-25 13:30:00,INDEX:NDTH,34.0,34.0,34.0,34.0,0.0
2008-03-26 13:30:00,INDEX:NDTH,32.0,32.0,32.0,32.0,0.0
2008-03-27 13:30:00,INDEX:NDTH,28.0,28.0,28.0,28.0,0.0
2008-03-28 13:30:00,INDEX:NDTH,24.0,24.0,24.0,24.0,0.0
2008-03-31 13:30:00,INDEX:NDTH,28.0,28.0,28.0,28.0,0.0
2008-04-01 13:30:00,INDEX:NDTH,36.0,36.0,36.0,36.0,0.0
2008-04-02 13:30:00,INDEX:NDTH,35.0,35.0,35.0,35.0,0.0
2008-04-03 13:30:00,INDEX:NDTH,37.0,37.0,37.0,37.0,0.0
2008-04-04 13:30:00,INDEX:NDTH,39.0,39.0,39.0,39.0,0.0
2008-04-07 13:30:00,INDEX:NDTH,36.0,36.0,36.0,36.0,0.0
2008-04-08 13:30:00,INDEX:NDTH,34.0,34.0,34.0,34.0,0.0
2008-04-09 13:30:00,INDEX:NDTH,33.0,33.0,33.0,33.0,0.0
2008-04-10 13:30:00,INDEX:NDTH,36.0,36.0,36.0,36.0,0.0
2008-04-11 13:30:00,INDEX:NDTH,30.0,30.0,30.0,30.0,0.0
2008-04-14 13:30:00,INDEX:NDTH,29.0,29.0,29.0,29.0,0.0
2008-04-15 13:30:00,INDEX:NDTH,27.0,27.0,27.0,27.0,0.0
2008-04-16 13:30:00,INDEX:NDTH,34.0,34.0,34.0,34.0,0.0
2008-04-17 13:30:00,INDEX:NDTH,35.0,35.0,35.0,35.0,0.0
2008-04-18 13:30:00,INDEX:NDTH,43.0,43.0,43.0,43.0,0.0
2008-04-21 13:30:00,INDEX:NDTH,42.0,42.0,42.0,42.0,0.0
2008-04-22 13:30:00,INDEX:NDTH,40.0,40.0,40.0,40.0,0.0
2008-04-23 13:30:00,INDEX:NDTH,44.0,44.0,44.0,44.0,0.0
2008-04-24 13:30:00,INDEX:NDTH,42.0,42.0,42.0,42.0,0.0
2008-04-25 13:30:00,INDEX:NDTH,41.0,41.0,41.0,41.0,0.0
2008-04-28 13:30:00,INDEX:NDTH,42.0,42.0,42.0,42.0,0.0
2008-04-29 13:30:00,INDEX:NDTH,41.0,41.0,41.0,41.0,0.0
2008-04-30 13:30:00,INDEX:NDTH,40.0,40.0,40.0,40.0,0.0
2008-05-01 13:30:00,INDEX:NDTH,49.0,49.0,49.0,49.0,0.0
2008-05-02 13:30:00,INDEX:NDTH,50.0,50.0,50.0,50.0,0.0
2008-05-05 13:30:00,INDEX:NDTH,47.0,47.0,47.0,47.0,0.0
2008-05-06 13:30:00,INDEX:NDTH,46.0,46.0,46.0,46.0,0.0
2008-05-07 13:30:00,INDEX:NDTH,43.0,43.0,43.0,43.0,0.0
2008-05-08 13:30:00,INDEX:NDTH,47.0,47.0,47.0,47.0,0.0
2008-05-09 13:30:00,INDEX:NDTH,45.0,45.0,45.0,45.0,0.0
2008-05-12 13:30:00,INDEX:NDTH,50.0,50.0,50.0,50.0,0.0
2008-05-13 13:30:00,INDEX:NDTH,50.0,50.0,50.0,50.0,0.0
2008-05-14 13:30:00,INDEX:NDTH,52.0,52.0,52.0,52.0,0.0
2008-05-15 13:30:00,INDEX:NDTH,56.0,56.0,56.0,56.0,0.0
2008-05-16 13:30:00,INDEX:NDTH,59.0,59.0,59.0,59.0,0.0
2008-05-19 13:30:00,INDEX:NDTH,58.0,58.0,58.0,58.0,0.0
2008-05-20 13:30:00,INDEX:NDTH,53.0,53.0,53.0,53.0,0.0
2008-05-21 13:30:00,INDEX:NDTH,45.0,45.0,45.0,45.0,0.0
2008-05-22 13:30:00,INDEX:NDTH,49.0,49.0,49.0,49.0,0.0
2008-05-23 13:30:00,INDEX:NDTH,43.0,43.0,43.0,43.0,0.0
2008-05-26 13:30:00,INDEX:NDTH,43.0,43.0,43.0,43.0,0.0
2008-05-27 13:30:00,INDEX:NDTH,51.0,51.0,51.0,51.0,0.0
2008-05-28 13:30:00,INDEX:NDTH,49.0,49.0,49.0,49.0,0.0
2008-05-29 13:30:00,INDEX:NDTH,53.0,53.0,53.0,53.0,0.0
2008-05-30 13:30:00,INDEX:NDTH,57.0,57.0,57.0,57.0,0.0
2008-06-02 13:30:00,INDEX:NDTH,54.0,54.0,54.0,54.0,0.0
2008-06-03 13:30:00,INDEX:NDTH,51.0,51.0,51.0,51.0,0.0
2008-06-04 13:30:00,INDEX:NDTH,57.0,57.0,57.0,57.0,0.0
2008-06-05 13:30:00,INDEX:NDTH,66.0,66.0,66.0,66.0,0.0
2008-06-06 13:30:00,INDEX:NDTH,49.0,49.0,49.0,49.0,0.0
2008-06-09 13:30:00,INDEX:NDTH,49.0,49.0,49.0,49.0,0.0
2008-06-10 13:30:00,INDEX:NDTH,46.0,46.0,46.0,46.0,0.0
2008-06-11 13:30:00,INDEX:NDTH,42.0,42.0,42.0,42.0,0.0
2008-06-12 13:30:00,INDEX:NDTH,41.0,41.0,41.0,41.0,0.0
2008-06-13 13:30:00,INDEX:NDTH,44.0,44.0,44.0,44.0,0.0
2008-06-16 13:30:00,INDEX:NDTH,47.0,47.0,47.0,47.0,0.0
2008-06-17 13:30:00,INDEX:NDTH,45.0,45.0,45.0,45.0,0.0
2008-06-18 13:30:00,INDEX:NDTH,41.0,41.0,41.0,41.0,0.0
2008-06-19 13:30:00,INDEX:NDTH,47.0,47.0,47.0,47.0,0.0
2008-06-20 13:30:00,INDEX:NDTH,40.0,40.0,40.0,40.0,0.0
2008-06-23 13:30:00,INDEX:NDTH,41.0,41.0,41.0,41.0,0.0
2008-06-24 13:30:00,INDEX:NDTH,39.0,39.0,39.0,39.0,0.0
2008-06-25 13:30:00,INDEX:NDTH,42.0,42.0,42.0,42.0,0.0
2008-06-26 13:30:00,INDEX:NDTH,36.0,36.0,36.0,36.0,0.0
2008-06-27 13:30:00,INDEX:NDTH,36.0,36.0,36.0,36.0,0.0
2008-06-30 13:30:00,INDEX:NDTH,33.0,33.0,33.0,33.0,0.0
2008-07-01 13:30:00,INDEX:NDTH,37.0,37.0,37.0,37.0,0.0
2008-07-02 13:30:00,INDEX:NDTH,30.0,30.0,30.0,30.0,0.0
2008-07-03 13:30:00,INDEX:NDTH,27.0,27.0,27.0,27.0,0.0
2008-07-04 13:30:00,INDEX:NDTH,27.0,27.0,27.0,27.0,0.0
2008-07-07 13:30:00,INDEX:NDTH,28.0,28.0,28.0,28.0,0.0
2008-07-08 13:30:00,INDEX:NDTH,31.0,31.0,31.0,31.0,0.0
2008-07-09 13:30:00,INDEX:NDTH,30.0,30.0,30.0,30.0,0.0
2008-07-10 13:30:00,INDEX:NDTH,31.0,31.0,31.0,31.0,0.0
2008-07-11 13:30:00,INDEX:NDTH,26.0,26.0,26.0,26.0,0.0
2008-07-14 13:30:00,INDEX:NDTH,25.0,25.0,25.0,25.0,0.0
2008-07-15 13:30:00,INDEX:NDTH,25.0,25.0,25.0,25.0,0.0
2008-07-16 13:30:00,INDEX:NDTH,32.0,32.0,32.0,32.0,0.0
2008-07-17 13:30:00,INDEX:NDTH,32.0,32.0,32.0,32.0,0.0
2008-07-18 13:30:00,INDEX:NDTH,37.0,37.0,37.0,37.0,0.0
2008-07-21 13:30:00,INDEX:NDTH,37.0,37.0,37.0,37.0,0.0
2008-07-22 13:30:00,INDEX:NDTH,38.0,38.0,38.0,38.0,0.0
2008-07-23 13:30:00,INDEX:NDTH,41.0,41.0,41.0,41.0,0.0
2008-07-24 13:30:00,INDEX:NDTH,33.0,33.0,33.0,33.0,0.0
2008-07-25 13:30:00,INDEX:NDTH,37.0,37.0,37.0,37.0,0.0
2008-07-28 13:30:00,INDEX:NDTH,35.0,35.0,35.0,35.0,0.0
2008-07-29 13:30:00,INDEX:NDTH,38.0,38.0,38.0,38.0,0.0
2008-07-30 13:30:00,INDEX:NDTH,40.0,40.0,40.0,40.0,0.0
2008-07-31 13:30:00,INDEX:NDTH,41.0,41.0,41.0,41.0,0.0
2008-08-01 13:30:00,INDEX:NDTH,40.0,40.0,40.0,40.0,0.0
2008-08-04 13:30:00,INDEX:NDTH,38.0,38.0,38.0,38.0,0.0
2008-08-05 13:30:00,INDEX:NDTH,48.0,48.0,48.0,48.0,0.0
2008-08-06 13:30:00,INDEX:NDTH,45.0,45.0,45.0,45.0,0.0
2008-08-07 13:30:00,INDEX:NDTH,46.0,46.0,46.0,46.0,0.0
2008-08-08 13:30:00,INDEX:NDTH,52.0,52.0,52.0,52.0,0.0
2008-08-11 13:30:00,INDEX:NDTH,55.0,55.0,55.0,55.0,0.0
2008-08-12 13:30:00,INDEX:NDTH,57.0,57.0,57.0,57.0,0.0
2008-08-13 13:30:00,INDEX:NDTH,54.0,54.0,54.0,54.0,0.0
2008-08-14 13:30:00,INDEX:NDTH,61.0,61.0,61.0,61.0,0.0
2008-08-15 13:30:00,INDEX:NDTH,61.0,61.0,61.0,61.0,0.0
2008-08-18 13:30:00,INDEX:NDTH,54.0,54.0,54.0,54.0,0.0
2008-08-19 13:30:00,INDEX:NDTH,52.0,52.0,52.0,52.0,0.0
2008-08-20 13:30:00,INDEX:NDTH,52.0,52.0,52.0,52.0,0.0
2008-08-21 13:30:00,INDEX:NDTH,52.0,52.0,52.0,52.0,0.0
2008-08-22 13:30:00,INDEX:NDTH,56.0,56.0,56.0,56.0,0.0
2008-08-25 13:30:00,INDEX:NDTH,53.0,53.0,53.0,53.0,0.0
2008-08-26 13:30:00,INDEX:NDTH,52.0,52.0,52.0,52.0,0.0
2008-08-27 13:30:00,INDEX:NDTH,53.0,53.0,53.0,53.0,0.0
2008-08-28 13:30:00,INDEX:NDTH,57.0,57.0,57.0,57.0,0.0
2008-08-29 13:30:00,INDEX:NDTH,48.0,48.0,48.0,48.0,0.0
2008-09-01 13:30:00,INDEX:NDTH,48.0,48.0,48.0,48.0,0.0
2008-09-02 13:30:00,INDEX:NDTH,47.0,47.0,47.0,47.0,0.0
2008-09-03 13:30:00,INDEX:NDTH,42.0,42.0,42.0,42.0,0.0
2008-09-04 13:30:00,INDEX:NDTH,31.0,31.0,31.0,31.0,0.0
2008-09-05 13:30:00,INDEX:NDTH,33.0,33.0,33.0,33.0,0.0
2008-09-08 13:30:00,INDEX:NDTH,35.0,35.0,35.0,35.0,0.0
2008-09-09 13:30:00,INDEX:NDTH,31.0,31.0,31.0,31.0,0.0
2008-09-10 13:30:00,INDEX:NDTH,34.0,34.0,34.0,34.0,0.0
2008-09-11 13:30:00,INDEX:NDTH,36.0,36.0,36.0,36.0,0.0
2008-09-12 13:30:00,INDEX:NDTH,35.0,35.0,35.0,35.0,0.0
2008-09-15 13:30:00,INDEX:NDTH,28.0,28.0,28.0,28.0,0.0
2008-09-16 13:30:00,INDEX:NDTH,31.0,31.0,31.0,31.0,0.0
2008-09-17 13:30:00,INDEX:NDTH,22.0,22.0,22.0,22.0,0.0
2008-09-18 13:30:00,INDEX:NDTH,31.0,31.0,31.0,31.0,0.0
2008-09-19 13:30:00,INDEX:NDTH,33.0,33.0,33.0,33.0,0.0
2008-09-22 13:30:00,INDEX:NDTH,26.0,26.0,26.0,26.0,0.0
2008-09-23 13:30:00,INDEX:NDTH,23.0,23.0,23.0,23.0,0.0
2008-09-24 13:30:00,INDEX:NDTH,26.0,26.0,26.0,26.0,0.0
2008-09-25 13:30:00,INDEX:NDTH,29.0,29.0,29.0,29.0,0.0
2008-09-26 13:30:00,INDEX:NDTH,29.0,29.0,29.0,29.0,0.0
2008-09-29 13:30:00,INDEX:NDTH,14.0,14.0,14.0,14.0,0.0
2008-09-30 13:30:00,INDEX:NDTH,24.0,24.0,24.0,24.0,0.0
2008-10-01 13:30:00,INDEX:NDTH,18.0,18.0,18.0,18.0,0.0
2008-10-02 13:30:00,INDEX:NDTH,11.0,11.0,11.0,11.0,0.0
2008-10-03 13:30:00,INDEX:NDTH,8.0,8.0,8.0,8.0,0.0
2008-10-06 13:30:00,INDEX:NDTH,4.0,4.0,4.0,4.0,0.0
2008-10-07 13:30:00,INDEX:NDTH,4.0,4.0,4.0,4.0,0.0
2008-10-08 13:30:00,INDEX:NDTH,4.0,4.0,4.0,4.0,0.0
2008-10-09 13:30:00,INDEX:NDTH,4.0,4.0,4.0,4.0,0.0
2008-10-10 13:30:00,INDEX:NDTH,1.0,1.0,1.0,1.0,0.0
2008-10-13 13:30:00,INDEX:NDTH,4.0,4.0,4.0,4.0,0.0
2008-10-14 13:30:00,INDEX:NDTH,4.0,4.0,4.0,4.0,0.0
2008-10-15 13:30:00,INDEX:NDTH,1.0,1.0,1.0,1.0,0.0
2008-10-16 13:30:00,INDEX:NDTH,4.0,4.0,4.0,4.0,0.0
2008-10-17 13:30:00,INDEX:NDTH,3.0,3.0,3.0,3.0,0.0
2008-10-20 13:30:00,INDEX:NDTH,5.0,5.0,5.0,5.0,0.0
2008-10-21 13:30:00,INDEX:NDTH,4.0,4.0,4.0,4.0,0.0
2008-10-22 13:30:00,INDEX:NDTH,3.0,3.0,3.0,3.0,0.0
2008-10-23 13:30:00,INDEX:NDTH,3.0,3.0,3.0,3.0,0.0
2008-10-24 13:30:00,INDEX:NDTH,3.0,3.0,3.0,3.0,0.0
2008-10-27 13:30:00,INDEX:NDTH,2.0,2.0,2.0,2.0,0.0
2008-10-28 13:30:00,INDEX:NDTH,4.0,4.0,4.0,4.0,0.0
2008-10-29 13:30:00,INDEX:NDTH,4.0,4.0,4.0,4.0,0.0
2008-10-30 13:30:00,INDEX:NDTH,6.0,6.0,6.0,6.0,0.0
2008-10-31 13:30:00,INDEX:NDTH,8.0,8.0,8.0,8.0,0.0
2008-11-03 14:30:00,INDEX:NDTH,7.0,7.0,7.0,7.0,0.0
2008-11-04 14:30:00,INDEX:NDTH,9.0,9.0,9.0,9.0,0.0
2008-11-05 14:30:00,INDEX:NDTH,7.0,7.0,7.0,7.0,0.0
2008-11-06 14:30:00,INDEX:NDTH,5.0,5.0,5.0,5.0,0.0
2008-11-07 14:30:00,INDEX:NDTH,6.0,6.0,6.0,6.0,0.0
2008-11-10 14:30:00,INDEX:NDTH,6.0,6.0,6.0,6.0,0.0
2008-11-11 14:30:00,INDEX:NDTH,6.0,6.0,6.0,6.0,0.0
2008-11-12 14:30:00,INDEX:NDTH,5.0,5.0,5.0,5.0,0.0
2008-11-13 14:30:00,INDEX:NDTH,6.0,6.0,6.0,6.0,0.0
2008-11-14 14:30:00,INDEX:NDTH,6.0,6.0,6.0,6.0,0.0
2008-11-17 14:30:00,INDEX:NDTH,6.0,6.0,6.0,6.0,0.0
2008-11-18 14:30:00,INDEX:NDTH,5.0,5.0,5.0,5.0,0.0
2008-11-19 14:30:00,INDEX:NDTH,5.0,5.0,5.0,5.0,0.0
2008-11-20 14:30:00,INDEX:NDTH,2.0,2.0,2.0,2.0,0.0
2008-11-21 14:30:00,INDEX:NDTH,3.0,3.0,3.0,3.0,0.0
2008-11-24 14:30:00,INDEX:NDTH,4.0,4.0,4.0,4.0,0.0
2008-11-25 14:30:00,INDEX:NDTH,4.0,4.0,4.0,4.0,0.0
2008-11-26 14:30:00,INDEX:NDTH,4.0,4.0,4.0,4.0,0.0
2008-11-27 14:30:00,INDEX:NDTH,4.0,4.0,4.0,4.0,0.0
2008-11-28 14:30:00,INDEX:NDTH,5.0,5.0,5.0,5.0,0.0
2008-12-01 14:30:00,INDEX:NDTH,4.0,4.0,4.0,4.0,0.0
2008-12-02 14:30:00,INDEX:NDTH,4.0,4.0,4.0,4.0,0.0
2008-12-03 14:30:00,INDEX:NDTH,5.0,5.0,5.0,5.0,0.0
2008-12-04 14:30:00,INDEX:NDTH,5.0,5.0,5.0,5.0,0.0
2008-12-05 14:30:00,INDEX:NDTH,5.0,5.0,5.0,5.0,0.0
2008-12-08 14:30:00,INDEX:NDTH,5.0,5.0,5.0,5.0,0.0
2008-12-09 14:30:00,INDEX:NDTH,5.0,5.0,5.0,5.0,0.0
2008-12-10 14:30:00,INDEX:NDTH,5.0,5.0,5.0,5.0,0.0
2008-12-11 14:30:00,INDEX:NDTH,5.0,5.0,5.0,5.0,0.0
2008-12-12 14:30:00,INDEX:NDTH,5.0,5.0,5.0,5.0,0.0
2008-12-15 14:30:00,INDEX:NDTH,4.0,4.0,4.0,4.0,0.0
2008-12-16 14:30:00,INDEX:NDTH,5.0,5.0,5.0,5.0,0.0
2008-12-17 14:30:00,INDEX:NDTH,5.0,5.0,5.0,5.0,0.0
2008-12-18 14:30:00,INDEX:NDTH,6.0,6.0,6.0,6.0,0.0
2008-12-19 14:30:00,INDEX:NDTH,6.0,6.0,6.0,6.0,0.0
2008-12-22 14:30:00,INDEX:NDTH,7.0,7.0,7.0,7.0,0.0
2008-12-23 14:30:00,INDEX:NDTH,7.0,7.0,7.0,7.0,0.0
2008-12-24 14:30:00,INDEX:NDTH,7.0,7.0,7.0,7.0,0.0
2008-12-26 14:30:00,INDEX:NDTH,7.0,7.0,7.0,7.0,0.0
2008-12-29 14:30:00,INDEX:NDTH,6.0,6.0,6.0,6.0,0.0
2008-12-30 14:30:00,INDEX:NDTH,7.0,7.0,7.0,7.0,0.0
2008-12-31 14:30:00,INDEX:NDTH,9.0,9.0,9.0,9.0,0.0
2009-01-02 14:30:00,INDEX:NDTH,9.0,9.0,9.0,9.0,0.0
2009-01-05 14:30:00,INDEX:NDTH,8.0,8.0,8.0,8.0,0.0
2009-01-06 14:30:00,INDEX:NDTH,7.0,7.0,7.0,7.0,0.0
2009-01-07 14:30:00,INDEX:NDTH,7.0,7.0,7.0,7.0,0.0
2009-01-08 14:30:00,INDEX:NDTH,7.0,7.0,7.0,7.0,0.0
2009-01-09 14:30:00,INDEX:NDTH,6.0,6.0,6.0,6.0,0.0
2009-01-12 14:30:00,INDEX:NDTH,6.0,6.0,6.0,6.0,0.0
2009-01-13 14:30:00,INDEX:NDTH,6.0,6.0,6.0,6.0,0.0
2009-01-14 14:30:00,INDEX:NDTH,6.0,6.0,6.0,6.0,0.0
2009-01-15 14:30:00,INDEX:NDTH,6.0,6.0,6.0,6.0,0.0
2009-01-16 14:30:00,INDEX:NDTH,7.0,7.0,7.0,7.0,0.0
2009-01-19 14:30:00,INDEX:NDTH,7.0,7.0,7.0,7.0,0.0
2009-01-20 14:30:00,INDEX:NDTH,7.0,7.0,7.0,7.0,0.0
2009-01-21 14:30:00,INDEX:NDTH,7.0,7.0,7.0,7.0,0.0
2009-01-22 14:30:00,INDEX:NDTH,7.0,7.0,7.0,7.0,0.0
2009-01-23 14:30:00,INDEX:NDTH,6.0,6.0,6.0,6.0,0.0
2009-01-26 14:30:00,INDEX:NDTH,8.0,8.0,8.0,8.0,0.0
2009-01-27 14:30:00,INDEX:NDTH,8.0,8.0,8.0,8.0,0.0
2009-01-28 14:30:00,INDEX:NDTH,10.0,10.0,10.0,10.0,0.0
2009-01-29 14:30:00,INDEX:NDTH,10.0,10.0,10.0,10.0,0.0
2009-01-30 14:30:00,INDEX:NDTH,10.0,10.0,10.0,10.0,0.0
2009-02-02 14:30:00,INDEX:NDTH,10.0,10.0,10.0,10.0,0.0
2009-02-03 14:30:00,INDEX:NDTH,10.0,10.0,10.0,10.0,0.0
2009-02-04 14:30:00,INDEX:NDTH,11.0,11.0,11.0,11.0,0.0
2009-02-05 14:30:00,INDEX:NDTH,10.0,10.0,10.0,10.0,0.0
2009-02-06 14:30:00,INDEX:NDTH,11.0,11.0,11.0,11.0,0.0
2009-02-09 14:30:00,INDEX:NDTH,12.0,12.0,12.0,12.0,0.0
2009-02-10 14:30:00,INDEX:NDTH,8.0,8.0,8.0,8.0,0.0
2009-02-11 14:30:00,INDEX:NDTH,9.0,9.0,9.0,9.0,0.0
2009-02-12 14:30:00,INDEX:NDTH,12.0,12.0,12.0,12.0,0.0
2009-02-13 14:30:00,INDEX:NDTH,13.0,13.0,13.0,13.0,0.0
2009-02-16 14:30:00,INDEX:NDTH,13.0,13.0,13.0,13.0,0.0
2009-02-17 14:30:00,INDEX:NDTH,11.0,11.0,11.0,11.0,0.0
2009-02-18 14:30:00,INDEX:NDTH,10.0,10.0,10.0,10.0,0.0
2009-02-19 14:30:00,INDEX:NDTH,9.0,9.0,9.0,9.0,0.0
2009-02-20 14:30:00,INDEX:NDTH,9.0,9.0,9.0,9.0,0.0
2009-02-23 14:30:00,INDEX:NDTH,8.0,8.0,8.0,8.0,0.0
2009-02-24 14:30:00,INDEX:NDTH,11.0,11.0,11.0,11.0,0.0
2009-02-25 14:30:00,INDEX:NDTH,9.0,9.0,9.0,9.0,0.0
2009-02-26 14:30:00,INDEX:NDTH,7.0,7.0,7.0,7.0,0.0
2009-02-27 14:30:00,INDEX:NDTH,8.0,8.0,8.0,8.0,0.0
2009-03-02 14:30:00,INDEX:NDTH,6.0,6.0,6.0,6.0,0.0
2009-03-03 14:30:00,INDEX:NDTH,6.0,6.0,6.0,6.0,0.0
2009-03-04 14:30:00,INDEX:NDTH,7.0,7.0,7.0,7.0,0.0
2009-03-05 14:30:00,INDEX:NDTH,7.0,7.0,7.0,7.0,0.0
2009-03-06 14:30:00,INDEX:NDTH,6.0,6.0,6.0,6.0,0.0
2009-03-09 13:30:00,INDEX:NDTH,6.0,6.0,6.0,6.0,0.0
2009-03-10 13:30:00,INDEX:NDTH,7.0,7.0,7.0,7.0,0.0
2009-03-11 13:30:00,INDEX:NDTH,8.0,8.0,8.0,8.0,0.0
2009-03-12 13:30:00,INDEX:NDTH,11.0,11.0,11.0,11.0,0.0
2009-03-13 13:30:00,INDEX:NDTH,10.0,10.0,10.0,10.0,0.0
2009-03-16 13:30:00,INDEX:NDTH,9.0,9.0,9.0,9.0,0.0
2009-03-17 13:30:00,INDEX:NDTH,11.0,11.0,11.0,11.0,0.0
2009-03-18 13:30:00,INDEX:NDTH,14.0,14.0,14.0,14.0,0.0
2009-03-19 13:30:00,INDEX:NDTH,14.0,14.0,14.0,14.0,0.0
2009-03-20 13:30:00,INDEX:NDTH,12.0,12.0,12.0,12.0,0.0
2009-03-23 13:30:00,INDEX:NDTH,20.0,20.0,20.0,20.0,0.0
2009-03-24 13:30:00,INDEX:NDTH,17.0,17.0,17.0,17.0,0.0
2009-03-25 13:30:00,INDEX:NDTH,15.0,15.0,15.0,15.0,0.0
2009-03-26 13:30:00,INDEX:NDTH,28.0,28.0,28.0,28.0,0.0
2009-03-27 13:30:00,INDEX:NDTH,23.0,23.0,23.0,23.0,0.0
2009-03-30 13:30:00,INDEX:NDTH,18.0,18.0,18.0,18.0,0.0
2009-03-31 13:30:00,INDEX:NDTH,19.0,19.0,19.0,19.0,0.0
2009-04-01 13:30:00,INDEX:NDTH,21.0,21.0,21.0,21.0,0.0
2009-04-02 13:30:00,INDEX:NDTH,27.0,27.0,27.0,27.0,0.0
2009-04-03 13:30:00,INDEX:NDTH,29.0,29.0,29.0,29.0,0.0
2009-04-06 13:30:00,INDEX:NDTH,26.0,26.0,26.0,26.0,0.0
2009-04-07 13:30:00,INDEX:NDTH,22.0,22.0,22.0,22.0,0.0
2009-04-08 13:30:00,INDEX:NDTH,28.0,28.0,28.0,28.0,0.0
2009-04-09 13:30:00,INDEX:NDTH,35.0,35.0,35.0,35.0,0.0
2009-04-10 13:30:00,INDEX:NDTH,35.0,35.0,35.0,35.0,0.0
2009-04-13 13:30:00,INDEX:NDTH,34.0,34.0,34.0,34.0,0.0
2009-04-14 13:30:00,INDEX:NDTH,35.0,35.0,35.0,35.0,0.0
2009-04-15 13:30:00,INDEX:NDTH,35.0,35.0,35.0,35.0,0.0
2009-04-16 13:30:00,INDEX:NDTH,43.0,43.0,43.0,43.0,0.0
2009-04-17 13:30:00,INDEX:NDTH,46.0,46.0,46.0,46.0,0.0
2009-04-20 13:30:00,INDEX:NDTH,35.0,35.0,35.0,35.0,0.0
2009-04-21 13:30:00,INDEX:NDTH,38.0,38.0,38.0,38.0,0.0
2009-04-22 13:30:00,INDEX:NDTH,42.0,42.0,42.0,42.0,0.0
2009-04-23 13:30:00,INDEX:NDTH,41.0,41.0,41.0,41.0,0.0
2009-04-24 13:30:00,INDEX:NDTH,44.0,44.0,44.0,44.0,0.0
2009-04-27 13:30:00,INDEX:NDTH,46.0,46.0,46.0,46.0,0.0
2009-04-28 13:30:00,INDEX:NDTH,45.0,45.0,45.0,45.0,0.0
2009-04-29 13:30:00,INDEX:NDTH,48.0,48.0,48.0,48.0,0.0
2009-04-30 13:30:00,INDEX:NDTH,53.0,53.0,53.0,53.0,0.0
2009-05-01 13:30:00,INDEX:NDTH,54.0,54.0,54.0,54.0,0.0
2009-05-04 13:30:00,INDEX:NDTH,64.0,64.0,64.0,64.0,0.0
2009-05-05 13:30:00,INDEX:NDTH,61.0,61.0,61.0,61.0,0.0
2009-05-06 13:30:00,INDEX:NDTH,64.0,64.0,64.0,64.0,0.0
2009-05-07 13:30:00,INDEX:NDTH,53.0,53.0,53.0,53.0,0.0
2009-05-08 13:30:00,INDEX:NDTH,57.0,57.0,57.0,57.0,0.0
2009-05-11 13:30:00,INDEX:NDTH,56.0,56.0,56.0,56.0,0.0
2009-05-12 13:30:00,INDEX:NDTH,54.0,54.0,54.0,54.0,0.0
2009-05-13 13:30:00,INDEX:NDTH,46.0,46.0,46.0,46.0,0.0
2009-05-14 13:30:00,INDEX:NDTH,51.0,51.0,51.0,51.0,0.0
2009-05-15 13:30:00,INDEX:NDTH,50.0,50.0,50.0,50.0,0.0
2009-05-18 13:30:00,INDEX:NDTH,56.0,56.0,56.0,56.0,0.0
2009-05-19 13:30:00,INDEX:NDTH,58.0,58.0,58.0,58.0,0.0
2009-05-20 13:30:00,INDEX:NDTH,59.0,59.0,59.0,59.0,0.0
2009-05-21 13:30:00,INDEX:NDTH,56.0,56.0,56.0,56.0,0.0
2009-05-22 13:30:00,INDEX:NDTH,53.0,53.0,53.0,53.0,0.0
2009-05-25 13:30:00,INDEX:NDTH,53.0,53.0,53.0,53.0,0.0
2009-05-26 13:30:00,INDEX:NDTH,63.0,63.0,63.0,63.0,0.0
2009-05-27 13:30:00,INDEX:NDTH,62.0,62.0,62.0,62.0,0.0
2009-05-28 13:30:00,INDEX:NDTH,65.0,65.0,65.0,65.0,0.0
2009-05-29 13:30:00,INDEX:NDTH,72.0,72.0,72.0,72.0,0.0
2009-06-01 13:30:00,INDEX:NDTH,80.0,80.0,80.0,80.0,0.0
2009-06-02 13:30:00,INDEX:NDTH,81.0,81.0,81.0,81.0,0.0
2009-06-03 13:30:00,INDEX:NDTH,78.0,78.0,78.0,78.0,0.0
2009-06-04 13:30:00,INDEX:NDTH,79.0,79.0,79.0,79.0,0.0
2009-06-05 13:30:00,INDEX:NDTH,79.0,79.0,79.0,79.0,0.0
2009-06-08 13:30:00,INDEX:NDTH,76.0,76.0,76.0,76.0,0.0
2009-06-09 13:30:00,INDEX:NDTH,81.0,81.0,81.0,81.0,0.0
2009-06-10 13:30:00,INDEX:NDTH,81.0,81.0,81.0,81.0,0.0
2009-06-11 13:30:00,INDEX:NDTH,83.0,83.0,83.0,83.0,0.0
2009-06-12 13:30:00,INDEX:NDTH,80.0,80.0,80.0,80.0,0.0
2009-06-15 13:30:00,INDEX:NDTH,76.0,76.0,76.0,76.0,0.0
2009-06-16 13:30:00,INDEX:NDTH,76.0,76.0,76.0,76.0,0.0
2009-06-17 13:30:00,INDEX:NDTH,80.0,80.0,80.0,80.0,0.0
2009-06-18 13:30:00,INDEX:NDTH,81.0,81.0,81.0,81.0,0.0
2009-06-19 13:30:00,INDEX:NDTH,82.0,82.0,82.0,82.0,0.0
2009-06-22 13:30:00,INDEX:NDTH,76.0,76.0,76.0,76.0,0.0
2009-06-23 13:30:00,INDEX:NDTH,78.0,78.0,78.0,78.0,0.0
2009-06-24 13:30:00,INDEX:NDTH,79.0,79.0,79.0,79.0,0.0
2009-06-25 13:30:00,INDEX:NDTH,83.0,83.0,83.0,83.0,0.0
2009-06-26 13:30:00,INDEX:NDTH,81.0,81.0,81.0,81.0,0.0
2009-06-29 13:30:00,INDEX:NDTH,81.0,81.0,81.0,81.0,0.0
2009-06-30 13:30:00,INDEX:NDTH,83.0,83.0,83.0,83.0,0.0
2009-07-01 13:30:00,INDEX:NDTH,85.0,85.0,85.0,85.0,0.0
2009-07-02 13:30:00,INDEX:NDTH,80.0,80.0,80.0,80.0,0.0
2009-07-03 13:30:00,INDEX:NDTH,80.0,80.0,80.0,80.0,0.0
2009-07-06 13:30:00,INDEX:NDTH,81.0,81.0,81.0,81.0,0.0
2009-07-07 13:30:00,INDEX:NDTH,74.0,74.0,74.0,74.0,0.0
2009-07-08 13:30:00,INDEX:NDTH,75.0,75.0,75.0,75.0,0.0
2009-07-09 13:30:00,INDEX:NDTH,79.0,79.0,79.0,79.0,0.0
2009-07-10 13:30:00,INDEX:NDTH,80.0,80.0,80.0,80.0,0.0
2009-07-13 13:30:00,INDEX:NDTH,81.0,81.0,81.0,81.0,0.0
2009-07-14 13:30:00,INDEX:NDTH,81.0,81.0,81.0,81.0,0.0
2009-07-15 13:30:00,INDEX:NDTH,85.0,85.0,85.0,85.0,0.0
2009-07-16 13:30:00,INDEX:NDTH,87.0,87.0,87.0,87.0,0.0
2009-07-17 13:30:00,INDEX:NDTH,85.0,85.0,85.0,85.0,0.0
2009-07-20 13:30:00,INDEX:NDTH,90.0,90.0,90.0,90.0,0.0
2009-07-21 13:30:00,INDEX:NDTH,90.0,90.0,90.0,90.0,0.0
2009-07-22 13:30:00,INDEX:NDTH,91.0,91.0,91.0,91.0,0.0
2009-07-23 13:30:00,INDEX:NDTH,96.0,96.0,96.0,96.0,0.0
2009-07-24 13:30:00,INDEX:NDTH,97.0,97.0,97.0,97.0,0.0
2009-07-27 13:30:00,INDEX:NDTH,97.0,97.0,97.0,97.0,0.0
2009-07-28 13:30:00,INDEX:NDTH,98.0,98.0,98.0,98.0,0.0
2009-07-29 13:30:00,INDEX:NDTH,97.0,97.0,97.0,97.0,0.0
2009-07-30 13:30:00,INDEX:NDTH,96.0,96.0,96.0,96.0,0.0
2009-07-31 13:30:00,INDEX:NDTH,96.0,96.0,96.0,96.0,0.0
2009-08-03 13:30:00,INDEX:NDTH,98.0,98.0,98.0,98.0,0.0
2009-08-04 13:30:00,INDEX:NDTH,98.0,98.0,98.0,98.0,0.0
2009-08-05 13:30:00,INDEX:NDTH,98.0,98.0,98.0,98.0,0.0
2009-08-06 13:30:00,INDEX:NDTH,94.0,94.0,94.0,94.0,0.0
2009-08-07 13:30:00,INDEX:NDTH,95.0,95.0,95.0,95.0,0.0
2009-08-10 13:30:00,INDEX:NDTH,94.0,94.0,94.0,94.0,0.0
2009-08-11 13:30:00,INDEX:NDTH,94.0,94.0,94.0,94.0,0.0
2009-08-12 13:30:00,INDEX:NDTH,95.0,95.0,95.0,95.0,0.0
2009-08-13 13:30:00,INDEX:NDTH,95.0,95.0,95.0,95.0,0.0
2009-08-14 13:30:00,INDEX:NDTH,95.0,95.0,95.0,95.0,0.0
2009-08-17 13:30:00,INDEX:NDTH,92.0,92.0,92.0,92.0,0.0
2009-08-18 13:30:00,INDEX:NDTH,93.0,93.0,93.0,93.0,0.0
2009-08-19 13:30:00,INDEX:NDTH,93.0,93.0,93.0,93.0,0.0
2009-08-20 13:30:00,INDEX:NDTH,93.0,93.0,93.0,93.0,0.0
2009-08-21 13:30:00,INDEX:NDTH,96.0,96.0,96.0,96.0,0.0
2009-08-24 13:30:00,INDEX:NDTH,96.0,96.0,96.0,96.0,0.0
2009-08-25 13:30:00,INDEX:NDTH,95.0,95.0,95.0,95.0,0.0
2009-08-26 13:30:00,INDEX:NDTH,94.0,94.0,94.0,94.0,0.0
2009-08-27 13:30:00,INDEX:NDTH,94.0,94.0,94.0,94.0,0.0
2009-08-28 13:30:00,INDEX:NDTH,94.0,94.0,94.0,94.0,0.0
2009-08-31 13:30:00,INDEX:NDTH,93.0,93.0,93.0,93.0,0.0
2009-09-01 13:30:00,INDEX:NDTH,93.0,93.0,93.0,93.0,0.0
2009-09-02 13:30:00,INDEX:NDTH,93.0,93.0,93.0,93.0,0.0
2009-09-03 13:30:00,INDEX:NDTH,93.0,93.0,93.0,93.0,0.0
2009-09-04 13:30:00,INDEX:NDTH,93.0,93.0,93.0,93.0,0.0
2009-09-07 13:30:00,INDEX:NDTH,93.0,93.0,93.0,93.0,0.0
2009-09-08 13:30:00,INDEX:NDTH,94.0,94.0,94.0,94.0,0.0
2009-09-09 13:30:00,INDEX:NDTH,95.0,95.0,95.0,95.0,0.0
2009-09-10 13:30:00,INDEX:NDTH,95.0,95.0,95.0,95.0,0.0
2009-09-11 13:30:00,INDEX:NDTH,95.0,95.0,95.0,95.0,0.0
2009-09-14 13:30:00,INDEX:NDTH,96.0,96.0,96.0,96.0,0.0
2009-09-15 13:30:00,INDEX:NDTH,95.0,95.0,95.0,95.0,0.0
2009-09-16 13:30:00,INDEX:NDTH,96.0,96.0,96.0,96.0,0.0
2009-09-17 13:30:00,INDEX:NDTH,96.0,96.0,96.0,96.0,0.0
2009-09-18 13:30:00,INDEX:NDTH,96.0,96.0,96.0,96.0,0.0
2009-09-21 13:30:00,INDEX:NDTH,98.0,98.0,98.0,98.0,0.0
2009-09-22 13:30:00,INDEX:NDTH,97.0,97.0,97.0,97.0,0.0
2009-09-23 13:30:00,INDEX:NDTH,98.0,98.0,98.0,98.0,0.0
2009-09-24 13:30:00,INDEX:NDTH,98.0,98.0,98.0,98.0,0.0
2009-09-25 13:30:00,INDEX:NDTH,98.0,98.0,98.0,98.0,0.0
2009-09-28 13:30:00,INDEX:NDTH,99.0,99.0,99.0,99.0,0.0
2009-09-29 13:30:00,INDEX:NDTH,98.0,98.0,98.0,98.0,0.0
2009-09-30 13:30:00,INDEX:NDTH,97.0,97.0,97.0,97.0,0.0
2009-10-01 13:30:00,INDEX:NDTH,96.0,96.0,96.0,96.0,0.0
2009-10-02 13:30:00,INDEX:NDTH,95.0,95.0,95.0,95.0,0.0
2009-10-05 13:30:00,INDEX:NDTH,95.0,95.0,95.0,95.0,0.0
2009-10-06 13:30:00,INDEX:NDTH,97.0,97.0,97.0,97.0,0.0
2009-10-07 13:30:00,INDEX:NDTH,96.0,96.0,96.0,96.0,0.0
2009-10-08 13:30:00,INDEX:NDTH,96.0,96.0,96.0,96.0,0.0
2009-10-09 13:30:00,INDEX:NDTH,96.0,96.0,96.0,96.0,0.0
2009-10-12 13:30:00,INDEX:NDTH,96.0,96.0,96.0,96.0,0.0
2009-10-13 13:30:00,INDEX:NDTH,95.0,95.0,95.0,95.0,0.0
2009-10-14 13:30:00,INDEX:NDTH,99.0,99.0,99.0,99.0,0.0
2009-10-15 13:30:00,INDEX:NDTH,100.0,100.0,100.0,100.0,0.0
2009-10-16 13:30:00,INDEX:NDTH,97.0,97.0,97.0,97.0,0.0
2009-10-19 13:30:00,INDEX:NDTH,100.0,100.0,100.0,100.0,0.0
2009-10-20 13:30:00,INDEX:NDTH,97.0,97.0,97.0,97.0,0.0
2009-10-21 13:30:00,INDEX:NDTH,96.0,96.0,96.0,96.0,0.0
2009-10-22 13:30:00,INDEX:NDTH,96.0,96.0,96.0,96.0,0.0
2009-10-23 13:30:00,INDEX:NDTH,96.0,96.0,96.0,96.0,0.0
2009-10-26 13:30:00,INDEX:NDTH,94.0,94.0,94.0,94.0,0.0
2009-10-27 13:30:00,INDEX:NDTH,93.0,93.0,93.0,93.0,0.0
2009-10-28 13:30:00,INDEX:NDTH,91.0,91.0,91.0,91.0,0.0
2009-10-29 13:30:00,INDEX:NDTH,91.0,91.0,91.0,91.0,0.0
2009-10-30 13:30:00,INDEX:NDTH,88.0,88.0,88.0,88.0,0.0
2009-11-02 14:30:00,INDEX:NDTH,89.0,89.0,89.0,89.0,0.0
2009-11-03 14:30:00,INDEX:NDTH,90.0,90.0,90.0,90.0,0.0
2009-11-04 14:30:00,INDEX:NDTH,88.0,88.0,88.0,88.0,0.0
2009-11-05 14:30:00,INDEX:NDTH,89.0,89.0,89.0,89.0,0.0
2009-11-06 14:30:00,INDEX:NDTH,91.0,91.0,91.0,91.0,0.0
2009-11-09 14:30:00,INDEX:NDTH,95.0,95.0,95.0,95.0,0.0
2009-11-10 14:30:00,INDEX:NDTH,93.0,93.0,93.0,93.0,0.0
2009-11-11 14:30:00,INDEX:NDTH,94.0,94.0,94.0,94.0,0.0
2009-11-12 14:30:00,INDEX:NDTH,94.0,94.0,94.0,94.0,0.0
2009-11-13 14:30:00,INDEX:NDTH,94.0,94.0,94.0,94.0,0.0
2009-11-16 14:30:00,INDEX:NDTH,94.0,94.0,94.0,94.0,0.0
2009-11-17 14:30:00,INDEX:NDTH,94.0,94.0,94.0,94.0,0.0
2009-11-18 14:30:00,INDEX:NDTH,94.0,94.0,94.0,94.0,0.0
2009-11-19 14:30:00,INDEX:NDTH,94.0,94.0,94.0,94.0,0.0
2009-11-20 14:30:00,INDEX:NDTH,92.0,92.0,92.0,92.0,0.0
2009-11-23 14:30:00,INDEX:NDTH,94.0,94.0,94.0,94.0,0.0
2009-11-24 14:30:00,INDEX:NDTH,93.0,93.0,93.0,93.0,0.0
2009-11-25 14:30:00,INDEX:NDTH,94.0,94.0,94.0,94.0,0.0
2009-11-26 14:30:00,INDEX:NDTH,94.0,94.0,94.0,94.0,0.0
2009-11-27 14:30:00,INDEX:NDTH,92.0,92.0,92.0,92.0,0.0
2009-11-30 14:30:00,INDEX:NDTH,91.0,91.0,91.0,91.0,0.0
2009-12-01 14:30:00,INDEX:NDTH,92.0,92.0,92.0,92.0,0.0
2009-12-02 14:30:00,INDEX:NDTH,93.0,93.0,93.0,93.0,0.0
2009-12-03 14:30:00,INDEX:NDTH,92.0,92.0,92.0,92.0,0.0
2009-12-04 14:30:00,INDEX:NDTH,92.0,92.0,92.0,92.0,0.0
2009-12-07 14:30:00,INDEX:NDTH,93.0,93.0,93.0,93.0,0.0
2009-12-08 14:30:00,INDEX:NDTH,92.0,92.0,92.0,92.0,0.0
2009-12-09 14:30:00,INDEX:NDTH,92.0,92.0,92.0,92.0,0.0
2009-12-10 14:30:00,INDEX:NDTH,92.0,92.0,92.0,92.0,0.0
2009-12-11 14:30:00,INDEX:NDTH,94.0,94.0,94.0,94.0,0.0
2009-12-14 14:30:00,INDEX:NDTH,94.0,94.0,94.0,94.0,0.0
2009-12-15 14:30:00,INDEX:NDTH,93.0,93.0,93.0,93.0,0.0
2009-12-16 14:30:00,INDEX:NDTH,93.0,93.0,93.0,93.0,0.0
2009-12-17 14:30:00,INDEX:NDTH,91.0,91.0,91.0,91.0,0.0
2009-12-18 14:30:00,INDEX:NDTH,94.0,94.0,94.0,94.0,0.0
2009-12-21 14:30:00,INDEX:NDTH,94.0,94.0,94.0,94.0,0.0
2009-12-22 14:30:00,INDEX:NDTH,93.0,93.0,93.0,93.0,0.0
2009-12-23 14:30:00,INDEX:NDTH,93.0,93.0,93.0,93.0,0.0
2009-12-24 14:30:00,INDEX:NDTH,93.0,93.0,93.0,93.0,0.0
2009-12-28 14:30:00,INDEX:NDTH,93.0,93.0,93.0,93.0,0.0
2009-12-29 14:30:00,INDEX:NDTH,93.0,93.0,93.0,93.0,0.0
2009-12-30 14:30:00,INDEX:NDTH,93.0,93.0,93.0,93.0,0.0
2009-12-31 14:30:00,INDEX:NDTH,93.0,93.0,93.0,93.0,0.0
2010-01-04 14:30:00,INDEX:NDTH,91.0,91.0,91.0,91.0,0.0
2010-01-05 14:30:00,INDEX:NDTH,91.0,91.0,91.0,91.0,0.0
2010-01-06 14:30:00,INDEX:NDTH,91.0,91.0,91.0,91.0,0.0
2010-01-07 14:30:00,INDEX:NDTH,92.0,92.0,92.0,92.0,0.0
2010-01-08 14:30:00,INDEX:NDTH,92.0,92.0,92.0,92.0,0.0
2010-01-11 14:30:00,INDEX:NDTH,92.0,92.0,92.0,92.0,0.0
2010-01-12 14:30:00,INDEX:NDTH,92.0,92.0,92.0,92.0,0.0
2010-01-13 14:30:00,INDEX:NDTH,93.0,93.0,93.0,93.0,0.0
2010-01-14 14:30:00,INDEX:NDTH,93.0,93.0,93.0,93.0,0.0
2010-01-15 14:30:00,INDEX:NDTH,92.0,92.0,92.0,92.0,0.0
2010-01-19 14:30:00,INDEX:NDTH,95.0,95.0,95.0,95.0,0.0
2010-01-20 14:30:00,INDEX:NDTH,94.0,94.0,94.0,94.0,0.0
2010-01-21 14:30:00,INDEX:NDTH,94.0,94.0,94.0,94.0,0.0
2010-01-22 14:30:00,INDEX:NDTH,90.0,90.0,90.0,90.0,0.0
2010-01-25 14:30:00,INDEX:NDTH,93.0,93.0,93.0,93.0,0.0
2010-01-26 14:30:00,INDEX:NDTH,88.0,88.0,88.0,88.0,0.0
2010-01-27 14:30:00,INDEX:NDTH,91.0,91.0,91.0,91.0,0.0
2010-01-28 14:30:00,INDEX:NDTH,86.0,86.0,86.0,86.0,0.0
2010-01-29 14:30:00,INDEX:NDTH,83.0,83.0,83.0,83.0,0.0
2010-02-01 14:30:00,INDEX:NDTH,86.0,86.0,86.0,86.0,0.0
2010-02-02 14:30:00,INDEX:NDTH,87.0,87.0,87.0,87.0,0.0
2010-02-03 14:30:00,INDEX:NDTH,87.0,87.0,87.0,87.0,0.0
2010-02-04 14:30:00,INDEX:NDTH,79.0,79.0,79.0,79.0,0.0
2010-02-05 14:30:00,INDEX:NDTH,80.0,80.0,80.0,80.0,0.0
2010-02-08 14:30:00,INDEX:NDTH,77.0,77.0,77.0,77.0,0.0
2010-02-09 14:30:00,INDEX:NDTH,79.0,79.0,79.0,79.0,0.0
2010-02-10 14:30:00,INDEX:NDTH,80.0,80.0,80.0,80.0,0.0
2010-02-11 14:30:00,INDEX:NDTH,83.0,83.0,83.0,83.0,0.0
2010-02-12 14:30:00,INDEX:NDTH,80.0,80.0,80.0,80.0,0.0
2010-02-16 14:30:00,INDEX:NDTH,87.0,87.0,87.0,87.0,0.0
2010-02-17 14:30:00,INDEX:NDTH,87.0,87.0,87.0,87.0,0.0
2010-02-18 14:30:00,INDEX:NDTH,88.0,88.0,88.0,88.0,0.0
2010-02-19 14:30:00,INDEX:NDTH,86.0,86.0,86.0,86.0,0.0
2010-02-22 14:30:00,INDEX:NDTH,85.0,85.0,85.0,85.0,0.0
2010-02-23 14:30:00,INDEX:NDTH,83.0,83.0,83.0,83.0,0.0
2010-02-24 14:30:00,INDEX:NDTH,85.0,85.0,85.0,85.0,0.0
2010-02-25 14:30:00,INDEX:NDTH,82.0,82.0,82.0,82.0,0.0
2010-02-26 14:30:00,INDEX:NDTH,83.0,83.0,83.0,83.0,0.0
2010-03-01 14:30:00,INDEX:NDTH,86.0,86.0,86.0,86.0,0.0
2010-03-02 14:30:00,INDEX:NDTH,84.0,84.0,84.0,84.0,0.0
2010-03-03 14:30:00,INDEX:NDTH,86.0,86.0,86.0,86.0,0.0
2010-03-04 14:30:00,INDEX:NDTH,85.0,85.0,85.0,85.0,0.0
2010-03-05 14:30:00,INDEX:NDTH,87.0,87.0,87.0,87.0,0.0
2010-03-08 14:30:00,INDEX:NDTH,88.0,88.0,88.0,88.0,0.0
2010-03-09 14:30:00,INDEX:NDTH,89.0,89.0,89.0,89.0,0.0
2010-03-10 14:30:00,INDEX:NDTH,89.0,89.0,89.0,89.0,0.0
2010-03-11 14:30:00,INDEX:NDTH,90.0,90.0,90.0,90.0,0.0
2010-03-12 14:30:00,INDEX:NDTH,90.0,90.0,90.0,90.0,0.0
2010-03-15 13:30:00,INDEX:NDTH,88.0,88.0,88.0,88.0,0.0
2010-03-16 13:30:00,INDEX:NDTH,94.0,94.0,94.0,94.0,0.0
2010-03-17 13:30:00,INDEX:NDTH,93.0,93.0,93.0,93.0,0.0
2010-03-18 13:30:00,INDEX:NDTH,94.0,94.0,94.0,94.0,0.0
2010-03-19 13:30:00,INDEX:NDTH,93.0,93.0,93.0,93.0,0.0
2010-03-22 13:30:00,INDEX:NDTH,94.0,94.0,94.0,94.0,0.0
2010-03-23 13:30:00,INDEX:NDTH,94.0,94.0,94.0,94.0,0.0
2010-03-24 13:30:00,INDEX:NDTH,93.0,93.0,93.0,93.0,0.0
2010-03-25 13:30:00,INDEX:NDTH,91.0,91.0,91.0,91.0,0.0
2010-03-26 13:30:00,INDEX:NDTH,92.0,92.0,92.0,92.0,0.0
2010-03-29 13:30:00,INDEX:NDTH,92.0,92.0,92.0,92.0,0.0
2010-03-30 13:30:00,INDEX:NDTH,92.0,92.0,92.0,92.0,0.0
2010-03-31 13:30:00,INDEX:NDTH,92.0,92.0,92.0,92.0,0.0
2010-04-01 13:30:00,INDEX:NDTH,92.0,92.0,92.0,92.0,0.0
2010-04-05 13:30:00,INDEX:NDTH,93.0,93.0,93.0,93.0,0.0
2010-04-06 13:30:00,INDEX:NDTH,94.0,94.0,94.0,94.0,0.0
2010-04-07 13:30:00,INDEX:NDTH,92.0,92.0,92.0,92.0,0.0
2010-04-08 13:30:00,INDEX:NDTH,92.0,92.0,92.0,92.0,0.0
2010-04-09 13:30:00,INDEX:NDTH,94.0,94.0,94.0,94.0,0.0
2010-04-12 13:30:00,INDEX:NDTH,94.0,94.0,94.0,94.0,0.0
2010-04-13 13:30:00,INDEX:NDTH,95.0,95.0,95.0,95.0,0.0
2010-04-14 13:30:00,INDEX:NDTH,97.0,97.0,97.0,97.0,0.0
2010-04-15 13:30:00,INDEX:NDTH,97.0,97.0,97.0,97.0,0.0
2010-04-16 13:30:00,INDEX:NDTH,96.0,96.0,96.0,96.0,0.0
2010-04-19 13:30:00,INDEX:NDTH,96.0,96.0,96.0,96.0,0.0
2010-04-20 13:30:00,INDEX:NDTH,98.0,98.0,98.0,98.0,0.0
2010-04-21 13:30:00,INDEX:NDTH,97.0,97.0,97.0,97.0,0.0
2010-04-22 13:30:00,INDEX:NDTH,95.0,95.0,95.0,95.0,0.0
2010-04-23 13:30:00,INDEX:NDTH,98.0,98.0,98.0,98.0,0.0
2010-04-26 13:30:00,INDEX:NDTH,95.0,95.0,95.0,95.0,0.0
2010-04-27 13:30:00,INDEX:NDTH,92.0,92.0,92.0,92.0,0.0
2010-04-28 13:30:00,INDEX:NDTH,91.0,91.0,91.0,91.0,0.0
2010-04-29 13:30:00,INDEX:NDTH,94.0,94.0,94.0,94.0,0.0
2010-04-30 13:30:00,INDEX:NDTH,90.0,90.0,90.0,90.0,0.0
2010-05-03 13:30:00,INDEX:NDTH,91.0,91.0,91.0,91.0,0.0
2010-05-04 13:30:00,INDEX:NDTH,80.0,80.0,80.0,80.0,0.0
2010-05-05 13:30:00,INDEX:NDTH,81.0,81.0,81.0,81.0,0.0
2010-05-06 13:30:00,INDEX:NDTH,68.0,68.0,68.0,68.0,0.0
2010-05-07 13:30:00,INDEX:NDTH,64.0,64.0,64.0,64.0,0.0
2010-05-10 13:30:00,INDEX:NDTH,76.0,76.0,76.0,76.0,0.0
2010-05-11 13:30:00,INDEX:NDTH,75.0,75.0,75.0,75.0,0.0
2010-05-12 13:30:00,INDEX:NDTH,81.0,81.0,81.0,81.0,0.0
2010-05-13 13:30:00,INDEX:NDTH,74.0,74.0,74.0,74.0,0.0
2010-05-14 13:30:00,INDEX:NDTH,68.0,68.0,68.0,68.0,0.0
2010-05-17 13:30:00,INDEX:NDTH,71.0,71.0,71.0,71.0,0.0
2010-05-18 13:30:00,INDEX:NDTH,64.0,64.0,64.0,64.0,0.0
2010-05-19 13:30:00,INDEX:NDTH,61.0,61.0,61.0,61.0,0.0
2010-05-20 13:30:00,INDEX:NDTH,44.0,44.0,44.0,44.0,0.0
2010-05-21 13:30:00,INDEX:NDTH,48.0,48.0,48.0,48.0,0.0
2010-05-24 13:30:00,INDEX:NDTH,45.0,45.0,45.0,45.0,0.0
2010-05-25 13:30:00,INDEX:NDTH,45.0,45.0,45.0,45.0,0.0
2010-05-26 13:30:00,INDEX:NDTH,42.0,42.0,42.0,42.0,0.0
2010-05-27 13:30:00,INDEX:NDTH,55.0,55.0,55.0,55.0,0.0
2010-05-28 13:30:00,INDEX:NDTH,52.0,52.0,52.0,52.0,0.0
2010-06-01 13:30:00,INDEX:NDTH,44.0,44.0,44.0,44.0,0.0
2010-06-02 13:30:00,INDEX:NDTH,53.0,53.0,53.0,53.0,0.0
2010-06-03 13:30:00,INDEX:NDTH,54.0,54.0,54.0,54.0,0.0
2010-06-04 13:30:00,INDEX:NDTH,42.0,42.0,42.0,42.0,0.0
2010-06-07 13:30:00,INDEX:NDTH,33.0,33.0,33.0,33.0,0.0
2010-06-08 13:30:00,INDEX:NDTH,35.0,35.0,35.0,35.0,0.0
2010-06-09 13:30:00,INDEX:NDTH,35.0,35.0,35.0,35.0,0.0
2010-06-10 13:30:00,INDEX:NDTH,44.0,44.0,44.0,44.0,0.0
2010-06-11 13:30:00,INDEX:NDTH,47.0,47.0,47.0,47.0,0.0
2010-06-14 13:30:00,INDEX:NDTH,46.0,46.0,46.0,46.0,0.0
2010-06-15 13:30:00,INDEX:NDTH,55.0,55.0,55.0,55.0,0.0
2010-06-16 13:30:00,INDEX:NDTH,53.0,53.0,53.0,53.0,0.0
2010-06-17 13:30:00,INDEX:NDTH,54.0,54.0,54.0,54.0,0.0
2010-06-18 13:30:00,INDEX:NDTH,55.0,55.0,55.0,55.0,0.0
2010-06-21 13:30:00,INDEX:NDTH,54.0,54.0,54.0,54.0,0.0
2010-06-22 13:30:00,INDEX:NDTH,47.0,47.0,47.0,47.0,0.0
2010-06-23 13:30:00,INDEX:NDTH,49.0,49.0,49.0,49.0,0.0
2010-06-24 13:30:00,INDEX:NDTH,40.0,40.0,40.0,40.0,0.0
2010-06-25 13:30:00,INDEX:NDTH,40.0,40.0,40.0,40.0,0.0
2010-06-28 13:30:00,INDEX:NDTH,41.0,41.0,41.0,41.0,0.0
2010-06-29 13:30:00,INDEX:NDTH,32.0,32.0,32.0,32.0,0.0
2010-06-30 13:30:00,INDEX:NDTH,30.0,30.0,30.0,30.0,0.0
2010-07-01 13:30:00,INDEX:NDTH,29.0,29.0,29.0,29.0,0.0
2010-07-02 13:30:00,INDEX:NDTH,27.0,27.0,27.0,27.0,0.0
2010-07-06 13:30:00,INDEX:NDTH,29.0,29.0,29.0,29.0,0.0
2010-07-07 13:30:00,INDEX:NDTH,33.0,33.0,33.0,33.0,0.0
2010-07-08 13:30:00,INDEX:NDTH,36.0,36.0,36.0,36.0,0.0
2010-07-09 13:30:00,INDEX:NDTH,40.0,40.0,40.0,40.0,0.0
2010-07-12 13:30:00,INDEX:NDTH,40.0,40.0,40.0,40.0,0.0
2010-07-13 13:30:00,INDEX:NDTH,46.0,46.0,46.0,46.0,0.0
2010-07-14 13:30:00,INDEX:NDTH,48.0,48.0,48.0,48.0,0.0
2010-07-15 13:30:00,INDEX:NDTH,49.0,49.0,49.0,49.0,0.0
2010-07-16 13:30:00,INDEX:NDTH,40.0,40.0,40.0,40.0,0.0
2010-07-19 13:30:00,INDEX:NDTH,44.0,44.0,44.0,44.0,0.0
2010-07-20 13:30:00,INDEX:NDTH,44.0,44.0,44.0,44.0,0.0
2010-07-21 13:30:00,INDEX:NDTH,42.0,42.0,42.0,42.0,0.0
2010-07-22 13:30:00,INDEX:NDTH,44.0,44.0,44.0,44.0,0.0
2010-07-23 13:30:00,INDEX:NDTH,48.0,48.0,48.0,48.0,0.0
2010-07-26 13:30:00,INDEX:NDTH,52.0,52.0,52.0,52.0,0.0
2010-07-27 13:30:00,INDEX:NDTH,51.0,51.0,51.0,51.0,0.0
2010-07-28 13:30:00,INDEX:NDTH,48.0,48.0,48.0,48.0,0.0
2010-07-29 13:30:00,INDEX:NDTH,47.0,47.0,47.0,47.0,0.0
2010-07-30 13:30:00,INDEX:NDTH,45.0,45.0,45.0,45.0,0.0
2010-08-02 13:30:00,INDEX:NDTH,56.0,56.0,56.0,56.0,0.0
2010-08-03 13:30:00,INDEX:NDTH,54.0,54.0,54.0,54.0,0.0
2010-08-04 13:30:00,INDEX:NDTH,58.0,58.0,58.0,58.0,0.0
2010-08-05 13:30:00,INDEX:NDTH,57.0,57.0,57.0,57.0,0.0
2010-08-06 13:30:00,INDEX:NDTH,57.0,57.0,57.0,57.0,0.0
2010-08-09 13:30:00,INDEX:NDTH,58.0,58.0,58.0,58.0,0.0
2010-08-10 13:30:00,INDEX:NDTH,56.0,56.0,56.0,56.0,0.0
2010-08-11 13:30:00,INDEX:NDTH,49.0,49.0,49.0,49.0,0.0
2010-08-12 13:30:00,INDEX:NDTH,47.0,47.0,47.0,47.0,0.0
2010-08-13 13:30:00,INDEX:NDTH,45.0,45.0,45.0,45.0,0.0
2010-08-16 13:30:00,INDEX:NDTH,46.0,46.0,46.0,46.0,0.0
2010-08-17 13:30:00,INDEX:NDTH,49.0,49.0,49.0,49.0,0.0
2010-08-18 13:30:00,INDEX:NDTH,51.0,51.0,51.0,51.0,0.0
2010-08-19 13:30:00,INDEX:NDTH,47.0,47.0,47.0,47.0,0.0
2010-08-20 13:30:00,INDEX:NDTH,50.0,50.0,50.0,50.0,0.0
2010-08-23 13:30:00,INDEX:NDTH,46.0,46.0,46.0,46.0,0.0
2010-08-24 13:30:00,INDEX:NDTH,38.0,38.0,38.0,38.0,0.0
2010-08-25 13:30:00,INDEX:NDTH,41.0,41.0,41.0,41.0,0.0
2010-08-26 13:30:00,INDEX:NDTH,37.0,37.0,37.0,37.0,0.0
2010-08-27 13:30:00,INDEX:NDTH,43.0,43.0,43.0,43.0,0.0
2010-08-30 13:30:00,INDEX:NDTH,36.0,36.0,36.0,36.0,0.0
2010-08-31 13:30:00,INDEX:NDTH,37.0,37.0,37.0,37.0,0.0
2010-09-01 13:30:00,INDEX:NDTH,36.0,42.0,36.0,40.0,0.0
2010-09-02 13:30:00,INDEX:NDTH,43.0,48.0,43.0,48.0,0.0
2010-09-03 13:30:00,INDEX:NDTH,51.0,51.0,48.0,50.0,0.0
2010-09-07 13:30:00,INDEX:NDTH,50.0,50.0,48.0,49.0,0.0
2010-09-08 13:30:00,INDEX:NDTH,51.0,51.0,51.0,51.0,0.0
2010-09-09 13:30:00,INDEX:NDTH,50.0,52.0,48.0,51.0,0.0
2010-09-10 13:30:00,INDEX:NDTH,50.0,52.0,48.0,51.0,0.0
2010-09-13 13:30:00,INDEX:NDTH,53.0,55.0,53.0,54.0,0.0
2010-09-14 13:30:00,INDEX:NDTH,56.0,60.0,55.0,59.0,0.0
2010-09-15 13:30:00,INDEX:NDTH,56.0,59.0,56.0,59.0,0.0
2010-09-16 13:30:00,INDEX:NDTH,58.0,59.0,54.0,59.0,0.0
2010-09-17 13:30:00,INDEX:NDTH,59.0,59.0,57.0,59.0,0.0
2010-09-20 13:30:00,INDEX:NDTH,59.0,62.0,59.0,62.0,0.0
2010-09-21 13:30:00,INDEX:NDTH,60.0,61.0,60.0,61.0,0.0
2010-09-22 13:30:00,INDEX:NDTH,60.0,60.0,57.0,58.0,0.0
2010-09-23 13:30:00,INDEX:NDTH,58.0,61.0,57.0,57.0,0.0
2010-09-24 13:30:00,INDEX:NDTH,61.0,65.0,61.0,65.0,0.0
2010-09-27 13:30:00,INDEX:NDTH,63.0,64.0,62.0,62.0,0.0
2010-09-28 13:30:00,INDEX:NDTH,60.0,68.0,60.0,67.0,0.0
2010-09-29 13:30:00,INDEX:NDTH,65.0,65.0,63.0,65.0,0.0
2010-09-30 13:30:00,INDEX:NDTH,64.0,64.0,61.0,63.0,0.0
2010-10-01 13:30:00,INDEX:NDTH,64.0,64.0,64.0,64.0,0.0
2010-10-04 13:30:00,INDEX:NDTH,63.0,65.0,57.0,62.0,0.0
2010-10-05 13:30:00,INDEX:NDTH,66.0,69.0,65.0,69.0,0.0
2010-10-06 13:30:00,INDEX:NDTH,67.0,67.0,63.0,65.0,0.0
2010-10-07 13:30:00,INDEX:NDTH,66.0,67.0,63.0,66.0,0.0
2010-10-08 13:30:00,INDEX:NDTH,67.0,68.0,66.0,68.0,0.0
2010-10-11 13:30:00,INDEX:NDTH,68.0,68.0,68.0,68.0,0.0
2010-10-12 13:30:00,INDEX:NDTH,64.0,69.0,63.0,68.0,0.0
2010-10-13 13:30:00,INDEX:NDTH,68.0,69.0,68.0,68.0,0.0
2010-10-14 13:30:00,INDEX:NDTH,68.0,69.0,67.0,67.0,0.0
2010-10-15 13:30:00,INDEX:NDTH,68.0,71.0,66.0,71.0,0.0
2010-10-18 13:30:00,INDEX:NDTH,70.0,72.0,69.0,70.0,0.0
2010-10-19 13:30:00,INDEX:NDTH,69.0,69.0,68.0,69.0,0.0
2010-10-20 13:30:00,INDEX:NDTH,70.0,71.0,69.0,70.0,0.0
2010-10-21 13:30:00,INDEX:NDTH,68.0,70.0,65.0,68.0,0.0
2010-10-22 13:30:00,INDEX:NDTH,71.0,71.0,67.0,71.0,0.0
2010-10-25 13:30:00,INDEX:NDTH,73.0,75.0,71.0,73.0,0.0
2010-10-26 13:30:00,INDEX:NDTH,70.0,74.0,70.0,74.0,0.0
2010-10-27 13:30:00,INDEX:NDTH,75.0,77.0,74.0,77.0,0.0
2010-10-28 13:30:00,INDEX:NDTH,78.0,79.0,77.0,77.0,0.0
2010-10-29 13:30:00,INDEX:NDTH,78.0,79.0,75.0,77.0,0.0
2010-11-01 13:30:00,INDEX:NDTH,81.0,81.0,76.0,80.0,0.0
2010-11-02 13:30:00,INDEX:NDTH,82.0,82.0,81.0,81.0,0.0
2010-11-03 13:30:00,INDEX:NDTH,80.0,81.0,78.0,81.0,0.0
2010-11-04 13:30:00,INDEX:NDTH,83.0,83.0,81.0,83.0,0.0
2010-11-05 13:30:00,INDEX:NDTH,83.0,83.0,80.0,81.0,0.0
2010-11-08 14:30:00,INDEX:NDTH,81.0,82.0,81.0,82.0,0.0
2010-11-09 14:30:00,INDEX:NDTH,82.0,82.0,80.0,81.0,0.0
2010-11-10 14:30:00,INDEX:NDTH,80.0,82.0,80.0,82.0,0.0
2010-11-11 14:30:00,INDEX:NDTH,76.0,82.0,76.0,81.0,0.0
2010-11-12 14:30:00,INDEX:NDTH,77.0,78.0,76.0,77.0,0.0
2010-11-15 14:30:00,INDEX:NDTH,78.0,79.0,77.0,78.0,0.0
2010-11-16 14:30:00,INDEX:NDTH,76.0,76.0,74.0,74.0,0.0
2010-11-17 14:30:00,INDEX:NDTH,73.0,75.0,73.0,75.0,0.0
2010-11-18 14:30:00,INDEX:NDTH,76.0,76.0,76.0,76.0,0.0
2010-11-19 14:30:00,INDEX:NDTH,78.0,81.0,76.0,80.0,0.0
2010-11-22 14:30:00,INDEX:NDTH,81.0,82.0,78.0,81.0,0.0
2010-11-23 14:30:00,INDEX:NDTH,79.0,80.0,77.0,79.0,0.0
2010-11-24 14:30:00,INDEX:NDTH,81.0,82.0,81.0,82.0,0.0
2010-11-26 14:30:00,INDEX:NDTH,81.0,81.0,80.0,81.0,0.0
2010-11-29 14:30:00,INDEX:NDTH,79.0,81.0,76.0,80.0,0.0
2010-11-30 14:30:00,INDEX:NDTH,77.0,79.0,77.0,77.0,0.0
2010-12-01 14:30:00,INDEX:NDTH,79.0,81.0,79.0,80.0,0.0
2010-12-02 14:30:00,INDEX:NDTH,81.0,85.0,81.0,85.0,0.0
2010-12-03 14:30:00,INDEX:NDTH,84.0,84.0,84.0,84.0,0.0
2010-12-06 14:30:00,INDEX:NDTH,83.0,83.0,83.0,83.0,0.0
2010-12-07 14:30:00,INDEX:NDTH,85.0,85.0,83.0,83.0,0.0
2010-12-08 14:30:00,INDEX:NDTH,83.0,83.0,82.0,83.0,0.0
2010-12-09 14:30:00,INDEX:NDTH,84.0,84.0,82.0,83.0,0.0
2010-12-10 14:30:00,INDEX:NDTH,85.0,86.0,84.0,85.0,0.0
2010-12-13 14:30:00,INDEX:NDTH,84.0,85.0,82.0,83.0,0.0
2010-12-14 14:30:00,INDEX:NDTH,83.0,85.0,83.0,85.0,0.0
2010-12-15 14:30:00,INDEX:NDTH,85.0,85.0,84.0,85.0,0.0
2010-12-16 14:30:00,INDEX:NDTH,86.0,86.0,84.0,86.0,0.0
2010-12-17 14:30:00,INDEX:NDTH,86.0,87.0,86.0,86.0,0.0
2010-12-20 14:30:00,INDEX:NDTH,86.0,87.0,85.0,86.0,0.0
2010-12-21 14:30:00,INDEX:NDTH,87.0,89.0,86.0,88.0,0.0
2010-12-22 14:30:00,INDEX:NDTH,88.0,89.0,86.0,89.0,0.0
2010-12-23 14:30:00,INDEX:NDTH,88.0,89.0,88.0,88.0,0.0
2010-12-27 14:30:00,INDEX:NDTH,88.0,88.0,87.0,88.0,0.0
2010-12-28 14:30:00,INDEX:NDTH,88.0,88.0,86.0,87.0,0.0
2010-12-29 14:30:00,INDEX:NDTH,88.0,89.0,87.0,88.0,0.0
2010-12-30 14:30:00,INDEX:NDTH,85.0,88.0,85.0,88.0,0.0
2010-12-31 14:30:00,INDEX:NDTH,85.0,86.0,84.0,86.0,0.0
2011-01-03 14:30:00,INDEX:NDTH,89.0,90.0,88.0,88.0,0.0
2011-01-04 14:30:00,INDEX:NDTH,88.0,89.0,86.0,87.0,0.0
2011-01-05 14:30:00,INDEX:NDTH,89.0,92.0,89.0,91.0,0.0
2011-01-06 14:30:00,INDEX:NDTH,91.0,92.0,90.0,91.0,0.0
2011-01-07 14:30:00,INDEX:NDTH,92.0,92.0,90.0,91.0,0.0
2011-01-10 14:30:00,INDEX:NDTH,91.0,91.0,89.0,89.0,0.0
2011-01-11 14:30:00,INDEX:NDTH,90.0,91.0,89.0,91.0,0.0
2011-01-12 14:30:00,INDEX:NDTH,91.0,91.0,91.0,91.0,0.0
2011-01-13 14:30:00,INDEX:NDTH,91.0,91.0,91.0,91.0,0.0
2011-01-14 14:30:00,INDEX:NDTH,91.0,91.0,91.0,91.0,0.0
2011-01-18 14:30:00,INDEX:NDTH,91.0,93.0,91.0,92.0,0.0
2011-01-19 14:30:00,INDEX:NDTH,91.0,91.0,89.0,91.0,0.0
2011-01-20 14:30:00,INDEX:NDTH,90.0,90.0,89.0,89.0,0.0
2011-01-21 14:30:00,INDEX:NDTH,91.0,91.0,88.0,88.0,0.0
2011-01-24 14:30:00,INDEX:NDTH,88.0,91.0,87.0,90.0,0.0
2011-01-25 14:30:00,INDEX:NDTH,90.0,92.0,90.0,92.0,0.0
2011-01-26 14:30:00,INDEX:NDTH,92.0,93.0,91.0,92.0,0.0
2011-01-27 14:30:00,INDEX:NDTH,91.0,91.0,90.0,90.0,0.0
2011-01-28 14:30:00,INDEX:NDTH,91.0,91.0,87.0,88.0,0.0
2011-01-31 14:30:00,INDEX:NDTH,88.0,88.0,86.0,87.0,0.0
2011-02-01 14:30:00,INDEX:NDTH,89.0,91.0,88.0,89.0,0.0
2011-02-02 14:30:00,INDEX:NDTH,90.0,92.0,90.0,92.0,0.0
2011-02-03 14:30:00,INDEX:NDTH,92.0,92.0,91.0,92.0,0.0
2011-02-04 14:30:00,INDEX:NDTH,93.0,94.0,92.0,94.0,0.0
2011-02-07 14:30:00,INDEX:NDTH,95.0,95.0,93.0,93.0,0.0
2011-02-08 14:30:00,INDEX:NDTH,93.0,94.0,92.0,93.0,0.0
2011-02-09 14:30:00,INDEX:NDTH,91.0,93.0,91.0,91.0,0.0
2011-02-10 14:30:00,INDEX:NDTH,89.0,90.0,89.0,90.0,0.0
2011-02-11 14:30:00,INDEX:NDTH,89.0,90.0,89.0,90.0,0.0
2011-02-14 14:30:00,INDEX:NDTH,89.0,89.0,88.0,89.0,0.0
2011-02-15 14:30:00,INDEX:NDTH,89.0,89.0,89.0,89.0,0.0
2011-02-16 14:30:00,INDEX:NDTH,89.0,89.0,88.0,89.0,0.0
2011-02-17 14:30:00,INDEX:NDTH,89.0,90.0,88.0,89.0,0.0
2011-02-18 14:30:00,INDEX:NDTH,89.0,89.0,89.0,89.0,0.0
2011-02-22 14:30:00,INDEX:NDTH,89.0,89.0,88.0,89.0,0.0
2011-02-23 14:30:00,INDEX:NDTH,88.0,88.0,86.0,87.0,0.0
2011-02-24 14:30:00,INDEX:NDTH,87.0,88.0,87.0,87.0,0.0
2011-02-25 14:30:00,INDEX:NDTH,88.0,89.0,88.0,89.0,0.0
2011-02-28 14:30:00,INDEX:NDTH,89.0,89.0,89.0,89.0,0.0
2011-03-01 14:30:00,INDEX:NDTH,89.0,89.0,86.0,86.0,0.0
2011-03-02 14:30:00,INDEX:NDTH,88.0,88.0,86.0,87.0,0.0
2011-03-03 14:30:00,INDEX:NDTH,89.0,89.0,87.0,88.0,0.0
2011-03-04 14:30:00,INDEX:NDTH,86.0,87.0,86.0,86.0,0.0
2011-03-07 14:30:00,INDEX:NDTH,87.0,87.0,84.0,85.0,0.0
2011-03-08 14:30:00,INDEX:NDTH,83.0,86.0,83.0,86.0,0.0
2011-03-09 14:30:00,INDEX:NDTH,83.0,86.0,83.0,86.0,0.0
2011-03-10 14:30:00,INDEX:NDTH,82.0,82.0,81.0,81.0,0.0
2011-03-11 14:30:00,INDEX:NDTH,82.0,84.0,81.0,83.0,0.0
2011-03-14 13:30:00,INDEX:NDTH,82.0,82.0,80.0,81.0,0.0
2011-03-15 13:30:00,INDEX:NDTH,78.0,79.0,77.0,79.0,0.0
2011-03-16 13:30:00,INDEX:NDTH,79.0,80.0,75.0,75.0,0.0
2011-03-17 13:30:00,INDEX:NDTH,79.0,79.0,75.0,77.0,0.0
2011-03-18 13:30:00,INDEX:NDTH,78.0,78.0,77.0,77.0,0.0
2011-03-21 13:30:00,INDEX:NDTH,78.0,82.0,78.0,80.0,0.0
2011-03-22 13:30:00,INDEX:NDTH,78.0,79.0,77.0,79.0,0.0
2011-03-23 13:30:00,INDEX:NDTH,76.0,81.0,75.0,80.0,0.0
2011-03-24 13:30:00,INDEX:NDTH,81.0,85.0,81.0,85.0,0.0
2011-03-25 13:30:00,INDEX:NDTH,83.0,86.0,83.0,85.0,0.0
2011-03-28 13:30:00,INDEX:NDTH,85.0,85.0,82.0,82.0,0.0
2011-03-29 13:30:00,INDEX:NDTH,79.0,84.0,79.0,84.0,0.0
2011-03-30 13:30:00,INDEX:NDTH,86.0,86.0,84.0,86.0,0.0
2011-03-31 13:30:00,INDEX:NDTH,86.0,86.0,83.0,85.0,0.0
2011-04-01 13:30:00,INDEX:NDTH,83.0,84.0,83.0,83.0,0.0
2011-04-04 13:30:00,INDEX:NDTH,83.0,84.0,83.0,84.0,0.0
2011-04-05 13:30:00,INDEX:NDTH,85.0,85.0,84.0,84.0,0.0
2011-04-06 13:30:00,INDEX:NDTH,88.0,88.0,85.0,86.0,0.0
2011-04-07 13:30:00,INDEX:NDTH,87.0,88.0,85.0,88.0,0.0
2011-04-08 13:30:00,INDEX:NDTH,89.0,89.0,85.0,85.0,0.0
2011-04-11 13:30:00,INDEX:NDTH,88.0,88.0,84.0,84.0,0.0
2011-04-12 13:30:00,INDEX:NDTH,82.0,84.0,82.0,83.0,0.0
2011-04-13 13:30:00,INDEX:NDTH,84.0,85.0,82.0,83.0,0.0
2011-04-14 13:30:00,INDEX:NDTH,80.0,85.0,80.0,84.0,0.0
2011-04-15 13:30:00,INDEX:NDTH,81.0,82.0,81.0,82.0,0.0
2011-04-18 13:30:00,INDEX:NDTH,81.0,81.0,78.0,81.0,0.0
2011-04-19 13:30:00,INDEX:NDTH,82.0,82.0,80.0,81.0,0.0
2011-04-20 13:30:00,INDEX:NDTH,83.0,85.0,83.0,84.0,0.0
2011-04-21 13:30:00,INDEX:NDTH,86.0,86.0,83.0,85.0,0.0
2011-04-25 13:30:00,INDEX:NDTH,84.0,86.0,84.0,86.0,0.0
2011-04-26 13:30:00,INDEX:NDTH,86.0,88.0,86.0,88.0,0.0
2011-04-27 13:30:00,INDEX:NDTH,87.0,87.0,87.0,87.0,0.0
2011-04-28 13:30:00,INDEX:NDTH,87.0,88.0,87.0,88.0,0.0
2011-04-29 13:30:00,INDEX:NDTH,89.0,89.0,86.0,88.0,0.0
2011-05-02 13:30:00,INDEX:NDTH,86.0,87.0,86.0,87.0,0.0
2011-05-03 13:30:00,INDEX:NDTH,87.0,87.0,84.0,85.0,0.0
2011-05-04 13:30:00,INDEX:NDTH,87.0,87.0,84.0,86.0,0.0
2011-05-05 13:30:00,INDEX:NDTH,84.0,88.0,84.0,84.0,0.0
2011-05-06 13:30:00,INDEX:NDTH,88.0,88.0,86.86,86.86,0.0
2011-05-09 13:30:00,INDEX:NDTH,85.85,86.86,84.84,84.84,0.0
2011-05-10 13:30:00,INDEX:NDTH,83.83,86.86,83.83,85.85,0.0
2011-05-11 13:30:00,INDEX:NDTH,86.86,86.86,82.82,85.85,0.0
2011-05-12 13:30:00,INDEX:NDTH,83.83,86.86,83.83,86.86,0.0
2011-05-13 13:30:00,INDEX:NDTH,85.85,86.86,83.83,85.85,0.0
2011-05-16 13:30:00,INDEX:NDTH,85.85,85.85,82.82,82.82,0.0
2011-05-17 13:30:00,INDEX:NDTH,80.8,83.83,79.79,81.81,0.0
2011-05-18 13:30:00,INDEX:NDTH,81.81,81.81,78.78,81.81,0.0
2011-05-19 13:30:00,INDEX:NDTH,81.81,82.82,81.81,82.82,0.0
2011-05-20 13:30:00,INDEX:NDTH,82.82,82.82,80.8,81.81,0.0
2011-05-23 13:30:00,INDEX:NDTH,79.79,80.8,79.79,79.79,0.0
2011-05-24 13:30:00,INDEX:NDTH,79.79,79.79,78.78,79.79,0.0
2011-05-25 13:30:00,INDEX:NDTH,77.77,80.8,77.77,80.8,0.0
2011-05-26 13:30:00,INDEX:NDTH,80.8,80.8,77.77,78.78,0.0
2011-05-27 13:30:00,INDEX:NDTH,79.79,81.81,78.78,80.8,0.0
2011-05-31 13:30:00,INDEX:NDTH,84.84,84.84,83.83,84.84,0.0
2011-06-01 13:30:00,INDEX:NDTH,83.83,83.83,78.78,81.0,0.0
2011-06-02 13:30:00,INDEX:NDTH,80.0,82.0,79.0,80.0,0.0
2011-06-03 13:30:00,INDEX:NDTH,78.0,79.0,77.0,77.0,0.0
2011-06-06 13:30:00,INDEX:NDTH,74.0,75.0,71.0,71.0,0.0
2011-06-07 13:30:00,INDEX:NDTH,72.0,74.0,71.0,73.0,0.0
2011-06-08 13:30:00,INDEX:NDTH,70.0,70.0,69.0,69.0,0.0
2011-06-09 13:30:00,INDEX:NDTH,69.0,70.0,68.0,69.0,0.0
2011-06-10 13:30:00,INDEX:NDTH,68.0,68.0,66.0,67.0,0.0
2011-06-13 13:30:00,INDEX:NDTH,68.0,68.0,64.0,66.0,0.0
2011-06-14 13:30:00,INDEX:NDTH,68.0,70.0,68.0,69.0,0.0
2011-06-15 13:30:00,INDEX:NDTH,64.0,68.0,62.0,64.0,0.0
2011-06-16 13:30:00,INDEX:NDTH,64.0,64.0,56.0,57.0,0.0
2011-06-17 13:30:00,INDEX:NDTH,60.0,61.0,57.0,58.0,0.0
2011-06-20 13:30:00,INDEX:NDTH,59.0,62.0,57.0,61.0,0.0
2011-06-21 13:30:00,INDEX:NDTH,59.0,64.0,58.0,64.0,0.0
2011-06-22 13:30:00,INDEX:NDTH,64.0,65.0,63.0,63.0,0.0
2011-06-23 13:30:00,INDEX:NDTH,57.0,65.0,57.0,65.0,0.0
2011-06-24 13:30:00,INDEX:NDTH,65.0,65.0,59.0,60.0,0.0
2011-06-27 13:30:00,INDEX:NDTH,60.0,65.0,60.0,63.0,0.0
2011-06-28 13:30:00,INDEX:NDTH,65.0,67.0,64.0,67.0,0.0
2011-06-29 13:30:00,INDEX:NDTH,67.0,68.0,66.0,68.0,0.0
2011-06-30 13:30:00,INDEX:NDTH,68.0,73.0,68.0,71.0,0.0
2011-07-01 13:30:00,INDEX:NDTH,71.0,76.0,71.0,76.0,0.0
2011-07-05 13:30:00,INDEX:NDTH,73.0,73.0,70.0,73.0,0.0
2011-07-06 13:30:00,INDEX:NDTH,71.0,77.0,71.0,75.0,0.0
2011-07-07 13:30:00,INDEX:NDTH,77.0,80.0,76.0,79.0,0.0
2011-07-08 13:30:00,INDEX:NDTH,78.0,78.0,74.0,76.0,0.0
2011-07-11 13:30:00,INDEX:NDTH,73.0,74.0,68.0,69.0,0.0
2011-07-12 13:30:00,INDEX:NDTH,67.0,69.0,64.0,65.0,0.0
2011-07-13 13:30:00,INDEX:NDTH,66.0,71.0,66.0,67.0,0.0
2011-07-14 13:30:00,INDEX:NDTH,67.0,69.0,62.0,62.0,0.0
2011-07-15 13:30:00,INDEX:NDTH,61.0,62.0,60.0,62.0,0.0
2011-07-18 13:30:00,INDEX:NDTH,60.0,60.0,55.0,56.0,0.0
2011-07-19 13:30:00,INDEX:NDTH,63.0,64.0,62.0,63.0,0.0
2011-07-20 13:30:00,INDEX:NDTH,63.0,63.0,60.0,60.0,0.0
2011-07-21 13:30:00,INDEX:NDTH,62.0,65.0,62.0,64.0,0.0
2011-07-22 13:30:00,INDEX:NDTH,65.0,66.0,64.0,66.0,0.0
2011-07-25 13:30:00,INDEX:NDTH,64.0,64.0,63.0,63.0,0.0
2011-07-26 13:30:00,INDEX:NDTH,63.0,65.0,63.0,65.0,0.0
2011-07-27 13:30:00,INDEX:NDTH,60.0,61.0,54.0,55.0,0.0
2011-07-28 13:30:00,INDEX:NDTH,53.0,57.0,53.0,55.0,0.0
2011-07-29 13:30:00,INDEX:NDTH,47.0,54.0,47.0,52.0,0.0
2011-08-01 13:30:00,INDEX:NDTH,53.0,53.0,44.0,49.0,0.0
2011-08-02 13:30:00,INDEX:NDTH,46.0,47.0,40.0,40.0,0.0
2011-08-03 13:30:00,INDEX:NDTH,39.0,41.0,34.0,41.0,0.0
2011-08-04 13:30:00,INDEX:NDTH,36.0,36.0,29.0,29.0,0.0
2011-08-05 13:30:00,INDEX:NDTH,29.0,29.0,24.0,27.0,0.0
2011-08-08 13:30:00,INDEX:NDTH,22.0,22.0,12.87,13.86,0.0
2011-08-09 13:30:00,INDEX:NDTH,13.86,22.77,13.86,22.77,0.0
2011-08-10 13:30:00,INDEX:NDTH,15.84,17.82,14.85,14.85,0.0
2011-08-11 13:30:00,INDEX:NDTH,14.85,23.76,14.85,21.78,0.0
2011-08-12 13:30:00,INDEX:NDTH,22.77,26.73,21.78,25.74,0.0
2011-08-15 13:30:00,INDEX:NDTH,26.73,26.73,25.74,26.73,0.0
2011-08-16 13:30:00,INDEX:NDTH,26.73,28.71,25.74,28.71,0.0
2011-08-17 13:30:00,INDEX:NDTH,27.72,28.71,25.74,27.72,0.0
2011-08-18 13:30:00,INDEX:NDTH,21.78,21.78,14.85,16.83,0.0
2011-08-19 13:30:00,INDEX:NDTH,17.82,21.78,14.85,14.85,0.0
2011-08-22 13:30:00,INDEX:NDTH,18.81,20.79,13.86,15.84,0.0
2011-08-23 13:30:00,INDEX:NDTH,13.86,25.74,13.86,25.74,0.0
2011-08-24 13:30:00,INDEX:NDTH,24.75,28.71,24.75,28.71,0.0
2011-08-25 13:30:00,INDEX:NDTH,26.73,26.73,22.77,22.77,0.0
2011-08-26 13:30:00,INDEX:NDTH,20.79,25.74,20.79,25.74,0.0
2011-08-29 13:30:00,INDEX:NDTH,26.73,30.69,26.73,28.71,0.0
2011-08-30 13:30:00,INDEX:NDTH,30.69,34.65,28.71,33.66,0.0
2011-08-31 13:30:00,INDEX:NDTH,36.63,38.61,32.67,33.66,0.0
2011-09-01 13:30:00,INDEX:NDTH,33.66,34.65,30.69,31.68,0.0
2011-09-02 13:30:00,INDEX:NDTH,25.74,27.72,24.75,24.75,0.0
2011-09-06 13:30:00,INDEX:NDTH,22.77,27.72,22.77,27.72,0.0
2011-09-07 13:30:00,INDEX:NDTH,28.71,30.69,28.71,30.69,0.0
2011-09-08 13:30:00,INDEX:NDTH,31.68,31.68,29.7,30.69,0.0
2011-09-09 13:30:00,INDEX:NDTH,26.73,28.71,25.74,25.74,0.0
2011-09-12 13:30:00,INDEX:NDTH,25.74,26.73,24.75,26.73,0.0
2011-09-13 13:30:00,INDEX:NDTH,27.72,28.71,26.73,27.72,0.0
2011-09-14 13:30:00,INDEX:NDTH,28.71,36.0,28.0,31.0,0.0
2011-09-15 13:30:00,INDEX:NDTH,35.0,37.0,32.0,37.0,0.0
2011-09-16 13:30:00,INDEX:NDTH,38.0,40.0,36.0,37.0,0.0
2011-09-19 13:30:00,INDEX:NDTH,35.0,36.0,35.0,36.0,0.0
2011-09-20 13:30:00,INDEX:NDTH,36.0,38.0,35.0,35.0,0.0
2011-09-21 13:30:00,INDEX:NDTH,35.0,38.0,31.0,31.0,0.0
2011-09-22 13:30:00,INDEX:NDTH,28.0,28.0,23.0,26.0,0.0
2011-09-23 13:30:00,INDEX:NDTH,26.0,27.0,24.0,26.0,0.0
2011-09-26 13:30:00,INDEX:NDTH,27.0,29.0,24.0,28.0,0.0
2011-09-27 13:30:00,INDEX:NDTH,30.0,35.0,30.0,31.0,0.0
2011-09-28 13:30:00,INDEX:NDTH,32.0,34.0,26.0,26.0,0.0
2011-09-29 13:30:00,INDEX:NDTH,29.0,29.0,20.0,23.0,0.0
2011-09-30 13:30:00,INDEX:NDTH,23.0,24.0,21.0,21.0,0.0
2011-10-03 13:30:00,INDEX:NDTH,20.0,22.0,17.0,17.0,0.0
2011-10-04 13:30:00,INDEX:NDTH,15.0,21.0,14.0,21.0,0.0
2011-10-05 13:30:00,INDEX:NDTH,20.0,26.0,20.0,25.0,0.0
2011-10-06 13:30:00,INDEX:NDTH,24.0,28.0,24.0,28.0,0.0
2011-10-07 13:30:00,INDEX:NDTH,26.0,30.0,26.0,27.0,0.0
2011-10-10 13:30:00,INDEX:NDTH,32.0,37.0,32.0,36.0,0.0
2011-10-11 13:30:00,INDEX:NDTH,34.0,38.0,33.0,35.0,0.0
2011-10-12 13:30:00,INDEX:NDTH,41.0,45.0,39.0,39.0,0.0
2011-10-13 13:30:00,INDEX:NDTH,41.0,41.0,38.0,41.0,0.0
2011-10-14 13:30:00,INDEX:NDTH,46.0,47.0,45.0,47.0,0.0
2011-10-17 13:30:00,INDEX:NDTH,47.0,48.0,39.0,41.0,0.0
2011-10-18 13:30:00,INDEX:NDTH,38.0,51.0,36.0,48.0,0.0
2011-10-19 13:30:00,INDEX:NDTH,47.0,49.0,42.0,44.0,0.0
2011-10-20 13:30:00,INDEX:NDTH,40.0,42.0,35.0,41.0,0.0
2011-10-21 13:30:00,INDEX:NDTH,45.0,48.0,45.0,48.0,0.0
2011-10-24 13:30:00,INDEX:NDTH,49.0,50.0,49.0,50.0,0.0
2011-10-25 13:30:00,INDEX:NDTH,47.0,51.0,47.0,48.0,0.0
2011-10-26 13:30:00,INDEX:NDTH,49.0,49.0,41.0,49.0,0.0
2011-10-27 13:30:00,INDEX:NDTH,57.0,63.0,56.0,61.0,0.0
2011-10-28 13:30:00,INDEX:NDTH,61.0,61.0,57.0,57.0,0.0
2011-10-31 13:30:00,INDEX:NDTH,56.0,57.0,53.0,53.0,0.0
2011-11-01 13:30:00,INDEX:NDTH,41.0,44.0,41.0,42.0,0.0
2011-11-02 13:30:00,INDEX:NDTH,46.0,48.0,39.0,42.0,0.0
2011-11-03 13:30:00,INDEX:NDTH,47.0,54.0,44.0,54.0,0.0
2011-11-04 13:30:00,INDEX:NDTH,53.0,53.0,46.0,51.0,0.0
2011-11-07 14:30:00,INDEX:NDTH,54.0,54.0,48.0,53.0,0.0
2011-11-08 14:30:00,INDEX:NDTH,55.0,56.0,50.0,56.0,0.0
2011-11-09 14:30:00,INDEX:NDTH,47.0,49.0,42.0,43.0,0.0
2011-11-10 14:30:00,INDEX:NDTH,44.0,48.0,39.0,45.0,0.0
2011-11-11 14:30:00,INDEX:NDTH,49.0,52.0,49.0,50.0,0.0
2011-11-14 14:30:00,INDEX:NDTH,47.0,50.0,47.0,47.0,0.0
2011-11-15 14:30:00,INDEX:NDTH,49.0,53.0,47.0,50.0,0.0
2011-11-16 14:30:00,INDEX:NDTH,48.0,52.0,47.0,48.0,0.0
2011-11-17 14:30:00,INDEX:NDTH,46.0,48.0,35.0,37.0,0.0
2011-11-18 14:30:00,INDEX:NDTH,35.0,36.0,31.0,32.0,0.0
2011-11-21 14:30:00,INDEX:NDTH,28.0,31.0,24.0,29.0,0.0
2011-11-22 14:30:00,INDEX:NDTH,26.0,28.0,25.0,28.0,0.0
2011-11-23 14:30:00,INDEX:NDTH,24.0,24.0,23.0,23.0,0.0
2011-11-25 14:30:00,INDEX:NDTH,24.0,25.0,21.0,21.0,0.0
2011-11-28 14:30:00,INDEX:NDTH,29.0,29.0,29.0,29.0,0.0
2011-11-29 14:30:00,INDEX:NDTH,30.0,31.0,28.0,28.0,0.0
2011-11-30 14:30:00,INDEX:NDTH,36.0,43.0,36.0,43.0,0.0
2011-12-01 14:30:00,INDEX:NDTH,44.0,46.0,42.0,43.0,0.0
2011-12-02 14:30:00,INDEX:NDTH,45.0,46.0,41.0,41.0,0.0
2011-12-05 14:30:00,INDEX:NDTH,43.0,48.0,42.0,43.0,0.0
2011-12-06 14:30:00,INDEX:NDTH,45.0,48.0,41.0,44.44,0.0
2011-12-07 14:30:00,INDEX:NDTH,36.36,43.43,36.36,41.41,0.0
2011-12-08 14:30:00,INDEX:NDTH,38.38,39.39,35.35,35.35,0.0
2011-12-09 14:30:00,INDEX:NDTH,33.33,46.46,33.33,44.44,0.0
2011-12-12 14:30:00,INDEX:NDTH,36.36,36.36,33.33,34.34,0.0
2011-12-13 14:30:00,INDEX:NDTH,44.44,44.44,32.32,35.35,0.0
2011-12-14 14:30:00,INDEX:NDTH,33.33,33.33,28.28,30.3,0.0
2011-12-15 14:30:00,INDEX:NDTH,32.32,33.33,30.3,31.31,0.0
2011-12-16 14:30:00,INDEX:NDTH,35.35,35.35,31.31,33.33,0.0
2011-12-19 14:30:00,INDEX:NDTH,34.34,34.34,28.28,29.29,0.0
2011-12-20 14:30:00,INDEX:NDTH,35.35,39.39,34.34,38.77,0.0
2011-12-21 14:30:00,INDEX:NDTH,34.69,37.75,30.61,37.75,0.0
2011-12-22 14:30:00,INDEX:NDTH,42.85,42.85,37.75,40.81,0.0
2011-12-23 14:30:00,INDEX:NDTH,41.83,43.87,40.81,43.87,0.0
2011-12-27 14:30:00,INDEX:NDTH,42.85,43.87,42.85,43.87,0.0
2011-12-28 14:30:00,INDEX:NDTH,42.85,42.85,39.79,40.81,0.0
2011-12-29 14:30:00,INDEX:NDTH,42.85,44.89,41.83,43.87,0.0
2011-12-30 14:30:00,INDEX:NDTH,43.87,44.89,42.85,42.85,0.0
2012-01-03 14:30:00,INDEX:NDTH,45.91,46.93,43.87,44.89,0.0
2012-01-04 14:30:00,INDEX:NDTH,42.85,45.91,42.85,43.87,0.0
2012-01-05 14:30:00,INDEX:NDTH,44.89,47.95,43.87,47.95,0.0
2012-01-06 14:30:00,INDEX:NDTH,47.95,47.95,46.93,46.93,0.0
2012-01-09 14:30:00,INDEX:NDTH,47.95,51.02,47.95,51.02,0.0
2012-01-10 14:30:00,INDEX:NDTH,52.04,54.08,52.04,54.08,0.0
2012-01-11 14:30:00,INDEX:NDTH,54.08,55.1,53.06,55.1,0.0
2012-01-12 14:30:00,INDEX:NDTH,55.1,56.12,52.04,55.1,0.0
2012-01-13 14:30:00,INDEX:NDTH,50.0,52.04,48.97,50.0,0.0
2012-01-17 14:30:00,INDEX:NDTH,56.12,58.16,53.06,54.08,0.0
2012-01-18 14:30:00,INDEX:NDTH,55.1,61.22,55.1,61.22,0.0
2012-01-19 14:30:00,INDEX:NDTH,64.28,70.4,64.28,68.36,0.0
2012-01-20 14:30:00,INDEX:NDTH,70.4,71.42,69.38,69.38,0.0
2012-01-23 14:30:00,INDEX:NDTH,69.38,71.42,66.32,68.36,0.0
2012-01-24 14:30:00,INDEX:NDTH,69.38,72.44,68.36,69.38,0.0
2012-01-25 14:30:00,INDEX:NDTH,70.4,73.46,68.36,72.44,0.0
2012-01-26 14:30:00,INDEX:NDTH,73.46,73.46,71.42,72.44,0.0
2012-01-27 14:30:00,INDEX:NDTH,72.44,72.44,70.4,72.44,0.0
2012-01-30 14:30:00,INDEX:NDTH,69.38,69.38,66.32,69.38,0.0
2012-01-31 14:30:00,INDEX:NDTH,71.42,71.42,67.34,68.36,0.0
2012-02-01 14:30:00,INDEX:NDTH,71.42,71.42,69.38,69.38,0.0
2012-02-02 14:30:00,INDEX:NDTH,72.44,73.46,70.4,71.42,0.0
2012-02-03 14:30:00,INDEX:NDTH,75.51,77.55,75.51,76.53,0.0
2012-02-06 14:30:00,INDEX:NDTH,73.46,76.53,73.46,74.48,0.0
2012-02-07 14:30:00,INDEX:NDTH,74.48,75.51,74.48,75.51,0.0
2012-02-08 14:30:00,INDEX:NDTH,75.51,75.51,75.51,75.51,0.0
2012-02-09 14:30:00,INDEX:NDTH,76.53,77.55,75.51,76.53,0.0
2012-02-10 14:30:00,INDEX:NDTH,76.53,76.53,76.53,76.53,0.0
2012-02-13 14:30:00,INDEX:NDTH,76.53,77.55,76.53,76.53,0.0
2012-02-14 14:30:00,INDEX:NDTH,76.53,77.55,74.48,77.55,0.0
2012-02-15 14:30:00,INDEX:NDTH,78.57,79.59,76.53,76.53,0.0
2012-02-16 14:30:00,INDEX:NDTH,79.59,79.59,75.51,79.59,0.0
2012-02-17 14:30:00,INDEX:NDTH,80.61,80.61,78.57,79.59,0.0
2012-02-21 14:30:00,INDEX:NDTH,78.57,78.57,75.51,77.55,0.0
2012-02-22 14:30:00,INDEX:NDTH,76.53,77.55,76.53,77.55,0.0
2012-02-23 14:30:00,INDEX:NDTH,76.53,79.59,76.53,78.57,0.0
2012-02-24 14:30:00,INDEX:NDTH,79.59,80.61,78.57,79.59,0.0
2012-02-27 14:30:00,INDEX:NDTH,77.55,79.59,77.55,78.57,0.0
2012-02-28 14:30:00,INDEX:NDTH,76.53,80.61,76.53,80.61,0.0
2012-02-29 14:30:00,INDEX:NDTH,80.61,80.61,77.55,77.55,0.0
2012-03-01 14:30:00,INDEX:NDTH,77.55,78.57,77.55,78.57,0.0
2012-03-02 14:30:00,INDEX:NDTH,78.57,79.59,77.55,78.57,0.0
2012-03-05 14:30:00,INDEX:NDTH,78.57,78.57,77.55,78.57,0.0
2012-03-06 14:30:00,INDEX:NDTH,73.46,74.48,70.4,72.44,0.0
2012-03-07 14:30:00,INDEX:NDTH,74.48,76.53,74.48,75.51,0.0
2012-03-08 14:30:00,INDEX:NDTH,77.55,81.63,75.51,80.61,0.0
2012-03-09 14:30:00,INDEX:NDTH,79.59,80.61,78.57,79.59,0.0
2012-03-12 13:30:00,INDEX:NDTH,79.59,79.59,77.55,77.55,0.0
2012-03-13 13:30:00,INDEX:NDTH,78.57,82.65,77.55,81.63,0.0
2012-03-14 13:30:00,INDEX:NDTH,80.61,82.65,79.59,79.59,0.0
2012-03-15 13:30:00,INDEX:NDTH,80.61,81.63,79.59,81.63,0.0
2012-03-16 13:30:00,INDEX:NDTH,82.65,82.65,81.63,81.63,0.0
2012-03-19 13:30:00,INDEX:NDTH,82.65,84.69,81.63,81.63,0.0
2012-03-20 13:30:00,INDEX:NDTH,81.63,83.67,81.63,82.65,0.0
2012-03-21 13:30:00,INDEX:NDTH,83.67,84.69,82.65,82.65,0.0
2012-03-22 13:30:00,INDEX:NDTH,82.65,82.65,81.63,81.63,0.0
2012-03-23 13:30:00,INDEX:NDTH,82.65,82.65,82.65,82.65,0.0
2012-03-26 13:30:00,INDEX:NDTH,84.69,87.75,82.65,87.75,0.0
2012-03-27 13:30:00,INDEX:NDTH,87.75,87.75,85.71,86.73,0.0
2012-03-28 13:30:00,INDEX:NDTH,86.73,86.73,83.67,85.71,0.0
2012-03-29 13:30:00,INDEX:NDTH,85.71,86.73,84.69,85.71,0.0
2012-03-30 13:30:00,INDEX:NDTH,86.73,87.75,85.71,87.75,0.0
2012-04-02 13:30:00,INDEX:NDTH,85.71,87.75,85.71,85.71,0.0
2012-04-03 13:30:00,INDEX:NDTH,85.71,87.75,85.71,87.0,0.0
2012-04-04 13:30:00,INDEX:NDTH,87.0,87.0,84.0,84.0,0.0
2012-04-05 13:30:00,INDEX:NDTH,84.0,86.0,84.0,85.0,0.0
2012-04-09 13:30:00,INDEX:NDTH,83.0,83.0,80.0,82.0,0.0
2012-04-10 13:30:00,INDEX:NDTH,82.0,82.0,77.0,78.0,0.0
2012-04-11 13:30:00,INDEX:NDTH,80.0,81.0,79.0,79.0,0.0
2012-04-12 13:30:00,INDEX:NDTH,78.0,83.0,78.0,83.0,0.0
2012-04-13 13:30:00,INDEX:NDTH,81.0,81.0,77.0,77.0,0.0
2012-04-16 13:30:00,INDEX:NDTH,79.0,79.0,75.0,78.0,0.0
2012-04-17 13:30:00,INDEX:NDTH,80.0,81.0,80.0,81.0,0.0
2012-04-18 13:30:00,INDEX:NDTH,80.0,81.0,80.0,80.0,0.0
2012-04-19 13:30:00,INDEX:NDTH,80.0,81.0,80.0,80.0,0.0
2012-04-20 13:30:00,INDEX:NDTH,77.0,79.0,76.0,76.0,0.0
2012-04-23 13:30:00,INDEX:NDTH,71.0,73.0,69.0,72.0,0.0
2012-04-24 13:30:00,INDEX:NDTH,71.0,72.0,70.0,70.0,0.0
2012-04-25 13:30:00,INDEX:NDTH,74.0,75.0,72.0,74.0,0.0
2012-04-26 13:30:00,INDEX:NDTH,78.0,78.0,78.0,78.0,0.0
2012-04-27 13:30:00,INDEX:NDTH,79.0,80.0,78.0,79.0,0.0
2012-04-30 13:30:00,INDEX:NDTH,80.0,80.0,78.0,80.0,0.0
2012-05-01 13:30:00,INDEX:NDTH,81.0,83.0,81.0,81.63,0.0
2012-05-02 13:30:00,INDEX:NDTH,79.59,82.0,79.59,82.0,0.0
2012-05-03 13:30:00,INDEX:NDTH,82.0,82.0,75.0,76.0,0.0
2012-05-04 13:30:00,INDEX:NDTH,73.0,74.0,68.0,69.0,0.0
2012-05-07 13:30:00,INDEX:NDTH,65.0,69.0,65.0,66.0,0.0
2012-05-08 13:30:00,INDEX:NDTH,65.0,67.0,62.0,67.0,0.0
2012-05-09 13:30:00,INDEX:NDTH,64.0,66.0,62.0,65.0,0.0
2012-05-10 13:30:00,INDEX:NDTH,65.0,66.0,65.0,65.0,0.0
2012-05-11 13:30:00,INDEX:NDTH,66.0,67.0,65.0,65.0,0.0
2012-05-14 13:30:00,INDEX:NDTH,63.0,64.0,62.0,63.0,0.0
2012-05-15 13:30:00,INDEX:NDTH,63.0,64.0,61.0,61.0,0.0
2012-05-16 13:30:00,INDEX:NDTH,59.0,60.0,58.0,58.0,0.0
2012-05-17 13:30:00,INDEX:NDTH,56.0,58.0,50.0,50.0,0.0
2012-05-18 13:30:00,INDEX:NDTH,52.0,53.0,46.0,46.0,0.0
2012-05-21 13:30:00,INDEX:NDTH,46.0,53.0,45.0,53.0,0.0
2012-05-22 13:30:00,INDEX:NDTH,53.0,55.0,52.0,53.0,0.0
2012-05-23 13:30:00,INDEX:NDTH,52.0,56.0,50.0,55.0,0.0
2012-05-24 13:30:00,INDEX:NDTH,55.0,55.0,51.0,52.0,0.0
2012-05-25 13:30:00,INDEX:NDTH,53.0,55.0,51.0,51.0,0.0
2012-05-29 13:30:00,INDEX:NDTH,54.0,56.0,51.0,55.0,0.0
2012-05-30 13:30:00,INDEX:NDTH,49.0,51.0,48.0,48.0,0.0
2012-05-31 13:30:00,INDEX:NDTH,47.0,48.0,44.0,46.0,0.0
2012-06-01 13:30:00,INDEX:NDTH,42.0,43.0,42.0,43.0,0.0
2012-06-04 13:30:00,INDEX:NDTH,43.0,43.0,37.0,42.0,0.0
2012-06-05 13:30:00,INDEX:NDTH,41.0,44.0,40.0,44.0,0.0
2012-06-06 13:30:00,INDEX:NDTH,47.0,49.0,47.0,48.0,0.0
2012-06-07 13:30:00,INDEX:NDTH,50.0,50.0,48.0,48.0,0.0
2012-06-08 13:30:00,INDEX:NDTH,47.0,51.0,47.0,48.0,0.0
2012-06-11 13:30:00,INDEX:NDTH,50.0,51.0,47.0,47.0,0.0
2012-06-12 13:30:00,INDEX:NDTH,49.0,52.0,46.0,52.0,0.0
2012-06-13 13:30:00,INDEX:NDTH,50.0,51.0,47.0,49.0,0.0
2012-06-14 13:30:00,INDEX:NDTH,46.0,47.0,45.0,47.0,0.0
2012-06-15 13:30:00,INDEX:NDTH,48.0,49.0,48.0,49.0,0.0
2012-06-18 13:30:00,INDEX:NDTH,49.0,51.0,49.0,50.0,0.0
2012-06-19 13:30:00,INDEX:NDTH,52.0,54.0,52.0,54.0,0.0
2012-06-20 13:30:00,INDEX:NDTH,54.0,56.0,54.0,56.0,0.0
2012-06-21 13:30:00,INDEX:NDTH,54.0,54.0,48.0,48.0,0.0
2012-06-22 13:30:00,INDEX:NDTH,48.0,51.0,48.0,50.0,0.0
2012-06-25 13:30:00,INDEX:NDTH,49.0,49.0,45.0,46.0,0.0
2012-06-26 13:30:00,INDEX:NDTH,46.0,49.0,44.0,46.0,0.0
2012-06-27 13:30:00,INDEX:NDTH,49.0,51.0,48.0,50.0,0.0
2012-06-28 13:30:00,INDEX:NDTH,47.0,48.0,43.0,46.0,0.0
2012-06-29 13:30:00,INDEX:NDTH,52.0,56.0,52.0,56.0,0.0
2012-07-02 13:30:00,INDEX:NDTH,56.0,56.0,53.0,55.0,0.0
2012-07-03 13:30:00,INDEX:NDTH,56.0,59.0,56.0,59.0,0.0
2012-07-05 13:30:00,INDEX:NDTH,56.0,60.0,54.0,59.0,0.0
2012-07-06 13:30:00,INDEX:NDTH,52.0,54.0,51.0,54.0,0.0
2012-07-09 13:30:00,INDEX:NDTH,51.0,51.0,49.0,50.0,0.0
2012-07-10 13:30:00,INDEX:NDTH,51.0,51.0,46.0,46.0,0.0
2012-07-11 13:30:00,INDEX:NDTH,47.0,48.0,46.0,47.0,0.0
2012-07-12 13:30:00,INDEX:NDTH,44.0,45.0,44.0,45.0,0.0
2012-07-13 13:30:00,INDEX:NDTH,45.0,48.0,45.0,48.0,0.0
2012-07-16 13:30:00,INDEX:NDTH,47.0,49.0,47.0,47.0,0.0
2012-07-17 13:30:00,INDEX:NDTH,47.0,49.0,47.0,49.0,0.0
2012-07-18 13:30:00,INDEX:NDTH,49.0,54.0,49.0,54.0,0.0
2012-07-19 13:30:00,INDEX:NDTH,54.0,57.0,54.0,55.0,0.0
2012-07-20 13:30:00,INDEX:NDTH,52.0,54.0,51.0,51.0,0.0
2012-07-23 13:30:00,INDEX:NDTH,45.0,47.0,45.0,47.0,0.0
2012-07-24 13:30:00,INDEX:NDTH,47.0,47.0,41.0,43.0,0.0
2012-07-25 13:30:00,INDEX:NDTH,46.0,46.0,44.0,45.0,0.0
2012-07-26 13:30:00,INDEX:NDTH,51.0,52.0,46.0,49.0,0.0
2012-07-27 13:30:00,INDEX:NDTH,50.0,57.0,50.0,55.0,0.0
2012-07-30 13:30:00,INDEX:NDTH,56.0,56.0,50.0,50.0,0.0
2012-07-31 13:30:00,INDEX:NDTH,53.0,53.0,50.0,50.0,0.0
2012-08-01 13:30:00,INDEX:NDTH,49.0,49.0,47.0,47.0,0.0
2012-08-02 13:30:00,INDEX:NDTH,45.0,49.0,43.0,44.0,0.0
2012-08-03 13:30:00,INDEX:NDTH,54.0,58.0,54.0,55.0,0.0
2012-08-06 13:30:00,INDEX:NDTH,54.0,58.0,54.0,56.0,0.0
2012-08-07 13:30:00,INDEX:NDTH,62.0,68.0,62.0,67.0,0.0
2012-08-08 13:30:00,INDEX:NDTH,64.0,67.0,60.0,64.0,0.0
2012-08-09 13:30:00,INDEX:NDTH,64.0,66.0,62.0,65.0,0.0
2012-08-10 13:30:00,INDEX:NDTH,62.0,64.0,61.0,63.0,0.0
2012-08-13 13:30:00,INDEX:NDTH,62.0,63.0,59.0,61.0,0.0
2012-08-14 13:30:00,INDEX:NDTH,62.0,63.0,60.0,61.0,0.0
2012-08-15 13:30:00,INDEX:NDTH,61.0,62.0,61.0,62.0,0.0
2012-08-16 13:30:00,INDEX:NDTH,63.0,68.0,63.0,68.0,0.0
2012-08-17 13:30:00,INDEX:NDTH,69.0,69.0,65.0,66.0,0.0
2012-08-20 13:30:00,INDEX:NDTH,67.0,67.0,61.0,65.0,0.0
2012-08-21 13:30:00,INDEX:NDTH,67.0,69.0,63.0,63.0,0.0
2012-08-22 13:30:00,INDEX:NDTH,60.0,67.0,60.0,65.0,0.0
2012-08-23 13:30:00,INDEX:NDTH,62.0,62.0,57.0,58.0,0.0
2012-08-24 13:30:00,INDEX:NDTH,57.0,63.0,57.0,63.0,0.0
2012-08-27 13:30:00,INDEX:NDTH,59.0,61.0,58.0,58.0,0.0
2012-08-28 13:30:00,INDEX:NDTH,62.0,62.0,58.0,60.0,0.0
2012-08-29 13:30:00,INDEX:NDTH,62.0,62.0,61.0,61.0,0.0
2012-08-30 13:30:00,INDEX:NDTH,59.0,60.0,57.0,58.0,0.0
2012-08-31 13:30:00,INDEX:NDTH,61.0,61.0,57.0,60.0,0.0
2012-09-04 13:30:00,INDEX:NDTH,57.0,60.0,57.0,59.0,0.0
2012-09-05 13:30:00,INDEX:NDTH,58.0,61.0,58.0,59.0,0.0
2012-09-06 13:30:00,INDEX:NDTH,62.0,66.0,62.0,66.0,0.0
2012-09-07 13:30:00,INDEX:NDTH,68.0,69.0,66.0,68.0,0.0
2012-09-10 13:30:00,INDEX:NDTH,67.0,68.0,64.0,64.0,0.0
2012-09-11 13:30:00,INDEX:NDTH,63.0,66.0,63.0,65.0,0.0
2012-09-12 13:30:00,INDEX:NDTH,66.0,66.0,63.0,64.0,0.0
2012-09-13 13:30:00,INDEX:NDTH,64.0,67.0,64.0,66.0,0.0
2012-09-14 13:30:00,INDEX:NDTH,68.0,71.0,66.0,67.0,0.0
2012-09-17 13:30:00,INDEX:NDTH,67.0,67.0,66.0,67.0,0.0
2012-09-18 13:30:00,INDEX:NDTH,66.0,67.0,66.0,66.0,0.0
2012-09-19 13:30:00,INDEX:NDTH,64.0,66.0,63.0,64.0,0.0
2012-09-20 13:30:00,INDEX:NDTH,64.0,65.0,62.0,64.0,0.0
2012-09-21 13:30:00,INDEX:NDTH,67.0,69.0,66.0,68.0,0.0
2012-09-24 13:30:00,INDEX:NDTH,64.0,64.0,62.0,64.0,0.0
2012-09-25 13:30:00,INDEX:NDTH,63.0,64.0,58.0,58.0,0.0
2012-09-26 13:30:00,INDEX:NDTH,53.0,54.0,50.0,53.0,0.0
2012-09-27 13:30:00,INDEX:NDTH,55.0,62.0,53.0,62.0,0.0
2012-09-28 13:30:00,INDEX:NDTH,58.0,61.0,57.0,58.0,0.0
2012-10-01 13:30:00,INDEX:NDTH,59.0,62.0,59.0,59.0,0.0
2012-10-02 13:30:00,INDEX:NDTH,59.0,60.0,56.0,56.56,0.0
2012-10-03 13:30:00,INDEX:NDTH,56.56,57.57,55.55,56.56,0.0
2012-10-04 13:30:00,INDEX:NDTH,54.54,59.59,54.54,59.59,0.0
2012-10-05 13:30:00,INDEX:NDTH,63.63,64.64,57.57,57.57,0.0
2012-10-08 13:30:00,INDEX:NDTH,54.54,56.56,52.52,55.55,0.0
2012-10-09 13:30:00,INDEX:NDTH,51.51,51.51,49.49,49.49,0.0
2012-10-10 13:30:00,INDEX:NDTH,49.49,49.49,45.45,46.46,0.0
2012-10-11 13:30:00,INDEX:NDTH,46.46,49.49,46.46,46.46,0.0
2012-10-12 13:30:00,INDEX:NDTH,46.46,47.47,45.45,45.45,0.0
2012-10-15 13:30:00,INDEX:NDTH,46.46,50.5,45.45,48.48,0.0
2012-10-16 13:30:00,INDEX:NDTH,51.51,52.52,50.5,51.51,0.0
2012-10-17 13:30:00,INDEX:NDTH,52.52,54.54,52.52,54.54,0.0
2012-10-18 13:30:00,INDEX:NDTH,50.5,52.52,49.49,51.51,0.0
2012-10-19 13:30:00,INDEX:NDTH,48.48,48.48,47.47,47.47,0.0
2012-10-22 13:30:00,INDEX:NDTH,46.46,46.46,46.46,46.46,0.0
2012-10-23 13:30:00,INDEX:NDTH,42.42,48.48,42.42,47.47,0.0
2012-10-24 13:30:00,INDEX:NDTH,45.45,45.45,42.42,43.43,0.0
2012-10-25 13:30:00,INDEX:NDTH,45.45,45.45,44.44,45.45,0.0
2012-10-26 13:30:00,INDEX:NDTH,46.46,46.46,44.44,44.44,0.0
2012-10-31 13:30:00,INDEX:NDTH,40.4,43.43,40.4,41.41,0.0
2012-11-01 13:30:00,INDEX:NDTH,44.44,51.51,43.43,49.49,0.0
2012-11-02 13:30:00,INDEX:NDTH,49.49,50.5,44.44,44.44,0.0
2012-11-05 14:30:00,INDEX:NDTH,44.44,46.46,43.43,45.0,0.0
2012-11-06 14:30:00,INDEX:NDTH,46.0,51.0,45.0,51.0,0.0
2012-11-07 14:30:00,INDEX:NDTH,48.0,48.0,43.0,46.0,0.0
2012-11-08 14:30:00,INDEX:NDTH,43.0,45.0,37.0,37.0,0.0
2012-11-09 14:30:00,INDEX:NDTH,40.0,43.0,40.0,40.0,0.0
2012-11-12 14:30:00,INDEX:NDTH,40.0,41.0,39.0,40.0,0.0
2012-11-13 14:30:00,INDEX:NDTH,40.0,43.0,38.0,38.0,0.0
2012-11-14 14:30:00,INDEX:NDTH,40.0,43.0,29.0,29.0,0.0
2012-11-15 14:30:00,INDEX:NDTH,34.0,37.0,28.0,37.0,0.0
2012-11-16 14:30:00,INDEX:NDTH,32.0,38.0,29.0,37.0,0.0
2012-11-19 14:30:00,INDEX:NDTH,40.0,40.0,37.0,38.0,0.0
2012-11-20 14:30:00,INDEX:NDTH,39.0,40.0,36.0,39.0,0.0
2012-11-21 14:30:00,INDEX:NDTH,40.0,42.0,39.0,41.0,0.0
2012-11-23 14:30:00,INDEX:NDTH,45.0,48.0,45.0,48.0,0.0
2012-11-26 14:30:00,INDEX:NDTH,47.0,47.0,45.0,45.0,0.0
2012-11-27 14:30:00,INDEX:NDTH,44.0,45.0,43.0,43.0,0.0
2012-11-28 14:30:00,INDEX:NDTH,40.0,52.0,39.0,52.0,0.0
2012-11-29 14:30:00,INDEX:NDTH,55.0,55.0,53.0,54.0,0.0
2012-11-30 14:30:00,INDEX:NDTH,52.0,54.0,51.0,54.0,0.0
2012-12-03 14:30:00,INDEX:NDTH,53.0,55.0,50.0,50.0,0.0
2012-12-04 14:30:00,INDEX:NDTH,51.0,52.0,48.0,51.0,0.0
2012-12-05 14:30:00,INDEX:NDTH,51.0,51.0,49.0,50.0,0.0
2012-12-06 14:30:00,INDEX:NDTH,53.0,56.0,51.0,56.0,0.0
2012-12-07 14:30:00,INDEX:NDTH,55.0,55.0,51.0,52.0,0.0
2012-12-10 14:30:00,INDEX:NDTH,55.0,55.0,53.0,53.0,0.0
2012-12-11 14:30:00,INDEX:NDTH,57.0,58.0,57.0,58.0,0.0
2012-12-12 14:30:00,INDEX:NDTH,58.0,58.0,54.0,54.0,0.0
2012-12-13 14:30:00,INDEX:NDTH,53.0,54.0,53.0,53.0,0.0
2012-12-14 14:30:00,INDEX:NDTH,52.0,52.0,51.0,51.0,0.0
2012-12-17 14:30:00,INDEX:NDTH,52.0,55.0,51.0,55.0,0.0
2012-12-18 14:30:00,INDEX:NDTH,57.0,63.0,57.0,62.0,0.0
2012-12-19 14:30:00,INDEX:NDTH,65.0,65.0,61.0,61.0,0.0
2012-12-20 14:30:00,INDEX:NDTH,59.0,62.0,59.0,61.0,0.0
2012-12-21 14:30:00,INDEX:NDTH,53.0,57.0,53.0,56.0,0.0
2012-12-24 14:30:00,INDEX:NDTH,55.0,57.0,54.0,57.0,0.0
2012-12-26 14:30:00,INDEX:NDTH,58.0,58.0,53.0,53.0,0.0
2012-12-27 14:30:00,INDEX:NDTH,53.0,55.0,47.0,53.0,0.0
2012-12-28 14:30:00,INDEX:NDTH,51.0,54.0,50.0,50.0,0.0
2012-12-31 14:30:00,INDEX:NDTH,48.0,57.0,47.0,57.0,0.0
2013-01-02 14:30:00,INDEX:NDTH,66.0,67.0,62.0,66.0,0.0
2013-01-03 14:30:00,INDEX:NDTH,68.0,72.0,62.0,72.0,0.0
2013-01-04 14:30:00,INDEX:NDTH,69.0,74.0,69.0,72.0,0.0
2013-01-07 14:30:00,INDEX:NDTH,70.0,70.0,68.0,68.0,0.0
2013-01-08 14:30:00,INDEX:NDTH,68.0,68.0,67.0,67.0,0.0
2013-01-09 14:30:00,INDEX:NDTH,67.0,72.0,67.0,70.0,0.0
2013-01-10 14:30:00,INDEX:NDTH,71.0,71.0,68.0,70.0,0.0
2013-01-11 14:30:00,INDEX:NDTH,69.0,71.0,68.0,71.0,0.0
2013-01-14 14:30:00,INDEX:NDTH,70.0,74.0,69.0,73.73,0.0
2013-01-15 14:30:00,INDEX:NDTH,68.68,71.71,66.66,69.69,0.0
2013-01-16 14:30:00,INDEX:NDTH,68.68,70.7,68.68,70.7,0.0
2013-01-17 14:30:00,INDEX:NDTH,72.72,73.73,72.72,72.72,0.0
2013-01-18 14:30:00,INDEX:NDTH,72.72,73.73,72.72,73.73,0.0
2013-01-22 14:30:00,INDEX:NDTH,74.0,75.0,74.0,75.0,0.0
2013-01-23 14:30:00,INDEX:NDTH,77.0,77.0,77.0,77.0,0.0
2013-01-24 14:30:00,INDEX:NDTH,77.0,79.0,75.0,76.0,0.0
2013-01-25 14:30:00,INDEX:NDTH,76.0,78.0,76.0,78.0,0.0
2013-01-28 14:30:00,INDEX:NDTH,78.0,78.0,78.0,78.0,0.0
2013-01-29 14:30:00,INDEX:NDTH,76.0,78.0,76.0,78.0,0.0
2013-01-30 14:30:00,INDEX:NDTH,78.0,78.0,76.0,76.0,0.0
2013-01-31 14:30:00,INDEX:NDTH,80.0,80.0,77.0,78.0,0.0
2013-02-01 14:30:00,INDEX:NDTH,80.0,81.0,80.0,81.0,0.0
2013-02-04 14:30:00,INDEX:NDTH,82.0,82.0,77.0,77.0,0.0
2013-02-05 14:30:00,INDEX:NDTH,80.0,81.0,80.0,81.0,0.0
2013-02-06 14:30:00,INDEX:NDTH,81.0,81.0,79.0,80.0,0.0
2013-02-07 14:30:00,INDEX:NDTH,77.0,79.0,76.0,78.0,0.0
2013-02-08 14:30:00,INDEX:NDTH,79.0,80.0,78.0,79.0,0.0
2013-02-11 14:30:00,INDEX:NDTH,79.0,79.0,77.0,77.0,0.0
2013-02-12 14:30:00,INDEX:NDTH,78.0,80.0,78.0,80.0,0.0
2013-02-13 14:30:00,INDEX:NDTH,80.0,80.0,77.0,79.0,0.0
2013-02-14 14:30:00,INDEX:NDTH,78.0,79.0,78.0,78.0,0.0
2013-02-15 14:30:00,INDEX:NDTH,78.0,79.0,77.0,78.0,0.0
2013-02-19 14:30:00,INDEX:NDTH,80.0,80.0,78.0,80.0,0.0
2013-02-20 14:30:00,INDEX:NDTH,80.0,80.0,77.0,77.0,0.0
2013-02-21 14:30:00,INDEX:NDTH,76.0,76.0,74.0,75.0,0.0
2013-02-22 14:30:00,INDEX:NDTH,75.0,77.0,75.0,76.0,0.0
2013-02-25 14:30:00,INDEX:NDTH,76.0,76.0,74.0,74.0,0.0
2013-02-26 14:30:00,INDEX:NDTH,75.0,75.0,73.0,73.0,0.0
2013-02-27 14:30:00,INDEX:NDTH,74.0,75.0,73.0,73.0,0.0
2013-02-28 14:30:00,INDEX:NDTH,74.0,77.0,74.0,75.0,0.0
2013-03-01 14:30:00,INDEX:NDTH,74.0,76.0,74.0,76.0,0.0
2013-03-04 14:30:00,INDEX:NDTH,76.0,77.0,75.0,76.0,0.0
2013-03-05 14:30:00,INDEX:NDTH,78.0,79.0,77.0,79.0,0.0
2013-03-06 14:30:00,INDEX:NDTH,80.0,80.0,77.0,78.0,0.0
2013-03-07 14:30:00,INDEX:NDTH,79.0,80.0,77.0,78.0,0.0
2013-03-08 14:30:00,INDEX:NDTH,79.0,82.0,78.0,81.0,0.0
2013-03-11 13:30:00,INDEX:NDTH,80.0,81.0,80.0,80.0,0.0
2013-03-12 13:30:00,INDEX:NDTH,80.0,80.0,79.0,79.0,0.0
2013-03-13 13:30:00,INDEX:NDTH,78.0,81.0,78.0,78.0,0.0
2013-03-14 13:30:00,INDEX:NDTH,81.0,81.0,79.0,80.0,0.0
2013-03-15 13:30:00,INDEX:NDTH,81.0,81.0,79.0,81.0,0.0
2013-03-18 13:30:00,INDEX:NDTH,79.0,83.0,79.0,81.0,0.0
2013-03-19 13:30:00,INDEX:NDTH,81.0,81.0,78.0,80.0,0.0
2013-03-20 13:30:00,INDEX:NDTH,82.0,82.0,82.0,82.0,0.0
2013-03-21 13:30:00,INDEX:NDTH,82.0,82.0,80.0,81.0,0.0
2013-03-22 13:30:00,INDEX:NDTH,81.0,81.0,80.0,80.0,0.0
2013-03-25 13:30:00,INDEX:NDTH,79.0,79.0,77.0,77.0,0.0
2013-03-26 13:30:00,INDEX:NDTH,77.0,77.0,77.0,77.0,0.0
2013-03-27 13:30:00,INDEX:NDTH,77.0,79.0,77.0,78.0,0.0
2013-03-28 13:30:00,INDEX:NDTH,78.0,80.0,78.0,80.0,0.0
2013-04-01 13:30:00,INDEX:NDTH,80.0,80.0,76.0,79.0,0.0
2013-04-02 13:30:00,INDEX:NDTH,80.0,81.0,77.0,81.0,0.0
2013-04-03 13:30:00,INDEX:NDTH,80.0,80.0,74.0,75.0,0.0
2013-04-04 13:30:00,INDEX:NDTH,75.0,78.0,74.0,76.0,0.0
2013-04-05 13:30:00,INDEX:NDTH,73.0,74.0,73.0,74.0,0.0
2013-04-08 13:30:00,INDEX:NDTH,73.0,76.0,73.0,76.0,0.0
2013-04-09 13:30:00,INDEX:NDTH,76.0,80.0,76.0,79.0,0.0
2013-04-10 13:30:00,INDEX:NDTH,81.0,84.0,81.0,83.0,0.0
2013-04-11 13:30:00,INDEX:NDTH,84.0,85.0,83.0,83.0,0.0
2013-04-12 13:30:00,INDEX:NDTH,82.0,83.0,82.0,83.0,0.0
2013-04-15 13:30:00,INDEX:NDTH,80.0,81.0,77.0,77.0,0.0
2013-04-16 13:30:00,INDEX:NDTH,79.0,81.0,79.0,81.0,0.0
2013-04-17 13:30:00,INDEX:NDTH,78.0,79.0,77.0,77.0,0.0
2013-04-18 13:30:00,INDEX:NDTH,77.0,77.0,75.0,76.0,0.0
2013-04-19 13:30:00,INDEX:NDTH,75.0,77.0,75.0,77.0,0.0
2013-04-22 13:30:00,INDEX:NDTH,76.0,79.0,76.0,77.0,0.0
2013-04-23 13:30:00,INDEX:NDTH,79.0,80.0,79.0,79.0,0.0
2013-04-24 13:30:00,INDEX:NDTH,81.0,82.0,80.0,81.0,0.0
2013-04-25 13:30:00,INDEX:NDTH,80.0,82.0,80.0,82.0,0.0
2013-04-26 13:30:00,INDEX:NDTH,82.0,83.0,80.0,82.0,0.0
2013-04-29 13:30:00,INDEX:NDTH,81.0,82.0,79.0,79.0,0.0
2013-04-30 13:30:00,INDEX:NDTH,79.0,81.0,79.0,81.0,0.0
2013-05-01 13:30:00,INDEX:NDTH,82.0,82.0,79.0,79.0,0.0
2013-05-02 13:30:00,INDEX:NDTH,79.0,83.0,79.0,81.0,0.0
2013-05-03 13:30:00,INDEX:NDTH,83.0,84.0,83.0,83.0,0.0
2013-05-06 13:30:00,INDEX:NDTH,83.0,84.0,82.0,82.0,0.0
2013-05-07 13:30:00,INDEX:NDTH,84.0,85.0,84.0,85.0,0.0
2013-05-08 13:30:00,INDEX:NDTH,85.0,85.0,84.0,84.0,0.0
2013-05-09 13:30:00,INDEX:NDTH,83.0,85.0,83.0,84.0,0.0
2013-05-10 13:30:00,INDEX:NDTH,85.0,85.0,85.0,85.0,0.0
2013-05-13 13:30:00,INDEX:NDTH,85.0,86.0,85.0,86.0,0.0
2013-05-14 13:30:00,INDEX:NDTH,87.0,87.0,86.0,87.0,0.0
2013-05-15 13:30:00,INDEX:NDTH,87.0,87.0,87.0,87.0,0.0
2013-05-16 13:30:00,INDEX:NDTH,87.0,88.0,86.0,86.0,0.0
2013-05-17 13:30:00,INDEX:NDTH,86.0,88.0,86.0,88.0,0.0
2013-05-20 13:30:00,INDEX:NDTH,86.0,88.0,86.0,86.0,0.0
2013-05-21 13:30:00,INDEX:NDTH,86.0,88.0,85.0,88.0,0.0
2013-05-22 13:30:00,INDEX:NDTH,87.0,87.0,85.0,86.0,0.0
2013-05-23 13:30:00,INDEX:NDTH,85.0,85.0,85.0,85.0,0.0
2013-05-24 13:30:00,INDEX:NDTH,83.0,83.0,81.0,83.0,0.0
2013-05-28 13:30:00,INDEX:NDTH,85.0,85.0,84.0,84.0,0.0
2013-05-29 13:30:00,INDEX:NDTH,82.0,83.0,81.0,82.0,0.0
2013-05-30 13:30:00,INDEX:NDTH,82.0,83.0,82.0,82.0,0.0
2013-05-31 13:30:00,INDEX:NDTH,81.0,82.0,79.0,79.0,0.0
2013-06-03 13:30:00,INDEX:NDTH,79.0,80.0,79.0,79.0,0.0
2013-06-04 13:30:00,INDEX:NDTH,79.0,82.0,79.0,80.0,0.0
2013-06-05 13:30:00,INDEX:NDTH,78.0,79.0,77.0,77.0,0.0
2013-06-06 13:30:00,INDEX:NDTH,78.0,78.0,76.0,78.0,0.0
2013-06-07 13:30:00,INDEX:NDTH,79.0,80.0,79.0,79.0,0.0
2013-06-10 13:30:00,INDEX:NDTH,79.0,81.0,79.0,80.0,0.0
2013-06-11 13:30:00,INDEX:NDTH,79.0,81.0,77.0,77.77,0.0
2013-06-12 13:30:00,INDEX:NDTH,79.79,79.79,75.75,75.75,0.0
2013-06-13 13:30:00,INDEX:NDTH,75.75,79.79,75.75,79.79,0.0
2013-06-14 13:30:00,INDEX:NDTH,78.78,78.78,75.75,77.77,0.0
2013-06-17 13:30:00,INDEX:NDTH,78.78,79.79,78.78,78.78,0.0
2013-06-18 13:30:00,INDEX:NDTH,80.8,80.8,79.79,79.79,0.0
2013-06-19 13:30:00,INDEX:NDTH,79.79,81.81,78.78,78.78,0.0
2013-06-20 13:30:00,INDEX:NDTH,74.74,75.75,70.7,72.72,0.0
2013-06-21 13:30:00,INDEX:NDTH,71.71,72.72,71.71,71.71,0.0
2013-06-24 13:30:00,INDEX:NDTH,71.71,71.71,70.7,70.7,0.0
2013-06-25 13:30:00,INDEX:NDTH,71.71,71.71,71.71,71.71,0.0
2013-06-26 13:30:00,INDEX:NDTH,72.72,72.72,72.72,72.72,0.0
2013-06-27 13:30:00,INDEX:NDTH,73.73,74.74,72.72,72.72,0.0
2013-06-28 13:30:00,INDEX:NDTH,72.72,75.75,72.72,72.72,0.0
2013-07-01 13:30:00,INDEX:NDTH,73.73,77.77,73.73,77.0,0.0
2013-07-02 13:30:00,INDEX:NDTH,77.0,78.0,76.0,76.0,0.0
2013-07-03 13:30:00,INDEX:NDTH,76.0,76.0,76.0,76.0,0.0
2013-07-05 13:30:00,INDEX:NDTH,77.0,78.0,77.0,78.0,0.0
2013-07-08 13:30:00,INDEX:NDTH,78.0,79.0,77.0,77.0,0.0
2013-07-09 13:30:00,INDEX:NDTH,78.0,80.0,77.0,79.0,0.0
2013-07-10 13:30:00,INDEX:NDTH,80.0,82.0,79.0,82.0,0.0
2013-07-11 13:30:00,INDEX:NDTH,83.0,84.0,81.0,83.0,0.0
2013-07-12 13:30:00,INDEX:NDTH,84.0,85.0,83.0,84.0,0.0
2013-07-15 13:30:00,INDEX:NDTH,84.0,86.0,84.0,86.0,0.0
2013-07-16 13:30:00,INDEX:NDTH,85.0,86.0,85.0,86.0,0.0
2013-07-17 13:30:00,INDEX:NDTH,85.0,86.0,85.0,85.0,0.0
2013-07-18 13:30:00,INDEX:NDTH,86.0,86.0,85.0,85.0,0.0
2013-07-19 13:30:00,INDEX:NDTH,86.0,86.0,84.0,84.0,0.0
2013-07-22 13:30:00,INDEX:NDTH,83.0,86.0,83.0,85.0,0.0
2013-07-23 13:30:00,INDEX:NDTH,86.0,86.0,85.0,85.0,0.0
2013-07-24 13:30:00,INDEX:NDTH,86.0,87.0,85.0,85.0,0.0
2013-07-25 13:30:00,INDEX:NDTH,88.0,88.0,87.0,87.0,0.0
2013-07-26 13:30:00,INDEX:NDTH,85.0,86.0,84.0,86.0,0.0
2013-07-29 13:30:00,INDEX:NDTH,85.0,86.0,84.0,84.0,0.0
2013-07-30 13:30:00,INDEX:NDTH,85.0,88.0,85.0,88.0,0.0
2013-07-31 13:30:00,INDEX:NDTH,87.0,88.0,86.0,87.0,0.0
2013-08-01 13:30:00,INDEX:NDTH,88.0,88.0,88.0,88.0,0.0
2013-08-02 13:30:00,INDEX:NDTH,88.0,88.0,87.0,87.0,0.0
2013-08-05 13:30:00,INDEX:NDTH,87.0,88.0,87.0,87.0,0.0
2013-08-06 13:30:00,INDEX:NDTH,88.0,89.0,87.0,88.0,0.0
2013-08-07 13:30:00,INDEX:NDTH,88.0,88.0,88.0,88.0,0.0
2013-08-08 13:30:00,INDEX:NDTH,88.0,88.0,86.0,87.0,0.0
2013-08-09 13:30:00,INDEX:NDTH,87.0,88.0,87.0,87.0,0.0
2013-08-12 13:30:00,INDEX:NDTH,87.0,88.0,87.0,88.0,0.0
2013-08-13 13:30:00,INDEX:NDTH,89.0,90.0,88.0,90.0,0.0
2013-08-14 13:30:00,INDEX:NDTH,89.0,90.0,89.0,90.0,0.0
2013-08-15 13:30:00,INDEX:NDTH,86.0,86.0,84.0,85.0,0.0
2013-08-16 13:30:00,INDEX:NDTH,85.0,86.0,85.0,85.0,0.0
2013-08-19 13:30:00,INDEX:NDTH,86.0,87.0,84.0,84.0,0.0
2013-08-20 13:30:00,INDEX:NDTH,84.0,86.0,84.0,85.0,0.0
2013-08-21 13:30:00,INDEX:NDTH,85.0,86.0,84.0,84.0,0.0
2013-08-22 13:30:00,INDEX:NDTH,86.0,86.0,85.0,86.0,0.0
2013-08-23 13:30:00,INDEX:NDTH,87.0,88.0,85.0,87.0,0.0
2013-08-26 13:30:00,INDEX:NDTH,87.0,87.0,86.0,86.0,0.0
2013-08-27 13:30:00,INDEX:NDTH,85.0,86.0,85.0,85.0,0.0
2013-08-28 13:30:00,INDEX:NDTH,86.0,86.0,86.0,86.0,0.0
2013-08-29 13:30:00,INDEX:NDTH,86.0,86.0,85.0,85.0,0.0
2013-08-30 13:30:00,INDEX:NDTH,85.0,85.0,83.0,85.0,0.0
2013-09-03 13:30:00,INDEX:NDTH,85.0,85.0,83.0,83.0,0.0
2013-09-04 13:30:00,INDEX:NDTH,84.0,86.0,84.0,85.0,0.0
2013-09-05 13:30:00,INDEX:NDTH,87.0,88.0,87.0,88.0,0.0
2013-09-06 13:30:00,INDEX:NDTH,87.0,89.0,86.0,87.0,0.0
2013-09-09 13:30:00,INDEX:NDTH,89.0,90.0,89.0,90.0,0.0
2013-09-10 13:30:00,INDEX:NDTH,90.0,91.0,90.0,91.0,0.0
2013-09-11 13:30:00,INDEX:NDTH,91.0,92.0,90.0,92.0,0.0
2013-09-12 13:30:00,INDEX:NDTH,91.0,91.0,90.9,90.9,0.0
2013-09-13 13:30:00,INDEX:NDTH,89.89,90.9,89.89,90.9,0.0
2013-09-16 13:30:00,INDEX:NDTH,90.9,90.9,89.89,90.9,0.0
2013-09-17 13:30:00,INDEX:NDTH,90.9,91.91,90.9,90.9,0.0
2013-09-18 13:30:00,INDEX:NDTH,91.91,92.92,91.91,91.91,0.0
2013-09-19 13:30:00,INDEX:NDTH,91.91,92.92,91.91,91.91,0.0
2013-09-20 13:30:00,INDEX:NDTH,90.9,91.91,90.9,91.91,0.0
2013-09-23 13:30:00,INDEX:NDTH,92.92,92.92,91.91,92.92,0.0
2013-09-24 13:30:00,INDEX:NDTH,90.9,92.92,90.9,91.91,0.0
2013-09-25 13:30:00,INDEX:NDTH,89.89,90.9,89.89,90.9,0.0
2013-09-26 13:30:00,INDEX:NDTH,90.9,90.9,89.89,90.9,0.0
2013-09-27 13:30:00,INDEX:NDTH,90.9,90.9,88.88,88.88,0.0
2013-09-30 13:30:00,INDEX:NDTH,87.87,88.88,86.86,87.87,0.0
2013-10-01 13:30:00,INDEX:NDTH,88.88,91.91,88.88,91.91,0.0
2013-10-02 13:30:00,INDEX:NDTH,88.88,90.0,87.87,90.0,0.0
2013-10-03 13:30:00,INDEX:NDTH,90.0,90.0,87.0,89.0,0.0
2013-10-04 13:30:00,INDEX:NDTH,90.0,91.0,90.0,91.0,0.0
2013-10-07 13:30:00,INDEX:NDTH,89.0,90.0,89.0,89.0,0.0
2013-10-08 13:30:00,INDEX:NDTH,89.0,89.0,84.0,84.0,0.0
2013-10-09 13:30:00,INDEX:NDTH,85.0,85.0,80.0,82.0,0.0
2013-10-10 13:30:00,INDEX:NDTH,86.0,86.0,86.0,86.0,0.0
2013-10-11 13:30:00,INDEX:NDTH,87.0,87.0,87.0,87.0,0.0
2013-10-14 13:30:00,INDEX:NDTH,87.0,90.0,86.0,90.0,0.0
2013-10-15 13:30:00,INDEX:NDTH,87.0,88.0,87.0,87.0,0.0
2013-10-16 13:30:00,INDEX:NDTH,87.0,90.0,87.0,87.0,0.0
2013-10-17 13:30:00,INDEX:NDTH,85.0,87.0,85.0,86.0,0.0
2013-10-18 13:30:00,INDEX:NDTH,88.0,89.0,88.0,89.0,0.0
2013-10-21 13:30:00,INDEX:NDTH,90.0,90.0,87.0,89.0,0.0
2013-10-22 13:30:00,INDEX:NDTH,89.0,89.0,88.0,88.0,0.0
2013-10-23 13:30:00,INDEX:NDTH,87.0,87.0,85.0,87.0,0.0
2013-10-24 13:30:00,INDEX:NDTH,86.0,86.0,85.0,85.0,0.0
2013-10-25 13:30:00,INDEX:NDTH,85.0,86.0,85.0,86.0,0.0
2013-10-28 13:30:00,INDEX:NDTH,85.0,86.0,85.0,86.0,0.0
2013-10-29 13:30:00,INDEX:NDTH,85.0,85.0,85.0,85.0,0.0
2013-10-30 13:30:00,INDEX:NDTH,86.0,86.0,85.0,85.0,0.0
2013-10-31 13:30:00,INDEX:NDTH,87.0,87.0,85.85,85.85,0.0
2013-11-01 13:30:00,INDEX:NDTH,84.84,84.84,83.83,84.84,0.0
2013-11-04 14:30:00,INDEX:NDTH,84.84,84.84,84.84,84.84,0.0
2013-11-05 14:30:00,INDEX:NDTH,83.83,85.85,83.83,85.85,0.0
2013-11-06 14:30:00,INDEX:NDTH,84.84,84.84,84.84,84.84,0.0
2013-11-07 14:30:00,INDEX:NDTH,85.85,85.85,84.84,85.85,0.0
2013-11-08 14:30:00,INDEX:NDTH,84.84,84.84,82.82,83.83,0.0
2013-11-11 14:30:00,INDEX:NDTH,82.82,83.83,82.82,83.83,0.0
2013-11-12 14:30:00,INDEX:NDTH,83.83,83.83,82.82,83.83,0.0
2013-11-13 14:30:00,INDEX:NDTH,84.84,84.84,83.83,83.83,0.0
2013-11-14 14:30:00,INDEX:NDTH,82.82,84.84,82.82,82.82,0.0
2013-11-15 14:30:00,INDEX:NDTH,83.83,83.83,82.82,82.82,0.0
2013-11-18 14:30:00,INDEX:NDTH,84.84,84.84,82.82,82.82,0.0
2013-11-19 14:30:00,INDEX:NDTH,82.82,82.82,82.82,82.82,0.0
2013-11-20 14:30:00,INDEX:NDTH,81.81,81.81,81.81,81.81,0.0
2013-11-21 14:30:00,INDEX:NDTH,82.82,82.82,82.82,82.82,0.0
2013-11-22 14:30:00,INDEX:NDTH,82.82,83.83,82.82,83.83,0.0
2013-11-25 14:30:00,INDEX:NDTH,83.83,83.83,82.82,82.82,0.0
2013-11-26 14:30:00,INDEX:NDTH,82.82,83.83,82.82,82.82,0.0
2013-11-27 14:30:00,INDEX:NDTH,82.82,83.83,81.81,83.83,0.0
2013-11-29 14:30:00,INDEX:NDTH,83.83,83.83,82.82,82.82,0.0
2013-12-02 14:30:00,INDEX:NDTH,82.82,83.83,81.81,82.82,0.0
2013-12-03 14:30:00,INDEX:NDTH,81.81,82.82,81.81,81.81,0.0
2013-12-04 14:30:00,INDEX:NDTH,81.81,82.82,81.81,81.81,0.0
2013-12-05 14:30:00,INDEX:NDTH,81.81,82.82,81.81,81.81,0.0
2013-12-06 14:30:00,INDEX:NDTH,82.82,83.83,81.81,83.83,0.0
2013-12-09 14:30:00,INDEX:NDTH,83.83,83.83,82.82,83.83,0.0
2013-12-10 14:30:00,INDEX:NDTH,83.83,83.83,83.83,83.83,0.0
2013-12-11 14:30:00,INDEX:NDTH,83.83,83.83,82.82,82.82,0.0
2013-12-12 14:30:00,INDEX:NDTH,81.81,81.81,79.79,79.79,0.0
2013-12-13 14:30:00,INDEX:NDTH,80.8,80.8,80.8,80.8,0.0
2013-12-16 14:30:00,INDEX:NDTH,82.82,83.83,81.81,81.81,0.0
2013-12-17 14:30:00,INDEX:NDTH,81.81,81.81,80.8,81.81,0.0
2013-12-18 14:30:00,INDEX:NDTH,81.81,82.82,80.8,82.82,0.0
2013-12-19 14:30:00,INDEX:NDTH,81.81,82.82,81.81,82.82,0.0
2013-12-20 14:30:00,INDEX:NDTH,82.82,84.84,82.82,83.83,0.0
2013-12-23 14:30:00,INDEX:NDTH,83.83,88.0,83.83,88.0,0.0
2013-12-24 14:30:00,INDEX:NDTH,87.0,88.0,87.0,88.0,0.0
2013-12-26 14:30:00,INDEX:NDTH,88.0,88.0,87.0,88.0,0.0
2013-12-27 14:30:00,INDEX:NDTH,89.0,89.0,87.0,87.0,0.0
2013-12-30 14:30:00,INDEX:NDTH,87.0,89.0,86.0,88.0,0.0
2013-12-31 14:30:00,INDEX:NDTH,88.0,89.0,87.0,88.0,0.0
2014-01-02 14:30:00,INDEX:NDTH,86.0,87.0,86.0,87.0,0.0
2014-01-03 14:30:00,INDEX:NDTH,88.0,89.0,85.0,87.0,0.0
2014-01-06 14:30:00,INDEX:NDTH,87.0,87.0,86.0,87.0,0.0
2014-01-07 14:30:00,INDEX:NDTH,87.0,88.0,87.0,88.0,0.0
2014-01-08 14:30:00,INDEX:NDTH,88.0,88.0,85.0,85.0,0.0
2014-01-09 14:30:00,INDEX:NDTH,84.0,85.0,84.0,84.0,0.0
2014-01-10 14:30:00,INDEX:NDTH,84.0,84.0,83.0,84.0,0.0
2014-01-13 14:30:00,INDEX:NDTH,84.0,86.0,80.0,80.0,0.0
2014-01-14 14:30:00,INDEX:NDTH,83.0,86.0,83.0,85.0,0.0
2014-01-15 14:30:00,INDEX:NDTH,86.0,87.0,85.0,86.0,0.0
2014-01-16 14:30:00,INDEX:NDTH,85.0,86.0,85.0,86.0,0.0
2014-01-17 14:30:00,INDEX:NDTH,86.0,88.0,84.0,85.0,0.0
2014-01-21 14:30:00,INDEX:NDTH,86.0,87.0,83.0,83.0,0.0
2014-01-22 14:30:00,INDEX:NDTH,83.0,85.0,83.0,84.0,0.0
2014-01-23 14:30:00,INDEX:NDTH,82.0,82.0,80.0,81.0,0.0
2014-01-24 14:30:00,INDEX:NDTH,79.0,81.0,79.0,80.0,0.0
2014-01-27 14:30:00,INDEX:NDTH,78.0,79.0,75.0,77.0,0.0
2014-01-28 14:30:00,INDEX:NDTH,77.0,78.0,75.0,78.0,0.0
2014-01-29 14:30:00,INDEX:NDTH,76.0,78.0,74.0,75.0,0.0
2014-01-30 14:30:00,INDEX:NDTH,76.0,81.0,75.0,77.0,0.0
2014-01-31 14:30:00,INDEX:NDTH,78.0,79.0,77.0,78.0,0.0
2014-02-03 14:30:00,INDEX:NDTH,76.0,76.0,66.0,68.0,0.0
2014-02-04 14:30:00,INDEX:NDTH,67.0,74.0,67.0,72.0,0.0
2014-02-05 14:30:00,INDEX:NDTH,71.0,73.0,65.0,72.0,0.0
2014-02-06 14:30:00,INDEX:NDTH,72.0,79.0,72.0,77.0,0.0
2014-02-07 14:30:00,INDEX:NDTH,78.0,80.0,77.0,80.0,0.0
2014-02-10 14:30:00,INDEX:NDTH,80.0,81.0,80.0,80.0,0.0
2014-02-11 14:30:00,INDEX:NDTH,82.0,83.0,81.0,83.0,0.0
2014-02-12 14:30:00,INDEX:NDTH,85.0,85.0,83.0,85.0,0.0
2014-02-13 14:30:00,INDEX:NDTH,81.0,84.0,81.0,84.0,0.0
2014-02-14 14:30:00,INDEX:NDTH,82.0,84.0,82.0,84.0,0.0
2014-02-18 14:30:00,INDEX:NDTH,83.0,85.0,83.0,84.0,0.0
2014-02-19 14:30:00,INDEX:NDTH,83.0,85.0,82.0,82.0,0.0
2014-02-20 14:30:00,INDEX:NDTH,81.0,84.0,80.0,83.0,0.0
2014-02-21 14:30:00,INDEX:NDTH,83.0,83.0,80.0,80.0,0.0
2014-02-24 14:30:00,INDEX:NDTH,82.0,82.0,81.0,81.0,0.0
2014-02-25 14:30:00,INDEX:NDTH,80.0,80.0,78.0,78.0,0.0
2014-02-26 14:30:00,INDEX:NDTH,82.0,82.0,80.0,81.0,0.0
2014-02-27 14:30:00,INDEX:NDTH,81.0,82.0,79.0,82.0,0.0
2014-02-28 14:30:00,INDEX:NDTH,81.0,82.0,81.0,82.0,0.0
2014-03-03 14:30:00,INDEX:NDTH,81.0,81.0,79.0,80.0,0.0
2014-03-04 14:30:00,INDEX:NDTH,82.0,83.0,79.0,82.0,0.0
2014-03-05 14:30:00,INDEX:NDTH,80.0,82.0,80.0,81.0,0.0
2014-03-06 14:30:00,INDEX:NDTH,80.0,80.0,80.0,80.0,0.0
2014-03-07 14:30:00,INDEX:NDTH,81.0,81.0,80.0,80.0,0.0
2014-03-10 13:30:00,INDEX:NDTH,81.0,82.0,80.0,81.0,0.0
2014-03-11 13:30:00,INDEX:NDTH,82.0,83.0,82.0,83.0,0.0
2014-03-12 13:30:00,INDEX:NDTH,81.0,83.0,81.0,82.0,0.0
2014-03-13 13:30:00,INDEX:NDTH,83.0,83.0,80.0,80.0,0.0
2014-03-14 13:30:00,INDEX:NDTH,80.0,82.0,79.0,80.0,0.0
2014-03-17 13:30:00,INDEX:NDTH,81.0,82.0,80.0,80.0,0.0
2014-03-18 13:30:00,INDEX:NDTH,80.0,81.0,80.0,81.0,0.0
2014-03-19 13:30:00,INDEX:NDTH,80.0,81.0,80.0,81.0,0.0
2014-03-20 13:30:00,INDEX:NDTH,81.0,81.0,80.0,80.0,0.0
2014-03-21 13:30:00,INDEX:NDTH,79.0,79.0,77.0,77.0,0.0
2014-03-24 13:30:00,INDEX:NDTH,77.0,77.0,76.0,76.0,0.0
2014-03-25 13:30:00,INDEX:NDTH,77.0,77.0,76.0,77.0,0.0
2014-03-26 13:30:00,INDEX:NDTH,78.0,78.0,75.0,75.0,0.0
2014-03-27 13:30:00,INDEX:NDTH,72.0,74.0,71.0,74.0,0.0
2014-03-28 13:30:00,INDEX:NDTH,74.0,74.0,73.0,74.0,0.0
2014-03-31 13:30:00,INDEX:NDTH,76.0,76.0,75.0,75.0,0.0
2014-04-01 13:30:00,INDEX:NDTH,76.0,79.0,76.0,78.0,0.0
2014-04-02 13:30:00,INDEX:NDTH,78.0,78.0,78.0,78.0,0.0
2014-04-03 13:30:00,INDEX:NDTH,77.0,78.0,76.0,78.0,0.0
2014-04-04 13:30:00,INDEX:NDTH,78.0,78.0,73.0,73.0,0.0
2014-04-07 13:30:00,INDEX:NDTH,66.0,71.0,61.0,63.0,0.0
2014-04-08 13:30:00,INDEX:NDTH,66.0,74.0,64.0,72.0,0.0
2014-04-09 13:30:00,INDEX:NDTH,71.0,73.0,68.0,73.0,0.0
2014-04-10 13:30:00,INDEX:NDTH,74.0,74.0,61.0,61.0,0.0
2014-04-11 13:30:00,INDEX:NDTH,62.0,64.0,59.0,59.0,0.0
2014-04-14 13:30:00,INDEX:NDTH,60.0,61.0,57.0,61.0,0.0
2014-04-15 13:30:00,INDEX:NDTH,62.0,64.0,56.0,64.0,0.0
2014-04-16 13:30:00,INDEX:NDTH,64.0,66.0,63.0,66.0,0.0
2014-04-17 13:30:00,INDEX:NDTH,67.0,71.0,65.0,69.0,0.0
2014-04-21 13:30:00,INDEX:NDTH,69.0,70.0,68.0,70.0,0.0
2014-04-22 13:30:00,INDEX:NDTH,71.0,72.0,70.0,72.0,0.0
2014-04-23 13:30:00,INDEX:NDTH,71.0,71.0,68.0,69.0,0.0
2014-04-24 13:30:00,INDEX:NDTH,68.0,70.0,66.0,69.0,0.0
2014-04-25 13:30:00,INDEX:NDTH,66.0,66.0,59.0,63.0,0.0
2014-04-28 13:30:00,INDEX:NDTH,62.0,64.0,56.0,60.0,0.0
2014-04-29 13:30:00,INDEX:NDTH,62.0,67.0,62.0,65.0,0.0
2014-04-30 13:30:00,INDEX:NDTH,64.0,65.0,62.0,65.0,0.0
2014-05-01 13:30:00,INDEX:NDTH,67.0,68.0,64.0,67.0,0.0
2014-05-02 13:30:00,INDEX:NDTH,66.0,68.0,65.0,65.0,0.0
2014-05-05 13:30:00,INDEX:NDTH,63.0,68.0,63.0,67.0,0.0
2014-05-06 13:30:00,INDEX:NDTH,63.0,65.0,63.0,63.0,0.0
2014-05-07 13:30:00,INDEX:NDTH,63.0,63.0,60.0,63.0,0.0
2014-05-08 13:30:00,INDEX:NDTH,62.0,67.0,62.0,63.0,0.0
2014-05-09 13:30:00,INDEX:NDTH,61.0,65.0,60.0,65.0,0.0
2014-05-12 13:30:00,INDEX:NDTH,65.0,68.0,65.0,68.0,0.0
2014-05-13 13:30:00,INDEX:NDTH,67.0,68.0,67.0,67.0,0.0
2014-05-14 13:30:00,INDEX:NDTH,66.0,68.0,63.0,66.0,0.0
2014-05-15 13:30:00,INDEX:NDTH,62.0,65.0,59.0,63.0,0.0
2014-05-16 13:30:00,INDEX:NDTH,62.0,66.0,60.0,66.0,0.0
2014-05-19 13:30:00,INDEX:NDTH,66.0,69.0,66.0,68.0,0.0
2014-05-20 13:30:00,INDEX:NDTH,66.0,68.0,63.0,67.0,0.0
2014-05-21 13:30:00,INDEX:NDTH,68.0,68.0,67.0,68.0,0.0
2014-05-22 13:30:00,INDEX:NDTH,68.0,68.0,68.0,68.0,0.0
2014-05-23 13:30:00,INDEX:NDTH,68.0,68.0,68.0,68.0,0.0
2014-05-27 13:30:00,INDEX:NDTH,68.0,70.0,68.0,70.0,0.0
2014-05-28 13:30:00,INDEX:NDTH,71.0,71.0,69.0,70.0,0.0
2014-05-29 13:30:00,INDEX:NDTH,70.0,71.0,69.0,71.0,0.0
2014-05-30 13:30:00,INDEX:NDTH,70.0,72.0,69.0,71.0,0.0
2014-06-02 13:30:00,INDEX:NDTH,71.0,72.0,69.0,71.0,0.0
2014-06-03 13:30:00,INDEX:NDTH,71.0,71.0,71.0,71.0,0.0
2014-06-04 13:30:00,INDEX:NDTH,71.0,73.0,71.0,73.0,0.0
2014-06-05 13:30:00,INDEX:NDTH,72.0,75.0,72.0,73.0,0.0
2014-06-06 13:30:00,INDEX:NDTH,76.0,77.0,75.0,77.0,0.0
2014-06-09 13:30:00,INDEX:NDTH,77.0,77.0,76.0,77.0,0.0
2014-06-10 13:30:00,INDEX:NDTH,77.0,77.0,73.0,75.0,0.0
2014-06-11 13:30:00,INDEX:NDTH,75.0,75.0,73.0,74.0,0.0
2014-06-12 13:30:00,INDEX:NDTH,72.0,73.0,71.0,71.0,0.0
2014-06-13 13:30:00,INDEX:NDTH,73.0,74.0,71.0,74.0,0.0
2014-06-16 13:30:00,INDEX:NDTH,75.0,75.0,73.0,74.0,0.0
2014-06-17 13:30:00,INDEX:NDTH,75.0,77.0,75.0,75.0,0.0
2014-06-18 13:30:00,INDEX:NDTH,73.0,75.0,73.0,75.0,0.0
2014-06-19 13:30:00,INDEX:NDTH,76.0,76.0,74.0,75.0,0.0
2014-06-20 13:30:00,INDEX:NDTH,74.0,74.0,74.0,74.0,0.0
2014-06-23 13:30:00,INDEX:NDTH,75.0,75.0,74.0,74.0,0.0
2014-06-24 13:30:00,INDEX:NDTH,75.0,78.0,75.0,76.0,0.0
2014-06-25 13:30:00,INDEX:NDTH,76.0,77.0,76.0,76.0,0.0
2014-06-26 13:30:00,INDEX:NDTH,76.0,76.0,76.0,76.0,0.0
2014-06-27 13:30:00,INDEX:NDTH,76.0,76.0,76.0,76.0,0.0
2014-06-30 13:30:00,INDEX:NDTH,76.0,76.0,76.0,76.0,0.0
2014-07-01 13:30:00,INDEX:NDTH,76.0,79.0,76.0,79.0,0.0
2014-07-02 13:30:00,INDEX:NDTH,79.0,80.0,79.0,80.0,0.0
2014-07-03 13:30:00,INDEX:NDTH,81.0,81.0,80.0,81.0,0.0
2014-07-07 13:30:00,INDEX:NDTH,80.0,81.0,60.0,60.0,0.0
2014-07-08 13:30:00,INDEX:NDTH,60.0,79.0,60.0,79.0,0.0
2014-07-09 13:30:00,INDEX:NDTH,80.0,80.0,79.0,79.0,0.0
2014-07-10 13:30:00,INDEX:NDTH,79.0,81.0,78.0,79.0,0.0
2014-07-11 13:30:00,INDEX:NDTH,78.0,78.0,77.0,78.0,0.0
2014-07-14 13:30:00,INDEX:NDTH,79.0,80.0,79.0,80.0,0.0
2014-07-15 13:30:00,INDEX:NDTH,80.0,81.0,78.0,80.0,0.0
2014-07-16 13:30:00,INDEX:NDTH,82.0,82.0,80.0,81.0,0.0
2014-07-17 13:30:00,INDEX:NDTH,79.0,80.0,74.0,74.0,0.0
2014-07-18 13:30:00,INDEX:NDTH,78.0,81.0,78.0,81.0,0.0
2014-07-21 13:30:00,INDEX:NDTH,79.0,80.0,77.0,78.0,0.0
2014-07-22 13:30:00,INDEX:NDTH,80.0,81.0,79.0,79.0,0.0
2014-07-23 13:30:00,INDEX:NDTH,77.0,81.0,77.0,79.0,0.0
2014-07-24 13:30:00,INDEX:NDTH,79.0,82.0,79.0,82.0,0.0
2014-07-25 13:30:00,INDEX:NDTH,79.0,79.0,75.0,77.0,0.0
2014-07-28 13:30:00,INDEX:NDTH,75.0,77.0,74.0,76.0,0.0
2014-07-29 13:30:00,INDEX:NDTH,76.0,79.0,74.0,74.0,0.0
2014-07-30 13:30:00,INDEX:NDTH,77.0,79.0,75.0,79.0,0.0
2014-07-31 13:30:00,INDEX:NDTH,73.0,74.0,70.0,70.0,0.0
2014-08-01 13:30:00,INDEX:NDTH,71.0,71.0,68.0,68.0,0.0
2014-08-04 13:30:00,INDEX:NDTH,70.0,72.0,69.0,72.0,0.0
2014-08-05 13:30:00,INDEX:NDTH,71.0,71.0,67.0,69.0,0.0
2014-08-06 13:30:00,INDEX:NDTH,69.0,71.0,68.0,68.0,0.0
2014-08-07 13:30:00,INDEX:NDTH,67.0,67.0,64.0,64.0,0.0
2014-08-08 13:30:00,INDEX:NDTH,67.0,70.0,65.0,70.0,0.0
2014-08-11 13:30:00,INDEX:NDTH,71.0,71.0,71.0,71.0,0.0
2014-08-12 13:30:00,INDEX:NDTH,71.0,71.0,70.0,70.0,0.0
2014-08-13 13:30:00,INDEX:NDTH,69.0,73.0,69.0,72.0,0.0
2014-08-14 13:30:00,INDEX:NDTH,72.0,75.0,72.0,74.0,0.0
2014-08-15 13:30:00,INDEX:NDTH,76.0,77.0,73.0,75.0,0.0
2014-08-18 13:30:00,INDEX:NDTH,77.0,79.0,76.0,78.0,0.0
2014-08-19 13:30:00,INDEX:NDTH,79.0,80.0,78.0,79.0,0.0
2014-08-20 13:30:00,INDEX:NDTH,78.0,80.0,78.0,80.0,0.0
2014-08-21 13:30:00,INDEX:NDTH,80.0,81.0,79.0,80.0,0.0
2014-08-22 13:30:00,INDEX:NDTH,81.0,82.0,81.0,81.0,0.0
2014-08-25 13:30:00,INDEX:NDTH,81.0,82.0,79.0,81.0,0.0
2014-08-26 13:30:00,INDEX:NDTH,81.0,83.0,80.0,81.0,0.0
2014-08-27 13:30:00,INDEX:NDTH,80.0,80.0,80.0,80.0,0.0
2014-08-28 13:30:00,INDEX:NDTH,79.0,81.0,78.0,80.0,0.0
2014-08-29 13:30:00,INDEX:NDTH,79.0,79.0,79.0,79.0,0.0
2014-09-02 13:30:00,INDEX:NDTH,80.0,81.0,80.0,80.0,0.0
2014-09-03 13:30:00,INDEX:NDTH,81.0,82.0,78.0,80.0,0.0
2014-09-04 13:30:00,INDEX:NDTH,81.0,83.0,75.0,78.0,0.0
2014-09-05 13:30:00,INDEX:NDTH,78.0,78.0,76.0,78.0,0.0
2014-09-08 13:30:00,INDEX:NDTH,76.0,78.0,76.0,76.0,0.0
2014-09-09 13:30:00,INDEX:NDTH,75.0,76.0,72.0,72.0,0.0
2014-09-10 13:30:00,INDEX:NDTH,72.0,75.0,72.0,74.0,0.0
2014-09-11 13:30:00,INDEX:NDTH,73.0,75.0,73.0,75.0,0.0
2014-09-12 13:30:00,INDEX:NDTH,75.0,76.0,73.0,76.0,0.0
2014-09-15 13:30:00,INDEX:NDTH,72.0,75.0,72.0,74.0,0.0
2014-09-16 13:30:00,INDEX:NDTH,73.0,77.0,73.0,74.0,0.0
2014-09-17 13:30:00,INDEX:NDTH,76.0,77.0,74.0,75.0,0.0
2014-09-18 13:30:00,INDEX:NDTH,76.0,78.0,75.0,78.0,0.0
2014-09-19 13:30:00,INDEX:NDTH,79.0,79.0,75.0,76.0,0.0
2014-09-22 13:30:00,INDEX:NDTH,74.0,75.0,71.0,72.0,0.0
2014-09-23 13:30:00,INDEX:NDTH,71.0,72.0,68.0,69.0,0.0
2014-09-24 13:30:00,INDEX:NDTH,70.0,74.0,70.0,73.0,0.0
2014-09-25 13:30:00,INDEX:NDTH,72.0,72.0,66.0,67.0,0.0
2014-09-26 13:30:00,INDEX:NDTH,67.0,70.0,67.0,69.0,0.0
2014-09-29 13:30:00,INDEX:NDTH,66.0,69.0,66.0,69.0,0.0
2014-09-30 13:30:00,INDEX:NDTH,68.0,71.0,67.0,68.0,0.0
2014-10-01 13:30:00,INDEX:NDTH,67.0,67.0,61.0,61.0,0.0
2014-10-02 13:30:00,INDEX:NDTH,63.0,64.0,56.0,62.0,0.0
2014-10-03 13:30:00,INDEX:NDTH,65.0,68.0,65.0,68.0,0.0
2014-10-06 13:30:00,INDEX:NDTH,71.0,71.0,66.0,67.0,0.0
2014-10-07 13:30:00,INDEX:NDTH,62.0,67.0,58.58,58.58,0.0
2014-10-08 13:30:00,INDEX:NDTH,59.59,69.69,57.57,68.68,0.0
2014-10-09 13:30:00,INDEX:NDTH,67.67,68.68,59.59,59.59,0.0
2014-10-10 13:30:00,INDEX:NDTH,58.58,58.58,43.43,43.43,0.0
2014-10-13 13:30:00,INDEX:NDTH,43.43,47.47,37.37,38.38,0.0
2014-10-14 13:30:00,INDEX:NDTH,41.41,42.42,36.36,38.38,0.0
2014-10-15 13:30:00,INDEX:NDTH,36.36,40.4,30.3,37.37,0.0
2014-10-16 13:30:00,INDEX:NDTH,33.33,40.4,33.33,39.39,0.0
2014-10-17 13:30:00,INDEX:NDTH,46.46,46.46,45.45,45.45,0.0
2014-10-20 13:30:00,INDEX:NDTH,44.44,50.5,43.43,50.5,0.0
2014-10-21 13:30:00,INDEX:NDTH,52.52,57.57,52.52,57.57,0.0
2014-10-22 13:30:00,INDEX:NDTH,55.55,59.59,54.54,54.54,0.0
2014-10-23 13:30:00,INDEX:NDTH,58.58,63.63,58.58,59.59,0.0
2014-10-24 13:30:00,INDEX:NDTH,62.62,66.66,59.59,66.66,0.0
2014-10-27 13:30:00,INDEX:NDTH,65.65,68.68,65.65,67.67,0.0
2014-10-28 13:30:00,INDEX:NDTH,70.7,72.72,68.68,71.71,0.0
2014-10-29 13:30:00,INDEX:NDTH,71.71,71.71,65.65,67.67,0.0
2014-10-30 13:30:00,INDEX:NDTH,69.69,73.73,69.69,72.72,0.0
2014-10-31 13:30:00,INDEX:NDTH,77.77,77.77,76.76,77.77,0.0
2014-11-03 14:30:00,INDEX:NDTH,78.78,79.79,77.77,77.77,0.0
2014-11-04 14:30:00,INDEX:NDTH,77.77,78.78,76.76,78.78,0.0
2014-11-05 14:30:00,INDEX:NDTH,78.78,79.79,78.78,79.79,0.0
2014-11-06 14:30:00,INDEX:NDTH,80.8,80.8,79.79,80.8,0.0
2014-11-07 14:30:00,INDEX:NDTH,79.79,80.8,79.79,80.8,0.0
2014-11-10 14:30:00,INDEX:NDTH,79.79,81.81,79.79,81.81,0.0
2014-11-11 14:30:00,INDEX:NDTH,78.78,81.81,78.78,81.81,0.0
2014-11-12 14:30:00,INDEX:NDTH,80.8,81.81,80.8,81.81,0.0
2014-11-13 14:30:00,INDEX:NDTH,81.81,81.81,80.8,80.8,0.0
2014-11-14 14:30:00,INDEX:NDTH,80.8,81.81,80.8,80.8,0.0
2014-11-17 14:30:00,INDEX:NDTH,80.8,80.8,80.8,80.8,0.0
2014-11-18 14:30:00,INDEX:NDTH,80.8,81.81,80.8,81.81,0.0
2014-11-19 14:30:00,INDEX:NDTH,81.81,81.81,80.8,80.8,0.0
2014-11-20 14:30:00,INDEX:NDTH,80.8,83.83,80.8,83.83,0.0
2014-11-21 14:30:00,INDEX:NDTH,83.83,83.83,83.83,83.83,0.0
2014-11-24 14:30:00,INDEX:NDTH,83.83,83.83,82.82,83.83,0.0
2014-11-25 14:30:00,INDEX:NDTH,83.83,83.83,83.83,83.83,0.0
2014-11-26 14:30:00,INDEX:NDTH,82.82,83.83,82.82,83.83,0.0
2014-11-28 14:30:00,INDEX:NDTH,83.83,83.83,83.83,83.83,0.0
2014-12-01 14:30:00,INDEX:NDTH,83.83,83.83,80.8,80.8,0.0
2014-12-02 14:30:00,INDEX:NDTH,81.81,82.82,81.81,82.82,0.0
2014-12-03 14:30:00,INDEX:NDTH,81.81,83.83,81.81,83.83,0.0
2014-12-04 14:30:00,INDEX:NDTH,83.83,84.84,83.83,83.83,0.0
2014-12-05 14:30:00,INDEX:NDTH,84.84,84.84,84.84,84.84,0.0
2014-12-08 14:30:00,INDEX:NDTH,83.83,84.84,80.8,80.8,0.0
2014-12-09 14:30:00,INDEX:NDTH,80.8,82.82,79.79,82.82,0.0
2014-12-10 14:30:00,INDEX:NDTH,80.8,80.8,79.79,79.79,0.0
2014-12-11 14:30:00,INDEX:NDTH,80.8,80.8,78.78,80.8,0.0
2014-12-12 14:30:00,INDEX:NDTH,77.77,78.78,77.77,77.77,0.0
2014-12-15 14:30:00,INDEX:NDTH,77.77,77.77,76.76,76.76,0.0
2014-12-16 14:30:00,INDEX:NDTH,75.75,77.77,73.73,73.73,0.0
2014-12-17 14:30:00,INDEX:NDTH,73.73,77.77,72.72,77.77,0.0
2014-12-18 14:30:00,INDEX:NDTH,79.79,79.79,79.79,79.79,0.0
2014-12-19 14:30:00,INDEX:NDTH,80.8,81.81,80.8,80.8,0.0
2014-12-22 14:30:00,INDEX:NDTH,80.8,82.82,80.8,82.82,0.0
2014-12-23 14:30:00,INDEX:NDTH,82.82,82.82,82.82,82.82,0.0
2014-12-24 14:30:00,INDEX:NDTH,82.82,83.83,82.82,82.82,0.0
2014-12-26 14:30:00,INDEX:NDTH,83.83,83.83,83.83,83.83,0.0
2014-12-29 14:30:00,INDEX:NDTH,82.82,83.83,81.81,82.82,0.0
2014-12-30 14:30:00,INDEX:NDTH,81.81,82.82,80.8,81.81,0.0
2014-12-31 14:30:00,INDEX:NDTH,81.81,83.83,79.79,79.79,0.0
2015-01-02 14:30:00,INDEX:NDTH,81.81,81.81,79.79,80.8,0.0
2015-01-05 14:30:00,INDEX:NDTH,80.8,80.8,77.77,77.77,0.0
2015-01-06 14:30:00,INDEX:NDTH,77.77,77.77,74.74,75.7,0.0
2015-01-07 14:30:00,INDEX:NDTH,76.63,77.57,75.7,77.57,0.0
2015-01-08 14:30:00,INDEX:NDTH,78.5,81.3,78.5,80.37,0.0
2015-01-09 14:30:00,INDEX:NDTH,80.37,80.37,77.57,78.5,0.0
2015-01-12 14:30:00,INDEX:NDTH,77.57,78.5,76.63,78.5,0.0
2015-01-13 14:30:00,INDEX:NDTH,79.43,80.37,74.76,77.57,0.0
2015-01-14 14:30:00,INDEX:NDTH,73.83,75.7,71.96,74.76,0.0
2015-01-15 14:30:00,INDEX:NDTH,72.89,74.76,71.02,71.02,0.0
2015-01-16 14:30:00,INDEX:NDTH,71.96,75.7,71.02,75.7,0.0
2015-01-20 14:30:00,INDEX:NDTH,74.76,74.76,74.76,74.76,0.0
2015-01-21 14:30:00,INDEX:NDTH,74.76,75.7,74.76,75.7,0.0
2015-01-22 14:30:00,INDEX:NDTH,75.7,78.5,74.76,77.57,0.0
2015-01-23 14:30:00,INDEX:NDTH,77.57,77.57,76.63,76.63,0.0
2015-01-26 14:30:00,INDEX:NDTH,73.83,75.7,73.83,75.7,0.0
2015-01-27 14:30:00,INDEX:NDTH,72.89,72.89,70.09,71.02,0.0
2015-01-28 14:30:00,INDEX:NDTH,71.96,72.89,66.35,66.35,0.0
2015-01-29 14:30:00,INDEX:NDTH,66.35,68.22,64.48,68.22,0.0
2015-01-30 14:30:00,INDEX:NDTH,66.35,68.22,64.48,64.48,0.0
2015-02-02 14:30:00,INDEX:NDTH,63.55,67.28,60.74,67.28,0.0
2015-02-03 14:30:00,INDEX:NDTH,70.09,71.96,70.09,71.96,0.0
2015-02-04 14:30:00,INDEX:NDTH,72.89,73.83,72.89,72.89,0.0
2015-02-05 14:30:00,INDEX:NDTH,72.89,72.89,72.89,72.89,0.0
2015-02-06 14:30:00,INDEX:NDTH,72.89,73.83,71.96,72.89,0.0
2015-02-09 14:30:00,INDEX:NDTH,71.96,72.89,71.96,71.96,0.0
2015-02-10 14:30:00,INDEX:NDTH,71.96,74.76,71.96,74.76,0.0
2015-02-11 14:30:00,INDEX:NDTH,74.76,75.7,73.83,75.7,0.0
2015-02-12 14:30:00,INDEX:NDTH,73.83,76.63,73.83,76.63,0.0
2015-02-13 14:30:00,INDEX:NDTH,78.5,79.43,76.63,78.5,0.0
2015-02-17 14:30:00,INDEX:NDTH,78.5,79.43,77.57,79.43,0.0
2015-02-18 14:30:00,INDEX:NDTH,78.5,78.5,76.63,76.63,0.0
2015-02-19 14:30:00,INDEX:NDTH,77.57,79.43,77.57,78.5,0.0
2015-02-20 14:30:00,INDEX:NDTH,77.57,81.3,76.63,81.3,0.0
2015-02-23 14:30:00,INDEX:NDTH,79.43,79.43,79.43,79.43,0.0
2015-02-24 14:30:00,INDEX:NDTH,79.43,79.43,79.43,79.43,0.0
2015-02-25 14:30:00,INDEX:NDTH,79.43,79.43,78.5,78.5,0.0
2015-02-26 14:30:00,INDEX:NDTH,77.57,79.43,77.57,79.43,0.0
2015-02-27 14:30:00,INDEX:NDTH,78.5,81.3,78.5,80.37,0.0
2015-03-02 14:30:00,INDEX:NDTH,81.3,82.24,81.3,82.24,0.0
2015-03-03 14:30:00,INDEX:NDTH,82.24,83.17,80.37,82.24,0.0
2015-03-04 14:30:00,INDEX:NDTH,79.43,79.43,77.57,78.5,0.0
2015-03-05 14:30:00,INDEX:NDTH,78.5,80.37,77.57,79.43,0.0
2015-03-06 14:30:00,INDEX:NDTH,77.57,77.57,73.83,73.83,0.0
2015-03-09 13:30:00,INDEX:NDTH,72.89,73.83,72.89,73.83,0.0
2015-03-10 13:30:00,INDEX:NDTH,72.89,72.89,71.02,71.02,0.0
2015-03-11 13:30:00,INDEX:NDTH,71.02,71.96,67.28,67.28,0.0
2015-03-12 13:30:00,INDEX:NDTH,71.02,71.02,68.22,71.02,0.0
2015-03-13 13:30:00,INDEX:NDTH,69.15,69.15,66.35,68.22,0.0
2015-03-16 13:30:00,INDEX:NDTH,68.22,70.09,68.22,70.09,0.0
2015-03-17 13:30:00,INDEX:NDTH,67.28,69.15,67.28,67.28,0.0
2015-03-18 13:30:00,INDEX:NDTH,67.28,74.76,66.35,72.89,0.0
2015-03-19 13:30:00,INDEX:NDTH,71.96,73.83,71.02,72.89,0.0
2015-03-20 13:30:00,INDEX:NDTH,72.89,78.5,72.89,77.57,0.0
2015-03-23 13:30:00,INDEX:NDTH,77.57,80.37,76.63,77.57,0.0
2015-03-24 13:30:00,INDEX:NDTH,76.63,77.57,73.83,73.83,0.0
2015-03-25 13:30:00,INDEX:NDTH,73.83,73.83,66.35,66.35,0.0
2015-03-26 13:30:00,INDEX:NDTH,65.42,68.22,61.68,66.35,0.0
2015-03-27 13:30:00,INDEX:NDTH,65.42,67.28,64.48,65.42,0.0
2015-03-30 13:30:00,INDEX:NDTH,68.22,70.09,65.42,68.22,0.0
2015-03-31 13:30:00,INDEX:NDTH,65.42,69.15,64.48,64.48,0.0
2015-04-01 13:30:00,INDEX:NDTH,63.55,63.55,62.61,63.55,0.0
2015-04-02 13:30:00,INDEX:NDTH,65.42,66.35,64.48,65.42,0.0
2015-04-06 13:30:00,INDEX:NDTH,66.35,67.28,66.35,67.28,0.0
2015-04-07 13:30:00,INDEX:NDTH,67.28,68.22,67.28,67.28,0.0
2015-04-08 13:30:00,INDEX:NDTH,68.22,69.15,67.28,68.22,0.0
2015-04-09 13:30:00,INDEX:NDTH,70.09,71.02,68.22,71.02,0.0
2015-04-10 13:30:00,INDEX:NDTH,70.09,71.02,70.09,71.02,0.0
2015-04-13 13:30:00,INDEX:NDTH,71.02,71.96,70.09,70.09,0.0
2015-04-14 13:30:00,INDEX:NDTH,70.09,71.02,70.09,71.02,0.0
2015-04-15 13:30:00,INDEX:NDTH,71.02,71.96,70.09,71.96,0.0
2015-04-16 13:30:00,INDEX:NDTH,71.96,71.96,71.02,71.96,0.0
2015-04-17 13:30:00,INDEX:NDTH,70.09,71.02,68.22,70.09,0.0
2015-04-20 13:30:00,INDEX:NDTH,71.96,71.96,71.02,71.02,0.0
2015-04-21 13:30:00,INDEX:NDTH,71.96,72.89,71.02,72.89,0.0
2015-04-22 13:30:00,INDEX:NDTH,71.96,73.83,71.96,71.96,0.0
2015-04-23 13:30:00,INDEX:NDTH,72.89,77.57,72.89,74.76,0.0
2015-04-24 13:30:00,INDEX:NDTH,75.7,79.43,75.7,78.5,0.0
2015-04-27 13:30:00,INDEX:NDTH,78.5,79.43,78.5,78.5,0.0
2015-04-28 13:30:00,INDEX:NDTH,77.57,77.57,72.89,77.57,0.0
2015-04-29 13:30:00,INDEX:NDTH,77.57,77.57,71.96,74.76,0.0
2015-04-30 13:30:00,INDEX:NDTH,73.83,73.83,67.28,69.15,0.0
2015-05-01 13:30:00,INDEX:NDTH,71.02,72.89,70.09,71.02,0.0
2015-05-04 13:30:00,INDEX:NDTH,74.76,74.76,71.02,72.89,0.0
2015-05-05 13:30:00,INDEX:NDTH,71.96,71.96,69.15,70.09,0.0
2015-05-06 13:30:00,INDEX:NDTH,66.35,70.09,66.35,69.15,0.0
2015-05-07 13:30:00,INDEX:NDTH,69.15,69.15,66.35,66.35,0.0
2015-05-08 13:30:00,INDEX:NDTH,71.02,71.96,69.15,70.09,0.0
2015-05-11 13:30:00,INDEX:NDTH,69.15,70.09,68.22,68.22,0.0
2015-05-12 13:30:00,INDEX:NDTH,66.35,69.15,65.42,67.28,0.0
2015-05-13 13:30:00,INDEX:NDTH,70.09,71.96,70.09,71.02,0.0
2015-05-14 13:30:00,INDEX:NDTH,71.02,72.89,70.09,71.96,0.0
2015-05-15 13:30:00,INDEX:NDTH,72.89,72.89,71.96,71.96,0.0
2015-05-18 13:30:00,INDEX:NDTH,71.02,74.76,71.02,73.83,0.0
2015-05-19 13:30:00,INDEX:NDTH,74.76,74.76,72.89,72.89,0.0
2015-05-20 13:30:00,INDEX:NDTH,73.83,73.83,70.09,70.09,0.0
2015-05-21 13:30:00,INDEX:NDTH,70.09,71.96,70.09,70.09,0.0
2015-05-22 13:30:00,INDEX:NDTH,71.02,71.96,71.02,71.96,0.0
2015-05-26 13:30:00,INDEX:NDTH,65.42,66.35,65.42,66.35,0.0
2015-05-27 13:30:00,INDEX:NDTH,69.15,71.02,69.15,69.15,0.0
2015-05-28 13:30:00,INDEX:NDTH,69.15,71.02,69.15,71.02,0.0
2015-05-29 13:30:00,INDEX:NDTH,70.09,70.09,67.28,67.28,0.0
2015-06-01 13:30:00,INDEX:NDTH,67.28,70.09,65.42,69.15,0.0
2015-06-02 13:30:00,INDEX:NDTH,66.35,69.15,66.35,68.22,0.0
2015-06-03 13:30:00,INDEX:NDTH,67.28,69.15,67.28,69.15,0.0
2015-06-04 13:30:00,INDEX:NDTH,69.15,69.15,67.28,67.28,0.0
2015-06-05 13:30:00,INDEX:NDTH,66.35,67.28,65.42,66.35,0.0
2015-06-08 13:30:00,INDEX:NDTH,65.42,65.42,63.55,63.55,0.0
2015-06-09 13:30:00,INDEX:NDTH,61.68,63.55,59.81,60.74,0.0
2015-06-10 13:30:00,INDEX:NDTH,63.55,68.22,63.55,67.28,0.0
2015-06-11 13:30:00,INDEX:NDTH,69.15,69.15,66.35,66.35,0.0
2015-06-12 13:30:00,INDEX:NDTH,64.48,66.35,63.55,63.55,0.0
2015-06-15 13:30:00,INDEX:NDTH,57.94,64.48,57.94,63.55,0.0
2015-06-16 13:30:00,INDEX:NDTH,64.48,65.42,59.81,63.55,0.0
2015-06-17 13:30:00,INDEX:NDTH,65.42,69.15,61.68,65.42,0.0
2015-06-18 13:30:00,INDEX:NDTH,69.15,71.96,69.15,71.02,0.0
2015-06-19 13:30:00,INDEX:NDTH,71.02,71.96,70.09,71.02,0.0
2015-06-22 13:30:00,INDEX:NDTH,72.89,73.83,71.02,71.02,0.0
2015-06-23 13:30:00,INDEX:NDTH,71.02,71.96,71.02,71.02,0.0
2015-06-24 13:30:00,INDEX:NDTH,71.02,71.02,68.22,68.22,0.0
2015-06-25 13:30:00,INDEX:NDTH,69.15,71.02,66.35,67.28,0.0
2015-06-26 13:30:00,INDEX:NDTH,66.35,69.15,63.55,63.55,0.0
2015-06-29 13:30:00,INDEX:NDTH,58.87,60.74,51.4,51.4,0.0
2015-06-30 13:30:00,INDEX:NDTH,53.27,57.0,51.4,55.14,0.0
2015-07-01 13:30:00,INDEX:NDTH,57.0,58.87,55.14,57.0,0.0
2015-07-02 13:30:00,INDEX:NDTH,58.87,58.87,54.2,56.07,0.0
2015-07-06 13:30:00,INDEX:NDTH,54.2,57.94,51.4,53.77,0.0
2015-07-07 13:30:00,INDEX:NDTH,51.88,57.54,46.22,55.66,0.0
2015-07-08 13:30:00,INDEX:NDTH,50.94,50.94,45.28,46.22,0.0
2015-07-09 13:30:00,INDEX:NDTH,51.88,51.88,47.16,47.16,0.0
2015-07-10 13:30:00,INDEX:NDTH,52.83,55.66,51.88,54.71,0.0
2015-07-13 13:30:00,INDEX:NDTH,58.49,63.2,58.49,62.26,0.0
2015-07-14 13:30:00,INDEX:NDTH,63.2,66.03,63.2,64.15,0.0
2015-07-15 13:30:00,INDEX:NDTH,64.15,67.0,60.37,67.0,0.0
2015-07-16 13:30:00,INDEX:NDTH,68.0,68.0,67.0,68.0,0.0
2015-07-17 13:30:00,INDEX:NDTH,65.0,65.0,63.0,64.0,0.0
2015-07-20 13:30:00,INDEX:NDTH,62.0,63.0,62.0,63.0,0.0
2015-07-21 13:30:00,INDEX:NDTH,62.0,65.0,62.0,65.0,0.0
2015-07-22 13:30:00,INDEX:NDTH,65.0,66.0,62.0,63.0,0.0
2015-07-23 13:30:00,INDEX:NDTH,65.0,65.0,64.0,64.0,0.0
2015-07-24 13:30:00,INDEX:NDTH,63.0,64.0,61.0,63.0,0.0
2015-07-27 13:30:00,INDEX:NDTH,57.0,60.0,55.0,56.56,0.0
2015-07-28 13:30:00,INDEX:NDTH,57.57,60.6,54.54,59.18,0.0
2015-07-29 13:30:00,INDEX:NDTH,64.28,65.3,62.24,64.28,0.0
2015-07-30 13:30:00,INDEX:NDTH,62.24,63.26,60.2,62.24,0.0
2015-07-31 13:30:00,INDEX:NDTH,63.26,68.36,61.22,65.3,0.0
2015-08-03 13:30:00,INDEX:NDTH,63.26,64.28,61.22,62.24,0.0
2015-08-04 13:30:00,INDEX:NDTH,63.26,64.28,62.24,63.26,0.0
2015-08-05 13:30:00,INDEX:NDTH,64.28,64.28,63.26,63.26,0.0
2015-08-06 13:30:00,INDEX:NDTH,63.26,63.26,58.16,61.22,0.0
2015-08-07 13:30:00,INDEX:NDTH,60.2,61.22,59.18,61.22,0.0
2015-08-10 13:30:00,INDEX:NDTH,62.24,63.3,60.55,60.55,0.0
2015-08-11 13:30:00,INDEX:NDTH,59.63,60.55,57.79,59.63,0.0
2015-08-12 13:30:00,INDEX:NDTH,55.04,57.79,53.21,56.88,0.0
2015-08-13 13:30:00,INDEX:NDTH,57.79,59.63,55.96,56.88,0.0
2015-08-14 13:30:00,INDEX:NDTH,56.88,58.71,55.96,58.71,0.0
2015-08-17 13:30:00,INDEX:NDTH,55.96,60.55,55.96,60.55,0.0
2015-08-18 13:30:00,INDEX:NDTH,60.55,60.55,56.88,57.79,0.0
2015-08-19 13:30:00,INDEX:NDTH,55.96,58.71,54.12,55.04,0.0
2015-08-20 13:30:00,INDEX:NDTH,55.04,55.04,46.78,46.78,0.0
2015-08-21 13:30:00,INDEX:NDTH,41.28,43.11,33.94,33.94,0.0
2015-08-24 13:30:00,INDEX:NDTH,18.34,33.02,18.34,22.01,0.0
2015-08-25 13:30:00,INDEX:NDTH,25.68,29.35,22.01,22.01,0.0
2015-08-26 13:30:00,INDEX:NDTH,24.77,31.19,22.01,31.19,0.0
2015-08-27 13:30:00,INDEX:NDTH,39.44,42.2,33.02,41.28,0.0
2015-08-28 13:30:00,INDEX:NDTH,41.28,41.28,38.53,39.44,0.0
2015-08-31 13:30:00,INDEX:NDTH,38.53,40.36,33.02,34.86,0.0
2015-09-01 13:30:00,INDEX:NDTH,31.19,33.02,27.52,28.44,0.0
2015-09-02 13:30:00,INDEX:NDTH,31.19,34.86,29.35,34.86,0.0
2015-09-03 13:30:00,INDEX:NDTH,34.86,35.77,33.94,33.94,0.0
2015-09-04 13:30:00,INDEX:NDTH,33.02,33.94,30.27,31.19,0.0
2015-09-08 13:30:00,INDEX:NDTH,35.77,38.53,34.86,37.61,0.0
2015-09-09 13:30:00,INDEX:NDTH,41.28,41.28,34.86,34.86,0.0
2015-09-10 13:30:00,INDEX:NDTH,34.86,38.53,33.94,38.53,0.0
2015-09-11 13:30:00,INDEX:NDTH,36.69,38.53,36.69,38.53,0.0
2015-09-14 13:30:00,INDEX:NDTH,39.44,39.44,35.77,37.61,0.0
2015-09-15 13:30:00,INDEX:NDTH,37.61,41.28,36.69,41.28,0.0
2015-09-16 13:30:00,INDEX:NDTH,40.36,41.28,38.53,41.28,0.0
2015-09-17 13:30:00,INDEX:NDTH,43.11,45.87,42.2,42.2,0.0
2015-09-18 13:30:00,INDEX:NDTH,39.44,42.2,35.77,35.77,0.0
2015-09-21 13:30:00,INDEX:NDTH,38.53,40.36,33.02,35.77,0.0
2015-09-22 13:30:00,INDEX:NDTH,31.19,31.19,29.35,29.35,0.0
2015-09-23 13:30:00,INDEX:NDTH,29.35,32.11,28.44,30.27,0.0
2015-09-24 13:30:00,INDEX:NDTH,29.35,29.35,25.68,28.44,0.0
2015-09-25 13:30:00,INDEX:NDTH,29.35,31.19,28.44,31.19,0.0
2015-09-28 13:30:00,INDEX:NDTH,30.27,30.27,21.1,21.1,0.0
2015-09-29 13:30:00,INDEX:NDTH,21.1,21.1,21.1,21.1,0.0
2015-09-30 13:30:00,INDEX:NDTH,24.77,25.68,23.85,25.68,0.0
2015-10-01 13:30:00,INDEX:NDTH,22.93,26.6,22.93,26.6,0.0
2015-10-02 13:30:00,INDEX:NDTH,23.85,33.02,23.85,33.02,0.0
2015-10-05 13:30:00,INDEX:NDTH,38.53,40.0,36.69,39.0,0.0
2015-10-06 13:30:00,INDEX:NDTH,39.0,39.0,34.86,34.86,0.0
2015-10-07 13:30:00,INDEX:NDTH,36.69,38.53,33.94,37.61,0.0
2015-10-08 13:30:00,INDEX:NDTH,34.86,39.44,34.86,38.53,0.0
2015-10-09 13:30:00,INDEX:NDTH,38.53,40.36,37.61,39.44,0.0
2015-10-12 13:30:00,INDEX:NDTH,39.44,40.36,37.61,40.36,0.0
2015-10-13 13:30:00,INDEX:NDTH,39.44,40.36,36.69,36.69,0.0
2015-10-14 13:30:00,INDEX:NDTH,37.61,38.53,35.77,38.53,0.0
2015-10-15 13:30:00,INDEX:NDTH,40.36,42.2,37.61,42.2,0.0
2015-10-16 13:30:00,INDEX:NDTH,42.2,44.95,41.28,44.03,0.0
2015-10-19 13:30:00,INDEX:NDTH,44.03,44.95,42.2,44.95,0.0
2015-10-20 13:30:00,INDEX:NDTH,44.95,45.87,44.03,44.95,0.0
2015-10-21 13:30:00,INDEX:NDTH,46.78,47.7,43.11,43.11,0.0
2015-10-22 13:30:00,INDEX:NDTH,47.7,54.12,47.7,54.12,0.0
2015-10-23 13:30:00,INDEX:NDTH,50.45,53.21,48.62,53.21,0.0
2015-10-26 13:30:00,INDEX:NDTH,51.37,54.12,50.45,52.29,0.0
2015-10-27 13:30:00,INDEX:NDTH,54.12,55.96,52.29,54.12,0.0
2015-10-28 13:30:00,INDEX:NDTH,52.29,55.96,49.54,54.12,0.0
2015-10-29 13:30:00,INDEX:NDTH,53.21,54.12,50.45,52.29,0.0
2015-10-30 13:30:00,INDEX:NDTH,53.21,55.96,51.37,53.21,0.0
2015-11-02 14:30:00,INDEX:NDTH,55.04,61.46,53.21,61.46,0.0
2015-11-03 14:30:00,INDEX:NDTH,58.71,62.38,56.88,60.55,0.0
2015-11-04 14:30:00,INDEX:NDTH,57.79,60.55,53.21,56.88,0.0
2015-11-05 14:30:00,INDEX:NDTH,56.88,56.88,47.7,52.29,0.0
2015-11-06 14:30:00,INDEX:NDTH,53.21,54.12,49.54,52.29,0.0
2015-11-09 14:30:00,INDEX:NDTH,49.54,49.54,46.78,48.62,0.0
2015-11-10 14:30:00,INDEX:NDTH,45.87,48.62,45.87,46.78,0.0
2015-11-11 14:30:00,INDEX:NDTH,48.62,53.21,44.95,45.87,0.0
2015-11-12 14:30:00,INDEX:NDTH,42.2,48.62,42.2,43.11,0.0
2015-11-13 14:30:00,INDEX:NDTH,42.2,42.2,39.44,39.44,0.0
2015-11-16 14:30:00,INDEX:NDTH,39.44,41.28,39.44,41.28,0.0
2015-11-17 14:30:00,INDEX:NDTH,42.2,46.78,42.2,42.2,0.0
2015-11-18 14:30:00,INDEX:NDTH,43.11,48.62,43.11,48.62,0.0
2015-11-19 14:30:00,INDEX:NDTH,47.7,50.45,45.87,46.78,0.0
2015-11-20 14:30:00,INDEX:NDTH,49.54,51.37,48.62,51.37,0.0
2015-11-23 14:30:00,INDEX:NDTH,51.37,54.12,49.54,49.54,0.0
2015-11-24 14:30:00,INDEX:NDTH,50.45,53.21,47.7,52.29,0.0
2015-11-25 14:30:00,INDEX:NDTH,53.21,55.96,53.21,55.96,0.0
2015-11-27 14:30:00,INDEX:NDTH,55.04,55.96,52.29,55.04,0.0
2015-11-30 14:30:00,INDEX:NDTH,54.12,57.79,53.21,57.79,0.0
2015-12-01 14:30:00,INDEX:NDTH,59.63,61.46,57.79,61.46,0.0
2015-12-02 14:30:00,INDEX:NDTH,60.55,60.55,53.21,55.04,0.0
2015-12-03 14:30:00,INDEX:NDTH,54.12,54.12,41.28,44.95,0.0
2015-12-04 14:30:00,INDEX:NDTH,46.78,55.04,46.78,55.04,0.0
2015-12-07 14:30:00,INDEX:NDTH,52.29,55.96,51.37,55.04,0.0
2015-12-08 14:30:00,INDEX:NDTH,51.37,55.04,47.7,54.12,0.0
2015-12-09 14:30:00,INDEX:NDTH,52.29,54.12,45.87,47.7,0.0
2015-12-10 14:30:00,INDEX:NDTH,49.54,53.21,47.7,50.45,0.0
2015-12-11 14:30:00,INDEX:NDTH,47.7,47.7,43.11,43.11,0.0
2015-12-14 14:30:00,INDEX:NDTH,43.11,44.03,41.28,44.03,0.0
2015-12-15 14:30:00,INDEX:NDTH,49.54,49.54,47.7,48.14,0.0
2015-12-16 14:30:00,INDEX:NDTH,50.0,50.92,48.14,50.92,0.0
2015-12-17 14:30:00,INDEX:NDTH,50.92,50.92,48.14,48.14,0.0
2015-12-18 14:30:00,INDEX:NDTH,44.44,44.44,42.59,43.51,0.0
2015-12-21 14:30:00,INDEX:NDTH,42.59,46.29,42.59,46.29,0.0
2015-12-22 14:30:00,INDEX:NDTH,47.22,48.14,44.44,48.14,0.0
2015-12-23 14:30:00,INDEX:NDTH,49.07,50.92,49.07,50.0,0.0
2015-12-24 14:30:00,INDEX:NDTH,50.0,52.77,50.0,50.92,0.0
2015-12-28 14:30:00,INDEX:NDTH,51.85,51.85,49.07,50.92,0.0
2015-12-29 14:30:00,INDEX:NDTH,53.7,57.4,53.7,56.48,0.0
2015-12-30 14:30:00,INDEX:NDTH,55.55,56.48,52.77,52.77,0.0
2015-12-31 14:30:00,INDEX:NDTH,53.7,53.7,53.7,53.7,0.0
2016-01-04 14:30:00,INDEX:NDTH,38.88,38.88,36.11,38.88,0.0
2016-01-05 14:30:00,INDEX:NDTH,41.66,41.66,37.96,37.96,0.0
2016-01-06 14:30:00,INDEX:NDTH,33.33,38.88,32.4,36.11,0.0
2016-01-07 14:30:00,INDEX:NDTH,27.77,31.48,24.07,24.07,0.0
2016-01-08 14:30:00,INDEX:NDTH,25.0,25.0,22.22,22.22,0.0
2016-01-11 14:30:00,INDEX:NDTH,23.14,23.14,23.14,23.14,0.0
2016-01-12 14:30:00,INDEX:NDTH,25.0,25.92,23.14,25.0,0.0
2016-01-13 14:30:00,INDEX:NDTH,24.07,25.0,21.29,21.29,0.0
2016-01-14 14:30:00,INDEX:NDTH,22.22,23.14,21.29,23.14,0.0
2016-01-15 14:30:00,INDEX:NDTH,20.37,22.22,17.59,22.22,0.0
2016-01-19 14:30:00,INDEX:NDTH,22.22,23.14,21.29,22.22,0.0
2016-01-20 14:30:00,INDEX:NDTH,21.29,23.14,12.96,22.0,0.0
2016-01-21 14:30:00,INDEX:NDTH,21.0,23.0,19.81,19.81,0.0
2016-01-22 14:30:00,INDEX:NDTH,22.64,23.58,21.69,22.64,0.0
2016-01-25 14:30:00,INDEX:NDTH,22.64,23.58,20.75,20.75,0.0
2016-01-26 14:30:00,INDEX:NDTH,24.52,24.52,20.75,22.64,0.0
2016-01-27 14:30:00,INDEX:NDTH,23.58,24.52,21.69,21.69,0.0
2016-01-28 14:30:00,INDEX:NDTH,23.58,23.58,20.75,23.58,0.0
2016-01-29 14:30:00,INDEX:NDTH,22.64,29.24,22.64,28.3,0.0
2016-02-01 14:30:00,INDEX:NDTH,23.58,27.35,23.58,26.41,0.0
2016-02-02 14:30:00,INDEX:NDTH,23.58,23.58,22.64,22.64,0.0
2016-02-03 14:30:00,INDEX:NDTH,23.58,23.58,19.81,20.75,0.0
2016-02-04 14:30:00,INDEX:NDTH,21.69,23.58,21.69,22.64,0.0
2016-02-05 14:30:00,INDEX:NDTH,19.81,19.81,16.03,16.03,0.0
2016-02-08 14:30:00,INDEX:NDTH,16.03,16.03,10.37,14.15,0.0
2016-02-09 14:30:00,INDEX:NDTH,16.03,16.03,13.2,14.15,0.0
2016-02-10 14:30:00,INDEX:NDTH,15.09,16.03,15.09,15.09,0.0
2016-02-11 14:30:00,INDEX:NDTH,13.2,15.09,13.2,15.09,0.0
2016-02-12 14:30:00,INDEX:NDTH,14.15,17.92,14.15,16.98,0.0
2016-02-16 14:30:00,INDEX:NDTH,18.86,20.75,16.98,19.81,0.0
2016-02-17 14:30:00,INDEX:NDTH,22.64,27.35,21.69,26.41,0.0
2016-02-18 14:30:00,INDEX:NDTH,25.47,25.47,23.58,24.52,0.0
2016-02-19 14:30:00,INDEX:NDTH,23.58,26.41,23.58,26.41,0.0
2016-02-22 14:30:00,INDEX:NDTH,30.18,30.18,29.24,30.18,0.0
2016-02-23 14:30:00,INDEX:NDTH,29.24,29.24,25.47,26.41,0.0
2016-02-24 14:30:00,INDEX:NDTH,23.58,30.18,20.75,29.24,0.0
2016-02-25 14:30:00,INDEX:NDTH,29.24,32.07,27.35,32.07,0.0
2016-02-26 14:30:00,INDEX:NDTH,32.07,33.01,32.07,32.07,0.0
2016-02-29 14:30:00,INDEX:NDTH,32.07,33.96,31.13,31.13,0.0
2016-03-01 14:30:00,INDEX:NDTH,32.07,39.62,32.07,39.62,0.0
2016-03-02 14:30:00,INDEX:NDTH,37.73,38.67,34.9,37.73,0.0
2016-03-03 14:30:00,INDEX:NDTH,36.79,42.45,34.9,41.5,0.0
2016-03-04 14:30:00,INDEX:NDTH,38.67,42.45,38.67,39.62,0.0
2016-03-07 14:30:00,INDEX:NDTH,38.67,46.22,34.9,39.62,0.0
2016-03-08 14:30:00,INDEX:NDTH,33.96,38.67,32.07,34.9,0.0
2016-03-09 14:30:00,INDEX:NDTH,35.84,39.62,33.96,38.67,0.0
2016-03-10 14:30:00,INDEX:NDTH,39.62,42.45,30.18,39.62,0.0
2016-03-11 14:30:00,INDEX:NDTH,42.45,45.28,42.45,45.28,0.0
2016-03-14 13:30:00,INDEX:NDTH,47.16,48.11,45.28,48.11,0.0
2016-03-15 13:30:00,INDEX:NDTH,44.33,48.11,43.39,47.16,0.0
2016-03-16 13:30:00,INDEX:NDTH,46.22,49.05,46.22,49.05,0.0
2016-03-17 13:30:00,INDEX:NDTH,48.11,51.88,48.11,51.88,0.0
2016-03-18 13:30:00,INDEX:NDTH,53.77,53.77,51.88,52.83,0.0
2016-03-21 13:30:00,INDEX:NDTH,52.83,52.83,50.0,51.88,0.0
2016-03-22 13:30:00,INDEX:NDTH,50.94,52.83,50.0,51.88,0.0
2016-03-23 13:30:00,INDEX:NDTH,50.0,50.0,48.11,48.11,0.0
2016-03-24 13:30:00,INDEX:NDTH,46.22,48.11,46.22,48.11,0.0
2016-03-28 13:30:00,INDEX:NDTH,49.05,50.0,49.05,50.0,0.0
2016-03-29 13:30:00,INDEX:NDTH,50.0,50.0,49.05,50.0,0.0
2016-03-30 13:30:00,INDEX:NDTH,52.83,52.83,50.0,50.0,0.0
2016-03-31 13:30:00,INDEX:NDTH,50.0,51.88,50.0,51.88,0.0
2016-04-01 13:30:00,INDEX:NDTH,50.0,54.71,50.0,54.71,0.0
2016-04-04 13:30:00,INDEX:NDTH,55.66,57.54,53.77,53.77,0.0
2016-04-05 13:30:00,INDEX:NDTH,50.0,52.83,50.0,50.0,0.0
2016-04-06 13:30:00,INDEX:NDTH,51.88,54.71,51.88,53.33,0.0
2016-04-07 13:30:00,INDEX:NDTH,53.33,53.33,46.66,49.52,0.0
2016-04-08 13:30:00,INDEX:NDTH,51.42,52.38,47.61,49.52,0.0
2016-04-11 13:30:00,INDEX:NDTH,52.38,53.33,46.66,46.66,0.0
2016-04-12 13:30:00,INDEX:NDTH,49.52,51.42,49.52,50.47,0.0
2016-04-13 13:30:00,INDEX:NDTH,56.19,57.14,56.19,57.14,0.0
2016-04-14 13:30:00,INDEX:NDTH,56.19,57.14,56.19,56.19,0.0
2016-04-15 13:30:00,INDEX:NDTH,56.19,56.19,55.23,56.19,0.0
2016-04-18 13:30:00,INDEX:NDTH,54.28,56.19,54.28,55.23,0.0
2016-04-19 13:30:00,INDEX:NDTH,57.14,57.14,54.62,54.62,0.0
2016-04-20 13:30:00,INDEX:NDTH,56.48,57.4,54.62,56.48,0.0
2016-04-21 13:30:00,INDEX:NDTH,56.48,58.33,55.55,57.4,0.0
2016-04-22 13:30:00,INDEX:NDTH,57.4,58.33,52.77,55.55,0.0
2016-04-25 13:30:00,INDEX:NDTH,54.62,54.62,51.85,54.62,0.0
2016-04-26 13:30:00,INDEX:NDTH,54.62,56.48,53.7,55.55,0.0
2016-04-27 13:30:00,INDEX:NDTH,57.4,57.4,50.92,55.55,0.0
2016-04-28 13:30:00,INDEX:NDTH,53.7,55.55,48.14,49.07,0.0
2016-04-29 13:30:00,INDEX:NDTH,49.07,49.07,46.29,48.14,0.0
2016-05-02 13:30:00,INDEX:NDTH,48.14,54.62,48.14,53.7,0.0
2016-05-03 13:30:00,INDEX:NDTH,50.0,50.92,45.37,47.22,0.0
2016-05-04 13:30:00,INDEX:NDTH,41.66,46.29,41.66,41.66,0.0
2016-05-05 13:30:00,INDEX:NDTH,43.51,46.29,43.51,43.51,0.0
2016-05-06 13:30:00,INDEX:NDTH,43.51,46.29,41.66,46.29,0.0
2016-05-09 13:30:00,INDEX:NDTH,45.37,48.14,45.37,46.29,0.0
2016-05-10 13:30:00,INDEX:NDTH,46.29,51.85,46.29,50.92,0.0
2016-05-11 13:30:00,INDEX:NDTH,49.07,52.77,47.22,47.22,0.0
2016-05-12 13:30:00,INDEX:NDTH,50.0,50.0,46.29,49.07,0.0
2016-05-13 13:30:00,INDEX:NDTH,49.07,51.85,48.14,49.07,0.0
2016-05-16 13:30:00,INDEX:NDTH,47.22,50.0,46.29,49.07,0.0
2016-05-17 13:30:00,INDEX:NDTH,48.14,50.0,43.51,43.51,0.0
2016-05-18 13:30:00,INDEX:NDTH,47.22,50.0,40.74,44.44,0.0
2016-05-19 13:30:00,INDEX:NDTH,43.51,44.44,38.88,43.51,0.0
2016-05-20 13:30:00,INDEX:NDTH,47.22,50.92,45.37,47.22,0.0
2016-05-23 13:30:00,INDEX:NDTH,47.22,48.14,47.22,47.22,0.0
2016-05-24 13:30:00,INDEX:NDTH,48.14,53.7,48.14,53.7,0.0
2016-05-25 13:30:00,INDEX:NDTH,53.7,57.4,53.7,57.4,0.0
2016-05-26 13:30:00,INDEX:NDTH,58.33,59.25,58.33,59.25,0.0
2016-05-27 13:30:00,INDEX:NDTH,60.18,60.18,58.33,60.18,0.0
2016-05-31 13:30:00,INDEX:NDTH,61.11,62.03,58.33,61.11,0.0
2016-06-01 13:30:00,INDEX:NDTH,59.25,62.03,59.25,61.11,0.0
2016-06-02 13:30:00,INDEX:NDTH,61.11,62.03,60.18,61.11,0.0
2016-06-03 13:30:00,INDEX:NDTH,60.18,62.03,59.25,62.03,0.0
2016-06-06 13:30:00,INDEX:NDTH,62.03,62.96,61.11,62.96,0.0
2016-06-07 13:30:00,INDEX:NDTH,61.11,62.96,61.11,62.03,0.0
2016-06-08 13:30:00,INDEX:NDTH,62.03,62.96,60.18,62.96,0.0
2016-06-09 13:30:00,INDEX:NDTH,58.33,59.25,57.4,58.33,0.0
2016-06-10 13:30:00,INDEX:NDTH,57.4,58.33,53.7,54.62,0.0
2016-06-13 13:30:00,INDEX:NDTH,53.7,55.55,53.7,53.7,0.0
2016-06-14 13:30:00,INDEX:NDTH,53.7,53.7,50.0,53.7,0.0
2016-06-15 13:30:00,INDEX:NDTH,53.7,53.7,51.85,51.85,0.0
2016-06-16 13:30:00,INDEX:NDTH,49.07,52.77,44.44,52.77,0.0
2016-06-17 13:30:00,INDEX:NDTH,50.0,51.85,49.07,50.92,0.0
2016-06-20 13:30:00,INDEX:NDTH,52.77,55.55,52.77,52.77,0.0
2016-06-21 13:30:00,INDEX:NDTH,52.77,53.7,51.85,52.77,0.0
2016-06-22 13:30:00,INDEX:NDTH,51.85,54.62,51.85,52.77,0.0
2016-06-23 13:30:00,INDEX:NDTH,54.62,59.25,53.7,59.25,0.0
2016-06-24 13:30:00,INDEX:NDTH,46.29,47.22,38.88,38.88,0.0
2016-06-27 13:30:00,INDEX:NDTH,37.03,37.03,31.48,36.11,0.0
2016-06-28 13:30:00,INDEX:NDTH,38.88,38.88,37.03,37.96,0.0
2016-06-29 13:30:00,INDEX:NDTH,37.96,43.51,37.96,42.59,0.0
2016-06-30 13:30:00,INDEX:NDTH,44.44,48.14,44.44,48.14,0.0
2016-07-01 13:30:00,INDEX:NDTH,47.22,49.07,45.37,46.29,0.0
2016-07-05 13:30:00,INDEX:NDTH,44.44,45.71,44.44,45.71,0.0
2016-07-06 13:30:00,INDEX:NDTH,41.9,45.71,41.9,45.71,0.0
2016-07-07 13:30:00,INDEX:NDTH,46.66,47.61,44.76,47.61,0.0
2016-07-08 13:30:00,INDEX:NDTH,55.23,58.09,54.28,57.14,0.0
2016-07-11 13:30:00,INDEX:NDTH,59.04,60.0,58.09,60.0,0.0
2016-07-12 13:30:00,INDEX:NDTH,61.9,61.9,60.0,60.0,0.0
2016-07-13 13:30:00,INDEX:NDTH,60.95,61.9,60.0,60.95,0.0
2016-07-14 13:30:00,INDEX:NDTH,63.8,66.66,63.8,66.66,0.0
2016-07-15 13:30:00,INDEX:NDTH,67.61,67.61,64.76,66.66,0.0
2016-07-18 13:30:00,INDEX:NDTH,66.66,67.61,66.66,67.61,0.0
2016-07-19 13:30:00,INDEX:NDTH,65.71,66.66,64.76,64.76,0.0
2016-07-20 13:30:00,INDEX:NDTH,65.71,67.61,65.71,66.66,0.0
2016-07-21 13:30:00,INDEX:NDTH,68.57,70.47,67.61,70.47,0.0
2016-07-22 13:30:00,INDEX:NDTH,70.47,70.47,68.57,69.52,0.0
2016-07-25 13:30:00,INDEX:NDTH,70.47,70.47,68.57,69.52,0.0
2016-07-26 13:30:00,INDEX:NDTH,67.61,75.23,67.61,68.57,0.0
2016-07-27 13:30:00,INDEX:NDTH,68.57,71.42,68.57,69.52,0.0
2016-07-28 13:30:00,INDEX:NDTH,67.61,71.42,67.61,70.47,0.0
2016-07-29 13:30:00,INDEX:NDTH,68.57,68.57,67.61,67.61,0.0
2016-08-01 13:30:00,INDEX:NDTH,68.57,70.47,67.61,69.52,0.0
2016-08-02 13:30:00,INDEX:NDTH,67.61,67.61,62.85,66.66,0.0
2016-08-03 13:30:00,INDEX:NDTH,67.61,70.47,66.66,67.61,0.0
2016-08-04 13:30:00,INDEX:NDTH,69.52,69.52,66.66,67.61,0.0
2016-08-05 13:30:00,INDEX:NDTH,66.66,69.52,66.66,67.61,0.0
2016-08-08 13:30:00,INDEX:NDTH,67.62,67.62,67.62,67.62,0.0
2016-08-09 13:30:00,INDEX:NDTH,66.66,70.47,66.66,68.57,0.0
2016-08-10 13:30:00,INDEX:NDTH,67.61,69.52,67.61,68.57,0.0
2016-08-11 13:30:00,INDEX:NDTH,68.57,70.47,68.57,70.47,0.0
2016-08-12 13:30:00,INDEX:NDTH,69.52,70.47,69.52,70.47,0.0
2016-08-15 13:30:00,INDEX:NDTH,71.42,72.38,70.47,70.47,0.0
2016-08-16 13:30:00,INDEX:NDTH,69.52,69.52,68.57,69.52,0.0
2016-08-17 13:30:00,INDEX:NDTH,69.52,69.52,66.66,68.57,0.0
2016-08-18 13:30:00,INDEX:NDTH,69.52,71.42,69.52,70.47,0.0
2016-08-19 13:30:00,INDEX:NDTH,69.52,72.38,68.57,72.38,0.0
2016-08-22 13:30:00,INDEX:NDTH,69.52,70.47,68.57,70.47,0.0
2016-08-23 13:30:00,INDEX:NDTH,70.47,70.47,70.47,70.47,0.0
2016-08-24 13:30:00,INDEX:NDTH,70.47,71.42,67.61,68.57,0.0
2016-08-25 13:30:00,INDEX:NDTH,68.57,68.57,65.71,67.61,0.0
2016-08-26 13:30:00,INDEX:NDTH,69.52,69.52,65.71,68.57,0.0
2016-08-29 13:30:00,INDEX:NDTH,66.66,67.61,65.71,66.66,0.0
2016-08-30 13:30:00,INDEX:NDTH,67.61,68.57,64.76,64.76,0.0
2016-08-31 13:30:00,INDEX:NDTH,62.85,64.76,62.85,63.8,0.0
2016-09-01 13:30:00,INDEX:NDTH,63.8,67.61,62.85,65.71,0.0
2016-09-02 13:30:00,INDEX:NDTH,66.66,68.57,65.71,65.71,0.0
2016-09-06 13:30:00,INDEX:NDTH,67.61,70.47,66.66,69.52,0.0
2016-09-07 13:30:00,INDEX:NDTH,71.42,72.38,69.52,69.52,0.0
2016-09-08 13:30:00,INDEX:NDTH,70.47,70.47,69.52,69.52,0.0
2016-09-09 13:30:00,INDEX:NDTH,68.57,68.57,59.04,59.04,0.0
2016-09-12 13:30:00,INDEX:NDTH,60.0,69.52,58.09,68.57,0.0
2016-09-13 13:30:00,INDEX:NDTH,65.71,65.71,58.09,60.95,0.0
2016-09-14 13:30:00,INDEX:NDTH,61.9,62.85,59.04,60.0,0.0
2016-09-15 13:30:00,INDEX:NDTH,60.0,66.66,60.0,64.76,0.0
2016-09-16 13:30:00,INDEX:NDTH,60.0,64.76,59.04,64.76,0.0
2016-09-19 13:30:00,INDEX:NDTH,63.8,65.71,61.9,61.9,0.0
2016-09-20 13:30:00,INDEX:NDTH,63.8,65.71,63.8,63.8,0.0
2016-09-21 13:30:00,INDEX:NDTH,63.8,65.71,63.8,65.71,0.0
2016-09-22 13:30:00,INDEX:NDTH,67.61,68.57,66.66,68.57,0.0
2016-09-23 13:30:00,INDEX:NDTH,67.61,68.57,66.66,66.66,0.0
2016-09-26 13:30:00,INDEX:NDTH,64.76,64.76,61.9,61.9,0.0
2016-09-27 13:30:00,INDEX:NDTH,64.76,68.57,64.76,68.57,0.0
2016-09-28 13:30:00,INDEX:NDTH,68.57,68.57,64.76,65.71,0.0
2016-09-29 13:30:00,INDEX:NDTH,66.66,67.61,62.85,64.76,0.0
2016-09-30 13:30:00,INDEX:NDTH,64.76,67.61,63.8,66.66,0.0
2016-10-03 13:30:00,INDEX:NDTH,67.61,68.57,66.66,67.61,0.0
2016-10-04 13:30:00,INDEX:NDTH,67.61,68.57,66.66,66.66,0.0
2016-10-05 13:30:00,INDEX:NDTH,66.66,68.57,65.71,67.61,0.0
2016-10-06 13:30:00,INDEX:NDTH,65.71,68.57,65.71,67.61,0.0
2016-10-07 13:30:00,INDEX:NDTH,66.66,66.66,64.76,65.71,0.0
2016-10-10 13:30:00,INDEX:NDTH,69.52,69.52,67.61,67.61,0.0
2016-10-11 13:30:00,INDEX:NDTH,65.71,65.71,62.85,62.85,0.0
2016-10-12 13:30:00,INDEX:NDTH,61.9,63.8,61.9,62.85,0.0
2016-10-13 13:30:00,INDEX:NDTH,61.9,62.85,60.0,61.9,0.0
2016-10-14 13:30:00,INDEX:NDTH,61.9,64.76,61.9,61.9,0.0
2016-10-17 13:30:00,INDEX:NDTH,60.95,61.9,60.95,60.95,0.0
2016-10-18 13:30:00,INDEX:NDTH,63.8,63.8,61.9,62.85,0.0
2016-10-19 13:30:00,INDEX:NDTH,62.85,62.85,62.85,62.85,0.0
2016-10-20 13:30:00,INDEX:NDTH,62.85,63.8,62.85,63.8,0.0
2016-10-21 13:30:00,INDEX:NDTH,62.85,65.71,62.85,65.71,0.0
2016-10-24 13:30:00,INDEX:NDTH,66.66,66.66,63.8,65.71,0.0
2016-10-25 13:30:00,INDEX:NDTH,63.8,63.8,61.9,63.8,0.0
2016-10-26 13:30:00,INDEX:NDTH,61.9,64.76,61.9,62.85,0.0
2016-10-27 13:30:00,INDEX:NDTH,61.9,64.76,60.0,60.95,0.0
2016-10-28 13:30:00,INDEX:NDTH,60.0,61.9,57.14,59.04,0.0
2016-10-31 13:30:00,INDEX:NDTH,60.95,61.9,60.0,60.95,0.0
2016-11-01 13:30:00,INDEX:NDTH,59.04,59.04,55.23,57.14,0.0
2016-11-02 13:30:00,INDEX:NDTH,58.09,58.09,56.19,56.19,0.0
2016-11-03 13:30:00,INDEX:NDTH,58.09,59.04,56.19,57.14,0.0
2016-11-04 13:30:00,INDEX:NDTH,57.14,59.04,53.33,53.33,0.0
2016-11-07 14:30:00,INDEX:NDTH,60.0,62.85,60.0,60.95,0.0
2016-11-08 14:30:00,INDEX:NDTH,59.04,61.9,58.09,60.0,0.0
2016-11-09 14:30:00,INDEX:NDTH,61.9,67.61,61.9,65.71,0.0
2016-11-10 14:30:00,INDEX:NDTH,66.66,66.66,60.0,63.8,0.0
2016-11-11 14:30:00,INDEX:NDTH,62.85,63.8,59.04,63.8,0.0
2016-11-14 14:30:00,INDEX:NDTH,63.8,66.66,60.95,62.85,0.0
2016-11-15 14:30:00,INDEX:NDTH,64.76,67.61,64.76,67.61,0.0
2016-11-16 14:30:00,INDEX:NDTH,66.66,67.61,65.71,66.66,0.0
2016-11-17 14:30:00,INDEX:NDTH,66.66,70.47,66.66,70.47,0.0
2016-11-18 14:30:00,INDEX:NDTH,69.52,69.52,66.66,66.66,0.0
2016-11-21 14:30:00,INDEX:NDTH,68.57,68.57,65.71,67.61,0.0
2016-11-22 14:30:00,INDEX:NDTH,71.42,71.42,68.57,70.47,0.0
2016-11-23 14:30:00,INDEX:NDTH,69.52,69.52,68.57,69.52,0.0
2016-11-25 14:30:00,INDEX:NDTH,71.42,74.28,71.42,73.33,0.0
2016-11-28 14:30:00,INDEX:NDTH,71.42,72.38,68.57,70.47,0.0
2016-11-29 14:30:00,INDEX:NDTH,69.52,72.38,67.61,67.61,0.0
2016-11-30 14:30:00,INDEX:NDTH,68.57,68.57,65.71,65.71,0.0
2016-12-01 14:30:00,INDEX:NDTH,65.71,67.61,63.8,65.71,0.0
2016-12-02 14:30:00,INDEX:NDTH,64.76,65.71,60.0,60.95,0.0
2016-12-05 14:30:00,INDEX:NDTH,63.8,66.66,63.8,65.71,0.0
2016-12-06 14:30:00,INDEX:NDTH,65.71,65.71,62.85,63.8,0.0
2016-12-07 14:30:00,INDEX:NDTH,64.76,66.66,63.8,66.66,0.0
2016-12-08 14:30:00,INDEX:NDTH,67.61,68.57,66.66,67.61,0.0
2016-12-09 14:30:00,INDEX:NDTH,67.61,68.57,67.61,67.61,0.0
2016-12-12 14:30:00,INDEX:NDTH,66.66,67.61,65.71,65.71,0.0
2016-12-13 14:30:00,INDEX:NDTH,69.52,69.52,69.52,69.52,0.0
2016-12-14 14:30:00,INDEX:NDTH,70.47,71.42,68.57,68.57,0.0
2016-12-15 14:30:00,INDEX:NDTH,70.47,71.42,68.57,69.52,0.0
2016-12-16 14:30:00,INDEX:NDTH,70.47,70.47,67.61,67.61,0.0
2016-12-19 14:30:00,INDEX:NDTH,68.57,70.47,67.61,67.61,0.0
2016-12-20 14:30:00,INDEX:NDTH,68.57,69.52,68.57,69.52,0.0
2016-12-21 14:30:00,INDEX:NDTH,67.61,68.57,66.35,67.28,0.0
2016-12-22 14:30:00,INDEX:NDTH,66.35,66.35,64.48,65.42,0.0
2016-12-23 14:30:00,INDEX:NDTH,66.35,66.35,65.42,65.42,0.0
2016-12-27 14:30:00,INDEX:NDTH,69.15,69.15,66.35,67.28,0.0
2016-12-28 14:30:00,INDEX:NDTH,66.35,66.35,66.35,66.35,0.0
2016-12-29 14:30:00,INDEX:NDTH,66.35,66.35,64.48,65.42,0.0
2016-12-30 14:30:00,INDEX:NDTH,63.55,63.55,60.74,60.74,0.0
2017-01-03 14:30:00,INDEX:NDTH,65.42,65.42,64.48,65.42,0.0
2017-01-04 14:30:00,INDEX:NDTH,66.35,69.15,66.35,68.22,0.0
2017-01-05 14:30:00,INDEX:NDTH,69.15,73.83,69.15,73.83,0.0
2017-01-06 14:30:00,INDEX:NDTH,71.96,74.76,71.96,73.83,0.0
2017-01-09 14:30:00,INDEX:NDTH,74.76,76.63,72.89,75.7,0.0
2017-01-10 14:30:00,INDEX:NDTH,73.83,76.63,73.83,76.63,0.0
2017-01-11 14:30:00,INDEX:NDTH,75.7,75.7,73.83,75.7,0.0
2017-01-12 14:30:00,INDEX:NDTH,74.76,77.57,74.76,76.63,0.0
2017-01-13 14:30:00,INDEX:NDTH,76.63,77.57,75.7,75.7,0.0
2017-01-17 14:30:00,INDEX:NDTH,74.76,78.5,74.76,76.63,0.0
2017-01-18 14:30:00,INDEX:NDTH,75.7,78.5,74.76,78.5,0.0
2017-01-19 14:30:00,INDEX:NDTH,74.76,74.76,73.83,74.76,0.0
2017-01-20 14:30:00,INDEX:NDTH,77.57,77.57,72.89,75.7,0.0
2017-01-23 14:30:00,INDEX:NDTH,74.76,74.76,71.02,72.89,0.0
2017-01-24 14:30:00,INDEX:NDTH,72.89,73.83,71.96,72.89,0.0
2017-01-25 14:30:00,INDEX:NDTH,73.83,74.76,72.89,74.76,0.0
2017-01-26 14:30:00,INDEX:NDTH,73.83,73.83,71.02,71.02,0.0
2017-01-27 14:30:00,INDEX:NDTH,70.09,71.96,70.09,71.96,0.0
2017-01-30 14:30:00,INDEX:NDTH,71.96,71.96,69.15,71.02,0.0
2017-01-31 14:30:00,INDEX:NDTH,70.09,72.89,70.09,72.89,0.0
2017-02-01 14:30:00,INDEX:NDTH,72.89,73.83,71.96,73.83,0.0
2017-02-02 14:30:00,INDEX:NDTH,72.89,72.89,71.96,72.89,0.0
2017-02-03 14:30:00,INDEX:NDTH,72.89,73.83,72.89,73.83,0.0
2017-02-06 14:30:00,INDEX:NDTH,74.76,75.7,71.96,74.76,0.0
2017-02-07 14:30:00,INDEX:NDTH,74.76,75.7,72.89,73.83,0.0
2017-02-08 14:30:00,INDEX:NDTH,74.76,75.7,72.89,74.76,0.0
2017-02-09 14:30:00,INDEX:NDTH,76.63,80.37,76.63,80.37,0.0
2017-02-10 14:30:00,INDEX:NDTH,82.24,82.24,80.37,81.3,0.0
2017-02-13 14:30:00,INDEX:NDTH,81.3,81.3,81.3,81.3,0.0
2017-02-14 14:30:00,INDEX:NDTH,81.3,82.24,81.3,82.24,0.0
2017-02-15 14:30:00,INDEX:NDTH,82.24,85.04,82.24,85.04,0.0
2017-02-16 14:30:00,INDEX:NDTH,84.11,84.11,81.3,83.17,0.0
2017-02-17 14:30:00,INDEX:NDTH,82.24,83.17,81.3,83.17,0.0
2017-02-21 14:30:00,INDEX:NDTH,84.11,84.11,83.17,83.17,0.0
2017-02-22 14:30:00,INDEX:NDTH,83.17,83.17,83.17,83.17,0.0
2017-02-23 14:30:00,INDEX:NDTH,84.11,84.11,84.11,84.11,0.0
2017-02-24 14:30:00,INDEX:NDTH,83.17,83.17,82.24,83.17,0.0
2017-02-27 14:30:00,INDEX:NDTH,82.24,85.98,82.24,84.11,0.0
2017-02-28 14:30:00,INDEX:NDTH,84.11,84.11,83.17,84.11,0.0
2017-03-01 14:30:00,INDEX:NDTH,84.11,85.98,84.11,85.98,0.0
2017-03-02 14:30:00,INDEX:NDTH,85.04,85.98,84.11,85.04,0.0
2017-03-03 14:30:00,INDEX:NDTH,84.11,84.11,84.11,84.11,0.0
2017-03-06 14:30:00,INDEX:NDTH,84.11,85.98,84.11,85.04,0.0
2017-03-07 14:30:00,INDEX:NDTH,82.24,83.17,82.24,82.24,0.0
2017-03-08 14:30:00,INDEX:NDTH,82.24,82.24,80.37,80.37,0.0
2017-03-09 14:30:00,INDEX:NDTH,81.3,82.24,81.3,81.3,0.0
2017-03-10 14:30:00,INDEX:NDTH,82.24,82.24,80.37,82.24,0.0
2017-03-13 13:30:00,INDEX:NDTH,81.3,82.24,81.3,82.24,0.0
2017-03-14 13:30:00,INDEX:NDTH,83.17,83.17,81.3,82.24,0.0
2017-03-15 13:30:00,INDEX:NDTH,82.24,82.24,80.37,81.3,0.0
2017-03-16 13:30:00,INDEX:NDTH,82.24,82.24,81.3,81.3,0.0
2017-03-17 13:30:00,INDEX:NDTH,81.3,83.17,80.37,80.37,0.0
2017-03-20 13:30:00,INDEX:NDTH,82.24,84.11,80.37,81.3,0.0
2017-03-21 13:30:00,INDEX:NDTH,83.17,83.17,78.5,79.43,0.0
2017-03-22 13:30:00,INDEX:NDTH,78.5,79.43,77.57,79.43,0.0
2017-03-23 13:30:00,INDEX:NDTH,78.5,80.37,78.5,78.5,0.0
2017-03-24 13:30:00,INDEX:NDTH,79.43,81.3,78.5,79.43,0.0
2017-03-27 13:30:00,INDEX:NDTH,77.57,81.3,77.57,80.37,0.0
2017-03-28 13:30:00,INDEX:NDTH,80.37,83.17,79.43,81.3,0.0
2017-03-29 13:30:00,INDEX:NDTH,81.3,82.24,78.5,80.37,0.0
2017-03-30 13:30:00,INDEX:NDTH,79.43,80.37,78.5,78.5,0.0
2017-03-31 13:30:00,INDEX:NDTH,77.57,79.43,77.57,79.43,0.0
2017-04-03 13:30:00,INDEX:NDTH,79.43,79.43,79.43,79.43,0.0
2017-04-04 13:30:00,INDEX:NDTH,79.43,80.37,76.63,77.57,0.0
2017-04-05 13:30:00,INDEX:NDTH,77.57,78.5,75.7,76.63,0.0
2017-04-06 13:30:00,INDEX:NDTH,76.63,77.57,76.63,76.63,0.0
2017-04-07 13:30:00,INDEX:NDTH,76.63,76.63,75.7,75.7,0.0
2017-04-10 13:30:00,INDEX:NDTH,77.57,78.5,76.63,77.57,0.0
2017-04-11 13:30:00,INDEX:NDTH,76.63,78.5,75.7,78.5,0.0
2017-04-12 13:30:00,INDEX:NDTH,76.63,78.5,76.63,76.63,0.0
2017-04-13 13:30:00,INDEX:NDTH,76.63,78.5,73.83,74.76,0.0
2017-04-17 13:30:00,INDEX:NDTH,76.63,79.43,73.83,78.5,0.0
2017-04-18 13:30:00,INDEX:NDTH,75.7,75.7,73.83,75.7,0.0
2017-04-19 13:30:00,INDEX:NDTH,77.57,79.43,76.63,76.63,0.0
2017-04-20 13:30:00,INDEX:NDTH,77.57,80.37,76.63,78.5,0.0
2017-04-21 13:30:00,INDEX:NDTH,78.5,78.5,76.63,78.5,0.0
2017-04-24 13:30:00,INDEX:NDTH,83.17,84.11,82.24,83.17,0.0
2017-04-25 13:30:00,INDEX:NDTH,84.11,85.04,83.17,85.04,0.0
2017-04-26 13:30:00,INDEX:NDTH,85.98,85.98,84.11,85.04,0.0
2017-04-27 13:30:00,INDEX:NDTH,84.11,85.04,82.24,85.04,0.0
2017-04-28 13:30:00,INDEX:NDTH,84.11,85.04,82.24,84.11,0.0
2017-05-01 13:30:00,INDEX:NDTH,84.11,85.04,82.24,82.24,0.0
2017-05-02 13:30:00,INDEX:NDTH,83.17,85.04,82.24,85.04,0.0
2017-05-03 13:30:00,INDEX:NDTH,82.24,83.17,79.43,80.37,0.0
2017-05-04 13:30:00,INDEX:NDTH,79.43,80.37,78.5,78.5,0.0
2017-05-05 13:30:00,INDEX:NDTH,79.43,81.3,79.43,80.37,0.0
2017-05-08 13:30:00,INDEX:NDTH,78.5,79.43,75.7,76.63,0.0
2017-05-09 13:30:00,INDEX:NDTH,76.63,78.5,75.7,77.57,0.0
2017-05-10 13:30:00,INDEX:NDTH,74.76,76.63,72.89,74.76,0.0
2017-05-11 13:30:00,INDEX:NDTH,73.83,74.76,70.09,74.76,0.0
2017-05-12 13:30:00,INDEX:NDTH,74.76,75.7,72.89,73.83,0.0
2017-05-15 13:30:00,INDEX:NDTH,73.83,74.76,72.89,73.83,0.0
2017-05-16 13:30:00,INDEX:NDTH,72.89,72.89,72.89,72.89,0.0
2017-05-17 13:30:00,INDEX:NDTH,71.96,71.96,71.02,71.02,0.0
2017-05-18 13:30:00,INDEX:NDTH,70.09,70.09,69.15,70.09,0.0
2017-05-19 13:30:00,INDEX:NDTH,70.09,71.02,69.15,69.15,0.0
2017-05-22 13:30:00,INDEX:NDTH,71.02,72.89,69.15,71.96,0.0
2017-05-23 13:30:00,INDEX:NDTH,71.96,71.96,70.09,71.96,0.0
2017-05-24 13:30:00,INDEX:NDTH,72.89,72.89,70.09,71.02,0.0
2017-05-25 13:30:00,INDEX:NDTH,71.02,73.83,71.02,71.96,0.0
2017-05-26 13:30:00,INDEX:NDTH,71.96,71.96,71.02,71.96,0.0
2017-05-30 13:30:00,INDEX:NDTH,71.02,71.96,69.15,70.09,0.0
2017-05-31 13:30:00,INDEX:NDTH,71.96,71.96,68.22,70.09,0.0
2017-06-01 13:30:00,INDEX:NDTH,69.15,75.7,69.15,75.7,0.0
2017-06-02 13:30:00,INDEX:NDTH,74.76,76.63,72.89,75.7,0.0
2017-06-05 13:30:00,INDEX:NDTH,75.7,75.7,72.89,73.83,0.0
2017-06-06 13:30:00,INDEX:NDTH,72.89,72.89,71.02,71.96,0.0
2017-06-07 13:30:00,INDEX:NDTH,71.96,74.76,71.02,74.76,0.0
2017-06-08 13:30:00,INDEX:NDTH,74.76,74.76,72.89,73.83,0.0
2017-06-09 13:30:00,INDEX:NDTH,73.83,75.7,72.89,72.89,0.0
2017-06-12 13:30:00,INDEX:NDTH,74.76,76.63,72.89,73.83,0.0
2017-06-13 13:30:00,INDEX:NDTH,73.83,77.57,73.83,74.76,0.0
2017-06-14 13:30:00,INDEX:NDTH,75.7,75.7,71.96,73.83,0.0
2017-06-15 13:30:00,INDEX:NDTH,71.96,73.83,71.96,73.83,0.0
2017-06-16 13:30:00,INDEX:NDTH,72.89,72.89,71.96,71.96,0.0
2017-06-19 13:30:00,INDEX:NDTH,71.96,74.76,71.96,74.76,0.0
2017-06-20 13:30:00,INDEX:NDTH,74.76,74.76,72.89,72.89,0.0
2017-06-21 13:30:00,INDEX:NDTH,72.89,76.63,72.89,75.7,0.0
2017-06-22 13:30:00,INDEX:NDTH,75.7,77.57,74.76,76.63,0.0
2017-06-23 13:30:00,INDEX:NDTH,77.57,77.57,75.7,76.63,0.0
2017-06-26 13:30:00,INDEX:NDTH,76.63,77.57,76.63,77.57,0.0
2017-06-27 13:30:00,INDEX:NDTH,75.7,75.7,68.22,68.22,0.0
2017-06-28 13:30:00,INDEX:NDTH,72.89,76.63,71.02,75.7,0.0
2017-06-29 13:30:00,INDEX:NDTH,75.7,77.57,69.15,72.89,0.0
2017-06-30 13:30:00,INDEX:NDTH,71.96,72.89,70.09,71.96,0.0
2017-07-03 13:30:00,INDEX:NDTH,74.76,75.7,72.89,72.89,0.0
2017-07-05 13:30:00,INDEX:NDTH,73.83,74.76,71.02,72.89,0.0
2017-07-06 13:30:00,INDEX:NDTH,71.96,72.89,71.02,71.96,0.0
2017-07-07 13:30:00,INDEX:NDTH,71.02,72.89,71.02,72.89,0.0
2017-07-10 13:30:00,INDEX:NDTH,73.83,74.76,72.89,73.83,0.0
2017-07-11 13:30:00,INDEX:NDTH,73.83,73.83,72.89,73.83,0.0
2017-07-12 13:30:00,INDEX:NDTH,73.83,75.7,73.83,75.7,0.0
2017-07-13 13:30:00,INDEX:NDTH,74.76,76.63,73.83,75.7,0.0
2017-07-14 13:30:00,INDEX:NDTH,75.7,75.7,74.76,75.7,0.0
2017-07-17 13:30:00,INDEX:NDTH,75.7,76.63,74.76,74.76,0.0
2017-07-18 13:30:00,INDEX:NDTH,73.83,73.83,73.83,73.83,0.0
2017-07-19 13:30:00,INDEX:NDTH,75.7,75.7,73.83,75.7,0.0
2017-07-20 13:30:00,INDEX:NDTH,76.63,77.57,74.76,76.63,0.0
2017-07-21 13:30:00,INDEX:NDTH,75.7,77.57,73.83,76.63,0.0
2017-07-24 13:30:00,INDEX:NDTH,74.76,76.63,74.76,75.7,0.0
2017-07-25 13:30:00,INDEX:NDTH,77.57,78.5,75.7,77.57,0.0
2017-07-26 13:30:00,INDEX:NDTH,77.57,79.43,76.63,77.57,0.0
2017-07-27 13:30:00,INDEX:NDTH,79.43,80.37,75.7,77.57,0.0
2017-07-28 13:30:00,INDEX:NDTH,75.7,76.63,74.76,75.7,0.0
2017-07-31 13:30:00,INDEX:NDTH,75.7,75.7,75.7,75.7,0.0
2017-08-01 13:30:00,INDEX:NDTH,75.7,76.63,73.83,75.7,0.0
2017-08-02 13:30:00,INDEX:NDTH,73.83,75.7,72.89,72.89,0.0
2017-08-03 13:30:00,INDEX:NDTH,72.89,73.83,71.02,71.02,0.0
2017-08-04 13:30:00,INDEX:NDTH,71.02,72.89,70.09,71.96,0.0
2017-08-07 13:30:00,INDEX:NDTH,71.96,73.83,71.96,73.83,0.0
2017-08-08 13:30:00,INDEX:NDTH,70.09,72.89,69.15,70.09,0.0
2017-08-09 13:30:00,INDEX:NDTH,68.22,70.09,67.28,70.09,0.0
2017-08-10 13:30:00,INDEX:NDTH,70.09,70.09,64.48,64.48,0.0
2017-08-11 13:30:00,INDEX:NDTH,67.28,68.22,67.28,68.22,0.0
2017-08-14 13:30:00,INDEX:NDTH,69.15,71.02,69.15,70.09,0.0
2017-08-15 13:30:00,INDEX:NDTH,69.15,71.02,69.15,70.09,0.0
2017-08-16 13:30:00,INDEX:NDTH,70.09,71.96,69.15,70.09,0.0
2017-08-17 13:30:00,INDEX:NDTH,68.22,68.22,64.48,64.48,0.0
2017-08-18 13:30:00,INDEX:NDTH,63.55,65.42,60.74,63.55,0.0
2017-08-21 13:30:00,INDEX:NDTH,63.55,63.55,60.74,62.61,0.0
2017-08-22 13:30:00,INDEX:NDTH,63.55,67.28,63.55,67.28,0.0
2017-08-23 13:30:00,INDEX:NDTH,65.42,66.35,65.42,66.35,0.0
2017-08-24 13:30:00,INDEX:NDTH,68.22,68.22,64.48,66.35,0.0
2017-08-25 13:30:00,INDEX:NDTH,66.35,66.35,65.42,65.42,0.0
2017-08-28 13:30:00,INDEX:NDTH,65.42,67.28,65.42,66.35,0.0
2017-08-29 13:30:00,INDEX:NDTH,65.42,66.35,65.42,66.35,0.0
2017-08-30 13:30:00,INDEX:NDTH,66.35,69.15,66.35,69.15,0.0
2017-08-31 13:30:00,INDEX:NDTH,71.02,71.96,71.02,71.96,0.0
2017-09-01 13:30:00,INDEX:NDTH,71.96,72.89,71.02,71.02,0.0
2017-09-05 13:30:00,INDEX:NDTH,70.09,70.09,68.22,68.22,0.0
2017-09-06 13:30:00,INDEX:NDTH,68.22,69.15,68.22,69.15,0.0
2017-09-07 13:30:00,INDEX:NDTH,69.15,71.02,68.22,68.22,0.0
2017-09-08 13:30:00,INDEX:NDTH,67.28,68.22,67.28,68.22,0.0
2017-09-11 13:30:00,INDEX:NDTH,69.15,70.09,68.22,68.22,0.0
2017-09-12 13:30:00,INDEX:NDTH,69.15,70.09,68.22,69.15,0.0
2017-09-13 13:30:00,INDEX:NDTH,69.15,71.02,68.22,68.22,0.0
2017-09-14 13:30:00,INDEX:NDTH,66.35,66.35,65.42,65.42,0.0
2017-09-15 13:30:00,INDEX:NDTH,65.42,67.28,65.42,65.42,0.0
2017-09-18 13:30:00,INDEX:NDTH,67.28,68.22,67.28,67.28,0.0
2017-09-19 13:30:00,INDEX:NDTH,66.35,69.15,66.35,69.15,0.0
2017-09-20 13:30:00,INDEX:NDTH,69.15,70.09,68.22,70.09,0.0
2017-09-21 13:30:00,INDEX:NDTH,70.09,70.09,67.28,68.22,0.0
2017-09-22 13:30:00,INDEX:NDTH,69.15,71.02,69.15,71.02,0.0
2017-09-25 13:30:00,INDEX:NDTH,71.96,71.96,70.09,71.96,0.0
2017-09-26 13:30:00,INDEX:NDTH,71.96,71.96,71.02,71.02,0.0
2017-09-27 13:30:00,INDEX:NDTH,71.96,71.96,70.09,71.96,0.0
2017-09-28 13:30:00,INDEX:NDTH,70.09,70.09,66.35,68.22,0.0
2017-09-29 13:30:00,INDEX:NDTH,68.22,71.96,68.22,71.96,0.0
2017-10-02 13:30:00,INDEX:NDTH,72.89,72.89,72.89,72.89,0.0
2017-10-03 13:30:00,INDEX:NDTH,71.96,72.89,68.22,68.22,0.0
2017-10-04 13:30:00,INDEX:NDTH,69.15,71.02,69.15,71.02,0.0
2017-10-05 13:30:00,INDEX:NDTH,71.02,71.96,69.15,71.96,0.0
2017-10-06 13:30:00,INDEX:NDTH,70.09,71.96,70.09,71.02,0.0
2017-10-09 13:30:00,INDEX:NDTH,71.96,71.96,71.02,71.02,0.0
2017-10-10 13:30:00,INDEX:NDTH,71.02,71.02,71.02,71.02,0.0
2017-10-11 13:30:00,INDEX:NDTH,71.02,71.02,71.02,71.02,0.0
2017-10-12 13:30:00,INDEX:NDTH,71.02,71.02,69.15,69.15,0.0
2017-10-13 13:30:00,INDEX:NDTH,69.15,71.96,69.15,71.96,0.0
2017-10-16 13:30:00,INDEX:NDTH,72.89,72.89,70.09,70.09,0.0
2017-10-17 13:30:00,INDEX:NDTH,69.15,69.15,69.15,69.15,0.0
2017-10-18 13:30:00,INDEX:NDTH,69.15,70.09,67.28,69.15,0.0
2017-10-19 13:30:00,INDEX:NDTH,67.28,68.22,67.28,67.28,0.0
2017-10-20 13:30:00,INDEX:NDTH,66.35,67.28,66.35,67.28,0.0
2017-10-23 13:30:00,INDEX:NDTH,68.22,68.22,66.35,67.28,0.0
2017-10-24 13:30:00,INDEX:NDTH,68.22,68.22,65.42,65.42,0.0
2017-10-25 13:30:00,INDEX:NDTH,67.28,67.28,64.48,66.35,0.0
2017-10-26 13:30:00,INDEX:NDTH,64.48,64.48,62.61,62.61,0.0
2017-10-27 13:30:00,INDEX:NDTH,62.61,65.42,61.68,65.42,0.0
2017-10-30 13:30:00,INDEX:NDTH,63.55,64.48,61.68,63.55,0.0
2017-10-31 13:30:00,INDEX:NDTH,61.68,61.68,59.81,59.81,0.0
2017-11-01 13:30:00,INDEX:NDTH,61.68,61.68,59.81,60.74,0.0
2017-11-02 13:30:00,INDEX:NDTH,58.87,61.68,57.94,58.87,0.0
2017-11-03 13:30:00,INDEX:NDTH,59.81,62.61,58.87,61.68,0.0
2017-11-06 14:30:00,INDEX:NDTH,61.68,63.55,60.74,60.74,0.0
2017-11-07 14:30:00,INDEX:NDTH,61.68,62.61,58.87,60.74,0.0
2017-11-08 14:30:00,INDEX:NDTH,60.74,62.61,60.74,60.74,0.0
2017-11-09 14:30:00,INDEX:NDTH,61.68,65.42,61.68,65.42,0.0
2017-11-10 14:30:00,INDEX:NDTH,65.42,65.42,63.55,63.55,0.0
2017-11-13 14:30:00,INDEX:NDTH,61.68,63.55,59.81,61.68,0.0
2017-11-14 14:30:00,INDEX:NDTH,59.81,60.74,59.81,59.81,0.0
2017-11-15 14:30:00,INDEX:NDTH,57.94,62.61,57.94,62.61,0.0
2017-11-16 14:30:00,INDEX:NDTH,62.61,65.42,61.68,64.48,0.0
2017-11-17 14:30:00,INDEX:NDTH,65.42,65.42,62.61,63.55,0.0
2017-11-20 14:30:00,INDEX:NDTH,62.61,64.48,60.74,63.55,0.0
2017-11-21 14:30:00,INDEX:NDTH,63.55,65.42,63.55,65.42,0.0
2017-11-22 14:30:00,INDEX:NDTH,64.48,66.35,64.48,65.42,0.0
2017-11-24 14:30:00,INDEX:NDTH,65.42,65.42,63.55,64.48,0.0
2017-11-27 14:30:00,INDEX:NDTH,63.55,64.48,61.68,61.68,0.0
2017-11-28 14:30:00,INDEX:NDTH,61.68,67.28,60.74,66.35,0.0
2017-11-29 14:30:00,INDEX:NDTH,63.55,68.22,63.55,64.48,0.0
2017-11-30 14:30:00,INDEX:NDTH,65.42,66.35,65.42,66.35,0.0
2017-12-01 14:30:00,INDEX:NDTH,65.42,66.35,62.61,65.42,0.0
2017-12-04 14:30:00,INDEX:NDTH,69.15,70.09,68.22,69.15,0.0
2017-12-05 14:30:00,INDEX:NDTH,68.22,70.09,68.22,69.15,0.0
2017-12-06 14:30:00,INDEX:NDTH,67.28,69.15,66.35,69.15,0.0
2017-12-07 14:30:00,INDEX:NDTH,67.28,69.15,67.28,69.15,0.0
2017-12-08 14:30:00,INDEX:NDTH,70.09,70.09,69.15,69.15,0.0
2017-12-11 14:30:00,INDEX:NDTH,70.09,71.96,69.15,71.96,0.0
2017-12-12 14:30:00,INDEX:NDTH,72.89,73.83,71.02,71.02,0.0
2017-12-13 14:30:00,INDEX:NDTH,72.89,72.89,70.09,70.09,0.0
2017-12-14 14:30:00,INDEX:NDTH,70.09,71.96,69.15,69.15,0.0
2017-12-15 14:30:00,INDEX:NDTH,71.96,74.76,70.09,72.89,0.0
2017-12-18 14:30:00,INDEX:NDTH,76.63,76.63,73.83,74.76,0.0
2017-12-19 14:30:00,INDEX:NDTH,75.7,75.7,71.96,71.96,0.0
2017-12-20 14:30:00,INDEX:NDTH,71.96,74.76,70.09,72.89,0.0
2017-12-21 14:30:00,INDEX:NDTH,74.76,74.76,71.96,72.89,0.0
2017-12-22 14:30:00,INDEX:NDTH,73.83,75.47,71.02,74.52,0.0
2017-12-26 14:30:00,INDEX:NDTH,75.47,76.41,74.52,75.47,0.0
2017-12-27 14:30:00,INDEX:NDTH,75.47,76.41,73.58,74.52,0.0
2017-12-28 14:30:00,INDEX:NDTH,72.64,74.52,71.69,74.52,0.0
2017-12-29 14:30:00,INDEX:NDTH,75.47,75.47,71.69,71.69,0.0
2018-01-02 14:30:00,INDEX:NDTH,71.69,77.35,71.69,76.41,0.0
2018-01-03 14:30:00,INDEX:NDTH,77.35,79.24,76.41,79.24,0.0
2018-01-04 14:30:00,INDEX:NDTH,79.24,79.24,76.41,76.41,0.0
2018-01-05 14:30:00,INDEX:NDTH,77.35,80.76,77.35,80.76,0.0
2018-01-08 14:30:00,INDEX:NDTH,80.76,82.69,80.76,80.76,0.0
2018-01-09 14:30:00,INDEX:NDTH,81.73,82.69,79.8,81.73,0.0
2018-01-10 14:30:00,INDEX:NDTH,81.73,81.73,80.76,81.73,0.0
2018-01-11 14:30:00,INDEX:NDTH,81.73,82.69,81.73,82.69,0.0
2018-01-12 14:30:00,INDEX:NDTH,82.69,82.69,82.69,82.69,0.0
2018-01-16 14:30:00,INDEX:NDTH,82.69,84.61,80.76,80.76,0.0
2018-01-17 14:30:00,INDEX:NDTH,83.65,83.65,81.73,83.65,0.0
2018-01-18 14:30:00,INDEX:NDTH,83.65,83.65,81.73,82.69,0.0
2018-01-19 14:30:00,INDEX:NDTH,83.65,83.65,82.69,82.69,0.0
2018-01-22 14:30:00,INDEX:NDTH,82.69,83.65,82.69,83.65,0.0
2018-01-23 14:30:00,INDEX:NDTH,82.69,84.61,82.69,84.61,0.0
2018-01-24 14:30:00,INDEX:NDTH,84.61,86.53,82.69,85.57,0.0
2018-01-25 14:30:00,INDEX:NDTH,85.57,86.53,84.61,85.57,0.0
2018-01-26 14:30:00,INDEX:NDTH,84.61,86.53,84.61,86.53,0.0
2018-01-29 14:30:00,INDEX:NDTH,84.61,85.57,83.65,83.65,0.0
2018-01-30 14:30:00,INDEX:NDTH,82.69,82.69,80.76,81.73,0.0
2018-01-31 14:30:00,INDEX:NDTH,81.73,82.69,81.73,81.73,0.0
2018-02-01 14:30:00,INDEX:NDTH,81.73,82.69,81.73,81.73,0.0
2018-02-02 14:30:00,INDEX:NDTH,80.76,80.76,79.8,79.8,0.0
2018-02-05 14:30:00,INDEX:NDTH,77.88,79.8,66.34,66.34,0.0
2018-02-06 14:30:00,INDEX:NDTH,60.57,76.92,60.57,76.92,0.0
2018-02-07 14:30:00,INDEX:NDTH,72.11,78.84,68.26,68.26,0.0
2018-02-08 14:30:00,INDEX:NDTH,68.26,68.26,53.84,53.84,0.0
2018-02-09 14:30:00,INDEX:NDTH,55.76,56.73,50.96,55.76,0.0
2018-02-12 14:30:00,INDEX:NDTH,61.53,65.38,57.69,64.42,0.0
2018-02-13 14:30:00,INDEX:NDTH,63.46,64.42,60.57,64.42,0.0
2018-02-14 14:30:00,INDEX:NDTH,63.46,70.19,63.46,68.26,0.0
2018-02-15 14:30:00,INDEX:NDTH,68.26,72.11,66.34,72.11,0.0
2018-02-16 14:30:00,INDEX:NDTH,71.15,74.03,70.19,72.11,0.0
2018-02-20 14:30:00,INDEX:NDTH,72.11,75.96,70.19,71.15,0.0
2018-02-21 14:30:00,INDEX:NDTH,72.11,75.0,71.15,71.15,0.0
2018-02-22 14:30:00,INDEX:NDTH,71.15,74.03,70.19,70.19,0.0
2018-02-23 14:30:00,INDEX:NDTH,74.03,75.0,71.15,74.03,0.0
2018-02-26 14:30:00,INDEX:NDTH,74.03,75.0,74.03,74.03,0.0
2018-02-27 14:30:00,INDEX:NDTH,75.96,76.92,71.84,71.84,0.0
2018-02-28 14:30:00,INDEX:NDTH,71.84,71.84,69.9,69.9,0.0
2018-03-01 14:30:00,INDEX:NDTH,68.93,69.9,66.99,66.99,0.0
2018-03-02 14:30:00,INDEX:NDTH,66.01,68.26,65.04,68.26,0.0
2018-03-05 14:30:00,INDEX:NDTH,67.3,70.19,66.34,69.23,0.0
2018-03-06 14:30:00,INDEX:NDTH,69.23,69.23,69.23,69.23,0.0
2018-03-07 14:30:00,INDEX:NDTH,68.26,70.19,67.3,70.19,0.0
2018-03-08 14:30:00,INDEX:NDTH,73.07,73.07,70.19,72.11,0.0
2018-03-09 14:30:00,INDEX:NDTH,73.07,75.96,72.11,75.96,0.0
2018-03-12 13:30:00,INDEX:NDTH,76.92,77.88,76.92,77.66,0.0
2018-03-13 13:30:00,INDEX:NDTH,77.66,77.66,73.78,73.78,0.0
2018-03-14 13:30:00,INDEX:NDTH,73.78,73.78,71.84,73.52,0.0
2018-03-15 13:30:00,INDEX:NDTH,75.49,75.49,74.5,75.49,0.0
2018-03-16 13:30:00,INDEX:NDTH,75.49,75.49,73.52,75.49,0.0
2018-03-19 13:30:00,INDEX:NDTH,72.54,75.49,67.64,69.6,0.0
2018-03-20 13:30:00,INDEX:NDTH,68.62,68.62,68.62,68.62,0.0
2018-03-21 13:30:00,INDEX:NDTH,68.62,69.6,66.66,68.62,0.0
2018-03-22 13:30:00,INDEX:NDTH,65.68,65.68,62.74,63.72,0.0
2018-03-23 13:30:00,INDEX:NDTH,63.72,63.72,54.9,54.9,0.0
2018-03-26 13:30:00,INDEX:NDTH,62.74,63.72,55.88,63.72,0.0
2018-03-27 13:30:00,INDEX:NDTH,63.72,64.7,54.9,54.9,0.0
2018-03-28 13:30:00,INDEX:NDTH,55.88,58.82,51.96,53.92,0.0
2018-03-29 13:30:00,INDEX:NDTH,54.9,59.8,53.92,58.82,0.0
2018-04-02 13:30:00,INDEX:NDTH,58.82,58.82,49.01,51.96,0.0
2018-04-03 13:30:00,INDEX:NDTH,56.31,56.31,50.48,56.31,0.0
2018-04-04 13:30:00,INDEX:NDTH,53.39,59.22,53.39,59.22,0.0
2018-04-05 13:30:00,INDEX:NDTH,60.19,60.19,57.28,59.22,0.0
2018-04-06 13:30:00,INDEX:NDTH,57.28,58.25,50.48,52.42,0.0
2018-04-09 13:30:00,INDEX:NDTH,55.33,58.25,53.39,54.36,0.0
2018-04-10 13:30:00,INDEX:NDTH,55.33,59.22,54.36,58.25,0.0
2018-04-11 13:30:00,INDEX:NDTH,58.25,59.22,56.31,56.31,0.0
2018-04-12 13:30:00,INDEX:NDTH,59.22,61.16,59.22,61.16,0.0
2018-04-13 13:30:00,INDEX:NDTH,61.16,61.16,56.31,56.31,0.0
2018-04-16 13:30:00,INDEX:NDTH,57.28,61.16,57.28,60.19,0.0
2018-04-17 13:30:00,INDEX:NDTH,62.13,65.04,60.19,63.1,0.0
2018-04-18 13:30:00,INDEX:NDTH,62.13,63.1,62.13,62.13,0.0
2018-04-19 13:30:00,INDEX:NDTH,62.13,62.13,57.28,57.28,0.0
2018-04-20 13:30:00,INDEX:NDTH,56.31,57.28,56.31,56.31,0.0
2018-04-23 13:30:00,INDEX:NDTH,56.31,58.25,54.36,54.36,0.0
2018-04-24 13:30:00,INDEX:NDTH,59.22,61.16,48.54,51.45,0.0
2018-04-25 13:30:00,INDEX:NDTH,49.51,52.42,46.6,50.48,0.0
2018-04-26 13:30:00,INDEX:NDTH,53.39,59.22,50.48,59.22,0.0
2018-04-27 13:30:00,INDEX:NDTH,56.31,57.28,51.45,53.39,0.0
2018-04-30 13:30:00,INDEX:NDTH,51.45,56.31,47.57,48.54,0.0
2018-05-01 13:30:00,INDEX:NDTH,49.51,55.33,47.57,55.33,0.0
2018-05-02 13:30:00,INDEX:NDTH,55.33,56.31,51.45,51.45,0.0
2018-05-03 13:30:00,INDEX:NDTH,48.54,51.45,43.68,50.48,0.0
2018-05-04 13:30:00,INDEX:NDTH,47.57,57.28,47.57,56.31,0.0
2018-05-07 13:30:00,INDEX:NDTH,57.28,60.19,57.28,58.25,0.0
2018-05-08 13:30:00,INDEX:NDTH,59.22,59.22,56.31,57.28,0.0
2018-05-09 13:30:00,INDEX:NDTH,57.28,59.22,56.31,57.28,0.0
2018-05-10 13:30:00,INDEX:NDTH,58.25,60.19,58.25,60.19,0.0
2018-05-11 13:30:00,INDEX:NDTH,59.22,61.16,58.25,61.16,0.0
2018-05-14 13:30:00,INDEX:NDTH,60.19,62.13,60.19,60.19,0.0
2018-05-15 13:30:00,INDEX:NDTH,59.22,61.16,57.28,59.22,0.0
2018-05-16 13:30:00,INDEX:NDTH,61.16,62.13,59.22,61.16,0.0
2018-05-17 13:30:00,INDEX:NDTH,61.16,63.1,60.19,61.16,0.0
2018-05-18 13:30:00,INDEX:NDTH,60.19,60.19,60.19,60.19,0.0
2018-05-21 13:30:00,INDEX:NDTH,61.16,62.13,58.25,59.22,0.0
2018-05-22 13:30:00,INDEX:NDTH,60.19,60.19,59.22,60.19,0.0
2018-05-23 13:30:00,INDEX:NDTH,58.25,61.16,58.25,61.16,0.0
2018-05-24 13:30:00,INDEX:NDTH,61.16,62.13,59.22,61.16,0.0
2018-05-25 13:30:00,INDEX:NDTH,60.19,62.13,60.19,61.16,0.0
2018-05-29 13:30:00,INDEX:NDTH,58.25,60.19,55.33,56.31,0.0
2018-05-30 13:30:00,INDEX:NDTH,60.19,61.16,58.25,58.25,0.0
2018-05-31 13:30:00,INDEX:NDTH,59.22,61.16,56.31,56.31,0.0
2018-06-01 13:30:00,INDEX:NDTH,58.25,61.16,58.25,61.16,0.0
2018-06-04 13:30:00,INDEX:NDTH,60.19,61.16,58.25,61.16,0.0
2018-06-05 13:30:00,INDEX:NDTH,62.13,63.1,61.16,62.13,0.0
2018-06-06 13:30:00,INDEX:NDTH,62.13,65.04,62.13,65.04,0.0
2018-06-07 13:30:00,INDEX:NDTH,65.04,65.04,63.1,64.07,0.0
2018-06-08 13:30:00,INDEX:NDTH,62.13,62.13,60.19,61.16,0.0
2018-06-11 13:30:00,INDEX:NDTH,62.13,64.07,62.13,64.07,0.0
2018-06-12 13:30:00,INDEX:NDTH,64.07,65.04,63.1,65.04,0.0
2018-06-13 13:30:00,INDEX:NDTH,64.07,66.01,63.1,64.07,0.0
2018-06-14 13:30:00,INDEX:NDTH,64.07,67.96,63.1,66.01,0.0
2018-06-15 13:30:00,INDEX:NDTH,65.04,66.99,63.1,65.04,0.0
2018-06-18 13:30:00,INDEX:NDTH,62.13,64.07,62.13,63.1,0.0
2018-06-19 13:30:00,INDEX:NDTH,62.13,65.04,61.16,65.04,0.0
2018-06-20 13:30:00,INDEX:NDTH,64.07,65.04,64.07,65.04,0.0
2018-06-21 13:30:00,INDEX:NDTH,65.04,65.04,62.13,62.13,0.0
2018-06-22 13:30:00,INDEX:NDTH,63.1,63.1,62.13,62.13,0.0
2018-06-25 13:30:00,INDEX:NDTH,61.16,61.16,55.33,58.25,0.0
2018-06-26 13:30:00,INDEX:NDTH,58.25,59.22,56.31,56.31,0.0
2018-06-27 13:30:00,INDEX:NDTH,58.25,58.25,51.45,51.45,0.0
2018-06-28 13:30:00,INDEX:NDTH,49.51,55.33,49.51,53.39,0.0
2018-06-29 13:30:00,INDEX:NDTH,56.31,58.25,55.33,55.33,0.0
2018-07-02 13:30:00,INDEX:NDTH,53.39,56.31,53.39,56.31,0.0
2018-07-03 13:30:00,INDEX:NDTH,59.22,59.22,55.33,56.31,0.0
2018-07-05 13:30:00,INDEX:NDTH,57.28,59.22,55.33,59.22,0.0
2018-07-06 13:30:00,INDEX:NDTH,60.19,63.1,60.19,62.13,0.0
2018-07-09 13:30:00,INDEX:NDTH,63.1,64.07,63.1,64.07,0.0
2018-07-10 13:30:00,INDEX:NDTH,65.04,67.96,65.04,66.01,0.0
2018-07-11 13:30:00,INDEX:NDTH,64.07,66.01,64.07,65.04,0.0
2018-07-12 13:30:00,INDEX:NDTH,66.01,66.99,65.04,66.99,0.0
2018-07-13 13:30:00,INDEX:NDTH,66.99,66.99,66.99,66.99,0.0
2018-07-16 13:30:00,INDEX:NDTH,66.99,66.99,66.01,66.99,0.0
2018-07-17 13:30:00,INDEX:NDTH,66.99,68.93,66.99,68.93,0.0
2018-07-18 13:30:00,INDEX:NDTH,69.9,70.87,66.99,69.9,0.0
2018-07-19 13:30:00,INDEX:NDTH,66.99,69.9,66.01,69.9,0.0
2018-07-20 13:30:00,INDEX:NDTH,66.99,67.96,66.01,66.99,0.0
2018-07-23 13:30:00,INDEX:NDTH,66.01,66.01,65.04,65.04,0.0
2018-07-24 13:30:00,INDEX:NDTH,65.04,66.01,64.07,64.07,0.0
2018-07-25 13:30:00,INDEX:NDTH,65.04,65.04,63.1,65.04,0.0
2018-07-26 13:30:00,INDEX:NDTH,66.99,67.96,66.01,66.99,0.0
2018-07-27 13:30:00,INDEX:NDTH,66.99,67.96,66.99,66.99,0.0
2018-07-30 13:30:00,INDEX:NDTH,66.99,66.99,66.99,66.99,0.0
2018-07-31 13:30:00,INDEX:NDTH,70.87,70.87,66.99,66.99,0.0
2018-08-01 13:30:00,INDEX:NDTH,66.01,66.01,66.01,66.01,0.0
2018-08-02 13:30:00,INDEX:NDTH,66.99,68.93,66.01,68.93,0.0
2018-08-03 13:30:00,INDEX:NDTH,70.87,70.87,69.9,70.87,0.0
2018-08-06 13:30:00,INDEX:NDTH,69.9,71.84,69.9,71.84,0.0
2018-08-07 13:30:00,INDEX:NDTH,71.84,71.84,71.84,71.84,0.0
2018-08-08 13:30:00,INDEX:NDTH,71.84,71.84,69.9,70.87,0.0
2018-08-09 13:30:00,INDEX:NDTH,68.93,69.9,68.93,68.93,0.0
2018-08-10 13:30:00,INDEX:NDTH,66.01,66.01,64.07,64.07,0.0
2018-08-13 13:30:00,INDEX:NDTH,65.04,66.01,63.1,63.1,0.0
2018-08-14 13:30:00,INDEX:NDTH,65.04,67.96,65.04,66.99,0.0
2018-08-15 13:30:00,INDEX:NDTH,62.13,62.13,62.13,62.13,0.0
2018-08-16 13:30:00,INDEX:NDTH,63.1,64.07,63.1,64.07,0.0
2018-08-17 13:30:00,INDEX:NDTH,61.16,61.16,59.22,61.16,0.0
2018-08-20 13:30:00,INDEX:NDTH,62.13,62.13,61.16,62.13,0.0
2018-08-21 13:30:00,INDEX:NDTH,62.13,66.01,62.13,63.1,0.0
2018-08-22 13:30:00,INDEX:NDTH,66.01,66.01,62.13,66.01,0.0
2018-08-23 13:30:00,INDEX:NDTH,64.07,64.07,64.07,64.07,0.0
2018-08-24 13:30:00,INDEX:NDTH,65.04,66.99,64.07,66.01,0.0
2018-08-27 13:30:00,INDEX:NDTH,66.01,67.96,66.01,67.96,0.0
2018-08-28 13:30:00,INDEX:NDTH,68.93,68.93,67.96,68.93,0.0
2018-08-29 13:30:00,INDEX:NDTH,67.96,69.9,67.96,68.93,0.0
2018-08-30 13:30:00,INDEX:NDTH,67.96,68.93,66.01,66.01,0.0
2018-08-31 13:30:00,INDEX:NDTH,66.01,68.93,66.01,68.93,0.0
2018-09-04 13:30:00,INDEX:NDTH,66.99,66.99,62.13,65.04,0.0
2018-09-05 13:30:00,INDEX:NDTH,64.07,65.04,61.16,63.1,0.0
2018-09-06 13:30:00,INDEX:NDTH,62.13,63.1,59.22,59.22,0.0
2018-09-07 13:30:00,INDEX:NDTH,59.22,60.19,58.25,60.19,0.0
2018-09-10 13:30:00,INDEX:NDTH,60.19,60.19,58.25,59.22,0.0
2018-09-11 13:30:00,INDEX:NDTH,57.28,58.25,57.28,58.25,0.0
2018-09-12 13:30:00,INDEX:NDTH,56.31,56.31,55.33,56.31,0.0
2018-09-13 13:30:00,INDEX:NDTH,57.28,58.25,57.28,57.28,0.0
2018-09-14 13:30:00,INDEX:NDTH,58.25,59.22,58.25,58.25,0.0
2018-09-17 13:30:00,INDEX:NDTH,58.25,58.25,57.28,58.25,0.0
2018-09-18 13:30:00,INDEX:NDTH,58.25,60.19,57.28,60.19,0.0
2018-09-19 13:30:00,INDEX:NDTH,59.22,60.19,59.22,60.19,0.0
2018-09-20 13:30:00,INDEX:NDTH,64.07,65.04,63.1,63.1,0.0
2018-09-21 13:30:00,INDEX:NDTH,65.04,65.04,64.07,65.04,0.0
2018-09-24 13:30:00,INDEX:NDTH,65.04,65.04,62.13,62.13,0.0
2018-09-25 13:30:00,INDEX:NDTH,60.19,60.19,58.25,58.25,0.0
2018-09-26 13:30:00,INDEX:NDTH,59.22,61.16,59.22,60.19,0.0
2018-09-27 13:30:00,INDEX:NDTH,59.22,60.19,59.22,60.19,0.0
2018-09-28 13:30:00,INDEX:NDTH,59.22,60.19,59.22,60.19,0.0
2018-10-01 13:30:00,INDEX:NDTH,60.19,62.13,58.25,59.22,0.0
2018-10-02 13:30:00,INDEX:NDTH,60.19,62.13,59.22,59.22,0.0
2018-10-03 13:30:00,INDEX:NDTH,60.19,61.16,59.22,59.22,0.0
2018-10-04 13:30:00,INDEX:NDTH,59.22,61.16,56.31,60.19,0.0
2018-10-05 13:30:00,INDEX:NDTH,58.25,58.25,56.31,57.28,0.0
2018-10-08 13:30:00,INDEX:NDTH,56.31,58.25,54.36,58.25,0.0
2018-10-09 13:30:00,INDEX:NDTH,58.25,58.25,55.33,56.31,0.0
2018-10-10 13:30:00,INDEX:NDTH,51.45,51.45,45.63,45.63,0.0
2018-10-11 13:30:00,INDEX:NDTH,45.63,45.63,36.89,36.89,0.0
2018-10-12 13:30:00,INDEX:NDTH,42.71,45.63,39.8,43.68,0.0
2018-10-15 13:30:00,INDEX:NDTH,41.74,46.6,41.74,41.74,0.0
2018-10-16 13:30:00,INDEX:NDTH,46.6,49.51,46.6,49.51,0.0
2018-10-17 13:30:00,INDEX:NDTH,50.48,50.48,48.54,48.54,0.0
2018-10-18 13:30:00,INDEX:NDTH,47.57,47.57,43.68,44.66,0.0
2018-10-19 13:30:00,INDEX:NDTH,46.6,47.57,44.66,45.63,0.0
2018-10-22 13:30:00,INDEX:NDTH,44.66,46.6,41.74,42.71,0.0
2018-10-23 13:30:00,INDEX:NDTH,39.8,45.63,33.98,44.66,0.0
2018-10-24 13:30:00,INDEX:NDTH,42.71,44.66,30.09,30.09,0.0
2018-10-25 13:30:00,INDEX:NDTH,33.0,37.86,33.0,35.92,0.0
2018-10-26 13:30:00,INDEX:NDTH,30.09,35.92,29.12,33.98,0.0
2018-10-29 13:30:00,INDEX:NDTH,35.92,35.92,27.18,32.03,0.0
2018-10-30 13:30:00,INDEX:NDTH,33.0,36.89,30.09,36.89,0.0
2018-10-31 13:30:00,INDEX:NDTH,37.86,40.77,36.89,37.86,0.0
2018-11-01 13:30:00,INDEX:NDTH,38.83,46.6,37.86,45.63,0.0
2018-11-02 13:30:00,INDEX:NDTH,46.6,47.57,40.77,44.66,0.0
2018-11-05 14:30:00,INDEX:NDTH,46.6,46.6,41.74,46.6,0.0
2018-11-06 14:30:00,INDEX:NDTH,47.57,48.54,45.63,47.57,0.0
2018-11-07 14:30:00,INDEX:NDTH,50.48,52.42,49.51,50.98,0.0
2018-11-08 14:30:00,INDEX:NDTH,50.98,50.98,50.0,50.0,0.0
2018-11-09 14:30:00,INDEX:NDTH,48.03,49.01,47.05,49.01,0.0
2018-11-12 14:30:00,INDEX:NDTH,46.07,46.07,41.17,41.17,0.0
2018-11-13 14:30:00,INDEX:NDTH,44.11,46.07,40.19,41.17,0.0
2018-11-14 14:30:00,INDEX:NDTH,43.13,46.07,38.23,38.23,0.0
2018-11-15 14:30:00,INDEX:NDTH,38.23,46.07,36.27,43.13,0.0
2018-11-16 14:30:00,INDEX:NDTH,42.15,45.09,38.23,43.13,0.0
2018-11-19 14:30:00,INDEX:NDTH,42.15,42.15,34.31,36.27,0.0
2018-11-20 14:30:00,INDEX:NDTH,32.35,35.29,26.47,27.45,0.0
2018-11-21 14:30:00,INDEX:NDTH,35.29,36.27,29.41,33.33,0.0
2018-11-23 14:30:00,INDEX:NDTH,30.39,36.27,30.39,34.31,0.0
2018-11-26 14:30:00,INDEX:NDTH,38.83,40.77,37.86,38.83,0.0
2018-11-27 14:30:00,INDEX:NDTH,39.8,41.74,39.8,39.8,0.0
2018-11-28 14:30:00,INDEX:NDTH,40.77,47.57,40.77,47.57,0.0
2018-11-29 14:30:00,INDEX:NDTH,45.63,48.54,44.66,46.6,0.0
2018-11-30 14:30:00,INDEX:NDTH,46.6,48.54,44.66,47.57,0.0
2018-12-03 14:30:00,INDEX:NDTH,51.45,52.42,49.51,50.48,0.0
2018-12-04 14:30:00,INDEX:NDTH,47.57,49.51,43.68,43.68,0.0
2018-12-05 14:30:00,INDEX:NDTH,43.68,43.68,43.68,43.68,0.0
2018-12-06 14:30:00,INDEX:NDTH,37.86,44.66,37.86,44.66,0.0
2018-12-07 14:30:00,INDEX:NDTH,44.66,45.63,33.98,34.95,0.0
2018-12-10 14:30:00,INDEX:NDTH,37.86,41.74,29.12,41.74,0.0
2018-12-11 14:30:00,INDEX:NDTH,44.66,47.57,38.83,40.77,0.0
2018-12-12 14:30:00,INDEX:NDTH,45.63,47.57,45.63,46.6,0.0
2018-12-13 14:30:00,INDEX:NDTH,45.63,45.63,39.8,41.74,0.0
2018-12-14 14:30:00,INDEX:NDTH,36.89,38.83,33.0,33.0,0.0
2018-12-17 14:30:00,INDEX:NDTH,29.12,32.03,23.3,24.27,0.0
2018-12-18 14:30:00,INDEX:NDTH,24.27,25.24,19.41,23.3,0.0
2018-12-19 14:30:00,INDEX:NDTH,23.3,26.21,18.44,20.38,0.0
2018-12-20 14:30:00,INDEX:NDTH,18.44,18.44,12.62,13.59,0.0
2018-12-21 14:30:00,INDEX:NDTH,15.53,16.5,11.65,11.65,0.0
2018-12-24 14:30:00,INDEX:NDTH,11.65,11.65,8.82,8.82,0.0
2018-12-26 14:30:00,INDEX:NDTH,9.8,12.74,7.84,12.74,0.0
2018-12-27 14:30:00,INDEX:NDTH,10.78,17.64,9.8,17.64,0.0
2018-12-28 14:30:00,INDEX:NDTH,18.62,19.6,12.74,15.68,0.0
2018-12-31 14:30:00,INDEX:NDTH,18.62,19.6,13.72,19.6,0.0
2019-01-02 14:30:00,INDEX:NDTH,11.76,16.5,11.76,16.5,0.0
2019-01-03 14:30:00,INDEX:NDTH,15.53,21.35,12.62,12.62,0.0
2019-01-04 14:30:00,INDEX:NDTH,17.47,28.15,17.47,25.24,0.0
2019-01-07 14:30:00,INDEX:NDTH,24.27,32.03,23.3,30.09,0.0
2019-01-08 14:30:00,INDEX:NDTH,31.06,32.03,27.18,32.03,0.0
2019-01-09 14:30:00,INDEX:NDTH,34.95,35.92,32.03,34.95,0.0
2019-01-10 14:30:00,INDEX:NDTH,31.06,37.86,30.09,37.86,0.0
2019-01-11 14:30:00,INDEX:NDTH,36.89,38.83,33.98,38.83,0.0
2019-01-14 14:30:00,INDEX:NDTH,32.03,37.86,32.03,32.03,0.0
2019-01-15 14:30:00,INDEX:NDTH,39.81,39.81,39.81,39.81,0.0
2019-01-16 14:30:00,INDEX:NDTH,40.77,40.77,38.83,38.83,0.0
2019-01-17 14:30:00,INDEX:NDTH,39.8,40.77,38.83,39.8,0.0
2019-01-18 14:30:00,INDEX:NDTH,43.68,48.54,39.8,46.6,0.0
2019-01-22 14:30:00,INDEX:NDTH,42.71,42.71,37.86,39.8,0.0
2019-01-23 14:30:00,INDEX:NDTH,43.68,44.66,37.86,39.8,0.0
2019-01-24 14:30:00,INDEX:NDTH,39.8,40.77,38.83,39.8,0.0
2019-01-25 14:30:00,INDEX:NDTH,42.71,45.63,40.77,43.68,0.0
2019-01-28 14:30:00,INDEX:NDTH,40.77,43.68,38.83,42.71,0.0
2019-01-29 14:30:00,INDEX:NDTH,42.71,42.71,37.86,37.86,0.0
2019-01-30 14:30:00,INDEX:NDTH,40.77,49.51,40.77,49.51,0.0
2019-01-31 14:30:00,INDEX:NDTH,49.51,52.42,49.51,50.48,0.0
2019-02-01 14:30:00,INDEX:NDTH,52.42,55.33,51.45,53.39,0.0
2019-02-04 14:30:00,INDEX:NDTH,52.42,58.25,52.42,57.28,0.0
2019-02-05 14:30:00,INDEX:NDTH,59.22,62.13,59.22,62.13,0.0
2019-02-06 14:30:00,INDEX:NDTH,64.07,66.99,63.1,64.07,0.0
2019-02-07 14:30:00,INDEX:NDTH,58.25,59.22,52.42,55.33,0.0
2019-02-08 14:30:00,INDEX:NDTH,51.45,53.39,49.51,53.39,0.0
2019-02-11 14:30:00,INDEX:NDTH,55.33,55.33,51.45,52.42,0.0
2019-02-12 14:30:00,INDEX:NDTH,57.28,61.16,56.31,58.25,0.0
2019-02-13 14:30:00,INDEX:NDTH,62.13,62.13,57.28,59.22,0.0
2019-02-14 14:30:00,INDEX:NDTH,56.31,60.19,56.31,58.25,0.0
2019-02-15 14:30:00,INDEX:NDTH,61.16,61.16,57.28,58.25,0.0
2019-02-19 14:30:00,INDEX:NDTH,59.22,60.19,58.25,59.22,0.0
2019-02-20 14:30:00,INDEX:NDTH,60.19,61.16,58.25,59.22,0.0
2019-02-21 14:30:00,INDEX:NDTH,59.22,59.22,56.31,56.31,0.0
2019-02-22 14:30:00,INDEX:NDTH,56.31,57.28,56.31,57.28,0.0
2019-02-25 14:30:00,INDEX:NDTH,60.19,62.13,59.22,60.19,0.0
2019-02-26 14:30:00,INDEX:NDTH,58.25,61.16,58.25,60.19,0.0
2019-02-27 14:30:00,INDEX:NDTH,58.25,61.16,56.31,60.19,0.0
2019-02-28 14:30:00,INDEX:NDTH,58.25,62.13,57.28,61.16,0.0
2019-03-01 14:30:00,INDEX:NDTH,63.1,64.07,62.13,63.1,0.0
2019-03-04 14:30:00,INDEX:NDTH,65.04,66.99,58.25,65.04,0.0
2019-03-05 14:30:00,INDEX:NDTH,65.04,66.01,63.1,63.1,0.0
2019-03-06 14:30:00,INDEX:NDTH,65.04,65.04,62.13,62.13,0.0
2019-03-07 14:30:00,INDEX:NDTH,60.19,61.16,56.31,58.25,0.0
2019-03-08 14:30:00,INDEX:NDTH,56.31,57.28,55.33,57.28,0.0
2019-03-11 13:30:00,INDEX:NDTH,57.28,59.22,57.28,59.22,0.0
2019-03-12 13:30:00,INDEX:NDTH,58.25,59.22,57.28,59.22,0.0
2019-03-13 13:30:00,INDEX:NDTH,59.22,60.19,59.22,59.22,0.0
2019-03-14 13:30:00,INDEX:NDTH,58.25,58.25,58.25,58.25,0.0
2019-03-15 13:30:00,INDEX:NDTH,63.1,64.07,61.16,64.07,0.0
2019-03-18 13:30:00,INDEX:NDTH,63.1,65.04,63.1,64.07,0.0
2019-03-19 13:30:00,INDEX:NDTH,65.04,66.99,64.07,65.04,0.0
2019-03-20 13:30:00,INDEX:NDTH,63.1,66.99,60.19,65.04,0.0
2019-03-21 13:30:00,INDEX:NDTH,66.01,70.87,66.01,70.87,0.0
2019-03-22 13:30:00,INDEX:NDTH,69.9,69.9,63.1,63.1,0.0
2019-03-25 13:30:00,INDEX:NDTH,60.19,62.13,56.31,61.16,0.0
2019-03-26 13:30:00,INDEX:NDTH,66.01,66.01,61.16,63.1,0.0
2019-03-27 13:30:00,INDEX:NDTH,63.1,63.1,59.22,60.19,0.0
2019-03-28 13:30:00,INDEX:NDTH,59.22,62.13,58.25,61.16,0.0
2019-03-29 13:30:00,INDEX:NDTH,63.1,63.1,62.13,63.1,0.0
2019-04-01 13:30:00,INDEX:NDTH,66.99,68.93,65.04,68.93,0.0
2019-04-02 13:30:00,INDEX:NDTH,67.96,69.9,67.96,69.9,0.0
2019-04-03 13:30:00,INDEX:NDTH,71.84,75.72,71.84,72.81,0.0
2019-04-04 13:30:00,INDEX:NDTH,72.81,73.78,71.84,72.81,0.0
2019-04-05 13:30:00,INDEX:NDTH,75.72,76.69,75.72,75.72,0.0
2019-04-08 13:30:00,INDEX:NDTH,73.78,75.72,72.81,75.72,0.0
2019-04-09 13:30:00,INDEX:NDTH,72.81,73.78,72.81,73.78,0.0
2019-04-10 13:30:00,INDEX:NDTH,74.75,76.69,73.78,76.69,0.0
2019-04-11 13:30:00,INDEX:NDTH,77.66,77.66,75.72,76.69,0.0
2019-04-12 13:30:00,INDEX:NDTH,77.66,77.66,75.72,75.72,0.0
2019-04-15 13:30:00,INDEX:NDTH,75.72,75.72,74.75,74.75,0.0
2019-04-16 13:30:00,INDEX:NDTH,76.69,77.66,76.69,77.66,0.0
2019-04-17 13:30:00,INDEX:NDTH,76.69,76.69,72.81,73.78,0.0
2019-04-18 13:30:00,INDEX:NDTH,74.75,75.72,71.84,74.75,0.0
2019-04-22 13:30:00,INDEX:NDTH,73.78,75.72,73.78,75.72,0.0
2019-04-23 13:30:00,INDEX:NDTH,75.72,78.64,75.72,78.64,0.0
2019-04-24 13:30:00,INDEX:NDTH,78.64,79.61,76.69,77.66,0.0
2019-04-25 13:30:00,INDEX:NDTH,77.66,79.61,76.69,79.61,0.0
2019-04-26 13:30:00,INDEX:NDTH,75.72,76.69,75.72,76.69,0.0
2019-04-29 13:30:00,INDEX:NDTH,75.72,77.66,75.72,75.72,0.0
2019-04-30 13:30:00,INDEX:NDTH,77.66,77.66,75.72,76.69,0.0
2019-05-01 13:30:00,INDEX:NDTH,78.64,78.64,74.75,74.75,0.0
2019-05-02 13:30:00,INDEX:NDTH,75.72,75.72,74.75,74.75,0.0
2019-05-03 13:30:00,INDEX:NDTH,74.75,75.72,74.75,75.72,0.0
2019-05-06 13:30:00,INDEX:NDTH,75.72,75.72,73.78,75.72,0.0
2019-05-07 13:30:00,INDEX:NDTH,74.75,74.75,72.81,72.81,0.0
2019-05-08 13:30:00,INDEX:NDTH,72.81,73.78,71.84,71.84,0.0
2019-05-09 13:30:00,INDEX:NDTH,69.9,70.87,68.93,70.87,0.0
2019-05-10 13:30:00,INDEX:NDTH,69.9,70.87,67.96,69.9,0.0
2019-05-13 13:30:00,INDEX:NDTH,66.01,66.99,61.16,62.13,0.0
2019-05-14 13:30:00,INDEX:NDTH,62.13,63.1,61.16,62.13,0.0
2019-05-15 13:30:00,INDEX:NDTH,62.13,65.04,62.13,65.04,0.0
2019-05-16 13:30:00,INDEX:NDTH,64.07,66.99,64.07,66.01,0.0
2019-05-17 13:30:00,INDEX:NDTH,66.01,66.99,63.1,63.1,0.0
2019-05-20 13:30:00,INDEX:NDTH,61.16,63.1,58.25,61.16,0.0
2019-05-21 13:30:00,INDEX:NDTH,64.07,66.01,64.07,66.01,0.0
2019-05-22 13:30:00,INDEX:NDTH,66.01,66.01,63.1,65.04,0.0
2019-05-23 13:30:00,INDEX:NDTH,61.16,63.1,58.25,62.13,0.0
2019-05-24 13:30:00,INDEX:NDTH,63.1,63.1,56.31,56.31,0.0
2019-05-28 13:30:00,INDEX:NDTH,58.25,63.1,55.33,56.31,0.0
2019-05-29 13:30:00,INDEX:NDTH,52.42,58.25,51.45,54.36,0.0
2019-05-30 13:30:00,INDEX:NDTH,56.31,56.31,55.33,56.31,0.0
2019-05-31 13:30:00,INDEX:NDTH,52.42,56.31,52.42,53.39,0.0
2019-06-03 13:30:00,INDEX:NDTH,55.33,56.31,51.45,52.42,0.0
2019-06-04 13:30:00,INDEX:NDTH,55.33,61.16,55.33,61.16,0.0
2019-06-05 13:30:00,INDEX:NDTH,62.13,63.1,58.25,62.13,0.0
2019-06-06 13:30:00,INDEX:NDTH,63.1,64.07,63.1,64.07,0.0
2019-06-07 13:30:00,INDEX:NDTH,65.04,66.01,65.04,65.04,0.0
2019-06-10 13:30:00,INDEX:NDTH,66.99,66.99,65.04,65.04,0.0
2019-06-11 13:30:00,INDEX:NDTH,66.99,66.99,66.99,66.99,0.0
2019-06-12 13:30:00,INDEX:NDTH,66.01,66.99,66.01,66.01,0.0
2019-06-13 13:30:00,INDEX:NDTH,66.99,67.96,66.99,66.99,0.0
2019-06-14 13:30:00,INDEX:NDTH,66.99,66.99,66.01,66.99,0.0
2019-06-17 13:30:00,INDEX:NDTH,66.99,66.99,66.01,66.99,0.0
2019-06-18 13:30:00,INDEX:NDTH,67.96,72.81,67.96,70.87,0.0
2019-06-19 13:30:00,INDEX:NDTH,70.87,73.78,69.9,72.81,0.0
2019-06-20 13:30:00,INDEX:NDTH,74.75,74.75,72.81,73.78,0.0
2019-06-21 13:30:00,INDEX:NDTH,74.75,75.72,73.78,74.75,0.0
2019-06-24 13:30:00,INDEX:NDTH,74.75,74.75,74.75,74.75,0.0
2019-06-25 13:30:00,INDEX:NDTH,74.75,74.75,70.87,70.87,0.0
2019-06-26 13:30:00,INDEX:NDTH,73.78,73.78,69.9,69.9,0.0
2019-06-27 13:30:00,INDEX:NDTH,70.87,73.78,70.87,72.81,0.0
2019-06-28 13:30:00,INDEX:NDTH,73.78,77.66,72.81,76.69,0.0
2019-07-01 13:30:00,INDEX:NDTH,80.58,80.58,77.66,78.64,0.0
2019-07-02 13:30:00,INDEX:NDTH,78.64,79.61,78.64,78.64,0.0
2019-07-03 13:30:00,INDEX:NDTH,79.61,81.55,79.61,80.58,0.0
2019-07-05 13:30:00,INDEX:NDTH,80.58,80.58,77.66,80.58,0.0
2019-07-08 13:30:00,INDEX:NDTH,78.64,78.64,76.69,76.69,0.0
2019-07-09 13:30:00,INDEX:NDTH,76.69,81.55,76.69,80.58,0.0
2019-07-10 13:30:00,INDEX:NDTH,81.55,81.55,78.64,80.58,0.0
2019-07-11 13:30:00,INDEX:NDTH,77.66,78.64,77.66,78.64,0.0
2019-07-12 13:30:00,INDEX:NDTH,78.64,79.61,78.64,79.61,0.0
2019-07-15 13:30:00,INDEX:NDTH,79.61,81.55,78.64,79.61,0.0
2019-07-16 13:30:00,INDEX:NDTH,80.58,80.58,78.64,78.64,0.0
2019-07-17 13:30:00,INDEX:NDTH,78.64,80.58,77.66,77.66,0.0
2019-07-18 13:30:00,INDEX:NDTH,77.66,79.61,75.72,78.64,0.0
2019-07-19 13:30:00,INDEX:NDTH,81.55,81.55,76.69,76.69,0.0
2019-07-22 13:30:00,INDEX:NDTH,78.64,78.64,77.66,77.66,0.0
2019-07-23 13:30:00,INDEX:NDTH,77.66,79.61,77.66,79.61,0.0
2019-07-24 13:30:00,INDEX:NDTH,78.64,78.64,77.66,78.64,0.0
2019-07-25 13:30:00,INDEX:NDTH,76.69,76.69,75.72,76.69,0.0
2019-07-26 13:30:00,INDEX:NDTH,76.69,76.69,76.69,76.69,0.0
2019-07-29 13:30:00,INDEX:NDTH,77.66,77.66,77.66,77.66,0.0
2019-07-30 13:30:00,INDEX:NDTH,77.66,77.66,76.69,77.66,0.0
2019-07-31 13:30:00,INDEX:NDTH,78.64,78.64,75.72,76.69,0.0
2019-08-01 13:30:00,INDEX:NDTH,78.64,81.55,74.75,75.72,0.0
2019-08-02 13:30:00,INDEX:NDTH,73.78,73.78,70.87,72.81,0.0
2019-08-05 13:30:00,INDEX:NDTH,63.1,63.1,57.28,58.25,0.0
2019-08-06 13:30:00,INDEX:NDTH,60.19,62.13,58.25,60.19,0.0
2019-08-07 13:30:00,INDEX:NDTH,58.25,63.1,56.31,62.13,0.0
2019-08-08 13:30:00,INDEX:NDTH,64.07,69.9,64.07,69.9,0.0
2019-08-09 13:30:00,INDEX:NDTH,67.96,67.96,63.1,66.01,0.0
2019-08-12 13:30:00,INDEX:NDTH,64.07,64.07,62.13,63.1,0.0
2019-08-13 13:30:00,INDEX:NDTH,63.1,70.87,63.1,67.96,0.0
2019-08-14 13:30:00,INDEX:NDTH,64.07,65.04,61.16,62.13,0.0
2019-08-15 13:30:00,INDEX:NDTH,62.13,62.13,60.19,62.13,0.0
2019-08-16 13:30:00,INDEX:NDTH,63.1,63.1,63.1,63.1,0.0
2019-08-19 13:30:00,INDEX:NDTH,66.99,67.96,66.01,66.99,0.0
2019-08-20 13:30:00,INDEX:NDTH,65.04,67.96,65.04,66.99,0.0
2019-08-21 13:30:00,INDEX:NDTH,68.93,68.93,67.96,68.93,0.0
2019-08-22 13:30:00,INDEX:NDTH,68.93,69.9,66.99,67.96,0.0
2019-08-23 13:30:00,INDEX:NDTH,66.01,66.99,63.1,63.1,0.0
2019-08-26 13:30:00,INDEX:NDTH,66.99,66.99,64.07,66.99,0.0
2019-08-27 13:30:00,INDEX:NDTH,66.99,66.99,64.07,66.01,0.0
2019-08-28 13:30:00,INDEX:NDTH,60.19,66.99,60.19,66.99,0.0
2019-08-29 13:30:00,INDEX:NDTH,66.99,68.93,66.99,66.99,0.0
2019-08-30 13:30:00,INDEX:NDTH,66.99,67.96,66.01,66.01,0.0
2019-09-03 13:30:00,INDEX:NDTH,65.04,65.04,63.1,64.07,0.0
2019-09-04 13:30:00,INDEX:NDTH,66.01,66.01,62.13,64.07,0.0
2019-09-05 13:30:00,INDEX:NDTH,70.87,72.81,68.93,71.84,0.0
2019-09-06 13:30:00,INDEX:NDTH,71.84,71.84,71.84,71.84,0.0
2019-09-09 13:30:00,INDEX:NDTH,69.9,71.84,69.9,71.84,0.0
2019-09-10 13:30:00,INDEX:NDTH,70.87,71.84,68.93,70.87,0.0
2019-09-11 13:30:00,INDEX:NDTH,70.87,74.75,70.87,73.78,0.0
2019-09-12 13:30:00,INDEX:NDTH,74.75,74.75,72.81,73.78,0.0
2019-09-13 13:30:00,INDEX:NDTH,73.78,75.72,73.78,75.72,0.0
2019-09-16 13:30:00,INDEX:NDTH,72.81,74.75,72.81,73.78,0.0
2019-09-17 13:30:00,INDEX:NDTH,73.78,73.78,70.87,71.84,0.0
2019-09-18 13:30:00,INDEX:NDTH,72.81,72.81,70.87,70.87,0.0
2019-09-19 13:30:00,INDEX:NDTH,72.81,72.81,70.87,72.81,0.0
2019-09-20 13:30:00,INDEX:NDTH,73.78,74.75,73.78,73.78,0.0
2019-09-23 13:30:00,INDEX:NDTH,71.84,71.84,67.96,68.93,0.0
2019-09-24 13:30:00,INDEX:NDTH,68.93,69.9,65.04,66.99,0.0
2019-09-25 13:30:00,INDEX:NDTH,64.07,66.01,63.1,66.01,0.0
2019-09-26 13:30:00,INDEX:NDTH,66.01,66.01,65.04,66.01,0.0
2019-09-27 13:30:00,INDEX:NDTH,66.01,66.99,62.13,63.1,0.0
2019-09-30 13:30:00,INDEX:NDTH,64.07,66.01,63.1,64.07,0.0
2019-10-01 13:30:00,INDEX:NDTH,66.01,66.01,61.16,63.1,0.0
2019-10-02 13:30:00,INDEX:NDTH,58.25,58.25,53.39,55.33,0.0
2019-10-03 13:30:00,INDEX:NDTH,56.31,59.22,53.39,59.22,0.0
2019-10-04 13:30:00,INDEX:NDTH,63.1,64.07,61.16,64.07,0.0
2019-10-07 13:30:00,INDEX:NDTH,63.1,63.1,61.16,61.16,0.0
2019-10-08 13:30:00,INDEX:NDTH,60.19,60.19,54.36,54.36,0.0
2019-10-09 13:30:00,INDEX:NDTH,58.25,61.16,58.25,60.19,0.0
2019-10-10 13:30:00,INDEX:NDTH,59.22,61.16,59.22,60.19,0.0
2019-10-11 13:30:00,INDEX:NDTH,62.13,66.01,62.13,62.13,0.0
2019-10-14 13:30:00,INDEX:NDTH,63.1,66.01,62.13,64.07,0.0
2019-10-15 13:30:00,INDEX:NDTH,65.04,68.93,65.04,67.96,0.0
2019-10-16 13:30:00,INDEX:NDTH,67.96,68.93,66.99,67.96,0.0
2019-10-17 13:30:00,INDEX:NDTH,68.93,69.9,66.99,66.99,0.0
2019-10-18 13:30:00,INDEX:NDTH,68.93,68.93,65.04,66.99,0.0
2019-10-21 13:30:00,INDEX:NDTH,67.96,67.96,66.01,66.99,0.0
2019-10-22 13:30:00,INDEX:NDTH,66.99,69.9,66.01,66.99,0.0
2019-10-23 13:30:00,INDEX:NDTH,63.1,66.99,63.1,65.04,0.0
2019-10-24 13:30:00,INDEX:NDTH,66.01,67.96,66.01,66.99,0.0
2019-10-25 13:30:00,INDEX:NDTH,65.04,67.96,65.04,66.99,0.0
2019-10-28 13:30:00,INDEX:NDTH,69.9,69.9,66.99,69.9,0.0
2019-10-29 13:30:00,INDEX:NDTH,68.93,68.93,66.01,66.01,0.0
2019-10-30 13:30:00,INDEX:NDTH,66.01,69.9,65.04,69.9,0.0
2019-10-31 13:30:00,INDEX:NDTH,68.93,68.93,65.04,66.99,0.0
2019-11-01 13:30:00,INDEX:NDTH,69.9,69.9,66.99,69.9,0.0
2019-11-04 14:30:00,INDEX:NDTH,72.81,73.78,70.87,71.84,0.0
2019-11-05 14:30:00,INDEX:NDTH,70.87,72.81,69.9,70.29,0.0
2019-11-06 14:30:00,INDEX:NDTH,71.28,72.27,70.29,71.28,0.0
2019-11-07 14:30:00,INDEX:NDTH,72.27,74.25,68.31,69.3,0.0
2019-11-08 14:30:00,INDEX:NDTH,71.28,72.27,69.3,71.28,0.0
2019-11-11 14:30:00,INDEX:NDTH,69.3,71.28,69.3,70.29,0.0
2019-11-12 14:30:00,INDEX:NDTH,71.28,73.26,69.3,72.27,0.0
2019-11-13 14:30:00,INDEX:NDTH,70.29,72.27,70.29,71.28,0.0
2019-11-14 14:30:00,INDEX:NDTH,71.28,72.27,70.29,70.29,0.0
2019-11-15 14:30:00,INDEX:NDTH,70.29,73.26,70.29,72.27,0.0
2019-11-18 14:30:00,INDEX:NDTH,72.27,72.27,70.29,70.29,0.0
2019-11-19 14:30:00,INDEX:NDTH,70.29,74.25,70.29,71.28,0.0
2019-11-20 14:30:00,INDEX:NDTH,70.29,72.27,68.31,70.29,0.0
2019-11-21 14:30:00,INDEX:NDTH,70.29,71.28,67.32,69.3,0.0
2019-11-22 14:30:00,INDEX:NDTH,72.27,74.25,72.27,73.0,0.0
2019-11-25 14:30:00,INDEX:NDTH,73.0,74.0,73.0,74.0,0.0
2019-11-26 14:30:00,INDEX:NDTH,72.0,75.0,72.0,73.0,0.0
2019-11-27 14:30:00,INDEX:NDTH,75.0,78.0,75.0,77.0,0.0
2019-11-29 14:30:00,INDEX:NDTH,76.0,76.0,74.0,74.0,0.0
2019-12-02 14:30:00,INDEX:NDTH,72.0,73.0,70.0,71.84,0.0
2019-12-03 14:30:00,INDEX:NDTH,66.01,67.96,65.04,66.99,0.0
2019-12-04 14:30:00,INDEX:NDTH,70.87,71.84,69.9,70.87,0.0
2019-12-05 14:30:00,INDEX:NDTH,70.87,70.87,68.93,69.9,0.0
2019-12-06 14:30:00,INDEX:NDTH,71.84,73.78,71.84,72.81,0.0
2019-12-09 14:30:00,INDEX:NDTH,72.81,73.78,70.87,70.87,0.0
2019-12-10 14:30:00,INDEX:NDTH,68.93,69.9,66.99,67.96,0.0
2019-12-11 14:30:00,INDEX:NDTH,68.93,69.9,68.93,69.9,0.0
2019-12-12 14:30:00,INDEX:NDTH,71.84,72.81,71.84,72.81,0.0
2019-12-13 14:30:00,INDEX:NDTH,75.72,77.66,73.78,76.69,0.0
2019-12-16 14:30:00,INDEX:NDTH,78.64,78.64,76.69,77.66,0.0
2019-12-17 14:30:00,INDEX:NDTH,76.69,76.69,75.72,75.72,0.0
2019-12-18 14:30:00,INDEX:NDTH,75.72,78.64,75.72,77.66,0.0
2019-12-19 14:30:00,INDEX:NDTH,78.64,80.58,76.69,79.61,0.0
2019-12-20 14:30:00,INDEX:NDTH,80.58,82.52,80.58,81.55,0.0
2019-12-23 14:30:00,INDEX:NDTH,82.52,82.52,81.55,82.52,0.0
2019-12-24 14:30:00,INDEX:NDTH,82.52,82.52,82.52,82.52,0.0
2019-12-26 14:30:00,INDEX:NDTH,82.52,83.49,81.55,83.49,0.0
2019-12-27 14:30:00,INDEX:NDTH,83.49,83.49,82.52,83.49,0.0
2019-12-30 14:30:00,INDEX:NDTH,82.52,82.52,78.64,78.64,0.0
2019-12-31 14:30:00,INDEX:NDTH,80.58,80.58,77.66,79.61,0.0
2020-01-02 14:30:00,INDEX:NDTH,83.49,85.43,80.58,85.43,0.0
2020-01-03 14:30:00,INDEX:NDTH,80.58,83.49,79.61,83.49,0.0
2020-01-06 14:30:00,INDEX:NDTH,84.46,84.46,82.52,83.49,0.0
2020-01-07 14:30:00,INDEX:NDTH,83.49,84.46,83.49,83.49,0.0
2020-01-08 14:30:00,INDEX:NDTH,83.49,85.43,82.52,84.46,0.0
2020-01-09 14:30:00,INDEX:NDTH,84.46,85.43,83.49,84.46,0.0
2020-01-10 14:30:00,INDEX:NDTH,83.49,84.46,82.52,82.52,0.0
2020-01-13 14:30:00,INDEX:NDTH,82.52,82.52,82.52,82.52,0.0
2020-01-14 14:30:00,INDEX:NDTH,83.49,84.46,83.49,83.49,0.0
2020-01-15 14:30:00,INDEX:NDTH,84.46,84.46,83.49,84.46,0.0
2020-01-16 14:30:00,INDEX:NDTH,84.46,84.46,84.46,84.46,0.0
2020-01-17 14:30:00,INDEX:NDTH,84.46,85.43,84.46,85.43,0.0
2020-01-21 14:30:00,INDEX:NDTH,82.52,84.46,82.52,84.46,0.0
2020-01-22 14:30:00,INDEX:NDTH,84.46,84.46,83.49,83.49,0.0
2020-01-23 14:30:00,INDEX:NDTH,82.52,83.49,82.52,83.49,0.0
2020-01-24 14:30:00,INDEX:NDTH,85.43,85.43,81.55,83.49,0.0
2020-01-27 14:30:00,INDEX:NDTH,78.64,81.55,77.66,80.58,0.0
2020-01-28 14:30:00,INDEX:NDTH,80.58,83.49,80.58,82.52,0.0
2020-01-29 14:30:00,INDEX:NDTH,82.52,82.52,78.64,79.61,0.0
2020-01-30 14:30:00,INDEX:NDTH,78.64,79.61,75.72,79.61,0.0
2020-01-31 14:30:00,INDEX:NDTH,77.66,77.66,75.72,75.72,0.0
2020-02-03 14:30:00,INDEX:NDTH,76.69,79.61,76.69,77.66,0.0
2020-02-04 14:30:00,INDEX:NDTH,80.58,82.52,80.58,82.52,0.0
2020-02-05 14:30:00,INDEX:NDTH,81.55,83.49,81.55,83.49,0.0
2020-02-06 14:30:00,INDEX:NDTH,82.52,84.46,82.52,83.49,0.0
2020-02-07 14:30:00,INDEX:NDTH,81.55,81.55,80.58,80.58,0.0
2020-02-10 14:30:00,INDEX:NDTH,79.61,81.55,79.61,81.55,0.0
2020-02-11 14:30:00,INDEX:NDTH,83.49,84.46,83.49,84.46,0.0
2020-02-12 14:30:00,INDEX:NDTH,85.43,85.43,85.43,85.43,0.0
2020-02-13 14:30:00,INDEX:NDTH,83.49,83.49,83.49,83.49,0.0
2020-02-14 14:30:00,INDEX:NDTH,84.46,85.43,83.49,84.46,0.0
2020-02-18 14:30:00,INDEX:NDTH,84.46,84.46,83.49,83.49,0.0
2020-02-19 14:30:00,INDEX:NDTH,83.49,85.43,83.49,84.46,0.0
2020-02-20 14:30:00,INDEX:NDTH,83.49,85.43,82.52,83.49,0.0
2020-02-21 14:30:00,INDEX:NDTH,83.49,83.49,80.58,81.55,0.0
2020-02-24 14:30:00,INDEX:NDTH,75.72,76.69,69.9,69.9,0.0
2020-02-25 14:30:00,INDEX:NDTH,70.87,70.87,63.1,63.1,0.0
2020-02-26 14:30:00,INDEX:NDTH,65.04,68.93,60.19,61.16,0.0
2020-02-27 14:30:00,INDEX:NDTH,54.36,60.19,48.54,48.54,0.0
2020-02-28 14:30:00,INDEX:NDTH,35.92,43.68,33.98,43.68,0.0
2020-03-02 14:30:00,INDEX:NDTH,43.68,59.22,43.68,59.22,0.0
2020-03-03 14:30:00,INDEX:NDTH,57.28,62.13,48.54,52.42,0.0
2020-03-04 14:30:00,INDEX:NDTH,56.31,61.16,55.33,61.16,0.0
2020-03-05 14:30:00,INDEX:NDTH,56.31,57.28,54.36,54.36,0.0
2020-03-06 14:30:00,INDEX:NDTH,47.57,53.39,39.8,51.45,0.0
2020-03-09 13:30:00,INDEX:NDTH,28.15,31.06,24.27,24.27,0.0
2020-03-10 13:30:00,INDEX:NDTH,29.12,36.89,24.27,36.89,0.0
2020-03-11 13:30:00,INDEX:NDTH,28.15,30.09,23.3,25.24,0.0
2020-03-12 13:30:00,INDEX:NDTH,14.56,21.35,13.59,13.59,0.0
2020-03-13 13:30:00,INDEX:NDTH,14.56,28.15,11.65,28.15,0.0
2020-03-16 13:30:00,INDEX:NDTH,14.56,18.44,8.73,8.73,0.0
2020-03-17 13:30:00,INDEX:NDTH,8.73,18.44,8.73,18.44,0.0
2020-03-18 13:30:00,INDEX:NDTH,11.65,15.53,6.79,10.67,0.0
2020-03-19 13:30:00,INDEX:NDTH,9.7,17.47,9.7,15.53,0.0
2020-03-20 13:30:00,INDEX:NDTH,15.53,17.47,10.67,10.67,0.0
2020-03-23 13:30:00,INDEX:NDTH,14.56,14.56,9.7,14.56,0.0
2020-03-24 13:30:00,INDEX:NDTH,16.5,17.47,12.62,17.47,0.0
2020-03-25 13:30:00,INDEX:NDTH,18.44,20.38,13.59,14.56,0.0
2020-03-26 13:30:00,INDEX:NDTH,19.41,24.27,17.47,24.27,0.0
2020-03-27 13:30:00,INDEX:NDTH,17.47,20.38,15.53,15.53,0.0
2020-03-30 13:30:00,INDEX:NDTH,19.41,23.3,18.44,23.3,0.0
2020-03-31 13:30:00,INDEX:NDTH,21.35,24.27,20.38,20.38,0.0
2020-04-01 13:30:00,INDEX:NDTH,16.5,19.41,16.5,16.5,0.0
2020-04-02 13:30:00,INDEX:NDTH,16.5,17.47,16.5,17.47,0.0
2020-04-03 13:30:00,INDEX:NDTH,19.41,19.41,17.47,17.47,0.0
2020-04-06 13:30:00,INDEX:NDTH,21.35,27.18,21.35,27.18,0.0
2020-04-07 13:30:00,INDEX:NDTH,27.18,33.0,25.24,27.18,0.0
2020-04-08 13:30:00,INDEX:NDTH,26.21,31.06,26.21,30.09,0.0
2020-04-09 13:30:00,INDEX:NDTH,33.98,36.89,29.12,30.09,0.0
2020-04-13 13:30:00,INDEX:NDTH,30.09,32.03,28.15,32.03,0.0
2020-04-14 13:30:00,INDEX:NDTH,36.89,43.68,36.89,41.74,0.0
2020-04-15 13:30:00,INDEX:NDTH,36.89,40.77,34.95,39.8,0.0
2020-04-16 13:30:00,INDEX:NDTH,39.8,45.63,37.86,45.63,0.0
2020-04-17 13:30:00,INDEX:NDTH,49.51,50.48,45.63,49.51,0.0
2020-04-20 13:30:00,INDEX:NDTH,44.66,50.48,44.66,45.63,0.0
2020-04-21 13:30:00,INDEX:NDTH,38.83,39.8,33.98,34.95,0.0
2020-04-22 13:30:00,INDEX:NDTH,39.8,44.66,38.83,42.71,0.0
2020-04-23 13:30:00,INDEX:NDTH,44.66,46.6,40.77,41.74,0.0
2020-04-24 13:30:00,INDEX:NDTH,42.71,45.63,41.74,45.63,0.0
2020-04-27 13:30:00,INDEX:NDTH,48.54,49.51,45.63,46.6,0.0
2020-04-28 13:30:00,INDEX:NDTH,51.45,51.45,43.68,43.68,0.0
2020-04-29 13:30:00,INDEX:NDTH,48.54,57.28,48.54,55.33,0.0
2020-04-30 13:30:00,INDEX:NDTH,51.45,52.42,47.57,47.57,0.0
2020-05-01 13:30:00,INDEX:NDTH,44.66,46.6,43.68,45.63,0.0
2020-05-04 13:30:00,INDEX:NDTH,45.63,49.51,45.63,48.54,0.0
2020-05-05 13:30:00,INDEX:NDTH,49.51,51.45,48.54,48.54,0.0
2020-05-06 13:30:00,INDEX:NDTH,48.54,52.42,48.54,51.45,0.0
2020-05-07 13:30:00,INDEX:NDTH,53.39,53.39,50.48,50.48,0.0
2020-05-08 13:30:00,INDEX:NDTH,50.48,56.31,50.48,54.36,0.0
2020-05-11 13:30:00,INDEX:NDTH,54.36,58.25,52.42,54.36,0.0
2020-05-12 13:30:00,INDEX:NDTH,54.36,58.25,50.48,50.48,0.0
2020-05-13 13:30:00,INDEX:NDTH,50.48,52.42,47.57,50.48,0.0
2020-05-14 13:30:00,INDEX:NDTH,48.54,53.39,46.6,53.39,0.0
2020-05-15 13:30:00,INDEX:NDTH,51.45,53.39,49.51,52.42,0.0
2020-05-18 13:30:00,INDEX:NDTH,57.28,58.25,55.33,56.31,0.0
2020-05-19 13:30:00,INDEX:NDTH,56.31,59.22,55.33,55.33,0.0
2020-05-20 13:30:00,INDEX:NDTH,59.22,64.07,59.22,61.16,0.0
2020-05-21 13:30:00,INDEX:NDTH,59.22,59.22,55.33,55.33,0.0
2020-05-22 13:30:00,INDEX:NDTH,55.33,58.25,55.33,57.28,0.0
2020-05-26 13:30:00,INDEX:NDTH,63.1,66.99,63.1,63.1,0.0
2020-05-27 13:30:00,INDEX:NDTH,64.07,67.96,59.22,67.96,0.0
2020-05-28 13:30:00,INDEX:NDTH,67.96,71.84,66.01,67.96,0.0
2020-05-29 13:30:00,INDEX:NDTH,66.01,71.84,66.01,71.84,0.0
2020-06-01 13:30:00,INDEX:NDTH,69.9,71.84,69.9,70.87,0.0
2020-06-02 13:30:00,INDEX:NDTH,70.87,75.72,70.87,74.75,0.0
2020-06-03 13:30:00,INDEX:NDTH,75.72,77.66,74.75,77.66,0.0
2020-06-04 13:30:00,INDEX:NDTH,76.69,79.61,75.72,76.69,0.0
2020-06-05 13:30:00,INDEX:NDTH,82.52,86.4,82.52,83.49,0.0
2020-06-08 13:30:00,INDEX:NDTH,84.46,88.34,84.46,88.34,0.0
2020-06-09 13:30:00,INDEX:NDTH,86.4,86.4,78.64,78.64,0.0
2020-06-10 13:30:00,INDEX:NDTH,78.64,79.61,76.69,77.66,0.0
2020-06-11 13:30:00,INDEX:NDTH,75.72,75.72,65.04,65.04,0.0
2020-06-12 13:30:00,INDEX:NDTH,72.81,72.81,62.13,66.99,0.0
2020-06-15 13:30:00,INDEX:NDTH,62.13,70.87,62.13,69.9,0.0
2020-06-16 13:30:00,INDEX:NDTH,75.72,75.72,71.84,73.78,0.0
2020-06-17 13:30:00,INDEX:NDTH,73.78,74.75,72.81,73.78,0.0
2020-06-18 13:30:00,INDEX:NDTH,73.78,73.78,70.87,73.78,0.0
2020-06-19 13:30:00,INDEX:NDTH,76.69,77.66,70.87,71.84,0.0
2020-06-22 13:30:00,INDEX:NDTH,70.87,72.81,70.87,71.84,0.0
2020-06-23 13:30:00,INDEX:NDTH,73.78,74.75,73.78,73.78,0.0
2020-06-24 13:30:00,INDEX:NDTH,71.84,71.84,66.99,68.93,0.0
2020-06-25 13:30:00,INDEX:NDTH,66.99,71.84,65.04,70.87,0.0
2020-06-26 13:30:00,INDEX:NDTH,69.9,69.9,63.1,64.07,0.0
2020-06-29 13:30:00,INDEX:NDTH,64.07,71.84,64.07,71.84,0.0
2020-06-30 13:30:00,INDEX:NDTH,70.87,72.81,68.93,72.81,0.0
2020-07-01 13:30:00,INDEX:NDTH,72.81,74.75,71.84,73.78,0.0
2020-07-02 13:30:00,INDEX:NDTH,77.66,77.66,75.72,75.72,0.0
2020-07-06 13:30:00,INDEX:NDTH,77.66,78.64,74.75,75.72,0.0
2020-07-07 13:30:00,INDEX:NDTH,74.75,76.69,74.75,74.75,0.0
2020-07-08 13:30:00,INDEX:NDTH,75.72,76.69,72.81,75.72,0.0
2020-07-09 13:30:00,INDEX:NDTH,73.78,74.75,71.84,72.81,0.0
2020-07-10 13:30:00,INDEX:NDTH,72.81,76.69,72.81,76.69,0.0
2020-07-13 13:30:00,INDEX:NDTH,76.69,77.66,75.72,75.72,0.0
2020-07-14 13:30:00,INDEX:NDTH,75.72,78.64,72.81,77.66,0.0
2020-07-15 13:30:00,INDEX:NDTH,82.52,82.52,80.58,80.58,0.0
2020-07-16 13:30:00,INDEX:NDTH,80.58,81.55,78.64,81.55,0.0
2020-07-17 13:30:00,INDEX:NDTH,81.55,81.55,80.58,81.55,0.0
2020-07-20 13:30:00,INDEX:NDTH,80.58,80.58,80.58,80.58,0.0
2020-07-21 13:30:00,INDEX:NDTH,80.58,82.52,80.58,81.55,0.0
2020-07-22 13:30:00,INDEX:NDTH,81.55,81.55,80.58,81.55,0.0
2020-07-23 13:30:00,INDEX:NDTH,81.55,82.52,80.58,81.55,0.0
2020-07-24 13:30:00,INDEX:NDTH,79.61,79.61,79.61,79.61,0.0
2020-07-27 13:30:00,INDEX:NDTH,79.61,80.58,79.61,80.58,0.0
2020-07-28 13:30:00,INDEX:NDTH,79.61,80.58,79.61,80.58,0.0
2020-07-29 13:30:00,INDEX:NDTH,80.58,80.58,79.61,80.58,0.0
2020-07-30 13:30:00,INDEX:NDTH,79.61,80.58,79.61,80.58,0.0
2020-07-31 13:30:00,INDEX:NDTH,78.64,78.64,76.69,77.66,0.0
2020-08-03 13:30:00,INDEX:NDTH,77.66,79.61,77.66,79.61,0.0
2020-08-04 13:30:00,INDEX:NDTH,78.64,78.64,77.66,78.64,0.0
2020-08-05 13:30:00,INDEX:NDTH,77.66,78.64,77.66,77.66,0.0
2020-08-06 13:30:00,INDEX:NDTH,78.64,78.64,76.69,77.66,0.0
2020-08-07 13:30:00,INDEX:NDTH,78.64,79.61,78.64,79.61,0.0
2020-08-10 13:30:00,INDEX:NDTH,79.61,79.61,79.61,79.61,0.0
2020-08-11 13:30:00,INDEX:NDTH,80.58,81.55,78.64,78.64,0.0
2020-08-12 13:30:00,INDEX:NDTH,79.61,80.58,78.64,80.58,0.0
2020-08-13 13:30:00,INDEX:NDTH,78.64,79.61,77.66,77.66,0.0
2020-08-14 13:30:00,INDEX:NDTH,77.66,77.66,76.69,76.69,0.0
2020-08-17 13:30:00,INDEX:NDTH,77.66,77.66,77.66,77.66,0.0
2020-08-18 13:30:00,INDEX:NDTH,77.66,78.64,77.66,77.66,0.0
2020-08-19 13:30:00,INDEX:NDTH,76.69,76.69,76.69,76.69,0.0
2020-08-20 13:30:00,INDEX:NDTH,76.69,77.66,76.69,77.66,0.0
2020-08-21 13:30:00,INDEX:NDTH,77.66,77.66,76.69,77.66,0.0
2020-08-24 13:30:00,INDEX:NDTH,77.66,78.64,77.66,77.66,0.0
2020-08-25 13:30:00,INDEX:NDTH,78.64,78.64,78.64,78.64,0.0
2020-08-26 13:30:00,INDEX:NDTH,78.64,79.61,78.64,78.64,0.0
2020-08-27 13:30:00,INDEX:NDTH,79.61,81.55,78.64,81.55,0.0
2020-08-28 13:30:00,INDEX:NDTH,82.52,82.52,82.52,82.52,0.0
2020-08-31 13:30:00,INDEX:NDTH,82.52,82.52,82.52,82.52,0.0
2020-09-01 13:30:00,INDEX:NDTH,81.55,83.49,80.58,83.49,0.0
2020-09-02 13:30:00,INDEX:NDTH,83.49,83.49,83.49,83.49,0.0
2020-09-03 13:30:00,INDEX:NDTH,83.49,83.49,82.52,83.49,0.0
2020-09-04 13:30:00,INDEX:NDTH,83.49,83.49,80.58,83.49,0.0
2020-09-08 13:30:00,INDEX:NDTH,78.64,80.58,77.66,77.66,0.0
2020-09-09 13:30:00,INDEX:NDTH,78.64,81.55,78.64,79.61,0.0
2020-09-10 13:30:00,INDEX:NDTH,81.55,81.55,74.75,76.69,0.0
2020-09-11 13:30:00,INDEX:NDTH,78.64,81.55,73.78,75.72,0.0
2020-09-14 13:30:00,INDEX:NDTH,81.55,83.49,80.58,81.55,0.0
2020-09-15 13:30:00,INDEX:NDTH,83.49,83.49,82.52,82.52,0.0
2020-09-16 13:30:00,INDEX:NDTH,83.49,86.4,83.49,83.49,0.0
2020-09-17 13:30:00,INDEX:NDTH,77.66,81.55,76.69,81.55,0.0
2020-09-18 13:30:00,INDEX:NDTH,81.55,81.55,76.69,78.64,0.0
2020-09-21 13:30:00,INDEX:NDTH,72.81,73.78,70.87,72.81,0.0
2020-09-22 13:30:00,INDEX:NDTH,74.75,75.72,72.81,74.75,0.0
2020-09-23 13:30:00,INDEX:NDTH,75.72,75.72,69.9,69.9,0.0
2020-09-24 13:30:00,INDEX:NDTH,67.96,74.75,66.99,72.81,0.0
2020-09-25 13:30:00,INDEX:NDTH,71.84,75.72,69.9,75.72,0.0
2020-09-28 13:30:00,INDEX:NDTH,78.64,81.55,77.66,81.55,0.0
2020-09-29 13:30:00,INDEX:NDTH,82.52,82.52,80.58,80.58,0.0
2020-09-30 13:30:00,INDEX:NDTH,79.61,82.52,78.64,80.58,0.0
2020-10-01 13:30:00,INDEX:NDTH,81.55,81.55,79.61,81.55,0.0
2020-10-02 13:30:00,INDEX:NDTH,79.61,80.58,76.69,79.61,0.0
2020-10-05 13:30:00,INDEX:NDTH,81.55,83.49,78.64,83.49,0.0
2020-10-06 13:30:00,INDEX:NDTH,83.49,86.4,78.64,78.64,0.0
2020-10-07 13:30:00,INDEX:NDTH,80.58,86.4,80.58,83.49,0.0
2020-10-08 13:30:00,INDEX:NDTH,87.37,87.37,85.43,87.37,0.0
2020-10-09 13:30:00,INDEX:NDTH,90.29,91.26,88.34,90.29,0.0
2020-10-12 13:30:00,INDEX:NDTH,90.29,91.26,90.29,91.26,0.0
2020-10-13 13:30:00,INDEX:NDTH,91.26,91.26,89.32,89.32,0.0
2020-10-14 13:30:00,INDEX:NDTH,89.32,89.32,88.34,88.34,0.0
2020-10-15 13:30:00,INDEX:NDTH,85.43,86.4,84.46,85.43,0.0
2020-10-16 13:30:00,INDEX:NDTH,87.37,87.37,85.43,85.43,0.0
2020-10-19 13:30:00,INDEX:NDTH,86.4,87.37,79.61,79.61,0.0
2020-10-20 13:30:00,INDEX:NDTH,81.55,83.49,80.58,81.55,0.0
2020-10-21 13:30:00,INDEX:NDTH,81.55,84.46,80.58,82.52,0.0
2020-10-22 13:30:00,INDEX:NDTH,81.55,84.46,79.61,84.46,0.0
2020-10-23 13:30:00,INDEX:NDTH,83.49,84.46,80.58,83.49,0.0
2020-10-26 13:30:00,INDEX:NDTH,79.61,79.61,77.66,78.64,0.0
2020-10-27 13:30:00,INDEX:NDTH,77.66,79.61,77.66,78.64,0.0
2020-10-28 13:30:00,INDEX:NDTH,75.72,75.72,72.81,72.81,0.0
2020-10-29 13:30:00,INDEX:NDTH,72.81,75.72,70.87,73.78,0.0
2020-10-30 13:30:00,INDEX:NDTH,72.81,72.81,70.87,71.84,0.0
2020-11-02 14:30:00,INDEX:NDTH,74.75,75.72,71.84,75.72,0.0
2020-11-03 14:30:00,INDEX:NDTH,77.66,78.64,75.72,76.69,0.0
2020-11-04 14:30:00,INDEX:NDTH,78.64,85.43,78.64,83.49,0.0
2020-11-05 14:30:00,INDEX:NDTH,85.43,86.4,82.52,84.46,0.0
2020-11-06 14:30:00,INDEX:NDTH,84.46,84.46,83.49,84.46,0.0
2020-11-09 14:30:00,INDEX:NDTH,84.46,85.43,83.49,83.49,0.0
2020-11-10 14:30:00,INDEX:NDTH,81.55,84.46,81.55,84.46,0.0
2020-11-11 14:30:00,INDEX:NDTH,84.46,85.43,83.49,83.49,0.0
2020-11-12 14:30:00,INDEX:NDTH,83.49,85.43,83.49,83.49,0.0
2020-11-13 14:30:00,INDEX:NDTH,85.43,86.4,85.43,86.4,0.0
2020-11-16 14:30:00,INDEX:NDTH,86.4,87.37,86.4,87.37,0.0
2020-11-17 14:30:00,INDEX:NDTH,84.46,86.4,84.46,86.4,0.0
2020-11-18 14:30:00,INDEX:NDTH,85.43,86.4,84.46,84.46,0.0
2020-11-19 14:30:00,INDEX:NDTH,84.46,85.43,84.46,85.43,0.0
2020-11-20 14:30:00,INDEX:NDTH,85.43,86.4,85.43,85.43,0.0
2020-11-23 14:30:00,INDEX:NDTH,86.4,86.4,85.43,85.43,0.0
2020-11-24 14:30:00,INDEX:NDTH,85.43,86.4,85.43,86.4,0.0
2020-11-25 14:30:00,INDEX:NDTH,86.4,87.37,86.4,86.4,0.0
2020-11-27 14:30:00,INDEX:NDTH,87.37,87.37,87.37,87.37,0.0
2020-11-30 14:30:00,INDEX:NDTH,87.37,87.37,87.37,87.37,0.0
2020-12-01 14:30:00,INDEX:NDTH,87.37,88.34,87.37,88.34,0.0
2020-12-02 14:30:00,INDEX:NDTH,88.34,88.34,88.34,88.34,0.0
2020-12-03 14:30:00,INDEX:NDTH,87.37,88.34,87.37,88.34,0.0
2020-12-04 14:30:00,INDEX:NDTH,88.34,89.32,88.34,88.34,0.0
2020-12-07 14:30:00,INDEX:NDTH,88.34,89.32,88.34,89.32,0.0
2020-12-08 14:30:00,INDEX:NDTH,88.34,89.32,88.34,88.34,0.0
2020-12-09 14:30:00,INDEX:NDTH,88.34,88.34,88.34,88.34,0.0
2020-12-10 14:30:00,INDEX:NDTH,88.34,88.34,88.34,88.34,0.0
2020-12-11 14:30:00,INDEX:NDTH,88.34,88.34,88.34,88.34,0.0
2020-12-14 14:30:00,INDEX:NDTH,88.34,88.34,88.34,88.34,0.0
2020-12-15 14:30:00,INDEX:NDTH,88.34,88.34,88.34,88.34,0.0
2020-12-16 14:30:00,INDEX:NDTH,89.32,89.32,87.37,87.37,0.0
2020-12-17 14:30:00,INDEX:NDTH,87.37,89.32,87.37,89.32,0.0
2020-12-18 14:30:00,INDEX:NDTH,89.32,89.32,87.37,88.34,0.0
2020-12-21 14:30:00,INDEX:NDTH,87.37,88.34,87.37,88.34,0.0
2020-12-22 14:30:00,INDEX:NDTH,87.37,87.37,87.37,87.37,0.0
2020-12-23 14:30:00,INDEX:NDTH,88.34,88.34,88.34,88.34,0.0
2020-12-24 14:30:00,INDEX:NDTH,88.34,88.34,88.34,88.34,0.0
2020-12-28 14:30:00,INDEX:NDTH,87.37,87.37,87.37,87.37,0.0
2020-12-29 14:30:00,INDEX:NDTH,87.37,87.37,87.37,87.37,0.0
2020-12-30 14:30:00,INDEX:NDTH,87.37,87.37,87.37,87.37,0.0
2020-12-31 14:30:00,INDEX:NDTH,87.37,89.21,87.37,89.21,0.0
2021-01-04 14:30:00,INDEX:NDTH,89.21,89.21,88.23,89.21,0.0
2021-01-05 14:30:00,INDEX:NDTH,89.21,89.21,89.21,89.21,0.0
2021-01-06 14:30:00,INDEX:NDTH,88.23,90.19,88.23,89.21,0.0
2021-01-07 14:30:00,INDEX:NDTH,89.21,90.19,89.21,89.21,0.0
2021-01-08 14:30:00,INDEX:NDTH,90.19,91.17,90.19,91.17,0.0
2021-01-11 14:30:00,INDEX:NDTH,89.21,90.19,89.21,90.19,0.0
2021-01-12 14:30:00,INDEX:NDTH,90.19,91.17,89.21,90.19,0.0
2021-01-13 14:30:00,INDEX:NDTH,91.17,91.17,90.19,90.19,0.0
2021-01-14 14:30:00,INDEX:NDTH,90.19,91.17,89.21,89.21,0.0
2021-01-15 14:30:00,INDEX:NDTH,89.21,91.17,88.23,88.23,0.0
2021-01-19 14:30:00,INDEX:NDTH,89.21,91.17,89.21,91.17,0.0
2021-01-20 14:30:00,INDEX:NDTH,91.17,91.17,91.17,91.17,0.0
2021-01-21 14:30:00,INDEX:NDTH,91.17,91.17,90.19,91.17,0.0
2021-01-22 14:30:00,INDEX:NDTH,91.17,91.17,91.17,91.17,0.0
2021-01-25 14:30:00,INDEX:NDTH,91.17,92.15,91.17,92.15,0.0
2021-01-26 14:30:00,INDEX:NDTH,92.15,92.15,91.17,91.17,0.0
2021-01-27 14:30:00,INDEX:NDTH,87.25,89.21,87.25,87.25,0.0
2021-01-28 14:30:00,INDEX:NDTH,89.21,89.21,88.23,88.23,0.0
2021-01-29 14:30:00,INDEX:NDTH,87.25,89.21,86.27,87.25,0.0
2021-02-01 14:30:00,INDEX:NDTH,88.23,90.19,87.25,89.21,0.0
2021-02-02 14:30:00,INDEX:NDTH,89.21,92.15,89.21,91.17,0.0
2021-02-03 14:30:00,INDEX:NDTH,89.21,92.15,88.23,88.23,0.0
2021-02-04 14:30:00,INDEX:NDTH,88.23,90.19,88.23,89.21,0.0
2021-02-05 14:30:00,INDEX:NDTH,90.19,90.19,88.23,90.19,0.0
2021-02-08 14:30:00,INDEX:NDTH,91.17,92.15,89.21,92.15,0.0
2021-02-09 14:30:00,INDEX:NDTH,90.19,90.19,89.21,89.21,0.0
2021-02-10 14:30:00,INDEX:NDTH,91.17,92.15,87.25,89.21,0.0
2021-02-11 14:30:00,INDEX:NDTH,90.19,90.19,87.25,88.23,0.0
2021-02-12 14:30:00,INDEX:NDTH,89.21,89.21,87.25,87.25,0.0
2021-02-16 14:30:00,INDEX:NDTH,87.25,87.25,85.29,85.29,0.0
2021-02-17 14:30:00,INDEX:NDTH,86.27,87.25,85.29,86.27,0.0
2021-02-18 14:30:00,INDEX:NDTH,86.27,87.25,84.31,87.25,0.0
2021-02-19 14:30:00,INDEX:NDTH,87.25,87.25,86.27,86.27,0.0
2021-02-22 14:30:00,INDEX:NDTH,85.29,85.29,84.31,84.31,0.0
2021-02-23 14:30:00,INDEX:NDTH,80.39,84.31,80.39,84.31,0.0
2021-02-24 14:30:00,INDEX:NDTH,82.35,83.33,82.35,83.33,0.0
2021-02-25 14:30:00,INDEX:NDTH,82.35,82.35,77.45,77.45,0.0
2021-02-26 14:30:00,INDEX:NDTH,80.39,82.35,77.45,77.45,0.0
2021-03-01 14:30:00,INDEX:NDTH,80.39,83.33,80.39,82.35,0.0
2021-03-02 14:30:00,INDEX:NDTH,82.35,83.33,79.41,80.39,0.0
2021-03-03 14:30:00,INDEX:NDTH,78.43,78.43,72.54,72.54,0.0
2021-03-04 14:30:00,INDEX:NDTH,73.52,75.49,64.7,67.64,0.0
2021-03-05 14:30:00,INDEX:NDTH,65.68,73.52,60.78,71.56,0.0
2021-03-08 14:30:00,INDEX:NDTH,74.5,74.5,61.76,61.76,0.0
2021-03-09 14:30:00,INDEX:NDTH,68.62,75.49,68.62,73.52,0.0
2021-03-10 14:30:00,INDEX:NDTH,74.5,76.47,73.52,74.5,0.0
2021-03-11 14:30:00,INDEX:NDTH,77.45,78.43,76.47,78.43,0.0
2021-03-12 14:30:00,INDEX:NDTH,77.45,77.45,75.49,75.49,0.0
2021-03-15 13:30:00,INDEX:NDTH,75.49,77.45,75.49,77.45,0.0
2021-03-16 13:30:00,INDEX:NDTH,79.41,81.37,77.45,78.43,0.0
2021-03-17 13:30:00,INDEX:NDTH,77.45,78.43,76.47,77.45,0.0
2021-03-18 13:30:00,INDEX:NDTH,76.47,76.47,73.52,73.52,0.0
2021-03-19 13:30:00,INDEX:NDTH,73.52,76.47,72.54,75.49,0.0
2021-03-22 13:30:00,INDEX:NDTH,76.47,80.39,76.47,80.39,0.0
2021-03-23 13:30:00,INDEX:NDTH,79.41,80.39,78.43,78.43,0.0
2021-03-24 13:30:00,INDEX:NDTH,79.41,80.39,74.5,74.5,0.0
2021-03-25 13:30:00,INDEX:NDTH,70.58,74.5,68.62,72.54,0.0
2021-03-26 13:30:00,INDEX:NDTH,74.5,81.37,72.54,81.37,0.0
2021-03-29 13:30:00,INDEX:NDTH,82.35,82.35,77.45,81.37,0.0
2021-03-30 13:30:00,INDEX:NDTH,77.45,80.39,75.49,80.39,0.0
2021-03-31 13:30:00,INDEX:NDTH,81.37,82.35,81.37,82.35,0.0
2021-04-01 13:30:00,INDEX:NDTH,83.33,86.27,82.35,84.31,0.0
2021-04-05 13:30:00,INDEX:NDTH,86.27,87.25,85.29,86.27,0.0
2021-04-06 13:30:00,INDEX:NDTH,86.27,88.23,86.27,87.25,0.0
2021-04-07 13:30:00,INDEX:NDTH,86.27,87.25,85.29,85.29,0.0
2021-04-08 13:30:00,INDEX:NDTH,88.23,88.23,86.27,86.27,0.0
2021-04-09 13:30:00,INDEX:NDTH,85.29,86.27,84.31,86.27,0.0
2021-04-12 13:30:00,INDEX:NDTH,85.29,86.27,85.29,86.27,0.0
2021-04-13 13:30:00,INDEX:NDTH,85.29,88.23,85.29,87.25,0.0
2021-04-14 13:30:00,INDEX:NDTH,88.23,89.21,87.25,88.23,0.0
2021-04-15 13:30:00,INDEX:NDTH,88.23,90.19,88.23,90.19,0.0
2021-04-16 13:30:00,INDEX:NDTH,90.19,90.19,89.21,90.19,0.0
2021-04-19 13:30:00,INDEX:NDTH,90.19,90.19,87.25,88.23,0.0
2021-04-20 13:30:00,INDEX:NDTH,88.23,88.23,86.27,87.25,0.0
2021-04-21 13:30:00,INDEX:NDTH,85.29,86.27,84.31,86.27,0.0
2021-04-22 13:30:00,INDEX:NDTH,86.27,89.21,85.29,88.23,0.0
2021-04-23 13:30:00,INDEX:NDTH,88.23,90.19,88.23,88.23,0.0
2021-04-26 13:30:00,INDEX:NDTH,88.23,90.19,88.23,89.21,0.0
2021-04-27 13:30:00,INDEX:NDTH,90.19,90.19,88.23,89.21,0.0
2021-04-28 13:30:00,INDEX:NDTH,86.27,88.23,85.29,88.23,0.0
2021-04-29 13:30:00,INDEX:NDTH,87.25,87.25,86.27,87.25,0.0
2021-04-30 13:30:00,INDEX:NDTH,86.27,89.21,85.29,86.27,0.0
2021-05-03 13:30:00,INDEX:NDTH,86.27,87.25,85.29,85.29,0.0
2021-05-04 13:30:00,INDEX:NDTH,84.31,84.31,81.37,84.31,0.0
2021-05-05 13:30:00,INDEX:NDTH,82.35,84.31,81.37,83.33,0.0
2021-05-06 13:30:00,INDEX:NDTH,81.37,83.33,77.45,81.37,0.0
2021-05-07 13:30:00,INDEX:NDTH,83.33,84.31,81.37,84.31,0.0
2021-05-10 13:30:00,INDEX:NDTH,80.39,80.39,74.5,74.5,0.0
2021-05-11 13:30:00,INDEX:NDTH,69.6,78.43,69.6,78.43,0.0
2021-05-12 13:30:00,INDEX:NDTH,73.52,73.52,68.62,68.62,0.0
2021-05-13 13:30:00,INDEX:NDTH,72.54,72.54,67.64,68.62,0.0
2021-05-14 13:30:00,INDEX:NDTH,71.56,75.49,70.58,74.5,0.0
2021-05-17 13:30:00,INDEX:NDTH,72.54,73.52,69.6,72.54,0.0
2021-05-18 13:30:00,INDEX:NDTH,73.52,74.5,72.54,72.54,0.0
2021-05-19 13:30:00,INDEX:NDTH,68.62,74.5,63.72,74.5,0.0
2021-05-20 13:30:00,INDEX:NDTH,74.5,77.45,74.5,77.45,0.0
2021-05-21 13:30:00,INDEX:NDTH,79.41,79.41,74.5,74.5,0.0
2021-05-24 13:30:00,INDEX:NDTH,76.47,80.39,76.47,80.39,0.0
2021-05-25 13:30:00,INDEX:NDTH,80.39,81.37,78.43,79.41,0.0
2021-05-26 13:30:00,INDEX:NDTH,79.41,79.41,77.45,77.45,0.0
2021-05-27 13:30:00,INDEX:NDTH,74.5,74.5,74.5,74.5,0.0
2021-05-28 13:30:00,INDEX:NDTH,76.47,78.43,75.49,75.49,0.0
2021-06-01 13:30:00,INDEX:NDTH,78.43,78.43,76.47,76.47,0.0
2021-06-02 13:30:00,INDEX:NDTH,77.45,77.45,73.52,77.45,0.0
2021-06-03 13:30:00,INDEX:NDTH,74.5,75.49,71.56,72.54,0.0
2021-06-04 13:30:00,INDEX:NDTH,74.5,78.43,74.5,77.45,0.0
2021-06-07 13:30:00,INDEX:NDTH,75.49,76.47,74.5,74.5,0.0
2021-06-08 13:30:00,INDEX:NDTH,76.47,76.47,74.5,74.5,0.0
2021-06-09 13:30:00,INDEX:NDTH,74.5,79.41,74.5,77.45,0.0
2021-06-10 13:30:00,INDEX:NDTH,77.45,79.41,77.45,79.41,0.0
2021-06-11 13:30:00,INDEX:NDTH,77.45,80.39,77.45,80.39,0.0
2021-06-14 13:30:00,INDEX:NDTH,80.39,81.37,79.41,81.37,0.0
2021-06-15 13:30:00,INDEX:NDTH,80.39,81.37,77.45,78.43,0.0
2021-06-16 13:30:00,INDEX:NDTH,78.43,78.43,75.49,77.45,0.0
2021-06-17 13:30:00,INDEX:NDTH,76.47,80.39,75.49,80.39,0.0
2021-06-18 13:30:00,INDEX:NDTH,79.41,80.39,76.47,77.45,0.0
2021-06-21 13:30:00,INDEX:NDTH,77.45,78.43,75.49,78.43,0.0
2021-06-22 13:30:00,INDEX:NDTH,78.43,81.37,77.45,79.41,0.0
2021-06-23 13:30:00,INDEX:NDTH,81.37,83.33,78.43,79.41,0.0
2021-06-24 13:30:00,INDEX:NDTH,85.29,85.29,83.33,84.31,0.0
2021-06-25 13:30:00,INDEX:NDTH,85.29,87.25,84.31,87.25,0.0
2021-06-28 13:30:00,INDEX:NDTH,86.27,88.23,86.27,88.23,0.0
2021-06-29 13:30:00,INDEX:NDTH,87.25,87.25,85.29,86.27,0.0
2021-06-30 13:30:00,INDEX:NDTH,87.25,87.25,85.29,85.29,0.0
2021-07-01 13:30:00,INDEX:NDTH,86.27,87.25,83.33,83.33,0.0
2021-07-02 13:30:00,INDEX:NDTH,86.27,86.27,84.31,85.29,0.0
2021-07-06 13:30:00,INDEX:NDTH,85.29,85.29,84.31,85.29,0.0
2021-07-07 13:30:00,INDEX:NDTH,85.29,86.27,85.29,86.27,0.0
2021-07-08 13:30:00,INDEX:NDTH,79.41,85.29,78.43,81.37,0.0
2021-07-09 13:30:00,INDEX:NDTH,82.35,86.27,82.35,85.29,0.0
2021-07-12 13:30:00,INDEX:NDTH,85.29,85.29,83.33,85.29,0.0
2021-07-13 13:30:00,INDEX:NDTH,85.29,86.27,83.33,85.29,0.0
2021-07-14 13:30:00,INDEX:NDTH,83.33,83.33,81.37,81.37,0.0
2021-07-15 13:30:00,INDEX:NDTH,79.41,81.37,78.43,79.41,0.0
2021-07-16 13:30:00,INDEX:NDTH,82.35,82.35,77.45,77.45,0.0
2021-07-19 13:30:00,INDEX:NDTH,73.52,75.49,69.6,72.54,0.0
2021-07-20 13:30:00,INDEX:NDTH,74.5,81.37,72.54,80.39,0.0
2021-07-21 13:30:00,INDEX:NDTH,81.37,83.33,80.39,83.33,0.0
2021-07-22 13:30:00,INDEX:NDTH,81.37,81.37,80.39,81.37,0.0
2021-07-23 13:30:00,INDEX:NDTH,79.41,82.35,77.45,81.37,0.0
2021-07-26 13:30:00,INDEX:NDTH,79.41,82.35,79.41,80.39,0.0
2021-07-27 13:30:00,INDEX:NDTH,82.35,82.35,75.49,79.41,0.0
2021-07-28 13:30:00,INDEX:NDTH,81.37,81.37,79.41,81.37,0.0
2021-07-29 13:30:00,INDEX:NDTH,82.35,82.35,80.39,80.39,0.0
2021-07-30 13:30:00,INDEX:NDTH,80.39,82.35,79.41,80.39,0.0
2021-08-02 13:30:00,INDEX:NDTH,82.35,84.31,80.39,80.39,0.0
2021-08-03 13:30:00,INDEX:NDTH,80.39,80.39,77.45,77.45,0.0
2021-08-04 13:30:00,INDEX:NDTH,77.45,80.39,76.47,80.39,0.0
2021-08-05 13:30:00,INDEX:NDTH,79.41,81.37,79.41,80.39,0.0
2021-08-06 13:30:00,INDEX:NDTH,79.41,79.41,76.47,77.45,0.0
2021-08-09 13:30:00,INDEX:NDTH,76.47,76.47,75.49,76.47,0.0
2021-08-10 13:30:00,INDEX:NDTH,74.5,75.49,73.52,75.49,0.0
2021-08-11 13:30:00,INDEX:NDTH,76.47,76.47,73.52,76.47,0.0
2021-08-12 13:30:00,INDEX:NDTH,74.5,75.49,73.52,74.5,0.0
2021-08-13 13:30:00,INDEX:NDTH,74.5,76.47,74.5,75.49,0.0
2021-08-16 13:30:00,INDEX:NDTH,74.5,76.47,73.52,76.47,0.0
2021-08-17 13:30:00,INDEX:NDTH,74.5,76.47,71.56,76.47,0.0
2021-08-18 13:30:00,INDEX:NDTH,74.5,76.47,73.52,73.52,0.0
2021-08-19 13:30:00,INDEX:NDTH,71.56,73.52,70.58,72.54,0.0
2021-08-20 13:30:00,INDEX:NDTH,70.58,74.5,70.58,73.52,0.0
2021-08-23 13:30:00,INDEX:NDTH,77.45,79.41,76.47,76.47,0.0
2021-08-24 13:30:00,INDEX:NDTH,78.43,82.35,77.45,81.37,0.0
2021-08-25 13:30:00,INDEX:NDTH,81.37,82.35,80.39,81.37,0.0
2021-08-26 13:30:00,INDEX:NDTH,79.41,80.39,77.45,78.43,0.0
2021-08-27 13:30:00,INDEX:NDTH,78.43,80.39,78.43,79.41,0.0
2021-08-30 13:30:00,INDEX:NDTH,79.41,80.39,78.43,79.2,0.0
2021-08-31 13:30:00,INDEX:NDTH,78.21,81.18,78.21,80.19,0.0
2021-09-01 13:30:00,INDEX:NDTH,80.19,81.18,79.2,80.39,0.0
2021-09-02 13:30:00,INDEX:NDTH,79.41,79.41,78.43,78.43,0.0
2021-09-03 13:30:00,INDEX:NDTH,78.43,79.41,78.43,78.43,0.0
2021-09-07 13:30:00,INDEX:NDTH,80.39,80.39,77.45,77.45,0.0
2021-09-08 13:30:00,INDEX:NDTH,77.45,77.45,74.5,76.47,0.0
2021-09-09 13:30:00,INDEX:NDTH,75.49,76.47,74.5,74.5,0.0
2021-09-10 13:30:00,INDEX:NDTH,75.49,75.49,74.5,74.5,0.0
2021-09-13 13:30:00,INDEX:NDTH,73.52,75.49,73.52,73.52,0.0
2021-09-14 13:30:00,INDEX:NDTH,73.52,73.52,70.58,70.58,0.0
2021-09-15 13:30:00,INDEX:NDTH,68.62,72.54,68.62,72.54,0.0
2021-09-16 13:30:00,INDEX:NDTH,72.54,72.54,71.56,72.54,0.0
2021-09-17 13:30:00,INDEX:NDTH,71.56,72.54,67.64,68.62,0.0
2021-09-20 13:30:00,INDEX:NDTH,67.64,68.62,62.74,68.62,0.0
2021-09-21 13:30:00,INDEX:NDTH,68.62,68.62,64.7,64.7,0.0
2021-09-22 13:30:00,INDEX:NDTH,65.68,68.62,65.68,67.64,0.0
2021-09-23 13:30:00,INDEX:NDTH,70.58,70.58,69.6,69.6,0.0
2021-09-24 13:30:00,INDEX:NDTH,68.62,69.6,67.64,69.6,0.0
2021-09-27 13:30:00,INDEX:NDTH,64.7,64.7,64.7,64.7,0.0
2021-09-28 13:30:00,INDEX:NDTH,62.74,62.74,56.86,57.84,0.0
2021-09-29 13:30:00,INDEX:NDTH,57.84,59.8,57.84,58.82,0.0
2021-09-30 13:30:00,INDEX:NDTH,59.8,60.78,57.84,57.84,0.0
2021-10-01 13:30:00,INDEX:NDTH,58.82,59.8,54.9,57.84,0.0
2021-10-04 13:30:00,INDEX:NDTH,51.96,53.92,50.98,52.94,0.0
2021-10-05 13:30:00,INDEX:NDTH,52.94,53.92,52.94,53.92,0.0
2021-10-06 13:30:00,INDEX:NDTH,53.92,57.84,51.96,56.86,0.0
2021-10-07 13:30:00,INDEX:NDTH,61.76,66.66,57.84,57.84,0.0
2021-10-08 13:30:00,INDEX:NDTH,57.84,58.82,54.9,55.88,0.0
2021-10-11 13:30:00,INDEX:NDTH,55.88,56.86,55.88,55.88,0.0
2021-10-12 13:30:00,INDEX:NDTH,55.88,56.86,53.92,54.9,0.0
2021-10-13 13:30:00,INDEX:NDTH,57.84,57.84,55.88,57.84,0.0
2021-10-14 13:30:00,INDEX:NDTH,59.8,63.72,59.8,63.72,0.0
2021-10-15 13:30:00,INDEX:NDTH,63.72,65.68,62.74,63.72,0.0
2021-10-18 13:30:00,INDEX:NDTH,62.74,63.72,61.76,62.74,0.0
2021-10-19 13:30:00,INDEX:NDTH,63.72,64.7,62.74,64.7,0.0
2021-10-20 13:30:00,INDEX:NDTH,63.72,67.64,63.72,65.68,0.0
2021-10-21 13:30:00,INDEX:NDTH,65.68,67.64,64.7,66.66,0.0
2021-10-22 13:30:00,INDEX:NDTH,67.64,67.64,65.68,65.68,0.0
2021-10-25 13:30:00,INDEX:NDTH,66.66,68.62,65.68,65.68,0.0
2021-10-26 13:30:00,INDEX:NDTH,67.64,69.6,64.7,64.7,0.0
2021-10-27 13:30:00,INDEX:NDTH,63.72,63.72,59.8,61.76,0.0
2021-10-28 13:30:00,INDEX:NDTH,61.76,65.68,61.76,63.72,0.0
2021-10-29 13:30:00,INDEX:NDTH,63.72,66.66,62.74,64.7,0.0
2021-11-01 13:30:00,INDEX:NDTH,63.72,68.62,63.72,68.62,0.0
2021-11-02 13:30:00,INDEX:NDTH,67.64,67.64,65.68,66.66,0.0
2021-11-03 13:30:00,INDEX:NDTH,67.64,70.58,66.66,70.58,0.0
2021-11-04 13:30:00,INDEX:NDTH,70.58,71.56,68.62,69.6,0.0
2021-11-05 13:30:00,INDEX:NDTH,72.54,73.52,68.62,69.6,0.0
2021-11-08 14:30:00,INDEX:NDTH,69.6,69.6,67.64,68.62,0.0
2021-11-09 14:30:00,INDEX:NDTH,68.62,70.58,67.64,68.62,0.0
2021-11-10 14:30:00,INDEX:NDTH,72.54,74.5,68.62,68.62,0.0
2021-11-11 14:30:00,INDEX:NDTH,73.52,73.52,69.6,69.6,0.0
2021-11-12 14:30:00,INDEX:NDTH,70.58,71.56,67.64,68.62,0.0
2021-11-15 14:30:00,INDEX:NDTH,70.58,72.54,69.6,69.6,0.0
2021-11-16 14:30:00,INDEX:NDTH,68.62,69.6,67.64,67.64,0.0
2021-11-17 14:30:00,INDEX:NDTH,67.64,68.62,64.7,65.68,0.0
2021-11-18 14:30:00,INDEX:NDTH,64.7,65.68,63.72,65.68,0.0
2021-11-19 14:30:00,INDEX:NDTH,65.68,65.68,63.72,63.72,0.0
2021-11-22 14:30:00,INDEX:NDTH,64.7,66.66,63.72,64.7,0.0
2021-11-23 14:30:00,INDEX:NDTH,63.72,65.68,63.72,65.68,0.0
2021-11-24 14:30:00,INDEX:NDTH,63.72,64.7,61.76,63.72,0.0
2021-11-26 14:30:00,INDEX:NDTH,59.8,59.8,57.84,58.82,0.0
2021-11-29 14:30:00,INDEX:NDTH,58.82,60.78,58.82,59.8,0.0
2021-11-30 14:30:00,INDEX:NDTH,58.82,59.8,54.9,55.88,0.0
2021-12-01 14:30:00,INDEX:NDTH,55.88,57.84,53.92,53.92,0.0
2021-12-02 14:30:00,INDEX:NDTH,53.92,58.82,53.92,57.84,0.0
2021-12-03 14:30:00,INDEX:NDTH,53.92,53.92,50.98,51.96,0.0
2021-12-06 14:30:00,INDEX:NDTH,54.9,56.86,54.9,56.86,0.0
2021-12-07 14:30:00,INDEX:NDTH,56.86,59.8,56.86,57.84,0.0
2021-12-08 14:30:00,INDEX:NDTH,57.84,61.76,57.84,59.8,0.0
2021-12-09 14:30:00,INDEX:NDTH,58.82,60.78,57.84,57.84,0.0
2021-12-10 14:30:00,INDEX:NDTH,59.8,59.8,57.84,59.8,0.0
2021-12-13 14:30:00,INDEX:NDTH,59.8,63.72,59.8,63.72,0.0
2021-12-14 14:30:00,INDEX:NDTH,60.78,61.76,56.86,60.78,0.0
2021-12-15 14:30:00,INDEX:NDTH,58.82,61.76,55.88,60.78,0.0
2021-12-16 14:30:00,INDEX:NDTH,60.78,60.78,57.84,57.84,0.0
2021-12-17 14:30:00,INDEX:NDTH,56.86,59.8,55.88,56.86,0.0
2021-12-20 14:30:00,INDEX:NDTH,52.94,53.92,51.96,52.94,0.0
2021-12-21 14:30:00,INDEX:NDTH,55.88,60.78,53.92,58.82,0.0
2021-12-22 14:30:00,INDEX:NDTH,56.86,59.8,56.86,59.8,0.0
2021-12-23 14:30:00,INDEX:NDTH,59.8,60.78,58.82,60.78,0.0
2021-12-27 14:30:00,INDEX:NDTH,60.78,62.74,59.8,62.74,0.0
2021-12-28 14:30:00,INDEX:NDTH,62.74,63.72,62.74,63.72,0.0
2021-12-29 14:30:00,INDEX:NDTH,63.72,65.68,62.74,65.68,0.0
2021-12-30 14:30:00,INDEX:NDTH,65.68,65.68,62.74,62.74,0.0
2021-12-31 14:30:00,INDEX:NDTH,62.74,63.72,61.76,61.76,0.0
2022-01-03 14:30:00,INDEX:NDTH,67.32,69.3,65.34,69.3,0.0
2022-01-04 14:30:00,INDEX:NDTH,68.31,68.31,59.4,62.37,0.0
2022-01-05 14:30:00,INDEX:NDTH,60.39,62.37,57.42,57.42,0.0
2022-01-06 14:30:00,INDEX:NDTH,55.44,58.41,54.45,55.44,0.0
2022-01-07 14:30:00,INDEX:NDTH,55.44,57.42,53.46,54.45,0.0
2022-01-10 14:30:00,INDEX:NDTH,51.48,54.45,47.52,54.45,0.0
2022-01-11 14:30:00,INDEX:NDTH,54.45,61.38,52.47,61.38,0.0
2022-01-12 14:30:00,INDEX:NDTH,63.36,63.36,61.38,62.37,0.0
2022-01-13 14:30:00,INDEX:NDTH,61.38,62.37,54.45,54.45,0.0
2022-01-14 14:30:00,INDEX:NDTH,53.46,55.44,51.48,54.45,0.0
2022-01-18 14:30:00,INDEX:NDTH,49.5,53.46,49.5,49.5,0.0
2022-01-19 14:30:00,INDEX:NDTH,50.49,52.47,47.52,47.52,0.0
2022-01-20 14:30:00,INDEX:NDTH,52.47,54.45,42.57,43.56,0.0
2022-01-21 14:30:00,INDEX:NDTH,40.59,45.54,36.63,37.62,0.0
2022-01-24 14:30:00,INDEX:NDTH,34.65,36.63,26.73,36.63,0.0
2022-01-25 14:30:00,INDEX:NDTH,31.68,34.65,26.73,32.67,0.0
2022-01-26 14:30:00,INDEX:NDTH,33.66,35.64,26.73,27.72,0.0
2022-01-27 14:30:00,INDEX:NDTH,33.66,33.66,23.76,23.76,0.0
2022-01-28 14:30:00,INDEX:NDTH,22.77,30.69,20.79,30.69,0.0
2022-01-31 14:30:00,INDEX:NDTH,27.72,40.59,27.72,40.59,0.0
2022-02-01 14:30:00,INDEX:NDTH,39.6,43.56,37.62,43.56,0.0
2022-02-02 14:30:00,INDEX:NDTH,44.55,46.53,38.61,46.53,0.0
2022-02-03 14:30:00,INDEX:NDTH,39.6,40.59,34.65,34.65,0.0
2022-02-04 14:30:00,INDEX:NDTH,34.65,38.61,33.66,36.63,0.0
2022-02-07 14:30:00,INDEX:NDTH,36.63,38.61,34.65,35.64,0.0
2022-02-08 14:30:00,INDEX:NDTH,37.62,41.58,36.63,41.58,0.0
2022-02-09 14:30:00,INDEX:NDTH,44.55,48.51,43.56,47.52,0.0
2022-02-10 14:30:00,INDEX:NDTH,43.56,47.52,42.57,43.56,0.0
2022-02-11 14:30:00,INDEX:NDTH,43.56,43.56,31.68,31.68,0.0
2022-02-14 14:30:00,INDEX:NDTH,30.69,33.66,29.7,31.68,0.0
2022-02-15 14:30:00,INDEX:NDTH,36.63,36.63,32.67,36.63,0.0
2022-02-16 14:30:00,INDEX:NDTH,32.67,37.62,31.68,37.0,0.0
2022-02-17 14:30:00,INDEX:NDTH,36.0,36.0,30.0,31.0,0.0
2022-02-18 14:30:00,INDEX:NDTH,31.0,31.0,28.0,31.0,0.0
2022-02-22 14:30:00,INDEX:NDTH,29.0,31.0,27.0,28.0,0.0
2022-02-23 14:30:00,INDEX:NDTH,29.0,29.0,21.0,21.0,0.0
2022-02-24 14:30:00,INDEX:NDTH,20.0,28.0,20.0,27.0,0.0
2022-02-25 14:30:00,INDEX:NDTH,28.0,32.0,27.0,31.0,0.0
2022-02-28 14:30:00,INDEX:NDTH,33.0,33.0,33.0,33.0,0.0
2022-03-01 14:30:00,INDEX:NDTH,33.0,33.0,26.0,27.0,0.0
2022-03-02 14:30:00,INDEX:NDTH,31.37,36.27,30.39,35.29,0.0
2022-03-03 14:30:00,INDEX:NDTH,36.27,36.27,29.41,30.39,0.0
2022-03-04 14:30:00,INDEX:NDTH,29.41,30.39,26.47,28.43,0.0
2022-03-07 14:30:00,INDEX:NDTH,28.43,28.43,21.56,21.56,0.0
2022-03-08 14:30:00,INDEX:NDTH,21.56,23.52,19.6,20.58,0.0
2022-03-09 14:30:00,INDEX:NDTH,24.5,27.45,23.52,24.5,0.0
2022-03-10 14:30:00,INDEX:NDTH,21.56,22.54,20.58,21.56,0.0
2022-03-11 14:30:00,INDEX:NDTH,22.54,22.54,20.58,20.58,0.0
2022-03-14 13:30:00,INDEX:NDTH,20.58,21.56,18.62,19.6,0.0
2022-03-15 13:30:00,INDEX:NDTH,20.58,23.52,19.6,22.54,0.0
2022-03-16 13:30:00,INDEX:NDTH,23.52,28.43,21.56,28.43,0.0
2022-03-17 13:30:00,INDEX:NDTH,25.49,32.35,25.49,32.35,0.0
2022-03-18 13:30:00,INDEX:NDTH,29.41,40.19,29.41,38.23,0.0
2022-03-21 13:30:00,INDEX:NDTH,37.25,37.25,29.41,33.33,0.0
2022-03-22 13:30:00,INDEX:NDTH,34.31,43.13,34.31,41.17,0.0
2022-03-23 13:30:00,INDEX:NDTH,38.23,42.15,36.27,37.25,0.0
2022-03-24 13:30:00,INDEX:NDTH,37.25,44.11,37.25,44.11,0.0
2022-03-25 13:30:00,INDEX:NDTH,44.11,44.11,40.19,44.11,0.0
2022-03-28 13:30:00,INDEX:NDTH,45.09,46.07,41.17,46.07,0.0
2022-03-29 13:30:00,INDEX:NDTH,51.96,53.92,50.0,53.92,0.0
2022-03-30 13:30:00,INDEX:NDTH,52.94,53.92,46.07,46.07,0.0
2022-03-31 13:30:00,INDEX:NDTH,45.09,48.03,43.13,43.13,0.0
2022-04-01 13:30:00,INDEX:NDTH,44.11,44.11,41.17,43.13,0.0
2022-04-04 13:30:00,INDEX:NDTH,42.15,47.05,42.15,47.05,0.0
2022-04-05 13:30:00,INDEX:NDTH,45.09,45.09,40.19,41.17,0.0
2022-04-06 13:30:00,INDEX:NDTH,33.33,37.25,33.33,36.27,0.0
2022-04-07 13:30:00,INDEX:NDTH,35.29,37.25,32.35,34.31,0.0
2022-04-08 13:30:00,INDEX:NDTH,34.31,34.31,31.37,32.35,0.0
2022-04-11 13:30:00,INDEX:NDTH,31.37,31.37,30.39,30.39,0.0
2022-04-12 13:30:00,INDEX:NDTH,31.37,35.29,30.39,30.39,0.0
2022-04-13 13:30:00,INDEX:NDTH,30.39,35.29,30.39,34.31,0.0
2022-04-14 13:30:00,INDEX:NDTH,34.31,34.31,33.33,33.33,0.0
2022-04-18 13:30:00,INDEX:NDTH,33.33,33.33,29.41,30.39,0.0
2022-04-19 13:30:00,INDEX:NDTH,31.37,33.33,31.37,33.33,0.0
2022-04-20 13:30:00,INDEX:NDTH,35.29,35.29,33.33,34.31,0.0
2022-04-21 13:30:00,INDEX:NDTH,34.31,34.31,31.37,31.37,0.0
2022-04-22 13:30:00,INDEX:NDTH,31.37,31.37,28.43,28.43,0.0
2022-04-25 13:30:00,INDEX:NDTH,27.45,29.41,25.49,29.41,0.0
2022-04-26 13:30:00,INDEX:NDTH,29.41,29.41,22.54,22.54,0.0
2022-04-27 13:30:00,INDEX:NDTH,27.45,27.45,23.52,23.52,0.0
2022-04-28 13:30:00,INDEX:NDTH,24.5,29.41,24.5,28.43,0.0
2022-04-29 13:30:00,INDEX:NDTH,28.43,28.43,17.64,17.64,0.0
2022-05-02 13:30:00,INDEX:NDTH,20.58,24.5,17.64,20.58,0.0
2022-05-03 13:30:00,INDEX:NDTH,21.56,24.5,20.58,24.5,0.0
2022-05-04 13:30:00,INDEX:NDTH,22.54,27.45,21.56,27.45,0.0
2022-05-05 13:30:00,INDEX:NDTH,24.5,24.5,19.6,21.56,0.0
2022-05-06 13:30:00,INDEX:NDTH,16.66,19.6,16.66,17.64,0.0
2022-05-09 13:30:00,INDEX:NDTH,15.68,16.66,14.7,14.7,0.0
2022-05-10 13:30:00,INDEX:NDTH,14.7,14.7,14.7,14.7,0.0
2022-05-11 13:30:00,INDEX:NDTH,14.7,15.68,14.7,14.7,0.0
2022-05-12 13:30:00,INDEX:NDTH,14.7,15.68,14.7,14.7,0.0
2022-05-13 13:30:00,INDEX:NDTH,15.68,17.64,15.68,17.64,0.0
2022-05-16 13:30:00,INDEX:NDTH,17.64,17.64,17.64,17.64,0.0
2022-05-17 13:30:00,INDEX:NDTH,18.62,18.62,16.66,16.66,0.0
2022-05-18 13:30:00,INDEX:NDTH,17.64,17.64,12.74,12.74,0.0
2022-05-19 13:30:00,INDEX:NDTH,11.76,13.72,11.76,12.74,0.0
2022-05-20 13:30:00,INDEX:NDTH,12.74,12.74,10.78,11.76,0.0
2022-05-23 13:30:00,INDEX:NDTH,12.74,15.68,12.74,14.7,0.0
2022-05-24 13:30:00,INDEX:NDTH,13.72,14.7,12.74,14.7,0.0
2022-05-25 13:30:00,INDEX:NDTH,14.7,16.66,14.7,15.68,0.0
2022-05-26 13:30:00,INDEX:NDTH,15.68,17.64,15.68,17.64,0.0
2022-05-27 13:30:00,INDEX:NDTH,19.6,24.5,19.6,24.5,0.0
2022-05-31 13:30:00,INDEX:NDTH,20.58,25.49,18.62,24.5,0.0
2022-06-01 13:30:00,INDEX:NDTH,24.5,24.5,16.66,19.6,0.0
2022-06-02 13:30:00,INDEX:NDTH,17.64,24.5,17.64,24.5,0.0
2022-06-03 13:30:00,INDEX:NDTH,21.56,21.56,17.64,19.6,0.0
2022-06-06 13:30:00,INDEX:NDTH,26.47,26.47,19.6,21.56,0.0
2022-06-07 13:30:00,INDEX:NDTH,20.58,27.45,18.62,27.45,0.0
2022-06-08 13:30:00,INDEX:NDTH,22.54,25.49,20.58,22.54,0.0
2022-06-09 13:30:00,INDEX:NDTH,19.6,23.52,14.7,14.7,0.0
2022-06-10 13:30:00,INDEX:NDTH,13.72,13.72,11.76,11.76,0.0
2022-06-13 13:30:00,INDEX:NDTH,9.8,9.8,7.84,7.84,0.0
2022-06-14 13:30:00,INDEX:NDTH,8.82,9.8,6.86,7.84,0.0
2022-06-15 13:30:00,INDEX:NDTH,8.82,10.78,7.84,8.82,0.0
2022-06-16 13:30:00,INDEX:NDTH,5.88,7.84,3.92,5.88,0.0
2022-06-17 13:30:00,INDEX:NDTH,7.84,8.82,7.84,7.84,0.0
2022-06-21 13:30:00,INDEX:NDTH,9.8,10.78,9.8,9.8,0.0
2022-06-22 13:30:00,INDEX:NDTH,9.8,10.78,9.8,9.8,0.0
2022-06-23 13:30:00,INDEX:NDTH,11.76,13.72,11.76,12.74,0.0
2022-06-24 13:30:00,INDEX:NDTH,13.72,17.64,13.72,16.66,0.0
2022-06-27 13:30:00,INDEX:NDTH,16.66,18.62,15.68,16.66,0.0
2022-06-28 13:30:00,INDEX:NDTH,18.62,18.62,13.72,14.7,0.0
2022-06-29 13:30:00,INDEX:NDTH,14.7,15.68,14.7,15.68,0.0
2022-06-30 13:30:00,INDEX:NDTH,15.68,15.68,13.72,15.68,0.0
2022-07-01 13:30:00,INDEX:NDTH,15.68,16.66,15.68,16.66,0.0
2022-07-05 13:30:00,INDEX:NDTH,15.68,15.68,13.72,15.68,0.0
2022-07-06 13:30:00,INDEX:NDTH,17.64,17.64,13.72,16.66,0.0
2022-07-07 13:30:00,INDEX:NDTH,16.66,19.6,16.66,19.6,0.0
2022-07-08 13:30:00,INDEX:NDTH,16.66,20.58,15.68,20.58,0.0
2022-07-11 13:30:00,INDEX:NDTH,14.7,17.64,14.7,14.7,0.0
2022-07-12 13:30:00,INDEX:NDTH,15.68,17.64,13.72,13.72,0.0
2022-07-13 13:30:00,INDEX:NDTH,14.7,16.66,14.7,15.68,0.0
2022-07-14 13:30:00,INDEX:NDTH,13.72,15.68,13.72,15.68,0.0
2022-07-15 13:30:00,INDEX:NDTH,17.64,17.64,16.66,17.64,0.0
2022-07-18 13:30:00,INDEX:NDTH,17.64,17.64,15.68,15.68,0.0
2022-07-19 13:30:00,INDEX:NDTH,16.66,19.6,16.66,18.62,0.0
2022-07-20 13:30:00,INDEX:NDTH,17.64,17.64,17.64,17.64,0.0
2022-07-21 13:30:00,INDEX:NDTH,18.62,21.56,18.62,21.56,0.0
2022-07-22 13:30:00,INDEX:NDTH,23.52,23.52,17.64,19.6,0.0
2022-07-25 13:30:00,INDEX:NDTH,19.6,22.54,18.62,19.6,0.0
2022-07-26 13:30:00,INDEX:NDTH,21.56,21.56,19.6,20.58,0.0
2022-07-27 13:30:00,INDEX:NDTH,20.58,28.43,20.58,26.47,0.0
2022-07-28 13:30:00,INDEX:NDTH,26.47,27.45,25.49,27.45,0.0
2022-07-29 13:30:00,INDEX:NDTH,28.43,30.39,28.43,30.39,0.0
2022-08-01 13:30:00,INDEX:NDTH,29.41,32.35,29.41,31.37,0.0
2022-08-02 13:30:00,INDEX:NDTH,29.41,32.35,28.43,28.43,0.0
2022-08-03 13:30:00,INDEX:NDTH,31.37,35.29,30.39,34.31,0.0
2022-08-04 13:30:00,INDEX:NDTH,33.33,33.33,31.37,33.33,0.0
2022-08-05 13:30:00,INDEX:NDTH,31.37,32.35,28.43,32.35,0.0
2022-08-08 13:30:00,INDEX:NDTH,32.35,35.29,32.35,32.35,0.0
2022-08-09 13:30:00,INDEX:NDTH,29.41,30.39,29.41,30.39,0.0
2022-08-10 13:30:00,INDEX:NDTH,39.21,40.19,37.25,40.19,0.0
2022-08-11 13:30:00,INDEX:NDTH,43.13,43.13,36.27,36.27,0.0
2022-08-12 13:30:00,INDEX:NDTH,39.21,42.15,39.21,42.15,0.0
2022-08-15 13:30:00,INDEX:NDTH,45.09,46.07,43.13,46.07,0.0
2022-08-16 13:30:00,INDEX:NDTH,46.07,47.05,45.09,45.09,0.0
2022-08-17 13:30:00,INDEX:NDTH,42.15,43.13,39.21,43.13,0.0
2022-08-18 13:30:00,INDEX:NDTH,42.15,43.13,41.17,42.15,0.0
2022-08-19 13:30:00,INDEX:NDTH,36.27,36.27,34.31,34.31,0.0
2022-08-22 13:30:00,INDEX:NDTH,31.37,31.37,28.43,28.43,0.0
2022-08-23 13:30:00,INDEX:NDTH,28.43,29.41,27.45,27.45,0.0
2022-08-24 13:30:00,INDEX:NDTH,28.43,30.39,28.43,28.43,0.0
2022-08-25 13:30:00,INDEX:NDTH,31.37,36.27,31.37,36.27,0.0
2022-08-26 13:30:00,INDEX:NDTH,38.23,38.23,28.43,28.43,0.0
2022-08-29 13:30:00,INDEX:NDTH,26.47,28.43,26.47,28.43,0.0
2022-08-30 13:30:00,INDEX:NDTH,26.47,26.47,21.56,23.52,0.0
2022-08-31 13:30:00,INDEX:NDTH,24.5,24.5,20.58,20.58,0.0
2022-09-01 13:30:00,INDEX:NDTH,20.58,22.54,19.6,22.54,0.0
2022-09-02 13:30:00,INDEX:NDTH,22.54,24.5,19.6,19.6,0.0
2022-09-06 13:30:00,INDEX:NDTH,18.62,18.62,17.64,17.64,0.0
2022-09-07 13:30:00,INDEX:NDTH,17.64,23.52,17.64,23.52,0.0
2022-09-08 13:30:00,INDEX:NDTH,22.54,25.49,22.54,25.49,0.0
2022-09-09 13:30:00,INDEX:NDTH,27.45,31.37,27.45,30.39,0.0
2022-09-12 13:30:00,INDEX:NDTH,34.31,34.31,32.35,33.33,0.0
2022-09-13 13:30:00,INDEX:NDTH,27.45,27.45,18.62,19.6,0.0
2022-09-14 13:30:00,INDEX:NDTH,21.56,22.54,19.6,22.54,0.0
2022-09-15 13:30:00,INDEX:NDTH,20.58,21.56,18.62,18.62,0.0
2022-09-16 13:30:00,INDEX:NDTH,16.66,16.66,13.72,16.66,0.0
2022-09-19 13:30:00,INDEX:NDTH,15.68,17.64,15.68,16.66,0.0
2022-09-20 13:30:00,INDEX:NDTH,16.66,16.66,16.66,16.66,0.0
2022-09-21 13:30:00,INDEX:NDTH,18.62,19.6,11.76,11.76,0.0
2022-09-22 13:30:00,INDEX:NDTH,10.78,12.74,9.8,11.76,0.0
2022-09-23 13:30:00,INDEX:NDTH,8.82,9.8,7.84,9.8,0.0
2022-09-26 13:30:00,INDEX:NDTH,9.8,10.78,7.84,8.82,0.0
2022-09-27 13:30:00,INDEX:NDTH,8.82,8.82,7.84,7.84,0.0
2022-09-28 13:30:00,INDEX:NDTH,8.82,11.76,8.82,10.78,0.0
2022-09-29 13:30:00,INDEX:NDTH,11.76,11.76,8.82,8.82,0.0
2022-09-30 13:30:00,INDEX:NDTH,9.8,9.8,8.82,8.82,0.0
2022-10-03 13:30:00,INDEX:NDTH,8.82,10.78,8.82,10.78,0.0
2022-10-04 13:30:00,INDEX:NDTH,14.7,15.68,14.7,14.7,0.0
2022-10-05 13:30:00,INDEX:NDTH,14.7,16.66,13.72,16.66,0.0
2022-10-06 13:30:00,INDEX:NDTH,18.62,18.62,14.7,14.7,0.0
2022-10-07 13:30:00,INDEX:NDTH,14.7,14.7,11.76,12.74,0.0
2022-10-10 13:30:00,INDEX:NDTH,13.72,13.72,11.76,13.72,0.0
2022-10-11 13:30:00,INDEX:NDTH,14.7,14.7,13.72,13.72,0.0
2022-10-12 13:30:00,INDEX:NDTH,14.7,15.68,14.7,14.7,0.0
2022-10-13 13:30:00,INDEX:NDTH,7.84,15.68,7.84,15.68,0.0
2022-10-14 13:30:00,INDEX:NDTH,15.68,15.68,13.72,13.72,0.0
2022-10-17 13:30:00,INDEX:NDTH,15.68,16.66,15.68,15.68,0.0
2022-10-18 13:30:00,INDEX:NDTH,16.66,17.64,16.66,16.66,0.0
2022-10-19 13:30:00,INDEX:NDTH,16.66,16.66,15.68,16.66,0.0
2022-10-20 13:30:00,INDEX:NDTH,16.66,16.66,11.76,11.76,0.0
2022-10-21 13:30:00,INDEX:NDTH,12.74,16.66,12.74,16.66,0.0
2022-10-24 13:30:00,INDEX:NDTH,17.64,17.64,16.66,17.64,0.0
2022-10-25 13:30:00,INDEX:NDTH,19.6,24.5,19.6,24.5,0.0
2022-10-26 13:30:00,INDEX:NDTH,24.5,26.47,24.5,24.5,0.0
2022-10-27 13:30:00,INDEX:NDTH,23.52,26.47,21.56,25.49,0.0
2022-10-28 13:30:00,INDEX:NDTH,25.49,29.41,24.5,28.43,0.0
2022-10-31 13:30:00,INDEX:NDTH,28.43,28.43,27.45,28.43,0.0
2022-11-01 13:30:00,INDEX:NDTH,30.39,30.39,28.43,29.41,0.0
2022-11-02 13:30:00,INDEX:NDTH,28.43,29.41,24.5,24.5,0.0
2022-11-03 13:30:00,INDEX:NDTH,20.58,23.52,20.58,20.58,0.0
2022-11-04 13:30:00,INDEX:NDTH,23.52,26.47,22.54,25.49,0.0
2022-11-07 14:30:00,INDEX:NDTH,26.47,28.43,25.49,28.43,0.0
2022-11-08 14:30:00,INDEX:NDTH,29.41,33.33,26.47,30.39,0.0
2022-11-09 14:30:00,INDEX:NDTH,28.43,30.39,24.5,24.5,0.0
2022-11-10 14:30:00,INDEX:NDTH,36.27,43.13,36.27,43.13,0.0
2022-11-11 14:30:00,INDEX:NDTH,43.13,46.07,41.17,45.09,0.0
2022-11-14 14:30:00,INDEX:NDTH,45.09,49.01,41.17,41.17,0.0
2022-11-15 14:30:00,INDEX:NDTH,48.03,48.03,45.09,45.09,0.0
2022-11-16 14:30:00,INDEX:NDTH,43.13,44.11,42.15,42.15,0.0
2022-11-17 14:30:00,INDEX:NDTH,40.19,42.15,39.21,40.19,0.0
2022-11-18 14:30:00,INDEX:NDTH,45.09,46.07,41.17,46.07,0.0
2022-11-21 14:30:00,INDEX:NDTH,47.05,47.05,45.09,46.07,0.0
2022-11-22 14:30:00,INDEX:NDTH,46.07,50.0,45.09,49.01,0.0
2022-11-23 14:30:00,INDEX:NDTH,48.03,51.96,48.03,49.01,0.0
2022-11-25 14:30:00,INDEX:NDTH,49.01,49.01,49.01,49.01,0.0
2022-11-28 14:30:00,INDEX:NDTH,46.07,46.07,42.15,42.15,0.0
2022-11-29 14:30:00,INDEX:NDTH,43.13,46.07,43.13,45.09,0.0
2022-11-30 14:30:00,INDEX:NDTH,46.07,53.92,44.11,53.92,0.0
2022-12-01 14:30:00,INDEX:NDTH,54.9,54.9,52.94,53.92,0.0
2022-12-02 14:30:00,INDEX:NDTH,47.05,51.96,47.05,50.98,0.0
2022-12-05 14:30:00,INDEX:NDTH,49.01,49.01,46.07,46.07,0.0
2022-12-06 14:30:00,INDEX:NDTH,46.07,46.07,44.11,46.07,0.0
2022-12-07 14:30:00,INDEX:NDTH,44.11,45.09,42.15,43.13,0.0
2022-12-08 14:30:00,INDEX:NDTH,43.13,48.03,43.13,46.07,0.0
2022-12-09 14:30:00,INDEX:NDTH,47.05,48.03,47.05,47.05,0.0
2022-12-12 14:30:00,INDEX:NDTH,48.03,52.94,47.05,52.94,0.0
2022-12-13 14:30:00,INDEX:NDTH,59.8,59.8,53.92,54.9,0.0
2022-12-14 14:30:00,INDEX:NDTH,55.88,56.86,50.0,52.94,0.0
2022-12-15 14:30:00,INDEX:NDTH,45.09,45.09,41.17,42.15,0.0
2022-12-16 14:30:00,INDEX:NDTH,41.17,41.17,39.21,41.17,0.0
2022-12-19 14:30:00,INDEX:NDTH,42.15,42.15,36.27,40.59,0.0
2022-12-20 14:30:00,INDEX:NDTH,42.57,43.56,41.58,42.57,0.0
2022-12-21 14:30:00,INDEX:NDTH,42.57,46.53,42.57,44.55,0.0
2022-12-22 14:30:00,INDEX:NDTH,40.59,40.59,36.63,39.6,0.0
2022-12-23 14:30:00,INDEX:NDTH,39.6,41.58,36.63,41.58,0.0
2022-12-27 14:30:00,INDEX:NDTH,41.58,42.57,39.6,42.57,0.0
2022-12-28 14:30:00,INDEX:NDTH,42.57,42.57,35.64,36.63,0.0
2022-12-29 14:30:00,INDEX:NDTH,38.61,44.55,38.61,42.57,0.0
2022-12-30 14:30:00,INDEX:NDTH,39.6,42.57,37.62,42.57,0.0
2023-01-03 14:30:00,INDEX:NDTH,43.56,43.56,36.63,41.58,0.0
2023-01-04 14:30:00,INDEX:NDTH,42.57,46.53,39.6,43.56,0.0
2023-01-05 14:30:00,INDEX:NDTH,40.59,40.59,38.61,38.61,0.0
2023-01-06 14:30:00,INDEX:NDTH,44.55,49.5,44.55,48.51,0.0
2023-01-09 14:30:00,INDEX:NDTH,48.51,54.45,48.51,49.5,0.0
2023-01-10 14:30:00,INDEX:NDTH,49.5,51.48,48.51,51.48,0.0
2023-01-11 14:30:00,INDEX:NDTH,51.48,58.41,51.48,58.41,0.0
2023-01-12 14:30:00,INDEX:NDTH,58.41,59.4,54.45,56.43,0.0
2023-01-13 14:30:00,INDEX:NDTH,53.46,57.42,52.47,57.42,0.0
2023-01-17 14:30:00,INDEX:NDTH,57.42,58.41,57.42,58.41,0.0
2023-01-18 14:30:00,INDEX:NDTH,58.41,58.41,53.46,53.46,0.0
2023-01-19 14:30:00,INDEX:NDTH,50.49,53.46,49.5,49.5,0.0
2023-01-20 14:30:00,INDEX:NDTH,50.49,53.46,49.5,53.46,0.0
2023-01-23 14:30:00,INDEX:NDTH,54.45,59.4,54.45,58.41,0.0
2023-01-24 14:30:00,INDEX:NDTH,59.4,59.4,58.41,58.41,0.0
2023-01-25 14:30:00,INDEX:NDTH,54.45,57.42,54.45,56.43,0.0
2023-01-26 14:30:00,INDEX:NDTH,57.42,58.41,56.43,58.41,0.0
2023-01-27 14:30:00,INDEX:NDTH,58.41,62.37,58.41,62.37,0.0
2023-01-30 14:30:00,INDEX:NDTH,59.4,61.38,58.41,58.41,0.0
2023-01-31 14:30:00,INDEX:NDTH,58.41,63.36,58.41,63.36,0.0
2023-02-01 14:30:00,INDEX:NDTH,59.4,67.32,59.4,65.34,0.0
2023-02-02 14:30:00,INDEX:NDTH,74.25,75.24,72.27,75.24,0.0
2023-02-03 14:30:00,INDEX:NDTH,71.28,72.27,66.33,66.33,0.0
2023-02-06 14:30:00,INDEX:NDTH,66.33,66.33,62.37,64.35,0.0
2023-02-07 14:30:00,INDEX:NDTH,64.35,72.27,63.36,71.28,0.0
2023-02-08 14:30:00,INDEX:NDTH,68.31,68.31,66.33,66.33,0.0
2023-02-09 14:30:00,INDEX:NDTH,70.29,70.29,66.33,66.33,0.0
2023-02-10 14:30:00,INDEX:NDTH,67.32,67.32,63.36,67.32,0.0
2023-02-13 14:30:00,INDEX:NDTH,66.33,70.29,66.33,70.29,0.0
2023-02-14 14:30:00,INDEX:NDTH,70.29,71.28,67.32,71.28,0.0
2023-02-15 14:30:00,INDEX:NDTH,69.3,72.27,69.3,71.28,0.0
2023-02-16 14:30:00,INDEX:NDTH,71.28,72.27,70.29,71.28,0.0
2023-02-17 14:30:00,INDEX:NDTH,69.3,69.3,65.34,67.32,0.0
2023-02-21 14:30:00,INDEX:NDTH,65.34,65.34,60.39,62.37,0.0
2023-02-22 14:30:00,INDEX:NDTH,64.35,64.35,61.38,62.37,0.0
2023-02-23 14:30:00,INDEX:NDTH,65.34,65.34,56.43,64.35,0.0
2023-02-24 14:30:00,INDEX:NDTH,55.44,55.44,53.46,55.44,0.0
2023-02-27 14:30:00,INDEX:NDTH,60.39,60.39,56.43,57.42,0.0
2023-02-28 14:30:00,INDEX:NDTH,52.47,58.41,52.47,52.47,0.0
2023-03-01 14:30:00,INDEX:NDTH,50.49,52.47,47.52,50.49,0.0
2023-03-02 14:30:00,INDEX:NDTH,49.5,56.43,49.5,56.43,0.0
2023-03-03 14:30:00,INDEX:NDTH,58.41,64.35,58.41,63.36,0.0
2023-03-06 14:30:00,INDEX:NDTH,62.37,64.35,60.39,62.37,0.0
2023-03-07 14:30:00,INDEX:NDTH,60.39,63.36,55.44,56.43,0.0
2023-03-08 14:30:00,INDEX:NDTH,55.44,57.42,52.47,57.42,0.0
2023-03-09 14:30:00,INDEX:NDTH,58.41,59.4,49.5,49.5,0.0
2023-03-10 14:30:00,INDEX:NDTH,51.48,53.46,48.51,48.51,0.0
2023-03-13 13:30:00,INDEX:NDTH,52.47,56.43,52.47,53.46,0.0
2023-03-14 13:30:00,INDEX:NDTH,53.46,55.44,52.47,55.44,0.0
2023-03-15 13:30:00,INDEX:NDTH,54.45,55.44,50.49,55.44,0.0
2023-03-16 13:30:00,INDEX:NDTH,51.48,55.44,51.48,55.44,0.0
2023-03-17 13:30:00,INDEX:NDTH,55.44,59.4,54.45,57.42,0.0
2023-03-20 13:30:00,INDEX:NDTH,56.43,58.41,55.44,57.42,0.0
2023-03-21 13:30:00,INDEX:NDTH,61.38,61.38,61.38,61.38,0.0
2023-03-22 13:30:00,INDEX:NDTH,62.37,62.37,59.4,59.4,0.0
2023-03-23 13:30:00,INDEX:NDTH,60.39,61.38,58.41,60.39,0.0
2023-03-24 13:30:00,INDEX:NDTH,58.41,61.38,57.42,59.4,0.0
2023-03-27 13:30:00,INDEX:NDTH,64.35,64.35,59.4,61.38,0.0
2023-03-28 13:30:00,INDEX:NDTH,58.41,60.39,58.41,60.39,0.0
2023-03-29 13:30:00,INDEX:NDTH,62.37,64.35,61.38,63.36,0.0
2023-03-30 13:30:00,INDEX:NDTH,64.35,65.34,63.36,65.34,0.0
2023-03-31 13:30:00,INDEX:NDTH,67.32,68.31,66.33,68.31,0.0
2023-04-03 13:30:00,INDEX:NDTH,67.32,69.3,67.32,68.31,0.0
2023-04-04 13:30:00,INDEX:NDTH,67.32,70.29,67.32,68.31,0.0
2023-04-05 13:30:00,INDEX:NDTH,68.31,70.29,67.32,69.3,0.0
2023-04-06 13:30:00,INDEX:NDTH,69.3,70.29,69.3,69.3,0.0
2023-04-10 13:30:00,INDEX:NDTH,70.29,71.28,68.31,70.29,0.0
2023-04-11 13:30:00,INDEX:NDTH,69.3,71.28,69.3,69.3,0.0
2023-04-12 13:30:00,INDEX:NDTH,69.3,70.29,69.3,69.3,0.0
2023-04-13 13:30:00,INDEX:NDTH,69.3,70.29,69.3,70.29,0.0
2023-04-14 13:30:00,INDEX:NDTH,69.3,71.28,68.31,68.31,0.0
2023-04-17 13:30:00,INDEX:NDTH,69.3,69.3,68.31,68.31,0.0
2023-04-18 13:30:00,INDEX:NDTH,69.3,70.29,68.31,69.3,0.0
2023-04-19 13:30:00,INDEX:NDTH,69.3,69.3,67.32,67.32,0.0
2023-04-20 13:30:00,INDEX:NDTH,69.3,72.27,69.3,71.28,0.0
2023-04-21 13:30:00,INDEX:NDTH,70.29,73.26,69.3,72.27,0.0
2023-04-24 13:30:00,INDEX:NDTH,72.27,72.27,70.29,71.28,0.0
2023-04-25 13:30:00,INDEX:NDTH,70.29,70.29,65.34,66.33,0.0
2023-04-26 13:30:00,INDEX:NDTH,65.34,65.34,57.42,58.41,0.0
2023-04-27 13:30:00,INDEX:NDTH,59.4,65.34,59.4,65.34,0.0
2023-04-28 13:30:00,INDEX:NDTH,66.33,68.31,66.33,68.31,0.0
2023-05-01 13:30:00,INDEX:NDTH,67.32,67.32,66.33,67.32,0.0
2023-05-02 13:30:00,INDEX:NDTH,64.35,64.35,59.4,62.37,0.0
2023-05-03 13:30:00,INDEX:NDTH,63.36,63.36,59.4,59.4,0.0
2023-05-04 13:30:00,INDEX:NDTH,60.39,62.37,59.4,61.38,0.0
2023-05-05 13:30:00,INDEX:NDTH,63.36,64.35,62.37,63.36,0.0
2023-05-08 13:30:00,INDEX:NDTH,62.37,64.35,61.38,62.37,0.0
2023-05-09 13:30:00,INDEX:NDTH,59.4,63.36,58.41,62.37,0.0
2023-05-10 13:30:00,INDEX:NDTH,68.31,68.31,60.39,65.34,0.0
2023-05-11 13:30:00,INDEX:NDTH,62.37,62.37,59.4,62.37,0.0
2023-05-12 13:30:00,INDEX:NDTH,62.37,64.35,58.41,63.36,0.0
2023-05-15 13:30:00,INDEX:NDTH,61.38,65.34,61.38,65.34,0.0
2023-05-16 13:30:00,INDEX:NDTH,61.38,61.38,59.4,59.4,0.0
2023-05-17 13:30:00,INDEX:NDTH,62.37,63.36,59.4,62.37,0.0
2023-05-18 13:30:00,INDEX:NDTH,60.39,71.28,60.39,71.28,0.0
2023-05-19 13:30:00,INDEX:NDTH,68.31,68.31,65.34,65.34,0.0
2023-05-22 13:30:00,INDEX:NDTH,66.33,70.29,66.33,67.32,0.0
2023-05-23 13:30:00,INDEX:NDTH,67.32,67.32,64.35,65.34,0.0
2023-05-24 13:30:00,INDEX:NDTH,66.33,66.33,60.39,62.37,0.0
2023-05-25 13:30:00,INDEX:NDTH,55.44,59.4,54.45,57.42,0.0
2023-05-26 13:30:00,INDEX:NDTH,61.38,65.34,61.38,64.35,0.0
2023-05-30 13:30:00,INDEX:NDTH,65.34,66.33,63.36,63.36,0.0
2023-05-31 13:30:00,INDEX:NDTH,61.38,66.33,60.39,66.33,0.0
2023-06-01 13:30:00,INDEX:NDTH,66.33,68.31,66.33,67.32,0.0
2023-06-02 13:30:00,INDEX:NDTH,69.3,73.26,69.3,73.26,0.0
2023-06-05 13:30:00,INDEX:NDTH,73.26,73.26,70.29,71.28,0.0
2023-06-06 13:30:00,INDEX:NDTH,70.29,71.28,69.3,69.3,0.0
2023-06-07 13:30:00,INDEX:NDTH,71.28,72.27,70.0,70.0,0.0
2023-06-08 13:30:00,INDEX:NDTH,70.0,73.0,70.0,73.0,0.0
2023-06-09 13:30:00,INDEX:NDTH,73.0,75.0,70.0,72.0,0.0
2023-06-12 13:30:00,INDEX:NDTH,74.0,76.0,74.0,76.0,0.0
2023-06-13 13:30:00,INDEX:NDTH,76.0,77.0,76.0,77.0,0.0
2023-06-14 13:30:00,INDEX:NDTH,77.0,77.0,77.0,77.0,0.0
2023-06-15 13:30:00,INDEX:NDTH,77.0,79.0,77.0,78.0,0.0
2023-06-16 13:30:00,INDEX:NDTH,79.0,80.0,77.0,77.0,0.0
2023-06-20 13:30:00,INDEX:NDTH,77.0,77.0,75.0,75.0,0.0
2023-06-21 13:30:00,INDEX:NDTH,74.0,74.0,72.0,72.0,0.0
2023-06-22 13:30:00,INDEX:NDTH,71.0,73.0,71.0,73.0,0.0
2023-06-23 13:30:00,INDEX:NDTH,69.0,70.0,68.0,69.0,0.0
2023-06-26 13:30:00,INDEX:NDTH,68.0,71.0,68.0,68.0,0.0
2023-06-27 13:30:00,INDEX:NDTH,70.0,75.0,70.0,73.0,0.0
2023-06-28 13:30:00,INDEX:NDTH,72.0,74.0,72.0,73.0,0.0
2023-06-29 13:30:00,INDEX:NDTH,73.0,73.0,72.0,72.0,0.0
2023-06-30 13:30:00,INDEX:NDTH,74.25,75.24,74.25,75.24,0.0
2023-07-03 13:30:00,INDEX:NDTH,74.25,77.22,73.26,77.22,0.0
2023-07-05 13:30:00,INDEX:NDTH,75.24,76.23,73.26,75.24,0.0
2023-07-06 13:30:00,INDEX:NDTH,73.26,74.25,71.28,74.25,0.0
2023-07-07 13:30:00,INDEX:NDTH,72.27,75.24,72.27,72.27,0.0
2023-07-10 13:30:00,INDEX:NDTH,74.25,75.24,73.26,75.24,0.0
2023-07-11 13:30:00,INDEX:NDTH,75.24,77.22,75.24,76.23,0.0
2023-07-12 13:30:00,INDEX:NDTH,77.22,80.19,77.22,79.2,0.0
2023-07-13 13:30:00,INDEX:NDTH,79.2,81.18,78.21,81.18,0.0
2023-07-14 13:30:00,INDEX:NDTH,81.18,81.18,78.21,79.2,0.0
2023-07-17 13:30:00,INDEX:NDTH,79.2,81.18,79.2,81.18,0.0
2023-07-18 13:30:00,INDEX:NDTH,81.18,82.17,79.2,80.19,0.0
2023-07-19 13:30:00,INDEX:NDTH,85.14,85.14,81.18,81.18,0.0
2023-07-20 13:30:00,INDEX:NDTH,81.18,84.15,81.18,82.17,0.0
2023-07-21 13:30:00,INDEX:NDTH,82.17,84.15,82.17,83.16,0.0
2023-07-24 13:30:00,INDEX:NDTH,83.16,83.16,81.18,82.17,0.0
2023-07-25 13:30:00,INDEX:NDTH,82.17,83.16,82.17,82.17,0.0
2023-07-26 13:30:00,INDEX:NDTH,82.17,82.17,80.19,80.19,0.0
2023-07-27 13:30:00,INDEX:NDTH,80.19,84.15,79.2,79.2,0.0
2023-07-28 13:30:00,INDEX:NDTH,79.2,82.17,79.2,82.17,0.0
2023-07-31 13:30:00,INDEX:NDTH,84.15,84.15,83.16,84.15,0.0
2023-08-01 13:30:00,INDEX:NDTH,84.15,84.15,81.18,83.16,0.0
2023-08-02 13:30:00,INDEX:NDTH,83.16,83.16,77.22,78.21,0.0
2023-08-03 13:30:00,INDEX:NDTH,78.21,78.21,75.24,76.23,0.0
2023-08-04 13:30:00,INDEX:NDTH,74.25,77.22,74.25,74.25,0.0
2023-08-07 13:30:00,INDEX:NDTH,74.25,77.22,74.25,76.23,0.0
2023-08-08 13:30:00,INDEX:NDTH,76.23,76.23,71.28,71.28,0.0
2023-08-09 13:30:00,INDEX:NDTH,71.28,74.25,71.28,74.25,0.0
2023-08-10 13:30:00,INDEX:NDTH,74.25,76.23,73.26,73.26,0.0
2023-08-11 13:30:00,INDEX:NDTH,74.25,74.25,72.27,72.27,0.0
2023-08-14 13:30:00,INDEX:NDTH,72.27,72.27,72.27,72.27,0.0
2023-08-15 13:30:00,INDEX:NDTH,72.27,72.27,71.28,71.28,0.0
2023-08-16 13:30:00,INDEX:NDTH,71.28,71.28,70.29,70.29,0.0
2023-08-17 13:30:00,INDEX:NDTH,70.29,70.29,63.36,63.36,0.0
2023-08-18 13:30:00,INDEX:NDTH,63.36,66.33,62.37,66.33,0.0
2023-08-21 13:30:00,INDEX:NDTH,66.33,66.33,64.35,66.33,0.0
2023-08-22 13:30:00,INDEX:NDTH,66.33,66.33,66.33,66.33,0.0
2023-08-23 13:30:00,INDEX:NDTH,66.33,68.31,66.33,67.32,0.0
2023-08-24 13:30:00,INDEX:NDTH,67.32,68.31,65.34,65.34,0.0
2023-08-25 13:30:00,INDEX:NDTH,65.34,67.32,65.34,66.33,0.0
2023-08-28 13:30:00,INDEX:NDTH,66.33,69.3,66.33,68.31,0.0
2023-08-29 13:30:00,INDEX:NDTH,68.31,70.29,68.31,70.29,0.0
2023-08-30 13:30:00,INDEX:NDTH,70.29,71.28,69.3,70.29,0.0
2023-08-31 13:30:00,INDEX:NDTH,70.29,72.27,70.29,71.28,0.0
2023-09-01 13:30:00,INDEX:NDTH,71.28,71.28,70.29,70.29,0.0
2023-09-05 13:30:00,INDEX:NDTH,69.3,69.3,69.3,69.3,0.0
2023-09-06 13:30:00,INDEX:NDTH,69.3,70.29,68.31,70.29,0.0
2023-09-07 13:30:00,INDEX:NDTH,67.32,68.31,66.33,66.33,0.0
2023-09-08 13:30:00,INDEX:NDTH,66.33,66.33,66.33,66.33,0.0
2023-09-11 13:30:00,INDEX:NDTH,66.33,67.32,66.33,67.32,0.0
2023-09-12 13:30:00,INDEX:NDTH,67.32,67.32,67.32,67.32,0.0
2023-09-13 13:30:00,INDEX:NDTH,67.32,68.31,66.33,67.32,0.0
2023-09-14 13:30:00,INDEX:NDTH,67.32,71.28,67.32,69.3,0.0
2023-09-15 13:30:00,INDEX:NDTH,69.3,69.3,68.31,68.31,0.0
2023-09-18 13:30:00,INDEX:NDTH,68.31,68.31,66.33,67.32,0.0
2023-09-19 13:30:00,INDEX:NDTH,67.32,67.32,65.34,66.33,0.0
2023-09-20 13:30:00,INDEX:NDTH,66.33,68.31,66.33,66.33,0.0
2023-09-21 13:30:00,INDEX:NDTH,66.33,66.33,61.38,61.38,0.0
2023-09-22 13:30:00,INDEX:NDTH,61.38,65.34,60.39,60.39,0.0
2023-09-25 13:30:00,INDEX:NDTH,60.39,61.38,57.42,60.39,0.0
2023-09-26 13:30:00,INDEX:NDTH,58.41,58.41,57.42,58.41,0.0
2023-09-27 13:30:00,INDEX:NDTH,58.41,58.41,58.41,58.41,0.0
2023-09-28 13:30:00,INDEX:NDTH,58.41,61.38,58.41,61.38,0.0
2023-09-29 13:30:00,INDEX:NDTH,61.38,63.36,61.38,62.37,0.0
2023-10-02 13:30:00,INDEX:NDTH,62.37,62.37,60.39,60.39,0.0
2023-10-03 13:30:00,INDEX:NDTH,60.39,60.39,56.43,56.43,0.0
2023-10-04 13:30:00,INDEX:NDTH,56.43,59.4,56.43,59.4,0.0
2023-10-05 13:30:00,INDEX:NDTH,59.4,59.4,54.45,59.4,0.0
2023-10-06 13:30:00,INDEX:NDTH,59.4,61.38,54.45,60.39,0.0
2023-10-09 13:30:00,INDEX:NDTH,60.39,62.37,60.39,61.38,0.0
2023-10-10 13:30:00,INDEX:NDTH,61.38,66.33,61.38,66.33,0.0
2023-10-11 13:30:00,INDEX:NDTH,66.33,66.33,62.37,64.35,0.0
2023-10-12 13:30:00,INDEX:NDTH,64.35,64.35,60.39,62.37,0.0
2023-10-13 13:30:00,INDEX:NDTH,62.37,62.37,59.4,61.38,0.0
2023-10-16 13:30:00,INDEX:NDTH,61.38,62.37,61.38,62.37,0.0
2023-10-17 13:30:00,INDEX:NDTH,62.37,64.35,60.39,63.36,0.0
2023-10-18 13:30:00,INDEX:NDTH,63.36,63.36,58.41,58.41,0.0
2023-10-19 13:30:00,INDEX:NDTH,58.41,59.4,56.43,57.42,0.0
2023-10-20 13:30:00,INDEX:NDTH,57.42,57.42,52.47,53.46,0.0
2023-10-23 13:30:00,INDEX:NDTH,53.46,53.46,51.48,51.48,0.0
2023-10-24 13:30:00,INDEX:NDTH,51.48,54.45,51.48,53.46,0.0
2023-10-25 13:30:00,INDEX:NDTH,53.46,53.46,45.54,46.53,0.0
2023-10-26 13:30:00,INDEX:NDTH,45.54,46.53,43.56,44.55,0.0
2023-10-27 13:30:00,INDEX:NDTH,44.55,44.55,39.6,40.59,0.0
2023-10-30 13:30:00,INDEX:NDTH,40.59,44.55,39.6,43.56,0.0
2023-10-31 13:30:00,INDEX:NDTH,43.56,48.51,42.57,48.51,0.0
2023-11-01 13:30:00,INDEX:NDTH,48.51,53.46,47.52,53.46,0.0
2023-11-02 13:30:00,INDEX:NDTH,53.46,55.44,52.47,52.47,0.0
2023-11-03 13:30:00,INDEX:NDTH,57.42,59.4,56.43,58.41,0.0
2023-11-06 14:30:00,INDEX:NDTH,58.41,58.41,56.43,56.43,0.0
2023-11-07 14:30:00,INDEX:NDTH,58.41,60.39,58.41,60.39,0.0
2023-11-08 14:30:00,INDEX:NDTH,60.39,60.39,57.42,58.41,0.0
2023-11-09 14:30:00,INDEX:NDTH,58.41,58.41,54.45,54.45,0.0
2023-11-10 14:30:00,INDEX:NDTH,54.45,61.38,54.45,60.39,0.0
2023-11-13 14:30:00,INDEX:NDTH,60.39,61.38,58.41,60.39,0.0
2023-11-14 14:30:00,INDEX:NDTH,60.39,67.32,60.39,66.33,0.0
2023-11-15 14:30:00,INDEX:NDTH,66.33,68.31,66.33,66.33,0.0
2023-11-16 14:30:00,INDEX:NDTH,67.32,67.32,65.34,67.32,0.0
2023-11-17 14:30:00,INDEX:NDTH,67.32,67.32,65.34,67.32,0.0
2023-11-20 14:30:00,INDEX:NDTH,67.32,68.31,66.33,67.32,0.0
2023-11-21 14:30:00,INDEX:NDTH,67.32,68.31,66.33,67.32,0.0
2023-11-22 14:30:00,INDEX:NDTH,68.31,70.29,67.32,68.31,0.0
2023-11-24 14:30:00,INDEX:NDTH,68.31,70.29,68.31,70.29,0.0
2023-11-27 14:30:00,INDEX:NDTH,70.29,70.29,66.33,68.31,0.0
2023-11-28 14:30:00,INDEX:NDTH,68.31,70.29,67.32,70.29,0.0
2023-11-29 14:30:00,INDEX:NDTH,71.28,71.28,68.31,68.31,0.0
2023-11-30 14:30:00,INDEX:NDTH,68.31,70.29,64.35,70.29,0.0
2023-12-01 14:30:00,INDEX:NDTH,70.29,72.27,68.31,72.27,0.0
2023-12-04 14:30:00,INDEX:NDTH,69.3,71.28,67.32,71.28,0.0
2023-12-05 14:30:00,INDEX:NDTH,71.28,71.28,66.33,67.32,0.0
2023-12-06 14:30:00,INDEX:NDTH,67.32,69.3,67.32,68.31,0.0
2023-12-07 14:30:00,INDEX:NDTH,68.31,70.29,67.32,69.3,0.0
2023-12-08 14:30:00,INDEX:NDTH,68.31,70.29,67.32,70.29,0.0
2023-12-11 14:30:00,INDEX:NDTH,70.29,74.25,70.29,73.26,0.0
2023-12-12 14:30:00,INDEX:NDTH,73.26,73.26,72.27,72.27,0.0
2023-12-13 14:30:00,INDEX:NDTH,72.27,77.22,72.27,77.22,0.0
2023-12-14 14:30:00,INDEX:NDTH,77.22,83.16,77.22,77.22,0.0
2023-12-15 14:30:00,INDEX:NDTH,77.22,77.22,73.26,74.25,0.0
2023-12-18 14:30:00,INDEX:NDTH,74.25,76.23,72.27,75.0,0.0
2023-12-19 14:30:00,INDEX:NDTH,75.0,79.0,75.0,78.0,0.0
2023-12-20 14:30:00,INDEX:NDTH,78.0,78.0,72.0,72.0,0.0
2023-12-21 14:30:00,INDEX:NDTH,72.0,77.0,71.0,77.0,0.0
2023-12-22 14:30:00,INDEX:NDTH,77.0,81.0,77.0,80.0,0.0
2023-12-26 14:30:00,INDEX:NDTH,80.0,82.0,79.0,81.0,0.0
2023-12-27 14:30:00,INDEX:NDTH,81.0,81.0,80.0,80.0,0.0
2023-12-28 14:30:00,INDEX:NDTH,80.0,81.0,80.0,81.0,0.0
2023-12-29 14:30:00,INDEX:NDTH,81.0,84.15,80.0,80.0,0.0
2024-01-02 14:30:00,INDEX:NDTH,84.15,87.12,84.15,86.13,0.0
2024-01-03 14:30:00,INDEX:NDTH,86.13,86.13,83.16,85.14,0.0
2024-01-04 14:30:00,INDEX:NDTH,85.14,85.14,82.17,82.17,0.0
2024-01-05 14:30:00,INDEX:NDTH,82.17,83.16,81.18,81.18,0.0
2024-01-08 14:30:00,INDEX:NDTH,80.19,83.16,80.19,83.16,0.0
2024-01-09 14:30:00,INDEX:NDTH,83.16,83.16,81.18,81.18,0.0
2024-01-10 14:30:00,INDEX:NDTH,81.18,83.16,81.18,82.17,0.0
2024-01-11 14:30:00,INDEX:NDTH,80.19,80.19,78.21,79.2,0.0
2024-01-12 14:30:00,INDEX:NDTH,80.19,80.19,79.2,79.2,0.0
2024-01-16 14:30:00,INDEX:NDTH,79.2,79.2,78.21,78.21,0.0
2024-01-17 14:30:00,INDEX:NDTH,76.23,77.22,75.24,76.23,0.0
2024-01-18 14:30:00,INDEX:NDTH,76.23,77.22,75.24,77.22,0.0
2024-01-19 14:30:00,INDEX:NDTH,77.22,80.19,77.22,79.2,0.0
2024-01-22 14:30:00,INDEX:NDTH,79.2,81.18,79.2,80.19,0.0
2024-01-23 14:30:00,INDEX:NDTH,80.19,81.18,80.19,80.19,0.0
2024-01-24 14:30:00,INDEX:NDTH,80.19,80.19,78.21,78.21,0.0
2024-01-25 14:30:00,INDEX:NDTH,78.21,80.19,78.21,79.2,0.0
2024-01-26 14:30:00,INDEX:NDTH,79.2,79.2,77.22,77.22,0.0
2024-01-29 14:30:00,INDEX:NDTH,77.22,81.18,77.22,81.18,0.0
2024-01-30 14:30:00,INDEX:NDTH,81.18,81.18,76.23,79.2,0.0
2024-01-31 14:30:00,INDEX:NDTH,79.2,79.2,75.24,75.24,0.0
2024-02-01 14:30:00,INDEX:NDTH,75.24,78.21,74.25,77.22,0.0
2024-02-02 14:30:00,INDEX:NDTH,77.22,78.21,75.24,77.22,0.0
2024-02-05 14:30:00,INDEX:NDTH,77.22,77.22,74.25,75.24,0.0
2024-02-06 14:30:00,INDEX:NDTH,75.24,78.21,75.24,78.21,0.0
2024-02-07 14:30:00,INDEX:NDTH,78.21,78.21,77.22,77.22,0.0
2024-02-08 14:30:00,INDEX:NDTH,77.22,77.22,75.24,76.23,0.0
2024-02-09 14:30:00,INDEX:NDTH,76.23,76.23,74.25,75.24,0.0
2024-02-12 14:30:00,INDEX:NDTH,75.24,77.22,75.24,76.23,0.0
2024-02-13 14:30:00,INDEX:NDTH,76.23,76.23,72.27,74.25,0.0
2024-02-14 14:30:00,INDEX:NDTH,74.25,74.25,70.29,72.27,0.0
2024-02-15 14:30:00,INDEX:NDTH,75.24,77.22,73.26,77.22,0.0
2024-02-16 14:30:00,INDEX:NDTH,77.22,77.22,73.26,74.25,0.0
2024-02-20 14:30:00,INDEX:NDTH,74.25,76.23,74.25,75.24,0.0
2024-02-21 14:30:00,INDEX:NDTH,75.24,77.22,75.24,77.22,0.0
2024-02-22 14:30:00,INDEX:NDTH,77.22,79.2,76.23,79.2,0.0
2024-02-23 14:30:00,INDEX:NDTH,79.2,79.2,77.22,77.22,0.0
2024-02-26 14:30:00,INDEX:NDTH,77.22,78.21,77.22,77.22,0.0
2024-02-27 14:30:00,INDEX:NDTH,77.22,79.2,77.22,79.2,0.0
2024-02-28 14:30:00,INDEX:NDTH,79.2,79.2,74.25,74.25,0.0
2024-02-29 14:30:00,INDEX:NDTH,74.25,78.21,74.25,76.23,0.0
2024-03-01 14:30:00,INDEX:NDTH,76.23,77.22,76.23,77.22,0.0
2024-03-04 14:30:00,INDEX:NDTH,77.22,77.22,73.26,75.24,0.0
2024-03-05 14:30:00,INDEX:NDTH,75.24,75.24,71.28,72.27,0.0
2024-03-06 14:30:00,INDEX:NDTH,72.27,74.25,72.27,74.25,0.0
2024-03-07 14:30:00,INDEX:NDTH,74.25,76.23,72.27,75.24,0.0
2024-03-08 14:30:00,INDEX:NDTH,75.24,77.22,75.24,76.23,0.0
2024-03-11 13:30:00,INDEX:NDTH,76.23,78.21,75.24,78.21,0.0
2024-03-12 13:30:00,INDEX:NDTH,78.21,78.21,76.23,77.22,0.0
2024-03-13 13:30:00,INDEX:NDTH,77.22,78.21,76.23,78.21,0.0
2024-03-14 13:30:00,INDEX:NDTH,75.24,75.24,73.26,74.25,0.0
2024-03-15 13:30:00,INDEX:NDTH,74.25,74.25,72.27,72.27,0.0
2024-03-18 13:30:00,INDEX:NDTH,72.27,75.24,72.27,72.27,0.0
2024-03-19 13:30:00,INDEX:NDTH,72.27,76.23,72.27,76.0,0.0
2024-03-20 13:30:00,INDEX:NDTH,76.0,77.0,74.0,76.0,0.0
2024-03-21 13:30:00,INDEX:NDTH,77.0,78.0,76.0,76.0,0.0
2024-03-22 13:30:00,INDEX:NDTH,76.0,76.0,75.0,75.0,0.0
2024-03-25 13:30:00,INDEX:NDTH,75.0,75.0,71.0,71.0,0.0
2024-03-26 13:30:00,INDEX:NDTH,71.0,71.0,70.0,71.0,0.0
2024-03-27 13:30:00,INDEX:NDTH,71.0,75.24,71.0,75.24,0.0
2024-03-28 13:30:00,INDEX:NDTH,75.24,77.22,75.24,76.23,0.0
2024-04-01 13:30:00,INDEX:NDTH,76.23,77.22,76.23,77.22,0.0
2024-04-02 13:30:00,INDEX:NDTH,77.22,77.22,75.24,76.23,0.0
2024-04-03 13:30:00,INDEX:NDTH,76.23,76.23,73.26,73.26,0.0
2024-04-04 13:30:00,INDEX:NDTH,73.26,76.23,69.3,70.29,0.0
2024-04-05 13:30:00,INDEX:NDTH,70.29,73.26,69.3,71.28,0.0
2024-04-08 13:30:00,INDEX:NDTH,71.28,71.28,68.31,68.31,0.0
2024-04-09 13:30:00,INDEX:NDTH,68.31,74.25,68.31,73.26,0.0
2024-04-10 13:30:00,INDEX:NDTH,73.26,73.26,67.32,69.3,0.0
2024-04-11 13:30:00,INDEX:NDTH,69.3,73.26,68.31,69.3,0.0
2024-04-12 13:30:00,INDEX:NDTH,69.3,69.3,66.33,67.32,0.0
2024-04-15 13:30:00,INDEX:NDTH,67.32,67.32,63.36,63.36,0.0
2024-04-16 13:30:00,INDEX:NDTH,63.36,63.36,61.38,63.36,0.0
2024-04-17 13:30:00,INDEX:NDTH,63.36,63.36,61.38,62.37,0.0
2024-04-18 13:30:00,INDEX:NDTH,61.38,63.36,61.38,62.37,0.0
2024-04-19 13:30:00,INDEX:NDTH,62.37,62.37,56.43,59.4,0.0
2024-04-22 13:30:00,INDEX:NDTH,59.4,66.33,58.41,65.34,0.0
2024-04-23 13:30:00,INDEX:NDTH,67.32,67.32,65.34,66.33,0.0
2024-04-24 13:30:00,INDEX:NDTH,66.33,67.32,64.35,66.33,0.0
2024-04-25 13:30:00,INDEX:NDTH,64.35,65.34,63.36,64.35,0.0
2024-04-26 13:30:00,INDEX:NDTH,64.35,65.34,62.37,62.37,0.0
2024-04-29 13:30:00,INDEX:NDTH,62.37,66.33,62.37,65.34,0.0
2024-04-30 13:30:00,INDEX:NDTH,65.34,66.33,62.37,63.36,0.0
2024-05-01 13:30:00,INDEX:NDTH,63.36,65.34,60.39,61.38,0.0
2024-05-02 13:30:00,INDEX:NDTH,60.39,61.38,58.41,60.39,0.0
2024-05-03 13:30:00,INDEX:NDTH,64.35,65.34,61.38,65.34,0.0
2024-05-06 13:30:00,INDEX:NDTH,65.34,66.33,62.37,66.33,0.0
2024-05-07 13:30:00,INDEX:NDTH,66.33,68.31,65.34,66.33,0.0
2024-05-08 13:30:00,INDEX:NDTH,66.33,67.32,65.34,65.34,0.0
2024-05-09 13:30:00,INDEX:NDTH,65.34,69.3,65.34,68.31,0.0
2024-05-10 13:30:00,INDEX:NDTH,68.31,70.29,67.32,69.3,0.0
2024-05-13 13:30:00,INDEX:NDTH,69.3,71.28,69.3,69.3,0.0
2024-05-14 13:30:00,INDEX:NDTH,69.3,70.29,67.32,68.31,0.0
2024-05-15 13:30:00,INDEX:NDTH,70.29,70.29,70.29,70.29,0.0
2024-05-16 13:30:00,INDEX:NDTH,70.29,71.28,70.29,71.28,0.0
2024-05-17 13:30:00,INDEX:NDTH,71.28,74.25,71.28,72.27,0.0
2024-05-20 13:30:00,INDEX:NDTH,72.27,73.26,70.29,70.29,0.0
2024-05-21 13:30:00,INDEX:NDTH,70.29,72.27,69.3,72.27,0.0
2024-05-22 13:30:00,INDEX:NDTH,72.27,74.25,72.27,73.26,0.0
2024-05-23 13:30:00,INDEX:NDTH,70.29,71.28,68.31,68.31,0.0
2024-05-24 13:30:00,INDEX:NDTH,68.31,70.29,68.31,70.29,0.0
2024-05-28 13:30:00,INDEX:NDTH,70.29,70.29,65.34,65.34,0.0
2024-05-29 13:30:00,INDEX:NDTH,65.34,65.34,61.38,61.38,0.0
2024-05-30 13:30:00,INDEX:NDTH,61.38,61.38,59.4,61.38,0.0
2024-05-31 13:30:00,INDEX:NDTH,63.36,64.35,56.43,63.36,0.0
2024-06-03 13:30:00,INDEX:NDTH,63.36,63.36,57.42,58.41,0.0
2024-06-04 13:30:00,INDEX:NDTH,58.41,61.38,58.41,61.38,0.0
2024-06-05 13:30:00,INDEX:NDTH,61.38,63.36,60.39,62.37,0.0
2024-06-06 13:30:00,INDEX:NDTH,60.39,62.37,59.4,60.39,0.0
2024-06-07 13:30:00,INDEX:NDTH,60.39,61.38,59.4,60.39,0.0
2024-06-10 13:30:00,INDEX:NDTH,60.39,61.38,59.4,60.39,0.0
2024-06-11 13:30:00,INDEX:NDTH,60.39,62.37,60.39,62.37,0.0
2024-06-12 13:30:00,INDEX:NDTH,63.36,65.34,62.37,63.36,0.0
2024-06-13 13:30:00,INDEX:NDTH,63.36,63.36,59.4,63.36,0.0
2024-06-14 13:30:00,INDEX:NDTH,63.36,63.36,60.39,61.38,0.0
2024-06-17 13:30:00,INDEX:NDTH,61.38,66.33,61.38,65.34,0.0
2024-06-18 13:30:00,INDEX:NDTH,65.34,65.34,65.34,65.34,0.0
2024-06-20 13:30:00,INDEX:NDTH,65.34,65.34,63.36,65.34,0.0
2024-06-21 13:30:00,INDEX:NDTH,65.34,66.33,63.36,66.33,0.0
2024-06-24 13:30:00,INDEX:NDTH,66.33,66.33,64.35,64.35,0.0
2024-06-25 13:30:00,INDEX:NDTH,64.35,64.35,63.36,63.36,0.0
2024-06-26 13:30:00,INDEX:NDTH,63.36,63.36,61.38,61.38,0.0
2024-06-27 13:30:00,INDEX:NDTH,61.38,62.37,61.38,62.37,0.0
2024-06-28 13:30:00,INDEX:NDTH,62.37,64.35,62.37,62.37,0.0
2024-07-01 13:30:00,INDEX:NDTH,62.37,64.7,61.38,64.7,0.0
2024-07-02 13:30:00,INDEX:NDTH,64.7,64.7,62.74,63.72,0.0
2024-07-03 13:30:00,INDEX:NDTH,63.72,64.7,63.72,64.7,0.0
2024-07-05 13:30:00,INDEX:NDTH,64.7,64.7,63.72,63.72,0.0
2024-07-08 13:30:00,INDEX:NDTH,63.72,64.7,63.72,63.72,0.0
2024-07-09 13:30:00,INDEX:NDTH,63.72,63.72,62.74,63.72,0.0
2024-07-10 13:30:00,INDEX:NDTH,63.72,64.7,61.76,64.7,0.0
2024-07-11 13:30:00,INDEX:NDTH,64.7,67.64,64.7,64.7,0.0
2024-07-12 13:30:00,INDEX:NDTH,64.7,70.58,64.7,68.62,0.0
2024-07-15 13:30:00,INDEX:NDTH,71.56,73.52,70.58,72.54,0.0
2024-07-16 13:30:00,INDEX:NDTH,72.54,76.47,72.54,76.47,0.0
2024-07-17 13:30:00,INDEX:NDTH,76.47,77.45,71.56,72.54,0.0
2024-07-18 13:30:00,INDEX:NDTH,72.54,73.52,69.6,70.58,0.0
2024-07-19 13:30:00,INDEX:NDTH,70.58,70.58,66.66,67.64,0.0
2024-07-22 13:30:00,INDEX:NDTH,67.64,69.6,66.66,69.6,0.0
2024-07-23 13:30:00,INDEX:NDTH,69.6,69.6,63.72,63.72,0.0
2024-07-24 13:30:00,INDEX:NDTH,63.72,63.72,57.84,57.84,0.0
2024-07-25 13:30:00,INDEX:NDTH,61.76,65.68,58.82,58.82,0.0
2024-07-26 13:30:00,INDEX:NDTH,58.82,65.68,58.82,63.72,0.0
2024-07-29 13:30:00,INDEX:NDTH,63.72,65.68,62.74,63.72,0.0
2024-07-30 13:30:00,INDEX:NDTH,63.72,65.68,61.76,62.74,0.0
2024-07-31 13:30:00,INDEX:NDTH,62.74,71.28,62.74,70.29,0.0
2024-08-01 13:30:00,INDEX:NDTH,70.29,70.29,59.4,63.36,0.0
2024-08-02 13:30:00,INDEX:NDTH,63.36,63.36,48.51,52.47,0.0
2024-08-05 13:30:00,INDEX:NDTH,52.47,52.47,39.6,40.59,0.0
2024-08-06 13:30:00,INDEX:NDTH,40.59,51.48,40.59,46.53,0.0
2024-08-07 13:30:00,INDEX:NDTH,54.45,55.44,43.56,43.56,0.0
2024-08-08 13:30:00,INDEX:NDTH,52.47,54.45,49.5,53.46,0.0
2024-08-09 13:30:00,INDEX:NDTH,51.48,53.46,48.51,52.47,0.0
2024-08-12 13:30:00,INDEX:NDTH,52.47,52.47,48.51,50.49,0.0
2024-08-13 13:30:00,INDEX:NDTH,50.49,56.43,50.49,56.43,0.0
2024-08-14 13:30:00,INDEX:NDTH,56.43,58.41,54.45,56.43,0.0
2024-08-15 13:30:00,INDEX:NDTH,65.34,67.32,65.34,65.34,0.0
2024-08-16 13:30:00,INDEX:NDTH,65.34,69.3,63.36,66.33,0.0
2024-08-19 13:30:00,INDEX:NDTH,66.33,68.31,65.34,68.31,0.0
2024-08-20 13:30:00,INDEX:NDTH,68.31,71.28,68.31,68.31,0.0
2024-08-21 13:30:00,INDEX:NDTH,68.31,74.25,68.31,74.25,0.0
2024-08-22 13:30:00,INDEX:NDTH,72.27,73.26,68.31,69.3,0.0
2024-08-23 13:30:00,INDEX:NDTH,69.3,75.24,69.3,71.28,0.0
2024-08-26 13:30:00,INDEX:NDTH,71.28,71.28,67.32,68.31,0.0
2024-08-27 13:30:00,INDEX:NDTH,68.31,68.31,65.34,68.31,0.0
2024-08-28 13:30:00,INDEX:NDTH,68.31,68.31,59.4,62.37,0.0
2024-08-29 13:30:00,INDEX:NDTH,62.37,68.31,62.37,63.36,0.0
2024-08-30 13:30:00,INDEX:NDTH,63.36,69.3,63.36,69.3,0.0
2024-09-03 13:30:00,INDEX:NDTH,62.37,63.36,60.39,60.39,0.0
2024-09-04 13:30:00,INDEX:NDTH,61.38,61.38,58.41,59.4,0.0
2024-09-05 13:30:00,INDEX:NDTH,60.39,60.39,56.43,59.4,0.0
2024-09-06 13:30:00,INDEX:NDTH,56.43,56.43,50.49,51.48,0.0
2024-09-09 13:30:00,INDEX:NDTH,52.47,57.42,52.47,55.44,0.0
2024-09-10 13:30:00,INDEX:NDTH,55.44,56.43,54.45,55.44,0.0
2024-09-11 13:30:00,INDEX:NDTH,51.48,57.42,47.52,56.43,0.0
2024-09-12 13:30:00,INDEX:NDTH,55.44,57.42,54.45,57.42,0.0
2024-09-13 13:30:00,INDEX:NDTH,55.44,58.41,55.44,57.42,0.0
2024-09-16 13:30:00,INDEX:NDTH,56.43,58.41,56.43,58.41,0.0
2024-09-17 13:30:00,INDEX:NDTH,60.39,62.37,57.42,57.42,0.0
2024-09-18 13:30:00,INDEX:NDTH,59.4,61.38,57.42,57.42,0.0
2024-09-19 13:30:00,INDEX:NDTH,63.36,65.34,61.38,63.36,0.0
2024-09-20 13:30:00,INDEX:NDTH,60.39,60.39,56.43,59.4,0.0
2024-09-23 13:30:00,INDEX:NDTH,59.4,59.4,58.41,59.4,0.0
2024-09-24 13:30:00,INDEX:NDTH,60.39,61.38,60.39,61.38,0.0
2024-09-25 13:30:00,INDEX:NDTH,59.4,61.38,58.41,58.41,0.0
2024-09-26 13:30:00,INDEX:NDTH,63.36,64.35,61.38,62.37,0.0
2024-09-27 13:30:00,INDEX:NDTH,64.35,70.29,62.37,62.37,0.0
2024-09-30 13:30:00,INDEX:NDTH,62.37,63.36,60.39,62.37,0.0
2024-10-01 13:30:00,INDEX:NDTH,59.4,61.38,58.41,60.39,0.0
2024-10-02 13:30:00,INDEX:NDTH,59.4,61.38,59.4,60.39,0.0
2024-10-03 13:30:00,INDEX:NDTH,58.41,62.37,57.42,61.38,0.0
2024-10-04 13:30:00,INDEX:NDTH,62.37,63.36,58.41,62.37,0.0
2024-10-07 13:30:00,INDEX:NDTH,58.41,59.4,56.43,58.41,0.0
2024-10-08 13:30:00,INDEX:NDTH,59.4,59.4,57.42,59.4,0.0
2024-10-09 13:30:00,INDEX:NDTH,60.39,64.35,60.39,64.35,0.0
2024-10-10 13:30:00,INDEX:NDTH,62.37,64.35,62.37,64.35,0.0
2024-10-11 13:30:00,INDEX:NDTH,66.33,72.27,65.34,71.28,0.0
2024-10-14 13:30:00,INDEX:NDTH,71.28,73.26,71.28,73.26,0.0
2024-10-15 13:30:00,INDEX:NDTH,72.27,73.26,66.33,68.31,0.0
2024-10-16 13:30:00,INDEX:NDTH,64.35,67.32,64.35,65.34,0.0
2024-10-17 13:30:00,INDEX:NDTH,65.34,67.32,65.34,65.34,0.0
2024-10-18 13:30:00,INDEX:NDTH,65.34,66.33,65.34,66.33,0.0
2024-10-21 13:30:00,INDEX:NDTH,64.35,66.33,61.38,63.36,0.0
2024-10-22 13:30:00,INDEX:NDTH,63.36,64.35,62.37,64.35,0.0
2024-10-23 13:30:00,INDEX:NDTH,59.4,61.38,57.42,59.4,0.0
2024-10-24 13:30:00,INDEX:NDTH,58.41,60.39,58.41,58.41,0.0
2024-10-25 13:30:00,INDEX:NDTH,60.39,64.35,59.4,61.38,0.0
2024-10-28 13:30:00,INDEX:NDTH,60.39,61.38,59.4,59.4,0.0
2024-10-29 13:30:00,INDEX:NDTH,58.41,64.35,58.41,64.35,0.0
2024-10-30 13:30:00,INDEX:NDTH,59.4,61.38,57.42,58.41,0.0
2024-10-31 13:30:00,INDEX:NDTH,53.46,55.44,53.46,53.46,0.0
2024-11-01 13:30:00,INDEX:NDTH,54.45,54.45,53.46,53.46,0.0
2024-11-04 14:30:00,INDEX:NDTH,54.45,56.43,54.45,55.44,0.0
2024-11-05 14:30:00,INDEX:NDTH,58.41,59.4,56.43,56.43,0.0
2024-11-06 14:30:00,INDEX:NDTH,64.35,67.32,64.35,67.32,0.0
2024-11-07 14:30:00,INDEX:NDTH,70.29,71.28,69.3,69.3,0.0
2024-11-08 14:30:00,INDEX:NDTH,68.31,69.3,68.31,68.31,0.0
2024-11-11 14:30:00,INDEX:NDTH,68.31,68.31,66.33,66.33,0.0
2024-11-12 14:30:00,INDEX:NDTH,66.33,68.31,66.33,67.32,0.0
2024-11-13 14:30:00,INDEX:NDTH,65.34,68.31,65.34,66.33,0.0
2024-11-14 14:30:00,INDEX:NDTH,66.33,67.32,65.34,65.34,0.0
2024-11-15 14:30:00,INDEX:NDTH,60.39,60.39,59.4,59.4,0.0
2024-11-18 14:30:00,INDEX:NDTH,59.4,60.39,59.4,60.39,0.0
2024-11-19 14:30:00,INDEX:NDTH,57.42,60.39,57.42,58.41,0.0
2024-11-20 14:30:00,INDEX:NDTH,58.41,59.4,58.41,59.4,0.0
2024-11-21 14:30:00,INDEX:NDTH,59.4,62.37,59.4,62.37,0.0
2024-11-22 14:30:00,INDEX:NDTH,63.36,65.34,63.36,64.35,0.0
2024-11-25 14:30:00,INDEX:NDTH,68.31,70.29,67.32,69.3,0.0
2024-11-26 14:30:00,INDEX:NDTH,68.31,68.31,68.31,68.31,0.0
2024-11-27 14:30:00,INDEX:NDTH,65.34,66.33,65.34,66.33,0.0
2024-11-29 14:30:00,INDEX:NDTH,66.33,70.29,66.33,67.32,0.0
2024-12-02 14:30:00,INDEX:NDTH,68.31,71.28,68.31,70.29,0.0
2024-12-03 14:30:00,INDEX:NDTH,69.3,70.29,68.31,69.3,0.0
2024-12-04 14:30:00,INDEX:NDTH,69.3,71.28,69.3,70.29,0.0
2024-12-05 14:30:00,INDEX:NDTH,68.31,68.31,65.34,66.33,0.0
2024-12-06 14:30:00,INDEX:NDTH,67.32,67.32,65.34,66.33,0.0
2024-12-09 14:30:00,INDEX:NDTH,66.33,68.31,65.34,65.34,0.0
2024-12-10 14:30:00,INDEX:NDTH,62.37,63.36,61.38,62.37,0.0
2024-12-11 14:30:00,INDEX:NDTH,65.34,65.34,61.38,61.38,0.0
2024-12-12 14:30:00,INDEX:NDTH,60.39,63.36,60.39,62.37,0.0
2024-12-13 14:30:00,INDEX:NDTH,59.4,61.38,58.41,59.4,0.0
2024-12-16 14:30:00,INDEX:NDTH,60.39,60.39,57.42,58.41,0.0
2024-12-17 14:30:00,INDEX:NDTH,59.4,59.4,58.41,58.41,0.0
2024-12-18 14:30:00,INDEX:NDTH,58.41,59.4,54.45,54.45,0.0
2024-12-19 14:30:00,INDEX:NDTH,55.44,55.44,51.48,51.48,0.0
2024-12-20 14:30:00,INDEX:NDTH,49.5,52.47,49.5,51.48,0.0
2024-12-23 14:30:00,INDEX:NDTH,51.48,51.48,50.49,51.48,0.0
2024-12-24 14:30:00,INDEX:NDTH,51.48,53.46,50.49,53.46,0.0
2024-12-26 14:30:00,INDEX:NDTH,53.46,54.45,53.46,53.46,0.0
2024-12-27 14:30:00,INDEX:NDTH,52.47,52.47,51.48,52.47,0.0
2024-12-30 14:30:00,INDEX:NDTH,49.5,52.47,49.5,50.49,0.0
2024-12-31 14:30:00,INDEX:NDTH,51.48,51.48,50.49,50.49,0.0
2025-01-02 14:30:00,INDEX:NDTH,52.47,53.46,49.5,49.5,0.0
2025-01-03 14:30:00,INDEX:NDTH,51.48,54.45,51.48,54.45,0.0
2025-01-06 14:30:00,INDEX:NDTH,56.43,57.42,54.45,57.42,0.0
2025-01-07 14:30:00,INDEX:NDTH,59.4,59.4,53.46,53.46,0.0
2025-01-08 14:30:00,INDEX:NDTH,52.47,59.4,52.47,58.41,0.0
2025-01-10 14:30:00,INDEX:NDTH,56.43,56.43,52.47,53.46,0.0
2025-01-13 14:30:00,INDEX:NDTH,52.47,53.46,51.48,53.46,0.0
2025-01-14 14:30:00,INDEX:NDTH,53.46,56.43,51.48,56.43,0.0
2025-01-15 14:30:00,INDEX:NDTH,58.41,60.39,58.41,60.39,0.0
2025-01-16 14:30:00,INDEX:NDTH,59.4,60.39,59.4,59.4,0.0
2025-01-17 14:30:00,INDEX:NDTH,60.39,60.39,60.39,60.39,0.0
2025-01-21 14:30:00,INDEX:NDTH,61.38,63.36,61.38,61.38,0.0
2025-01-22 14:30:00,INDEX:NDTH,62.37,65.34,62.37,63.36,0.0
2025-01-23 14:30:00,INDEX:NDTH,61.38,63.36,61.38,63.36,0.0
2025-01-24 14:30:00,INDEX:NDTH,62.37,62.37,61.38,61.38,0.0
2025-01-27 14:30:00,INDEX:NDTH,58.41,59.4,58.41,59.4,0.0
2025-01-28 14:30:00,INDEX:NDTH,57.42,61.38,57.42,61.38,0.0
2025-01-29 14:30:00,INDEX:NDTH,60.39,61.38,58.41,59.4,0.0
2025-01-30 14:30:00,INDEX:NDTH,58.41,60.39,58.41,60.39,0.0
2025-01-31 14:30:00,INDEX:NDTH,60.39,63.36,60.39,60.39,0.0
2025-02-03 14:30:00,INDEX:NDTH,60.39,63.36,60.39,62.37,0.0
2025-02-04 14:30:00,INDEX:NDTH,61.38,62.37,61.38,62.37,0.0
2025-02-05 14:30:00,INDEX:NDTH,62.37,68.31,62.37,68.31,0.0
2025-02-06 14:30:00,INDEX:NDTH,65.34,65.34,63.36,63.36,0.0
2025-02-07 14:30:00,INDEX:NDTH,65.34,65.34,62.37,63.36,0.0
2025-02-10 14:30:00,INDEX:NDTH,62.37,63.36,62.37,62.37,0.0
2025-02-11 14:30:00,INDEX:NDTH,61.38,62.37,61.38,61.38,0.0
2025-02-12 14:30:00,INDEX:NDTH,60.39,61.38,60.39,61.38,0.0
2025-02-13 14:30:00,INDEX:NDTH,60.39,62.37,60.39,62.37,0.0
2025-02-14 14:30:00,INDEX:NDTH,64.35,64.35,62.37,63.36,0.0
2025-02-18 14:30:00,INDEX:NDTH,65.34,66.33,65.34,66.33,0.0
2025-02-19 14:30:00,INDEX:NDTH,68.31,71.28,68.31,70.29,0.0
2025-02-20 14:30:00,INDEX:NDTH,70.29,70.29,69.3,69.3,0.0
2025-02-21 14:30:00,INDEX:NDTH,68.31,68.31,66.33,66.33,0.0
2025-02-24 14:30:00,INDEX:NDTH,65.34,68.31,63.36,63.36,0.0
2025-02-25 14:30:00,INDEX:NDTH,64.35,64.35,61.38,62.37,0.0
2025-02-26 14:30:00,INDEX:NDTH,62.37,65.34,58.41,60.39,0.0
2025-02-27 14:30:00,INDEX:NDTH,62.37,62.37,56.43,56.43,0.0
2025-02-28 14:30:00,INDEX:NDTH,58.41,58.41,53.46,57.42,0.0
2025-03-03 14:30:00,INDEX:NDTH,61.38,62.37,51.48,54.45,0.0
2025-03-04 14:30:00,INDEX:NDTH,49.5,53.46,48.51,50.49,0.0
2025-03-05 14:30:00,INDEX:NDTH,51.48,51.48,51.48,51.48,0.0
2025-03-06 14:30:00,INDEX:NDTH,52.47,52.47,48.51,49.5,0.0
2025-03-07 14:30:00,INDEX:NDTH,52.47,52.47,47.52,52.47,0.0
2025-03-10 13:30:00,INDEX:NDTH,47.52,48.51,43.56,45.54,0.0
2025-03-11 13:30:00,INDEX:NDTH,43.56,45.54,40.59,40.59,0.0
2025-03-12 13:30:00,INDEX:NDTH,43.56,44.55,38.61,39.6,0.0
2025-03-13 13:30:00,INDEX:NDTH,37.62,38.61,33.66,34.65,0.0
2025-03-14 13:30:00,INDEX:NDTH,39.6,42.57,39.6,41.58,0.0
2025-03-17 13:30:00,INDEX:NDTH,43.56,45.54,43.56,44.55,0.0
2025-03-18 13:30:00,INDEX:NDTH,43.56,43.56,43.56,43.56,0.0
2025-03-19 13:30:00,INDEX:NDTH,43.56,43.56,43.56,43.56,0.0
2025-03-20 13:30:00,INDEX:NDTH,42.57,43.56,42.57,43.56,0.0
2025-03-21 13:30:00,INDEX:NDTH,39.6,43.56,39.6,43.56,0.0
2025-03-24 13:30:00,INDEX:NDTH,45.54,48.51,45.54,47.52,0.0
2025-03-25 13:30:00,INDEX:NDTH,48.51,48.51,45.54,48.51,0.0
2025-03-26 13:30:00,INDEX:NDTH,50.49,50.49,45.54,47.52,0.0
2025-03-27 13:30:00,INDEX:NDTH,44.55,48.51,44.55,46.53,0.0
2025-03-28 13:30:00,INDEX:NDTH,42.57,42.57,40.59,40.59,0.0
2025-03-31 13:30:00,INDEX:NDTH,38.61,39.6,38.61,39.6,0.0
2025-04-01 13:30:00,INDEX:NDTH,39.6,41.58,39.6,41.58,0.0
2025-04-02 13:30:00,INDEX:NDTH,42.57,42.57,39.6,40.59,0.0
2025-04-03 13:30:00,INDEX:NDTH,40.59,40.59,35.64,38.61,0.0
2025-04-04 13:30:00,INDEX:NDTH,28.71,30.69,19.8,19.8,0.0
2025-04-07 13:30:00,INDEX:NDTH,20.79,21.78,16.83,17.82,0.0
2025-04-08 13:30:00,INDEX:NDTH,22.77,26.73,14.85,15.84,0.0
2025-04-09 13:30:00,INDEX:NDTH,18.81,36.63,14.85,36.63,0.0
2025-04-10 13:30:00,INDEX:NDTH,31.68,31.68,23.76,29.7,0.0
2025-04-11 13:30:00,INDEX:NDTH,30.69,32.67,28.71,32.67,0.0
2025-04-14 13:30:00,INDEX:NDTH,32.67,33.66,32.67,33.66,0.0
2025-04-15 13:30:00,INDEX:NDTH,33.66,33.66,33.66,33.66,0.0
2025-04-16 13:30:00,INDEX:NDTH,32.67,34.65,30.69,32.67,0.0
2025-04-17 13:30:00,INDEX:NDTH,32.67,34.65,30.69,32.67,0.0
2025-04-21 13:30:00,INDEX:NDTH,30.69,30.69,24.75,26.73,0.0
2025-04-22 13:30:00,INDEX:NDTH,28.71,32.67,28.71,32.67,0.0
2025-04-23 13:30:00,INDEX:NDTH,34.65,34.65,30.69,30.69,0.0
2025-04-24 13:30:00,INDEX:NDTH,31.68,36.63,31.68,35.64,0.0
2025-04-25 13:30:00,INDEX:NDTH,36.63,38.61,36.63,38.61,0.0
2025-04-28 13:30:00,INDEX:NDTH,38.61,38.61,35.64,37.62,0.0
2025-04-29 13:30:00,INDEX:NDTH,36.63,40.59,36.63,40.59,0.0
2025-04-30 13:30:00,INDEX:NDTH,37.62,39.6,36.63,39.6,0.0
2025-05-01 13:30:00,INDEX:NDTH,41.58,45.54,41.58,43.56,0.0
2025-05-02 13:30:00,INDEX:NDTH,47.52,50.49,47.52,49.5,0.0
2025-05-05 13:30:00,INDEX:NDTH,49.5,50.49,48.51,48.51,0.0
2025-05-06 13:30:00,INDEX:NDTH,44.55,46.53,42.57,43.56,0.0
2025-05-07 13:30:00,INDEX:NDTH,45.54,47.52,43.56,45.54,0.0
2025-05-08 13:30:00,INDEX:NDTH,47.52,51.48,47.52,48.51,0.0
2025-05-09 13:30:00,INDEX:NDTH,48.51,48.51,47.52,48.51,0.0
2025-05-12 13:30:00,INDEX:NDTH,61.38,61.38,58.41,59.4,0.0
2025-05-13 13:30:00,INDEX:NDTH,59.4,61.38,59.4,59.4,0.0
2025-05-14 13:30:00,INDEX:NDTH,59.4,61.38,59.4,61.38,0.0
2025-05-15 13:30:00,INDEX:NDTH,58.41,63.36,57.42,59.4,0.0
2025-05-16 13:30:00,INDEX:NDTH,61.38,64.35,60.39,62.37,0.0
2025-05-19 13:30:00,INDEX:NDTH,60.39,61.38,60.39,61.38,0.0
2025-05-20 13:30:00,INDEX:NDTH,61.38,62.37,61.38,62.37,0.0
2025-05-21 13:30:00,INDEX:NDTH,59.4,63.36,56.43,57.42,0.0
2025-05-22 13:30:00,INDEX:NDTH,59.4,61.38,57.42,57.42,0.0
2025-05-23 13:30:00,INDEX:NDTH,49.5,52.47,49.5,52.47,0.0
2025-05-27 13:30:00,INDEX:NDTH,54.45,62.37,54.45,61.38,0.0
2025-05-28 13:30:00,INDEX:NDTH,60.39,60.39,57.42,58.41,0.0
2025-05-29 13:30:00,INDEX:NDTH,59.4,59.4,52.47,55.44,0.0
2025-05-30 13:30:00,INDEX:NDTH,50.49,55.44,49.5,55.44,0.0
2025-06-02 13:30:00,INDEX:NDTH,51.48,57.42,51.48,57.42,0.0
2025-06-03 13:30:00,INDEX:NDTH,58.41,60.39,57.42,59.4,0.0
2025-06-04 13:30:00,INDEX:NDTH,61.38,62.37,61.38,62.37,0.0
2025-06-05 13:30:00,INDEX:NDTH,61.38,64.35,59.4,59.4,0.0
2025-06-06 13:30:00,INDEX:NDTH,62.37,64.35,62.37,63.36,0.0
2025-06-09 13:30:00,INDEX:NDTH,62.37,66.33,62.37,66.33,0.0
2025-06-10 13:30:00,INDEX:NDTH,67.32,70.29,66.33,70.29,0.0
2025-06-11 13:30:00,INDEX:NDTH,69.3,69.3,64.35,67.32,0.0
2025-06-12 13:30:00,INDEX:NDTH,66.33,67.32,65.34,67.32,0.0
2025-06-13 13:30:00,INDEX:NDTH,63.36,64.35,60.39,60.39,0.0
2025-06-16 13:30:00,INDEX:NDTH,62.37,65.34,62.37,64.35,0.0
2025-06-17 13:30:00,INDEX:NDTH,64.35,65.34,62.37,62.37,0.0
2025-06-18 13:30:00,INDEX:NDTH,63.36,63.36,61.38,61.38,0.0
2025-06-20 13:30:00,INDEX:NDTH,63.36,63.36,58.41,58.41,0.0
2025-06-23 13:30:00,INDEX:NDTH,57.42,61.38,56.43,61.38,0.0
2025-06-24 13:30:00,INDEX:NDTH,63.36,64.35,63.36,64.35,0.0
2025-06-25 13:30:00,INDEX:NDTH,61.38,62.37,60.39,60.39,0.0
2025-06-26 13:30:00,INDEX:NDTH,61.38,66.33,61.38,66.33,0.0
2025-06-27 13:30:00,INDEX:NDTH,67.32,68.31,65.34,66.33,0.0
2025-06-30 13:30:00,INDEX:NDTH,67.32,69.3,67.32,69.3,0.0
2025-07-01 13:30:00,INDEX:NDTH,68.31,74.25,67.32,71.28,0.0
2025-07-02 13:30:00,INDEX:NDTH,69.3,73.26,69.3,73.26,0.0
2025-07-03 13:30:00,INDEX:NDTH,75.24,76.23,74.25,75.24,0.0
2025-07-07 13:30:00,INDEX:NDTH,73.26,73.26,68.31,68.31,0.0
2025-07-08 13:30:00,INDEX:NDTH,70.29,73.26,70.29,71.28,0.0
2025-07-09 13:30:00,INDEX:NDTH,72.27,72.27,69.3,71.28,0.0
2025-07-10 13:30:00,INDEX:NDTH,68.31,70.29,68.31,70.29,0.0
2025-07-11 13:30:00,INDEX:NDTH,67.32,70.29,67.32,69.3,0.0
2025-07-14 13:30:00,INDEX:NDTH,70.29,70.29,69.3,70.29,0.0
2025-07-15 13:30:00,INDEX:NDTH,70.29,70.29,66.33,66.33,0.0
2025-07-16 13:30:00,INDEX:NDTH,67.32,67.32,65.34,67.32,0.0
2025-07-17 13:30:00,INDEX:NDTH,67.32,69.3,67.32,68.31,0.0
2025-07-18 13:30:00,INDEX:NDTH,68.31,69.3,67.32,68.31,0.0
2025-07-21 13:30:00,INDEX:NDTH,68.31,70.29,67.0,67.0,0.0
2025-07-22 13:30:00,INDEX:NDTH,71.0,72.0,70.0,72.0,0.0
2025-07-23 13:30:00,INDEX:NDTH,72.0,76.0,72.0,72.0,0.0
2025-07-24 13:30:00,INDEX:NDTH,69.0,75.0,69.0,73.0,0.0
2025-07-25 13:30:00,INDEX:NDTH,69.0,72.0,69.0,72.0,0.0
2025-07-28 13:30:00,INDEX:NDTH,74.0,75.0,71.0,71.0,0.0
2025-07-29 13:30:00,INDEX:NDTH,70.0,73.0,70.0,73.0,0.0
2025-07-30 13:30:00,INDEX:NDTH,72.0,73.0,66.0,67.0,0.0
2025-07-31 13:30:00,INDEX:NDTH,64.0,65.0,59.0,59.0,0.0
2025-08-01 13:30:00,INDEX:NDTH,56.0,57.0,54.45,55.44,0.0
2025-08-04 13:30:00,INDEX:NDTH,53.46,58.41,53.46,58.41,0.0
2025-08-05 13:30:00,INDEX:NDTH,59.4,59.4,55.44,56.43,0.0
2025-08-06 13:30:00,INDEX:NDTH,54.45,56.43,53.46,53.46,0.0
2025-08-07 13:30:00,INDEX:NDTH,58.41,58.41,54.45,56.43,0.0
2025-08-08 13:30:00,INDEX:NDTH,57.42,60.39,57.42,60.39,0.0
2025-08-11 13:30:00,INDEX:NDTH,60.39,60.39,57.42,58.41,0.0
2025-08-12 13:30:00,INDEX:NDTH,58.41,62.37,56.43,62.37,0.0
2025-08-13 13:30:00,INDEX:NDTH,61.38,67.32,61.38,66.33,0.0
2025-08-14 13:30:00,INDEX:NDTH,62.37,65.34,61.38,63.36,0.0
2025-08-15 13:30:00,INDEX:NDTH,62.37,63.36,61.38,62.37,0.0
2025-08-18 13:30:00,INDEX:NDTH,63.36,64.35,63.36,63.36,0.0
2025-08-19 13:30:00,INDEX:NDTH,65.34,66.33,61.38,62.37,0.0
2025-08-20 13:30:00,INDEX:NDTH,59.4,61.38,59.4,61.38,0.0
2025-08-21 13:30:00,INDEX:NDTH,61.38,61.38,59.4,60.39,0.0
2025-08-22 13:30:00,INDEX:NDTH,64.35,68.31,64.35,66.33,0.0
2025-08-25 13:30:00,INDEX:NDTH,64.35,64.35,59.4,60.39,0.0
2025-08-26 13:30:00,INDEX:NDTH,61.38,61.38,57.42,59.4,0.0
2025-08-27 13:30:00,INDEX:NDTH,58.41,61.38,58.41,61.38,0.0
2025-08-28 13:30:00,INDEX:NDTH,61.38,62.37,60.39,61.38,0.0
2025-08-29 13:30:00,INDEX:NDTH,62.37,62.37,60.39,61.38,0.0
2025-09-02 13:30:00,INDEX:NDTH,57.42,57.42,53.46,56.43,0.0
2025-09-03 13:30:00,INDEX:NDTH,56.43,59.4,56.43,59.4,0.0
2025-09-04 13:30:00,INDEX:NDTH,55.44,62.37,55.44,60.39,0.0
2025-09-05 13:30:00,INDEX:NDTH,61.38,61.38,56.43,60.39,0.0
2025-09-08 13:30:00,INDEX:NDTH,56.43,60.39,56.43,60.39,0.0
2025-09-09 13:30:00,INDEX:NDTH,59.4,60.39,58.41,58.41,0.0
2025-09-10 13:30:00,INDEX:NDTH,55.44,56.43,54.45,54.45,0.0
2025-09-11 13:30:00,INDEX:NDTH,57.42,61.38,57.42,60.39,0.0
2025-09-12 13:30:00,INDEX:NDTH,58.41,58.41,56.43,56.43,0.0
2025-09-15 13:30:00,INDEX:NDTH,57.42,60.39,57.42,58.41,0.0
2025-09-16 13:30:00,INDEX:NDTH,59.4,59.4,58.41,59.4,0.0
2025-09-17 13:30:00,INDEX:NDTH,59.4,61.38,57.42,57.42,0.0
2025-09-18 13:30:00,INDEX:NDTH,58.41,60.39,58.41,59.4,0.0
2025-09-19 13:30:00,INDEX:NDTH,58.41,59.4,57.42,59.4,0.0
2025-09-22 13:30:00,INDEX:NDTH,58.41,59.4,58.41,59.4,0.0
2025-09-23 13:30:00,INDEX:NDTH,59.4,59.4,57.42,57.42,0.0
2025-09-24 13:30:00,INDEX:NDTH,58.41,60.39,58.41,59.4,0.0
2025-09-25 13:30:00,INDEX:NDTH,58.41,58.41,57.42,58.41,0.0
2025-09-26 13:30:00,INDEX:NDTH,61.38,62.37,60.39,61.38,0.0
2025-09-29 13:30:00,INDEX:NDTH,63.36,63.36,59.4,61.38,0.0
2025-09-30 13:30:00,INDEX:NDTH,59.4,59.4,58.41,58.41,0.0
2025-10-01 13:30:00,INDEX:NDTH,59.4,60.39,58.41,59.4,0.0
2025-10-02 13:30:00,INDEX:NDTH,58.41,62.37,57.42,62.37,0.0
2025-10-03 13:30:00,INDEX:NDTH,62.37,62.37,59.4,60.39,0.0
2025-10-06 13:30:00,INDEX:NDTH,61.38,62.37,60.39,62.37,0.0
2025-10-07 13:30:00,INDEX:NDTH,60.39,60.39,57.42,60.39,0.0
2025-10-08 13:30:00,INDEX:NDTH,58.41,60.39,58.41,58.41,0.0
2025-10-09 13:30:00,INDEX:NDTH,58.41,60.39,57.42,59.4,0.0
2025-10-10 13:30:00,INDEX:NDTH,59.4,59.4,53.46,53.46,0.0
2025-10-13 13:30:00,INDEX:NDTH,56.43,58.41,56.43,57.42,0.0
2025-10-14 13:30:00,INDEX:NDTH,57.42,59.4,57.42,58.41,0.0
2025-10-15 13:30:00,INDEX:NDTH,58.41,59.4,54.45,56.43,0.0
2025-10-16 13:30:00,INDEX:NDTH,56.43,56.43,53.46,54.45,0.0
2025-10-17 13:30:00,INDEX:NDTH,54.45,54.45,54.45,54.45,0.0
2025-10-20 13:30:00,INDEX:NDTH,56.43,57.42,55.44,56.43,0.0
2025-10-21 13:30:00,INDEX:NDTH,56.43,61.38,56.43,61.38,0.0
2025-10-22 13:30:00,INDEX:NDTH,62.37,63.36,62.37,62.37,0.0
2025-10-23 13:30:00,INDEX:NDTH,64.35,64.35,61.38,63.36,0.0
2025-10-24 13:30:00,INDEX:NDTH,63.36,63.36,61.38,61.38,0.0
2025-10-27 13:30:00,INDEX:NDTH,63.36,63.36,61.38,62.37,0.0
2025-10-28 13:30:00,INDEX:NDTH,62.37,65.34,61.38,62.37,0.0
2025-10-29 13:30:00,INDEX:NDTH,56.43,60.39,54.45,56.43,0.0
2025-10-30 13:30:00,INDEX:NDTH,55.44,58.41,55.44,56.43,0.0
2025-10-31 13:30:00,INDEX:NDTH,54.45,57.42,54.45,55.88,0.0
2025-11-03 14:30:00,INDEX:NDTH,53.92,55.88,53.92,55.88,0.0
2025-11-04 14:30:00,INDEX:NDTH,55.88,55.88,52.94,52.94,0.0
2025-11-05 14:30:00,INDEX:NDTH,53.92,56.86,52.94,55.88,0.0
2025-11-06 14:30:00,INDEX:NDTH,51.96,53.92,50.98,51.96,0.0
2025-11-07 14:30:00,INDEX:NDTH,52.94,52.94,50.0,52.94,0.0
2025-11-10 14:30:00,INDEX:NDTH,52.94,54.9,51.96,54.9,0.0
2025-11-11 14:30:00,INDEX:NDTH,54.9,55.88,53.92,55.88,0.0
2025-11-12 14:30:00,INDEX:NDTH,55.88,55.88,55.88,55.88,0.0
2025-11-13 14:30:00,INDEX:NDTH,56.86,56.86,52.94,53.92,0.0
2025-11-14 14:30:00,INDEX:NDTH,51.96,52.94,51.96,52.94,0.0
2025-11-17 14:30:00,INDEX:NDTH,52.94,52.94,50.0,51.96,0.0
2025-11-18 14:30:00,INDEX:NDTH,50.98,52.94,49.01,50.98,0.0
2025-11-19 14:30:00,INDEX:NDTH,50.0,51.96,48.03,49.01,0.0
2025-11-20 14:30:00,INDEX:NDTH,52.94,52.94,47.05,47.05,0.0
2025-11-21 14:30:00,INDEX:NDTH,47.05,51.96,47.05,50.98,0.0
2025-11-24 14:30:00,INDEX:NDTH,49.01,50.0,48.51,49.01,0.0
2025-11-25 14:30:00,INDEX:NDTH,50.49,52.47,50.49,52.47,0.0
2025-11-26 14:30:00,INDEX:NDTH,52.47,52.47,51.48,51.48,0.0
2025-11-28 14:30:00,INDEX:NDTH,51.48,52.47,51.48,52.47,0.0
2025-12-01 14:30:00,INDEX:NDTH,51.48,54.45,51.48,52.47,0.0
2025-12-02 14:30:00,INDEX:NDTH,52.47,55.44,52.47,55.44,0.0
2025-12-03 14:30:00,INDEX:NDTH,57.42,59.4,57.42,58.41,0.0
2025-12-04 14:30:00,INDEX:NDTH,57.42,57.42,57.42,57.42,0.0
2025-12-05 14:30:00,INDEX:NDTH,59.4,62.37,59.4,62.37,0.0
2025-12-08 14:30:00,INDEX:NDTH,60.39,60.39,56.43,57.42,0.0
2025-12-09 14:30:00,INDEX:NDTH,57.42,58.41,56.43,56.43,0.0
2025-12-10 14:30:00,INDEX:NDTH,55.44,59.4,54.45,58.41,0.0
2025-12-11 14:30:00,INDEX:NDTH,57.42,57.42,56.43,57.42,0.0
2025-12-12 14:30:00,INDEX:NDTH,58.41,60.39,57.42,58.41,0.0
2025-12-15 14:30:00,INDEX:NDTH,57.42,58.41,57.42,58.41,0.0
2025-12-16 14:30:00,INDEX:NDTH,58.41,58.41,56.43,58.41,0.0
2025-12-17 14:30:00,INDEX:NDTH,58.41,58.41,54.45,55.44,0.0
2025-12-18 14:30:00,INDEX:NDTH,59.4,59.4,58.41,59.4,0.0
2025-12-19 14:30:00,INDEX:NDTH,59.4,60.39,57.42,57.42,0.0
2025-12-22 14:30:00,INDEX:NDTH,58.41,61.38,58.41,61.38,0.0
2025-12-23 14:30:00,INDEX:NDTH,61.38,61.38,60.39,61.38,0.0
2025-12-24 14:30:00,INDEX:NDTH,60.39,61.38,60.39,61.38,0.0
2025-12-26 14:30:00,INDEX:NDTH,61.38,61.38,61.38,61.38,0.0
2025-12-29 14:30:00,INDEX:NDTH,61.38,61.38,60.39,61.38,0.0
2025-12-30 14:30:00,INDEX:NDTH,61.38,61.38,60.39,60.39,0.0
2025-12-31 14:30:00,INDEX:NDTH,60.39,60.39,59.4,59.4,0.0
2026-01-02 14:30:00,INDEX:NDTH,57.42,57.42,54.45,54.45,0.0
2026-01-05 14:30:00,INDEX:NDTH,56.43,58.41,55.44,55.88,0.0
2026-01-06 14:30:00,INDEX:NDTH,59.8,60.78,59.8,60.78,0.0
2026-01-07 14:30:00,INDEX:NDTH,59.8,61.76,59.8,60.78,0.0
2026-01-08 14:30:00,INDEX:NDTH,58.82,59.8,58.82,58.82,0.0
2026-01-09 14:30:00,INDEX:NDTH,60.78,60.78,60.78,60.78,0.0
2026-01-12 14:30:00,INDEX:NDTH,58.82,59.8,58.82,59.8,0.0
2026-01-13 14:30:00,INDEX:NDTH,59.8,60.78,58.82,59.8,0.0
2026-01-14 14:30:00,INDEX:NDTH,58.82,58.82,56.86,57.84,0.0
2026-01-15 14:30:00,INDEX:NDTH,58.82,60.78,57.84,59.8,0.0
2026-01-16 14:30:00,INDEX:NDTH,57.84,58.82,56.86,57.84,0.0
2026-01-20 14:30:00,INDEX:NDTH,54.9,56.86,54.9,56.86,0.0
2026-01-21 14:30:00,INDEX:NDTH,57.84,58.82,57.84,57.84,0.0
2026-01-22 14:30:00,INDEX:NDTH,56.86,59.8,56.86,58.82,0.0
2026-01-23 14:30:00,INDEX:NDTH,57.84,58.82,57.84,57.84,0.0
2026-01-26 14:30:00,INDEX:NDTH,59.8,59.8,58.41,59.4,0.0
2026-01-27 14:30:00,INDEX:NDTH,60.39,62.37,60.39,62.37,0.0
2026-01-28 14:30:00,INDEX:NDTH,62.37,63.36,59.4,59.4,0.0
2026-01-29 14:30:00,INDEX:NDTH,56.43,57.42,52.47,55.44,0.0
2026-01-30 14:30:00,INDEX:NDTH,53.46,53.46,52.47,53.46,0.0
2026-02-02 14:30:00,INDEX:NDTH,54.45,54.45,54.45,54.45,0.0
2026-02-03 14:30:00,INDEX:NDTH,52.47,52.47,50.49,51.48,0.0
2026-02-04 14:30:00,INDEX:NDTH,51.48,51.48,50.49,51.48,0.0
2026-02-05 14:30:00,INDEX:NDTH,50.49,50.49,48.51,49.5,0.0
2026-02-06 14:30:00,INDEX:NDTH,50.49,50.49,49.5,49.5,0.0
2026-02-09 14:30:00,INDEX:NDTH,48.51,49.5,48.51,49.5,0.0
2026-02-10 14:30:00,INDEX:NDTH,50.49,51.48,50.49,51.48,0.0
2026-02-11 14:30:00,INDEX:NDTH,51.48,51.48,50.49,50.49,0.0
2026-02-12 14:30:00,INDEX:NDTH,51.48,53.46,51.48,51.48,0.0
2026-02-13 14:30:00,INDEX:NDTH,50.49,54.45,50.49,51.48,0.0
2026-02-17 14:30:00,INDEX:NDTH,51.48,51.48,49.5,50.49,0.0
2026-02-18 14:30:00,INDEX:NDTH,50.49,51.48,50.49,51.48,0.0
2026-02-19 14:30:00,INDEX:NDTH,50.49,50.49,50.49,50.49,0.0
2026-02-20 14:30:00,INDEX:NDTH,50.49,50.49,50.49,50.49,0.0
2026-02-23 14:30:00,INDEX:NDTH,49.5,51.48,49.5,49.5,0.0
2026-02-24 14:30:00,INDEX:NDTH,50.49,52.47,50.49,52.47,0.0
2026-02-25 14:30:00,INDEX:NDTH,52.47,52.47,52.47,52.47,0.0
2026-02-26 14:30:00,INDEX:NDTH,50.49,53.46,50.49,53.46,0.0
2026-02-27 14:30:00,INDEX:NDTH,52.47,54.45,51.48,54.45,0.0
2026-03-02 14:30:00,INDEX:NDTH,51.48,52.47,51.48,51.48,0.0
2026-03-03 14:30:00,INDEX:NDTH,47.52,49.5,47.52,48.51,0.0
2026-03-04 14:30:00,INDEX:NDTH,49.5,51.48,49.5,49.5,0.0
2026-03-05 14:30:00,INDEX:NDTH,50.49,50.49,47.52,50.49,0.0
2026-03-06 14:30:00,INDEX:NDTH,47.52,48.51,46.53,48.51,0.0
2026-03-09 13:30:00,INDEX:NDTH,46.53,47.52,45.54,47.52,0.0
2026-03-10 13:30:00,INDEX:NDTH,46.53,47.52,46.53,46.53,0.0
2026-03-11 13:30:00,INDEX:NDTH,46.53,46.53,46.53,46.53,0.0
2026-03-12 13:30:00,INDEX:NDTH,46.53,46.53,44.55,44.55,0.0
2026-03-13 13:30:00,INDEX:NDTH,45.54,45.54,42.57,43.56,0.0
2026-03-16 13:30:00,INDEX:NDTH,45.54,46.53,45.54,45.54,0.0
2026-03-17 13:30:00,INDEX:NDTH,46.53,46.53,45.54,45.54,0.0
2026-03-18 13:30:00,INDEX:NDTH,45.54,45.54,44.55,44.55,0.0
2026-03-19 13:30:00,INDEX:NDTH,42.57,43.56,41.58,43.56,0.0
2026-03-20 13:30:00,INDEX:NDTH,42.57,42.57,39.6,39.6,0.0
2026-03-23 13:30:00,INDEX:NDTH,43.56,44.55,40.59,40.59,0.0
2026-03-24 13:30:00,INDEX:NDTH,43.56,44.55,42.57,42.57,0.0
2026-03-25 13:30:00,INDEX:NDTH,45.54,45.54,44.55,44.55,0.0
2026-03-26 13:30:00,INDEX:NDTH,44.55,45.54,43.56,43.56,0.0
2026-03-27 13:30:00,INDEX:NDTH,41.58,41.58,39.6,40.59,0.0
2026-03-30 13:30:00,INDEX:NDTH,40.59,40.59,38.61,39.6,0.0
2026-03-31 13:30:00,INDEX:NDTH,40.59,43.56,40.59,43.56,0.0
2026-04-01 13:30:00,INDEX:NDTH,40.59,43.56,40.59,43.56,0.0
2026-04-02 13:30:00,INDEX:NDTH,42.57,43.56,42.57,43.56,0.0
2026-04-06 13:30:00,INDEX:NDTH,42.57,44.55,42.57,44.55,0.0
2026-04-07 13:30:00,INDEX:NDTH,42.57,45.54,42.57,45.54,0.0
2026-04-08 13:30:00,INDEX:NDTH,48.51,48.51,47.52,48.51,0.0
2026-04-09 13:30:00,INDEX:NDTH,48.51,49.5,48.51,49.5,0.0
2026-04-10 13:30:00,INDEX:NDTH,48.51,49.5,47.52,48.51,0.0
2026-04-13 13:30:00,INDEX:NDTH,49.5,49.5,47.52,48.51,0.0
2026-04-14 13:30:00,INDEX:NDTH,47.52,49.5,47.52,48.51,0.0
2026-04-15 13:30:00,INDEX:NDTH,48.51,48.51,47.52,48.51,0.0
2026-04-16 13:30:00,INDEX:NDTH,49.5,49.5,47.52,47.52,0.0
2026-04-17 13:30:00,INDEX:NDTH,48.51,50.49,48.51,50.49,0.0
2026-04-20 13:30:00,INDEX:NDTH,49.5,50.49,48.51,49.5,0.0
2026-04-21 13:30:00,INDEX:NDTH,51.48,53.46,51.48,51.48,0.0
2026-04-22 13:30:00,INDEX:NDTH,53.46,54.45,51.48,51.48,0.0
2026-04-23 13:30:00,INDEX:NDTH,53.46,53.46,50.49,50.49,0.0
2026-04-24 13:30:00,INDEX:NDTH,50.49,53.46,50.49,52.47,0.0
2026-04-27 13:30:00,INDEX:NDTH,54.45,54.45,51.48,52.47,0.0
2026-04-28 13:30:00,INDEX:NDTH,53.46,53.46,50.49,52.47,0.0
2026-04-29 13:30:00,INDEX:NDTH,51.48,52.47,49.5,52.47,0.0
2026-04-30 13:30:00,INDEX:NDTH,53.46,56.43,53.46,56.43,0.0
2026-05-01 13:30:00,INDEX:NDTH,56.43,56.43,55.44,56.43,0.0
2026-05-04 13:30:00,INDEX:NDTH,58.41,58.41,53.46,53.46,0.0
2026-05-05 13:30:00,INDEX:NDTH,54.45,56.43,54.45,55.44,0.0
2026-05-06 13:30:00,INDEX:NDTH,57.42,57.42,55.44,55.44,0.0
2026-05-07 13:30:00,INDEX:NDTH,57.42,58.41,56.43,57.42,0.0
2026-05-08 13:30:00,INDEX:NDTH,57.42,57.42,57.42,57.42,0.0
2026-05-11 13:30:00,INDEX:NDTH,58.41,58.41,55.44,57.42,0.0
2026-05-12 13:30:00,INDEX:NDTH,57.42,58.41,56.43,57.42,0.0
2026-05-13 13:30:00,INDEX:NDTH,57.42,57.42,56.43,56.43,0.0
2026-05-14 13:30:00,INDEX:NDTH,57.42,57.42,57.42,57.42,0.0
2026-05-15 13:30:00,INDEX:NDTH,57.42,57.42,54.45,57.42,0.0
2026-05-18 13:30:00,INDEX:NDTH,54.45,55.44,54.45,55.44,0.0
2026-05-19 13:30:00,INDEX:NDTH,53.46,56.43,53.46,53.46,0.0
2026-05-20 13:30:00,INDEX:NDTH,55.44,58.41,55.44,57.42,0.0
2026-05-21 13:30:00,INDEX:NDTH,56.43,57.42,56.43,57.42,0.0
2026-05-22 13:30:00,INDEX:NDTH,57.42,58.41,57.42,57.42,0.0
2026-05-26 13:30:00,INDEX:NDTH,59.4,59.4,58.41,59.4,0.0
2026-05-27 13:30:00,INDEX:NDTH,60.39,62.37,60.39,61.38,0.0
2026-05-28 13:30:00,INDEX:NDTH,61.38,62.37,60.39,60.39,0.0
2026-05-29 13:30:00,INDEX:NDTH,59.4,59.4,56.43,56.43,0.0
2026-06-01 13:30:00,INDEX:NDTH,57.42,57.42,53.46,55.44,0.0
2026-06-02 13:30:00,INDEX:NDTH,54.45,54.45,51.48,53.46,0.0
2026-06-03 13:30:00,INDEX:NDTH,58.41,59.4,57.42,57.42,0.0
2026-06-04 13:30:00,INDEX:NDTH,60.39,60.39,57.42,58.41,0.0
2026-06-05 13:30:00,INDEX:NDTH,59.4,60.39,58.41,58.41,0.0
2026-06-08 13:30:00,INDEX:NDTH,59.4,59.4,56.43,56.43,0.0
2026-06-09 13:30:00,INDEX:NDTH,57.42,57.42,55.44,56.43,0.0
2026-06-10 13:30:00,INDEX:NDTH,55.44,56.43,51.48,52.47,0.0
2026-06-11 13:30:00,INDEX:NDTH,54.45,58.41,54.45,56.43,0.0
2026-06-12 13:30:00,INDEX:NDTH,58.41,58.41,57.42,58.41,0.0
2026-06-15 13:30:00,INDEX:NDTH,57.42,58.41,57.42,57.42,0.0
2026-06-16 13:30:00,INDEX:NDTH,57.42,57.42,57.42,57.42,0.0
2026-06-17 13:30:00,INDEX:NDTH,57.42,59.4,55.44,56.43,0.0
2026-06-18 13:30:00,INDEX:NDTH,55.44,57.42,55.44,55.44,0.0
2026-06-22 13:30:00,INDEX:NDTH,57.42,58.41,56.43,57.42,0.0
2026-06-23 13:30:00,INDEX:NDTH,59.4,64.35,58.41,63.36,0.0
2026-06-24 13:30:00,INDEX:NDTH,64.35,64.35,63.36,64.35,0.0
2026-06-25 13:30:00,INDEX:NDTH,62.37,62.37,59.4,59.4,0.0
2026-06-26 13:30:00,INDEX:NDTH,60.39,61.38,59.4,59.4,0.0
2026-06-29 13:30:00,INDEX:NDTH,61.38,61.38,60.39,60.39,0.0
2026-06-30 13:30:00,INDEX:NDTH,60.39,61.38,59.4,59.4,0.0
2026-07-01 13:30:00,INDEX:NDTH,62.37,63.72,61.38,62.74,0.0
2026-07-02 13:30:00,INDEX:NDTH,62.74,64.7,61.76,62.74,0.0
2026-07-06 13:30:00,INDEX:NDTH,61.76,65.68,60.78,64.7,0.0
2026-07-07 13:30:00,INDEX:NDTH,64.07,64.07,63.1,63.1,0.0
2026-07-08 13:30:00,INDEX:NDTH,64.07,65.04,64.07,64.07,0.0
2026-07-09 13:30:00,INDEX:NDTH,64.07,64.07,62.13,63.1,0.0
2026-07-10 13:30:00,INDEX:NDTH,64.07,66.01,64.07,65.04,0.0
2026-07-13 13:30:00,INDEX:NDTH,64.07,65.04,63.1,64.07,0.0
2026-07-14 13:30:00,INDEX:NDTH,64.07,65.04,64.07,64.07,0.0
2026-07-15 13:30:00,INDEX:NDTH,65.04,66.99,63.1,65.04,0.0
2026-07-16 13:30:00,INDEX:NDTH,66.01,66.01,65.04,66.01,0.0
2026-07-17 13:30:00,INDEX:NDTH,66.01,66.01,62.13,63.1,0.0
2026-07-20 13:30:00,INDEX:NDTH,64.07,65.04,61.16,62.13,0.0
2026-07-21 13:30:00,INDEX:NDTH,62.13,63.1,61.16,62.13,0.0
2026-07-22 13:30:00,INDEX:NDTH,63.1,64.07,63.1,63.1,0.0
2026-07-23 13:30:00,INDEX:NDTH,60.19,61.16,58.25,59.22,0.0
2026-07-24 13:30:00,INDEX:NDTH,59.22,60.19,58.25,58.25,0.0
2026-07-27 13:30:00,INDEX:NDTH,63.1,64.07,62.13,64.07,0.0
2026-07-28 13:30:00,INDEX:NDTH,66.01,67.96,66.01,66.99,0.0
2026-07-29 13:30:00,INDEX:NDTH,66.99,66.99,64.07,64.07,0.0
2026-07-30 13:30:00,INDEX:NDTH,61.16,66.01,61.16,65.04,0.0
2026-07-31 13:30:00,INDEX:NDTH,65.04,66.01,64.07,64.07,0.0
2026-08-03 13:30:00,INDEX:NDTH,66.01,66.99,64.07,65.04,0.0
2026-08-04 13:30:00,INDEX:NDTH,66.99,68.93,66.99,68.93,0.0
2026-08-05 13:30:00,INDEX:NDTH,70.87,70.87,67.96,69.9,0.0
2026-08-06 13:30:00,INDEX:NDTH,68.62,68.62,65.68,66.66,0.0
2026-08-07 13:30:00,INDEX:NDTH,68.62,70.58,68.62,70.58,0.0
2026-08-10 13:30:00,INDEX:NDTH,70.58,71.56,69.6,70.58,0.0
2026-08-11 13:30:00,INDEX:NDTH,69.6,71.56,69.6,69.6,0.0
2026-08-12 13:30:00,INDEX:NDTH,70.58,70.58,69.6,69.6,0.0
2026-08-13 13:30:00,INDEX:NDTH,71.56,75.49,70.58,74.5,0.0
2026-08-14 13:30:00,INDEX:NDTH,73.52,73.52,73.52,73.52,0.0
2026-08-17 13:30:00,INDEX:NDTH,71.56,71.56,67.64,68.62,0.0
2026-08-18 13:30:00,INDEX:NDTH,73.52,73.52,70.58,70.58,0.0
2026-08-19 13:30:00,INDEX:NDTH,70.58,73.52,70.58,71.56,0.0
2026-08-20 13:30:00,INDEX:NDTH,71.56,72.54,69.6,69.6,0.0
2026-08-21 13:30:00,INDEX:NDTH,69.6,69.6,69.6,69.6,0.0
2026-08-24 13:30:00,INDEX:NDTH,69.6,70.58,69.6,70.58,0.0
2026-08-25 13:30:00,INDEX:NDTH,70.58,72.54,70.58,71.56,0.0
2026-08-26 13:30:00,INDEX:NDTH,70.58,71.56,69.6,69.6,0.0
2026-08-27 13:30:00,INDEX:NDTH,69.6,71.56,69.6,71.56,0.0
2026-08-28 13:30:00,INDEX:NDTH,71.56,71.56,69.6,69.6,0.0
2026-08-31 13:30:00,INDEX:NDTH,69.6,69.6,67.64,69.6,0.0
2026-09-01 13:30:00,INDEX:NDTH,64.7,64.7,61.76,62.74,0.0
2026-09-02 13:30:00,INDEX:NDTH,60.78,65.68,60.78,63.72,0.0
2026-09-03 13:30:00,INDEX:NDTH,64.7,65.68,62.74,65.68,0.0
2026-09-04 13:30:00,INDEX:NDTH,63.72,65.68,62.74,64.7,0.0
2026-09-08 13:30:00,INDEX:NDTH,63.72,63.72,60.78,62.74,0.0
2026-09-09 13:30:00,INDEX:NDTH,61.76,61.76,58.82,58.82,0.0
2026-09-10 13:30:00,INDEX:NDTH,56.86,57.84,56.86,57.84,0.0
2026-09-11 13:30:00,INDEX:NDTH,59.8,59.8,58.82,58.82,0.0
2026-09-14 13:30:00,INDEX:NDTH,58.82,59.8,58.82,59.8,0.0
2026-09-15 13:30:00,INDEX:NDTH,56.86,58.82,56.43,56.43,0.0
2026-09-16 13:30:00,INDEX:NDTH,56.43,58.41,53.46,55.44,0.0
2026-09-17 13:30:00,INDEX:NDTH,53.46,54.45,53.46,54.45,0.0
2026-09-18 13:30:00,INDEX:NDTH,54.45,56.43,54.45,55.44,0.0
2026-09-21 13:30:00,INDEX:NDTH,56.43,57.42,55.44,57.42,0.0
2026-09-22 13:30:00,INDEX:NDTH,57.42,58.41,57.42,58.41,0.0
2026-09-23 13:30:00,INDEX:NDTH,57.42,57.42,56.43,56.43,0.0
2026-09-24 13:30:00,INDEX:NDTH,57.42,58.41,54.45,57.42,0.0
2026-09-25 13:30:00,INDEX:NDTH,58.41,59.4,57.42,59.4,0.0
2026-09-28 13:30:00,INDEX:NDTH,55.44,56.43,55.44,56.43,0.0
2026-09-29 13:30:00,INDEX:NDTH,53.46,56.43,53.46,54.45,0.0
2026-09-30 13:30:00,INDEX:NDTH,56.43,56.43,54.45,54.45,0.0
2026-10-01 13:30:00,INDEX:NDTH,56.43,57.42,54.45,54.45,0.0
2026-10-02 13:30:00,INDEX:NDTH,57.42,60.39,57.42,58.41,0.0
2026-10-05 13:30:00,INDEX:NDTH,57.42,59.4,57.42,58.41,0.0
2026-10-06 13:30:00,INDEX:NDTH,60.39,64.35,60.39,63.36,0.0
2026-10-07 13:30:00,INDEX:NDTH,61.38,63.36,60.39,61.0,0.0
2026-10-08 13:30:00,INDEX:NDTH,61.0,62.0,59.0,61.0,0.0
2026-10-09 13:30:00,INDEX:NDTH,62.0,63.0,62.0,62.0,0.0
