datetime,symbol,open,high,low,close,volume
2006-12-29 14:30:00,INDEX:NDTW,32.0,32.0,32.0,32.0,0.0
2007-01-02 14:30:00,INDEX:NDTW,32.0,32.0,32.0,32.0,0.0
2007-01-03 14:30:00,INDEX:NDTW,33.0,33.0,33.0,33.0,0.0
2007-01-04 14:30:00,INDEX:NDTW,57.0,57.0,57.0,57.0,0.0
2007-01-05 14:30:00,INDEX:NDTW,46.0,46.0,46.0,46.0,0.0
2007-01-08 14:30:00,INDEX:NDTW,55.0,55.0,55.0,55.0,0.0
2007-01-09 14:30:00,INDEX:NDTW,60.0,60.0,60.0,60.0,0.0
2007-01-10 14:30:00,INDEX:NDTW,68.0,68.0,68.0,68.0,0.0
2007-01-11 14:30:00,INDEX:NDTW,78.0,78.0,78.0,78.0,0.0
2007-01-12 14:30:00,INDEX:NDTW,78.0,78.0,78.0,78.0,0.0
2007-01-15 14:30:00,INDEX:NDTW,78.0,78.0,78.0,78.0,0.0
2007-01-16 14:30:00,INDEX:NDTW,75.0,75.0,75.0,75.0,0.0
2007-01-17 14:30:00,INDEX:NDTW,72.0,72.0,72.0,72.0,0.0
2007-01-18 14:30:00,INDEX:NDTW,54.0,54.0,54.0,54.0,0.0
2007-01-19 14:30:00,INDEX:NDTW,54.0,54.0,54.0,54.0,0.0
2007-01-22 14:30:00,INDEX:NDTW,46.0,46.0,46.0,46.0,0.0
2007-01-23 14:30:00,INDEX:NDTW,45.0,45.0,45.0,45.0,0.0
2007-01-24 14:30:00,INDEX:NDTW,57.0,57.0,57.0,57.0,0.0
2007-01-25 14:30:00,INDEX:NDTW,45.0,45.0,45.0,45.0,0.0
2007-01-26 14:30:00,INDEX:NDTW,46.0,46.0,46.0,46.0,0.0
2007-01-29 14:30:00,INDEX:NDTW,44.0,44.0,44.0,44.0,0.0
2007-01-30 14:30:00,INDEX:NDTW,46.0,46.0,46.0,46.0,0.0
2007-01-31 14:30:00,INDEX:NDTW,54.0,54.0,54.0,54.0,0.0
2007-02-01 14:30:00,INDEX:NDTW,59.0,59.0,59.0,59.0,0.0
2007-02-02 14:30:00,INDEX:NDTW,67.0,67.0,67.0,67.0,0.0
2007-02-05 14:30:00,INDEX:NDTW,62.0,62.0,62.0,62.0,0.0
2007-02-06 14:30:00,INDEX:NDTW,64.0,64.0,64.0,64.0,0.0
2007-02-07 14:30:00,INDEX:NDTW,72.0,72.0,72.0,72.0,0.0
2007-02-08 14:30:00,INDEX:NDTW,75.0,75.0,75.0,75.0,0.0
2007-02-09 14:30:00,INDEX:NDTW,62.0,62.0,62.0,62.0,0.0
2007-02-12 14:30:00,INDEX:NDTW,58.0,58.0,58.0,58.0,0.0
2007-02-13 14:30:00,INDEX:NDTW,61.0,61.0,61.0,61.0,0.0
2007-02-14 14:30:00,INDEX:NDTW,71.0,71.0,71.0,71.0,0.0
2007-02-15 14:30:00,INDEX:NDTW,70.0,70.0,70.0,70.0,0.0
2007-02-16 14:30:00,INDEX:NDTW,74.0,74.0,74.0,74.0,0.0
2007-02-19 14:30:00,INDEX:NDTW,74.0,74.0,74.0,74.0,0.0
2007-02-20 14:30:00,INDEX:NDTW,77.0,77.0,77.0,77.0,0.0
2007-02-21 14:30:00,INDEX:NDTW,73.0,73.0,73.0,73.0,0.0
2007-02-22 14:30:00,INDEX:NDTW,75.0,75.0,75.0,75.0,0.0
2007-02-23 14:30:00,INDEX:NDTW,72.0,72.0,72.0,72.0,0.0
2007-02-26 14:30:00,INDEX:NDTW,67.0,67.0,67.0,67.0,0.0
2007-02-27 14:30:00,INDEX:NDTW,28.0,28.0,28.0,28.0,0.0
2007-02-28 14:30:00,INDEX:NDTW,28.0,28.0,28.0,28.0,0.0
2007-03-01 14:30:00,INDEX:NDTW,22.0,22.0,22.0,22.0,0.0
2007-03-02 14:30:00,INDEX:NDTW,8.0,8.0,8.0,8.0,0.0
2007-03-05 14:30:00,INDEX:NDTW,4.0,4.0,4.0,4.0,0.0
2007-03-06 14:30:00,INDEX:NDTW,14.0,14.0,14.0,14.0,0.0
2007-03-07 14:30:00,INDEX:NDTW,9.0,9.0,9.0,9.0,0.0
2007-03-08 14:30:00,INDEX:NDTW,19.0,19.0,19.0,19.0,0.0
2007-03-09 14:30:00,INDEX:NDTW,24.0,24.0,24.0,24.0,0.0
2007-03-12 13:30:00,INDEX:NDTW,30.0,30.0,30.0,30.0,0.0
2007-03-13 13:30:00,INDEX:NDTW,14.0,14.0,14.0,14.0,0.0
2007-03-14 13:30:00,INDEX:NDTW,18.0,18.0,18.0,18.0,0.0
2007-03-15 13:30:00,INDEX:NDTW,20.0,20.0,20.0,20.0,0.0
2007-03-16 13:30:00,INDEX:NDTW,20.0,20.0,20.0,20.0,0.0
2007-03-19 13:30:00,INDEX:NDTW,32.0,32.0,32.0,32.0,0.0
2007-03-20 13:30:00,INDEX:NDTW,53.0,53.0,53.0,53.0,0.0
2007-03-21 13:30:00,INDEX:NDTW,76.0,76.0,76.0,76.0,0.0
2007-03-22 13:30:00,INDEX:NDTW,77.0,77.0,77.0,77.0,0.0
2007-03-23 13:30:00,INDEX:NDTW,80.0,80.0,80.0,80.0,0.0
2007-03-26 13:30:00,INDEX:NDTW,81.0,81.0,81.0,81.0,0.0
2007-03-27 13:30:00,INDEX:NDTW,76.0,76.0,76.0,76.0,0.0
2007-03-28 13:30:00,INDEX:NDTW,58.0,58.0,58.0,58.0,0.0
2007-03-29 13:30:00,INDEX:NDTW,60.0,60.0,60.0,60.0,0.0
2007-03-30 13:30:00,INDEX:NDTW,58.0,58.0,58.0,58.0,0.0
2007-04-02 13:30:00,INDEX:NDTW,63.0,63.0,63.0,63.0,0.0
2007-04-03 13:30:00,INDEX:NDTW,72.0,72.0,72.0,72.0,0.0
2007-04-04 13:30:00,INDEX:NDTW,74.0,74.0,74.0,74.0,0.0
2007-04-05 13:30:00,INDEX:NDTW,76.0,76.0,76.0,76.0,0.0
2007-04-06 13:30:00,INDEX:NDTW,76.0,76.0,76.0,76.0,0.0
2007-04-09 13:30:00,INDEX:NDTW,76.0,76.0,76.0,76.0,0.0
2007-04-10 13:30:00,INDEX:NDTW,80.0,80.0,80.0,80.0,0.0
2007-04-11 13:30:00,INDEX:NDTW,65.0,65.0,65.0,65.0,0.0
2007-04-12 13:30:00,INDEX:NDTW,69.0,69.0,69.0,69.0,0.0
2007-04-13 13:30:00,INDEX:NDTW,69.0,69.0,69.0,69.0,0.0
2007-04-16 13:30:00,INDEX:NDTW,76.0,76.0,76.0,76.0,0.0
2007-04-17 13:30:00,INDEX:NDTW,74.0,74.0,74.0,74.0,0.0
2007-04-18 13:30:00,INDEX:NDTW,77.0,77.0,77.0,77.0,0.0
2007-04-19 13:30:00,INDEX:NDTW,64.0,64.0,64.0,64.0,0.0
2007-04-20 13:30:00,INDEX:NDTW,73.0,73.0,73.0,73.0,0.0
2007-04-23 13:30:00,INDEX:NDTW,70.0,70.0,70.0,70.0,0.0
2007-04-24 13:30:00,INDEX:NDTW,71.0,71.0,71.0,71.0,0.0
2007-04-25 13:30:00,INDEX:NDTW,79.0,79.0,79.0,79.0,0.0
2007-04-26 13:30:00,INDEX:NDTW,82.0,82.0,82.0,82.0,0.0
2007-04-27 13:30:00,INDEX:NDTW,79.0,79.0,79.0,79.0,0.0
2007-04-30 13:30:00,INDEX:NDTW,59.0,59.0,59.0,59.0,0.0
2007-05-01 13:30:00,INDEX:NDTW,62.0,62.0,62.0,62.0,0.0
2007-05-02 13:30:00,INDEX:NDTW,69.0,69.0,69.0,69.0,0.0
2007-05-03 13:30:00,INDEX:NDTW,71.0,71.0,71.0,71.0,0.0
2007-05-04 13:30:00,INDEX:NDTW,70.0,70.0,70.0,70.0,0.0
2007-05-07 13:30:00,INDEX:NDTW,68.0,68.0,68.0,68.0,0.0
2007-05-08 13:30:00,INDEX:NDTW,69.0,69.0,69.0,69.0,0.0
2007-05-09 13:30:00,INDEX:NDTW,70.0,70.0,70.0,70.0,0.0
2007-05-10 13:30:00,INDEX:NDTW,51.0,51.0,51.0,51.0,0.0
2007-05-11 13:30:00,INDEX:NDTW,57.0,57.0,57.0,57.0,0.0
2007-05-14 13:30:00,INDEX:NDTW,49.0,49.0,49.0,49.0,0.0
2007-05-15 13:30:00,INDEX:NDTW,41.0,41.0,41.0,41.0,0.0
2007-05-16 13:30:00,INDEX:NDTW,51.0,51.0,51.0,51.0,0.0
2007-05-17 13:30:00,INDEX:NDTW,45.0,45.0,45.0,45.0,0.0
2007-05-18 13:30:00,INDEX:NDTW,56.0,56.0,56.0,56.0,0.0
2007-05-21 13:30:00,INDEX:NDTW,61.0,61.0,61.0,61.0,0.0
2007-05-22 13:30:00,INDEX:NDTW,62.0,62.0,62.0,62.0,0.0
2007-05-23 13:30:00,INDEX:NDTW,57.0,57.0,57.0,57.0,0.0
2007-05-24 13:30:00,INDEX:NDTW,40.0,40.0,40.0,40.0,0.0
2007-05-25 13:30:00,INDEX:NDTW,44.0,44.0,44.0,44.0,0.0
2007-05-28 13:30:00,INDEX:NDTW,44.0,44.0,44.0,44.0,0.0
2007-05-29 13:30:00,INDEX:NDTW,51.0,51.0,51.0,51.0,0.0
2007-05-30 13:30:00,INDEX:NDTW,51.0,51.0,51.0,51.0,0.0
2007-05-31 13:30:00,INDEX:NDTW,60.0,60.0,60.0,60.0,0.0
2007-06-01 13:30:00,INDEX:NDTW,67.0,67.0,67.0,67.0,0.0
2007-06-04 13:30:00,INDEX:NDTW,67.0,67.0,67.0,67.0,0.0
2007-06-05 13:30:00,INDEX:NDTW,59.0,59.0,59.0,59.0,0.0
2007-06-06 13:30:00,INDEX:NDTW,49.0,49.0,49.0,49.0,0.0
2007-06-07 13:30:00,INDEX:NDTW,25.0,25.0,25.0,25.0,0.0
2007-06-08 13:30:00,INDEX:NDTW,40.0,40.0,40.0,40.0,0.0
2007-06-11 13:30:00,INDEX:NDTW,43.0,43.0,43.0,43.0,0.0
2007-06-12 13:30:00,INDEX:NDTW,34.0,34.0,34.0,34.0,0.0
2007-06-13 13:30:00,INDEX:NDTW,53.0,53.0,53.0,53.0,0.0
2007-06-14 13:30:00,INDEX:NDTW,61.0,61.0,61.0,61.0,0.0
2007-06-15 13:30:00,INDEX:NDTW,67.0,67.0,67.0,67.0,0.0
2007-06-18 13:30:00,INDEX:NDTW,68.0,68.0,68.0,68.0,0.0
2007-06-19 13:30:00,INDEX:NDTW,62.0,62.0,62.0,62.0,0.0
2007-06-20 13:30:00,INDEX:NDTW,52.0,52.0,52.0,52.0,0.0
2007-06-21 13:30:00,INDEX:NDTW,65.0,65.0,65.0,65.0,0.0
2007-06-22 13:30:00,INDEX:NDTW,44.0,44.0,44.0,44.0,0.0
2007-06-25 13:30:00,INDEX:NDTW,42.0,42.0,42.0,42.0,0.0
2007-06-26 13:30:00,INDEX:NDTW,43.0,43.0,43.0,43.0,0.0
2007-06-27 13:30:00,INDEX:NDTW,54.0,54.0,54.0,54.0,0.0
2007-06-28 13:30:00,INDEX:NDTW,53.0,53.0,53.0,53.0,0.0
2007-06-29 13:30:00,INDEX:NDTW,50.0,50.0,50.0,50.0,0.0
2007-07-02 13:30:00,INDEX:NDTW,60.0,60.0,60.0,60.0,0.0
2007-07-03 13:30:00,INDEX:NDTW,65.0,65.0,65.0,65.0,0.0
2007-07-04 13:30:00,INDEX:NDTW,65.0,65.0,65.0,65.0,0.0
2007-07-05 13:30:00,INDEX:NDTW,68.0,68.0,68.0,68.0,0.0
2007-07-06 13:30:00,INDEX:NDTW,70.0,70.0,70.0,70.0,0.0
2007-07-09 13:30:00,INDEX:NDTW,72.0,72.0,72.0,72.0,0.0
2007-07-10 13:30:00,INDEX:NDTW,65.0,65.0,65.0,65.0,0.0
2007-07-11 13:30:00,INDEX:NDTW,69.0,69.0,69.0,69.0,0.0
2007-07-12 13:30:00,INDEX:NDTW,82.0,82.0,82.0,82.0,0.0
2007-07-13 13:30:00,INDEX:NDTW,83.0,83.0,83.0,83.0,0.0
2007-07-16 13:30:00,INDEX:NDTW,83.0,83.0,83.0,83.0,0.0
2007-07-17 13:30:00,INDEX:NDTW,84.0,84.0,84.0,84.0,0.0
2007-07-18 13:30:00,INDEX:NDTW,82.0,82.0,82.0,82.0,0.0
2007-07-19 13:30:00,INDEX:NDTW,83.0,83.0,83.0,83.0,0.0
2007-07-20 13:30:00,INDEX:NDTW,77.0,77.0,77.0,77.0,0.0
2007-07-23 13:30:00,INDEX:NDTW,72.0,72.0,72.0,72.0,0.0
2007-07-24 13:30:00,INDEX:NDTW,50.0,50.0,50.0,50.0,0.0
2007-07-25 13:30:00,INDEX:NDTW,53.0,53.0,53.0,53.0,0.0
2007-07-26 13:30:00,INDEX:NDTW,37.0,37.0,37.0,37.0,0.0
2007-07-27 13:30:00,INDEX:NDTW,26.0,26.0,26.0,26.0,0.0
2007-07-30 13:30:00,INDEX:NDTW,31.0,31.0,31.0,31.0,0.0
2007-07-31 13:30:00,INDEX:NDTW,19.0,19.0,19.0,19.0,0.0
2007-08-01 13:30:00,INDEX:NDTW,25.0,25.0,25.0,25.0,0.0
2007-08-02 13:30:00,INDEX:NDTW,37.0,37.0,37.0,37.0,0.0
2007-08-03 13:30:00,INDEX:NDTW,18.0,18.0,18.0,18.0,0.0
2007-08-06 13:30:00,INDEX:NDTW,35.0,35.0,35.0,35.0,0.0
2007-08-07 13:30:00,INDEX:NDTW,41.0,41.0,41.0,41.0,0.0
2007-08-08 13:30:00,INDEX:NDTW,59.0,59.0,59.0,59.0,0.0
2007-08-09 13:30:00,INDEX:NDTW,40.0,40.0,40.0,40.0,0.0
2007-08-10 13:30:00,INDEX:NDTW,36.0,36.0,36.0,36.0,0.0
2007-08-13 13:30:00,INDEX:NDTW,42.0,42.0,42.0,42.0,0.0
2007-08-14 13:30:00,INDEX:NDTW,25.0,25.0,25.0,25.0,0.0
2007-08-15 13:30:00,INDEX:NDTW,16.0,16.0,16.0,16.0,0.0
2007-08-16 13:30:00,INDEX:NDTW,13.0,13.0,13.0,13.0,0.0
2007-08-17 13:30:00,INDEX:NDTW,27.0,27.0,27.0,27.0,0.0
2007-08-20 13:30:00,INDEX:NDTW,30.0,30.0,30.0,30.0,0.0
2007-08-21 13:30:00,INDEX:NDTW,36.0,36.0,36.0,36.0,0.0
2007-08-22 13:30:00,INDEX:NDTW,55.0,55.0,55.0,55.0,0.0
2007-08-23 13:30:00,INDEX:NDTW,50.0,50.0,50.0,50.0,0.0
2007-08-24 13:30:00,INDEX:NDTW,68.0,68.0,68.0,68.0,0.0
2007-08-27 13:30:00,INDEX:NDTW,58.0,58.0,58.0,58.0,0.0
2007-08-28 13:30:00,INDEX:NDTW,27.0,27.0,27.0,27.0,0.0
2007-08-29 13:30:00,INDEX:NDTW,61.0,61.0,61.0,61.0,0.0
2007-08-30 13:30:00,INDEX:NDTW,62.0,62.0,62.0,62.0,0.0
2007-08-31 13:30:00,INDEX:NDTW,76.0,76.0,76.0,76.0,0.0
2007-09-03 13:30:00,INDEX:NDTW,76.0,76.0,76.0,76.0,0.0
2007-09-04 13:30:00,INDEX:NDTW,82.0,82.0,82.0,82.0,0.0
2007-09-05 13:30:00,INDEX:NDTW,73.0,73.0,73.0,73.0,0.0
2007-09-06 13:30:00,INDEX:NDTW,81.0,81.0,81.0,81.0,0.0
2007-09-07 13:30:00,INDEX:NDTW,59.0,59.0,59.0,59.0,0.0
2007-09-10 13:30:00,INDEX:NDTW,55.0,55.0,55.0,55.0,0.0
2007-09-11 13:30:00,INDEX:NDTW,68.0,68.0,68.0,68.0,0.0
2007-09-12 13:30:00,INDEX:NDTW,66.0,66.0,66.0,66.0,0.0
2007-09-13 13:30:00,INDEX:NDTW,67.0,67.0,67.0,67.0,0.0
2007-09-14 13:30:00,INDEX:NDTW,62.0,62.0,62.0,62.0,0.0
2007-09-17 13:30:00,INDEX:NDTW,53.0,53.0,53.0,53.0,0.0
2007-09-18 13:30:00,INDEX:NDTW,84.0,84.0,84.0,84.0,0.0
2007-09-19 13:30:00,INDEX:NDTW,86.0,86.0,86.0,86.0,0.0
2007-09-20 13:30:00,INDEX:NDTW,78.0,78.0,78.0,78.0,0.0
2007-09-21 13:30:00,INDEX:NDTW,77.0,77.0,77.0,77.0,0.0
2007-09-24 13:30:00,INDEX:NDTW,74.0,74.0,74.0,74.0,0.0
2007-09-25 13:30:00,INDEX:NDTW,73.0,73.0,73.0,73.0,0.0
2007-09-26 13:30:00,INDEX:NDTW,78.0,78.0,78.0,78.0,0.0
2007-09-27 13:30:00,INDEX:NDTW,77.0,77.0,77.0,77.0,0.0
2007-09-28 13:30:00,INDEX:NDTW,77.0,77.0,77.0,77.0,0.0
2007-10-01 13:30:00,INDEX:NDTW,82.0,82.0,82.0,82.0,0.0
2007-10-02 13:30:00,INDEX:NDTW,87.0,87.0,87.0,87.0,0.0
2007-10-03 13:30:00,INDEX:NDTW,84.0,84.0,84.0,84.0,0.0
2007-10-04 13:30:00,INDEX:NDTW,77.0,77.0,77.0,77.0,0.0
2007-10-05 13:30:00,INDEX:NDTW,84.0,84.0,84.0,84.0,0.0
2007-10-08 13:30:00,INDEX:NDTW,82.0,82.0,82.0,82.0,0.0
2007-10-09 13:30:00,INDEX:NDTW,85.0,85.0,85.0,85.0,0.0
2007-10-10 13:30:00,INDEX:NDTW,81.0,81.0,81.0,81.0,0.0
2007-10-11 13:30:00,INDEX:NDTW,73.0,73.0,73.0,73.0,0.0
2007-10-12 13:30:00,INDEX:NDTW,78.0,78.0,78.0,78.0,0.0
2007-10-15 13:30:00,INDEX:NDTW,68.0,68.0,68.0,68.0,0.0
2007-10-16 13:30:00,INDEX:NDTW,60.0,60.0,60.0,60.0,0.0
2007-10-17 13:30:00,INDEX:NDTW,66.0,66.0,66.0,66.0,0.0
2007-10-18 13:30:00,INDEX:NDTW,63.0,63.0,63.0,63.0,0.0
2007-10-19 13:30:00,INDEX:NDTW,38.0,38.0,38.0,38.0,0.0
2007-10-22 13:30:00,INDEX:NDTW,46.0,46.0,46.0,46.0,0.0
2007-10-23 13:30:00,INDEX:NDTW,51.0,51.0,51.0,51.0,0.0
2007-10-24 13:30:00,INDEX:NDTW,40.0,40.0,40.0,40.0,0.0
2007-10-25 13:30:00,INDEX:NDTW,34.0,34.0,34.0,34.0,0.0
2007-10-26 13:30:00,INDEX:NDTW,42.0,42.0,42.0,42.0,0.0
2007-10-29 13:30:00,INDEX:NDTW,46.0,46.0,46.0,46.0,0.0
2007-10-30 13:30:00,INDEX:NDTW,47.0,47.0,47.0,47.0,0.0
2007-10-31 13:30:00,INDEX:NDTW,60.0,60.0,60.0,60.0,0.0
2007-11-01 13:30:00,INDEX:NDTW,43.0,43.0,43.0,43.0,0.0
2007-11-02 13:30:00,INDEX:NDTW,51.0,51.0,51.0,51.0,0.0
2007-11-05 14:30:00,INDEX:NDTW,48.0,48.0,48.0,48.0,0.0
2007-11-06 14:30:00,INDEX:NDTW,50.0,50.0,50.0,50.0,0.0
2007-11-07 14:30:00,INDEX:NDTW,39.0,39.0,39.0,39.0,0.0
2007-11-08 14:30:00,INDEX:NDTW,29.0,29.0,29.0,29.0,0.0
2007-11-09 14:30:00,INDEX:NDTW,16.0,16.0,16.0,16.0,0.0
2007-11-12 14:30:00,INDEX:NDTW,8.0,8.0,8.0,8.0,0.0
2007-11-13 14:30:00,INDEX:NDTW,18.0,18.0,18.0,18.0,0.0
2007-11-14 14:30:00,INDEX:NDTW,15.0,15.0,15.0,15.0,0.0
2007-11-15 14:30:00,INDEX:NDTW,12.0,12.0,12.0,12.0,0.0
2007-11-16 14:30:00,INDEX:NDTW,15.0,15.0,15.0,15.0,0.0
2007-11-19 14:30:00,INDEX:NDTW,10.0,10.0,10.0,10.0,0.0
2007-11-20 14:30:00,INDEX:NDTW,11.0,11.0,11.0,11.0,0.0
2007-11-21 14:30:00,INDEX:NDTW,8.0,8.0,8.0,8.0,0.0
2007-11-22 14:30:00,INDEX:NDTW,8.0,8.0,8.0,8.0,0.0
2007-11-23 14:30:00,INDEX:NDTW,9.0,9.0,9.0,9.0,0.0
2007-11-26 14:30:00,INDEX:NDTW,8.0,8.0,8.0,8.0,0.0
2007-11-27 14:30:00,INDEX:NDTW,21.0,21.0,21.0,21.0,0.0
2007-11-28 14:30:00,INDEX:NDTW,51.0,51.0,51.0,51.0,0.0
2007-11-29 14:30:00,INDEX:NDTW,56.0,56.0,56.0,56.0,0.0
2007-11-30 14:30:00,INDEX:NDTW,56.0,56.0,56.0,56.0,0.0
2007-12-03 14:30:00,INDEX:NDTW,51.0,51.0,51.0,51.0,0.0
2007-12-04 14:30:00,INDEX:NDTW,53.0,53.0,53.0,53.0,0.0
2007-12-05 14:30:00,INDEX:NDTW,72.0,72.0,72.0,72.0,0.0
2007-12-06 14:30:00,INDEX:NDTW,82.0,82.0,82.0,82.0,0.0
2007-12-07 14:30:00,INDEX:NDTW,82.0,82.0,82.0,82.0,0.0
2007-12-10 14:30:00,INDEX:NDTW,87.0,87.0,87.0,87.0,0.0
2007-12-11 14:30:00,INDEX:NDTW,62.0,62.0,62.0,62.0,0.0
2007-12-12 14:30:00,INDEX:NDTW,70.0,70.0,70.0,70.0,0.0
2007-12-13 14:30:00,INDEX:NDTW,65.0,65.0,65.0,65.0,0.0
2007-12-14 14:30:00,INDEX:NDTW,55.0,55.0,55.0,55.0,0.0
2007-12-17 14:30:00,INDEX:NDTW,29.0,29.0,29.0,29.0,0.0
2007-12-18 14:30:00,INDEX:NDTW,37.0,37.0,37.0,37.0,0.0
2007-12-19 14:30:00,INDEX:NDTW,35.0,35.0,35.0,35.0,0.0
2007-12-20 14:30:00,INDEX:NDTW,46.0,46.0,46.0,46.0,0.0
2007-12-21 14:30:00,INDEX:NDTW,60.0,60.0,60.0,60.0,0.0
2007-12-24 14:30:00,INDEX:NDTW,62.0,62.0,62.0,62.0,0.0
2007-12-26 14:30:00,INDEX:NDTW,62.0,62.0,62.0,62.0,0.0
2007-12-27 14:30:00,INDEX:NDTW,47.0,47.0,47.0,47.0,0.0
2007-12-28 14:30:00,INDEX:NDTW,46.0,46.0,46.0,46.0,0.0
2007-12-31 14:30:00,INDEX:NDTW,39.0,39.0,39.0,39.0,0.0
2008-01-02 14:30:00,INDEX:NDTW,22.0,22.0,22.0,22.0,0.0
2008-01-03 14:30:00,INDEX:NDTW,23.0,23.0,23.0,23.0,0.0
2008-01-04 14:30:00,INDEX:NDTW,6.0,6.0,6.0,6.0,0.0
2008-01-07 14:30:00,INDEX:NDTW,10.0,10.0,10.0,10.0,0.0
2008-01-08 14:30:00,INDEX:NDTW,9.0,9.0,9.0,9.0,0.0
2008-01-09 14:30:00,INDEX:NDTW,16.0,16.0,16.0,16.0,0.0
2008-01-10 14:30:00,INDEX:NDTW,22.0,22.0,22.0,22.0,0.0
2008-01-11 14:30:00,INDEX:NDTW,15.0,15.0,15.0,15.0,0.0
2008-01-14 14:30:00,INDEX:NDTW,20.0,20.0,20.0,20.0,0.0
2008-01-15 14:30:00,INDEX:NDTW,15.0,15.0,15.0,15.0,0.0
2008-01-16 14:30:00,INDEX:NDTW,20.0,20.0,20.0,20.0,0.0
2008-01-17 14:30:00,INDEX:NDTW,16.0,16.0,16.0,16.0,0.0
2008-01-18 14:30:00,INDEX:NDTW,16.0,16.0,16.0,16.0,0.0
2008-01-21 14:30:00,INDEX:NDTW,16.0,16.0,16.0,16.0,0.0
2008-01-22 14:30:00,INDEX:NDTW,11.0,11.0,11.0,11.0,0.0
2008-01-23 14:30:00,INDEX:NDTW,23.0,23.0,23.0,23.0,0.0
2008-01-24 14:30:00,INDEX:NDTW,28.0,28.0,28.0,28.0,0.0
2008-01-25 14:30:00,INDEX:NDTW,24.0,24.0,24.0,24.0,0.0
2008-01-28 14:30:00,INDEX:NDTW,34.0,34.0,34.0,34.0,0.0
2008-01-29 14:30:00,INDEX:NDTW,41.0,41.0,41.0,41.0,0.0
2008-01-30 14:30:00,INDEX:NDTW,37.0,37.0,37.0,37.0,0.0
2008-01-31 14:30:00,INDEX:NDTW,43.0,43.0,43.0,43.0,0.0
2008-02-01 14:30:00,INDEX:NDTW,65.0,65.0,65.0,65.0,0.0
2008-02-04 14:30:00,INDEX:NDTW,65.0,65.0,65.0,65.0,0.0
2008-02-05 14:30:00,INDEX:NDTW,42.0,42.0,42.0,42.0,0.0
2008-02-06 14:30:00,INDEX:NDTW,31.0,31.0,31.0,31.0,0.0
2008-02-07 14:30:00,INDEX:NDTW,37.0,37.0,37.0,37.0,0.0
2008-02-08 14:30:00,INDEX:NDTW,45.0,45.0,45.0,45.0,0.0
2008-02-11 14:30:00,INDEX:NDTW,59.0,59.0,59.0,59.0,0.0
2008-02-12 14:30:00,INDEX:NDTW,60.0,60.0,60.0,60.0,0.0
2008-02-13 14:30:00,INDEX:NDTW,78.0,78.0,78.0,78.0,0.0
2008-02-14 14:30:00,INDEX:NDTW,56.0,56.0,56.0,56.0,0.0
2008-02-15 14:30:00,INDEX:NDTW,52.0,52.0,52.0,52.0,0.0
2008-02-18 14:30:00,INDEX:NDTW,52.0,52.0,52.0,52.0,0.0
2008-02-19 14:30:00,INDEX:NDTW,51.0,51.0,51.0,51.0,0.0
2008-02-20 14:30:00,INDEX:NDTW,51.0,51.0,51.0,51.0,0.0
2008-02-21 14:30:00,INDEX:NDTW,40.0,40.0,40.0,40.0,0.0
2008-02-22 14:30:00,INDEX:NDTW,43.0,43.0,43.0,43.0,0.0
2008-02-25 14:30:00,INDEX:NDTW,55.0,55.0,55.0,55.0,0.0
2008-02-26 14:30:00,INDEX:NDTW,64.0,64.0,64.0,64.0,0.0
2008-02-27 14:30:00,INDEX:NDTW,60.0,60.0,60.0,60.0,0.0
2008-02-28 14:30:00,INDEX:NDTW,50.0,50.0,50.0,50.0,0.0
2008-02-29 14:30:00,INDEX:NDTW,30.0,30.0,30.0,30.0,0.0
2008-03-03 14:30:00,INDEX:NDTW,30.0,30.0,30.0,30.0,0.0
2008-03-04 14:30:00,INDEX:NDTW,32.0,32.0,32.0,32.0,0.0
2008-03-05 14:30:00,INDEX:NDTW,35.0,35.0,35.0,35.0,0.0
2008-03-06 14:30:00,INDEX:NDTW,23.0,23.0,23.0,23.0,0.0
2008-03-07 14:30:00,INDEX:NDTW,16.0,16.0,16.0,16.0,0.0
2008-03-10 13:30:00,INDEX:NDTW,10.0,10.0,10.0,10.0,0.0
2008-03-11 13:30:00,INDEX:NDTW,29.0,29.0,29.0,29.0,0.0
2008-03-12 13:30:00,INDEX:NDTW,28.0,28.0,28.0,28.0,0.0
2008-03-13 13:30:00,INDEX:NDTW,37.0,37.0,37.0,37.0,0.0
2008-03-14 13:30:00,INDEX:NDTW,26.0,26.0,26.0,26.0,0.0
2008-03-17 13:30:00,INDEX:NDTW,18.0,18.0,18.0,18.0,0.0
2008-03-18 13:30:00,INDEX:NDTW,39.0,39.0,39.0,39.0,0.0
2008-03-19 13:30:00,INDEX:NDTW,33.0,33.0,33.0,33.0,0.0
2008-03-20 13:30:00,INDEX:NDTW,50.0,50.0,50.0,50.0,0.0
2008-03-21 13:30:00,INDEX:NDTW,50.0,50.0,50.0,50.0,0.0
2008-03-24 13:30:00,INDEX:NDTW,70.0,70.0,70.0,70.0,0.0
2008-03-25 13:30:00,INDEX:NDTW,76.0,76.0,76.0,76.0,0.0
2008-03-26 13:30:00,INDEX:NDTW,71.0,71.0,71.0,71.0,0.0
2008-03-27 13:30:00,INDEX:NDTW,61.0,61.0,61.0,61.0,0.0
2008-03-28 13:30:00,INDEX:NDTW,55.0,55.0,55.0,55.0,0.0
2008-03-31 13:30:00,INDEX:NDTW,60.0,60.0,60.0,60.0,0.0
2008-04-01 13:30:00,INDEX:NDTW,83.0,83.0,83.0,83.0,0.0
2008-04-02 13:30:00,INDEX:NDTW,89.0,89.0,89.0,89.0,0.0
2008-04-03 13:30:00,INDEX:NDTW,89.0,89.0,89.0,89.0,0.0
2008-04-04 13:30:00,INDEX:NDTW,88.0,88.0,88.0,88.0,0.0
2008-04-07 13:30:00,INDEX:NDTW,80.0,80.0,80.0,80.0,0.0
2008-04-08 13:30:00,INDEX:NDTW,77.0,77.0,77.0,77.0,0.0
2008-04-09 13:30:00,INDEX:NDTW,68.0,68.0,68.0,68.0,0.0
2008-04-10 13:30:00,INDEX:NDTW,77.0,77.0,77.0,77.0,0.0
2008-04-11 13:30:00,INDEX:NDTW,50.0,50.0,50.0,50.0,0.0
2008-04-14 13:30:00,INDEX:NDTW,44.0,44.0,44.0,44.0,0.0
2008-04-15 13:30:00,INDEX:NDTW,42.0,42.0,42.0,42.0,0.0
2008-04-16 13:30:00,INDEX:NDTW,64.0,64.0,64.0,64.0,0.0
2008-04-17 13:30:00,INDEX:NDTW,61.0,61.0,61.0,61.0,0.0
2008-04-18 13:30:00,INDEX:NDTW,79.0,79.0,79.0,79.0,0.0
2008-04-21 13:30:00,INDEX:NDTW,77.0,77.0,77.0,77.0,0.0
2008-04-22 13:30:00,INDEX:NDTW,65.0,65.0,65.0,65.0,0.0
2008-04-23 13:30:00,INDEX:NDTW,72.0,72.0,72.0,72.0,0.0
2008-04-24 13:30:00,INDEX:NDTW,72.0,72.0,72.0,72.0,0.0
2008-04-25 13:30:00,INDEX:NDTW,70.0,70.0,70.0,70.0,0.0
2008-04-28 13:30:00,INDEX:NDTW,70.0,70.0,70.0,70.0,0.0
2008-04-29 13:30:00,INDEX:NDTW,69.0,69.0,69.0,69.0,0.0
2008-04-30 13:30:00,INDEX:NDTW,61.0,61.0,61.0,61.0,0.0
2008-05-01 13:30:00,INDEX:NDTW,85.0,85.0,85.0,85.0,0.0
2008-05-02 13:30:00,INDEX:NDTW,83.0,83.0,83.0,83.0,0.0
2008-05-05 13:30:00,INDEX:NDTW,78.0,78.0,78.0,78.0,0.0
2008-05-06 13:30:00,INDEX:NDTW,82.0,82.0,82.0,82.0,0.0
2008-05-07 13:30:00,INDEX:NDTW,66.0,66.0,66.0,66.0,0.0
2008-05-08 13:30:00,INDEX:NDTW,66.0,66.0,66.0,66.0,0.0
2008-05-09 13:30:00,INDEX:NDTW,64.0,64.0,64.0,64.0,0.0
2008-05-12 13:30:00,INDEX:NDTW,76.0,76.0,76.0,76.0,0.0
2008-05-13 13:30:00,INDEX:NDTW,74.0,74.0,74.0,74.0,0.0
2008-05-14 13:30:00,INDEX:NDTW,79.0,79.0,79.0,79.0,0.0
2008-05-15 13:30:00,INDEX:NDTW,83.0,83.0,83.0,83.0,0.0
2008-05-16 13:30:00,INDEX:NDTW,84.0,84.0,84.0,84.0,0.0
2008-05-19 13:30:00,INDEX:NDTW,70.0,70.0,70.0,70.0,0.0
2008-05-20 13:30:00,INDEX:NDTW,63.0,63.0,63.0,63.0,0.0
2008-05-21 13:30:00,INDEX:NDTW,43.0,43.0,43.0,43.0,0.0
2008-05-22 13:30:00,INDEX:NDTW,49.0,49.0,49.0,49.0,0.0
2008-05-23 13:30:00,INDEX:NDTW,34.0,34.0,34.0,34.0,0.0
2008-05-26 13:30:00,INDEX:NDTW,34.0,34.0,34.0,34.0,0.0
2008-05-27 13:30:00,INDEX:NDTW,53.0,53.0,53.0,53.0,0.0
2008-05-28 13:30:00,INDEX:NDTW,56.0,56.0,56.0,56.0,0.0
2008-05-29 13:30:00,INDEX:NDTW,66.0,66.0,66.0,66.0,0.0
2008-05-30 13:30:00,INDEX:NDTW,70.0,70.0,70.0,70.0,0.0
2008-06-02 13:30:00,INDEX:NDTW,56.0,56.0,56.0,56.0,0.0
2008-06-03 13:30:00,INDEX:NDTW,50.0,50.0,50.0,50.0,0.0
2008-06-04 13:30:00,INDEX:NDTW,61.0,61.0,61.0,61.0,0.0
2008-06-05 13:30:00,INDEX:NDTW,74.0,74.0,74.0,74.0,0.0
2008-06-06 13:30:00,INDEX:NDTW,49.0,49.0,49.0,49.0,0.0
2008-06-09 13:30:00,INDEX:NDTW,41.0,41.0,41.0,41.0,0.0
2008-06-10 13:30:00,INDEX:NDTW,31.0,31.0,31.0,31.0,0.0
2008-06-11 13:30:00,INDEX:NDTW,13.0,13.0,13.0,13.0,0.0
2008-06-12 13:30:00,INDEX:NDTW,18.0,18.0,18.0,18.0,0.0
2008-06-13 13:30:00,INDEX:NDTW,44.0,44.0,44.0,44.0,0.0
2008-06-16 13:30:00,INDEX:NDTW,48.0,48.0,48.0,48.0,0.0
2008-06-17 13:30:00,INDEX:NDTW,34.0,34.0,34.0,34.0,0.0
2008-06-18 13:30:00,INDEX:NDTW,25.0,25.0,25.0,25.0,0.0
2008-06-19 13:30:00,INDEX:NDTW,41.0,41.0,41.0,41.0,0.0
2008-06-20 13:30:00,INDEX:NDTW,27.0,27.0,27.0,27.0,0.0
2008-06-23 13:30:00,INDEX:NDTW,20.0,20.0,20.0,20.0,0.0
2008-06-24 13:30:00,INDEX:NDTW,15.0,15.0,15.0,15.0,0.0
2008-06-25 13:30:00,INDEX:NDTW,25.0,25.0,25.0,25.0,0.0
2008-06-26 13:30:00,INDEX:NDTW,11.0,11.0,11.0,11.0,0.0
2008-06-27 13:30:00,INDEX:NDTW,11.0,11.0,11.0,11.0,0.0
2008-06-30 13:30:00,INDEX:NDTW,12.0,12.0,12.0,12.0,0.0
2008-07-01 13:30:00,INDEX:NDTW,17.0,17.0,17.0,17.0,0.0
2008-07-02 13:30:00,INDEX:NDTW,11.0,11.0,11.0,11.0,0.0
2008-07-03 13:30:00,INDEX:NDTW,11.0,11.0,11.0,11.0,0.0
2008-07-04 13:30:00,INDEX:NDTW,11.0,11.0,11.0,11.0,0.0
2008-07-07 13:30:00,INDEX:NDTW,17.0,17.0,17.0,17.0,0.0
2008-07-08 13:30:00,INDEX:NDTW,35.0,35.0,35.0,35.0,0.0
2008-07-09 13:30:00,INDEX:NDTW,23.0,23.0,23.0,23.0,0.0
2008-07-10 13:30:00,INDEX:NDTW,28.0,28.0,28.0,28.0,0.0
2008-07-11 13:30:00,INDEX:NDTW,20.0,20.0,20.0,20.0,0.0
2008-07-14 13:30:00,INDEX:NDTW,17.0,17.0,17.0,17.0,0.0
2008-07-15 13:30:00,INDEX:NDTW,19.0,19.0,19.0,19.0,0.0
2008-07-16 13:30:00,INDEX:NDTW,51.0,51.0,51.0,51.0,0.0
2008-07-17 13:30:00,INDEX:NDTW,60.0,60.0,60.0,60.0,0.0
2008-07-18 13:30:00,INDEX:NDTW,61.0,61.0,61.0,61.0,0.0
2008-07-21 13:30:00,INDEX:NDTW,50.0,50.0,50.0,50.0,0.0
2008-07-22 13:30:00,INDEX:NDTW,56.0,56.0,56.0,56.0,0.0
2008-07-23 13:30:00,INDEX:NDTW,62.0,62.0,62.0,62.0,0.0
2008-07-24 13:30:00,INDEX:NDTW,45.0,45.0,45.0,45.0,0.0
2008-07-25 13:30:00,INDEX:NDTW,52.0,52.0,52.0,52.0,0.0
2008-07-28 13:30:00,INDEX:NDTW,41.0,41.0,41.0,41.0,0.0
2008-07-29 13:30:00,INDEX:NDTW,64.0,64.0,64.0,64.0,0.0
2008-07-30 13:30:00,INDEX:NDTW,62.0,62.0,62.0,62.0,0.0
2008-07-31 13:30:00,INDEX:NDTW,59.0,59.0,59.0,59.0,0.0
2008-08-01 13:30:00,INDEX:NDTW,54.0,54.0,54.0,54.0,0.0
2008-08-04 13:30:00,INDEX:NDTW,54.0,54.0,54.0,54.0,0.0
2008-08-05 13:30:00,INDEX:NDTW,64.0,64.0,64.0,64.0,0.0
2008-08-06 13:30:00,INDEX:NDTW,68.0,68.0,68.0,68.0,0.0
2008-08-07 13:30:00,INDEX:NDTW,66.0,66.0,66.0,66.0,0.0
2008-08-08 13:30:00,INDEX:NDTW,78.0,78.0,78.0,78.0,0.0
2008-08-11 13:30:00,INDEX:NDTW,77.0,77.0,77.0,77.0,0.0
2008-08-12 13:30:00,INDEX:NDTW,79.0,79.0,79.0,79.0,0.0
2008-08-13 13:30:00,INDEX:NDTW,77.0,77.0,77.0,77.0,0.0
2008-08-14 13:30:00,INDEX:NDTW,80.0,80.0,80.0,80.0,0.0
2008-08-15 13:30:00,INDEX:NDTW,79.0,79.0,79.0,79.0,0.0
2008-08-18 13:30:00,INDEX:NDTW,75.0,75.0,75.0,75.0,0.0
2008-08-19 13:30:00,INDEX:NDTW,63.0,63.0,63.0,63.0,0.0
2008-08-20 13:30:00,INDEX:NDTW,60.0,60.0,60.0,60.0,0.0
2008-08-21 13:30:00,INDEX:NDTW,55.0,55.0,55.0,55.0,0.0
2008-08-22 13:30:00,INDEX:NDTW,69.0,69.0,69.0,69.0,0.0
2008-08-25 13:30:00,INDEX:NDTW,41.0,41.0,41.0,41.0,0.0
2008-08-26 13:30:00,INDEX:NDTW,35.0,35.0,35.0,35.0,0.0
2008-08-27 13:30:00,INDEX:NDTW,50.0,50.0,50.0,50.0,0.0
2008-08-28 13:30:00,INDEX:NDTW,63.0,63.0,63.0,63.0,0.0
2008-08-29 13:30:00,INDEX:NDTW,30.0,30.0,30.0,30.0,0.0
2008-09-01 13:30:00,INDEX:NDTW,30.0,30.0,30.0,30.0,0.0
2008-09-02 13:30:00,INDEX:NDTW,27.0,27.0,27.0,27.0,0.0
2008-09-03 13:30:00,INDEX:NDTW,28.0,28.0,28.0,28.0,0.0
2008-09-04 13:30:00,INDEX:NDTW,10.0,10.0,10.0,10.0,0.0
2008-09-05 13:30:00,INDEX:NDTW,13.0,13.0,13.0,13.0,0.0
2008-09-08 13:30:00,INDEX:NDTW,20.0,20.0,20.0,20.0,0.0
2008-09-09 13:30:00,INDEX:NDTW,8.0,8.0,8.0,8.0,0.0
2008-09-10 13:30:00,INDEX:NDTW,16.0,16.0,16.0,16.0,0.0
2008-09-11 13:30:00,INDEX:NDTW,27.0,27.0,27.0,27.0,0.0
2008-09-12 13:30:00,INDEX:NDTW,28.0,28.0,28.0,28.0,0.0
2008-09-15 13:30:00,INDEX:NDTW,14.0,14.0,14.0,14.0,0.0
2008-09-16 13:30:00,INDEX:NDTW,21.0,21.0,21.0,21.0,0.0
2008-09-17 13:30:00,INDEX:NDTW,10.0,10.0,10.0,10.0,0.0
2008-09-18 13:30:00,INDEX:NDTW,26.0,26.0,26.0,26.0,0.0
2008-09-19 13:30:00,INDEX:NDTW,39.0,39.0,39.0,39.0,0.0
2008-09-22 13:30:00,INDEX:NDTW,16.0,16.0,16.0,16.0,0.0
2008-09-23 13:30:00,INDEX:NDTW,12.0,12.0,12.0,12.0,0.0
2008-09-24 13:30:00,INDEX:NDTW,13.0,13.0,13.0,13.0,0.0
2008-09-25 13:30:00,INDEX:NDTW,26.0,26.0,26.0,26.0,0.0
2008-09-26 13:30:00,INDEX:NDTW,34.0,34.0,34.0,34.0,0.0
2008-09-29 13:30:00,INDEX:NDTW,8.0,8.0,8.0,8.0,0.0
2008-09-30 13:30:00,INDEX:NDTW,16.0,16.0,16.0,16.0,0.0
2008-10-01 13:30:00,INDEX:NDTW,12.0,12.0,12.0,12.0,0.0
2008-10-02 13:30:00,INDEX:NDTW,8.0,8.0,8.0,8.0,0.0
2008-10-03 13:30:00,INDEX:NDTW,4.0,4.0,4.0,4.0,0.0
2008-10-06 13:30:00,INDEX:NDTW,1.0,1.0,1.0,1.0,0.0
2008-10-13 13:30:00,INDEX:NDTW,4.0,4.0,4.0,4.0,0.0
2008-10-14 13:30:00,INDEX:NDTW,3.0,3.0,3.0,3.0,0.0
2008-10-16 13:30:00,INDEX:NDTW,2.0,2.0,2.0,2.0,0.0
2008-10-17 13:30:00,INDEX:NDTW,2.0,2.0,2.0,2.0,0.0
2008-10-20 13:30:00,INDEX:NDTW,11.0,11.0,11.0,11.0,0.0
2008-10-21 13:30:00,INDEX:NDTW,5.0,5.0,5.0,5.0,0.0
2008-10-22 13:30:00,INDEX:NDTW,5.0,5.0,5.0,5.0,0.0
2008-10-23 13:30:00,INDEX:NDTW,7.0,7.0,7.0,7.0,0.0
2008-10-24 13:30:00,INDEX:NDTW,6.0,6.0,6.0,6.0,0.0
2008-10-27 13:30:00,INDEX:NDTW,5.0,5.0,5.0,5.0,0.0
2008-10-28 13:30:00,INDEX:NDTW,22.0,22.0,22.0,22.0,0.0
2008-10-29 13:30:00,INDEX:NDTW,26.0,26.0,26.0,26.0,0.0
2008-10-30 13:30:00,INDEX:NDTW,49.0,49.0,49.0,49.0,0.0
2008-10-31 13:30:00,INDEX:NDTW,64.0,64.0,64.0,64.0,0.0
2008-11-03 14:30:00,INDEX:NDTW,63.0,63.0,63.0,63.0,0.0
2008-11-04 14:30:00,INDEX:NDTW,78.0,78.0,78.0,78.0,0.0
2008-11-05 14:30:00,INDEX:NDTW,55.0,55.0,55.0,55.0,0.0
2008-11-06 14:30:00,INDEX:NDTW,30.0,30.0,30.0,30.0,0.0
2008-11-07 14:30:00,INDEX:NDTW,38.0,38.0,38.0,38.0,0.0
2008-11-10 14:30:00,INDEX:NDTW,37.0,37.0,37.0,37.0,0.0
2008-11-11 14:30:00,INDEX:NDTW,27.0,27.0,27.0,27.0,0.0
2008-11-12 14:30:00,INDEX:NDTW,13.0,13.0,13.0,13.0,0.0
2008-11-13 14:30:00,INDEX:NDTW,42.0,42.0,42.0,42.0,0.0
2008-11-14 14:30:00,INDEX:NDTW,23.0,23.0,23.0,23.0,0.0
2008-11-17 14:30:00,INDEX:NDTW,19.0,19.0,19.0,19.0,0.0
2008-11-18 14:30:00,INDEX:NDTW,19.0,19.0,19.0,19.0,0.0
2008-11-19 14:30:00,INDEX:NDTW,6.0,6.0,6.0,6.0,0.0
2008-11-20 14:30:00,INDEX:NDTW,2.0,2.0,2.0,2.0,0.0
2008-11-21 14:30:00,INDEX:NDTW,7.0,7.0,7.0,7.0,0.0
2008-11-24 14:30:00,INDEX:NDTW,22.0,22.0,22.0,22.0,0.0
2008-11-25 14:30:00,INDEX:NDTW,25.0,25.0,25.0,25.0,0.0
2008-11-26 14:30:00,INDEX:NDTW,40.0,40.0,40.0,40.0,0.0
2008-11-27 14:30:00,INDEX:NDTW,40.0,40.0,40.0,40.0,0.0
2008-11-28 14:30:00,INDEX:NDTW,44.0,44.0,44.0,44.0,0.0
2008-12-01 14:30:00,INDEX:NDTW,9.0,9.0,9.0,9.0,0.0
2008-12-02 14:30:00,INDEX:NDTW,26.0,26.0,26.0,26.0,0.0
2008-12-03 14:30:00,INDEX:NDTW,49.0,49.0,49.0,49.0,0.0
2008-12-04 14:30:00,INDEX:NDTW,32.0,32.0,32.0,32.0,0.0
2008-12-05 14:30:00,INDEX:NDTW,60.0,60.0,60.0,60.0,0.0
2008-12-08 14:30:00,INDEX:NDTW,82.0,82.0,82.0,82.0,0.0
2008-12-09 14:30:00,INDEX:NDTW,81.0,81.0,81.0,81.0,0.0
2008-12-10 14:30:00,INDEX:NDTW,81.0,81.0,81.0,81.0,0.0
2008-12-11 14:30:00,INDEX:NDTW,71.0,71.0,71.0,71.0,0.0
2008-12-12 14:30:00,INDEX:NDTW,77.0,77.0,77.0,77.0,0.0
2008-12-15 14:30:00,INDEX:NDTW,62.0,62.0,62.0,62.0,0.0
2008-12-16 14:30:00,INDEX:NDTW,85.0,85.0,85.0,85.0,0.0
2008-12-17 14:30:00,INDEX:NDTW,86.0,86.0,86.0,86.0,0.0
2008-12-18 14:30:00,INDEX:NDTW,80.0,80.0,80.0,80.0,0.0
2008-12-19 14:30:00,INDEX:NDTW,78.0,78.0,78.0,78.0,0.0
2008-12-22 14:30:00,INDEX:NDTW,63.0,63.0,63.0,63.0,0.0
2008-12-23 14:30:00,INDEX:NDTW,53.0,53.0,53.0,53.0,0.0
2008-12-24 14:30:00,INDEX:NDTW,55.0,55.0,55.0,55.0,0.0
2008-12-26 14:30:00,INDEX:NDTW,55.0,55.0,55.0,55.0,0.0
2008-12-29 14:30:00,INDEX:NDTW,45.0,45.0,45.0,45.0,0.0
2008-12-30 14:30:00,INDEX:NDTW,67.0,67.0,67.0,67.0,0.0
2008-12-31 14:30:00,INDEX:NDTW,75.0,75.0,75.0,75.0,0.0
2009-01-02 14:30:00,INDEX:NDTW,93.0,93.0,93.0,93.0,0.0
2009-01-05 14:30:00,INDEX:NDTW,90.0,90.0,90.0,90.0,0.0
2009-01-06 14:30:00,INDEX:NDTW,88.0,88.0,88.0,88.0,0.0
2009-01-07 14:30:00,INDEX:NDTW,80.0,80.0,80.0,80.0,0.0
2009-01-08 14:30:00,INDEX:NDTW,78.0,78.0,78.0,78.0,0.0
2009-01-09 14:30:00,INDEX:NDTW,61.0,61.0,61.0,61.0,0.0
2009-01-12 14:30:00,INDEX:NDTW,44.0,44.0,44.0,44.0,0.0
2009-01-13 14:30:00,INDEX:NDTW,43.0,43.0,43.0,43.0,0.0
2009-01-14 14:30:00,INDEX:NDTW,23.0,23.0,23.0,23.0,0.0
2009-01-15 14:30:00,INDEX:NDTW,36.0,36.0,36.0,36.0,0.0
2009-01-16 14:30:00,INDEX:NDTW,45.0,45.0,45.0,45.0,0.0
2009-01-19 14:30:00,INDEX:NDTW,45.0,45.0,45.0,45.0,0.0
2009-01-20 14:30:00,INDEX:NDTW,21.0,21.0,21.0,21.0,0.0
2009-01-21 14:30:00,INDEX:NDTW,35.0,35.0,35.0,35.0,0.0
2009-01-22 14:30:00,INDEX:NDTW,29.0,29.0,29.0,29.0,0.0
2009-01-23 14:30:00,INDEX:NDTW,32.0,32.0,32.0,32.0,0.0
2009-01-26 14:30:00,INDEX:NDTW,36.0,36.0,36.0,36.0,0.0
2009-01-27 14:30:00,INDEX:NDTW,45.0,45.0,45.0,45.0,0.0
2009-01-28 14:30:00,INDEX:NDTW,63.0,63.0,63.0,63.0,0.0
2009-01-29 14:30:00,INDEX:NDTW,44.0,44.0,44.0,44.0,0.0
2009-01-30 14:30:00,INDEX:NDTW,31.0,31.0,31.0,31.0,0.0
2009-02-02 14:30:00,INDEX:NDTW,40.0,40.0,40.0,40.0,0.0
2009-02-03 14:30:00,INDEX:NDTW,52.0,52.0,52.0,52.0,0.0
2009-02-04 14:30:00,INDEX:NDTW,63.0,63.0,63.0,63.0,0.0
2009-02-05 14:30:00,INDEX:NDTW,77.0,77.0,77.0,77.0,0.0
2009-02-06 14:30:00,INDEX:NDTW,79.0,79.0,79.0,79.0,0.0
2009-02-09 14:30:00,INDEX:NDTW,81.0,81.0,81.0,81.0,0.0
2009-02-10 14:30:00,INDEX:NDTW,59.0,59.0,59.0,59.0,0.0
2009-02-11 14:30:00,INDEX:NDTW,62.0,62.0,62.0,62.0,0.0
2009-02-12 14:30:00,INDEX:NDTW,66.0,66.0,66.0,66.0,0.0
2009-02-13 14:30:00,INDEX:NDTW,66.0,66.0,66.0,66.0,0.0
2009-02-16 14:30:00,INDEX:NDTW,66.0,66.0,66.0,66.0,0.0
2009-02-17 14:30:00,INDEX:NDTW,30.0,30.0,30.0,30.0,0.0
2009-02-18 14:30:00,INDEX:NDTW,27.0,27.0,27.0,27.0,0.0
2009-02-19 14:30:00,INDEX:NDTW,24.0,24.0,24.0,24.0,0.0
2009-02-20 14:30:00,INDEX:NDTW,23.0,23.0,23.0,23.0,0.0
2009-02-23 14:30:00,INDEX:NDTW,14.0,14.0,14.0,14.0,0.0
2009-02-24 14:30:00,INDEX:NDTW,28.0,28.0,28.0,28.0,0.0
2009-02-25 14:30:00,INDEX:NDTW,24.0,24.0,24.0,24.0,0.0
2009-02-26 14:30:00,INDEX:NDTW,20.0,20.0,20.0,20.0,0.0
2009-02-27 14:30:00,INDEX:NDTW,22.0,22.0,22.0,22.0,0.0
2009-03-02 14:30:00,INDEX:NDTW,9.0,9.0,9.0,9.0,0.0
2009-03-03 14:30:00,INDEX:NDTW,10.0,10.0,10.0,10.0,0.0
2009-03-04 14:30:00,INDEX:NDTW,24.0,24.0,24.0,24.0,0.0
2009-03-05 14:30:00,INDEX:NDTW,16.0,16.0,16.0,16.0,0.0
2009-03-06 14:30:00,INDEX:NDTW,20.0,20.0,20.0,20.0,0.0
2009-03-09 13:30:00,INDEX:NDTW,16.0,16.0,16.0,16.0,0.0
2009-03-10 13:30:00,INDEX:NDTW,40.0,40.0,40.0,40.0,0.0
2009-03-11 13:30:00,INDEX:NDTW,47.0,47.0,47.0,47.0,0.0
2009-03-12 13:30:00,INDEX:NDTW,70.0,70.0,70.0,70.0,0.0
2009-03-13 13:30:00,INDEX:NDTW,76.0,76.0,76.0,76.0,0.0
2009-03-16 13:30:00,INDEX:NDTW,66.0,66.0,66.0,66.0,0.0
2009-03-17 13:30:00,INDEX:NDTW,86.0,86.0,86.0,86.0,0.0
2009-03-18 13:30:00,INDEX:NDTW,89.0,89.0,89.0,89.0,0.0
2009-03-19 13:30:00,INDEX:NDTW,86.0,86.0,86.0,86.0,0.0
2009-03-20 13:30:00,INDEX:NDTW,84.0,84.0,84.0,84.0,0.0
2009-03-23 13:30:00,INDEX:NDTW,99.0,99.0,99.0,99.0,0.0
2009-03-24 13:30:00,INDEX:NDTW,93.0,93.0,93.0,93.0,0.0
2009-03-25 13:30:00,INDEX:NDTW,93.0,93.0,93.0,93.0,0.0
2009-03-26 13:30:00,INDEX:NDTW,96.0,96.0,96.0,96.0,0.0
2009-03-27 13:30:00,INDEX:NDTW,92.0,92.0,92.0,92.0,0.0
2009-03-30 13:30:00,INDEX:NDTW,84.0,84.0,84.0,84.0,0.0
2009-03-31 13:30:00,INDEX:NDTW,88.0,88.0,88.0,88.0,0.0
2009-04-01 13:30:00,INDEX:NDTW,88.0,88.0,88.0,88.0,0.0
2009-04-02 13:30:00,INDEX:NDTW,89.0,89.0,89.0,89.0,0.0
2009-04-03 13:30:00,INDEX:NDTW,92.0,92.0,92.0,92.0,0.0
2009-04-06 13:30:00,INDEX:NDTW,88.0,88.0,88.0,88.0,0.0
2009-04-07 13:30:00,INDEX:NDTW,74.0,74.0,74.0,74.0,0.0
2009-04-08 13:30:00,INDEX:NDTW,82.0,82.0,82.0,82.0,0.0
2009-04-09 13:30:00,INDEX:NDTW,91.0,91.0,91.0,91.0,0.0
2009-04-10 13:30:00,INDEX:NDTW,91.0,91.0,91.0,91.0,0.0
2009-04-13 13:30:00,INDEX:NDTW,91.0,91.0,91.0,91.0,0.0
2009-04-14 13:30:00,INDEX:NDTW,82.0,82.0,82.0,82.0,0.0
2009-04-15 13:30:00,INDEX:NDTW,75.0,75.0,75.0,75.0,0.0
2009-04-16 13:30:00,INDEX:NDTW,84.0,84.0,84.0,84.0,0.0
2009-04-17 13:30:00,INDEX:NDTW,82.0,82.0,82.0,82.0,0.0
2009-04-20 13:30:00,INDEX:NDTW,61.0,61.0,61.0,61.0,0.0
2009-04-21 13:30:00,INDEX:NDTW,70.0,70.0,70.0,70.0,0.0
2009-04-22 13:30:00,INDEX:NDTW,71.0,71.0,71.0,71.0,0.0
2009-04-23 13:30:00,INDEX:NDTW,68.0,68.0,68.0,68.0,0.0
2009-04-24 13:30:00,INDEX:NDTW,75.0,75.0,75.0,75.0,0.0
2009-04-27 13:30:00,INDEX:NDTW,76.0,76.0,76.0,76.0,0.0
2009-04-28 13:30:00,INDEX:NDTW,73.0,73.0,73.0,73.0,0.0
2009-04-29 13:30:00,INDEX:NDTW,78.0,78.0,78.0,78.0,0.0
2009-04-30 13:30:00,INDEX:NDTW,80.0,80.0,80.0,80.0,0.0
2009-05-01 13:30:00,INDEX:NDTW,74.0,74.0,74.0,74.0,0.0
2009-05-04 13:30:00,INDEX:NDTW,82.0,82.0,82.0,82.0,0.0
2009-05-05 13:30:00,INDEX:NDTW,82.0,82.0,82.0,82.0,0.0
2009-05-06 13:30:00,INDEX:NDTW,76.0,76.0,76.0,76.0,0.0
2009-05-07 13:30:00,INDEX:NDTW,63.0,63.0,63.0,63.0,0.0
2009-05-08 13:30:00,INDEX:NDTW,60.0,60.0,60.0,60.0,0.0
2009-05-11 13:30:00,INDEX:NDTW,61.0,61.0,61.0,61.0,0.0
2009-05-12 13:30:00,INDEX:NDTW,56.0,56.0,56.0,56.0,0.0
2009-05-13 13:30:00,INDEX:NDTW,33.0,33.0,33.0,33.0,0.0
2009-05-14 13:30:00,INDEX:NDTW,45.0,45.0,45.0,45.0,0.0
2009-05-15 13:30:00,INDEX:NDTW,41.0,41.0,41.0,41.0,0.0
2009-05-18 13:30:00,INDEX:NDTW,60.0,60.0,60.0,60.0,0.0
2009-05-19 13:30:00,INDEX:NDTW,63.0,63.0,63.0,63.0,0.0
2009-05-20 13:30:00,INDEX:NDTW,52.0,52.0,52.0,52.0,0.0
2009-05-21 13:30:00,INDEX:NDTW,36.0,36.0,36.0,36.0,0.0
2009-05-22 13:30:00,INDEX:NDTW,41.0,41.0,41.0,41.0,0.0
2009-05-25 13:30:00,INDEX:NDTW,41.0,41.0,41.0,41.0,0.0
2009-05-26 13:30:00,INDEX:NDTW,65.0,65.0,65.0,65.0,0.0
2009-05-27 13:30:00,INDEX:NDTW,58.0,58.0,58.0,58.0,0.0
2009-05-28 13:30:00,INDEX:NDTW,66.0,66.0,66.0,66.0,0.0
2009-05-29 13:30:00,INDEX:NDTW,76.0,76.0,76.0,76.0,0.0
2009-06-01 13:30:00,INDEX:NDTW,92.0,92.0,92.0,92.0,0.0
2009-06-02 13:30:00,INDEX:NDTW,93.0,93.0,93.0,93.0,0.0
2009-06-03 13:30:00,INDEX:NDTW,91.0,91.0,91.0,91.0,0.0
2009-06-04 13:30:00,INDEX:NDTW,92.0,92.0,92.0,92.0,0.0
2009-06-05 13:30:00,INDEX:NDTW,85.0,85.0,85.0,85.0,0.0
2009-06-08 13:30:00,INDEX:NDTW,83.0,83.0,83.0,83.0,0.0
2009-06-09 13:30:00,INDEX:NDTW,87.0,87.0,87.0,87.0,0.0
2009-06-10 13:30:00,INDEX:NDTW,88.0,88.0,88.0,88.0,0.0
2009-06-11 13:30:00,INDEX:NDTW,83.0,83.0,83.0,83.0,0.0
2009-06-12 13:30:00,INDEX:NDTW,84.0,84.0,84.0,84.0,0.0
2009-06-15 13:30:00,INDEX:NDTW,56.0,56.0,56.0,56.0,0.0
2009-06-16 13:30:00,INDEX:NDTW,40.0,40.0,40.0,40.0,0.0
2009-06-17 13:30:00,INDEX:NDTW,45.0,45.0,45.0,45.0,0.0
2009-06-18 13:30:00,INDEX:NDTW,41.0,41.0,41.0,41.0,0.0
2009-06-19 13:30:00,INDEX:NDTW,53.0,53.0,53.0,53.0,0.0
2009-06-22 13:30:00,INDEX:NDTW,18.0,18.0,18.0,18.0,0.0
2009-06-23 13:30:00,INDEX:NDTW,15.0,15.0,15.0,15.0,0.0
2009-06-24 13:30:00,INDEX:NDTW,25.0,25.0,25.0,25.0,0.0
2009-06-25 13:30:00,INDEX:NDTW,55.0,55.0,55.0,55.0,0.0
2009-06-26 13:30:00,INDEX:NDTW,54.0,54.0,54.0,54.0,0.0
2009-06-29 13:30:00,INDEX:NDTW,56.0,56.0,56.0,56.0,0.0
2009-06-30 13:30:00,INDEX:NDTW,52.0,52.0,52.0,52.0,0.0
2009-07-01 13:30:00,INDEX:NDTW,57.0,57.0,57.0,57.0,0.0
2009-07-02 13:30:00,INDEX:NDTW,35.0,35.0,35.0,35.0,0.0
2009-07-03 13:30:00,INDEX:NDTW,35.0,35.0,35.0,35.0,0.0
2009-07-06 13:30:00,INDEX:NDTW,28.0,28.0,28.0,28.0,0.0
2009-07-07 13:30:00,INDEX:NDTW,13.0,13.0,13.0,13.0,0.0
2009-07-08 13:30:00,INDEX:NDTW,16.0,16.0,16.0,16.0,0.0
2009-07-09 13:30:00,INDEX:NDTW,17.0,17.0,17.0,17.0,0.0
2009-07-10 13:30:00,INDEX:NDTW,26.0,26.0,26.0,26.0,0.0
2009-07-13 13:30:00,INDEX:NDTW,45.0,45.0,45.0,45.0,0.0
2009-07-14 13:30:00,INDEX:NDTW,57.0,57.0,57.0,57.0,0.0
2009-07-15 13:30:00,INDEX:NDTW,79.0,79.0,79.0,79.0,0.0
2009-07-16 13:30:00,INDEX:NDTW,89.0,89.0,89.0,89.0,0.0
2009-07-17 13:30:00,INDEX:NDTW,83.0,83.0,83.0,83.0,0.0
2009-07-20 13:30:00,INDEX:NDTW,88.0,88.0,88.0,88.0,0.0
2009-07-21 13:30:00,INDEX:NDTW,94.0,94.0,94.0,94.0,0.0
2009-07-22 13:30:00,INDEX:NDTW,93.0,93.0,93.0,93.0,0.0
2009-07-23 13:30:00,INDEX:NDTW,98.0,98.0,98.0,98.0,0.0
2009-07-24 13:30:00,INDEX:NDTW,95.0,95.0,95.0,95.0,0.0
2009-07-27 13:30:00,INDEX:NDTW,93.0,93.0,93.0,93.0,0.0
2009-07-28 13:30:00,INDEX:NDTW,95.0,95.0,95.0,95.0,0.0
2009-07-29 13:30:00,INDEX:NDTW,96.0,96.0,96.0,96.0,0.0
2009-07-30 13:30:00,INDEX:NDTW,94.0,94.0,94.0,94.0,0.0
2009-07-31 13:30:00,INDEX:NDTW,94.0,94.0,94.0,94.0,0.0
2009-08-03 13:30:00,INDEX:NDTW,94.0,94.0,94.0,94.0,0.0
2009-08-04 13:30:00,INDEX:NDTW,92.0,92.0,92.0,92.0,0.0
2009-08-05 13:30:00,INDEX:NDTW,83.0,83.0,83.0,83.0,0.0
2009-08-06 13:30:00,INDEX:NDTW,76.0,76.0,76.0,76.0,0.0
2009-08-07 13:30:00,INDEX:NDTW,77.0,77.0,77.0,77.0,0.0
2009-08-10 13:30:00,INDEX:NDTW,74.0,74.0,74.0,74.0,0.0
2009-08-11 13:30:00,INDEX:NDTW,64.0,64.0,64.0,64.0,0.0
2009-08-12 13:30:00,INDEX:NDTW,73.0,73.0,73.0,73.0,0.0
2009-08-13 13:30:00,INDEX:NDTW,71.0,71.0,71.0,71.0,0.0
2009-08-14 13:30:00,INDEX:NDTW,60.0,60.0,60.0,60.0,0.0
2009-08-17 13:30:00,INDEX:NDTW,31.0,31.0,31.0,31.0,0.0
2009-08-18 13:30:00,INDEX:NDTW,38.0,38.0,38.0,38.0,0.0
2009-08-19 13:30:00,INDEX:NDTW,46.0,46.0,46.0,46.0,0.0
2009-08-20 13:30:00,INDEX:NDTW,55.0,55.0,55.0,55.0,0.0
2009-08-21 13:30:00,INDEX:NDTW,77.0,77.0,77.0,77.0,0.0
2009-08-24 13:30:00,INDEX:NDTW,69.0,69.0,69.0,69.0,0.0
2009-08-25 13:30:00,INDEX:NDTW,76.0,76.0,76.0,76.0,0.0
2009-08-26 13:30:00,INDEX:NDTW,70.0,70.0,70.0,70.0,0.0
2009-08-27 13:30:00,INDEX:NDTW,72.0,72.0,72.0,72.0,0.0
2009-08-28 13:30:00,INDEX:NDTW,72.0,72.0,72.0,72.0,0.0
2009-08-31 13:30:00,INDEX:NDTW,57.0,57.0,57.0,57.0,0.0
2009-09-01 13:30:00,INDEX:NDTW,31.0,31.0,31.0,31.0,0.0
2009-09-02 13:30:00,INDEX:NDTW,29.0,29.0,29.0,29.0,0.0
2009-09-03 13:30:00,INDEX:NDTW,42.0,42.0,42.0,42.0,0.0
2009-09-04 13:30:00,INDEX:NDTW,73.0,73.0,73.0,73.0,0.0
2009-09-07 13:30:00,INDEX:NDTW,73.0,73.0,73.0,73.0,0.0
2009-09-08 13:30:00,INDEX:NDTW,75.0,75.0,75.0,75.0,0.0
2009-09-09 13:30:00,INDEX:NDTW,83.0,83.0,83.0,83.0,0.0
2009-09-10 13:30:00,INDEX:NDTW,88.0,88.0,88.0,88.0,0.0
2009-09-11 13:30:00,INDEX:NDTW,87.0,87.0,87.0,87.0,0.0
2009-09-14 13:30:00,INDEX:NDTW,87.0,87.0,87.0,87.0,0.0
2009-09-15 13:30:00,INDEX:NDTW,89.0,89.0,89.0,89.0,0.0
2009-09-16 13:30:00,INDEX:NDTW,92.0,92.0,92.0,92.0,0.0
2009-09-17 13:30:00,INDEX:NDTW,84.0,84.0,84.0,84.0,0.0
2009-09-18 13:30:00,INDEX:NDTW,86.0,86.0,86.0,86.0,0.0
2009-09-21 13:30:00,INDEX:NDTW,87.0,87.0,87.0,87.0,0.0
2009-09-22 13:30:00,INDEX:NDTW,85.0,85.0,85.0,85.0,0.0
2009-09-23 13:30:00,INDEX:NDTW,78.0,78.0,78.0,78.0,0.0
2009-09-24 13:30:00,INDEX:NDTW,71.0,71.0,71.0,71.0,0.0
2009-09-25 13:30:00,INDEX:NDTW,68.0,68.0,68.0,68.0,0.0
2009-09-28 13:30:00,INDEX:NDTW,86.0,86.0,86.0,86.0,0.0
2009-09-29 13:30:00,INDEX:NDTW,80.0,80.0,80.0,80.0,0.0
2009-09-30 13:30:00,INDEX:NDTW,73.0,73.0,73.0,73.0,0.0
2009-10-01 13:30:00,INDEX:NDTW,30.0,30.0,30.0,30.0,0.0
2009-10-02 13:30:00,INDEX:NDTW,25.0,25.0,25.0,25.0,0.0
2009-10-05 13:30:00,INDEX:NDTW,35.0,35.0,35.0,35.0,0.0
2009-10-06 13:30:00,INDEX:NDTW,61.0,61.0,61.0,61.0,0.0
2009-10-07 13:30:00,INDEX:NDTW,58.0,58.0,58.0,58.0,0.0
2009-10-08 13:30:00,INDEX:NDTW,65.0,65.0,65.0,65.0,0.0
2009-10-09 13:30:00,INDEX:NDTW,74.0,74.0,74.0,74.0,0.0
2009-10-12 13:30:00,INDEX:NDTW,73.0,73.0,73.0,73.0,0.0
2009-10-13 13:30:00,INDEX:NDTW,73.0,73.0,73.0,73.0,0.0
2009-10-14 13:30:00,INDEX:NDTW,84.0,84.0,84.0,84.0,0.0
2009-10-15 13:30:00,INDEX:NDTW,83.0,83.0,83.0,83.0,0.0
2009-10-16 13:30:00,INDEX:NDTW,72.0,72.0,72.0,72.0,0.0
2009-10-19 13:30:00,INDEX:NDTW,81.0,81.0,81.0,81.0,0.0
2009-10-20 13:30:00,INDEX:NDTW,80.0,80.0,80.0,80.0,0.0
2009-10-21 13:30:00,INDEX:NDTW,61.0,61.0,61.0,61.0,0.0
2009-10-22 13:30:00,INDEX:NDTW,76.0,76.0,76.0,76.0,0.0
2009-10-23 13:30:00,INDEX:NDTW,52.0,52.0,52.0,52.0,0.0
2009-10-26 13:30:00,INDEX:NDTW,44.0,44.0,44.0,44.0,0.0
2009-10-27 13:30:00,INDEX:NDTW,35.0,35.0,35.0,35.0,0.0
2009-10-28 13:30:00,INDEX:NDTW,13.0,13.0,13.0,13.0,0.0
2009-10-29 13:30:00,INDEX:NDTW,32.0,32.0,32.0,32.0,0.0
2009-10-30 13:30:00,INDEX:NDTW,12.0,12.0,12.0,12.0,0.0
2009-11-02 14:30:00,INDEX:NDTW,19.0,19.0,19.0,19.0,0.0
2009-11-03 14:30:00,INDEX:NDTW,21.0,21.0,21.0,21.0,0.0
2009-11-04 14:30:00,INDEX:NDTW,25.0,25.0,25.0,25.0,0.0
2009-11-05 14:30:00,INDEX:NDTW,46.0,46.0,46.0,46.0,0.0
2009-11-06 14:30:00,INDEX:NDTW,51.0,51.0,51.0,51.0,0.0
2009-11-09 14:30:00,INDEX:NDTW,67.0,67.0,67.0,67.0,0.0
2009-11-10 14:30:00,INDEX:NDTW,64.0,64.0,64.0,64.0,0.0
2009-11-11 14:30:00,INDEX:NDTW,75.0,75.0,75.0,75.0,0.0
2009-11-12 14:30:00,INDEX:NDTW,70.0,70.0,70.0,70.0,0.0
2009-11-13 14:30:00,INDEX:NDTW,80.0,80.0,80.0,80.0,0.0
2009-11-16 14:30:00,INDEX:NDTW,85.0,85.0,85.0,85.0,0.0
2009-11-17 14:30:00,INDEX:NDTW,87.0,87.0,87.0,87.0,0.0
2009-11-18 14:30:00,INDEX:NDTW,82.0,82.0,82.0,82.0,0.0
2009-11-19 14:30:00,INDEX:NDTW,71.0,71.0,71.0,71.0,0.0
2009-11-20 14:30:00,INDEX:NDTW,59.0,59.0,59.0,59.0,0.0
2009-11-23 14:30:00,INDEX:NDTW,74.0,74.0,74.0,74.0,0.0
2009-11-24 14:30:00,INDEX:NDTW,70.0,70.0,70.0,70.0,0.0
2009-11-25 14:30:00,INDEX:NDTW,75.0,75.0,75.0,75.0,0.0
2009-11-26 14:30:00,INDEX:NDTW,75.0,75.0,75.0,75.0,0.0
2009-11-27 14:30:00,INDEX:NDTW,55.0,55.0,55.0,55.0,0.0
2009-11-30 14:30:00,INDEX:NDTW,49.0,49.0,49.0,49.0,0.0
2009-12-01 14:30:00,INDEX:NDTW,70.0,70.0,70.0,70.0,0.0
2009-12-02 14:30:00,INDEX:NDTW,71.0,71.0,71.0,71.0,0.0
2009-12-03 14:30:00,INDEX:NDTW,57.0,57.0,57.0,57.0,0.0
2009-12-04 14:30:00,INDEX:NDTW,66.0,66.0,66.0,66.0,0.0
2009-12-07 14:30:00,INDEX:NDTW,58.0,58.0,58.0,58.0,0.0
2009-12-08 14:30:00,INDEX:NDTW,49.0,49.0,49.0,49.0,0.0
2009-12-09 14:30:00,INDEX:NDTW,50.0,50.0,50.0,50.0,0.0
2009-12-10 14:30:00,INDEX:NDTW,61.0,61.0,61.0,61.0,0.0
2009-12-11 14:30:00,INDEX:NDTW,62.0,62.0,62.0,62.0,0.0
2009-12-14 14:30:00,INDEX:NDTW,73.0,73.0,73.0,73.0,0.0
2009-12-15 14:30:00,INDEX:NDTW,71.0,71.0,71.0,71.0,0.0
2009-12-16 14:30:00,INDEX:NDTW,68.0,68.0,68.0,68.0,0.0
2009-12-17 14:30:00,INDEX:NDTW,58.0,58.0,58.0,58.0,0.0
2009-12-18 14:30:00,INDEX:NDTW,67.0,67.0,67.0,67.0,0.0
2009-12-21 14:30:00,INDEX:NDTW,79.0,79.0,79.0,79.0,0.0
2009-12-22 14:30:00,INDEX:NDTW,82.0,82.0,82.0,82.0,0.0
2009-12-23 14:30:00,INDEX:NDTW,88.0,88.0,88.0,88.0,0.0
2009-12-24 14:30:00,INDEX:NDTW,89.0,89.0,89.0,89.0,0.0
2009-12-28 14:30:00,INDEX:NDTW,91.0,91.0,91.0,91.0,0.0
2009-12-29 14:30:00,INDEX:NDTW,89.0,89.0,89.0,89.0,0.0
2009-12-30 14:30:00,INDEX:NDTW,86.0,86.0,86.0,86.0,0.0
2009-12-31 14:30:00,INDEX:NDTW,76.0,76.0,76.0,76.0,0.0
2010-01-04 14:30:00,INDEX:NDTW,88.0,88.0,88.0,88.0,0.0
2010-01-05 14:30:00,INDEX:NDTW,81.0,81.0,81.0,81.0,0.0
2010-01-06 14:30:00,INDEX:NDTW,75.0,75.0,75.0,75.0,0.0
2010-01-07 14:30:00,INDEX:NDTW,67.0,67.0,67.0,67.0,0.0
2010-01-08 14:30:00,INDEX:NDTW,70.0,70.0,70.0,70.0,0.0
2010-01-11 14:30:00,INDEX:NDTW,68.0,68.0,68.0,68.0,0.0
2010-01-12 14:30:00,INDEX:NDTW,53.0,53.0,53.0,53.0,0.0
2010-01-13 14:30:00,INDEX:NDTW,66.0,66.0,66.0,66.0,0.0
2010-01-14 14:30:00,INDEX:NDTW,62.0,62.0,62.0,62.0,0.0
2010-01-15 14:30:00,INDEX:NDTW,48.0,48.0,48.0,48.0,0.0
2010-01-19 14:30:00,INDEX:NDTW,61.0,61.0,61.0,61.0,0.0
2010-01-20 14:30:00,INDEX:NDTW,44.0,44.0,44.0,44.0,0.0
2010-01-21 14:30:00,INDEX:NDTW,30.0,30.0,30.0,30.0,0.0
2010-01-22 14:30:00,INDEX:NDTW,13.0,13.0,13.0,13.0,0.0
2010-01-25 14:30:00,INDEX:NDTW,15.0,15.0,15.0,15.0,0.0
2010-01-26 14:30:00,INDEX:NDTW,15.0,15.0,15.0,15.0,0.0
2010-01-27 14:30:00,INDEX:NDTW,19.0,19.0,19.0,19.0,0.0
2010-01-28 14:30:00,INDEX:NDTW,10.0,10.0,10.0,10.0,0.0
2010-01-29 14:30:00,INDEX:NDTW,8.0,8.0,8.0,8.0,0.0
2010-02-01 14:30:00,INDEX:NDTW,12.0,12.0,12.0,12.0,0.0
2010-02-02 14:30:00,INDEX:NDTW,22.0,22.0,22.0,22.0,0.0
2010-02-03 14:30:00,INDEX:NDTW,22.0,22.0,22.0,22.0,0.0
2010-02-04 14:30:00,INDEX:NDTW,10.0,10.0,10.0,10.0,0.0
2010-02-05 14:30:00,INDEX:NDTW,14.0,14.0,14.0,14.0,0.0
2010-02-08 14:30:00,INDEX:NDTW,8.0,8.0,8.0,8.0,0.0
2010-02-09 14:30:00,INDEX:NDTW,18.0,18.0,18.0,18.0,0.0
2010-02-10 14:30:00,INDEX:NDTW,20.0,20.0,20.0,20.0,0.0
2010-02-11 14:30:00,INDEX:NDTW,42.0,42.0,42.0,42.0,0.0
2010-02-12 14:30:00,INDEX:NDTW,48.0,48.0,48.0,48.0,0.0
2010-02-16 14:30:00,INDEX:NDTW,65.0,65.0,65.0,65.0,0.0
2010-02-17 14:30:00,INDEX:NDTW,78.0,78.0,78.0,78.0,0.0
2010-02-18 14:30:00,INDEX:NDTW,80.0,80.0,80.0,80.0,0.0
2010-02-19 14:30:00,INDEX:NDTW,82.0,82.0,82.0,82.0,0.0
2010-02-22 14:30:00,INDEX:NDTW,81.0,81.0,81.0,81.0,0.0
2010-02-23 14:30:00,INDEX:NDTW,69.0,69.0,69.0,69.0,0.0
2010-02-24 14:30:00,INDEX:NDTW,79.0,79.0,79.0,79.0,0.0
2010-02-25 14:30:00,INDEX:NDTW,72.0,72.0,72.0,72.0,0.0
2010-02-26 14:30:00,INDEX:NDTW,75.0,75.0,75.0,75.0,0.0
2010-03-01 14:30:00,INDEX:NDTW,90.0,90.0,90.0,90.0,0.0
2010-03-02 14:30:00,INDEX:NDTW,90.0,90.0,90.0,90.0,0.0
2010-03-03 14:30:00,INDEX:NDTW,92.0,92.0,92.0,92.0,0.0
2010-03-04 14:30:00,INDEX:NDTW,90.0,90.0,90.0,90.0,0.0
2010-03-05 14:30:00,INDEX:NDTW,94.0,94.0,94.0,94.0,0.0
2010-03-08 14:30:00,INDEX:NDTW,93.0,93.0,93.0,93.0,0.0
2010-03-09 14:30:00,INDEX:NDTW,89.0,89.0,89.0,89.0,0.0
2010-03-10 14:30:00,INDEX:NDTW,93.0,93.0,93.0,93.0,0.0
2010-03-11 14:30:00,INDEX:NDTW,91.0,91.0,91.0,91.0,0.0
2010-03-12 14:30:00,INDEX:NDTW,88.0,88.0,88.0,88.0,0.0
2010-03-15 13:30:00,INDEX:NDTW,87.0,87.0,87.0,87.0,0.0
2010-03-16 13:30:00,INDEX:NDTW,94.0,94.0,94.0,94.0,0.0
2010-03-17 13:30:00,INDEX:NDTW,92.0,92.0,92.0,92.0,0.0
2010-03-18 13:30:00,INDEX:NDTW,92.0,92.0,92.0,92.0,0.0
2010-03-19 13:30:00,INDEX:NDTW,87.0,87.0,87.0,87.0,0.0
2010-03-22 13:30:00,INDEX:NDTW,95.0,95.0,95.0,95.0,0.0
2010-03-23 13:30:00,INDEX:NDTW,94.0,94.0,94.0,94.0,0.0
2010-03-24 13:30:00,INDEX:NDTW,81.0,81.0,81.0,81.0,0.0
2010-03-25 13:30:00,INDEX:NDTW,78.0,78.0,78.0,78.0,0.0
2010-03-26 13:30:00,INDEX:NDTW,70.0,70.0,70.0,70.0,0.0
2010-03-29 13:30:00,INDEX:NDTW,75.0,75.0,75.0,75.0,0.0
2010-03-30 13:30:00,INDEX:NDTW,71.0,71.0,71.0,71.0,0.0
2010-03-31 13:30:00,INDEX:NDTW,63.0,63.0,63.0,63.0,0.0
2010-04-01 13:30:00,INDEX:NDTW,62.0,62.0,62.0,62.0,0.0
2010-04-05 13:30:00,INDEX:NDTW,77.0,77.0,77.0,77.0,0.0
2010-04-06 13:30:00,INDEX:NDTW,77.0,77.0,77.0,77.0,0.0
2010-04-07 13:30:00,INDEX:NDTW,65.0,65.0,65.0,65.0,0.0
2010-04-08 13:30:00,INDEX:NDTW,66.0,66.0,66.0,66.0,0.0
2010-04-09 13:30:00,INDEX:NDTW,77.0,77.0,77.0,77.0,0.0
2010-04-12 13:30:00,INDEX:NDTW,74.0,74.0,74.0,74.0,0.0
2010-04-13 13:30:00,INDEX:NDTW,73.0,73.0,73.0,73.0,0.0
2010-04-14 13:30:00,INDEX:NDTW,81.0,81.0,81.0,81.0,0.0
2010-04-15 13:30:00,INDEX:NDTW,80.0,80.0,80.0,80.0,0.0
2010-04-16 13:30:00,INDEX:NDTW,68.0,68.0,68.0,68.0,0.0
2010-04-19 13:30:00,INDEX:NDTW,70.0,70.0,70.0,70.0,0.0
2010-04-20 13:30:00,INDEX:NDTW,79.0,79.0,79.0,79.0,0.0
2010-04-21 13:30:00,INDEX:NDTW,79.0,79.0,79.0,79.0,0.0
2010-04-22 13:30:00,INDEX:NDTW,81.0,81.0,81.0,81.0,0.0
2010-04-23 13:30:00,INDEX:NDTW,80.0,80.0,80.0,80.0,0.0
2010-04-26 13:30:00,INDEX:NDTW,75.0,75.0,75.0,75.0,0.0
2010-04-27 13:30:00,INDEX:NDTW,51.0,51.0,51.0,51.0,0.0
2010-04-28 13:30:00,INDEX:NDTW,57.0,57.0,57.0,57.0,0.0
2010-04-29 13:30:00,INDEX:NDTW,66.0,66.0,66.0,66.0,0.0
2010-04-30 13:30:00,INDEX:NDTW,35.0,35.0,35.0,35.0,0.0
2010-05-03 13:30:00,INDEX:NDTW,51.0,51.0,51.0,51.0,0.0
2010-05-04 13:30:00,INDEX:NDTW,24.0,24.0,24.0,24.0,0.0
2010-05-05 13:30:00,INDEX:NDTW,19.0,19.0,19.0,19.0,0.0
2010-05-06 13:30:00,INDEX:NDTW,3.0,3.0,3.0,3.0,0.0
2010-05-07 13:30:00,INDEX:NDTW,2.0,2.0,2.0,2.0,0.0
2010-05-10 13:30:00,INDEX:NDTW,14.0,14.0,14.0,14.0,0.0
2010-05-11 13:30:00,INDEX:NDTW,15.0,15.0,15.0,15.0,0.0
2010-05-12 13:30:00,INDEX:NDTW,28.0,28.0,28.0,28.0,0.0
2010-05-13 13:30:00,INDEX:NDTW,22.0,22.0,22.0,22.0,0.0
2010-05-14 13:30:00,INDEX:NDTW,8.0,8.0,8.0,8.0,0.0
2010-05-17 13:30:00,INDEX:NDTW,12.0,12.0,12.0,12.0,0.0
2010-05-18 13:30:00,INDEX:NDTW,9.0,9.0,9.0,9.0,0.0
2010-05-19 13:30:00,INDEX:NDTW,7.0,7.0,7.0,7.0,0.0
2010-05-20 13:30:00,INDEX:NDTW,1.0,1.0,1.0,1.0,0.0
2010-05-21 13:30:00,INDEX:NDTW,4.0,4.0,4.0,4.0,0.0
2010-05-24 13:30:00,INDEX:NDTW,3.0,3.0,3.0,3.0,0.0
2010-05-25 13:30:00,INDEX:NDTW,3.0,3.0,3.0,3.0,0.0
2010-05-26 13:30:00,INDEX:NDTW,3.0,3.0,3.0,3.0,0.0
2010-05-27 13:30:00,INDEX:NDTW,26.0,26.0,26.0,26.0,0.0
2010-05-28 13:30:00,INDEX:NDTW,18.0,18.0,18.0,18.0,0.0
2010-06-01 13:30:00,INDEX:NDTW,14.0,14.0,14.0,14.0,0.0
2010-06-02 13:30:00,INDEX:NDTW,42.0,42.0,42.0,42.0,0.0
2010-06-03 13:30:00,INDEX:NDTW,55.0,55.0,55.0,55.0,0.0
2010-06-04 13:30:00,INDEX:NDTW,25.0,25.0,25.0,25.0,0.0
2010-06-07 13:30:00,INDEX:NDTW,6.0,6.0,6.0,6.0,0.0
2010-06-08 13:30:00,INDEX:NDTW,9.0,9.0,9.0,9.0,0.0
2010-06-09 13:30:00,INDEX:NDTW,12.0,12.0,12.0,12.0,0.0
2010-06-10 13:30:00,INDEX:NDTW,49.0,49.0,49.0,49.0,0.0
2010-06-11 13:30:00,INDEX:NDTW,59.0,59.0,59.0,59.0,0.0
2010-06-14 13:30:00,INDEX:NDTW,61.0,61.0,61.0,61.0,0.0
2010-06-15 13:30:00,INDEX:NDTW,91.0,91.0,91.0,91.0,0.0
2010-06-16 13:30:00,INDEX:NDTW,90.0,90.0,90.0,90.0,0.0
2010-06-17 13:30:00,INDEX:NDTW,89.0,89.0,89.0,89.0,0.0
2010-06-18 13:30:00,INDEX:NDTW,85.0,85.0,85.0,85.0,0.0
2010-06-21 13:30:00,INDEX:NDTW,78.0,78.0,78.0,78.0,0.0
2010-06-22 13:30:00,INDEX:NDTW,60.0,60.0,60.0,60.0,0.0
2010-06-23 13:30:00,INDEX:NDTW,57.0,57.0,57.0,57.0,0.0
2010-06-24 13:30:00,INDEX:NDTW,31.0,31.0,31.0,31.0,0.0
2010-06-25 13:30:00,INDEX:NDTW,38.0,38.0,38.0,38.0,0.0
2010-06-28 13:30:00,INDEX:NDTW,38.0,38.0,38.0,38.0,0.0
2010-06-29 13:30:00,INDEX:NDTW,8.0,8.0,8.0,8.0,0.0
2010-06-30 13:30:00,INDEX:NDTW,2.0,2.0,2.0,2.0,0.0
2010-07-01 13:30:00,INDEX:NDTW,7.0,7.0,7.0,7.0,0.0
2010-07-02 13:30:00,INDEX:NDTW,7.0,7.0,7.0,7.0,0.0
2010-07-06 13:30:00,INDEX:NDTW,5.0,5.0,5.0,5.0,0.0
2010-07-07 13:30:00,INDEX:NDTW,23.0,23.0,23.0,23.0,0.0
2010-07-08 13:30:00,INDEX:NDTW,27.0,27.0,27.0,27.0,0.0
2010-07-09 13:30:00,INDEX:NDTW,37.0,37.0,37.0,37.0,0.0
2010-07-12 13:30:00,INDEX:NDTW,47.0,47.0,47.0,47.0,0.0
2010-07-13 13:30:00,INDEX:NDTW,67.0,67.0,67.0,67.0,0.0
2010-07-14 13:30:00,INDEX:NDTW,70.0,70.0,70.0,70.0,0.0
2010-07-15 13:30:00,INDEX:NDTW,77.0,77.0,77.0,77.0,0.0
2010-07-16 13:30:00,INDEX:NDTW,48.0,48.0,48.0,48.0,0.0
2010-07-19 13:30:00,INDEX:NDTW,64.0,64.0,64.0,64.0,0.0
2010-07-20 13:30:00,INDEX:NDTW,71.0,71.0,71.0,71.0,0.0
2010-07-21 13:30:00,INDEX:NDTW,56.0,56.0,56.0,56.0,0.0
2010-07-22 13:30:00,INDEX:NDTW,76.0,76.0,76.0,76.0,0.0
2010-07-23 13:30:00,INDEX:NDTW,79.0,79.0,79.0,79.0,0.0
2010-07-26 13:30:00,INDEX:NDTW,85.0,85.0,85.0,85.0,0.0
2010-07-27 13:30:00,INDEX:NDTW,80.0,80.0,80.0,80.0,0.0
2010-07-28 13:30:00,INDEX:NDTW,78.0,78.0,78.0,78.0,0.0
2010-07-29 13:30:00,INDEX:NDTW,70.0,70.0,70.0,70.0,0.0
2010-07-30 13:30:00,INDEX:NDTW,70.0,70.0,70.0,70.0,0.0
2010-08-02 13:30:00,INDEX:NDTW,75.0,75.0,75.0,75.0,0.0
2010-08-03 13:30:00,INDEX:NDTW,70.0,70.0,70.0,70.0,0.0
2010-08-04 13:30:00,INDEX:NDTW,67.0,67.0,67.0,67.0,0.0
2010-08-05 13:30:00,INDEX:NDTW,66.0,66.0,66.0,66.0,0.0
2010-08-06 13:30:00,INDEX:NDTW,68.0,68.0,68.0,68.0,0.0
2010-08-09 13:30:00,INDEX:NDTW,74.0,74.0,74.0,74.0,0.0
2010-08-10 13:30:00,INDEX:NDTW,63.0,63.0,63.0,63.0,0.0
2010-08-11 13:30:00,INDEX:NDTW,34.0,34.0,34.0,34.0,0.0
2010-08-12 13:30:00,INDEX:NDTW,31.0,31.0,31.0,31.0,0.0
2010-08-13 13:30:00,INDEX:NDTW,26.0,26.0,26.0,26.0,0.0
2010-08-16 13:30:00,INDEX:NDTW,26.0,26.0,26.0,26.0,0.0
2010-08-17 13:30:00,INDEX:NDTW,39.0,39.0,39.0,39.0,0.0
2010-08-18 13:30:00,INDEX:NDTW,39.0,39.0,39.0,39.0,0.0
2010-08-19 13:30:00,INDEX:NDTW,30.0,30.0,30.0,30.0,0.0
2010-08-20 13:30:00,INDEX:NDTW,31.0,31.0,31.0,31.0,0.0
2010-08-23 13:30:00,INDEX:NDTW,29.0,29.0,29.0,29.0,0.0
2010-08-24 13:30:00,INDEX:NDTW,16.0,16.0,16.0,16.0,0.0
2010-08-25 13:30:00,INDEX:NDTW,21.0,21.0,21.0,21.0,0.0
2010-08-26 13:30:00,INDEX:NDTW,16.0,16.0,16.0,16.0,0.0
2010-08-27 13:30:00,INDEX:NDTW,29.0,29.0,29.0,29.0,0.0
2010-08-30 13:30:00,INDEX:NDTW,17.0,17.0,17.0,17.0,0.0
2010-08-31 13:30:00,INDEX:NDTW,17.0,17.0,17.0,17.0,0.0
2010-09-01 13:30:00,INDEX:NDTW,28.0,50.0,28.0,48.0,0.0
2010-09-02 13:30:00,INDEX:NDTW,54.0,69.0,54.0,69.0,0.0
2010-09-03 13:30:00,INDEX:NDTW,87.0,88.0,78.0,88.0,0.0
2010-09-07 13:30:00,INDEX:NDTW,83.0,83.0,74.0,75.0,0.0
2010-09-08 13:30:00,INDEX:NDTW,80.0,88.0,80.0,87.0,0.0
2010-09-09 13:30:00,INDEX:NDTW,88.0,88.0,84.0,88.0,0.0
2010-09-10 13:30:00,INDEX:NDTW,85.0,87.0,82.0,85.0,0.0
2010-09-13 13:30:00,INDEX:NDTW,92.0,96.0,92.0,96.0,0.0
2010-09-14 13:30:00,INDEX:NDTW,97.0,99.0,97.0,99.0,0.0
2010-09-15 13:30:00,INDEX:NDTW,99.0,99.0,99.0,99.0,0.0
2010-09-16 13:30:00,INDEX:NDTW,99.0,99.0,98.0,98.0,0.0
2010-09-17 13:30:00,INDEX:NDTW,98.0,99.0,97.0,97.0,0.0
2010-09-20 13:30:00,INDEX:NDTW,99.0,99.0,97.0,98.0,0.0
2010-09-21 13:30:00,INDEX:NDTW,97.0,99.0,96.0,97.0,0.0
2010-09-22 13:30:00,INDEX:NDTW,94.0,94.0,89.0,93.0,0.0
2010-09-23 13:30:00,INDEX:NDTW,90.0,94.0,88.0,89.0,0.0
2010-09-24 13:30:00,INDEX:NDTW,93.0,95.0,93.0,94.0,0.0
2010-09-27 13:30:00,INDEX:NDTW,93.0,94.0,91.0,91.0,0.0
2010-09-28 13:30:00,INDEX:NDTW,84.0,93.0,79.0,92.0,0.0
2010-09-29 13:30:00,INDEX:NDTW,89.0,89.0,79.0,85.0,0.0
2010-09-30 13:30:00,INDEX:NDTW,87.0,87.0,75.0,80.0,0.0
2010-10-01 13:30:00,INDEX:NDTW,80.0,80.0,80.0,80.0,0.0
2010-10-04 13:30:00,INDEX:NDTW,74.0,80.0,60.0,68.0,0.0
2010-10-05 13:30:00,INDEX:NDTW,78.0,89.0,78.0,88.0,0.0
2010-10-06 13:30:00,INDEX:NDTW,78.0,78.0,65.0,73.0,0.0
2010-10-07 13:30:00,INDEX:NDTW,71.0,78.0,68.0,76.0,0.0
2010-10-08 13:30:00,INDEX:NDTW,73.0,81.0,61.0,78.0,0.0
2010-10-11 13:30:00,INDEX:NDTW,78.0,80.0,73.0,76.0,0.0
2010-10-12 13:30:00,INDEX:NDTW,50.0,79.0,50.0,77.0,0.0
2010-10-13 13:30:00,INDEX:NDTW,79.0,88.0,78.0,82.0,0.0
2010-10-14 13:30:00,INDEX:NDTW,79.0,85.0,68.0,77.0,0.0
2010-10-15 13:30:00,INDEX:NDTW,78.0,81.0,68.0,81.0,0.0
2010-10-18 13:30:00,INDEX:NDTW,74.0,78.0,68.0,75.0,0.0
2010-10-19 13:30:00,INDEX:NDTW,64.0,73.0,55.0,65.0,0.0
2010-10-20 13:30:00,INDEX:NDTW,71.0,79.0,67.0,73.0,0.0
2010-10-21 13:30:00,INDEX:NDTW,72.0,78.0,67.0,74.0,0.0
2010-10-22 13:30:00,INDEX:NDTW,76.0,81.0,74.0,80.0,0.0
2010-10-25 13:30:00,INDEX:NDTW,85.0,85.0,83.0,84.0,0.0
2010-10-26 13:30:00,INDEX:NDTW,79.0,85.0,79.0,82.0,0.0
2010-10-27 13:30:00,INDEX:NDTW,77.0,84.0,74.0,84.0,0.0
2010-10-28 13:30:00,INDEX:NDTW,77.0,80.0,72.0,76.0,0.0
2010-10-29 13:30:00,INDEX:NDTW,74.0,80.0,73.0,73.0,0.0
2010-11-01 13:30:00,INDEX:NDTW,80.0,83.0,68.0,74.0,0.0
2010-11-02 13:30:00,INDEX:NDTW,80.0,83.0,76.0,80.0,0.0
2010-11-03 13:30:00,INDEX:NDTW,77.0,81.0,68.0,78.0,0.0
2010-11-04 13:30:00,INDEX:NDTW,86.0,87.0,84.0,86.0,0.0
2010-11-05 13:30:00,INDEX:NDTW,82.0,84.0,80.0,83.0,0.0
2010-11-08 14:30:00,INDEX:NDTW,79.0,81.0,77.0,81.0,0.0
2010-11-09 14:30:00,INDEX:NDTW,77.0,81.0,73.0,74.0,0.0
2010-11-10 14:30:00,INDEX:NDTW,73.0,78.0,71.0,77.0,0.0
2010-11-11 14:30:00,INDEX:NDTW,70.0,76.0,67.0,76.0,0.0
2010-11-12 14:30:00,INDEX:NDTW,71.0,71.0,50.0,59.0,0.0
2010-11-15 14:30:00,INDEX:NDTW,63.0,66.0,55.0,55.0,0.0
2010-11-16 14:30:00,INDEX:NDTW,45.0,49.0,27.0,33.0,0.0
2010-11-17 14:30:00,INDEX:NDTW,27.0,36.0,27.0,33.0,0.0
2010-11-18 14:30:00,INDEX:NDTW,48.0,65.0,48.0,51.0,0.0
2010-11-19 14:30:00,INDEX:NDTW,50.0,58.0,48.0,58.0,0.0
2010-11-22 14:30:00,INDEX:NDTW,64.0,64.0,52.0,63.0,0.0
2010-11-23 14:30:00,INDEX:NDTW,49.0,49.0,33.0,40.0,0.0
2010-11-24 14:30:00,INDEX:NDTW,59.0,68.0,58.0,65.0,0.0
2010-11-26 14:30:00,INDEX:NDTW,62.0,64.0,58.0,58.0,0.0
2010-11-29 14:30:00,INDEX:NDTW,48.0,48.0,33.0,46.0,0.0
2010-11-30 14:30:00,INDEX:NDTW,30.0,41.0,30.0,34.0,0.0
2010-12-01 14:30:00,INDEX:NDTW,64.0,70.0,64.0,68.0,0.0
2010-12-02 14:30:00,INDEX:NDTW,69.0,76.0,67.0,76.0,0.0
2010-12-03 14:30:00,INDEX:NDTW,78.0,84.0,76.0,83.0,0.0
2010-12-06 14:30:00,INDEX:NDTW,79.0,82.0,77.0,79.0,0.0
2010-12-07 14:30:00,INDEX:NDTW,87.0,88.0,82.0,82.0,0.0
2010-12-08 14:30:00,INDEX:NDTW,85.0,85.0,79.0,82.0,0.0
2010-12-09 14:30:00,INDEX:NDTW,86.0,89.0,83.0,83.0,0.0
2010-12-10 14:30:00,INDEX:NDTW,82.0,88.0,82.0,88.0,0.0
2010-12-13 14:30:00,INDEX:NDTW,85.0,87.0,83.0,83.0,0.0
2010-12-14 14:30:00,INDEX:NDTW,80.0,83.0,80.0,83.0,0.0
2010-12-15 14:30:00,INDEX:NDTW,75.0,79.0,72.0,75.0,0.0
2010-12-16 14:30:00,INDEX:NDTW,76.0,82.0,74.0,82.0,0.0
2010-12-17 14:30:00,INDEX:NDTW,80.0,84.0,77.0,81.0,0.0
2010-12-20 14:30:00,INDEX:NDTW,78.0,81.0,76.0,78.0,0.0
2010-12-21 14:30:00,INDEX:NDTW,79.0,83.0,78.0,83.0,0.0
2010-12-22 14:30:00,INDEX:NDTW,83.0,83.0,78.0,80.0,0.0
2010-12-23 14:30:00,INDEX:NDTW,78.0,79.0,74.0,79.0,0.0
2010-12-27 14:30:00,INDEX:NDTW,61.0,75.0,61.0,73.0,0.0
2010-12-28 14:30:00,INDEX:NDTW,69.0,72.0,65.0,68.0,0.0
2010-12-29 14:30:00,INDEX:NDTW,67.0,70.0,67.0,67.0,0.0
2010-12-30 14:30:00,INDEX:NDTW,63.0,68.0,63.0,67.0,0.0
2010-12-31 14:30:00,INDEX:NDTW,56.0,63.0,54.0,63.0,0.0
2011-01-03 14:30:00,INDEX:NDTW,82.0,87.0,76.0,77.0,0.0
2011-01-04 14:30:00,INDEX:NDTW,74.0,75.0,60.0,66.0,0.0
2011-01-05 14:30:00,INDEX:NDTW,57.0,70.0,57.0,66.0,0.0
2011-01-06 14:30:00,INDEX:NDTW,67.0,78.0,67.0,75.0,0.0
2011-01-07 14:30:00,INDEX:NDTW,73.0,75.0,53.0,67.0,0.0
2011-01-10 14:30:00,INDEX:NDTW,54.0,62.0,51.0,60.0,0.0
2011-01-11 14:30:00,INDEX:NDTW,64.0,66.0,61.0,64.0,0.0
2011-01-12 14:30:00,INDEX:NDTW,63.0,74.0,63.0,72.0,0.0
2011-01-13 14:30:00,INDEX:NDTW,72.0,72.0,65.0,69.0,0.0
2011-01-14 14:30:00,INDEX:NDTW,64.0,75.0,64.0,73.0,0.0
2011-01-18 14:30:00,INDEX:NDTW,75.0,77.0,74.0,77.0,0.0
2011-01-19 14:30:00,INDEX:NDTW,70.0,72.0,61.0,67.0,0.0
2011-01-20 14:30:00,INDEX:NDTW,54.0,66.0,54.0,61.0,0.0
2011-01-21 14:30:00,INDEX:NDTW,61.0,62.0,49.0,49.0,0.0
2011-01-24 14:30:00,INDEX:NDTW,49.0,64.0,49.0,63.0,0.0
2011-01-25 14:30:00,INDEX:NDTW,57.0,60.0,49.0,60.0,0.0
2011-01-26 14:30:00,INDEX:NDTW,53.0,65.0,53.0,62.0,0.0
2011-01-27 14:30:00,INDEX:NDTW,63.0,72.0,60.0,68.0,0.0
2011-01-28 14:30:00,INDEX:NDTW,68.0,68.0,32.0,34.0,0.0
2011-01-31 14:30:00,INDEX:NDTW,36.0,46.0,32.0,39.0,0.0
2011-02-01 14:30:00,INDEX:NDTW,58.0,66.0,54.0,63.0,0.0
2011-02-02 14:30:00,INDEX:NDTW,63.0,64.0,58.0,62.0,0.0
2011-02-03 14:30:00,INDEX:NDTW,58.0,67.0,47.0,65.0,0.0
2011-02-04 14:30:00,INDEX:NDTW,62.0,69.0,61.0,66.0,0.0
2011-02-07 14:30:00,INDEX:NDTW,65.0,76.0,65.0,71.0,0.0
2011-02-08 14:30:00,INDEX:NDTW,69.0,76.0,67.0,74.0,0.0
2011-02-09 14:30:00,INDEX:NDTW,70.0,70.0,62.0,65.0,0.0
2011-02-10 14:30:00,INDEX:NDTW,61.0,74.0,61.0,74.0,0.0
2011-02-11 14:30:00,INDEX:NDTW,63.0,76.0,63.0,75.0,0.0
2011-02-14 14:30:00,INDEX:NDTW,73.0,77.0,71.0,77.0,0.0
2011-02-15 14:30:00,INDEX:NDTW,76.0,79.0,72.0,78.0,0.0
2011-02-16 14:30:00,INDEX:NDTW,77.0,82.0,76.0,77.0,0.0
2011-02-17 14:30:00,INDEX:NDTW,77.0,79.0,76.0,79.0,0.0
2011-02-18 14:30:00,INDEX:NDTW,77.0,79.0,77.0,79.0,0.0
2011-02-22 14:30:00,INDEX:NDTW,62.0,74.0,62.0,62.0,0.0
2011-02-23 14:30:00,INDEX:NDTW,37.0,38.0,24.0,29.0,0.0
2011-02-24 14:30:00,INDEX:NDTW,32.0,38.0,24.0,35.0,0.0
2011-02-25 14:30:00,INDEX:NDTW,47.0,57.0,45.0,55.0,0.0
2011-02-28 14:30:00,INDEX:NDTW,61.0,62.0,45.0,51.0,0.0
2011-03-01 14:30:00,INDEX:NDTW,49.0,49.0,25.0,27.0,0.0
2011-03-02 14:30:00,INDEX:NDTW,31.0,43.0,31.0,36.0,0.0
2011-03-03 14:30:00,INDEX:NDTW,55.0,67.0,55.0,64.0,0.0
2011-03-04 14:30:00,INDEX:NDTW,61.0,62.0,46.0,52.0,0.0
2011-03-07 14:30:00,INDEX:NDTW,57.0,57.0,28.0,34.0,0.0
2011-03-08 14:30:00,INDEX:NDTW,30.0,53.0,30.0,48.0,0.0
2011-03-09 14:30:00,INDEX:NDTW,36.0,47.0,33.0,43.0,0.0
2011-03-10 14:30:00,INDEX:NDTW,20.0,28.0,18.0,21.0,0.0
2011-03-11 14:30:00,INDEX:NDTW,21.0,32.0,17.0,28.0,0.0
2011-03-14 13:30:00,INDEX:NDTW,25.0,27.0,18.0,25.0,0.0
2011-03-15 13:30:00,INDEX:NDTW,10.0,19.0,8.0,17.0,0.0
2011-03-16 13:30:00,INDEX:NDTW,14.0,15.0,9.0,10.0,0.0
2011-03-17 13:30:00,INDEX:NDTW,13.0,17.0,11.0,12.0,0.0
2011-03-18 13:30:00,INDEX:NDTW,20.0,20.0,13.0,14.0,0.0
2011-03-21 13:30:00,INDEX:NDTW,34.0,42.0,30.0,31.0,0.0
2011-03-22 13:30:00,INDEX:NDTW,31.0,31.0,23.0,24.0,0.0
2011-03-23 13:30:00,INDEX:NDTW,20.0,36.0,15.0,31.0,0.0
2011-03-24 13:30:00,INDEX:NDTW,45.0,75.0,38.0,70.0,0.0
2011-03-25 13:30:00,INDEX:NDTW,64.0,80.0,64.0,70.0,0.0
2011-03-28 13:30:00,INDEX:NDTW,71.0,80.0,65.0,65.0,0.0
2011-03-29 13:30:00,INDEX:NDTW,61.0,77.0,61.0,76.0,0.0
2011-03-30 13:30:00,INDEX:NDTW,86.0,88.0,78.0,85.0,0.0
2011-03-31 13:30:00,INDEX:NDTW,86.0,88.0,82.0,82.0,0.0
2011-04-01 13:30:00,INDEX:NDTW,84.0,86.0,82.0,85.0,0.0
2011-04-04 13:30:00,INDEX:NDTW,84.0,84.0,79.0,81.0,0.0
2011-04-05 13:30:00,INDEX:NDTW,82.0,86.0,80.0,82.0,0.0
2011-04-06 13:30:00,INDEX:NDTW,89.0,89.0,80.0,87.0,0.0
2011-04-07 13:30:00,INDEX:NDTW,88.0,90.0,81.0,86.0,0.0
2011-04-08 13:30:00,INDEX:NDTW,90.0,90.0,77.0,81.0,0.0
2011-04-11 13:30:00,INDEX:NDTW,83.0,83.0,67.0,78.0,0.0
2011-04-12 13:30:00,INDEX:NDTW,62.0,62.0,55.0,60.0,0.0
2011-04-13 13:30:00,INDEX:NDTW,66.0,69.0,57.0,67.0,0.0
2011-04-14 13:30:00,INDEX:NDTW,50.0,66.0,46.0,66.0,0.0
2011-04-15 13:30:00,INDEX:NDTW,52.0,72.0,52.0,70.0,0.0
2011-04-18 13:30:00,INDEX:NDTW,34.0,38.0,25.0,37.0,0.0
2011-04-19 13:30:00,INDEX:NDTW,40.0,44.0,33.0,42.0,0.0
2011-04-20 13:30:00,INDEX:NDTW,77.0,81.0,76.0,80.0,0.0
2011-04-21 13:30:00,INDEX:NDTW,82.0,82.0,79.0,80.0,0.0
2011-04-25 13:30:00,INDEX:NDTW,77.0,80.0,74.0,80.0,0.0
2011-04-26 13:30:00,INDEX:NDTW,82.0,85.0,82.0,84.0,0.0
2011-04-27 13:30:00,INDEX:NDTW,83.0,84.0,79.0,82.0,0.0
2011-04-28 13:30:00,INDEX:NDTW,79.0,84.0,78.0,82.0,0.0
2011-04-29 13:30:00,INDEX:NDTW,79.0,80.0,75.0,78.0,0.0
2011-05-02 13:30:00,INDEX:NDTW,77.0,81.0,75.0,77.0,0.0
2011-05-03 13:30:00,INDEX:NDTW,72.0,72.0,64.0,68.0,0.0
2011-05-04 13:30:00,INDEX:NDTW,69.0,70.0,57.0,66.0,0.0
2011-05-05 13:30:00,INDEX:NDTW,63.0,73.0,60.0,63.0,0.0
2011-05-06 13:30:00,INDEX:NDTW,74.0,75.0,67.0,68.68,0.0
2011-05-09 13:30:00,INDEX:NDTW,67.67,72.72,64.64,69.69,0.0
2011-05-10 13:30:00,INDEX:NDTW,72.72,78.78,72.72,76.76,0.0
2011-05-11 13:30:00,INDEX:NDTW,78.78,79.79,61.61,68.68,0.0
2011-05-12 13:30:00,INDEX:NDTW,59.59,73.73,59.59,73.73,0.0
2011-05-13 13:30:00,INDEX:NDTW,67.67,69.69,61.61,61.61,0.0
2011-05-16 13:30:00,INDEX:NDTW,59.59,59.59,45.45,45.45,0.0
2011-05-17 13:30:00,INDEX:NDTW,35.35,40.4,31.31,40.4,0.0
2011-05-18 13:30:00,INDEX:NDTW,37.37,52.52,37.37,51.51,0.0
2011-05-19 13:30:00,INDEX:NDTW,54.54,56.56,44.44,51.51,0.0
2011-05-20 13:30:00,INDEX:NDTW,46.46,50.5,38.38,43.43,0.0
2011-05-23 13:30:00,INDEX:NDTW,22.22,28.28,20.2,23.23,0.0
2011-05-24 13:30:00,INDEX:NDTW,22.22,25.25,14.14,14.14,0.0
2011-05-25 13:30:00,INDEX:NDTW,17.17,21.21,16.16,17.17,0.0
2011-05-26 13:30:00,INDEX:NDTW,18.18,34.34,18.18,32.32,0.0
2011-05-27 13:30:00,INDEX:NDTW,35.35,37.37,31.31,33.33,0.0
2011-05-31 13:30:00,INDEX:NDTW,54.54,59.59,42.42,59.59,0.0
2011-06-01 13:30:00,INDEX:NDTW,59.59,59.59,29.59,30.0,0.0
2011-06-02 13:30:00,INDEX:NDTW,27.0,38.0,27.0,31.0,0.0
2011-06-03 13:30:00,INDEX:NDTW,24.0,29.0,18.0,18.0,0.0
2011-06-06 13:30:00,INDEX:NDTW,18.0,20.0,12.0,12.0,0.0
2011-06-07 13:30:00,INDEX:NDTW,15.0,21.0,13.0,14.0,0.0
2011-06-08 13:30:00,INDEX:NDTW,13.0,15.0,11.0,11.0,0.0
2011-06-09 13:30:00,INDEX:NDTW,9.0,18.0,9.0,14.0,0.0
2011-06-10 13:30:00,INDEX:NDTW,12.0,12.0,4.0,4.0,0.0
2011-06-13 13:30:00,INDEX:NDTW,10.0,11.0,8.0,11.0,0.0
2011-06-14 13:30:00,INDEX:NDTW,14.0,19.0,14.0,17.0,0.0
2011-06-15 13:30:00,INDEX:NDTW,13.0,16.0,7.0,7.0,0.0
2011-06-16 13:30:00,INDEX:NDTW,7.0,11.0,6.0,9.0,0.0
2011-06-17 13:30:00,INDEX:NDTW,18.0,19.0,15.0,15.0,0.0
2011-06-20 13:30:00,INDEX:NDTW,18.0,25.0,16.0,22.0,0.0
2011-06-21 13:30:00,INDEX:NDTW,27.0,39.0,26.0,37.0,0.0
2011-06-22 13:30:00,INDEX:NDTW,39.0,47.0,35.0,36.0,0.0
2011-06-23 13:30:00,INDEX:NDTW,24.0,46.0,21.0,46.0,0.0
2011-06-24 13:30:00,INDEX:NDTW,43.0,43.0,25.0,26.0,0.0
2011-06-27 13:30:00,INDEX:NDTW,29.0,52.0,29.0,45.0,0.0
2011-06-28 13:30:00,INDEX:NDTW,65.0,71.0,61.0,70.0,0.0
2011-06-29 13:30:00,INDEX:NDTW,70.0,79.0,68.0,73.0,0.0
2011-06-30 13:30:00,INDEX:NDTW,82.0,88.0,82.0,88.0,0.0
2011-07-01 13:30:00,INDEX:NDTW,91.0,93.0,90.0,93.0,0.0
2011-07-05 13:30:00,INDEX:NDTW,91.0,93.0,91.0,93.0,0.0
2011-07-06 13:30:00,INDEX:NDTW,92.0,92.0,91.0,92.0,0.0
2011-07-07 13:30:00,INDEX:NDTW,91.0,95.0,91.0,94.0,0.0
2011-07-08 13:30:00,INDEX:NDTW,93.0,93.0,90.0,92.0,0.0
2011-07-11 13:30:00,INDEX:NDTW,88.0,89.0,82.0,82.0,0.0
2011-07-12 13:30:00,INDEX:NDTW,73.0,75.0,68.0,69.0,0.0
2011-07-13 13:30:00,INDEX:NDTW,72.0,77.0,64.0,65.0,0.0
2011-07-14 13:30:00,INDEX:NDTW,60.0,67.0,46.0,50.0,0.0
2011-07-15 13:30:00,INDEX:NDTW,46.0,48.0,43.0,47.0,0.0
2011-07-18 13:30:00,INDEX:NDTW,43.0,43.0,24.0,34.0,0.0
2011-07-19 13:30:00,INDEX:NDTW,49.0,56.0,44.0,54.0,0.0
2011-07-20 13:30:00,INDEX:NDTW,44.0,46.0,40.0,44.0,0.0
2011-07-21 13:30:00,INDEX:NDTW,46.0,58.0,46.0,52.0,0.0
2011-07-22 13:30:00,INDEX:NDTW,53.0,60.0,49.0,59.0,0.0
2011-07-25 13:30:00,INDEX:NDTW,45.0,56.0,45.0,51.0,0.0
2011-07-26 13:30:00,INDEX:NDTW,46.0,49.0,43.0,46.0,0.0
2011-07-27 13:30:00,INDEX:NDTW,33.0,33.0,20.0,21.0,0.0
2011-07-28 13:30:00,INDEX:NDTW,21.0,31.0,19.0,21.0,0.0
2011-07-29 13:30:00,INDEX:NDTW,20.0,29.0,20.0,24.0,0.0
2011-08-01 13:30:00,INDEX:NDTW,30.0,30.0,15.0,21.0,0.0
2011-08-02 13:30:00,INDEX:NDTW,19.0,19.0,10.0,10.0,0.0
2011-08-03 13:30:00,INDEX:NDTW,10.0,12.0,4.0,12.0,0.0
2011-08-04 13:30:00,INDEX:NDTW,6.0,7.0,2.0,2.0,0.0
2011-08-05 13:30:00,INDEX:NDTW,3.0,3.0,1.0,3.0,0.0
2011-08-08 13:30:00,INDEX:NDTW,1.0,1.0,1.0,1.0,0.0
2011-08-09 13:30:00,INDEX:NDTW,0.99,0.99,0.99,0.99,0.0
2011-08-10 13:30:00,INDEX:NDTW,0.99,0.99,0.99,0.99,0.0
2011-08-11 13:30:00,INDEX:NDTW,1.98,4.95,1.98,3.96,0.0
2011-08-12 13:30:00,INDEX:NDTW,6.93,8.91,3.96,6.93,0.0
2011-08-15 13:30:00,INDEX:NDTW,10.89,14.85,9.9,14.85,0.0
2011-08-16 13:30:00,INDEX:NDTW,11.88,15.84,9.9,11.88,0.0
2011-08-17 13:30:00,INDEX:NDTW,15.84,19.8,7.92,11.88,0.0
2011-08-18 13:30:00,INDEX:NDTW,4.95,4.95,2.97,2.97,0.0
2011-08-19 13:30:00,INDEX:NDTW,3.96,7.92,3.96,4.95,0.0
2011-08-22 13:30:00,INDEX:NDTW,9.9,10.89,2.97,4.95,0.0
2011-08-23 13:30:00,INDEX:NDTW,6.93,26.73,6.93,26.73,0.0
2011-08-24 13:30:00,INDEX:NDTW,23.76,35.64,17.82,31.68,0.0
2011-08-25 13:30:00,INDEX:NDTW,37.62,37.62,16.83,17.82,0.0
2011-08-26 13:30:00,INDEX:NDTW,15.84,54.45,13.86,47.52,0.0
2011-08-29 13:30:00,INDEX:NDTW,74.25,83.16,71.28,83.16,0.0
2011-08-30 13:30:00,INDEX:NDTW,89.1,94.05,78.21,89.1,0.0
2011-08-31 13:30:00,INDEX:NDTW,96.03,97.02,90.09,94.05,0.0
2011-09-01 13:30:00,INDEX:NDTW,91.08,94.05,82.17,82.17,0.0
2011-09-02 13:30:00,INDEX:NDTW,63.36,70.29,48.51,54.45,0.0
2011-09-06 13:30:00,INDEX:NDTW,25.74,45.54,21.78,42.57,0.0
2011-09-07 13:30:00,INDEX:NDTW,68.31,85.14,64.35,83.16,0.0
2011-09-08 13:30:00,INDEX:NDTW,80.19,85.14,66.33,68.31,0.0
2011-09-09 13:30:00,INDEX:NDTW,49.5,64.35,37.62,43.56,0.0
2011-09-12 13:30:00,INDEX:NDTW,38.61,55.44,36.63,55.44,0.0
2011-09-13 13:30:00,INDEX:NDTW,60.39,67.32,59.4,66.33,0.0
2011-09-14 13:30:00,INDEX:NDTW,78.21,89.0,69.0,86.0,0.0
2011-09-15 13:30:00,INDEX:NDTW,90.0,91.0,85.0,88.0,0.0
2011-09-16 13:30:00,INDEX:NDTW,88.0,89.0,87.0,89.0,0.0
2011-09-19 13:30:00,INDEX:NDTW,80.0,85.0,77.0,80.0,0.0
2011-09-20 13:30:00,INDEX:NDTW,80.0,85.0,73.0,74.0,0.0
2011-09-21 13:30:00,INDEX:NDTW,73.0,75.0,52.0,52.0,0.0
2011-09-22 13:30:00,INDEX:NDTW,25.0,29.0,18.0,24.0,0.0
2011-09-23 13:30:00,INDEX:NDTW,22.0,29.0,21.0,24.0,0.0
2011-09-26 13:30:00,INDEX:NDTW,26.0,43.0,19.0,43.0,0.0
2011-09-27 13:30:00,INDEX:NDTW,59.0,74.0,56.0,62.0,0.0
2011-09-28 13:30:00,INDEX:NDTW,67.0,67.0,36.0,36.0,0.0
2011-09-29 13:30:00,INDEX:NDTW,64.0,64.0,15.0,33.0,0.0
2011-09-30 13:30:00,INDEX:NDTW,26.0,31.0,13.0,13.0,0.0
2011-10-03 13:30:00,INDEX:NDTW,7.0,17.0,4.0,4.0,0.0
2011-10-04 13:30:00,INDEX:NDTW,1.0,12.0,1.0,12.0,0.0
2011-10-05 13:30:00,INDEX:NDTW,15.0,40.0,15.0,39.0,0.0
2011-10-06 13:30:00,INDEX:NDTW,37.0,59.0,32.0,59.0,0.0
2011-10-07 13:30:00,INDEX:NDTW,57.0,60.0,50.0,54.0,0.0
2011-10-10 13:30:00,INDEX:NDTW,68.0,80.0,68.0,78.0,0.0
2011-10-11 13:30:00,INDEX:NDTW,82.0,85.0,79.0,82.0,0.0
2011-10-12 13:30:00,INDEX:NDTW,86.0,87.0,82.0,82.0,0.0
2011-10-13 13:30:00,INDEX:NDTW,85.0,85.0,78.0,85.0,0.0
2011-10-14 13:30:00,INDEX:NDTW,87.0,89.0,83.0,89.0,0.0
2011-10-17 13:30:00,INDEX:NDTW,88.0,88.0,80.0,81.0,0.0
2011-10-18 13:30:00,INDEX:NDTW,81.0,89.0,73.0,87.0,0.0
2011-10-19 13:30:00,INDEX:NDTW,89.0,90.0,83.0,84.0,0.0
2011-10-20 13:30:00,INDEX:NDTW,79.0,80.0,70.0,78.0,0.0
2011-10-21 13:30:00,INDEX:NDTW,86.0,88.0,81.0,88.0,0.0
2011-10-24 13:30:00,INDEX:NDTW,91.0,96.0,91.0,95.0,0.0
2011-10-25 13:30:00,INDEX:NDTW,92.0,94.0,86.0,86.0,0.0
2011-10-26 13:30:00,INDEX:NDTW,91.0,91.0,77.0,88.0,0.0
2011-10-27 13:30:00,INDEX:NDTW,92.0,92.0,84.0,90.0,0.0
2011-10-28 13:30:00,INDEX:NDTW,87.0,87.0,85.0,85.0,0.0
2011-10-31 13:30:00,INDEX:NDTW,76.0,81.0,74.0,74.0,0.0
2011-11-01 13:30:00,INDEX:NDTW,53.0,61.0,49.0,50.0,0.0
2011-11-02 13:30:00,INDEX:NDTW,55.0,58.0,47.0,54.0,0.0
2011-11-03 13:30:00,INDEX:NDTW,53.0,70.0,50.0,68.0,0.0
2011-11-04 13:30:00,INDEX:NDTW,62.0,68.0,56.0,65.0,0.0
2011-11-07 14:30:00,INDEX:NDTW,67.0,68.0,50.0,68.0,0.0
2011-11-08 14:30:00,INDEX:NDTW,74.0,77.0,61.0,77.0,0.0
2011-11-09 14:30:00,INDEX:NDTW,45.0,52.0,29.0,31.0,0.0
2011-11-10 14:30:00,INDEX:NDTW,39.0,42.0,29.0,37.0,0.0
2011-11-11 14:30:00,INDEX:NDTW,52.0,64.0,52.0,57.0,0.0
2011-11-14 14:30:00,INDEX:NDTW,50.0,57.0,41.0,45.0,0.0
2011-11-15 14:30:00,INDEX:NDTW,47.0,67.0,37.0,61.0,0.0
2011-11-16 14:30:00,INDEX:NDTW,46.0,52.0,34.0,34.0,0.0
2011-11-17 14:30:00,INDEX:NDTW,23.0,23.0,8.0,12.0,0.0
2011-11-18 14:30:00,INDEX:NDTW,9.0,13.0,8.0,9.0,0.0
2011-11-21 14:30:00,INDEX:NDTW,5.0,6.0,2.0,6.0,0.0
2011-11-22 14:30:00,INDEX:NDTW,4.0,6.0,4.0,6.0,0.0
2011-11-23 14:30:00,INDEX:NDTW,4.0,4.0,1.0,1.0,0.0
2011-11-25 14:30:00,INDEX:NDTW,2.0,2.0,1.0,1.0,0.0
2011-11-28 14:30:00,INDEX:NDTW,8.0,9.0,3.0,4.0,0.0
2011-11-29 14:30:00,INDEX:NDTW,10.0,19.0,9.0,12.0,0.0
2011-11-30 14:30:00,INDEX:NDTW,51.0,57.0,49.0,56.0,0.0
2011-12-01 14:30:00,INDEX:NDTW,59.0,73.0,58.0,63.0,0.0
2011-12-02 14:30:00,INDEX:NDTW,72.0,74.0,58.0,58.0,0.0
2011-12-05 14:30:00,INDEX:NDTW,72.0,81.0,71.0,73.0,0.0
2011-12-06 14:30:00,INDEX:NDTW,77.0,79.0,72.0,74.74,0.0
2011-12-07 14:30:00,INDEX:NDTW,66.66,76.76,60.6,69.69,0.0
2011-12-08 14:30:00,INDEX:NDTW,67.67,67.67,46.46,46.46,0.0
2011-12-09 14:30:00,INDEX:NDTW,51.51,75.75,51.51,72.72,0.0
2011-12-12 14:30:00,INDEX:NDTW,51.51,59.59,43.43,59.59,0.0
2011-12-13 14:30:00,INDEX:NDTW,68.68,68.68,35.35,38.38,0.0
2011-12-14 14:30:00,INDEX:NDTW,36.36,36.36,22.22,28.28,0.0
2011-12-15 14:30:00,INDEX:NDTW,31.31,32.32,25.25,25.25,0.0
2011-12-16 14:30:00,INDEX:NDTW,38.38,50.5,29.29,32.32,0.0
2011-12-19 14:30:00,INDEX:NDTW,39.39,40.4,23.23,23.23,0.0
2011-12-20 14:30:00,INDEX:NDTW,50.5,67.67,48.48,64.28,0.0
2011-12-21 14:30:00,INDEX:NDTW,45.91,50.0,37.75,50.0,0.0
2011-12-22 14:30:00,INDEX:NDTW,57.14,59.18,55.1,57.14,0.0
2011-12-23 14:30:00,INDEX:NDTW,59.18,65.3,57.14,65.3,0.0
2011-12-27 14:30:00,INDEX:NDTW,62.24,70.4,62.24,67.34,0.0
2011-12-28 14:30:00,INDEX:NDTW,58.16,58.16,44.89,44.89,0.0
2011-12-29 14:30:00,INDEX:NDTW,47.95,57.14,46.93,55.1,0.0
2011-12-30 14:30:00,INDEX:NDTW,53.06,60.2,51.02,51.02,0.0
2012-01-03 14:30:00,INDEX:NDTW,81.63,85.71,70.4,71.42,0.0
2012-01-04 14:30:00,INDEX:NDTW,67.34,74.48,64.28,72.44,0.0
2012-01-05 14:30:00,INDEX:NDTW,62.24,77.55,59.18,77.55,0.0
2012-01-06 14:30:00,INDEX:NDTW,74.48,82.65,70.4,76.53,0.0
2012-01-09 14:30:00,INDEX:NDTW,78.57,79.59,71.42,76.53,0.0
2012-01-10 14:30:00,INDEX:NDTW,89.79,91.83,84.69,87.75,0.0
2012-01-11 14:30:00,INDEX:NDTW,88.77,88.77,85.71,86.73,0.0
2012-01-12 14:30:00,INDEX:NDTW,83.67,88.77,79.59,88.77,0.0
2012-01-13 14:30:00,INDEX:NDTW,81.63,84.69,77.55,80.61,0.0
2012-01-17 14:30:00,INDEX:NDTW,89.79,89.79,81.63,82.65,0.0
2012-01-18 14:30:00,INDEX:NDTW,85.71,87.75,84.69,86.73,0.0
2012-01-19 14:30:00,INDEX:NDTW,88.77,92.85,88.77,91.83,0.0
2012-01-20 14:30:00,INDEX:NDTW,89.79,89.79,85.71,86.73,0.0
2012-01-23 14:30:00,INDEX:NDTW,88.77,89.79,85.71,87.75,0.0
2012-01-24 14:30:00,INDEX:NDTW,83.67,86.73,83.67,85.71,0.0
2012-01-25 14:30:00,INDEX:NDTW,83.67,88.77,83.67,88.77,0.0
2012-01-26 14:30:00,INDEX:NDTW,89.79,89.79,84.69,86.73,0.0
2012-01-27 14:30:00,INDEX:NDTW,87.75,89.79,85.71,87.75,0.0
2012-01-30 14:30:00,INDEX:NDTW,77.55,82.65,70.4,79.59,0.0
2012-01-31 14:30:00,INDEX:NDTW,80.61,82.65,74.48,81.63,0.0
2012-02-01 14:30:00,INDEX:NDTW,83.67,89.79,83.67,86.73,0.0
2012-02-02 14:30:00,INDEX:NDTW,88.77,89.79,82.65,84.69,0.0
2012-02-03 14:30:00,INDEX:NDTW,90.81,93.87,90.81,91.83,0.0
2012-02-06 14:30:00,INDEX:NDTW,87.75,88.77,85.71,88.77,0.0
2012-02-07 14:30:00,INDEX:NDTW,80.61,86.73,77.55,85.71,0.0
2012-02-08 14:30:00,INDEX:NDTW,79.59,82.65,71.42,78.57,0.0
2012-02-09 14:30:00,INDEX:NDTW,77.55,77.55,73.46,76.53,0.0
2012-02-10 14:30:00,INDEX:NDTW,69.38,69.38,64.28,68.36,0.0
2012-02-13 14:30:00,INDEX:NDTW,70.4,73.46,66.32,73.46,0.0
2012-02-14 14:30:00,INDEX:NDTW,68.36,72.44,64.28,69.38,0.0
2012-02-15 14:30:00,INDEX:NDTW,68.36,74.48,64.28,65.3,0.0
2012-02-16 14:30:00,INDEX:NDTW,74.48,82.65,70.4,81.63,0.0
2012-02-17 14:30:00,INDEX:NDTW,81.63,81.63,73.46,73.46,0.0
2012-02-21 14:30:00,INDEX:NDTW,75.51,80.61,65.3,70.4,0.0
2012-02-22 14:30:00,INDEX:NDTW,66.32,70.4,61.22,62.24,0.0
2012-02-23 14:30:00,INDEX:NDTW,56.12,67.34,56.12,67.34,0.0
2012-02-24 14:30:00,INDEX:NDTW,68.36,70.4,64.28,65.3,0.0
2012-02-27 14:30:00,INDEX:NDTW,56.12,69.38,56.12,67.34,0.0
2012-02-28 14:30:00,INDEX:NDTW,63.26,73.46,63.26,71.42,0.0
2012-02-29 14:30:00,INDEX:NDTW,65.3,69.38,58.16,58.16,0.0
2012-03-01 14:30:00,INDEX:NDTW,61.22,69.38,58.16,67.34,0.0
2012-03-02 14:30:00,INDEX:NDTW,63.26,66.32,51.02,59.18,0.0
2012-03-05 14:30:00,INDEX:NDTW,51.02,56.12,42.85,47.95,0.0
2012-03-06 14:30:00,INDEX:NDTW,35.71,35.71,27.55,30.61,0.0
2012-03-07 14:30:00,INDEX:NDTW,29.59,40.81,29.59,39.79,0.0
2012-03-08 14:30:00,INDEX:NDTW,45.91,56.12,43.87,53.06,0.0
2012-03-09 14:30:00,INDEX:NDTW,56.12,66.32,56.12,65.3,0.0
2012-03-12 13:30:00,INDEX:NDTW,64.28,64.28,53.06,59.18,0.0
2012-03-13 13:30:00,INDEX:NDTW,65.3,79.59,61.22,77.55,0.0
2012-03-14 13:30:00,INDEX:NDTW,77.55,77.55,67.34,73.46,0.0
2012-03-15 13:30:00,INDEX:NDTW,69.38,78.57,69.38,77.55,0.0
2012-03-16 13:30:00,INDEX:NDTW,78.57,80.61,76.53,76.53,0.0
2012-03-19 13:30:00,INDEX:NDTW,74.48,83.67,74.48,78.57,0.0
2012-03-20 13:30:00,INDEX:NDTW,67.34,74.48,67.34,74.48,0.0
2012-03-21 13:30:00,INDEX:NDTW,74.48,78.57,70.4,75.51,0.0
2012-03-22 13:30:00,INDEX:NDTW,70.4,70.4,65.3,70.4,0.0
2012-03-23 13:30:00,INDEX:NDTW,64.28,72.44,59.18,71.42,0.0
2012-03-26 13:30:00,INDEX:NDTW,76.53,82.65,72.44,82.65,0.0
2012-03-27 13:30:00,INDEX:NDTW,83.67,85.71,80.61,81.63,0.0
2012-03-28 13:30:00,INDEX:NDTW,82.65,85.71,66.32,75.51,0.0
2012-03-29 13:30:00,INDEX:NDTW,67.34,73.46,59.18,72.44,0.0
2012-03-30 13:30:00,INDEX:NDTW,77.55,78.57,70.4,75.51,0.0
2012-04-02 13:30:00,INDEX:NDTW,66.32,82.65,65.3,79.59,0.0
2012-04-03 13:30:00,INDEX:NDTW,72.44,78.57,63.0,71.0,0.0
2012-04-04 13:30:00,INDEX:NDTW,53.0,53.0,36.0,48.0,0.0
2012-04-05 13:30:00,INDEX:NDTW,41.0,44.0,36.0,44.0,0.0
2012-04-09 13:30:00,INDEX:NDTW,21.0,26.0,18.0,23.0,0.0
2012-04-10 13:30:00,INDEX:NDTW,24.0,24.0,11.0,11.0,0.0
2012-04-11 13:30:00,INDEX:NDTW,18.0,23.0,18.0,21.0,0.0
2012-04-12 13:30:00,INDEX:NDTW,25.0,34.0,25.0,31.0,0.0
2012-04-13 13:30:00,INDEX:NDTW,28.0,28.0,23.0,24.0,0.0
2012-04-16 13:30:00,INDEX:NDTW,23.0,24.0,14.0,23.0,0.0
2012-04-17 13:30:00,INDEX:NDTW,33.0,42.0,29.0,40.0,0.0
2012-04-18 13:30:00,INDEX:NDTW,34.0,42.0,31.0,35.0,0.0
2012-04-19 13:30:00,INDEX:NDTW,41.0,49.0,26.0,32.0,0.0
2012-04-20 13:30:00,INDEX:NDTW,32.0,40.0,30.0,30.0,0.0
2012-04-23 13:30:00,INDEX:NDTW,19.0,24.0,18.0,24.0,0.0
2012-04-24 13:30:00,INDEX:NDTW,26.0,26.0,19.0,21.0,0.0
2012-04-25 13:30:00,INDEX:NDTW,35.0,41.0,33.0,40.0,0.0
2012-04-26 13:30:00,INDEX:NDTW,44.0,58.0,43.0,55.0,0.0
2012-04-27 13:30:00,INDEX:NDTW,54.0,58.0,52.0,55.0,0.0
2012-04-30 13:30:00,INDEX:NDTW,54.0,57.0,52.0,56.0,0.0
2012-05-01 13:30:00,INDEX:NDTW,59.0,67.0,56.12,56.12,0.0
2012-05-02 13:30:00,INDEX:NDTW,51.02,56.0,47.95,56.0,0.0
2012-05-03 13:30:00,INDEX:NDTW,52.0,56.0,46.0,47.0,0.0
2012-05-04 13:30:00,INDEX:NDTW,34.0,34.0,20.0,22.0,0.0
2012-05-07 13:30:00,INDEX:NDTW,20.0,26.0,20.0,23.0,0.0
2012-05-08 13:30:00,INDEX:NDTW,18.0,21.0,15.0,20.0,0.0
2012-05-09 13:30:00,INDEX:NDTW,14.0,20.0,14.0,18.0,0.0
2012-05-10 13:30:00,INDEX:NDTW,21.0,24.0,20.0,21.0,0.0
2012-05-11 13:30:00,INDEX:NDTW,21.0,28.0,21.0,21.0,0.0
2012-05-14 13:30:00,INDEX:NDTW,19.0,24.0,18.0,20.0,0.0
2012-05-15 13:30:00,INDEX:NDTW,20.0,27.0,19.0,20.0,0.0
2012-05-16 13:30:00,INDEX:NDTW,21.0,24.0,16.0,17.0,0.0
2012-05-17 13:30:00,INDEX:NDTW,16.0,17.0,10.0,10.0,0.0
2012-05-18 13:30:00,INDEX:NDTW,8.0,9.0,4.0,5.0,0.0
2012-05-21 13:30:00,INDEX:NDTW,4.0,11.0,4.0,11.0,0.0
2012-05-22 13:30:00,INDEX:NDTW,12.0,15.0,9.0,9.0,0.0
2012-05-23 13:30:00,INDEX:NDTW,9.0,19.0,8.0,15.0,0.0
2012-05-24 13:30:00,INDEX:NDTW,19.0,23.0,13.0,17.0,0.0
2012-05-25 13:30:00,INDEX:NDTW,23.0,27.0,18.0,24.0,0.0
2012-05-29 13:30:00,INDEX:NDTW,31.0,38.0,28.0,34.0,0.0
2012-05-30 13:30:00,INDEX:NDTW,24.0,26.0,20.0,23.0,0.0
2012-05-31 13:30:00,INDEX:NDTW,19.0,24.0,15.0,20.0,0.0
2012-06-01 13:30:00,INDEX:NDTW,12.0,14.0,6.0,6.0,0.0
2012-06-04 13:30:00,INDEX:NDTW,9.0,14.0,5.0,12.0,0.0
2012-06-05 13:30:00,INDEX:NDTW,10.0,20.0,10.0,18.0,0.0
2012-06-06 13:30:00,INDEX:NDTW,31.0,51.0,31.0,51.0,0.0
2012-06-07 13:30:00,INDEX:NDTW,70.0,70.0,48.0,48.0,0.0
2012-06-08 13:30:00,INDEX:NDTW,43.0,63.0,43.0,50.0,0.0
2012-06-11 13:30:00,INDEX:NDTW,65.0,66.0,37.0,38.0,0.0
2012-06-12 13:30:00,INDEX:NDTW,51.0,62.0,43.0,62.0,0.0
2012-06-13 13:30:00,INDEX:NDTW,57.0,67.0,51.0,51.0,0.0
2012-06-14 13:30:00,INDEX:NDTW,48.0,61.0,48.0,56.0,0.0
2012-06-15 13:30:00,INDEX:NDTW,62.0,73.0,60.0,73.0,0.0
2012-06-18 13:30:00,INDEX:NDTW,71.0,76.0,68.0,75.0,0.0
2012-06-19 13:30:00,INDEX:NDTW,80.0,86.0,80.0,84.0,0.0
2012-06-20 13:30:00,INDEX:NDTW,82.0,86.0,82.0,86.0,0.0
2012-06-21 13:30:00,INDEX:NDTW,81.0,81.0,57.0,57.0,0.0
2012-06-22 13:30:00,INDEX:NDTW,60.0,70.0,58.0,68.0,0.0
2012-06-25 13:30:00,INDEX:NDTW,54.0,54.0,44.0,48.0,0.0
2012-06-26 13:30:00,INDEX:NDTW,51.0,55.0,47.0,53.0,0.0
2012-06-27 13:30:00,INDEX:NDTW,56.0,60.0,49.0,53.0,0.0
2012-06-28 13:30:00,INDEX:NDTW,40.0,45.0,30.0,45.0,0.0
2012-06-29 13:30:00,INDEX:NDTW,69.0,80.0,69.0,80.0,0.0
2012-07-02 13:30:00,INDEX:NDTW,78.0,78.0,71.0,75.0,0.0
2012-07-03 13:30:00,INDEX:NDTW,71.0,82.0,71.0,82.0,0.0
2012-07-05 13:30:00,INDEX:NDTW,81.0,85.0,73.0,80.0,0.0
2012-07-06 13:30:00,INDEX:NDTW,68.0,68.0,50.0,56.0,0.0
2012-07-09 13:30:00,INDEX:NDTW,51.0,51.0,45.0,47.0,0.0
2012-07-10 13:30:00,INDEX:NDTW,50.0,50.0,32.0,35.0,0.0
2012-07-11 13:30:00,INDEX:NDTW,29.0,33.0,25.0,27.0,0.0
2012-07-12 13:30:00,INDEX:NDTW,20.0,27.0,14.0,24.0,0.0
2012-07-13 13:30:00,INDEX:NDTW,27.0,35.0,27.0,33.0,0.0
2012-07-16 13:30:00,INDEX:NDTW,26.0,35.0,25.0,26.0,0.0
2012-07-17 13:30:00,INDEX:NDTW,30.0,37.0,25.0,36.0,0.0
2012-07-18 13:30:00,INDEX:NDTW,39.0,64.0,39.0,61.0,0.0
2012-07-19 13:30:00,INDEX:NDTW,70.0,76.0,63.0,70.0,0.0
2012-07-20 13:30:00,INDEX:NDTW,62.0,63.0,46.0,46.0,0.0
2012-07-23 13:30:00,INDEX:NDTW,23.0,36.0,21.0,35.0,0.0
2012-07-24 13:30:00,INDEX:NDTW,33.0,33.0,20.0,22.0,0.0
2012-07-25 13:30:00,INDEX:NDTW,29.0,37.0,25.0,32.0,0.0
2012-07-26 13:30:00,INDEX:NDTW,53.0,53.0,44.0,51.0,0.0
2012-07-27 13:30:00,INDEX:NDTW,57.0,69.0,57.0,68.0,0.0
2012-07-30 13:30:00,INDEX:NDTW,69.0,71.0,59.0,64.0,0.0
2012-07-31 13:30:00,INDEX:NDTW,68.0,68.0,57.0,57.0,0.0
2012-08-01 13:30:00,INDEX:NDTW,61.0,62.0,56.0,57.0,0.0
2012-08-02 13:30:00,INDEX:NDTW,51.0,56.0,47.0,50.0,0.0
2012-08-03 13:30:00,INDEX:NDTW,71.0,74.0,71.0,72.0,0.0
2012-08-06 13:30:00,INDEX:NDTW,75.0,79.0,75.0,78.0,0.0
2012-08-07 13:30:00,INDEX:NDTW,80.0,86.0,79.0,86.0,0.0
2012-08-08 13:30:00,INDEX:NDTW,83.0,84.0,81.0,83.0,0.0
2012-08-09 13:30:00,INDEX:NDTW,81.0,82.0,78.0,80.0,0.0
2012-08-10 13:30:00,INDEX:NDTW,77.0,82.0,74.0,82.0,0.0
2012-08-13 13:30:00,INDEX:NDTW,83.0,85.0,78.0,82.0,0.0
2012-08-14 13:30:00,INDEX:NDTW,85.0,86.0,79.0,82.0,0.0
2012-08-15 13:30:00,INDEX:NDTW,83.0,87.0,83.0,86.0,0.0
2012-08-16 13:30:00,INDEX:NDTW,85.0,91.0,83.0,91.0,0.0
2012-08-17 13:30:00,INDEX:NDTW,88.0,89.0,85.0,87.0,0.0
2012-08-20 13:30:00,INDEX:NDTW,85.0,85.0,80.0,83.0,0.0
2012-08-21 13:30:00,INDEX:NDTW,83.0,84.0,79.0,79.0,0.0
2012-08-22 13:30:00,INDEX:NDTW,71.0,74.0,65.0,73.0,0.0
2012-08-23 13:30:00,INDEX:NDTW,63.0,66.0,57.0,61.0,0.0
2012-08-24 13:30:00,INDEX:NDTW,61.0,70.0,60.0,68.0,0.0
2012-08-27 13:30:00,INDEX:NDTW,61.0,69.0,61.0,64.0,0.0
2012-08-28 13:30:00,INDEX:NDTW,60.0,63.0,55.0,56.0,0.0
2012-08-29 13:30:00,INDEX:NDTW,59.0,66.0,52.0,59.0,0.0
2012-08-30 13:30:00,INDEX:NDTW,46.0,47.0,35.0,38.0,0.0
2012-08-31 13:30:00,INDEX:NDTW,48.0,56.0,41.0,51.0,0.0
2012-09-04 13:30:00,INDEX:NDTW,38.0,48.0,29.0,45.0,0.0
2012-09-05 13:30:00,INDEX:NDTW,39.0,47.0,39.0,41.0,0.0
2012-09-06 13:30:00,INDEX:NDTW,58.0,76.0,58.0,72.0,0.0
2012-09-07 13:30:00,INDEX:NDTW,73.0,75.0,71.0,73.0,0.0
2012-09-10 13:30:00,INDEX:NDTW,68.0,74.0,64.0,64.0,0.0
2012-09-11 13:30:00,INDEX:NDTW,64.0,70.0,62.0,62.0,0.0
2012-09-12 13:30:00,INDEX:NDTW,66.0,66.0,60.0,63.0,0.0
2012-09-13 13:30:00,INDEX:NDTW,59.0,73.0,58.0,73.0,0.0
2012-09-14 13:30:00,INDEX:NDTW,74.0,83.0,74.0,78.0,0.0
2012-09-17 13:30:00,INDEX:NDTW,72.0,74.0,70.0,71.0,0.0
2012-09-18 13:30:00,INDEX:NDTW,71.0,72.0,67.0,70.0,0.0
2012-09-19 13:30:00,INDEX:NDTW,65.0,73.0,65.0,71.0,0.0
2012-09-20 13:30:00,INDEX:NDTW,65.0,67.0,62.0,65.0,0.0
2012-09-21 13:30:00,INDEX:NDTW,71.0,73.0,65.0,65.0,0.0
2012-09-24 13:30:00,INDEX:NDTW,62.0,66.0,58.0,60.0,0.0
2012-09-25 13:30:00,INDEX:NDTW,60.0,62.0,46.0,46.0,0.0
2012-09-26 13:30:00,INDEX:NDTW,47.0,47.0,30.0,37.0,0.0
2012-09-27 13:30:00,INDEX:NDTW,41.0,52.0,39.0,50.0,0.0
2012-09-28 13:30:00,INDEX:NDTW,43.0,48.0,36.0,41.0,0.0
2012-10-01 13:30:00,INDEX:NDTW,47.0,55.0,37.0,41.0,0.0
2012-10-02 13:30:00,INDEX:NDTW,45.0,45.0,37.0,42.42,0.0
2012-10-03 13:30:00,INDEX:NDTW,40.4,48.48,38.38,47.47,0.0
2012-10-04 13:30:00,INDEX:NDTW,48.48,59.59,48.48,58.58,0.0
2012-10-05 13:30:00,INDEX:NDTW,63.63,73.73,53.53,55.55,0.0
2012-10-08 13:30:00,INDEX:NDTW,48.48,54.54,45.45,50.5,0.0
2012-10-09 13:30:00,INDEX:NDTW,44.44,44.44,23.23,24.24,0.0
2012-10-10 13:30:00,INDEX:NDTW,21.21,26.26,14.14,15.15,0.0
2012-10-11 13:30:00,INDEX:NDTW,23.23,27.27,19.19,20.2,0.0
2012-10-12 13:30:00,INDEX:NDTW,22.22,30.3,17.17,19.19,0.0
2012-10-15 13:30:00,INDEX:NDTW,25.25,26.26,22.22,26.26,0.0
2012-10-16 13:30:00,INDEX:NDTW,30.3,54.54,30.3,52.52,0.0
2012-10-17 13:30:00,INDEX:NDTW,46.46,55.55,46.46,51.51,0.0
2012-10-18 13:30:00,INDEX:NDTW,50.5,53.53,40.4,46.46,0.0
2012-10-19 13:30:00,INDEX:NDTW,37.37,39.39,21.21,22.22,0.0
2012-10-22 13:30:00,INDEX:NDTW,25.25,31.31,20.2,27.27,0.0
2012-10-23 13:30:00,INDEX:NDTW,17.17,24.24,17.17,22.22,0.0
2012-10-24 13:30:00,INDEX:NDTW,22.22,22.22,18.18,19.19,0.0
2012-10-25 13:30:00,INDEX:NDTW,28.28,30.3,25.25,26.26,0.0
2012-10-26 13:30:00,INDEX:NDTW,31.31,35.35,27.27,33.33,0.0
2012-10-31 13:30:00,INDEX:NDTW,37.37,37.37,26.26,31.31,0.0
2012-11-01 13:30:00,INDEX:NDTW,36.36,52.52,36.36,51.51,0.0
2012-11-02 13:30:00,INDEX:NDTW,53.53,55.55,46.46,46.46,0.0
2012-11-05 14:30:00,INDEX:NDTW,43.43,52.52,42.42,50.0,0.0
2012-11-06 14:30:00,INDEX:NDTW,55.0,62.0,54.0,58.0,0.0
2012-11-07 14:30:00,INDEX:NDTW,51.0,51.0,37.0,41.0,0.0
2012-11-08 14:30:00,INDEX:NDTW,41.0,43.0,26.0,26.0,0.0
2012-11-09 14:30:00,INDEX:NDTW,31.0,35.0,24.0,25.0,0.0
2012-11-12 14:30:00,INDEX:NDTW,27.0,29.0,24.0,25.0,0.0
2012-11-13 14:30:00,INDEX:NDTW,24.0,28.0,23.0,23.0,0.0
2012-11-14 14:30:00,INDEX:NDTW,28.0,30.0,18.0,20.0,0.0
2012-11-15 14:30:00,INDEX:NDTW,22.0,22.0,17.0,20.0,0.0
2012-11-16 14:30:00,INDEX:NDTW,18.0,24.0,17.0,24.0,0.0
2012-11-19 14:30:00,INDEX:NDTW,33.0,36.0,28.0,36.0,0.0
2012-11-20 14:30:00,INDEX:NDTW,35.0,44.0,31.0,39.0,0.0
2012-11-21 14:30:00,INDEX:NDTW,43.0,47.0,40.0,45.0,0.0
2012-11-23 14:30:00,INDEX:NDTW,59.0,68.0,58.0,68.0,0.0
2012-11-26 14:30:00,INDEX:NDTW,65.0,65.0,55.0,60.0,0.0
2012-11-27 14:30:00,INDEX:NDTW,64.0,67.0,58.0,58.0,0.0
2012-11-28 14:30:00,INDEX:NDTW,54.0,68.0,49.0,68.0,0.0
2012-11-29 14:30:00,INDEX:NDTW,77.0,78.0,72.0,77.0,0.0
2012-11-30 14:30:00,INDEX:NDTW,77.0,79.0,76.0,79.0,0.0
2012-12-03 14:30:00,INDEX:NDTW,80.0,80.0,71.0,71.0,0.0
2012-12-04 14:30:00,INDEX:NDTW,75.0,80.0,72.0,80.0,0.0
2012-12-05 14:30:00,INDEX:NDTW,78.0,78.0,70.0,76.0,0.0
2012-12-06 14:30:00,INDEX:NDTW,77.0,83.0,76.0,76.0,0.0
2012-12-07 14:30:00,INDEX:NDTW,78.0,78.0,72.0,77.0,0.0
2012-12-10 14:30:00,INDEX:NDTW,78.0,83.0,77.0,79.0,0.0
2012-12-11 14:30:00,INDEX:NDTW,86.0,89.0,84.0,87.0,0.0
2012-12-12 14:30:00,INDEX:NDTW,85.0,87.0,84.0,87.0,0.0
2012-12-13 14:30:00,INDEX:NDTW,86.0,87.0,79.0,81.0,0.0
2012-12-14 14:30:00,INDEX:NDTW,79.0,79.0,71.0,73.0,0.0
2012-12-17 14:30:00,INDEX:NDTW,74.0,83.0,70.0,80.0,0.0
2012-12-18 14:30:00,INDEX:NDTW,84.0,89.0,84.0,89.0,0.0
2012-12-19 14:30:00,INDEX:NDTW,88.0,88.0,78.0,78.0,0.0
2012-12-20 14:30:00,INDEX:NDTW,76.0,81.0,76.0,79.0,0.0
2012-12-21 14:30:00,INDEX:NDTW,60.0,65.0,54.0,65.0,0.0
2012-12-24 14:30:00,INDEX:NDTW,61.0,61.0,54.0,59.0,0.0
2012-12-26 14:30:00,INDEX:NDTW,63.0,63.0,41.0,43.0,0.0
2012-12-27 14:30:00,INDEX:NDTW,42.0,44.0,28.0,41.0,0.0
2012-12-28 14:30:00,INDEX:NDTW,32.0,38.0,25.0,25.0,0.0
2012-12-31 14:30:00,INDEX:NDTW,25.0,53.0,25.0,53.0,0.0
2013-01-02 14:30:00,INDEX:NDTW,87.0,90.0,81.0,87.0,0.0
2013-01-03 14:30:00,INDEX:NDTW,87.0,90.0,84.0,87.0,0.0
2013-01-04 14:30:00,INDEX:NDTW,90.0,91.0,87.0,88.0,0.0
2013-01-07 14:30:00,INDEX:NDTW,85.0,86.0,80.0,84.0,0.0
2013-01-08 14:30:00,INDEX:NDTW,78.0,78.0,70.0,72.0,0.0
2013-01-09 14:30:00,INDEX:NDTW,75.0,78.0,74.0,77.0,0.0
2013-01-10 14:30:00,INDEX:NDTW,82.0,82.0,75.0,80.0,0.0
2013-01-11 14:30:00,INDEX:NDTW,83.0,83.0,78.0,78.0,0.0
2013-01-14 14:30:00,INDEX:NDTW,81.0,81.0,76.0,78.78,0.0
2013-01-15 14:30:00,INDEX:NDTW,67.67,78.78,67.67,77.77,0.0
2013-01-16 14:30:00,INDEX:NDTW,73.73,77.77,70.7,75.75,0.0
2013-01-17 14:30:00,INDEX:NDTW,81.81,84.84,78.78,83.83,0.0
2013-01-18 14:30:00,INDEX:NDTW,84.84,84.84,78.78,82.82,0.0
2013-01-22 14:30:00,INDEX:NDTW,82.0,84.0,79.0,84.0,0.0
2013-01-23 14:30:00,INDEX:NDTW,87.0,88.0,84.0,88.0,0.0
2013-01-24 14:30:00,INDEX:NDTW,86.0,88.0,84.0,85.0,0.0
2013-01-25 14:30:00,INDEX:NDTW,87.0,87.0,82.0,85.0,0.0
2013-01-28 14:30:00,INDEX:NDTW,84.0,86.0,82.0,83.0,0.0
2013-01-29 14:30:00,INDEX:NDTW,79.0,85.0,77.0,79.0,0.0
2013-01-30 14:30:00,INDEX:NDTW,80.0,81.0,72.0,74.0,0.0
2013-01-31 14:30:00,INDEX:NDTW,77.0,77.0,68.0,71.0,0.0
2013-02-01 14:30:00,INDEX:NDTW,75.0,85.0,75.0,81.0,0.0
2013-02-04 14:30:00,INDEX:NDTW,79.0,79.0,73.0,73.0,0.0
2013-02-05 14:30:00,INDEX:NDTW,73.0,84.0,73.0,81.0,0.0
2013-02-06 14:30:00,INDEX:NDTW,74.0,79.0,71.0,73.0,0.0
2013-02-07 14:30:00,INDEX:NDTW,68.0,68.0,54.0,66.0,0.0
2013-02-08 14:30:00,INDEX:NDTW,76.0,77.0,72.0,72.0,0.0
2013-02-11 14:30:00,INDEX:NDTW,72.0,72.0,66.0,68.0,0.0
2013-02-12 14:30:00,INDEX:NDTW,67.0,67.0,61.0,62.0,0.0
2013-02-13 14:30:00,INDEX:NDTW,66.0,71.0,60.0,68.0,0.0
2013-02-14 14:30:00,INDEX:NDTW,59.0,67.0,59.0,65.0,0.0
2013-02-15 14:30:00,INDEX:NDTW,67.0,70.0,58.0,64.0,0.0
2013-02-19 14:30:00,INDEX:NDTW,70.0,72.0,63.0,70.0,0.0
2013-02-20 14:30:00,INDEX:NDTW,66.0,69.0,45.0,45.0,0.0
2013-02-21 14:30:00,INDEX:NDTW,32.0,35.0,22.0,30.0,0.0
2013-02-22 14:30:00,INDEX:NDTW,37.0,45.0,35.0,45.0,0.0
2013-02-25 14:30:00,INDEX:NDTW,53.0,54.0,26.0,26.0,0.0
2013-02-26 14:30:00,INDEX:NDTW,34.0,38.0,25.0,34.0,0.0
2013-02-27 14:30:00,INDEX:NDTW,39.0,56.0,38.0,49.0,0.0
2013-02-28 14:30:00,INDEX:NDTW,53.0,58.0,47.0,49.0,0.0
2013-03-01 14:30:00,INDEX:NDTW,35.0,57.0,35.0,54.0,0.0
2013-03-04 14:30:00,INDEX:NDTW,56.0,61.0,50.0,61.0,0.0
2013-03-05 14:30:00,INDEX:NDTW,72.0,79.0,71.0,77.0,0.0
2013-03-06 14:30:00,INDEX:NDTW,79.0,79.0,74.0,75.0,0.0
2013-03-07 14:30:00,INDEX:NDTW,79.0,79.0,71.0,73.0,0.0
2013-03-08 14:30:00,INDEX:NDTW,74.0,79.0,72.0,77.0,0.0
2013-03-11 13:30:00,INDEX:NDTW,77.0,77.0,72.0,77.0,0.0
2013-03-12 13:30:00,INDEX:NDTW,78.0,78.0,73.0,77.0,0.0
2013-03-13 13:30:00,INDEX:NDTW,75.0,80.0,74.0,79.0,0.0
2013-03-14 13:30:00,INDEX:NDTW,82.0,83.0,81.0,83.0,0.0
2013-03-15 13:30:00,INDEX:NDTW,78.0,78.0,73.0,74.0,0.0
2013-03-18 13:30:00,INDEX:NDTW,62.0,67.0,59.0,59.0,0.0
2013-03-19 13:30:00,INDEX:NDTW,67.0,67.0,50.0,61.0,0.0
2013-03-20 13:30:00,INDEX:NDTW,67.0,71.0,67.0,68.0,0.0
2013-03-21 13:30:00,INDEX:NDTW,60.0,60.0,53.0,55.0,0.0
2013-03-22 13:30:00,INDEX:NDTW,60.0,62.0,57.0,60.0,0.0
2013-03-25 13:30:00,INDEX:NDTW,59.0,62.0,46.0,51.0,0.0
2013-03-26 13:30:00,INDEX:NDTW,58.0,64.0,55.0,64.0,0.0
2013-03-27 13:30:00,INDEX:NDTW,50.0,65.0,49.0,64.0,0.0
2013-03-28 13:30:00,INDEX:NDTW,64.0,74.0,61.0,72.0,0.0
2013-04-01 13:30:00,INDEX:NDTW,68.0,68.0,48.0,51.0,0.0
2013-04-02 13:30:00,INDEX:NDTW,61.0,62.0,52.0,55.0,0.0
2013-04-03 13:30:00,INDEX:NDTW,53.0,55.0,39.0,42.0,0.0
2013-04-04 13:30:00,INDEX:NDTW,47.0,47.0,38.0,45.0,0.0
2013-04-05 13:30:00,INDEX:NDTW,25.0,40.0,25.0,40.0,0.0
2013-04-08 13:30:00,INDEX:NDTW,38.0,49.0,38.0,49.0,0.0
2013-04-09 13:30:00,INDEX:NDTW,49.0,61.0,43.0,55.0,0.0
2013-04-10 13:30:00,INDEX:NDTW,67.0,83.0,67.0,79.0,0.0
2013-04-11 13:30:00,INDEX:NDTW,80.0,82.0,75.0,78.0,0.0
2013-04-12 13:30:00,INDEX:NDTW,76.0,76.0,71.0,75.0,0.0
2013-04-15 13:30:00,INDEX:NDTW,71.0,71.0,41.0,41.0,0.0
2013-04-16 13:30:00,INDEX:NDTW,48.0,61.0,47.0,60.0,0.0
2013-04-17 13:30:00,INDEX:NDTW,48.0,48.0,34.0,43.0,0.0
2013-04-18 13:30:00,INDEX:NDTW,31.0,36.0,20.0,23.0,0.0
2013-04-19 13:30:00,INDEX:NDTW,22.0,36.0,22.0,35.0,0.0
2013-04-22 13:30:00,INDEX:NDTW,31.0,45.0,28.0,39.0,0.0
2013-04-23 13:30:00,INDEX:NDTW,52.0,58.0,48.0,57.0,0.0
2013-04-24 13:30:00,INDEX:NDTW,63.0,63.0,59.0,60.0,0.0
2013-04-25 13:30:00,INDEX:NDTW,65.0,73.0,65.0,69.0,0.0
2013-04-26 13:30:00,INDEX:NDTW,67.0,69.0,61.0,65.0,0.0
2013-04-29 13:30:00,INDEX:NDTW,71.0,73.0,65.0,68.0,0.0
2013-04-30 13:30:00,INDEX:NDTW,63.0,73.0,63.0,73.0,0.0
2013-05-01 13:30:00,INDEX:NDTW,69.0,75.0,66.0,69.0,0.0
2013-05-02 13:30:00,INDEX:NDTW,71.0,78.0,70.0,74.0,0.0
2013-05-03 13:30:00,INDEX:NDTW,82.0,84.0,82.0,82.0,0.0
2013-05-06 13:30:00,INDEX:NDTW,80.0,86.0,80.0,82.0,0.0
2013-05-07 13:30:00,INDEX:NDTW,82.0,83.0,80.0,81.0,0.0
2013-05-08 13:30:00,INDEX:NDTW,82.0,86.0,80.0,85.0,0.0
2013-05-09 13:30:00,INDEX:NDTW,80.0,86.0,77.0,83.0,0.0
2013-05-10 13:30:00,INDEX:NDTW,83.0,88.0,80.0,88.0,0.0
2013-05-13 13:30:00,INDEX:NDTW,83.0,85.0,80.0,80.0,0.0
2013-05-14 13:30:00,INDEX:NDTW,86.0,89.0,85.0,88.0,0.0
2013-05-15 13:30:00,INDEX:NDTW,88.0,88.0,86.0,88.0,0.0
2013-05-16 13:30:00,INDEX:NDTW,88.0,88.0,82.0,83.0,0.0
2013-05-17 13:30:00,INDEX:NDTW,78.0,86.0,77.0,86.0,0.0
2013-05-20 13:30:00,INDEX:NDTW,79.0,80.0,71.0,74.0,0.0
2013-05-21 13:30:00,INDEX:NDTW,78.0,82.0,75.0,79.0,0.0
2013-05-22 13:30:00,INDEX:NDTW,81.0,88.0,62.0,68.0,0.0
2013-05-23 13:30:00,INDEX:NDTW,53.0,65.0,52.0,60.0,0.0
2013-05-24 13:30:00,INDEX:NDTW,48.0,58.0,42.0,58.0,0.0
2013-05-28 13:30:00,INDEX:NDTW,76.0,79.0,62.0,64.0,0.0
2013-05-29 13:30:00,INDEX:NDTW,47.0,57.0,44.0,50.0,0.0
2013-05-30 13:30:00,INDEX:NDTW,53.0,63.0,53.0,55.0,0.0
2013-05-31 13:30:00,INDEX:NDTW,49.0,58.0,36.0,36.0,0.0
2013-06-03 13:30:00,INDEX:NDTW,34.0,39.0,25.0,39.0,0.0
2013-06-04 13:30:00,INDEX:NDTW,46.0,46.0,28.0,35.0,0.0
2013-06-05 13:30:00,INDEX:NDTW,30.0,31.0,21.0,21.0,0.0
2013-06-06 13:30:00,INDEX:NDTW,22.0,24.0,20.0,24.0,0.0
2013-06-07 13:30:00,INDEX:NDTW,31.0,43.0,31.0,43.0,0.0
2013-06-10 13:30:00,INDEX:NDTW,41.0,47.0,37.0,41.0,0.0
2013-06-11 13:30:00,INDEX:NDTW,30.0,41.0,27.0,27.27,0.0
2013-06-12 13:30:00,INDEX:NDTW,32.32,32.32,21.21,22.22,0.0
2013-06-13 13:30:00,INDEX:NDTW,18.18,38.38,18.18,36.36,0.0
2013-06-14 13:30:00,INDEX:NDTW,37.37,44.44,28.28,28.28,0.0
2013-06-17 13:30:00,INDEX:NDTW,44.44,56.56,37.37,48.48,0.0
2013-06-18 13:30:00,INDEX:NDTW,56.56,68.68,56.56,67.67,0.0
2013-06-19 13:30:00,INDEX:NDTW,67.67,71.71,47.47,47.47,0.0
2013-06-20 13:30:00,INDEX:NDTW,22.22,25.25,14.14,17.17,0.0
2013-06-21 13:30:00,INDEX:NDTW,21.21,21.21,6.06,16.16,0.0
2013-06-24 13:30:00,INDEX:NDTW,6.06,14.14,2.02,6.06,0.0
2013-06-25 13:30:00,INDEX:NDTW,19.19,23.23,8.08,16.16,0.0
2013-06-26 13:30:00,INDEX:NDTW,30.3,37.37,24.24,34.34,0.0
2013-06-27 13:30:00,INDEX:NDTW,51.51,60.6,50.5,53.53,0.0
2013-06-28 13:30:00,INDEX:NDTW,53.53,67.67,46.46,56.56,0.0
2013-07-01 13:30:00,INDEX:NDTW,68.68,77.0,64.0,65.0,0.0
2013-07-02 13:30:00,INDEX:NDTW,69.0,73.0,57.0,66.0,0.0
2013-07-03 13:30:00,INDEX:NDTW,57.0,74.0,57.0,68.0,0.0
2013-07-05 13:30:00,INDEX:NDTW,77.0,78.0,67.0,76.0,0.0
2013-07-08 13:30:00,INDEX:NDTW,82.0,84.0,73.0,74.0,0.0
2013-07-09 13:30:00,INDEX:NDTW,83.0,86.0,80.0,83.0,0.0
2013-07-10 13:30:00,INDEX:NDTW,85.0,86.0,83.0,86.0,0.0
2013-07-11 13:30:00,INDEX:NDTW,91.0,96.0,89.0,95.0,0.0
2013-07-12 13:30:00,INDEX:NDTW,95.0,95.0,93.0,94.0,0.0
2013-07-15 13:30:00,INDEX:NDTW,96.0,96.0,93.0,95.0,0.0
2013-07-16 13:30:00,INDEX:NDTW,96.0,96.0,96.0,96.0,0.0
2013-07-17 13:30:00,INDEX:NDTW,94.0,95.0,94.0,94.0,0.0
2013-07-18 13:30:00,INDEX:NDTW,93.0,94.0,90.0,92.0,0.0
2013-07-19 13:30:00,INDEX:NDTW,91.0,91.0,87.0,90.0,0.0
2013-07-22 13:30:00,INDEX:NDTW,89.0,92.0,89.0,90.0,0.0
2013-07-23 13:30:00,INDEX:NDTW,91.0,91.0,86.0,86.0,0.0
2013-07-24 13:30:00,INDEX:NDTW,86.0,87.0,79.0,79.0,0.0
2013-07-25 13:30:00,INDEX:NDTW,76.0,80.0,75.0,80.0,0.0
2013-07-26 13:30:00,INDEX:NDTW,67.0,76.0,62.0,76.0,0.0
2013-07-29 13:30:00,INDEX:NDTW,74.0,74.0,66.0,66.0,0.0
2013-07-30 13:30:00,INDEX:NDTW,66.0,72.0,66.0,70.0,0.0
2013-07-31 13:30:00,INDEX:NDTW,72.0,76.0,67.0,69.0,0.0
2013-08-01 13:30:00,INDEX:NDTW,74.0,77.0,74.0,77.0,0.0
2013-08-02 13:30:00,INDEX:NDTW,72.0,75.0,72.0,75.0,0.0
2013-08-05 13:30:00,INDEX:NDTW,67.0,71.0,67.0,70.0,0.0
2013-08-06 13:30:00,INDEX:NDTW,65.0,67.0,61.0,65.0,0.0
2013-08-07 13:30:00,INDEX:NDTW,62.0,62.0,53.0,59.0,0.0
2013-08-08 13:30:00,INDEX:NDTW,61.0,66.0,55.0,63.0,0.0
2013-08-09 13:30:00,INDEX:NDTW,62.0,62.0,53.0,61.0,0.0
2013-08-12 13:30:00,INDEX:NDTW,58.0,65.0,57.0,60.0,0.0
2013-08-13 13:30:00,INDEX:NDTW,59.0,65.0,54.0,61.0,0.0
2013-08-14 13:30:00,INDEX:NDTW,54.0,56.0,51.0,52.0,0.0
2013-08-15 13:30:00,INDEX:NDTW,35.0,35.0,26.0,29.0,0.0
2013-08-16 13:30:00,INDEX:NDTW,26.0,28.0,25.0,26.0,0.0
2013-08-19 13:30:00,INDEX:NDTW,23.0,26.0,17.0,17.0,0.0
2013-08-20 13:30:00,INDEX:NDTW,15.0,26.0,15.0,21.0,0.0
2013-08-21 13:30:00,INDEX:NDTW,23.0,31.0,14.0,16.0,0.0
2013-08-22 13:30:00,INDEX:NDTW,27.0,34.0,24.0,34.0,0.0
2013-08-23 13:30:00,INDEX:NDTW,33.0,38.0,29.0,37.0,0.0
2013-08-26 13:30:00,INDEX:NDTW,33.0,40.0,27.0,28.0,0.0
2013-08-27 13:30:00,INDEX:NDTW,22.0,22.0,13.0,15.0,0.0
2013-08-28 13:30:00,INDEX:NDTW,18.0,23.0,16.0,20.0,0.0
2013-08-29 13:30:00,INDEX:NDTW,25.0,35.0,24.0,26.0,0.0
2013-08-30 13:30:00,INDEX:NDTW,26.0,27.0,20.0,21.0,0.0
2013-09-03 13:30:00,INDEX:NDTW,50.0,55.0,32.0,38.0,0.0
2013-09-04 13:30:00,INDEX:NDTW,43.0,67.0,43.0,63.0,0.0
2013-09-05 13:30:00,INDEX:NDTW,68.0,71.0,64.0,66.0,0.0
2013-09-06 13:30:00,INDEX:NDTW,67.0,75.0,52.0,65.0,0.0
2013-09-09 13:30:00,INDEX:NDTW,74.0,83.0,70.0,80.0,0.0
2013-09-10 13:30:00,INDEX:NDTW,88.0,91.0,88.0,90.0,0.0
2013-09-11 13:30:00,INDEX:NDTW,91.0,92.0,89.0,91.0,0.0
2013-09-12 13:30:00,INDEX:NDTW,91.0,93.0,89.89,89.89,0.0
2013-09-13 13:30:00,INDEX:NDTW,93.93,93.93,87.87,90.9,0.0
2013-09-16 13:30:00,INDEX:NDTW,93.93,94.94,89.89,91.91,0.0
2013-09-17 13:30:00,INDEX:NDTW,91.91,94.94,91.91,93.93,0.0
2013-09-18 13:30:00,INDEX:NDTW,91.91,93.93,88.88,92.92,0.0
2013-09-19 13:30:00,INDEX:NDTW,91.91,93.93,90.9,92.92,0.0
2013-09-20 13:30:00,INDEX:NDTW,90.9,91.91,88.88,89.89,0.0
2013-09-23 13:30:00,INDEX:NDTW,90.9,90.9,85.85,90.9,0.0
2013-09-24 13:30:00,INDEX:NDTW,83.83,87.87,80.8,81.81,0.0
2013-09-25 13:30:00,INDEX:NDTW,77.77,85.85,71.71,72.72,0.0
2013-09-26 13:30:00,INDEX:NDTW,80.8,84.84,72.72,76.76,0.0
2013-09-27 13:30:00,INDEX:NDTW,67.67,68.68,63.63,65.65,0.0
2013-09-30 13:30:00,INDEX:NDTW,50.5,61.61,49.49,61.61,0.0
2013-10-01 13:30:00,INDEX:NDTW,61.61,66.66,57.57,63.63,0.0
2013-10-02 13:30:00,INDEX:NDTW,54.54,59.0,51.51,59.0,0.0
2013-10-03 13:30:00,INDEX:NDTW,55.0,55.0,37.0,41.0,0.0
2013-10-04 13:30:00,INDEX:NDTW,45.0,58.0,45.0,54.0,0.0
2013-10-07 13:30:00,INDEX:NDTW,41.0,55.0,41.0,43.0,0.0
2013-10-08 13:30:00,INDEX:NDTW,40.0,43.0,18.0,18.0,0.0
2013-10-09 13:30:00,INDEX:NDTW,16.0,19.0,8.0,14.0,0.0
2013-10-10 13:30:00,INDEX:NDTW,32.0,42.0,31.0,42.0,0.0
2013-10-11 13:30:00,INDEX:NDTW,44.0,60.0,43.0,58.0,0.0
2013-10-14 13:30:00,INDEX:NDTW,49.0,68.0,48.0,68.0,0.0
2013-10-15 13:30:00,INDEX:NDTW,53.0,66.0,53.0,53.0,0.0
2013-10-16 13:30:00,INDEX:NDTW,63.0,77.0,63.0,73.0,0.0
2013-10-17 13:30:00,INDEX:NDTW,71.0,77.0,70.0,77.0,0.0
2013-10-18 13:30:00,INDEX:NDTW,80.0,81.0,78.0,78.0,0.0
2013-10-21 13:30:00,INDEX:NDTW,79.0,79.0,78.0,78.0,0.0
2013-10-22 13:30:00,INDEX:NDTW,81.0,85.0,77.0,82.0,0.0
2013-10-23 13:30:00,INDEX:NDTW,73.0,73.0,65.0,66.0,0.0
2013-10-24 13:30:00,INDEX:NDTW,68.0,72.0,67.0,69.0,0.0
2013-10-25 13:30:00,INDEX:NDTW,67.0,71.0,65.0,71.0,0.0
2013-10-28 13:30:00,INDEX:NDTW,72.0,73.0,66.0,67.0,0.0
2013-10-29 13:30:00,INDEX:NDTW,73.0,75.0,68.0,74.0,0.0
2013-10-30 13:30:00,INDEX:NDTW,75.0,75.0,62.0,68.0,0.0
2013-10-31 13:30:00,INDEX:NDTW,67.0,70.0,63.0,64.64,0.0
2013-11-01 13:30:00,INDEX:NDTW,69.69,70.7,54.54,64.64,0.0
2013-11-04 14:30:00,INDEX:NDTW,66.66,66.66,60.6,63.63,0.0
2013-11-05 14:30:00,INDEX:NDTW,52.52,67.67,51.51,63.63,0.0
2013-11-06 14:30:00,INDEX:NDTW,61.61,63.63,53.53,55.55,0.0
2013-11-07 14:30:00,INDEX:NDTW,54.54,54.54,30.3,33.33,0.0
2013-11-08 14:30:00,INDEX:NDTW,35.35,49.49,33.33,49.49,0.0
2013-11-11 14:30:00,INDEX:NDTW,44.44,50.5,43.43,46.46,0.0
2013-11-12 14:30:00,INDEX:NDTW,44.44,51.51,44.44,47.47,0.0
2013-11-13 14:30:00,INDEX:NDTW,41.41,57.57,41.41,57.57,0.0
2013-11-14 14:30:00,INDEX:NDTW,57.57,66.66,55.55,64.64,0.0
2013-11-15 14:30:00,INDEX:NDTW,66.66,69.69,63.63,69.69,0.0
2013-11-18 14:30:00,INDEX:NDTW,71.71,73.73,55.55,56.56,0.0
2013-11-19 14:30:00,INDEX:NDTW,54.54,61.61,49.49,50.5,0.0
2013-11-20 14:30:00,INDEX:NDTW,50.5,55.55,43.43,45.45,0.0
2013-11-21 14:30:00,INDEX:NDTW,53.53,58.58,52.52,55.55,0.0
2013-11-22 14:30:00,INDEX:NDTW,54.54,62.62,54.54,62.62,0.0
2013-11-25 14:30:00,INDEX:NDTW,66.66,68.68,59.59,59.59,0.0
2013-11-26 14:30:00,INDEX:NDTW,60.6,70.7,58.58,67.67,0.0
2013-11-27 14:30:00,INDEX:NDTW,61.61,68.68,61.61,67.67,0.0
2013-11-29 14:30:00,INDEX:NDTW,71.71,72.72,68.68,68.68,0.0
2013-12-02 14:30:00,INDEX:NDTW,67.67,76.76,64.64,66.66,0.0
2013-12-03 14:30:00,INDEX:NDTW,63.63,68.68,58.58,63.63,0.0
2013-12-04 14:30:00,INDEX:NDTW,57.57,62.62,45.45,57.57,0.0
2013-12-05 14:30:00,INDEX:NDTW,52.52,57.57,47.47,51.51,0.0
2013-12-06 14:30:00,INDEX:NDTW,60.6,67.67,55.55,65.65,0.0
2013-12-09 14:30:00,INDEX:NDTW,64.64,68.68,60.6,63.63,0.0
2013-12-10 14:30:00,INDEX:NDTW,59.59,66.66,58.58,63.63,0.0
2013-12-11 14:30:00,INDEX:NDTW,62.62,62.62,44.44,44.44,0.0
2013-12-12 14:30:00,INDEX:NDTW,43.43,43.43,36.36,36.36,0.0
2013-12-13 14:30:00,INDEX:NDTW,42.42,44.44,35.35,40.4,0.0
2013-12-16 14:30:00,INDEX:NDTW,50.5,55.55,42.42,44.44,0.0
2013-12-17 14:30:00,INDEX:NDTW,38.38,49.49,37.37,46.46,0.0
2013-12-18 14:30:00,INDEX:NDTW,51.51,68.68,39.39,68.68,0.0
2013-12-19 14:30:00,INDEX:NDTW,62.62,65.65,58.58,62.62,0.0
2013-12-20 14:30:00,INDEX:NDTW,69.69,74.74,69.69,72.72,0.0
2013-12-23 14:30:00,INDEX:NDTW,78.78,82.0,76.76,82.0,0.0
2013-12-24 14:30:00,INDEX:NDTW,80.0,82.0,79.0,81.0,0.0
2013-12-26 14:30:00,INDEX:NDTW,85.0,87.0,82.0,84.0,0.0
2013-12-27 14:30:00,INDEX:NDTW,87.0,89.0,85.0,85.0,0.0
2013-12-30 14:30:00,INDEX:NDTW,85.0,89.0,84.0,88.0,0.0
2013-12-31 14:30:00,INDEX:NDTW,87.0,93.0,86.0,89.0,0.0
2014-01-02 14:30:00,INDEX:NDTW,83.0,83.0,75.0,77.0,0.0
2014-01-03 14:30:00,INDEX:NDTW,79.0,81.0,76.0,78.0,0.0
2014-01-06 14:30:00,INDEX:NDTW,74.0,74.0,58.0,60.0,0.0
2014-01-07 14:30:00,INDEX:NDTW,68.0,78.0,68.0,77.0,0.0
2014-01-08 14:30:00,INDEX:NDTW,75.0,81.0,75.0,80.0,0.0
2014-01-09 14:30:00,INDEX:NDTW,77.0,77.0,68.0,72.0,0.0
2014-01-10 14:30:00,INDEX:NDTW,78.0,78.0,65.0,74.0,0.0
2014-01-13 14:30:00,INDEX:NDTW,71.0,71.0,37.0,44.0,0.0
2014-01-14 14:30:00,INDEX:NDTW,48.0,70.0,46.0,68.0,0.0
2014-01-15 14:30:00,INDEX:NDTW,70.0,75.0,70.0,75.0,0.0
2014-01-16 14:30:00,INDEX:NDTW,68.0,72.0,67.0,71.0,0.0
2014-01-17 14:30:00,INDEX:NDTW,64.0,71.0,60.0,63.0,0.0
2014-01-21 14:30:00,INDEX:NDTW,68.0,70.0,61.0,66.0,0.0
2014-01-22 14:30:00,INDEX:NDTW,68.0,73.0,66.0,71.0,0.0
2014-01-23 14:30:00,INDEX:NDTW,63.0,63.0,54.0,61.0,0.0
2014-01-24 14:30:00,INDEX:NDTW,46.0,48.0,30.0,30.0,0.0
2014-01-27 14:30:00,INDEX:NDTW,32.0,32.0,16.0,23.0,0.0
2014-01-28 14:30:00,INDEX:NDTW,26.0,29.0,24.0,28.0,0.0
2014-01-29 14:30:00,INDEX:NDTW,25.0,31.0,21.0,22.0,0.0
2014-01-30 14:30:00,INDEX:NDTW,32.0,45.0,29.0,41.0,0.0
2014-01-31 14:30:00,INDEX:NDTW,33.0,42.0,30.0,36.0,0.0
2014-02-03 14:30:00,INDEX:NDTW,37.0,37.0,15.0,18.0,0.0
2014-02-04 14:30:00,INDEX:NDTW,19.0,27.0,19.0,25.0,0.0
2014-02-05 14:30:00,INDEX:NDTW,21.0,27.0,15.0,22.0,0.0
2014-02-06 14:30:00,INDEX:NDTW,30.0,34.0,29.0,33.0,0.0
2014-02-07 14:30:00,INDEX:NDTW,40.0,56.0,34.0,53.0,0.0
2014-02-10 14:30:00,INDEX:NDTW,56.0,62.0,52.0,60.0,0.0
2014-02-11 14:30:00,INDEX:NDTW,66.0,74.0,65.0,72.0,0.0
2014-02-12 14:30:00,INDEX:NDTW,77.0,78.0,72.0,76.0,0.0
2014-02-13 14:30:00,INDEX:NDTW,73.0,77.0,73.0,76.0,0.0
2014-02-14 14:30:00,INDEX:NDTW,77.0,84.0,77.0,82.0,0.0
2014-02-18 14:30:00,INDEX:NDTW,86.0,86.0,82.0,85.0,0.0
2014-02-19 14:30:00,INDEX:NDTW,85.0,87.0,80.0,82.0,0.0
2014-02-20 14:30:00,INDEX:NDTW,83.0,87.0,81.0,86.0,0.0
2014-02-21 14:30:00,INDEX:NDTW,87.0,88.0,80.0,80.0,0.0
2014-02-24 14:30:00,INDEX:NDTW,87.0,91.0,87.0,87.0,0.0
2014-02-25 14:30:00,INDEX:NDTW,86.0,87.0,84.0,84.0,0.0
2014-02-26 14:30:00,INDEX:NDTW,87.0,88.0,84.0,84.0,0.0
2014-02-27 14:30:00,INDEX:NDTW,84.0,86.0,82.0,86.0,0.0
2014-02-28 14:30:00,INDEX:NDTW,85.0,88.0,82.0,86.0,0.0
2014-03-03 14:30:00,INDEX:NDTW,81.0,82.0,74.0,78.0,0.0
2014-03-04 14:30:00,INDEX:NDTW,84.0,86.0,83.0,86.0,0.0
2014-03-05 14:30:00,INDEX:NDTW,82.0,84.0,79.0,81.0,0.0
2014-03-06 14:30:00,INDEX:NDTW,79.0,79.0,72.0,75.0,0.0
2014-03-07 14:30:00,INDEX:NDTW,71.0,73.0,63.0,67.0,0.0
2014-03-10 13:30:00,INDEX:NDTW,62.0,66.0,57.0,65.0,0.0
2014-03-11 13:30:00,INDEX:NDTW,66.0,72.0,52.0,55.0,0.0
2014-03-12 13:30:00,INDEX:NDTW,49.0,63.0,48.0,63.0,0.0
2014-03-13 13:30:00,INDEX:NDTW,58.0,59.0,30.0,33.0,0.0
2014-03-14 13:30:00,INDEX:NDTW,34.0,38.0,27.0,29.0,0.0
2014-03-17 13:30:00,INDEX:NDTW,48.0,51.0,43.0,43.0,0.0
2014-03-18 13:30:00,INDEX:NDTW,47.0,58.0,46.0,55.0,0.0
2014-03-19 13:30:00,INDEX:NDTW,51.0,56.0,46.0,50.0,0.0
2014-03-20 13:30:00,INDEX:NDTW,45.0,55.0,43.0,50.0,0.0
2014-03-21 13:30:00,INDEX:NDTW,54.0,54.0,36.0,38.0,0.0
2014-03-24 13:30:00,INDEX:NDTW,34.0,34.0,24.0,27.0,0.0
2014-03-25 13:30:00,INDEX:NDTW,32.0,33.0,27.0,28.0,0.0
2014-03-26 13:30:00,INDEX:NDTW,33.0,33.0,24.0,24.0,0.0
2014-03-27 13:30:00,INDEX:NDTW,21.0,24.0,19.0,20.0,0.0
2014-03-28 13:30:00,INDEX:NDTW,27.0,31.0,24.0,26.0,0.0
2014-03-31 13:30:00,INDEX:NDTW,31.0,36.0,31.0,34.0,0.0
2014-04-01 13:30:00,INDEX:NDTW,39.0,51.0,39.0,51.0,0.0
2014-04-02 13:30:00,INDEX:NDTW,58.0,62.0,55.0,62.0,0.0
2014-04-03 13:30:00,INDEX:NDTW,62.0,62.0,46.0,52.0,0.0
2014-04-04 13:30:00,INDEX:NDTW,52.0,53.0,31.0,31.0,0.0
2014-04-07 13:30:00,INDEX:NDTW,21.0,28.0,18.0,20.0,0.0
2014-04-08 13:30:00,INDEX:NDTW,23.0,27.0,20.0,25.0,0.0
2014-04-09 13:30:00,INDEX:NDTW,28.0,38.0,26.0,37.0,0.0
2014-04-10 13:30:00,INDEX:NDTW,35.0,35.0,10.0,10.0,0.0
2014-04-11 13:30:00,INDEX:NDTW,13.0,13.0,6.0,6.0,0.0
2014-04-14 13:30:00,INDEX:NDTW,7.0,15.0,7.0,13.0,0.0
2014-04-15 13:30:00,INDEX:NDTW,17.0,17.0,7.0,15.0,0.0
2014-04-16 13:30:00,INDEX:NDTW,25.0,28.0,14.0,28.0,0.0
2014-04-17 13:30:00,INDEX:NDTW,38.0,43.0,30.0,39.0,0.0
2014-04-21 13:30:00,INDEX:NDTW,41.0,48.0,33.0,48.0,0.0
2014-04-22 13:30:00,INDEX:NDTW,50.0,67.0,50.0,64.0,0.0
2014-04-23 13:30:00,INDEX:NDTW,61.0,62.0,54.0,56.0,0.0
2014-04-24 13:30:00,INDEX:NDTW,51.0,60.0,44.0,52.0,0.0
2014-04-25 13:30:00,INDEX:NDTW,42.0,42.0,28.0,31.0,0.0
2014-04-28 13:30:00,INDEX:NDTW,32.0,38.0,20.0,27.0,0.0
2014-04-29 13:30:00,INDEX:NDTW,34.0,39.0,28.0,37.0,0.0
2014-04-30 13:30:00,INDEX:NDTW,34.0,51.0,34.0,51.0,0.0
2014-05-01 13:30:00,INDEX:NDTW,60.0,68.0,51.0,56.0,0.0
2014-05-02 13:30:00,INDEX:NDTW,64.0,66.0,54.0,54.0,0.0
2014-05-05 13:30:00,INDEX:NDTW,49.0,64.0,49.0,63.0,0.0
2014-05-06 13:30:00,INDEX:NDTW,53.0,60.0,40.0,42.0,0.0
2014-05-07 13:30:00,INDEX:NDTW,42.0,42.0,33.0,37.0,0.0
2014-05-08 13:30:00,INDEX:NDTW,47.0,58.0,40.0,44.0,0.0
2014-05-09 13:30:00,INDEX:NDTW,37.0,50.0,37.0,47.0,0.0
2014-05-12 13:30:00,INDEX:NDTW,58.0,71.0,58.0,70.0,0.0
2014-05-13 13:30:00,INDEX:NDTW,66.0,68.0,57.0,60.0,0.0
2014-05-14 13:30:00,INDEX:NDTW,53.0,58.0,44.0,47.0,0.0
2014-05-15 13:30:00,INDEX:NDTW,41.0,41.0,25.0,35.0,0.0
2014-05-16 13:30:00,INDEX:NDTW,33.0,51.0,29.0,46.0,0.0
2014-05-19 13:30:00,INDEX:NDTW,54.0,64.0,50.0,62.0,0.0
2014-05-20 13:30:00,INDEX:NDTW,54.0,62.0,46.0,48.0,0.0
2014-05-21 13:30:00,INDEX:NDTW,61.0,67.0,57.0,63.0,0.0
2014-05-22 13:30:00,INDEX:NDTW,72.0,75.0,69.0,73.0,0.0
2014-05-23 13:30:00,INDEX:NDTW,73.0,84.0,73.0,84.0,0.0
2014-05-27 13:30:00,INDEX:NDTW,83.0,86.0,82.0,85.0,0.0
2014-05-28 13:30:00,INDEX:NDTW,84.0,85.0,80.0,80.0,0.0
2014-05-29 13:30:00,INDEX:NDTW,84.0,85.0,83.0,85.0,0.0
2014-05-30 13:30:00,INDEX:NDTW,84.0,87.0,82.0,85.0,0.0
2014-06-02 13:30:00,INDEX:NDTW,86.0,87.0,83.0,87.0,0.0
2014-06-03 13:30:00,INDEX:NDTW,84.0,85.0,81.0,84.0,0.0
2014-06-04 13:30:00,INDEX:NDTW,79.0,85.0,79.0,84.0,0.0
2014-06-05 13:30:00,INDEX:NDTW,83.0,87.0,78.0,87.0,0.0
2014-06-06 13:30:00,INDEX:NDTW,89.0,91.0,89.0,90.0,0.0
2014-06-09 13:30:00,INDEX:NDTW,90.0,91.0,86.0,86.0,0.0
2014-06-10 13:30:00,INDEX:NDTW,85.0,87.0,82.0,84.0,0.0
2014-06-11 13:30:00,INDEX:NDTW,81.0,83.0,78.0,82.0,0.0
2014-06-12 13:30:00,INDEX:NDTW,78.0,80.0,68.0,73.0,0.0
2014-06-13 13:30:00,INDEX:NDTW,69.0,74.0,61.0,73.0,0.0
2014-06-16 13:30:00,INDEX:NDTW,69.0,70.0,61.0,64.0,0.0
2014-06-17 13:30:00,INDEX:NDTW,60.0,67.0,60.0,62.0,0.0
2014-06-18 13:30:00,INDEX:NDTW,60.0,73.0,59.0,73.0,0.0
2014-06-19 13:30:00,INDEX:NDTW,73.0,73.0,62.0,70.0,0.0
2014-06-20 13:30:00,INDEX:NDTW,69.0,70.0,62.0,70.0,0.0
2014-06-23 13:30:00,INDEX:NDTW,66.0,66.0,63.0,65.0,0.0
2014-06-24 13:30:00,INDEX:NDTW,66.0,74.0,59.0,59.0,0.0
2014-06-25 13:30:00,INDEX:NDTW,58.0,68.0,55.0,66.0,0.0
2014-06-26 13:30:00,INDEX:NDTW,58.0,61.0,51.0,60.0,0.0
2014-06-27 13:30:00,INDEX:NDTW,57.0,62.0,53.0,62.0,0.0
2014-06-30 13:30:00,INDEX:NDTW,63.0,72.0,63.0,70.0,0.0
2014-07-01 13:30:00,INDEX:NDTW,75.0,83.0,75.0,80.0,0.0
2014-07-02 13:30:00,INDEX:NDTW,81.0,81.0,78.0,81.0,0.0
2014-07-03 13:30:00,INDEX:NDTW,88.0,91.0,88.0,89.0,0.0
2014-07-07 13:30:00,INDEX:NDTW,85.0,87.0,79.0,85.0,0.0
2014-07-08 13:30:00,INDEX:NDTW,75.0,75.0,55.0,65.0,0.0
2014-07-09 13:30:00,INDEX:NDTW,72.0,74.0,62.0,73.0,0.0
2014-07-10 13:30:00,INDEX:NDTW,47.0,71.0,47.0,65.0,0.0
2014-07-11 13:30:00,INDEX:NDTW,61.0,69.0,58.0,65.0,0.0
2014-07-14 13:30:00,INDEX:NDTW,72.0,76.0,68.0,69.0,0.0
2014-07-15 13:30:00,INDEX:NDTW,73.0,73.0,56.0,64.0,0.0
2014-07-16 13:30:00,INDEX:NDTW,70.0,71.0,62.0,65.0,0.0
2014-07-17 13:30:00,INDEX:NDTW,60.0,67.0,39.0,41.0,0.0
2014-07-18 13:30:00,INDEX:NDTW,46.0,63.0,45.0,62.0,0.0
2014-07-21 13:30:00,INDEX:NDTW,59.0,62.0,54.0,60.0,0.0
2014-07-22 13:30:00,INDEX:NDTW,65.0,72.0,65.0,68.0,0.0
2014-07-23 13:30:00,INDEX:NDTW,66.0,67.0,64.0,64.0,0.0
2014-07-24 13:30:00,INDEX:NDTW,65.0,65.0,60.0,60.0,0.0
2014-07-25 13:30:00,INDEX:NDTW,55.0,59.0,48.0,52.0,0.0
2014-07-28 13:30:00,INDEX:NDTW,55.0,55.0,43.0,50.0,0.0
2014-07-29 13:30:00,INDEX:NDTW,53.0,60.0,50.0,52.0,0.0
2014-07-30 13:30:00,INDEX:NDTW,58.0,58.0,48.0,54.0,0.0
2014-07-31 13:30:00,INDEX:NDTW,44.0,45.0,34.0,34.0,0.0
2014-08-01 13:30:00,INDEX:NDTW,39.0,40.0,30.0,33.0,0.0
2014-08-04 13:30:00,INDEX:NDTW,33.0,39.0,29.0,37.0,0.0
2014-08-05 13:30:00,INDEX:NDTW,32.0,35.0,26.0,29.0,0.0
2014-08-06 13:30:00,INDEX:NDTW,27.0,32.0,27.0,30.0,0.0
2014-08-07 13:30:00,INDEX:NDTW,29.0,30.0,24.0,24.0,0.0
2014-08-08 13:30:00,INDEX:NDTW,28.0,36.0,28.0,35.0,0.0
2014-08-11 13:30:00,INDEX:NDTW,38.0,46.0,38.0,42.0,0.0
2014-08-12 13:30:00,INDEX:NDTW,42.0,42.0,33.0,41.0,0.0
2014-08-13 13:30:00,INDEX:NDTW,47.0,60.0,43.0,57.0,0.0
2014-08-14 13:30:00,INDEX:NDTW,58.0,70.0,58.0,68.0,0.0
2014-08-15 13:30:00,INDEX:NDTW,77.0,81.0,59.0,71.0,0.0
2014-08-18 13:30:00,INDEX:NDTW,76.0,83.0,76.0,83.0,0.0
2014-08-19 13:30:00,INDEX:NDTW,84.0,85.0,82.0,84.0,0.0
2014-08-20 13:30:00,INDEX:NDTW,84.0,86.0,82.0,85.0,0.0
2014-08-21 13:30:00,INDEX:NDTW,85.0,85.0,79.0,80.0,0.0
2014-08-22 13:30:00,INDEX:NDTW,80.0,84.0,80.0,84.0,0.0
2014-08-25 13:30:00,INDEX:NDTW,86.0,89.0,85.0,89.0,0.0
2014-08-26 13:30:00,INDEX:NDTW,89.0,93.0,89.0,90.0,0.0
2014-08-27 13:30:00,INDEX:NDTW,91.0,91.0,84.0,87.0,0.0
2014-08-28 13:30:00,INDEX:NDTW,78.0,87.0,78.0,85.0,0.0
2014-08-29 13:30:00,INDEX:NDTW,89.0,90.0,84.0,90.0,0.0
2014-09-02 13:30:00,INDEX:NDTW,91.0,93.0,81.0,88.0,0.0
2014-09-03 13:30:00,INDEX:NDTW,87.0,88.0,84.0,85.0,0.0
2014-09-04 13:30:00,INDEX:NDTW,85.0,88.0,77.0,80.0,0.0
2014-09-05 13:30:00,INDEX:NDTW,72.0,83.0,72.0,82.0,0.0
2014-09-08 13:30:00,INDEX:NDTW,81.0,83.0,74.0,82.0,0.0
2014-09-09 13:30:00,INDEX:NDTW,72.0,73.0,64.0,65.0,0.0
2014-09-10 13:30:00,INDEX:NDTW,60.0,70.0,58.0,69.0,0.0
2014-09-11 13:30:00,INDEX:NDTW,60.0,67.0,51.0,67.0,0.0
2014-09-12 13:30:00,INDEX:NDTW,51.0,51.0,42.0,46.0,0.0
2014-09-15 13:30:00,INDEX:NDTW,38.0,38.0,31.0,33.0,0.0
2014-09-16 13:30:00,INDEX:NDTW,34.0,46.0,28.0,44.0,0.0
2014-09-17 13:30:00,INDEX:NDTW,49.0,60.0,48.0,56.0,0.0
2014-09-18 13:30:00,INDEX:NDTW,58.0,64.0,58.0,64.0,0.0
2014-09-19 13:30:00,INDEX:NDTW,66.0,66.0,46.0,50.0,0.0
2014-09-22 13:30:00,INDEX:NDTW,39.0,41.0,28.0,31.0,0.0
2014-09-23 13:30:00,INDEX:NDTW,30.0,33.0,27.0,27.0,0.0
2014-09-24 13:30:00,INDEX:NDTW,30.0,47.0,29.0,43.0,0.0
2014-09-25 13:30:00,INDEX:NDTW,35.0,35.0,14.0,15.0,0.0
2014-09-26 13:30:00,INDEX:NDTW,12.0,34.0,12.0,34.0,0.0
2014-09-29 13:30:00,INDEX:NDTW,15.0,32.0,15.0,24.0,0.0
2014-09-30 13:30:00,INDEX:NDTW,23.0,31.0,18.0,25.0,0.0
2014-10-01 13:30:00,INDEX:NDTW,17.0,17.0,7.0,12.0,0.0
2014-10-02 13:30:00,INDEX:NDTW,14.0,17.0,8.0,12.0,0.0
2014-10-03 13:30:00,INDEX:NDTW,26.0,35.0,26.0,34.0,0.0
2014-10-06 13:30:00,INDEX:NDTW,43.0,43.0,28.0,31.0,0.0
2014-10-07 13:30:00,INDEX:NDTW,19.0,25.0,15.15,15.15,0.0
2014-10-08 13:30:00,INDEX:NDTW,20.2,40.4,15.15,39.39,0.0
2014-10-09 13:30:00,INDEX:NDTW,36.36,36.36,18.18,19.19,0.0
2014-10-10 13:30:00,INDEX:NDTW,21.21,21.21,10.1,10.1,0.0
2014-10-13 13:30:00,INDEX:NDTW,9.09,13.13,7.07,7.07,0.0
2014-10-14 13:30:00,INDEX:NDTW,8.08,11.11,6.06,6.06,0.0
2014-10-15 13:30:00,INDEX:NDTW,6.06,6.06,2.02,5.05,0.0
2014-10-16 13:30:00,INDEX:NDTW,4.04,12.12,4.04,9.09,0.0
2014-10-17 13:30:00,INDEX:NDTW,15.15,21.21,15.15,15.15,0.0
2014-10-20 13:30:00,INDEX:NDTW,21.21,30.3,18.18,30.3,0.0
2014-10-21 13:30:00,INDEX:NDTW,40.4,67.67,40.4,67.67,0.0
2014-10-22 13:30:00,INDEX:NDTW,69.69,69.69,50.5,50.5,0.0
2014-10-23 13:30:00,INDEX:NDTW,63.63,74.74,62.62,67.67,0.0
2014-10-24 13:30:00,INDEX:NDTW,75.75,78.78,72.72,78.78,0.0
2014-10-27 13:30:00,INDEX:NDTW,72.72,82.82,72.72,81.81,0.0
2014-10-28 13:30:00,INDEX:NDTW,84.84,91.91,84.84,90.9,0.0
2014-10-29 13:30:00,INDEX:NDTW,90.9,90.9,85.85,87.87,0.0
2014-10-30 13:30:00,INDEX:NDTW,90.9,93.93,88.88,93.93,0.0
2014-10-31 13:30:00,INDEX:NDTW,94.94,94.94,93.93,94.94,0.0
2014-11-03 14:30:00,INDEX:NDTW,94.94,96.96,93.93,95.95,0.0
2014-11-04 14:30:00,INDEX:NDTW,93.93,93.93,87.87,91.91,0.0
2014-11-05 14:30:00,INDEX:NDTW,88.88,89.89,85.85,86.86,0.0
2014-11-06 14:30:00,INDEX:NDTW,88.88,89.89,87.87,89.89,0.0
2014-11-07 14:30:00,INDEX:NDTW,88.88,89.89,87.87,88.88,0.0
2014-11-10 14:30:00,INDEX:NDTW,87.87,89.89,87.87,89.89,0.0
2014-11-11 14:30:00,INDEX:NDTW,89.89,89.89,89.89,89.89,0.0
2014-11-12 14:30:00,INDEX:NDTW,88.88,89.89,87.87,89.89,0.0
2014-11-13 14:30:00,INDEX:NDTW,87.87,90.9,84.84,85.85,0.0
2014-11-14 14:30:00,INDEX:NDTW,86.86,88.88,81.81,87.87,0.0
2014-11-17 14:30:00,INDEX:NDTW,81.81,83.83,78.78,80.8,0.0
2014-11-18 14:30:00,INDEX:NDTW,78.78,86.86,78.78,83.83,0.0
2014-11-19 14:30:00,INDEX:NDTW,82.82,82.82,78.78,81.81,0.0
2014-11-20 14:30:00,INDEX:NDTW,72.72,81.81,72.72,79.79,0.0
2014-11-21 14:30:00,INDEX:NDTW,81.81,82.82,77.77,77.77,0.0
2014-11-24 14:30:00,INDEX:NDTW,76.76,83.83,76.76,83.83,0.0
2014-11-25 14:30:00,INDEX:NDTW,83.83,85.85,80.8,84.84,0.0
2014-11-26 14:30:00,INDEX:NDTW,80.8,84.84,79.79,82.82,0.0
2014-11-28 14:30:00,INDEX:NDTW,84.84,87.87,84.84,86.86,0.0
2014-12-01 14:30:00,INDEX:NDTW,78.78,81.81,74.74,78.78,0.0
2014-12-02 14:30:00,INDEX:NDTW,79.79,83.83,77.77,81.81,0.0
2014-12-03 14:30:00,INDEX:NDTW,79.79,83.83,73.73,79.79,0.0
2014-12-04 14:30:00,INDEX:NDTW,80.8,82.82,74.74,76.76,0.0
2014-12-05 14:30:00,INDEX:NDTW,78.78,80.8,75.75,77.77,0.0
2014-12-08 14:30:00,INDEX:NDTW,75.75,76.76,64.64,71.71,0.0
2014-12-09 14:30:00,INDEX:NDTW,58.58,67.67,51.51,66.66,0.0
2014-12-10 14:30:00,INDEX:NDTW,61.61,61.61,41.41,42.42,0.0
2014-12-11 14:30:00,INDEX:NDTW,54.54,64.64,45.45,48.48,0.0
2014-12-12 14:30:00,INDEX:NDTW,40.4,46.46,26.26,26.26,0.0
2014-12-15 14:30:00,INDEX:NDTW,37.37,38.38,17.17,25.25,0.0
2014-12-16 14:30:00,INDEX:NDTW,19.19,34.34,13.13,13.13,0.0
2014-12-17 14:30:00,INDEX:NDTW,16.16,32.32,10.1,28.28,0.0
2014-12-18 14:30:00,INDEX:NDTW,47.47,64.64,47.47,64.64,0.0
2014-12-19 14:30:00,INDEX:NDTW,59.59,67.67,59.59,61.61,0.0
2014-12-22 14:30:00,INDEX:NDTW,69.69,70.7,66.66,68.68,0.0
2014-12-23 14:30:00,INDEX:NDTW,74.74,75.75,70.7,71.71,0.0
2014-12-24 14:30:00,INDEX:NDTW,73.73,79.79,73.73,73.73,0.0
2014-12-26 14:30:00,INDEX:NDTW,79.79,83.83,78.78,80.8,0.0
2014-12-29 14:30:00,INDEX:NDTW,80.8,83.83,76.76,80.8,0.0
2014-12-30 14:30:00,INDEX:NDTW,76.76,76.76,65.65,65.65,0.0
2014-12-31 14:30:00,INDEX:NDTW,72.72,79.79,54.54,54.54,0.0
2015-01-02 14:30:00,INDEX:NDTW,68.68,68.68,30.3,48.48,0.0
2015-01-05 14:30:00,INDEX:NDTW,35.35,35.35,16.16,16.16,0.0
2015-01-06 14:30:00,INDEX:NDTW,19.19,24.24,10.1,11.21,0.0
2015-01-07 14:30:00,INDEX:NDTW,18.69,30.84,18.69,30.84,0.0
2015-01-08 14:30:00,INDEX:NDTW,42.99,53.27,42.99,50.46,0.0
2015-01-09 14:30:00,INDEX:NDTW,53.27,53.27,34.57,42.99,0.0
2015-01-12 14:30:00,INDEX:NDTW,39.25,39.25,28.03,32.71,0.0
2015-01-13 14:30:00,INDEX:NDTW,51.4,54.2,22.42,28.03,0.0
2015-01-14 14:30:00,INDEX:NDTW,18.69,23.36,14.01,23.36,0.0
2015-01-15 14:30:00,INDEX:NDTW,21.49,26.16,12.14,12.14,0.0
2015-01-16 14:30:00,INDEX:NDTW,15.88,28.03,8.41,28.03,0.0
2015-01-20 14:30:00,INDEX:NDTW,26.16,33.64,22.42,31.77,0.0
2015-01-21 14:30:00,INDEX:NDTW,33.64,43.92,28.03,42.05,0.0
2015-01-22 14:30:00,INDEX:NDTW,42.05,64.48,38.31,63.55,0.0
2015-01-23 14:30:00,INDEX:NDTW,65.42,68.22,59.81,59.81,0.0
2015-01-26 14:30:00,INDEX:NDTW,56.07,71.02,56.07,67.28,0.0
2015-01-27 14:30:00,INDEX:NDTW,54.2,59.81,46.72,48.59,0.0
2015-01-28 14:30:00,INDEX:NDTW,54.2,57.94,33.64,33.64,0.0
2015-01-29 14:30:00,INDEX:NDTW,30.84,42.99,27.1,42.99,0.0
2015-01-30 14:30:00,INDEX:NDTW,41.12,41.12,29.9,29.9,0.0
2015-02-02 14:30:00,INDEX:NDTW,28.03,39.25,16.82,39.25,0.0
2015-02-03 14:30:00,INDEX:NDTW,48.59,57.94,42.99,57.94,0.0
2015-02-04 14:30:00,INDEX:NDTW,55.14,65.42,49.53,54.2,0.0
2015-02-05 14:30:00,INDEX:NDTW,59.81,60.74,57.0,59.81,0.0
2015-02-06 14:30:00,INDEX:NDTW,56.07,66.35,50.46,52.33,0.0
2015-02-09 14:30:00,INDEX:NDTW,52.33,58.87,51.4,56.07,0.0
2015-02-10 14:30:00,INDEX:NDTW,57.94,72.89,57.94,71.96,0.0
2015-02-11 14:30:00,INDEX:NDTW,72.89,74.76,71.02,74.76,0.0
2015-02-12 14:30:00,INDEX:NDTW,75.7,78.5,75.7,78.5,0.0
2015-02-13 14:30:00,INDEX:NDTW,80.37,81.3,78.5,81.3,0.0
2015-02-17 14:30:00,INDEX:NDTW,81.3,85.04,80.37,82.24,0.0
2015-02-18 14:30:00,INDEX:NDTW,83.17,85.04,79.43,83.17,0.0
2015-02-19 14:30:00,INDEX:NDTW,82.24,86.91,82.24,83.17,0.0
2015-02-20 14:30:00,INDEX:NDTW,84.11,91.58,82.24,91.58,0.0
2015-02-23 14:30:00,INDEX:NDTW,90.65,90.65,85.98,89.71,0.0
2015-02-24 14:30:00,INDEX:NDTW,85.04,87.85,84.11,87.85,0.0
2015-02-25 14:30:00,INDEX:NDTW,85.98,87.85,85.04,85.98,0.0
2015-02-26 14:30:00,INDEX:NDTW,85.04,85.98,82.24,84.11,0.0
2015-02-27 14:30:00,INDEX:NDTW,81.3,83.17,80.37,81.3,0.0
2015-03-02 14:30:00,INDEX:NDTW,78.5,84.11,78.5,83.17,0.0
2015-03-03 14:30:00,INDEX:NDTW,77.57,77.57,69.15,73.83,0.0
2015-03-04 14:30:00,INDEX:NDTW,57.0,63.55,56.07,62.61,0.0
2015-03-05 14:30:00,INDEX:NDTW,65.42,69.15,63.55,68.22,0.0
2015-03-06 14:30:00,INDEX:NDTW,64.48,66.35,43.92,46.72,0.0
2015-03-09 13:30:00,INDEX:NDTW,50.46,52.33,45.79,50.46,0.0
2015-03-10 13:30:00,INDEX:NDTW,33.64,34.57,28.03,28.03,0.0
2015-03-11 13:30:00,INDEX:NDTW,26.16,28.03,22.42,22.42,0.0
2015-03-12 13:30:00,INDEX:NDTW,28.97,37.38,24.29,35.51,0.0
2015-03-13 13:30:00,INDEX:NDTW,37.38,37.38,20.56,25.23,0.0
2015-03-16 13:30:00,INDEX:NDTW,34.57,52.33,34.57,50.46,0.0
2015-03-17 13:30:00,INDEX:NDTW,37.38,44.85,34.57,41.12,0.0
2015-03-18 13:30:00,INDEX:NDTW,36.44,58.87,33.64,57.0,0.0
2015-03-19 13:30:00,INDEX:NDTW,56.07,58.87,50.46,52.33,0.0
2015-03-20 13:30:00,INDEX:NDTW,60.74,72.89,60.74,70.09,0.0
2015-03-23 13:30:00,INDEX:NDTW,68.22,74.76,66.35,68.22,0.0
2015-03-24 13:30:00,INDEX:NDTW,58.87,70.09,54.2,54.2,0.0
2015-03-25 13:30:00,INDEX:NDTW,52.33,52.33,21.49,21.49,0.0
2015-03-26 13:30:00,INDEX:NDTW,18.69,21.49,11.21,16.82,0.0
2015-03-27 13:30:00,INDEX:NDTW,21.49,29.9,18.69,27.1,0.0
2015-03-30 13:30:00,INDEX:NDTW,38.31,47.66,37.38,44.85,0.0
2015-03-31 13:30:00,INDEX:NDTW,39.25,42.05,29.9,29.9,0.0
2015-04-01 13:30:00,INDEX:NDTW,19.62,24.29,18.69,23.36,0.0
2015-04-02 13:30:00,INDEX:NDTW,25.23,33.64,25.23,30.84,0.0
2015-04-06 13:30:00,INDEX:NDTW,35.51,49.53,35.51,43.92,0.0
2015-04-07 13:30:00,INDEX:NDTW,44.85,53.27,42.05,42.05,0.0
2015-04-08 13:30:00,INDEX:NDTW,51.4,55.14,43.92,53.27,0.0
2015-04-09 13:30:00,INDEX:NDTW,54.2,62.61,44.85,62.61,0.0
2015-04-10 13:30:00,INDEX:NDTW,58.87,71.02,58.87,67.28,0.0
2015-04-13 13:30:00,INDEX:NDTW,71.96,73.83,57.0,57.94,0.0
2015-04-14 13:30:00,INDEX:NDTW,60.74,60.74,45.79,56.07,0.0
2015-04-15 13:30:00,INDEX:NDTW,64.48,65.42,54.2,57.94,0.0
2015-04-16 13:30:00,INDEX:NDTW,57.94,57.94,50.46,57.0,0.0
2015-04-17 13:30:00,INDEX:NDTW,41.12,41.12,29.9,38.31,0.0
2015-04-20 13:30:00,INDEX:NDTW,55.14,60.74,54.2,57.0,0.0
2015-04-21 13:30:00,INDEX:NDTW,66.35,69.15,63.55,64.48,0.0
2015-04-22 13:30:00,INDEX:NDTW,62.61,77.57,62.61,73.83,0.0
2015-04-23 13:30:00,INDEX:NDTW,65.42,80.37,65.42,78.5,0.0
2015-04-24 13:30:00,INDEX:NDTW,67.28,73.83,67.28,71.96,0.0
2015-04-27 13:30:00,INDEX:NDTW,71.96,77.57,57.0,57.94,0.0
2015-04-28 13:30:00,INDEX:NDTW,58.87,66.35,49.53,65.42,0.0
2015-04-29 13:30:00,INDEX:NDTW,58.87,58.87,47.66,53.27,0.0
2015-04-30 13:30:00,INDEX:NDTW,51.4,51.4,28.03,33.64,0.0
2015-05-01 13:30:00,INDEX:NDTW,44.85,55.14,43.92,53.27,0.0
2015-05-04 13:30:00,INDEX:NDTW,58.87,66.35,57.94,61.68,0.0
2015-05-05 13:30:00,INDEX:NDTW,56.07,56.07,33.64,35.51,0.0
2015-05-06 13:30:00,INDEX:NDTW,29.9,32.71,21.49,27.1,0.0
2015-05-07 13:30:00,INDEX:NDTW,31.77,38.31,27.1,35.51,0.0
2015-05-08 13:30:00,INDEX:NDTW,50.46,54.2,45.79,46.72,0.0
2015-05-11 13:30:00,INDEX:NDTW,48.59,51.4,43.92,45.79,0.0
2015-05-12 13:30:00,INDEX:NDTW,28.97,45.79,28.97,38.31,0.0
2015-05-13 13:30:00,INDEX:NDTW,45.79,45.79,37.38,38.31,0.0
2015-05-14 13:30:00,INDEX:NDTW,47.66,55.14,46.72,54.2,0.0
2015-05-15 13:30:00,INDEX:NDTW,57.94,59.81,51.4,57.0,0.0
2015-05-18 13:30:00,INDEX:NDTW,56.07,67.28,55.14,64.48,0.0
2015-05-19 13:30:00,INDEX:NDTW,65.42,67.28,57.94,60.74,0.0
2015-05-20 13:30:00,INDEX:NDTW,55.14,65.42,55.14,58.87,0.0
2015-05-21 13:30:00,INDEX:NDTW,59.81,69.15,58.87,65.42,0.0
2015-05-22 13:30:00,INDEX:NDTW,61.68,66.35,60.74,62.61,0.0
2015-05-26 13:30:00,INDEX:NDTW,46.72,47.66,44.85,46.72,0.0
2015-05-27 13:30:00,INDEX:NDTW,62.61,67.28,62.61,67.28,0.0
2015-05-28 13:30:00,INDEX:NDTW,66.35,68.22,63.55,66.35,0.0
2015-05-29 13:30:00,INDEX:NDTW,64.48,64.48,53.27,54.2,0.0
2015-06-01 13:30:00,INDEX:NDTW,53.27,67.28,46.72,59.81,0.0
2015-06-02 13:30:00,INDEX:NDTW,49.53,64.48,47.66,55.14,0.0
2015-06-03 13:30:00,INDEX:NDTW,57.0,65.42,57.0,59.81,0.0
2015-06-04 13:30:00,INDEX:NDTW,56.07,57.94,45.79,50.46,0.0
2015-06-05 13:30:00,INDEX:NDTW,35.51,46.72,35.51,43.92,0.0
2015-06-08 13:30:00,INDEX:NDTW,41.12,41.12,28.03,28.97,0.0
2015-06-09 13:30:00,INDEX:NDTW,18.69,33.64,17.75,29.9,0.0
2015-06-10 13:30:00,INDEX:NDTW,32.71,50.46,32.71,46.72,0.0
2015-06-11 13:30:00,INDEX:NDTW,48.59,55.14,43.92,45.79,0.0
2015-06-12 13:30:00,INDEX:NDTW,28.97,37.38,28.97,36.44,0.0
2015-06-15 13:30:00,INDEX:NDTW,20.56,26.16,18.69,24.29,0.0
2015-06-16 13:30:00,INDEX:NDTW,25.23,36.44,24.29,36.44,0.0
2015-06-17 13:30:00,INDEX:NDTW,38.31,48.59,34.57,42.99,0.0
2015-06-18 13:30:00,INDEX:NDTW,55.14,73.83,55.14,69.15,0.0
2015-06-19 13:30:00,INDEX:NDTW,65.42,72.89,59.81,62.61,0.0
2015-06-22 13:30:00,INDEX:NDTW,72.89,77.57,71.02,71.02,0.0
2015-06-23 13:30:00,INDEX:NDTW,70.09,71.96,64.48,67.28,0.0
2015-06-24 13:30:00,INDEX:NDTW,67.28,67.28,54.2,54.2,0.0
2015-06-25 13:30:00,INDEX:NDTW,55.14,57.94,47.66,47.66,0.0
2015-06-26 13:30:00,INDEX:NDTW,52.33,57.0,39.25,41.12,0.0
2015-06-29 13:30:00,INDEX:NDTW,33.64,33.64,19.62,19.62,0.0
2015-06-30 13:30:00,INDEX:NDTW,24.29,25.23,21.49,22.42,0.0
2015-07-01 13:30:00,INDEX:NDTW,30.84,30.84,25.23,28.97,0.0
2015-07-02 13:30:00,INDEX:NDTW,32.71,32.71,26.16,29.9,0.0
2015-07-06 13:30:00,INDEX:NDTW,28.97,36.44,26.16,29.24,0.0
2015-07-07 13:30:00,INDEX:NDTW,28.3,39.62,18.86,37.73,0.0
2015-07-08 13:30:00,INDEX:NDTW,30.18,30.18,16.98,16.98,0.0
2015-07-09 13:30:00,INDEX:NDTW,29.24,32.07,20.75,20.75,0.0
2015-07-10 13:30:00,INDEX:NDTW,33.96,42.45,33.01,39.62,0.0
2015-07-13 13:30:00,INDEX:NDTW,50.94,55.66,50.0,54.71,0.0
2015-07-14 13:30:00,INDEX:NDTW,55.66,61.32,55.66,58.49,0.0
2015-07-15 13:30:00,INDEX:NDTW,59.43,63.2,54.71,57.0,0.0
2015-07-16 13:30:00,INDEX:NDTW,66.0,70.0,66.0,66.0,0.0
2015-07-17 13:30:00,INDEX:NDTW,63.0,64.0,58.0,64.0,0.0
2015-07-20 13:30:00,INDEX:NDTW,61.0,61.0,58.0,60.0,0.0
2015-07-21 13:30:00,INDEX:NDTW,66.0,66.0,59.0,59.0,0.0
2015-07-22 13:30:00,INDEX:NDTW,61.0,61.0,56.0,58.0,0.0
2015-07-23 13:30:00,INDEX:NDTW,60.0,67.0,53.0,56.0,0.0
2015-07-24 13:30:00,INDEX:NDTW,59.0,60.0,44.0,48.0,0.0
2015-07-27 13:30:00,INDEX:NDTW,41.0,44.0,38.38,38.38,0.0
2015-07-28 13:30:00,INDEX:NDTW,35.35,50.5,30.3,50.0,0.0
2015-07-29 13:30:00,INDEX:NDTW,51.02,60.2,50.0,60.2,0.0
2015-07-30 13:30:00,INDEX:NDTW,52.04,62.24,51.02,62.24,0.0
2015-07-31 13:30:00,INDEX:NDTW,61.22,65.3,60.2,62.24,0.0
2015-08-03 13:30:00,INDEX:NDTW,60.2,61.22,53.06,58.16,0.0
2015-08-04 13:30:00,INDEX:NDTW,61.22,61.22,55.1,60.2,0.0
2015-08-05 13:30:00,INDEX:NDTW,68.36,68.36,64.28,64.28,0.0
2015-08-06 13:30:00,INDEX:NDTW,59.18,59.18,47.95,50.0,0.0
2015-08-07 13:30:00,INDEX:NDTW,43.87,48.97,36.73,46.93,0.0
2015-08-10 13:30:00,INDEX:NDTW,60.2,60.2,53.21,54.12,0.0
2015-08-11 13:30:00,INDEX:NDTW,47.7,49.54,37.61,41.28,0.0
2015-08-12 13:30:00,INDEX:NDTW,29.35,44.95,22.93,41.28,0.0
2015-08-13 13:30:00,INDEX:NDTW,39.44,45.87,36.69,36.69,0.0
2015-08-14 13:30:00,INDEX:NDTW,35.77,41.28,33.94,38.53,0.0
2015-08-17 13:30:00,INDEX:NDTW,32.11,50.45,32.11,49.54,0.0
2015-08-18 13:30:00,INDEX:NDTW,44.95,51.37,44.95,48.62,0.0
2015-08-19 13:30:00,INDEX:NDTW,38.53,46.78,27.52,36.69,0.0
2015-08-20 13:30:00,INDEX:NDTW,24.77,24.77,14.67,14.67,0.0
2015-08-21 13:30:00,INDEX:NDTW,7.33,10.09,1.83,1.83,0.0
2015-08-24 13:30:00,INDEX:NDTW,0.91,0.91,0.91,0.91,0.0
2015-08-25 13:30:00,INDEX:NDTW,0.91,0.91,0.91,0.91,0.0
2015-08-26 13:30:00,INDEX:NDTW,0.91,1.83,0.91,0.91,0.0
2015-08-27 13:30:00,INDEX:NDTW,10.09,11.0,3.66,11.0,0.0
2015-08-28 13:30:00,INDEX:NDTW,13.76,16.51,10.09,14.67,0.0
2015-08-31 13:30:00,INDEX:NDTW,12.84,17.43,8.25,13.76,0.0
2015-09-01 13:30:00,INDEX:NDTW,7.33,8.25,2.75,2.75,0.0
2015-09-02 13:30:00,INDEX:NDTW,6.42,12.84,4.58,12.84,0.0
2015-09-03 13:30:00,INDEX:NDTW,24.77,32.11,15.59,17.43,0.0
2015-09-04 13:30:00,INDEX:NDTW,14.67,14.67,8.25,9.17,0.0
2015-09-08 13:30:00,INDEX:NDTW,37.61,46.78,27.52,46.78,0.0
2015-09-09 13:30:00,INDEX:NDTW,52.29,52.29,28.44,31.19,0.0
2015-09-10 13:30:00,INDEX:NDTW,33.02,46.78,27.52,41.28,0.0
2015-09-11 13:30:00,INDEX:NDTW,39.44,53.21,30.27,53.21,0.0
2015-09-14 13:30:00,INDEX:NDTW,46.78,47.7,40.36,46.78,0.0
2015-09-15 13:30:00,INDEX:NDTW,51.37,69.72,51.37,69.72,0.0
2015-09-16 13:30:00,INDEX:NDTW,70.64,81.65,67.88,81.65,0.0
2015-09-17 13:30:00,INDEX:NDTW,80.73,85.32,76.14,81.65,0.0
2015-09-18 13:30:00,INDEX:NDTW,68.8,72.47,60.55,65.13,0.0
2015-09-21 13:30:00,INDEX:NDTW,71.55,74.31,56.88,60.55,0.0
2015-09-22 13:30:00,INDEX:NDTW,47.7,47.7,33.02,39.44,0.0
2015-09-23 13:30:00,INDEX:NDTW,39.44,43.11,34.86,36.69,0.0
2015-09-24 13:30:00,INDEX:NDTW,24.77,35.77,16.51,34.86,0.0
2015-09-25 13:30:00,INDEX:NDTW,41.28,44.95,25.68,31.19,0.0
2015-09-28 13:30:00,INDEX:NDTW,31.19,31.19,9.17,11.0,0.0
2015-09-29 13:30:00,INDEX:NDTW,6.42,13.76,4.58,7.33,0.0
2015-09-30 13:30:00,INDEX:NDTW,16.51,28.44,13.76,27.52,0.0
2015-10-01 13:30:00,INDEX:NDTW,24.77,27.52,20.18,26.6,0.0
2015-10-02 13:30:00,INDEX:NDTW,15.59,46.78,11.92,46.78,0.0
2015-10-05 13:30:00,INDEX:NDTW,56.88,66.0,56.88,64.0,0.0
2015-10-06 13:30:00,INDEX:NDTW,60.0,64.0,57.0,61.46,0.0
2015-10-07 13:30:00,INDEX:NDTW,64.22,70.64,61.46,68.8,0.0
2015-10-08 13:30:00,INDEX:NDTW,66.97,74.31,65.13,74.31,0.0
2015-10-09 13:30:00,INDEX:NDTW,73.39,77.98,72.47,77.98,0.0
2015-10-12 13:30:00,INDEX:NDTW,77.06,78.89,74.31,76.14,0.0
2015-10-13 13:30:00,INDEX:NDTW,75.22,77.98,66.97,67.88,0.0
2015-10-14 13:30:00,INDEX:NDTW,70.64,74.31,66.97,67.88,0.0
2015-10-15 13:30:00,INDEX:NDTW,68.8,78.89,68.8,78.89,0.0
2015-10-16 13:30:00,INDEX:NDTW,81.65,81.65,77.06,81.65,0.0
2015-10-19 13:30:00,INDEX:NDTW,84.4,86.23,82.56,84.4,0.0
2015-10-20 13:30:00,INDEX:NDTW,82.56,84.4,79.81,80.73,0.0
2015-10-21 13:30:00,INDEX:NDTW,81.65,81.65,73.39,73.39,0.0
2015-10-22 13:30:00,INDEX:NDTW,77.98,83.48,77.06,80.73,0.0
2015-10-23 13:30:00,INDEX:NDTW,81.65,86.23,81.65,86.23,0.0
2015-10-26 13:30:00,INDEX:NDTW,80.73,85.32,80.73,80.73,0.0
2015-10-27 13:30:00,INDEX:NDTW,81.65,82.56,75.22,77.98,0.0
2015-10-28 13:30:00,INDEX:NDTW,76.14,79.81,75.22,78.89,0.0
2015-10-29 13:30:00,INDEX:NDTW,77.98,77.98,72.47,75.22,0.0
2015-10-30 13:30:00,INDEX:NDTW,77.98,80.73,76.14,77.98,0.0
2015-11-02 14:30:00,INDEX:NDTW,80.73,85.32,80.73,84.4,0.0
2015-11-03 14:30:00,INDEX:NDTW,82.56,85.32,80.73,85.32,0.0
2015-11-04 14:30:00,INDEX:NDTW,80.73,80.73,74.31,75.22,0.0
2015-11-05 14:30:00,INDEX:NDTW,73.39,74.31,66.97,70.64,0.0
2015-11-06 14:30:00,INDEX:NDTW,71.55,71.55,63.3,71.55,0.0
2015-11-09 14:30:00,INDEX:NDTW,60.55,60.55,51.37,55.96,0.0
2015-11-10 14:30:00,INDEX:NDTW,51.37,58.71,51.37,55.96,0.0
2015-11-11 14:30:00,INDEX:NDTW,48.62,55.96,44.03,45.87,0.0
2015-11-12 14:30:00,INDEX:NDTW,40.36,48.62,38.53,38.53,0.0
2015-11-13 14:30:00,INDEX:NDTW,36.69,36.69,25.68,25.68,0.0
2015-11-16 14:30:00,INDEX:NDTW,26.6,35.77,24.77,35.77,0.0
2015-11-17 14:30:00,INDEX:NDTW,34.86,41.28,32.11,33.02,0.0
2015-11-18 14:30:00,INDEX:NDTW,31.19,55.96,31.19,55.96,0.0
2015-11-19 14:30:00,INDEX:NDTW,52.29,53.21,49.54,50.45,0.0
2015-11-20 14:30:00,INDEX:NDTW,58.71,63.3,54.12,60.55,0.0
2015-11-23 14:30:00,INDEX:NDTW,59.63,63.3,45.87,52.29,0.0
2015-11-24 14:30:00,INDEX:NDTW,47.7,52.29,32.11,48.62,0.0
2015-11-25 14:30:00,INDEX:NDTW,49.54,55.04,49.54,52.29,0.0
2015-11-27 14:30:00,INDEX:NDTW,55.04,61.46,52.29,57.79,0.0
2015-11-30 14:30:00,INDEX:NDTW,58.71,58.71,51.37,55.04,0.0
2015-12-01 14:30:00,INDEX:NDTW,66.05,67.88,58.71,66.97,0.0
2015-12-02 14:30:00,INDEX:NDTW,67.88,69.72,55.04,55.96,0.0
2015-12-03 14:30:00,INDEX:NDTW,58.71,59.63,33.02,41.28,0.0
2015-12-04 14:30:00,INDEX:NDTW,44.03,61.46,44.03,61.46,0.0
2015-12-07 14:30:00,INDEX:NDTW,56.88,62.38,53.21,61.46,0.0
2015-12-08 14:30:00,INDEX:NDTW,46.78,60.55,45.87,56.88,0.0
2015-12-09 14:30:00,INDEX:NDTW,52.29,61.46,33.94,39.44,0.0
2015-12-10 14:30:00,INDEX:NDTW,42.2,52.29,41.28,44.95,0.0
2015-12-11 14:30:00,INDEX:NDTW,33.02,33.02,20.18,20.18,0.0
2015-12-14 14:30:00,INDEX:NDTW,17.43,24.77,15.59,24.77,0.0
2015-12-15 14:30:00,INDEX:NDTW,40.36,44.03,34.86,36.11,0.0
2015-12-16 14:30:00,INDEX:NDTW,43.51,54.62,37.96,53.7,0.0
2015-12-17 14:30:00,INDEX:NDTW,50.92,56.48,38.88,38.88,0.0
2015-12-18 14:30:00,INDEX:NDTW,32.4,32.4,18.51,21.29,0.0
2015-12-21 14:30:00,INDEX:NDTW,25.92,29.62,24.07,28.7,0.0
2015-12-22 14:30:00,INDEX:NDTW,30.55,42.59,29.62,42.59,0.0
2015-12-23 14:30:00,INDEX:NDTW,44.44,51.85,44.44,51.85,0.0
2015-12-24 14:30:00,INDEX:NDTW,56.48,56.48,50.92,51.85,0.0
2015-12-28 14:30:00,INDEX:NDTW,51.85,56.48,40.74,56.48,0.0
2015-12-29 14:30:00,INDEX:NDTW,67.59,76.85,67.59,73.14,0.0
2015-12-30 14:30:00,INDEX:NDTW,71.29,71.29,64.81,64.81,0.0
2015-12-31 14:30:00,INDEX:NDTW,57.4,67.59,47.22,47.22,0.0
2016-01-04 14:30:00,INDEX:NDTW,17.59,21.29,10.18,21.29,0.0
2016-01-05 14:30:00,INDEX:NDTW,27.77,29.62,24.07,28.7,0.0
2016-01-06 14:30:00,INDEX:NDTW,17.59,22.22,12.96,17.59,0.0
2016-01-07 14:30:00,INDEX:NDTW,7.4,10.18,5.55,5.55,0.0
2016-01-08 14:30:00,INDEX:NDTW,7.4,8.33,4.62,4.62,0.0
2016-01-11 14:30:00,INDEX:NDTW,3.7,5.55,1.85,3.7,0.0
2016-01-12 14:30:00,INDEX:NDTW,11.11,12.96,2.77,11.11,0.0
2016-01-13 14:30:00,INDEX:NDTW,15.74,15.74,2.77,2.77,0.0
2016-01-14 14:30:00,INDEX:NDTW,2.77,8.33,0.92,5.55,0.0
2016-01-15 14:30:00,INDEX:NDTW,1.85,3.7,0.92,2.77,0.0
2016-01-19 14:30:00,INDEX:NDTW,5.55,7.4,4.62,5.55,0.0
2016-01-20 14:30:00,INDEX:NDTW,2.77,6.48,0.92,3.0,0.0
2016-01-21 14:30:00,INDEX:NDTW,3.0,10.37,3.0,8.49,0.0
2016-01-22 14:30:00,INDEX:NDTW,14.15,17.92,13.2,16.98,0.0
2016-01-25 14:30:00,INDEX:NDTW,17.92,19.81,13.2,13.2,0.0
2016-01-26 14:30:00,INDEX:NDTW,16.98,24.52,14.15,21.69,0.0
2016-01-27 14:30:00,INDEX:NDTW,27.35,29.24,17.92,18.86,0.0
2016-01-28 14:30:00,INDEX:NDTW,25.47,31.13,18.86,23.58,0.0
2016-01-29 14:30:00,INDEX:NDTW,35.84,48.11,35.84,48.11,0.0
2016-02-01 14:30:00,INDEX:NDTW,44.33,56.6,42.45,52.83,0.0
2016-02-02 14:30:00,INDEX:NDTW,43.39,47.16,34.9,36.79,0.0
2016-02-03 14:30:00,INDEX:NDTW,41.5,42.45,28.3,40.56,0.0
2016-02-04 14:30:00,INDEX:NDTW,35.84,50.94,34.9,35.84,0.0
2016-02-05 14:30:00,INDEX:NDTW,34.9,34.9,17.92,18.86,0.0
2016-02-08 14:30:00,INDEX:NDTW,10.37,13.2,6.6,13.2,0.0
2016-02-09 14:30:00,INDEX:NDTW,12.26,16.98,6.6,12.26,0.0
2016-02-10 14:30:00,INDEX:NDTW,17.92,24.52,16.03,16.03,0.0
2016-02-11 14:30:00,INDEX:NDTW,6.6,16.98,6.6,14.15,0.0
2016-02-12 14:30:00,INDEX:NDTW,16.98,26.41,15.09,24.52,0.0
2016-02-16 14:30:00,INDEX:NDTW,38.67,44.33,33.01,41.5,0.0
2016-02-17 14:30:00,INDEX:NDTW,53.77,75.47,53.77,74.52,0.0
2016-02-18 14:30:00,INDEX:NDTW,67.92,67.92,56.6,57.54,0.0
2016-02-19 14:30:00,INDEX:NDTW,51.88,65.09,50.94,62.26,0.0
2016-02-22 14:30:00,INDEX:NDTW,74.52,83.01,74.52,80.18,0.0
2016-02-23 14:30:00,INDEX:NDTW,79.24,80.18,66.03,67.92,0.0
2016-02-24 14:30:00,INDEX:NDTW,53.77,77.35,46.22,77.35,0.0
2016-02-25 14:30:00,INDEX:NDTW,74.52,88.67,73.58,88.67,0.0
2016-02-26 14:30:00,INDEX:NDTW,90.56,92.45,84.9,88.67,0.0
2016-02-29 14:30:00,INDEX:NDTW,86.79,90.56,79.24,79.24,0.0
2016-03-01 14:30:00,INDEX:NDTW,83.96,97.16,83.96,97.16,0.0
2016-03-02 14:30:00,INDEX:NDTW,97.16,97.16,91.5,96.22,0.0
2016-03-03 14:30:00,INDEX:NDTW,93.39,93.39,90.56,92.45,0.0
2016-03-04 14:30:00,INDEX:NDTW,89.62,95.28,88.67,90.56,0.0
2016-03-07 14:30:00,INDEX:NDTW,90.56,94.33,86.79,90.56,0.0
2016-03-08 14:30:00,INDEX:NDTW,85.84,90.56,79.24,79.24,0.0
2016-03-09 14:30:00,INDEX:NDTW,75.47,80.18,72.64,80.18,0.0
2016-03-10 14:30:00,INDEX:NDTW,82.07,83.01,62.26,76.41,0.0
2016-03-11 14:30:00,INDEX:NDTW,80.18,86.79,80.18,86.79,0.0
2016-03-14 13:30:00,INDEX:NDTW,84.9,85.84,83.01,85.84,0.0
2016-03-15 13:30:00,INDEX:NDTW,80.18,81.13,73.58,77.35,0.0
2016-03-16 13:30:00,INDEX:NDTW,75.47,81.13,74.52,81.13,0.0
2016-03-17 13:30:00,INDEX:NDTW,76.41,78.3,73.58,75.47,0.0
2016-03-18 13:30:00,INDEX:NDTW,74.52,83.01,74.52,81.13,0.0
2016-03-21 13:30:00,INDEX:NDTW,80.18,83.96,78.3,82.07,0.0
2016-03-22 13:30:00,INDEX:NDTW,78.3,85.84,74.52,83.01,0.0
2016-03-23 13:30:00,INDEX:NDTW,80.18,80.18,66.03,67.92,0.0
2016-03-24 13:30:00,INDEX:NDTW,52.83,61.32,50.0,58.49,0.0
2016-03-28 13:30:00,INDEX:NDTW,58.49,70.75,58.49,64.15,0.0
2016-03-29 13:30:00,INDEX:NDTW,58.49,76.41,57.54,74.52,0.0
2016-03-30 13:30:00,INDEX:NDTW,81.13,81.13,72.64,75.47,0.0
2016-03-31 13:30:00,INDEX:NDTW,76.41,83.01,76.41,79.24,0.0
2016-04-01 13:30:00,INDEX:NDTW,69.81,84.9,69.81,84.9,0.0
2016-04-04 13:30:00,INDEX:NDTW,83.96,86.79,75.47,78.3,0.0
2016-04-05 13:30:00,INDEX:NDTW,69.81,71.69,64.15,65.09,0.0
2016-04-06 13:30:00,INDEX:NDTW,60.37,77.35,60.37,75.23,0.0
2016-04-07 13:30:00,INDEX:NDTW,65.71,65.71,49.52,53.33,0.0
2016-04-08 13:30:00,INDEX:NDTW,57.14,58.09,49.52,53.33,0.0
2016-04-11 13:30:00,INDEX:NDTW,59.04,65.71,48.57,48.57,0.0
2016-04-12 13:30:00,INDEX:NDTW,49.52,58.09,40.95,54.28,0.0
2016-04-13 13:30:00,INDEX:NDTW,64.76,73.33,62.85,71.42,0.0
2016-04-14 13:30:00,INDEX:NDTW,65.71,68.57,63.8,65.71,0.0
2016-04-15 13:30:00,INDEX:NDTW,64.76,66.66,60.95,65.71,0.0
2016-04-18 13:30:00,INDEX:NDTW,56.19,73.33,56.19,73.33,0.0
2016-04-19 13:30:00,INDEX:NDTW,73.33,76.19,61.11,66.66,0.0
2016-04-20 13:30:00,INDEX:NDTW,62.96,74.07,62.03,65.74,0.0
2016-04-21 13:30:00,INDEX:NDTW,63.88,65.74,58.33,59.25,0.0
2016-04-22 13:30:00,INDEX:NDTW,55.55,56.48,46.29,52.77,0.0
2016-04-25 13:30:00,INDEX:NDTW,50.0,50.0,43.51,46.29,0.0
2016-04-26 13:30:00,INDEX:NDTW,52.77,60.18,51.85,60.18,0.0
2016-04-27 13:30:00,INDEX:NDTW,61.11,63.88,49.07,61.11,0.0
2016-04-28 13:30:00,INDEX:NDTW,53.7,63.88,37.96,41.66,0.0
2016-04-29 13:30:00,INDEX:NDTW,32.4,32.4,24.07,30.55,0.0
2016-05-02 13:30:00,INDEX:NDTW,32.4,36.11,29.62,34.25,0.0
2016-05-03 13:30:00,INDEX:NDTW,29.62,32.4,23.14,25.0,0.0
2016-05-04 13:30:00,INDEX:NDTW,22.22,25.0,16.66,17.59,0.0
2016-05-05 13:30:00,INDEX:NDTW,20.37,24.07,18.51,18.51,0.0
2016-05-06 13:30:00,INDEX:NDTW,21.29,26.85,16.66,26.85,0.0
2016-05-09 13:30:00,INDEX:NDTW,35.18,37.03,27.77,31.48,0.0
2016-05-10 13:30:00,INDEX:NDTW,30.55,45.37,30.55,44.44,0.0
2016-05-11 13:30:00,INDEX:NDTW,36.11,40.74,28.7,28.7,0.0
2016-05-12 13:30:00,INDEX:NDTW,32.4,32.4,18.51,25.0,0.0
2016-05-13 13:30:00,INDEX:NDTW,26.85,28.7,22.22,22.22,0.0
2016-05-16 13:30:00,INDEX:NDTW,27.77,42.59,25.0,35.18,0.0
2016-05-17 13:30:00,INDEX:NDTW,31.48,37.96,21.29,24.07,0.0
2016-05-18 13:30:00,INDEX:NDTW,25.0,36.11,24.07,29.62,0.0
2016-05-19 13:30:00,INDEX:NDTW,30.55,30.55,16.66,22.22,0.0
2016-05-20 13:30:00,INDEX:NDTW,39.81,51.85,39.81,45.37,0.0
2016-05-23 13:30:00,INDEX:NDTW,50.92,51.85,43.51,44.44,0.0
2016-05-24 13:30:00,INDEX:NDTW,58.33,67.59,58.33,67.59,0.0
2016-05-25 13:30:00,INDEX:NDTW,72.22,75.92,72.22,75.92,0.0
2016-05-26 13:30:00,INDEX:NDTW,78.7,78.7,75.0,75.92,0.0
2016-05-27 13:30:00,INDEX:NDTW,77.77,84.25,77.77,84.25,0.0
2016-05-31 13:30:00,INDEX:NDTW,84.25,86.11,79.62,84.25,0.0
2016-06-01 13:30:00,INDEX:NDTW,82.4,88.88,82.4,86.11,0.0
2016-06-02 13:30:00,INDEX:NDTW,84.25,91.66,82.4,91.66,0.0
2016-06-03 13:30:00,INDEX:NDTW,86.11,86.11,82.4,84.25,0.0
2016-06-06 13:30:00,INDEX:NDTW,85.18,87.96,84.25,87.96,0.0
2016-06-07 13:30:00,INDEX:NDTW,87.03,87.96,80.55,80.55,0.0
2016-06-08 13:30:00,INDEX:NDTW,81.48,86.11,78.7,83.33,0.0
2016-06-09 13:30:00,INDEX:NDTW,81.48,81.48,75.0,79.62,0.0
2016-06-10 13:30:00,INDEX:NDTW,59.25,59.25,45.37,47.22,0.0
2016-06-13 13:30:00,INDEX:NDTW,49.07,56.48,38.88,38.88,0.0
2016-06-14 13:30:00,INDEX:NDTW,44.44,44.44,35.18,41.66,0.0
2016-06-15 13:30:00,INDEX:NDTW,46.29,47.22,34.25,36.11,0.0
2016-06-16 13:30:00,INDEX:NDTW,23.14,38.88,16.66,37.96,0.0
2016-06-17 13:30:00,INDEX:NDTW,30.55,30.55,22.22,25.92,0.0
2016-06-20 13:30:00,INDEX:NDTW,48.14,54.62,37.96,38.88,0.0
2016-06-21 13:30:00,INDEX:NDTW,41.66,41.66,34.25,37.96,0.0
2016-06-22 13:30:00,INDEX:NDTW,40.74,50.92,36.11,36.11,0.0
2016-06-23 13:30:00,INDEX:NDTW,55.55,62.96,49.07,62.96,0.0
2016-06-24 13:30:00,INDEX:NDTW,19.44,25.0,12.03,12.96,0.0
2016-06-27 13:30:00,INDEX:NDTW,5.55,6.48,1.85,4.62,0.0
2016-06-28 13:30:00,INDEX:NDTW,9.25,12.96,7.4,12.03,0.0
2016-06-29 13:30:00,INDEX:NDTW,19.44,33.33,19.44,27.77,0.0
2016-06-30 13:30:00,INDEX:NDTW,33.33,48.14,28.7,47.22,0.0
2016-07-01 13:30:00,INDEX:NDTW,55.55,63.88,54.62,57.4,0.0
2016-07-05 13:30:00,INDEX:NDTW,49.07,49.07,40.74,46.66,0.0
2016-07-06 13:30:00,INDEX:NDTW,40.0,58.09,40.0,57.14,0.0
2016-07-07 13:30:00,INDEX:NDTW,64.76,71.42,60.0,67.61,0.0
2016-07-08 13:30:00,INDEX:NDTW,82.85,89.52,80.95,88.57,0.0
2016-07-11 13:30:00,INDEX:NDTW,92.38,94.28,91.42,92.38,0.0
2016-07-12 13:30:00,INDEX:NDTW,95.23,95.23,92.38,93.33,0.0
2016-07-13 13:30:00,INDEX:NDTW,94.28,98.09,93.33,94.28,0.0
2016-07-14 13:30:00,INDEX:NDTW,98.09,98.09,97.14,98.09,0.0
2016-07-15 13:30:00,INDEX:NDTW,95.23,96.19,92.38,93.33,0.0
2016-07-18 13:30:00,INDEX:NDTW,92.38,95.23,92.38,95.23,0.0
2016-07-19 13:30:00,INDEX:NDTW,93.33,93.33,89.52,91.42,0.0
2016-07-20 13:30:00,INDEX:NDTW,85.71,93.33,85.71,93.33,0.0
2016-07-21 13:30:00,INDEX:NDTW,90.47,90.47,84.76,87.61,0.0
2016-07-22 13:30:00,INDEX:NDTW,90.47,92.38,88.57,91.42,0.0
2016-07-25 13:30:00,INDEX:NDTW,91.42,91.42,88.57,90.47,0.0
2016-07-26 13:30:00,INDEX:NDTW,87.61,90.47,81.9,84.76,0.0
2016-07-27 13:30:00,INDEX:NDTW,82.85,82.85,74.28,76.19,0.0
2016-07-28 13:30:00,INDEX:NDTW,72.38,78.09,69.52,75.23,0.0
2016-07-29 13:30:00,INDEX:NDTW,72.38,74.28,69.52,72.38,0.0
2016-08-01 13:30:00,INDEX:NDTW,72.38,77.14,72.38,73.33,0.0
2016-08-02 13:30:00,INDEX:NDTW,62.85,64.76,44.76,55.23,0.0
2016-08-03 13:30:00,INDEX:NDTW,50.47,60.0,49.52,60.0,0.0
2016-08-04 13:30:00,INDEX:NDTW,60.95,60.95,54.28,57.14,0.0
2016-08-05 13:30:00,INDEX:NDTW,64.76,68.57,64.76,65.71,0.0
2016-08-08 13:30:00,INDEX:NDTW,61.9,61.9,61.9,61.9,0.0
2016-08-09 13:30:00,INDEX:NDTW,61.9,68.57,58.09,60.95,0.0
2016-08-10 13:30:00,INDEX:NDTW,60.95,61.9,55.23,59.04,0.0
2016-08-11 13:30:00,INDEX:NDTW,67.61,70.47,65.71,67.61,0.0
2016-08-12 13:30:00,INDEX:NDTW,66.66,68.57,61.9,68.57,0.0
2016-08-15 13:30:00,INDEX:NDTW,72.38,78.09,72.38,73.33,0.0
2016-08-16 13:30:00,INDEX:NDTW,65.71,70.47,64.76,64.76,0.0
2016-08-17 13:30:00,INDEX:NDTW,61.9,62.85,53.33,61.9,0.0
2016-08-18 13:30:00,INDEX:NDTW,60.95,69.52,59.04,64.76,0.0
2016-08-19 13:30:00,INDEX:NDTW,60.0,62.85,56.19,56.19,0.0
2016-08-22 13:30:00,INDEX:NDTW,54.28,65.71,54.28,60.0,0.0
2016-08-23 13:30:00,INDEX:NDTW,72.38,74.28,67.61,67.61,0.0
2016-08-24 13:30:00,INDEX:NDTW,67.61,68.57,47.61,50.47,0.0
2016-08-25 13:30:00,INDEX:NDTW,51.42,54.28,45.71,47.61,0.0
2016-08-26 13:30:00,INDEX:NDTW,52.38,58.09,43.8,49.52,0.0
2016-08-29 13:30:00,INDEX:NDTW,52.38,54.28,50.47,51.42,0.0
2016-08-30 13:30:00,INDEX:NDTW,55.23,55.23,43.8,47.61,0.0
2016-08-31 13:30:00,INDEX:NDTW,45.71,47.61,35.23,43.8,0.0
2016-09-01 13:30:00,INDEX:NDTW,48.57,49.52,37.14,47.61,0.0
2016-09-02 13:30:00,INDEX:NDTW,59.04,61.9,51.42,56.19,0.0
2016-09-06 13:30:00,INDEX:NDTW,54.28,54.28,47.61,52.38,0.0
2016-09-07 13:30:00,INDEX:NDTW,53.33,56.19,51.42,55.23,0.0
2016-09-08 13:30:00,INDEX:NDTW,48.57,48.57,41.9,43.8,0.0
2016-09-09 13:30:00,INDEX:NDTW,33.33,34.28,17.14,17.14,0.0
2016-09-12 13:30:00,INDEX:NDTW,18.09,39.04,18.09,39.04,0.0
2016-09-13 13:30:00,INDEX:NDTW,31.42,31.42,19.04,22.85,0.0
2016-09-14 13:30:00,INDEX:NDTW,20.95,27.61,18.09,20.95,0.0
2016-09-15 13:30:00,INDEX:NDTW,19.04,48.57,19.04,43.8,0.0
2016-09-16 13:30:00,INDEX:NDTW,34.28,42.85,31.42,40.0,0.0
2016-09-19 13:30:00,INDEX:NDTW,40.95,50.47,35.23,39.04,0.0
2016-09-20 13:30:00,INDEX:NDTW,42.85,44.76,39.04,42.85,0.0
2016-09-21 13:30:00,INDEX:NDTW,45.71,52.38,39.04,52.38,0.0
2016-09-22 13:30:00,INDEX:NDTW,60.95,66.66,58.09,64.76,0.0
2016-09-23 13:30:00,INDEX:NDTW,62.85,65.71,53.33,53.33,0.0
2016-09-26 13:30:00,INDEX:NDTW,48.57,48.57,41.9,42.85,0.0
2016-09-27 13:30:00,INDEX:NDTW,48.57,64.76,48.57,64.76,0.0
2016-09-28 13:30:00,INDEX:NDTW,64.76,67.61,56.19,65.71,0.0
2016-09-29 13:30:00,INDEX:NDTW,65.71,65.71,46.66,49.52,0.0
2016-09-30 13:30:00,INDEX:NDTW,58.09,72.38,56.19,67.61,0.0
2016-10-03 13:30:00,INDEX:NDTW,57.14,61.9,56.19,60.95,0.0
2016-10-04 13:30:00,INDEX:NDTW,66.66,70.47,54.28,60.0,0.0
2016-10-05 13:30:00,INDEX:NDTW,64.76,67.61,61.9,61.9,0.0
2016-10-06 13:30:00,INDEX:NDTW,58.09,64.76,54.28,61.9,0.0
2016-10-07 13:30:00,INDEX:NDTW,55.23,56.19,44.76,51.42,0.0
2016-10-10 13:30:00,INDEX:NDTW,62.85,65.71,58.09,59.04,0.0
2016-10-11 13:30:00,INDEX:NDTW,44.76,44.76,27.61,32.38,0.0
2016-10-12 13:30:00,INDEX:NDTW,28.57,33.33,27.61,29.52,0.0
2016-10-13 13:30:00,INDEX:NDTW,17.14,23.8,12.38,23.8,0.0
2016-10-14 13:30:00,INDEX:NDTW,31.42,39.04,22.85,23.8,0.0
2016-10-17 13:30:00,INDEX:NDTW,20.0,24.76,17.14,18.09,0.0
2016-10-18 13:30:00,INDEX:NDTW,35.23,44.76,31.42,36.19,0.0
2016-10-19 13:30:00,INDEX:NDTW,31.42,41.9,31.42,40.95,0.0
2016-10-20 13:30:00,INDEX:NDTW,33.33,43.8,26.66,39.04,0.0
2016-10-21 13:30:00,INDEX:NDTW,32.38,43.8,31.42,43.8,0.0
2016-10-24 13:30:00,INDEX:NDTW,53.33,58.09,51.42,57.14,0.0
2016-10-25 13:30:00,INDEX:NDTW,58.09,58.09,50.47,54.28,0.0
2016-10-26 13:30:00,INDEX:NDTW,42.85,57.14,40.95,42.85,0.0
2016-10-27 13:30:00,INDEX:NDTW,47.61,48.57,35.23,38.09,0.0
2016-10-28 13:30:00,INDEX:NDTW,42.85,51.42,40.0,42.85,0.0
2016-10-31 13:30:00,INDEX:NDTW,47.61,47.61,40.0,40.95,0.0
2016-11-01 13:30:00,INDEX:NDTW,42.85,42.85,24.76,36.19,0.0
2016-11-02 13:30:00,INDEX:NDTW,39.04,40.95,28.57,28.57,0.0
2016-11-03 13:30:00,INDEX:NDTW,34.28,34.28,25.71,27.61,0.0
2016-11-04 13:30:00,INDEX:NDTW,24.76,35.23,22.85,23.8,0.0
2016-11-07 14:30:00,INDEX:NDTW,46.66,55.23,46.66,55.23,0.0
2016-11-08 14:30:00,INDEX:NDTW,50.47,65.71,47.61,62.85,0.0
2016-11-09 14:30:00,INDEX:NDTW,44.76,65.71,43.8,64.76,0.0
2016-11-10 14:30:00,INDEX:NDTW,68.57,68.57,46.66,51.42,0.0
2016-11-11 14:30:00,INDEX:NDTW,53.33,57.14,50.47,57.14,0.0
2016-11-14 14:30:00,INDEX:NDTW,57.14,59.04,54.28,54.28,0.0
2016-11-15 14:30:00,INDEX:NDTW,57.14,60.0,57.14,60.0,0.0
2016-11-16 14:30:00,INDEX:NDTW,61.9,62.85,60.0,61.9,0.0
2016-11-17 14:30:00,INDEX:NDTW,66.66,68.57,65.71,68.57,0.0
2016-11-18 14:30:00,INDEX:NDTW,67.61,68.57,63.8,66.66,0.0
2016-11-21 14:30:00,INDEX:NDTW,66.66,71.42,63.8,70.47,0.0
2016-11-22 14:30:00,INDEX:NDTW,71.42,72.38,65.71,70.47,0.0
2016-11-23 14:30:00,INDEX:NDTW,65.71,71.42,65.71,71.42,0.0
2016-11-25 14:30:00,INDEX:NDTW,71.42,77.14,71.42,77.14,0.0
2016-11-28 14:30:00,INDEX:NDTW,76.19,78.09,71.42,71.42,0.0
2016-11-29 14:30:00,INDEX:NDTW,72.38,80.0,71.42,75.23,0.0
2016-11-30 14:30:00,INDEX:NDTW,73.33,73.33,59.04,59.04,0.0
2016-12-01 14:30:00,INDEX:NDTW,52.38,53.33,38.09,39.04,0.0
2016-12-02 14:30:00,INDEX:NDTW,41.9,41.9,34.28,35.23,0.0
2016-12-05 14:30:00,INDEX:NDTW,42.85,47.61,41.9,45.71,0.0
2016-12-06 14:30:00,INDEX:NDTW,41.9,46.66,39.04,43.8,0.0
2016-12-07 14:30:00,INDEX:NDTW,42.85,66.66,39.04,65.71,0.0
2016-12-08 14:30:00,INDEX:NDTW,69.52,73.33,64.76,67.61,0.0
2016-12-09 14:30:00,INDEX:NDTW,69.52,71.42,61.9,68.57,0.0
2016-12-12 14:30:00,INDEX:NDTW,66.66,66.66,56.19,58.09,0.0
2016-12-13 14:30:00,INDEX:NDTW,69.52,69.52,69.52,69.52,0.0
2016-12-14 14:30:00,INDEX:NDTW,70.47,72.38,64.76,65.71,0.0
2016-12-15 14:30:00,INDEX:NDTW,64.76,75.23,64.76,68.57,0.0
2016-12-16 14:30:00,INDEX:NDTW,72.38,72.38,59.04,64.76,0.0
2016-12-19 14:30:00,INDEX:NDTW,65.71,69.52,60.95,63.8,0.0
2016-12-20 14:30:00,INDEX:NDTW,69.52,70.47,64.76,68.57,0.0
2016-12-21 14:30:00,INDEX:NDTW,69.52,69.52,64.48,69.15,0.0
2016-12-22 14:30:00,INDEX:NDTW,62.61,64.48,56.07,63.55,0.0
2016-12-23 14:30:00,INDEX:NDTW,64.48,69.15,64.48,65.42,0.0
2016-12-27 14:30:00,INDEX:NDTW,78.5,78.5,71.02,73.83,0.0
2016-12-28 14:30:00,INDEX:NDTW,69.15,69.15,58.87,59.81,0.0
2016-12-29 14:30:00,INDEX:NDTW,61.68,62.61,50.46,55.14,0.0
2016-12-30 14:30:00,INDEX:NDTW,46.72,46.72,25.23,31.77,0.0
2017-01-03 14:30:00,INDEX:NDTW,52.33,60.74,42.99,54.2,0.0
2017-01-04 14:30:00,INDEX:NDTW,57.0,67.28,54.2,65.42,0.0
2017-01-05 14:30:00,INDEX:NDTW,67.28,71.02,60.74,60.74,0.0
2017-01-06 14:30:00,INDEX:NDTW,64.48,75.7,61.68,74.76,0.0
2017-01-09 14:30:00,INDEX:NDTW,68.22,71.96,66.35,67.28,0.0
2017-01-10 14:30:00,INDEX:NDTW,70.09,80.37,69.15,75.7,0.0
2017-01-11 14:30:00,INDEX:NDTW,79.43,80.37,67.28,73.83,0.0
2017-01-12 14:30:00,INDEX:NDTW,62.61,71.96,57.0,71.96,0.0
2017-01-13 14:30:00,INDEX:NDTW,76.63,79.43,72.89,74.76,0.0
2017-01-17 14:30:00,INDEX:NDTW,71.96,73.83,68.22,71.96,0.0
2017-01-18 14:30:00,INDEX:NDTW,75.7,78.5,69.15,73.83,0.0
2017-01-19 14:30:00,INDEX:NDTW,71.96,71.96,64.48,66.35,0.0
2017-01-20 14:30:00,INDEX:NDTW,78.5,78.5,65.42,71.96,0.0
2017-01-23 14:30:00,INDEX:NDTW,71.96,71.96,59.81,65.42,0.0
2017-01-24 14:30:00,INDEX:NDTW,67.28,74.76,63.55,72.89,0.0
2017-01-25 14:30:00,INDEX:NDTW,78.5,79.43,74.76,74.76,0.0
2017-01-26 14:30:00,INDEX:NDTW,73.83,73.83,70.09,70.09,0.0
2017-01-27 14:30:00,INDEX:NDTW,68.22,69.15,65.42,66.35,0.0
2017-01-30 14:30:00,INDEX:NDTW,66.35,66.35,57.94,66.35,0.0
2017-01-31 14:30:00,INDEX:NDTW,60.74,68.22,57.94,68.22,0.0
2017-02-01 14:30:00,INDEX:NDTW,69.15,69.15,61.68,65.42,0.0
2017-02-02 14:30:00,INDEX:NDTW,64.48,67.28,61.68,64.48,0.0
2017-02-03 14:30:00,INDEX:NDTW,68.22,70.09,66.35,69.15,0.0
2017-02-06 14:30:00,INDEX:NDTW,68.22,71.96,66.35,70.09,0.0
2017-02-07 14:30:00,INDEX:NDTW,69.15,72.89,65.42,66.35,0.0
2017-02-08 14:30:00,INDEX:NDTW,60.74,68.22,60.74,63.55,0.0
2017-02-09 14:30:00,INDEX:NDTW,65.42,79.43,65.42,77.57,0.0
2017-02-10 14:30:00,INDEX:NDTW,75.7,82.24,75.7,78.5,0.0
2017-02-13 14:30:00,INDEX:NDTW,84.11,84.11,75.7,77.57,0.0
2017-02-14 14:30:00,INDEX:NDTW,70.09,79.43,70.09,79.43,0.0
2017-02-15 14:30:00,INDEX:NDTW,76.63,85.04,74.76,85.04,0.0
2017-02-16 14:30:00,INDEX:NDTW,84.11,84.11,72.89,79.43,0.0
2017-02-17 14:30:00,INDEX:NDTW,78.5,82.24,76.63,82.24,0.0
2017-02-21 14:30:00,INDEX:NDTW,84.11,88.78,83.17,86.91,0.0
2017-02-22 14:30:00,INDEX:NDTW,86.91,86.91,82.24,85.98,0.0
2017-02-23 14:30:00,INDEX:NDTW,84.11,84.11,74.76,78.5,0.0
2017-02-24 14:30:00,INDEX:NDTW,70.09,81.3,70.09,81.3,0.0
2017-02-27 14:30:00,INDEX:NDTW,81.3,83.17,75.7,83.17,0.0
2017-02-28 14:30:00,INDEX:NDTW,79.43,79.43,69.15,74.76,0.0
2017-03-01 14:30:00,INDEX:NDTW,82.24,82.24,77.57,79.43,0.0
2017-03-02 14:30:00,INDEX:NDTW,73.83,74.76,69.15,70.09,0.0
2017-03-03 14:30:00,INDEX:NDTW,67.28,71.02,61.68,71.02,0.0
2017-03-06 14:30:00,INDEX:NDTW,60.74,70.09,60.74,67.28,0.0
2017-03-07 14:30:00,INDEX:NDTW,68.22,68.22,56.07,57.94,0.0
2017-03-08 14:30:00,INDEX:NDTW,54.2,62.61,54.2,58.87,0.0
2017-03-09 14:30:00,INDEX:NDTW,53.27,58.87,49.53,51.4,0.0
2017-03-10 14:30:00,INDEX:NDTW,66.35,67.28,54.2,63.55,0.0
2017-03-13 13:30:00,INDEX:NDTW,62.61,68.22,57.0,67.28,0.0
2017-03-14 13:30:00,INDEX:NDTW,56.07,59.81,49.53,57.94,0.0
2017-03-15 13:30:00,INDEX:NDTW,59.81,77.57,59.81,75.7,0.0
2017-03-16 13:30:00,INDEX:NDTW,75.7,75.7,67.28,70.09,0.0
2017-03-17 13:30:00,INDEX:NDTW,72.89,74.76,69.15,70.09,0.0
2017-03-20 13:30:00,INDEX:NDTW,66.35,71.96,61.68,67.28,0.0
2017-03-21 13:30:00,INDEX:NDTW,71.96,71.96,29.9,29.9,0.0
2017-03-22 13:30:00,INDEX:NDTW,32.71,42.05,28.03,42.05,0.0
2017-03-23 13:30:00,INDEX:NDTW,39.25,48.59,36.44,39.25,0.0
2017-03-24 13:30:00,INDEX:NDTW,46.72,55.14,40.18,42.99,0.0
2017-03-27 13:30:00,INDEX:NDTW,31.77,50.46,28.03,43.92,0.0
2017-03-28 13:30:00,INDEX:NDTW,44.85,57.0,40.18,52.33,0.0
2017-03-29 13:30:00,INDEX:NDTW,48.59,62.61,48.59,61.68,0.0
2017-03-30 13:30:00,INDEX:NDTW,57.94,67.28,57.94,66.35,0.0
2017-03-31 13:30:00,INDEX:NDTW,57.94,62.61,57.0,59.81,0.0
2017-04-03 13:30:00,INDEX:NDTW,62.61,63.55,45.79,53.27,0.0
2017-04-04 13:30:00,INDEX:NDTW,48.59,48.59,43.92,46.72,0.0
2017-04-05 13:30:00,INDEX:NDTW,49.53,64.48,40.18,42.05,0.0
2017-04-06 13:30:00,INDEX:NDTW,42.05,49.53,36.44,45.79,0.0
2017-04-07 13:30:00,INDEX:NDTW,42.99,50.46,35.51,47.66,0.0
2017-04-10 13:30:00,INDEX:NDTW,48.59,56.07,44.85,51.4,0.0
2017-04-11 13:30:00,INDEX:NDTW,43.92,46.72,30.84,46.72,0.0
2017-04-12 13:30:00,INDEX:NDTW,42.05,44.85,32.71,34.57,0.0
2017-04-13 13:30:00,INDEX:NDTW,36.44,44.85,27.1,27.1,0.0
2017-04-17 13:30:00,INDEX:NDTW,34.57,48.59,33.64,48.59,0.0
2017-04-18 13:30:00,INDEX:NDTW,34.57,49.53,33.64,39.25,0.0
2017-04-19 13:30:00,INDEX:NDTW,55.14,57.0,45.79,45.79,0.0
2017-04-20 13:30:00,INDEX:NDTW,55.14,64.48,49.53,62.61,0.0
2017-04-21 13:30:00,INDEX:NDTW,57.94,60.74,55.14,58.87,0.0
2017-04-24 13:30:00,INDEX:NDTW,75.7,78.5,75.7,76.63,0.0
2017-04-25 13:30:00,INDEX:NDTW,79.43,83.17,79.43,82.24,0.0
2017-04-26 13:30:00,INDEX:NDTW,80.37,81.3,76.63,76.63,0.0
2017-04-27 13:30:00,INDEX:NDTW,74.76,77.57,72.89,75.7,0.0
2017-04-28 13:30:00,INDEX:NDTW,71.96,72.89,67.28,70.09,0.0
2017-05-01 13:30:00,INDEX:NDTW,71.02,72.89,68.22,68.22,0.0
2017-05-02 13:30:00,INDEX:NDTW,71.02,73.83,70.09,73.83,0.0
2017-05-03 13:30:00,INDEX:NDTW,68.22,68.22,63.55,65.42,0.0
2017-05-04 13:30:00,INDEX:NDTW,63.55,67.28,62.61,67.28,0.0
2017-05-05 13:30:00,INDEX:NDTW,67.28,71.02,61.68,71.02,0.0
2017-05-08 13:30:00,INDEX:NDTW,66.35,67.28,60.74,64.48,0.0
2017-05-09 13:30:00,INDEX:NDTW,69.15,69.15,65.42,68.22,0.0
2017-05-10 13:30:00,INDEX:NDTW,67.28,67.28,60.74,65.42,0.0
2017-05-11 13:30:00,INDEX:NDTW,58.87,60.74,57.0,60.74,0.0
2017-05-12 13:30:00,INDEX:NDTW,57.94,57.94,53.27,57.0,0.0
2017-05-15 13:30:00,INDEX:NDTW,57.94,59.81,56.07,57.0,0.0
2017-05-16 13:30:00,INDEX:NDTW,57.0,57.94,54.2,57.0,0.0
2017-05-17 13:30:00,INDEX:NDTW,49.53,49.53,36.44,36.44,0.0
2017-05-18 13:30:00,INDEX:NDTW,38.31,44.85,37.38,42.99,0.0
2017-05-19 13:30:00,INDEX:NDTW,42.99,52.33,42.99,48.59,0.0
2017-05-22 13:30:00,INDEX:NDTW,52.33,56.07,51.4,55.14,0.0
2017-05-23 13:30:00,INDEX:NDTW,57.0,57.0,52.33,55.14,0.0
2017-05-24 13:30:00,INDEX:NDTW,59.81,67.28,58.87,65.42,0.0
2017-05-25 13:30:00,INDEX:NDTW,65.42,69.15,65.42,69.15,0.0
2017-05-26 13:30:00,INDEX:NDTW,66.35,69.15,65.42,69.15,0.0
2017-05-30 13:30:00,INDEX:NDTW,68.22,71.96,67.28,70.09,0.0
2017-05-31 13:30:00,INDEX:NDTW,71.02,73.83,65.42,72.89,0.0
2017-06-01 13:30:00,INDEX:NDTW,72.89,82.24,71.02,82.24,0.0
2017-06-02 13:30:00,INDEX:NDTW,85.98,90.65,84.11,89.71,0.0
2017-06-05 13:30:00,INDEX:NDTW,87.85,87.85,79.43,86.91,0.0
2017-06-06 13:30:00,INDEX:NDTW,83.17,84.11,74.76,74.76,0.0
2017-06-07 13:30:00,INDEX:NDTW,75.7,78.5,70.09,76.63,0.0
2017-06-08 13:30:00,INDEX:NDTW,76.63,76.63,70.09,74.76,0.0
2017-06-09 13:30:00,INDEX:NDTW,72.89,76.63,41.12,49.53,0.0
2017-06-12 13:30:00,INDEX:NDTW,49.53,49.53,40.18,48.59,0.0
2017-06-13 13:30:00,INDEX:NDTW,52.33,56.07,48.59,56.07,0.0
2017-06-14 13:30:00,INDEX:NDTW,58.87,62.61,36.44,43.92,0.0
2017-06-15 13:30:00,INDEX:NDTW,35.51,44.85,31.77,44.85,0.0
2017-06-16 13:30:00,INDEX:NDTW,32.71,35.51,22.42,32.71,0.0
2017-06-19 13:30:00,INDEX:NDTW,37.38,56.07,37.38,56.07,0.0
2017-06-20 13:30:00,INDEX:NDTW,47.66,47.66,37.38,38.31,0.0
2017-06-21 13:30:00,INDEX:NDTW,42.05,45.79,39.25,44.85,0.0
2017-06-22 13:30:00,INDEX:NDTW,46.72,50.46,40.18,49.53,0.0
2017-06-23 13:30:00,INDEX:NDTW,45.79,56.07,43.92,54.2,0.0
2017-06-26 13:30:00,INDEX:NDTW,56.07,63.55,49.53,53.27,0.0
2017-06-27 13:30:00,INDEX:NDTW,45.79,52.33,29.9,29.9,0.0
2017-06-28 13:30:00,INDEX:NDTW,40.18,51.4,37.38,49.53,0.0
2017-06-29 13:30:00,INDEX:NDTW,44.85,44.85,23.36,31.77,0.0
2017-06-30 13:30:00,INDEX:NDTW,34.57,37.38,29.9,32.71,0.0
2017-07-03 13:30:00,INDEX:NDTW,41.12,41.12,28.03,30.84,0.0
2017-07-05 13:30:00,INDEX:NDTW,33.64,38.31,30.84,36.44,0.0
2017-07-06 13:30:00,INDEX:NDTW,32.71,32.71,25.23,28.03,0.0
2017-07-07 13:30:00,INDEX:NDTW,28.03,41.12,28.03,36.44,0.0
2017-07-10 13:30:00,INDEX:NDTW,40.18,52.33,36.44,52.33,0.0
2017-07-11 13:30:00,INDEX:NDTW,48.59,57.0,46.72,54.2,0.0
2017-07-12 13:30:00,INDEX:NDTW,68.22,71.02,66.35,70.09,0.0
2017-07-13 13:30:00,INDEX:NDTW,70.09,71.02,65.42,67.28,0.0
2017-07-14 13:30:00,INDEX:NDTW,72.89,74.76,70.09,71.96,0.0
2017-07-17 13:30:00,INDEX:NDTW,71.96,72.89,68.22,69.15,0.0
2017-07-18 13:30:00,INDEX:NDTW,64.48,70.09,62.61,70.09,0.0
2017-07-19 13:30:00,INDEX:NDTW,73.83,76.63,72.89,75.7,0.0
2017-07-20 13:30:00,INDEX:NDTW,77.57,83.17,72.89,78.5,0.0
2017-07-21 13:30:00,INDEX:NDTW,81.3,81.3,75.7,75.7,0.0
2017-07-24 13:30:00,INDEX:NDTW,72.89,75.7,71.02,74.76,0.0
2017-07-25 13:30:00,INDEX:NDTW,75.7,82.24,75.7,80.37,0.0
2017-07-26 13:30:00,INDEX:NDTW,77.57,82.24,75.7,78.5,0.0
2017-07-27 13:30:00,INDEX:NDTW,78.5,78.5,61.68,71.96,0.0
2017-07-28 13:30:00,INDEX:NDTW,62.61,70.09,62.61,68.22,0.0
2017-07-31 13:30:00,INDEX:NDTW,71.02,71.02,59.81,62.61,0.0
2017-08-01 13:30:00,INDEX:NDTW,61.68,61.68,56.07,56.07,0.0
2017-08-02 13:30:00,INDEX:NDTW,53.27,53.27,41.12,49.53,0.0
2017-08-03 13:30:00,INDEX:NDTW,49.53,51.4,42.99,49.53,0.0
2017-08-04 13:30:00,INDEX:NDTW,47.66,50.46,43.92,50.46,0.0
2017-08-07 13:30:00,INDEX:NDTW,47.66,52.33,47.66,50.46,0.0
2017-08-08 13:30:00,INDEX:NDTW,42.05,54.2,39.25,40.18,0.0
2017-08-09 13:30:00,INDEX:NDTW,30.84,39.25,25.23,38.31,0.0
2017-08-10 13:30:00,INDEX:NDTW,31.77,31.77,19.62,19.62,0.0
2017-08-11 13:30:00,INDEX:NDTW,21.49,29.9,21.49,27.1,0.0
2017-08-14 13:30:00,INDEX:NDTW,39.25,42.99,33.64,42.05,0.0
2017-08-15 13:30:00,INDEX:NDTW,41.12,45.79,37.38,44.85,0.0
2017-08-16 13:30:00,INDEX:NDTW,46.72,48.59,42.99,45.79,0.0
2017-08-17 13:30:00,INDEX:NDTW,42.99,42.99,22.42,22.42,0.0
2017-08-18 13:30:00,INDEX:NDTW,18.69,28.97,13.08,22.42,0.0
2017-08-21 13:30:00,INDEX:NDTW,22.42,23.36,13.08,20.56,0.0
2017-08-22 13:30:00,INDEX:NDTW,27.1,43.92,27.1,41.12,0.0
2017-08-23 13:30:00,INDEX:NDTW,33.64,42.99,33.64,38.31,0.0
2017-08-24 13:30:00,INDEX:NDTW,42.99,42.99,28.03,35.51,0.0
2017-08-25 13:30:00,INDEX:NDTW,42.05,48.59,34.57,35.51,0.0
2017-08-28 13:30:00,INDEX:NDTW,41.12,42.05,34.57,40.18,0.0
2017-08-29 13:30:00,INDEX:NDTW,32.71,45.79,31.77,42.05,0.0
2017-08-30 13:30:00,INDEX:NDTW,47.66,62.61,47.66,60.74,0.0
2017-08-31 13:30:00,INDEX:NDTW,68.22,79.43,68.22,78.5,0.0
2017-09-01 13:30:00,INDEX:NDTW,84.11,85.04,79.43,79.43,0.0
2017-09-05 13:30:00,INDEX:NDTW,80.37,80.37,57.0,67.28,0.0
2017-09-06 13:30:00,INDEX:NDTW,72.89,78.5,64.48,77.57,0.0
2017-09-07 13:30:00,INDEX:NDTW,74.76,76.63,69.15,70.09,0.0
2017-09-08 13:30:00,INDEX:NDTW,68.22,69.15,59.81,62.61,0.0
2017-09-11 13:30:00,INDEX:NDTW,73.83,77.57,70.09,72.89,0.0
2017-09-12 13:30:00,INDEX:NDTW,72.89,75.7,71.02,75.7,0.0
2017-09-13 13:30:00,INDEX:NDTW,71.96,74.76,71.02,72.89,0.0
2017-09-14 13:30:00,INDEX:NDTW,71.02,71.02,68.22,69.15,0.0
2017-09-15 13:30:00,INDEX:NDTW,66.35,73.83,64.48,71.96,0.0
2017-09-18 13:30:00,INDEX:NDTW,72.89,74.76,66.35,69.15,0.0
2017-09-19 13:30:00,INDEX:NDTW,69.15,69.15,64.48,66.35,0.0
2017-09-20 13:30:00,INDEX:NDTW,63.55,70.09,58.87,70.09,0.0
2017-09-21 13:30:00,INDEX:NDTW,66.35,66.35,54.2,61.68,0.0
2017-09-22 13:30:00,INDEX:NDTW,57.0,62.61,57.0,62.61,0.0
2017-09-25 13:30:00,INDEX:NDTW,57.0,58.87,46.72,50.46,0.0
2017-09-26 13:30:00,INDEX:NDTW,54.2,54.2,44.85,45.79,0.0
2017-09-27 13:30:00,INDEX:NDTW,53.27,62.61,53.27,59.81,0.0
2017-09-28 13:30:00,INDEX:NDTW,52.33,54.2,46.72,47.66,0.0
2017-09-29 13:30:00,INDEX:NDTW,50.46,61.68,50.46,58.87,0.0
2017-10-02 13:30:00,INDEX:NDTW,59.81,62.61,59.81,62.61,0.0
2017-10-03 13:30:00,INDEX:NDTW,63.55,65.42,59.81,63.55,0.0
2017-10-04 13:30:00,INDEX:NDTW,64.48,70.09,63.55,69.15,0.0
2017-10-05 13:30:00,INDEX:NDTW,74.76,77.57,70.09,77.57,0.0
2017-10-06 13:30:00,INDEX:NDTW,71.96,77.57,66.35,70.09,0.0
2017-10-09 13:30:00,INDEX:NDTW,69.15,69.15,60.74,62.61,0.0
2017-10-10 13:30:00,INDEX:NDTW,62.61,65.42,59.81,61.68,0.0
2017-10-11 13:30:00,INDEX:NDTW,63.55,65.42,58.87,60.74,0.0
2017-10-12 13:30:00,INDEX:NDTW,61.68,63.55,58.87,62.61,0.0
2017-10-13 13:30:00,INDEX:NDTW,67.28,68.22,63.55,64.48,0.0
2017-10-16 13:30:00,INDEX:NDTW,64.48,68.22,64.48,64.48,0.0
2017-10-17 13:30:00,INDEX:NDTW,63.55,66.35,60.74,65.42,0.0
2017-10-18 13:30:00,INDEX:NDTW,64.48,65.42,60.74,63.55,0.0
2017-10-19 13:30:00,INDEX:NDTW,58.87,61.68,53.27,59.81,0.0
2017-10-20 13:30:00,INDEX:NDTW,66.35,66.35,61.68,63.55,0.0
2017-10-23 13:30:00,INDEX:NDTW,65.42,66.35,53.27,54.2,0.0
2017-10-24 13:30:00,INDEX:NDTW,57.0,58.87,52.33,52.33,0.0
2017-10-25 13:30:00,INDEX:NDTW,49.53,53.27,37.38,47.66,0.0
2017-10-26 13:30:00,INDEX:NDTW,52.33,54.2,47.66,47.66,0.0
2017-10-27 13:30:00,INDEX:NDTW,48.59,55.14,46.72,55.14,0.0
2017-10-30 13:30:00,INDEX:NDTW,52.33,53.27,46.72,48.59,0.0
2017-10-31 13:30:00,INDEX:NDTW,50.46,52.33,48.59,50.46,0.0
2017-11-01 13:30:00,INDEX:NDTW,49.53,53.27,44.85,47.66,0.0
2017-11-02 13:30:00,INDEX:NDTW,47.66,52.33,43.92,49.53,0.0
2017-11-03 13:30:00,INDEX:NDTW,49.53,51.4,46.72,47.66,0.0
2017-11-06 14:30:00,INDEX:NDTW,50.46,54.2,49.53,53.27,0.0
2017-11-07 14:30:00,INDEX:NDTW,53.27,55.14,51.4,54.2,0.0
2017-11-08 14:30:00,INDEX:NDTW,53.27,56.07,50.46,50.46,0.0
2017-11-09 14:30:00,INDEX:NDTW,52.33,56.07,47.66,54.2,0.0
2017-11-10 14:30:00,INDEX:NDTW,53.27,55.14,50.46,54.2,0.0
2017-11-13 14:30:00,INDEX:NDTW,48.59,55.14,48.59,55.14,0.0
2017-11-14 14:30:00,INDEX:NDTW,52.33,57.0,49.53,54.2,0.0
2017-11-15 14:30:00,INDEX:NDTW,47.66,55.14,47.66,52.33,0.0
2017-11-16 14:30:00,INDEX:NDTW,57.94,66.35,57.94,61.68,0.0
2017-11-17 14:30:00,INDEX:NDTW,67.28,67.28,59.81,60.74,0.0
2017-11-20 14:30:00,INDEX:NDTW,60.74,62.61,57.94,60.74,0.0
2017-11-21 14:30:00,INDEX:NDTW,66.35,71.02,66.35,71.02,0.0
2017-11-22 14:30:00,INDEX:NDTW,70.09,72.89,68.22,68.22,0.0
2017-11-24 14:30:00,INDEX:NDTW,71.02,72.89,64.48,71.96,0.0
2017-11-27 14:30:00,INDEX:NDTW,68.22,68.22,59.81,64.48,0.0
2017-11-28 14:30:00,INDEX:NDTW,64.48,72.89,63.55,70.09,0.0
2017-11-29 14:30:00,INDEX:NDTW,71.96,71.96,54.2,57.94,0.0
2017-11-30 14:30:00,INDEX:NDTW,57.0,63.55,57.0,60.74,0.0
2017-12-01 14:30:00,INDEX:NDTW,58.87,60.74,44.85,60.74,0.0
2017-12-04 14:30:00,INDEX:NDTW,66.35,66.35,55.14,55.14,0.0
2017-12-05 14:30:00,INDEX:NDTW,54.2,59.81,48.59,48.59,0.0
2017-12-06 14:30:00,INDEX:NDTW,46.72,49.53,44.85,49.53,0.0
2017-12-07 14:30:00,INDEX:NDTW,47.66,54.2,46.72,53.27,0.0
2017-12-08 14:30:00,INDEX:NDTW,58.87,62.61,57.94,60.74,0.0
2017-12-11 14:30:00,INDEX:NDTW,61.68,65.42,60.74,65.42,0.0
2017-12-12 14:30:00,INDEX:NDTW,62.61,63.55,59.81,63.55,0.0
2017-12-13 14:30:00,INDEX:NDTW,62.61,69.15,62.61,66.35,0.0
2017-12-14 14:30:00,INDEX:NDTW,69.15,72.89,62.61,62.61,0.0
2017-12-15 14:30:00,INDEX:NDTW,68.22,76.63,65.42,71.96,0.0
2017-12-18 14:30:00,INDEX:NDTW,79.43,82.24,78.5,79.43,0.0
2017-12-19 14:30:00,INDEX:NDTW,80.37,80.37,71.96,74.76,0.0
2017-12-20 14:30:00,INDEX:NDTW,76.63,76.63,71.02,71.96,0.0
2017-12-21 14:30:00,INDEX:NDTW,75.7,78.5,68.22,71.96,0.0
2017-12-22 14:30:00,INDEX:NDTW,71.02,71.02,63.2,63.2,0.0
2017-12-26 14:30:00,INDEX:NDTW,58.49,63.2,57.54,59.43,0.0
2017-12-27 14:30:00,INDEX:NDTW,60.37,70.75,59.43,63.2,0.0
2017-12-28 14:30:00,INDEX:NDTW,64.15,65.09,55.66,65.09,0.0
2017-12-29 14:30:00,INDEX:NDTW,64.15,64.15,46.22,46.22,0.0
2018-01-02 14:30:00,INDEX:NDTW,53.77,80.18,53.77,76.41,0.0
2018-01-03 14:30:00,INDEX:NDTW,75.47,89.62,75.47,89.62,0.0
2018-01-04 14:30:00,INDEX:NDTW,90.56,90.56,85.84,85.84,0.0
2018-01-05 14:30:00,INDEX:NDTW,87.73,90.38,84.9,90.38,0.0
2018-01-08 14:30:00,INDEX:NDTW,88.46,89.42,83.65,89.42,0.0
2018-01-09 14:30:00,INDEX:NDTW,89.42,89.42,83.65,83.65,0.0
2018-01-10 14:30:00,INDEX:NDTW,81.73,82.69,73.07,75.96,0.0
2018-01-11 14:30:00,INDEX:NDTW,76.92,80.76,75.0,80.76,0.0
2018-01-12 14:30:00,INDEX:NDTW,80.76,83.65,78.84,80.76,0.0
2018-01-16 14:30:00,INDEX:NDTW,86.53,86.53,81.73,81.73,0.0
2018-01-17 14:30:00,INDEX:NDTW,83.65,85.57,82.69,83.65,0.0
2018-01-18 14:30:00,INDEX:NDTW,84.61,85.57,82.69,82.69,0.0
2018-01-19 14:30:00,INDEX:NDTW,81.73,83.65,78.84,82.69,0.0
2018-01-22 14:30:00,INDEX:NDTW,80.76,84.61,80.76,84.61,0.0
2018-01-23 14:30:00,INDEX:NDTW,82.69,87.5,82.69,86.53,0.0
2018-01-24 14:30:00,INDEX:NDTW,87.5,88.46,81.73,81.73,0.0
2018-01-25 14:30:00,INDEX:NDTW,84.61,84.61,79.8,79.8,0.0
2018-01-26 14:30:00,INDEX:NDTW,81.73,85.57,81.73,85.57,0.0
2018-01-29 14:30:00,INDEX:NDTW,81.73,82.69,77.88,80.76,0.0
2018-01-30 14:30:00,INDEX:NDTW,70.19,72.11,64.42,66.34,0.0
2018-01-31 14:30:00,INDEX:NDTW,68.26,68.26,53.84,57.69,0.0
2018-02-01 14:30:00,INDEX:NDTW,50.0,62.5,50.0,52.88,0.0
2018-02-02 14:30:00,INDEX:NDTW,46.15,47.11,29.8,29.8,0.0
2018-02-05 14:30:00,INDEX:NDTW,25.96,33.65,8.65,8.65,0.0
2018-02-06 14:30:00,INDEX:NDTW,6.73,15.38,6.73,15.38,0.0
2018-02-07 14:30:00,INDEX:NDTW,17.3,25.0,10.57,13.46,0.0
2018-02-08 14:30:00,INDEX:NDTW,14.42,14.42,2.88,2.88,0.0
2018-02-09 14:30:00,INDEX:NDTW,7.69,7.69,0.96,5.76,0.0
2018-02-12 14:30:00,INDEX:NDTW,10.57,11.53,6.73,9.61,0.0
2018-02-13 14:30:00,INDEX:NDTW,8.65,14.42,7.69,12.5,0.0
2018-02-14 14:30:00,INDEX:NDTW,11.53,26.92,11.53,25.96,0.0
2018-02-15 14:30:00,INDEX:NDTW,27.88,39.42,25.0,39.42,0.0
2018-02-16 14:30:00,INDEX:NDTW,44.23,53.84,37.5,41.34,0.0
2018-02-20 14:30:00,INDEX:NDTW,42.3,56.73,38.46,44.23,0.0
2018-02-21 14:30:00,INDEX:NDTW,55.76,61.53,43.26,43.26,0.0
2018-02-22 14:30:00,INDEX:NDTW,58.65,58.65,46.15,47.11,0.0
2018-02-23 14:30:00,INDEX:NDTW,59.61,70.19,52.88,69.23,0.0
2018-02-26 14:30:00,INDEX:NDTW,75.0,77.88,71.15,75.96,0.0
2018-02-27 14:30:00,INDEX:NDTW,79.8,79.8,67.3,67.96,0.0
2018-02-28 14:30:00,INDEX:NDTW,72.81,73.78,60.19,60.19,0.0
2018-03-01 14:30:00,INDEX:NDTW,64.07,68.93,36.89,43.68,0.0
2018-03-02 14:30:00,INDEX:NDTW,44.66,62.5,35.92,62.5,0.0
2018-03-05 14:30:00,INDEX:NDTW,56.73,71.15,50.96,65.38,0.0
2018-03-06 14:30:00,INDEX:NDTW,72.11,74.03,68.26,73.07,0.0
2018-03-07 14:30:00,INDEX:NDTW,69.23,74.03,61.53,71.15,0.0
2018-03-08 14:30:00,INDEX:NDTW,75.96,76.92,72.11,73.07,0.0
2018-03-09 14:30:00,INDEX:NDTW,80.76,86.53,77.88,86.53,0.0
2018-03-12 13:30:00,INDEX:NDTW,85.57,89.42,84.61,88.34,0.0
2018-03-13 13:30:00,INDEX:NDTW,88.34,88.34,77.66,80.58,0.0
2018-03-14 13:30:00,INDEX:NDTW,79.61,80.58,71.84,75.49,0.0
2018-03-15 13:30:00,INDEX:NDTW,75.49,76.47,68.62,68.62,0.0
2018-03-16 13:30:00,INDEX:NDTW,72.54,75.49,69.6,69.6,0.0
2018-03-19 13:30:00,INDEX:NDTW,56.86,57.84,34.31,41.17,0.0
2018-03-20 13:30:00,INDEX:NDTW,44.11,50.0,41.17,46.07,0.0
2018-03-21 13:30:00,INDEX:NDTW,45.09,51.96,39.21,40.19,0.0
2018-03-22 13:30:00,INDEX:NDTW,25.49,31.37,12.74,12.74,0.0
2018-03-23 13:30:00,INDEX:NDTW,16.66,16.66,0.01,0.01,0.0
2018-03-26 13:30:00,INDEX:NDTW,9.8,25.49,3.92,24.5,0.0
2018-03-27 13:30:00,INDEX:NDTW,25.49,30.39,0.98,1.96,0.0
2018-03-28 13:30:00,INDEX:NDTW,3.92,3.92,0.98,1.96,0.0
2018-03-29 13:30:00,INDEX:NDTW,3.92,16.66,2.94,12.74,0.0
2018-04-02 13:30:00,INDEX:NDTW,8.82,9.8,0.98,1.96,0.0
2018-04-03 13:30:00,INDEX:NDTW,2.91,2.91,1.94,2.91,0.0
2018-04-04 13:30:00,INDEX:NDTW,2.91,14.56,2.91,13.59,0.0
2018-04-05 13:30:00,INDEX:NDTW,19.41,20.38,11.65,16.5,0.0
2018-04-06 13:30:00,INDEX:NDTW,11.65,16.5,3.88,7.76,0.0
2018-04-09 13:30:00,INDEX:NDTW,12.62,21.35,6.79,6.79,0.0
2018-04-10 13:30:00,INDEX:NDTW,19.41,31.06,17.47,31.06,0.0
2018-04-11 13:30:00,INDEX:NDTW,27.18,37.86,27.18,29.12,0.0
2018-04-12 13:30:00,INDEX:NDTW,38.83,51.45,38.83,50.48,0.0
2018-04-13 13:30:00,INDEX:NDTW,58.25,58.25,42.71,46.6,0.0
2018-04-16 13:30:00,INDEX:NDTW,60.19,67.96,53.39,62.13,0.0
2018-04-17 13:30:00,INDEX:NDTW,73.78,81.55,73.78,78.64,0.0
2018-04-18 13:30:00,INDEX:NDTW,79.61,82.52,77.66,82.52,0.0
2018-04-19 13:30:00,INDEX:NDTW,80.58,80.58,66.99,68.93,0.0
2018-04-20 13:30:00,INDEX:NDTW,68.93,68.93,52.42,57.28,0.0
2018-04-23 13:30:00,INDEX:NDTW,60.19,65.04,47.57,53.39,0.0
2018-04-24 13:30:00,INDEX:NDTW,61.16,64.07,33.98,41.74,0.0
2018-04-25 13:30:00,INDEX:NDTW,37.86,43.68,26.21,41.74,0.0
2018-04-26 13:30:00,INDEX:NDTW,46.6,58.25,46.6,54.36,0.0
2018-04-27 13:30:00,INDEX:NDTW,55.33,55.33,48.54,52.42,0.0
2018-04-30 13:30:00,INDEX:NDTW,53.39,53.39,46.6,47.57,0.0
2018-05-01 13:30:00,INDEX:NDTW,40.77,50.48,32.03,50.48,0.0
2018-05-02 13:30:00,INDEX:NDTW,43.68,48.54,36.89,38.83,0.0
2018-05-03 13:30:00,INDEX:NDTW,30.09,40.77,23.3,39.8,0.0
2018-05-04 13:30:00,INDEX:NDTW,31.06,62.13,31.06,59.22,0.0
2018-05-07 13:30:00,INDEX:NDTW,62.13,64.07,61.16,62.13,0.0
2018-05-08 13:30:00,INDEX:NDTW,63.1,65.04,58.25,62.13,0.0
2018-05-09 13:30:00,INDEX:NDTW,63.1,66.99,58.25,66.01,0.0
2018-05-10 13:30:00,INDEX:NDTW,66.01,69.9,66.01,68.93,0.0
2018-05-11 13:30:00,INDEX:NDTW,68.93,71.84,66.01,70.87,0.0
2018-05-14 13:30:00,INDEX:NDTW,71.84,75.72,69.9,69.9,0.0
2018-05-15 13:30:00,INDEX:NDTW,66.01,69.9,64.07,68.93,0.0
2018-05-16 13:30:00,INDEX:NDTW,68.93,75.72,68.93,75.72,0.0
2018-05-17 13:30:00,INDEX:NDTW,73.78,76.69,72.81,72.81,0.0
2018-05-18 13:30:00,INDEX:NDTW,70.87,73.78,67.96,68.93,0.0
2018-05-21 13:30:00,INDEX:NDTW,74.75,75.72,69.9,70.87,0.0
2018-05-22 13:30:00,INDEX:NDTW,72.81,72.81,66.99,66.99,0.0
2018-05-23 13:30:00,INDEX:NDTW,60.19,71.84,60.19,69.9,0.0
2018-05-24 13:30:00,INDEX:NDTW,71.84,72.81,59.22,67.96,0.0
2018-05-25 13:30:00,INDEX:NDTW,68.93,73.78,66.01,68.93,0.0
2018-05-29 13:30:00,INDEX:NDTW,57.28,60.19,44.66,57.28,0.0
2018-05-30 13:30:00,INDEX:NDTW,62.13,67.96,58.25,65.04,0.0
2018-05-31 13:30:00,INDEX:NDTW,64.07,65.04,54.36,56.31,0.0
2018-06-01 13:30:00,INDEX:NDTW,59.22,71.84,59.22,68.93,0.0
2018-06-04 13:30:00,INDEX:NDTW,71.84,76.69,69.9,75.72,0.0
2018-06-05 13:30:00,INDEX:NDTW,79.61,79.61,66.01,75.72,0.0
2018-06-06 13:30:00,INDEX:NDTW,72.81,79.61,70.87,79.61,0.0
2018-06-07 13:30:00,INDEX:NDTW,77.66,81.55,70.87,74.75,0.0
2018-06-08 13:30:00,INDEX:NDTW,77.66,77.66,69.9,75.72,0.0
2018-06-11 13:30:00,INDEX:NDTW,77.66,79.61,75.72,76.69,0.0
2018-06-12 13:30:00,INDEX:NDTW,76.69,80.58,75.72,77.66,0.0
2018-06-13 13:30:00,INDEX:NDTW,79.61,84.46,72.81,75.72,0.0
2018-06-14 13:30:00,INDEX:NDTW,80.58,85.43,80.58,83.49,0.0
2018-06-15 13:30:00,INDEX:NDTW,78.64,81.55,75.72,81.55,0.0
2018-06-18 13:30:00,INDEX:NDTW,71.84,79.61,71.84,77.66,0.0
2018-06-19 13:30:00,INDEX:NDTW,64.07,71.84,59.22,71.84,0.0
2018-06-20 13:30:00,INDEX:NDTW,71.84,78.64,70.87,73.78,0.0
2018-06-21 13:30:00,INDEX:NDTW,73.78,74.75,58.25,58.25,0.0
2018-06-22 13:30:00,INDEX:NDTW,60.19,60.19,54.36,54.36,0.0
2018-06-25 13:30:00,INDEX:NDTW,45.63,45.63,30.09,38.83,0.0
2018-06-26 13:30:00,INDEX:NDTW,37.86,37.86,27.18,32.03,0.0
2018-06-27 13:30:00,INDEX:NDTW,32.03,34.95,18.44,19.41,0.0
2018-06-28 13:30:00,INDEX:NDTW,16.5,27.18,14.56,25.24,0.0
2018-06-29 13:30:00,INDEX:NDTW,29.12,33.98,27.18,27.18,0.0
2018-07-02 13:30:00,INDEX:NDTW,20.38,33.0,19.41,33.0,0.0
2018-07-03 13:30:00,INDEX:NDTW,36.89,37.86,28.15,28.15,0.0
2018-07-05 13:30:00,INDEX:NDTW,37.86,48.54,33.0,48.54,0.0
2018-07-06 13:30:00,INDEX:NDTW,47.57,66.01,47.57,64.07,0.0
2018-07-09 13:30:00,INDEX:NDTW,69.9,71.84,63.1,70.87,0.0
2018-07-10 13:30:00,INDEX:NDTW,74.75,75.72,70.87,71.84,0.0
2018-07-11 13:30:00,INDEX:NDTW,66.99,66.99,56.31,59.22,0.0
2018-07-12 13:30:00,INDEX:NDTW,66.01,75.72,66.01,73.78,0.0
2018-07-13 13:30:00,INDEX:NDTW,79.61,81.55,75.72,78.64,0.0
2018-07-16 13:30:00,INDEX:NDTW,82.52,82.52,71.84,74.75,0.0
2018-07-17 13:30:00,INDEX:NDTW,72.81,85.43,72.81,83.49,0.0
2018-07-18 13:30:00,INDEX:NDTW,82.52,82.52,76.69,78.64,0.0
2018-07-19 13:30:00,INDEX:NDTW,76.69,76.69,72.81,75.72,0.0
2018-07-20 13:30:00,INDEX:NDTW,73.78,75.72,72.81,73.78,0.0
2018-07-23 13:30:00,INDEX:NDTW,71.84,77.66,66.99,72.81,0.0
2018-07-24 13:30:00,INDEX:NDTW,75.72,77.66,63.1,64.07,0.0
2018-07-25 13:30:00,INDEX:NDTW,66.99,69.9,62.13,69.9,0.0
2018-07-26 13:30:00,INDEX:NDTW,75.72,75.72,68.93,73.78,0.0
2018-07-27 13:30:00,INDEX:NDTW,73.78,73.78,48.54,53.39,0.0
2018-07-30 13:30:00,INDEX:NDTW,48.54,48.54,35.92,38.83,0.0
2018-07-31 13:30:00,INDEX:NDTW,45.63,49.51,42.71,42.71,0.0
2018-08-01 13:30:00,INDEX:NDTW,43.68,49.51,41.74,47.57,0.0
2018-08-02 13:30:00,INDEX:NDTW,40.77,53.39,38.83,51.45,0.0
2018-08-03 13:30:00,INDEX:NDTW,55.33,58.25,51.45,57.28,0.0
2018-08-06 13:30:00,INDEX:NDTW,53.39,63.1,53.39,62.13,0.0
2018-08-07 13:30:00,INDEX:NDTW,64.07,66.99,62.13,63.1,0.0
2018-08-08 13:30:00,INDEX:NDTW,61.16,61.16,54.36,58.25,0.0
2018-08-09 13:30:00,INDEX:NDTW,55.33,63.1,55.33,56.31,0.0
2018-08-10 13:30:00,INDEX:NDTW,43.68,49.51,39.8,46.6,0.0
2018-08-13 13:30:00,INDEX:NDTW,48.54,53.39,42.71,44.66,0.0
2018-08-14 13:30:00,INDEX:NDTW,52.42,58.25,47.57,51.45,0.0
2018-08-15 13:30:00,INDEX:NDTW,43.68,43.68,43.68,43.68,0.0
2018-08-16 13:30:00,INDEX:NDTW,44.66,49.51,42.71,42.71,0.0
2018-08-17 13:30:00,INDEX:NDTW,41.74,45.63,37.86,42.71,0.0
2018-08-20 13:30:00,INDEX:NDTW,46.6,48.54,41.74,44.66,0.0
2018-08-21 13:30:00,INDEX:NDTW,51.45,58.25,49.51,49.51,0.0
2018-08-22 13:30:00,INDEX:NDTW,53.39,62.13,50.48,59.22,0.0
2018-08-23 13:30:00,INDEX:NDTW,57.28,61.16,51.45,54.36,0.0
2018-08-24 13:30:00,INDEX:NDTW,59.22,63.1,57.28,62.13,0.0
2018-08-27 13:30:00,INDEX:NDTW,69.9,75.72,68.93,74.75,0.0
2018-08-28 13:30:00,INDEX:NDTW,78.64,78.64,70.87,74.75,0.0
2018-08-29 13:30:00,INDEX:NDTW,74.75,83.49,73.78,78.64,0.0
2018-08-30 13:30:00,INDEX:NDTW,77.66,79.61,66.99,67.96,0.0
2018-08-31 13:30:00,INDEX:NDTW,68.93,71.84,63.1,68.93,0.0
2018-09-04 13:30:00,INDEX:NDTW,63.1,65.04,54.36,62.13,0.0
2018-09-05 13:30:00,INDEX:NDTW,59.22,62.13,45.63,55.33,0.0
2018-09-06 13:30:00,INDEX:NDTW,55.33,55.33,41.74,51.45,0.0
2018-09-07 13:30:00,INDEX:NDTW,40.77,51.45,40.77,41.74,0.0
2018-09-10 13:30:00,INDEX:NDTW,46.6,50.48,46.6,47.57,0.0
2018-09-11 13:30:00,INDEX:NDTW,41.74,54.36,41.74,50.48,0.0
2018-09-12 13:30:00,INDEX:NDTW,52.42,55.33,45.63,50.48,0.0
2018-09-13 13:30:00,INDEX:NDTW,61.16,65.04,56.31,62.13,0.0
2018-09-14 13:30:00,INDEX:NDTW,59.22,67.96,55.33,58.25,0.0
2018-09-17 13:30:00,INDEX:NDTW,53.39,53.39,39.8,39.8,0.0
2018-09-18 13:30:00,INDEX:NDTW,46.6,52.42,45.63,48.54,0.0
2018-09-19 13:30:00,INDEX:NDTW,47.57,49.51,40.77,46.6,0.0
2018-09-20 13:30:00,INDEX:NDTW,51.45,60.19,51.45,59.22,0.0
2018-09-21 13:30:00,INDEX:NDTW,62.13,63.1,53.39,53.39,0.0
2018-09-24 13:30:00,INDEX:NDTW,45.63,56.31,45.63,55.33,0.0
2018-09-25 13:30:00,INDEX:NDTW,55.33,56.31,51.45,53.39,0.0
2018-09-26 13:30:00,INDEX:NDTW,59.22,68.93,54.36,54.36,0.0
2018-09-27 13:30:00,INDEX:NDTW,59.22,66.01,59.22,62.13,0.0
2018-09-28 13:30:00,INDEX:NDTW,61.16,65.04,57.28,60.19,0.0
2018-10-01 13:30:00,INDEX:NDTW,68.93,71.84,57.28,60.19,0.0
2018-10-02 13:30:00,INDEX:NDTW,61.16,66.99,54.36,54.36,0.0
2018-10-03 13:30:00,INDEX:NDTW,61.16,63.1,54.36,54.36,0.0
2018-10-04 13:30:00,INDEX:NDTW,43.68,43.68,19.41,28.15,0.0
2018-10-05 13:30:00,INDEX:NDTW,28.15,33.98,14.56,20.38,0.0
2018-10-08 13:30:00,INDEX:NDTW,15.53,27.18,12.62,21.35,0.0
2018-10-09 13:30:00,INDEX:NDTW,22.33,30.09,20.38,20.38,0.0
2018-10-10 13:30:00,INDEX:NDTW,14.56,15.53,2.91,2.91,0.0
2018-10-11 13:30:00,INDEX:NDTW,1.94,3.88,0.01,0.01,0.0
2018-10-12 13:30:00,INDEX:NDTW,1.94,4.85,0.97,4.85,0.0
2018-10-15 13:30:00,INDEX:NDTW,3.88,8.73,2.91,6.79,0.0
2018-10-16 13:30:00,INDEX:NDTW,8.73,24.27,8.73,23.3,0.0
2018-10-17 13:30:00,INDEX:NDTW,22.33,27.18,14.56,25.24,0.0
2018-10-18 13:30:00,INDEX:NDTW,19.41,21.35,8.73,11.65,0.0
2018-10-19 13:30:00,INDEX:NDTW,20.38,25.24,13.59,17.47,0.0
2018-10-22 13:30:00,INDEX:NDTW,21.35,21.35,12.62,14.56,0.0
2018-10-23 13:30:00,INDEX:NDTW,10.67,22.33,7.76,14.56,0.0
2018-10-24 13:30:00,INDEX:NDTW,14.56,18.44,5.82,5.82,0.0
2018-10-25 13:30:00,INDEX:NDTW,9.7,13.59,8.73,13.59,0.0
2018-10-26 13:30:00,INDEX:NDTW,9.7,16.5,8.73,10.67,0.0
2018-10-29 13:30:00,INDEX:NDTW,22.33,22.33,10.67,12.62,0.0
2018-10-30 13:30:00,INDEX:NDTW,13.59,23.3,13.59,23.3,0.0
2018-10-31 13:30:00,INDEX:NDTW,33.0,44.66,31.06,39.8,0.0
2018-11-01 13:30:00,INDEX:NDTW,46.6,62.13,37.86,62.13,0.0
2018-11-02 13:30:00,INDEX:NDTW,68.93,68.93,49.51,58.25,0.0
2018-11-05 14:30:00,INDEX:NDTW,63.1,63.1,53.39,62.13,0.0
2018-11-06 14:30:00,INDEX:NDTW,65.04,71.84,62.13,69.9,0.0
2018-11-07 14:30:00,INDEX:NDTW,78.64,86.4,75.72,85.29,0.0
2018-11-08 14:30:00,INDEX:NDTW,80.39,81.37,74.5,77.45,0.0
2018-11-09 14:30:00,INDEX:NDTW,70.58,70.58,62.74,66.66,0.0
2018-11-12 14:30:00,INDEX:NDTW,59.8,59.8,42.15,42.15,0.0
2018-11-13 14:30:00,INDEX:NDTW,61.76,66.66,47.05,50.98,0.0
2018-11-14 14:30:00,INDEX:NDTW,61.76,63.72,45.09,47.05,0.0
2018-11-15 14:30:00,INDEX:NDTW,43.13,65.68,39.21,65.68,0.0
2018-11-16 14:30:00,INDEX:NDTW,59.8,66.66,57.84,62.74,0.0
2018-11-19 14:30:00,INDEX:NDTW,58.82,60.78,41.17,45.09,0.0
2018-11-20 14:30:00,INDEX:NDTW,35.29,37.25,29.41,31.37,0.0
2018-11-21 14:30:00,INDEX:NDTW,39.21,44.11,36.27,36.27,0.0
2018-11-23 14:30:00,INDEX:NDTW,30.39,45.09,30.39,36.27,0.0
2018-11-26 14:30:00,INDEX:NDTW,44.66,53.39,43.68,53.39,0.0
2018-11-27 14:30:00,INDEX:NDTW,43.68,57.28,38.83,54.36,0.0
2018-11-28 14:30:00,INDEX:NDTW,52.42,74.75,47.57,74.75,0.0
2018-11-29 14:30:00,INDEX:NDTW,68.93,74.75,63.1,67.96,0.0
2018-11-30 14:30:00,INDEX:NDTW,68.93,77.66,66.99,77.66,0.0
2018-12-03 14:30:00,INDEX:NDTW,87.37,87.37,80.58,84.46,0.0
2018-12-04 14:30:00,INDEX:NDTW,84.46,86.4,44.66,45.63,0.0
2018-12-05 14:30:00,INDEX:NDTW,45.63,45.63,45.63,45.63,0.0
2018-12-06 14:30:00,INDEX:NDTW,22.33,52.42,20.38,52.42,0.0
2018-12-07 14:30:00,INDEX:NDTW,46.6,53.39,14.56,15.53,0.0
2018-12-10 14:30:00,INDEX:NDTW,21.35,27.18,12.62,24.27,0.0
2018-12-11 14:30:00,INDEX:NDTW,41.74,54.36,23.3,32.03,0.0
2018-12-12 14:30:00,INDEX:NDTW,54.36,64.07,45.63,45.63,0.0
2018-12-13 14:30:00,INDEX:NDTW,51.45,54.36,33.0,43.68,0.0
2018-12-14 14:30:00,INDEX:NDTW,24.27,33.98,15.53,19.41,0.0
2018-12-17 14:30:00,INDEX:NDTW,14.56,19.41,7.76,8.73,0.0
2018-12-18 14:30:00,INDEX:NDTW,8.73,13.59,7.76,8.73,0.0
2018-12-19 14:30:00,INDEX:NDTW,9.7,16.5,2.91,3.88,0.0
2018-12-20 14:30:00,INDEX:NDTW,3.88,3.88,0.01,1.94,0.0
2018-12-21 14:30:00,INDEX:NDTW,1.94,3.88,1.94,2.91,0.0
2018-12-24 14:30:00,INDEX:NDTW,1.94,1.94,0.97,0.98,0.0
2018-12-26 14:30:00,INDEX:NDTW,0.98,5.88,0.98,5.88,0.0
2018-12-27 14:30:00,INDEX:NDTW,3.92,10.78,1.96,10.78,0.0
2018-12-28 14:30:00,INDEX:NDTW,9.8,20.58,4.9,7.84,0.0
2018-12-31 14:30:00,INDEX:NDTW,17.64,17.64,6.86,11.76,0.0
2019-01-02 14:30:00,INDEX:NDTW,5.88,32.35,5.88,25.24,0.0
2019-01-03 14:30:00,INDEX:NDTW,20.38,20.38,10.67,10.67,0.0
2019-01-04 14:30:00,INDEX:NDTW,20.38,48.54,20.38,45.63,0.0
2019-01-07 14:30:00,INDEX:NDTW,51.45,76.69,44.66,61.16,0.0
2019-01-08 14:30:00,INDEX:NDTW,77.66,78.64,59.22,75.72,0.0
2019-01-09 14:30:00,INDEX:NDTW,82.52,88.34,77.66,86.4,0.0
2019-01-10 14:30:00,INDEX:NDTW,80.58,89.32,79.61,88.34,0.0
2019-01-11 14:30:00,INDEX:NDTW,86.4,88.34,84.46,88.34,0.0
2019-01-14 14:30:00,INDEX:NDTW,84.46,92.23,83.49,85.43,0.0
2019-01-15 14:30:00,INDEX:NDTW,94.17,94.17,94.17,94.17,0.0
2019-01-16 14:30:00,INDEX:NDTW,93.2,96.11,93.2,95.14,0.0
2019-01-17 14:30:00,INDEX:NDTW,96.11,98.05,95.14,98.05,0.0
2019-01-18 14:30:00,INDEX:NDTW,97.08,98.05,97.08,98.05,0.0
2019-01-22 14:30:00,INDEX:NDTW,96.11,97.08,89.32,90.29,0.0
2019-01-23 14:30:00,INDEX:NDTW,92.23,94.17,83.49,88.34,0.0
2019-01-24 14:30:00,INDEX:NDTW,88.34,88.34,83.49,85.43,0.0
2019-01-25 14:30:00,INDEX:NDTW,89.32,91.26,88.34,89.32,0.0
2019-01-28 14:30:00,INDEX:NDTW,82.52,84.46,79.61,82.52,0.0
2019-01-29 14:30:00,INDEX:NDTW,81.55,82.52,73.78,77.66,0.0
2019-01-30 14:30:00,INDEX:NDTW,80.58,89.32,79.61,86.4,0.0
2019-01-31 14:30:00,INDEX:NDTW,87.37,91.26,87.37,90.29,0.0
2019-02-01 14:30:00,INDEX:NDTW,88.34,90.29,85.43,86.4,0.0
2019-02-04 14:30:00,INDEX:NDTW,85.43,92.23,83.49,92.23,0.0
2019-02-05 14:30:00,INDEX:NDTW,90.29,95.14,90.29,93.2,0.0
2019-02-06 14:30:00,INDEX:NDTW,89.32,91.26,81.55,86.4,0.0
2019-02-07 14:30:00,INDEX:NDTW,78.64,82.52,70.87,79.61,0.0
2019-02-08 14:30:00,INDEX:NDTW,72.81,80.58,70.87,80.58,0.0
2019-02-11 14:30:00,INDEX:NDTW,84.46,84.46,78.64,79.61,0.0
2019-02-12 14:30:00,INDEX:NDTW,83.49,89.32,83.49,87.37,0.0
2019-02-13 14:30:00,INDEX:NDTW,92.23,92.23,85.43,87.37,0.0
2019-02-14 14:30:00,INDEX:NDTW,82.52,88.34,82.52,86.4,0.0
2019-02-15 14:30:00,INDEX:NDTW,88.34,90.29,87.37,89.32,0.0
2019-02-19 14:30:00,INDEX:NDTW,88.34,89.32,87.37,88.34,0.0
2019-02-20 14:30:00,INDEX:NDTW,87.37,88.34,85.43,87.37,0.0
2019-02-21 14:30:00,INDEX:NDTW,83.49,83.49,75.72,77.66,0.0
2019-02-22 14:30:00,INDEX:NDTW,75.72,82.52,74.75,79.61,0.0
2019-02-25 14:30:00,INDEX:NDTW,85.43,88.34,83.49,84.46,0.0
2019-02-26 14:30:00,INDEX:NDTW,80.58,84.46,79.61,82.52,0.0
2019-02-27 14:30:00,INDEX:NDTW,75.72,79.61,66.01,76.69,0.0
2019-02-28 14:30:00,INDEX:NDTW,66.01,71.84,61.16,67.96,0.0
2019-03-01 14:30:00,INDEX:NDTW,70.87,74.75,61.16,71.84,0.0
2019-03-04 14:30:00,INDEX:NDTW,75.72,77.66,52.42,63.1,0.0
2019-03-05 14:30:00,INDEX:NDTW,59.22,65.04,58.25,60.19,0.0
2019-03-06 14:30:00,INDEX:NDTW,58.25,58.25,45.63,48.54,0.0
2019-03-07 14:30:00,INDEX:NDTW,44.66,44.66,30.09,35.92,0.0
2019-03-08 14:30:00,INDEX:NDTW,23.3,26.21,18.44,26.21,0.0
2019-03-11 13:30:00,INDEX:NDTW,30.09,46.6,29.12,46.6,0.0
2019-03-12 13:30:00,INDEX:NDTW,44.66,59.22,42.71,51.45,0.0
2019-03-13 13:30:00,INDEX:NDTW,54.36,71.84,54.36,63.1,0.0
2019-03-14 13:30:00,INDEX:NDTW,65.04,65.04,55.33,63.1,0.0
2019-03-15 13:30:00,INDEX:NDTW,73.78,74.75,66.99,68.93,0.0
2019-03-18 13:30:00,INDEX:NDTW,73.78,77.66,66.99,72.81,0.0
2019-03-19 13:30:00,INDEX:NDTW,75.72,78.64,67.96,74.75,0.0
2019-03-20 13:30:00,INDEX:NDTW,72.81,76.69,61.16,64.07,0.0
2019-03-21 13:30:00,INDEX:NDTW,64.07,84.46,64.07,84.46,0.0
2019-03-22 13:30:00,INDEX:NDTW,80.58,80.58,62.13,64.07,0.0
2019-03-25 13:30:00,INDEX:NDTW,56.31,62.13,45.63,57.28,0.0
2019-03-26 13:30:00,INDEX:NDTW,75.72,77.66,63.1,70.87,0.0
2019-03-27 13:30:00,INDEX:NDTW,71.84,72.81,46.6,59.22,0.0
2019-03-28 13:30:00,INDEX:NDTW,59.22,65.04,52.42,58.25,0.0
2019-03-29 13:30:00,INDEX:NDTW,68.93,75.72,67.96,75.72,0.0
2019-04-01 13:30:00,INDEX:NDTW,84.46,88.34,83.49,88.34,0.0
2019-04-02 13:30:00,INDEX:NDTW,87.37,88.34,84.46,86.4,0.0
2019-04-03 13:30:00,INDEX:NDTW,88.34,91.26,86.4,88.34,0.0
2019-04-04 13:30:00,INDEX:NDTW,88.34,89.32,80.58,83.49,0.0
2019-04-05 13:30:00,INDEX:NDTW,84.46,88.34,84.46,86.4,0.0
2019-04-08 13:30:00,INDEX:NDTW,85.43,85.43,79.61,83.49,0.0
2019-04-09 13:30:00,INDEX:NDTW,81.55,85.43,79.61,83.49,0.0
2019-04-10 13:30:00,INDEX:NDTW,85.43,89.32,82.52,86.4,0.0
2019-04-11 13:30:00,INDEX:NDTW,88.34,88.34,79.61,82.52,0.0
2019-04-12 13:30:00,INDEX:NDTW,82.52,84.46,80.58,83.49,0.0
2019-04-15 13:30:00,INDEX:NDTW,84.46,84.46,74.75,81.55,0.0
2019-04-16 13:30:00,INDEX:NDTW,83.49,83.49,74.75,76.69,0.0
2019-04-17 13:30:00,INDEX:NDTW,74.75,74.75,67.96,69.9,0.0
2019-04-18 13:30:00,INDEX:NDTW,66.99,69.9,62.13,69.9,0.0
2019-04-22 13:30:00,INDEX:NDTW,66.01,69.9,66.01,69.9,0.0
2019-04-23 13:30:00,INDEX:NDTW,67.96,76.69,67.96,76.69,0.0
2019-04-24 13:30:00,INDEX:NDTW,74.75,74.75,70.87,71.84,0.0
2019-04-25 13:30:00,INDEX:NDTW,66.01,70.87,61.16,68.93,0.0
2019-04-26 13:30:00,INDEX:NDTW,60.19,66.01,57.28,66.01,0.0
2019-04-29 13:30:00,INDEX:NDTW,66.01,67.96,62.13,62.13,0.0
2019-04-30 13:30:00,INDEX:NDTW,63.1,66.01,59.22,62.13,0.0
2019-05-01 13:30:00,INDEX:NDTW,63.1,66.99,55.33,55.33,0.0
2019-05-02 13:30:00,INDEX:NDTW,56.31,62.13,51.45,57.28,0.0
2019-05-03 13:30:00,INDEX:NDTW,60.19,65.04,57.28,64.07,0.0
2019-05-06 13:30:00,INDEX:NDTW,41.74,53.39,40.77,50.48,0.0
2019-05-07 13:30:00,INDEX:NDTW,42.71,43.68,26.21,35.92,0.0
2019-05-08 13:30:00,INDEX:NDTW,30.09,40.77,26.21,31.06,0.0
2019-05-09 13:30:00,INDEX:NDTW,23.3,30.09,20.38,30.09,0.0
2019-05-10 13:30:00,INDEX:NDTW,25.24,37.86,17.47,35.92,0.0
2019-05-13 13:30:00,INDEX:NDTW,20.38,21.35,12.62,13.59,0.0
2019-05-14 13:30:00,INDEX:NDTW,13.59,28.15,13.59,21.35,0.0
2019-05-15 13:30:00,INDEX:NDTW,16.5,32.03,16.5,31.06,0.0
2019-05-16 13:30:00,INDEX:NDTW,32.03,46.6,32.03,41.74,0.0
2019-05-17 13:30:00,INDEX:NDTW,37.86,44.66,34.95,36.89,0.0
2019-05-20 13:30:00,INDEX:NDTW,25.24,30.09,23.3,26.21,0.0
2019-05-21 13:30:00,INDEX:NDTW,32.03,38.83,30.09,33.98,0.0
2019-05-22 13:30:00,INDEX:NDTW,33.0,37.86,32.03,36.89,0.0
2019-05-23 13:30:00,INDEX:NDTW,27.18,28.15,21.35,23.3,0.0
2019-05-24 13:30:00,INDEX:NDTW,27.18,30.09,23.3,25.24,0.0
2019-05-28 13:30:00,INDEX:NDTW,31.06,34.95,21.35,21.35,0.0
2019-05-29 13:30:00,INDEX:NDTW,16.5,16.5,8.73,10.67,0.0
2019-05-30 13:30:00,INDEX:NDTW,12.62,20.38,12.62,19.41,0.0
2019-05-31 13:30:00,INDEX:NDTW,6.79,12.62,4.85,10.67,0.0
2019-06-03 13:30:00,INDEX:NDTW,17.47,17.47,7.76,12.62,0.0
2019-06-04 13:30:00,INDEX:NDTW,21.35,36.89,17.47,36.89,0.0
2019-06-05 13:30:00,INDEX:NDTW,45.63,49.51,37.86,49.51,0.0
2019-06-06 13:30:00,INDEX:NDTW,56.31,59.22,47.57,56.31,0.0
2019-06-07 13:30:00,INDEX:NDTW,65.04,71.84,63.1,68.93,0.0
2019-06-10 13:30:00,INDEX:NDTW,81.55,82.52,75.72,76.69,0.0
2019-06-11 13:30:00,INDEX:NDTW,83.49,83.49,73.78,79.61,0.0
2019-06-12 13:30:00,INDEX:NDTW,71.84,75.72,69.9,71.84,0.0
2019-06-13 13:30:00,INDEX:NDTW,78.64,78.64,73.78,76.69,0.0
2019-06-14 13:30:00,INDEX:NDTW,69.9,72.81,65.04,67.96,0.0
2019-06-17 13:30:00,INDEX:NDTW,73.78,87.37,73.78,74.75,0.0
2019-06-18 13:30:00,INDEX:NDTW,84.46,94.17,84.46,89.32,0.0
2019-06-19 13:30:00,INDEX:NDTW,94.17,97.08,90.29,96.11,0.0
2019-06-20 13:30:00,INDEX:NDTW,98.05,99.02,97.08,97.08,0.0
2019-06-21 13:30:00,INDEX:NDTW,95.14,97.08,94.17,94.17,0.0
2019-06-24 13:30:00,INDEX:NDTW,95.14,96.11,92.23,92.23,0.0
2019-06-25 13:30:00,INDEX:NDTW,91.26,91.26,83.49,85.43,0.0
2019-06-26 13:30:00,INDEX:NDTW,87.37,88.34,75.72,78.64,0.0
2019-06-27 13:30:00,INDEX:NDTW,82.52,85.43,77.66,83.49,0.0
2019-06-28 13:30:00,INDEX:NDTW,83.49,86.4,79.61,83.49,0.0
2019-07-01 13:30:00,INDEX:NDTW,91.26,92.23,87.37,88.34,0.0
2019-07-02 13:30:00,INDEX:NDTW,86.4,89.32,86.4,88.34,0.0
2019-07-03 13:30:00,INDEX:NDTW,90.29,92.23,88.34,92.23,0.0
2019-07-05 13:30:00,INDEX:NDTW,85.43,88.34,78.64,88.34,0.0
2019-07-08 13:30:00,INDEX:NDTW,78.64,79.61,71.84,74.75,0.0
2019-07-09 13:30:00,INDEX:NDTW,70.87,76.69,68.93,73.78,0.0
2019-07-10 13:30:00,INDEX:NDTW,82.52,84.46,75.72,80.58,0.0
2019-07-11 13:30:00,INDEX:NDTW,78.64,79.61,71.84,75.72,0.0
2019-07-12 13:30:00,INDEX:NDTW,79.61,83.49,77.66,83.49,0.0
2019-07-15 13:30:00,INDEX:NDTW,79.61,81.55,77.66,80.58,0.0
2019-07-16 13:30:00,INDEX:NDTW,73.78,76.69,71.84,72.81,0.0
2019-07-17 13:30:00,INDEX:NDTW,74.75,75.72,66.99,66.99,0.0
2019-07-18 13:30:00,INDEX:NDTW,65.04,72.81,64.07,71.84,0.0
2019-07-19 13:30:00,INDEX:NDTW,72.81,74.75,64.07,64.07,0.0
2019-07-22 13:30:00,INDEX:NDTW,67.96,70.87,66.99,66.99,0.0
2019-07-23 13:30:00,INDEX:NDTW,66.99,69.9,61.16,69.9,0.0
2019-07-24 13:30:00,INDEX:NDTW,63.1,75.72,63.1,74.75,0.0
2019-07-25 13:30:00,INDEX:NDTW,70.87,70.87,59.22,63.1,0.0
2019-07-26 13:30:00,INDEX:NDTW,64.07,66.99,60.19,62.13,0.0
2019-07-29 13:30:00,INDEX:NDTW,66.01,66.01,60.19,62.13,0.0
2019-07-30 13:30:00,INDEX:NDTW,56.31,60.19,53.39,57.28,0.0
2019-07-31 13:30:00,INDEX:NDTW,55.33,55.33,33.0,39.8,0.0
2019-08-01 13:30:00,INDEX:NDTW,41.74,55.33,29.12,33.0,0.0
2019-08-02 13:30:00,INDEX:NDTW,27.18,27.18,21.35,25.24,0.0
2019-08-05 13:30:00,INDEX:NDTW,15.53,15.53,4.85,6.79,0.0
2019-08-06 13:30:00,INDEX:NDTW,12.62,13.59,6.79,13.59,0.0
2019-08-07 13:30:00,INDEX:NDTW,8.73,17.47,5.82,16.5,0.0
2019-08-08 13:30:00,INDEX:NDTW,20.38,33.0,20.38,33.0,0.0
2019-08-09 13:30:00,INDEX:NDTW,29.12,31.06,23.3,24.27,0.0
2019-08-12 13:30:00,INDEX:NDTW,21.35,24.27,13.59,14.56,0.0
2019-08-13 13:30:00,INDEX:NDTW,15.53,42.71,15.53,35.92,0.0
2019-08-14 13:30:00,INDEX:NDTW,16.5,17.47,10.67,11.65,0.0
2019-08-15 13:30:00,INDEX:NDTW,13.59,13.59,11.65,12.62,0.0
2019-08-16 13:30:00,INDEX:NDTW,21.35,25.24,19.41,22.33,0.0
2019-08-19 13:30:00,INDEX:NDTW,40.77,44.66,38.83,39.8,0.0
2019-08-20 13:30:00,INDEX:NDTW,40.77,44.66,33.98,33.98,0.0
2019-08-21 13:30:00,INDEX:NDTW,46.6,51.45,44.66,49.51,0.0
2019-08-22 13:30:00,INDEX:NDTW,56.31,57.28,40.77,49.51,0.0
2019-08-23 13:30:00,INDEX:NDTW,46.6,48.54,14.56,16.5,0.0
2019-08-26 13:30:00,INDEX:NDTW,34.95,36.89,23.3,34.95,0.0
2019-08-27 13:30:00,INDEX:NDTW,43.68,48.54,29.12,33.0,0.0
2019-08-28 13:30:00,INDEX:NDTW,25.24,45.63,25.24,41.74,0.0
2019-08-29 13:30:00,INDEX:NDTW,66.99,71.84,62.13,66.01,0.0
2019-08-30 13:30:00,INDEX:NDTW,73.78,73.78,66.01,68.93,0.0
2019-09-03 13:30:00,INDEX:NDTW,57.28,64.07,39.8,46.6,0.0
2019-09-04 13:30:00,INDEX:NDTW,66.01,66.01,57.28,65.04,0.0
2019-09-05 13:30:00,INDEX:NDTW,80.58,86.4,78.64,83.49,0.0
2019-09-06 13:30:00,INDEX:NDTW,85.43,87.37,82.52,82.52,0.0
2019-09-09 13:30:00,INDEX:NDTW,83.49,84.46,72.81,74.75,0.0
2019-09-10 13:30:00,INDEX:NDTW,70.87,70.87,66.99,70.87,0.0
2019-09-11 13:30:00,INDEX:NDTW,68.93,71.84,67.96,69.9,0.0
2019-09-12 13:30:00,INDEX:NDTW,76.69,77.66,72.81,72.81,0.0
2019-09-13 13:30:00,INDEX:NDTW,71.84,76.69,70.87,72.81,0.0
2019-09-16 13:30:00,INDEX:NDTW,68.93,72.81,66.01,71.84,0.0
2019-09-17 13:30:00,INDEX:NDTW,73.78,77.66,69.9,77.66,0.0
2019-09-18 13:30:00,INDEX:NDTW,76.69,76.69,64.07,73.78,0.0
2019-09-19 13:30:00,INDEX:NDTW,74.75,81.55,69.9,69.9,0.0
2019-09-20 13:30:00,INDEX:NDTW,71.84,75.72,62.13,62.13,0.0
2019-09-23 13:30:00,INDEX:NDTW,56.31,62.13,52.42,56.31,0.0
2019-09-24 13:30:00,INDEX:NDTW,56.31,64.07,29.12,35.92,0.0
2019-09-25 13:30:00,INDEX:NDTW,33.98,47.57,26.21,46.6,0.0
2019-09-26 13:30:00,INDEX:NDTW,43.68,52.42,31.06,42.71,0.0
2019-09-27 13:30:00,INDEX:NDTW,41.74,46.6,12.62,24.27,0.0
2019-09-30 13:30:00,INDEX:NDTW,24.27,39.8,24.27,33.98,0.0
2019-10-01 13:30:00,INDEX:NDTW,39.8,41.74,18.44,21.35,0.0
2019-10-02 13:30:00,INDEX:NDTW,14.56,14.56,3.88,7.76,0.0
2019-10-03 13:30:00,INDEX:NDTW,7.76,14.56,1.94,14.56,0.0
2019-10-04 13:30:00,INDEX:NDTW,23.3,35.92,21.35,35.92,0.0
2019-10-07 13:30:00,INDEX:NDTW,31.06,38.83,28.15,29.12,0.0
2019-10-08 13:30:00,INDEX:NDTW,18.44,22.33,7.76,8.73,0.0
2019-10-09 13:30:00,INDEX:NDTW,15.53,28.15,15.53,26.21,0.0
2019-10-10 13:30:00,INDEX:NDTW,25.24,38.83,25.24,36.89,0.0
2019-10-11 13:30:00,INDEX:NDTW,65.04,77.66,64.07,64.07,0.0
2019-10-14 13:30:00,INDEX:NDTW,63.1,66.99,61.16,64.07,0.0
2019-10-15 13:30:00,INDEX:NDTW,70.87,86.4,70.87,84.46,0.0
2019-10-16 13:30:00,INDEX:NDTW,79.61,83.49,76.69,77.66,0.0
2019-10-17 13:30:00,INDEX:NDTW,84.46,88.34,79.61,79.61,0.0
2019-10-18 13:30:00,INDEX:NDTW,80.58,80.58,66.01,68.93,0.0
2019-10-21 13:30:00,INDEX:NDTW,75.72,80.58,72.81,80.58,0.0
2019-10-22 13:30:00,INDEX:NDTW,79.61,80.58,65.04,66.99,0.0
2019-10-23 13:30:00,INDEX:NDTW,58.25,67.96,55.33,63.1,0.0
2019-10-24 13:30:00,INDEX:NDTW,71.84,72.81,64.07,71.84,0.0
2019-10-25 13:30:00,INDEX:NDTW,68.93,74.75,66.01,70.87,0.0
2019-10-28 13:30:00,INDEX:NDTW,77.66,78.64,73.78,73.78,0.0
2019-10-29 13:30:00,INDEX:NDTW,73.78,76.69,70.87,70.87,0.0
2019-10-30 13:30:00,INDEX:NDTW,69.9,77.66,66.01,77.66,0.0
2019-10-31 13:30:00,INDEX:NDTW,74.75,74.75,63.1,68.93,0.0
2019-11-01 13:30:00,INDEX:NDTW,74.75,80.58,73.78,78.64,0.0
2019-11-04 14:30:00,INDEX:NDTW,81.55,81.55,75.72,75.72,0.0
2019-11-05 14:30:00,INDEX:NDTW,72.81,75.72,70.87,71.28,0.0
2019-11-06 14:30:00,INDEX:NDTW,68.31,70.29,66.33,67.32,0.0
2019-11-07 14:30:00,INDEX:NDTW,68.31,70.29,66.33,66.33,0.0
2019-11-08 14:30:00,INDEX:NDTW,66.33,70.29,63.36,70.29,0.0
2019-11-11 14:30:00,INDEX:NDTW,63.36,68.31,63.36,66.33,0.0
2019-11-12 14:30:00,INDEX:NDTW,68.31,73.26,61.38,65.34,0.0
2019-11-13 14:30:00,INDEX:NDTW,59.4,65.34,59.4,62.37,0.0
2019-11-14 14:30:00,INDEX:NDTW,61.38,68.31,61.38,67.32,0.0
2019-11-15 14:30:00,INDEX:NDTW,71.28,72.27,69.3,69.3,0.0
2019-11-18 14:30:00,INDEX:NDTW,68.31,71.28,68.31,69.3,0.0
2019-11-19 14:30:00,INDEX:NDTW,71.28,71.28,64.35,67.32,0.0
2019-11-20 14:30:00,INDEX:NDTW,65.34,65.34,50.49,59.4,0.0
2019-11-21 14:30:00,INDEX:NDTW,58.41,58.41,53.46,55.44,0.0
2019-11-22 14:30:00,INDEX:NDTW,54.45,54.45,45.54,49.0,0.0
2019-11-25 14:30:00,INDEX:NDTW,61.0,69.0,61.0,69.0,0.0
2019-11-26 14:30:00,INDEX:NDTW,64.0,72.0,62.0,71.0,0.0
2019-11-27 14:30:00,INDEX:NDTW,77.0,78.0,73.0,77.0,0.0
2019-11-29 14:30:00,INDEX:NDTW,73.0,73.0,68.0,69.0,0.0
2019-12-02 14:30:00,INDEX:NDTW,60.0,60.0,47.0,49.51,0.0
2019-12-03 14:30:00,INDEX:NDTW,35.92,40.77,35.92,40.77,0.0
2019-12-04 14:30:00,INDEX:NDTW,53.39,56.31,49.51,51.45,0.0
2019-12-05 14:30:00,INDEX:NDTW,54.36,54.36,45.63,50.48,0.0
2019-12-06 14:30:00,INDEX:NDTW,66.99,70.87,65.04,66.01,0.0
2019-12-09 14:30:00,INDEX:NDTW,68.93,68.93,55.33,55.33,0.0
2019-12-10 14:30:00,INDEX:NDTW,56.31,63.1,55.33,58.25,0.0
2019-12-11 14:30:00,INDEX:NDTW,62.13,69.9,60.19,66.01,0.0
2019-12-12 14:30:00,INDEX:NDTW,73.78,77.66,65.04,68.93,0.0
2019-12-13 14:30:00,INDEX:NDTW,74.75,76.69,64.07,68.93,0.0
2019-12-16 14:30:00,INDEX:NDTW,77.66,81.55,74.75,75.72,0.0
2019-12-17 14:30:00,INDEX:NDTW,76.69,76.69,73.78,76.69,0.0
2019-12-18 14:30:00,INDEX:NDTW,77.66,81.55,73.78,74.75,0.0
2019-12-19 14:30:00,INDEX:NDTW,76.69,85.43,75.72,84.46,0.0
2019-12-20 14:30:00,INDEX:NDTW,86.4,87.37,83.49,87.37,0.0
2019-12-23 14:30:00,INDEX:NDTW,88.34,89.32,84.46,84.46,0.0
2019-12-24 14:30:00,INDEX:NDTW,86.4,86.4,83.49,86.4,0.0
2019-12-26 14:30:00,INDEX:NDTW,87.37,89.32,83.49,86.4,0.0
2019-12-27 14:30:00,INDEX:NDTW,88.34,88.34,83.49,84.46,0.0
2019-12-30 14:30:00,INDEX:NDTW,77.66,82.52,74.75,75.72,0.0
2019-12-31 14:30:00,INDEX:NDTW,77.66,78.64,73.78,78.64,0.0
2020-01-02 14:30:00,INDEX:NDTW,89.32,89.32,78.64,84.46,0.0
2020-01-03 14:30:00,INDEX:NDTW,72.81,76.69,69.9,69.9,0.0
2020-01-06 14:30:00,INDEX:NDTW,69.9,70.87,62.13,70.87,0.0
2020-01-07 14:30:00,INDEX:NDTW,68.93,74.75,67.96,71.84,0.0
2020-01-08 14:30:00,INDEX:NDTW,70.87,76.69,67.96,73.78,0.0
2020-01-09 14:30:00,INDEX:NDTW,77.66,77.66,72.81,73.78,0.0
2020-01-10 14:30:00,INDEX:NDTW,78.64,78.64,69.9,70.87,0.0
2020-01-13 14:30:00,INDEX:NDTW,72.81,78.64,72.81,74.75,0.0
2020-01-14 14:30:00,INDEX:NDTW,79.61,83.49,76.69,83.49,0.0
2020-01-15 14:30:00,INDEX:NDTW,83.49,84.46,78.64,81.55,0.0
2020-01-16 14:30:00,INDEX:NDTW,84.46,87.37,82.52,87.37,0.0
2020-01-17 14:30:00,INDEX:NDTW,83.49,87.37,80.58,83.49,0.0
2020-01-21 14:30:00,INDEX:NDTW,71.84,78.64,71.84,76.69,0.0
2020-01-22 14:30:00,INDEX:NDTW,78.64,79.61,73.78,75.72,0.0
2020-01-23 14:30:00,INDEX:NDTW,71.84,75.72,70.87,72.81,0.0
2020-01-24 14:30:00,INDEX:NDTW,70.87,70.87,58.25,61.16,0.0
2020-01-27 14:30:00,INDEX:NDTW,40.77,43.68,37.86,38.83,0.0
2020-01-28 14:30:00,INDEX:NDTW,38.83,56.31,38.83,52.42,0.0
2020-01-29 14:30:00,INDEX:NDTW,52.42,52.42,43.68,45.63,0.0
2020-01-30 14:30:00,INDEX:NDTW,39.8,49.51,33.98,49.51,0.0
2020-01-31 14:30:00,INDEX:NDTW,40.77,42.71,24.27,24.27,0.0
2020-02-03 14:30:00,INDEX:NDTW,39.8,42.71,36.89,38.83,0.0
2020-02-04 14:30:00,INDEX:NDTW,54.36,61.16,53.39,60.19,0.0
2020-02-05 14:30:00,INDEX:NDTW,70.87,73.78,66.99,71.84,0.0
2020-02-06 14:30:00,INDEX:NDTW,71.84,73.78,70.87,72.81,0.0
2020-02-07 14:30:00,INDEX:NDTW,66.01,66.99,56.31,57.28,0.0
2020-02-10 14:30:00,INDEX:NDTW,59.22,66.01,56.31,66.01,0.0
2020-02-11 14:30:00,INDEX:NDTW,70.87,76.69,70.87,70.87,0.0
2020-02-12 14:30:00,INDEX:NDTW,84.46,85.43,80.58,85.43,0.0
2020-02-13 14:30:00,INDEX:NDTW,84.46,86.4,80.58,85.43,0.0
2020-02-14 14:30:00,INDEX:NDTW,85.43,85.43,77.66,80.58,0.0
2020-02-18 14:30:00,INDEX:NDTW,76.69,80.58,71.84,78.64,0.0
2020-02-19 14:30:00,INDEX:NDTW,87.37,87.37,83.49,83.49,0.0
2020-02-20 14:30:00,INDEX:NDTW,81.55,83.49,66.01,75.72,0.0
2020-02-21 14:30:00,INDEX:NDTW,58.25,60.19,47.57,56.31,0.0
2020-02-24 14:30:00,INDEX:NDTW,28.15,30.09,19.41,21.35,0.0
2020-02-25 14:30:00,INDEX:NDTW,23.3,23.3,7.76,7.76,0.0
2020-02-26 14:30:00,INDEX:NDTW,16.5,18.44,7.76,10.67,0.0
2020-02-27 14:30:00,INDEX:NDTW,4.85,7.76,4.85,4.85,0.0
2020-02-28 14:30:00,INDEX:NDTW,1.94,3.88,0.97,3.88,0.0
2020-03-02 14:30:00,INDEX:NDTW,3.88,9.7,3.88,9.7,0.0
2020-03-03 14:30:00,INDEX:NDTW,6.79,12.62,2.91,4.85,0.0
2020-03-04 14:30:00,INDEX:NDTW,8.73,20.38,8.73,20.38,0.0
2020-03-05 14:30:00,INDEX:NDTW,13.59,17.47,11.65,14.56,0.0
2020-03-06 14:30:00,INDEX:NDTW,5.82,8.73,4.85,8.73,0.0
2020-03-09 13:30:00,INDEX:NDTW,3.88,6.79,2.91,3.88,0.0
2020-03-10 13:30:00,INDEX:NDTW,7.76,8.73,2.91,6.79,0.0
2020-03-11 13:30:00,INDEX:NDTW,5.82,5.82,2.91,4.85,0.0
2020-03-12 13:30:00,INDEX:NDTW,0.01,2.91,0.01,0.01,0.0
2020-03-13 13:30:00,INDEX:NDTW,0.01,2.91,0.01,2.91,0.0
2020-03-16 13:30:00,INDEX:NDTW,1.94,2.91,0.01,0.01,0.0
2020-03-17 13:30:00,INDEX:NDTW,0.01,6.79,0.01,6.79,0.0
2020-03-18 13:30:00,INDEX:NDTW,4.85,7.76,3.88,4.85,0.0
2020-03-19 13:30:00,INDEX:NDTW,4.85,7.76,4.85,4.85,0.0
2020-03-20 13:30:00,INDEX:NDTW,4.85,5.82,0.97,0.97,0.0
2020-03-23 13:30:00,INDEX:NDTW,1.94,4.85,0.97,2.91,0.0
2020-03-24 13:30:00,INDEX:NDTW,10.67,16.5,5.82,16.5,0.0
2020-03-25 13:30:00,INDEX:NDTW,19.41,26.21,8.73,8.73,0.0
2020-03-26 13:30:00,INDEX:NDTW,19.41,45.63,17.47,45.63,0.0
2020-03-27 13:30:00,INDEX:NDTW,20.38,38.83,16.5,17.47,0.0
2020-03-30 13:30:00,INDEX:NDTW,33.0,53.39,33.0,52.42,0.0
2020-03-31 13:30:00,INDEX:NDTW,56.31,65.04,42.71,45.63,0.0
2020-04-01 13:30:00,INDEX:NDTW,37.86,39.8,25.24,28.15,0.0
2020-04-02 13:30:00,INDEX:NDTW,33.98,40.77,32.03,40.77,0.0
2020-04-03 13:30:00,INDEX:NDTW,47.57,47.57,35.92,40.77,0.0
2020-04-06 13:30:00,INDEX:NDTW,69.9,89.32,69.9,89.32,0.0
2020-04-07 13:30:00,INDEX:NDTW,89.32,97.08,89.32,93.2,0.0
2020-04-08 13:30:00,INDEX:NDTW,96.11,97.08,95.14,97.08,0.0
2020-04-09 13:30:00,INDEX:NDTW,97.08,98.05,96.11,97.08,0.0
2020-04-13 13:30:00,INDEX:NDTW,98.05,98.05,97.08,98.05,0.0
2020-04-14 13:30:00,INDEX:NDTW,100.0,100.0,99.02,99.02,0.0
2020-04-15 13:30:00,INDEX:NDTW,99.02,99.02,96.11,98.05,0.0
2020-04-16 13:30:00,INDEX:NDTW,98.05,98.05,92.23,96.11,0.0
2020-04-17 13:30:00,INDEX:NDTW,99.02,99.02,99.02,99.02,0.0
2020-04-20 13:30:00,INDEX:NDTW,96.11,97.08,93.2,94.17,0.0
2020-04-21 13:30:00,INDEX:NDTW,83.49,89.32,71.84,78.64,0.0
2020-04-22 13:30:00,INDEX:NDTW,87.37,88.34,85.43,86.4,0.0
2020-04-23 13:30:00,INDEX:NDTW,86.4,92.23,79.61,80.58,0.0
2020-04-24 13:30:00,INDEX:NDTW,83.49,90.29,81.55,90.29,0.0
2020-04-27 13:30:00,INDEX:NDTW,94.17,95.14,94.17,94.17,0.0
2020-04-28 13:30:00,INDEX:NDTW,94.17,94.17,91.26,94.17,0.0
2020-04-29 13:30:00,INDEX:NDTW,90.29,93.2,90.29,92.23,0.0
2020-04-30 13:30:00,INDEX:NDTW,88.34,90.29,83.49,83.49,0.0
2020-05-01 13:30:00,INDEX:NDTW,71.84,71.84,56.31,62.13,0.0
2020-05-04 13:30:00,INDEX:NDTW,53.39,66.99,53.39,66.99,0.0
2020-05-05 13:30:00,INDEX:NDTW,71.84,78.64,70.87,70.87,0.0
2020-05-06 13:30:00,INDEX:NDTW,70.87,75.72,63.1,70.87,0.0
2020-05-07 13:30:00,INDEX:NDTW,81.55,82.52,76.69,77.66,0.0
2020-05-08 13:30:00,INDEX:NDTW,77.66,88.34,77.66,87.37,0.0
2020-05-11 13:30:00,INDEX:NDTW,82.52,89.32,80.58,85.43,0.0
2020-05-12 13:30:00,INDEX:NDTW,85.43,86.4,61.16,61.16,0.0
2020-05-13 13:30:00,INDEX:NDTW,51.45,64.07,39.8,46.6,0.0
2020-05-14 13:30:00,INDEX:NDTW,38.83,58.25,34.95,58.25,0.0
2020-05-15 13:30:00,INDEX:NDTW,50.48,60.19,45.63,56.31,0.0
2020-05-18 13:30:00,INDEX:NDTW,82.52,87.37,81.55,84.46,0.0
2020-05-19 13:30:00,INDEX:NDTW,82.52,87.37,79.61,79.61,0.0
2020-05-20 13:30:00,INDEX:NDTW,86.4,87.37,84.46,87.37,0.0
2020-05-21 13:30:00,INDEX:NDTW,83.49,83.49,76.69,78.64,0.0
2020-05-22 13:30:00,INDEX:NDTW,76.69,80.58,74.75,80.58,0.0
2020-05-26 13:30:00,INDEX:NDTW,88.34,88.34,74.75,77.66,0.0
2020-05-27 13:30:00,INDEX:NDTW,78.64,87.37,68.93,87.37,0.0
2020-05-28 13:30:00,INDEX:NDTW,87.37,89.32,84.46,85.43,0.0
2020-05-29 13:30:00,INDEX:NDTW,85.43,91.26,81.55,90.29,0.0
2020-06-01 13:30:00,INDEX:NDTW,88.34,93.2,88.34,91.26,0.0
2020-06-02 13:30:00,INDEX:NDTW,89.32,92.23,83.49,92.23,0.0
2020-06-03 13:30:00,INDEX:NDTW,91.26,91.26,86.4,88.34,0.0
2020-06-04 13:30:00,INDEX:NDTW,88.34,88.34,82.52,83.49,0.0
2020-06-05 13:30:00,INDEX:NDTW,85.43,88.34,85.43,87.37,0.0
2020-06-08 13:30:00,INDEX:NDTW,86.4,89.32,85.43,89.32,0.0
2020-06-09 13:30:00,INDEX:NDTW,90.29,93.2,88.34,91.26,0.0
2020-06-10 13:30:00,INDEX:NDTW,94.17,97.08,92.23,95.14,0.0
2020-06-11 13:30:00,INDEX:NDTW,81.55,82.52,39.8,39.8,0.0
2020-06-12 13:30:00,INDEX:NDTW,66.01,68.93,31.06,51.45,0.0
2020-06-15 13:30:00,INDEX:NDTW,29.12,65.04,29.12,62.13,0.0
2020-06-16 13:30:00,INDEX:NDTW,84.46,87.37,66.99,76.69,0.0
2020-06-17 13:30:00,INDEX:NDTW,77.66,78.64,71.84,71.84,0.0
2020-06-18 13:30:00,INDEX:NDTW,71.84,75.72,66.01,75.72,0.0
2020-06-19 13:30:00,INDEX:NDTW,78.64,81.55,63.1,66.99,0.0
2020-06-22 13:30:00,INDEX:NDTW,57.28,70.87,57.28,69.9,0.0
2020-06-23 13:30:00,INDEX:NDTW,73.78,73.78,63.1,64.07,0.0
2020-06-24 13:30:00,INDEX:NDTW,54.36,56.31,36.89,40.77,0.0
2020-06-25 13:30:00,INDEX:NDTW,33.98,49.51,33.98,47.57,0.0
2020-06-26 13:30:00,INDEX:NDTW,45.63,45.63,33.0,37.86,0.0
2020-06-29 13:30:00,INDEX:NDTW,30.09,43.68,30.09,43.68,0.0
2020-06-30 13:30:00,INDEX:NDTW,51.45,60.19,51.45,60.19,0.0
2020-07-01 13:30:00,INDEX:NDTW,64.07,64.07,56.31,58.25,0.0
2020-07-02 13:30:00,INDEX:NDTW,78.64,82.52,66.99,69.9,0.0
2020-07-06 13:30:00,INDEX:NDTW,84.46,85.43,81.55,81.55,0.0
2020-07-07 13:30:00,INDEX:NDTW,80.58,84.46,73.78,74.75,0.0
2020-07-08 13:30:00,INDEX:NDTW,75.72,80.58,68.93,80.58,0.0
2020-07-09 13:30:00,INDEX:NDTW,74.75,74.75,66.01,74.75,0.0
2020-07-10 13:30:00,INDEX:NDTW,74.75,81.55,67.96,81.55,0.0
2020-07-13 13:30:00,INDEX:NDTW,82.52,87.37,66.01,66.01,0.0
2020-07-14 13:30:00,INDEX:NDTW,63.1,72.81,40.77,70.87,0.0
2020-07-15 13:30:00,INDEX:NDTW,80.58,84.46,71.84,79.61,0.0
2020-07-16 13:30:00,INDEX:NDTW,68.93,75.72,65.04,74.75,0.0
2020-07-17 13:30:00,INDEX:NDTW,77.66,80.58,70.87,78.64,0.0
2020-07-20 13:30:00,INDEX:NDTW,79.61,91.26,79.61,88.34,0.0
2020-07-21 13:30:00,INDEX:NDTW,92.23,95.14,85.43,88.34,0.0
2020-07-22 13:30:00,INDEX:NDTW,88.34,91.26,80.58,86.4,0.0
2020-07-23 13:30:00,INDEX:NDTW,84.46,90.29,61.16,66.99,0.0
2020-07-24 13:30:00,INDEX:NDTW,52.42,52.42,42.71,48.54,0.0
2020-07-27 13:30:00,INDEX:NDTW,48.54,66.99,46.6,66.99,0.0
2020-07-28 13:30:00,INDEX:NDTW,61.16,65.04,45.63,45.63,0.0
2020-07-29 13:30:00,INDEX:NDTW,56.31,69.9,52.42,67.96,0.0
2020-07-30 13:30:00,INDEX:NDTW,45.63,61.16,43.68,56.31,0.0
2020-07-31 13:30:00,INDEX:NDTW,53.39,61.16,44.66,60.19,0.0
2020-08-03 13:30:00,INDEX:NDTW,65.04,72.81,59.22,68.93,0.0
2020-08-04 13:30:00,INDEX:NDTW,68.93,74.75,68.93,73.78,0.0
2020-08-05 13:30:00,INDEX:NDTW,68.93,71.84,65.04,66.01,0.0
2020-08-06 13:30:00,INDEX:NDTW,61.16,68.93,61.16,67.96,0.0
2020-08-07 13:30:00,INDEX:NDTW,67.96,70.87,56.31,65.04,0.0
2020-08-10 13:30:00,INDEX:NDTW,64.07,64.07,50.48,59.22,0.0
2020-08-11 13:30:00,INDEX:NDTW,58.25,59.22,47.57,49.51,0.0
2020-08-12 13:30:00,INDEX:NDTW,56.31,67.96,55.33,66.01,0.0
2020-08-13 13:30:00,INDEX:NDTW,66.99,72.81,66.99,69.9,0.0
2020-08-14 13:30:00,INDEX:NDTW,66.01,67.96,57.28,60.19,0.0
2020-08-17 13:30:00,INDEX:NDTW,67.96,74.75,67.96,72.81,0.0
2020-08-18 13:30:00,INDEX:NDTW,75.72,78.64,72.81,75.72,0.0
2020-08-19 13:30:00,INDEX:NDTW,75.72,77.66,71.84,71.84,0.0
2020-08-20 13:30:00,INDEX:NDTW,64.07,65.04,60.19,61.16,0.0
2020-08-21 13:30:00,INDEX:NDTW,57.28,57.28,51.45,57.28,0.0
2020-08-24 13:30:00,INDEX:NDTW,63.1,66.99,57.28,63.1,0.0
2020-08-25 13:30:00,INDEX:NDTW,61.16,70.87,60.19,70.87,0.0
2020-08-26 13:30:00,INDEX:NDTW,66.99,71.84,66.01,71.84,0.0
2020-08-27 13:30:00,INDEX:NDTW,72.81,77.66,68.93,68.93,0.0
2020-08-28 13:30:00,INDEX:NDTW,70.87,72.81,66.99,69.9,0.0
2020-08-31 13:30:00,INDEX:NDTW,69.9,71.84,66.99,70.87,0.0
2020-09-01 13:30:00,INDEX:NDTW,67.96,73.78,67.96,71.84,0.0
2020-09-02 13:30:00,INDEX:NDTW,79.61,89.32,78.64,87.37,0.0
2020-09-03 13:30:00,INDEX:NDTW,82.52,82.52,50.48,53.39,0.0
2020-09-04 13:30:00,INDEX:NDTW,60.19,60.19,25.24,44.66,0.0
2020-09-08 13:30:00,INDEX:NDTW,19.41,25.24,16.5,17.47,0.0
2020-09-09 13:30:00,INDEX:NDTW,19.41,34.95,18.44,31.06,0.0
2020-09-10 13:30:00,INDEX:NDTW,33.0,36.89,10.67,11.65,0.0
2020-09-11 13:30:00,INDEX:NDTW,17.47,22.33,11.65,12.62,0.0
2020-09-14 13:30:00,INDEX:NDTW,22.33,34.95,22.33,32.03,0.0
2020-09-15 13:30:00,INDEX:NDTW,44.66,47.57,40.77,43.68,0.0
2020-09-16 13:30:00,INDEX:NDTW,51.45,51.45,34.95,34.95,0.0
2020-09-17 13:30:00,INDEX:NDTW,22.33,31.06,21.35,28.15,0.0
2020-09-18 13:30:00,INDEX:NDTW,31.06,31.06,14.56,24.27,0.0
2020-09-21 13:30:00,INDEX:NDTW,10.67,13.59,5.82,12.62,0.0
2020-09-22 13:30:00,INDEX:NDTW,16.5,21.35,8.73,19.41,0.0
2020-09-23 13:30:00,INDEX:NDTW,21.35,25.24,8.73,10.67,0.0
2020-09-24 13:30:00,INDEX:NDTW,8.73,14.56,5.82,11.65,0.0
2020-09-25 13:30:00,INDEX:NDTW,7.76,34.95,7.76,31.06,0.0
2020-09-28 13:30:00,INDEX:NDTW,52.42,66.01,50.48,66.01,0.0
2020-09-29 13:30:00,INDEX:NDTW,69.9,73.78,60.19,61.16,0.0
2020-09-30 13:30:00,INDEX:NDTW,73.78,81.55,66.99,74.75,0.0
2020-10-01 13:30:00,INDEX:NDTW,83.49,83.49,73.78,79.61,0.0
2020-10-02 13:30:00,INDEX:NDTW,70.87,74.75,52.42,57.28,0.0
2020-10-05 13:30:00,INDEX:NDTW,77.66,82.52,72.81,81.55,0.0
2020-10-06 13:30:00,INDEX:NDTW,81.55,83.49,61.16,62.13,0.0
2020-10-07 13:30:00,INDEX:NDTW,76.69,82.52,72.81,80.58,0.0
2020-10-08 13:30:00,INDEX:NDTW,84.46,88.34,82.52,85.43,0.0
2020-10-09 13:30:00,INDEX:NDTW,90.29,92.23,89.32,92.23,0.0
2020-10-12 13:30:00,INDEX:NDTW,94.17,99.02,93.2,98.05,0.0
2020-10-13 13:30:00,INDEX:NDTW,98.05,98.05,93.2,95.14,0.0
2020-10-14 13:30:00,INDEX:NDTW,95.14,95.14,89.32,91.26,0.0
2020-10-15 13:30:00,INDEX:NDTW,85.43,88.34,83.49,85.43,0.0
2020-10-16 13:30:00,INDEX:NDTW,89.32,91.26,87.37,88.34,0.0
2020-10-19 13:30:00,INDEX:NDTW,87.37,87.37,67.96,72.81,0.0
2020-10-20 13:30:00,INDEX:NDTW,79.61,81.55,69.9,69.9,0.0
2020-10-21 13:30:00,INDEX:NDTW,66.99,70.87,55.33,55.33,0.0
2020-10-22 13:30:00,INDEX:NDTW,57.28,62.13,42.71,57.28,0.0
2020-10-23 13:30:00,INDEX:NDTW,57.28,57.28,46.6,55.33,0.0
2020-10-26 13:30:00,INDEX:NDTW,46.6,49.51,22.33,34.95,0.0
2020-10-27 13:30:00,INDEX:NDTW,34.95,38.83,28.15,29.12,0.0
2020-10-28 13:30:00,INDEX:NDTW,15.53,18.44,7.76,7.76,0.0
2020-10-29 13:30:00,INDEX:NDTW,11.65,24.27,9.7,15.53,0.0
2020-10-30 13:30:00,INDEX:NDTW,12.62,12.62,7.76,8.73,0.0
2020-11-02 14:30:00,INDEX:NDTW,12.62,16.5,11.65,15.53,0.0
2020-11-03 14:30:00,INDEX:NDTW,25.24,34.95,23.3,27.18,0.0
2020-11-04 14:30:00,INDEX:NDTW,56.31,71.84,49.51,59.22,0.0
2020-11-05 14:30:00,INDEX:NDTW,76.69,79.61,73.78,77.66,0.0
2020-11-06 14:30:00,INDEX:NDTW,73.78,77.66,70.87,73.78,0.0
2020-11-09 14:30:00,INDEX:NDTW,78.64,80.58,64.07,64.07,0.0
2020-11-10 14:30:00,INDEX:NDTW,60.19,63.1,54.36,59.22,0.0
2020-11-11 14:30:00,INDEX:NDTW,68.93,73.78,67.96,72.81,0.0
2020-11-12 14:30:00,INDEX:NDTW,75.72,75.72,65.04,66.01,0.0
2020-11-13 14:30:00,INDEX:NDTW,73.78,76.69,67.96,74.75,0.0
2020-11-16 14:30:00,INDEX:NDTW,69.9,75.72,69.9,73.78,0.0
2020-11-17 14:30:00,INDEX:NDTW,73.78,75.72,68.93,72.81,0.0
2020-11-18 14:30:00,INDEX:NDTW,70.87,73.78,66.99,66.99,0.0
2020-11-19 14:30:00,INDEX:NDTW,63.1,71.84,62.13,69.9,0.0
2020-11-20 14:30:00,INDEX:NDTW,70.87,76.69,67.96,67.96,0.0
2020-11-23 14:30:00,INDEX:NDTW,71.84,72.81,64.07,69.9,0.0
2020-11-24 14:30:00,INDEX:NDTW,70.87,78.64,68.93,75.72,0.0
2020-11-25 14:30:00,INDEX:NDTW,77.66,79.61,72.81,74.75,0.0
2020-11-27 14:30:00,INDEX:NDTW,80.58,86.4,75.72,85.43,0.0
2020-11-30 14:30:00,INDEX:NDTW,79.61,82.52,72.81,82.52,0.0
2020-12-01 14:30:00,INDEX:NDTW,82.52,86.4,77.66,82.52,0.0
2020-12-02 14:30:00,INDEX:NDTW,76.69,83.49,76.69,80.58,0.0
2020-12-03 14:30:00,INDEX:NDTW,79.61,83.49,78.64,78.64,0.0
2020-12-04 14:30:00,INDEX:NDTW,82.52,84.46,81.55,82.52,0.0
2020-12-07 14:30:00,INDEX:NDTW,86.4,86.4,78.64,83.49,0.0
2020-12-08 14:30:00,INDEX:NDTW,79.61,85.43,76.69,85.43,0.0
2020-12-09 14:30:00,INDEX:NDTW,84.46,84.46,65.04,73.78,0.0
2020-12-10 14:30:00,INDEX:NDTW,61.16,66.99,60.19,66.01,0.0
2020-12-11 14:30:00,INDEX:NDTW,59.22,65.04,49.51,64.07,0.0
2020-12-14 14:30:00,INDEX:NDTW,68.93,76.69,60.19,60.19,0.0
2020-12-15 14:30:00,INDEX:NDTW,67.96,74.75,64.07,74.75,0.0
2020-12-16 14:30:00,INDEX:NDTW,77.66,77.66,71.84,73.78,0.0
2020-12-17 14:30:00,INDEX:NDTW,78.64,78.64,73.78,76.69,0.0
2020-12-18 14:30:00,INDEX:NDTW,78.64,78.64,73.78,75.72,0.0
2020-12-21 14:30:00,INDEX:NDTW,66.01,67.96,55.33,66.01,0.0
2020-12-22 14:30:00,INDEX:NDTW,61.16,61.16,54.36,58.25,0.0
2020-12-23 14:30:00,INDEX:NDTW,59.22,62.13,58.25,60.19,0.0
2020-12-24 14:30:00,INDEX:NDTW,59.22,63.1,56.31,63.1,0.0
2020-12-28 14:30:00,INDEX:NDTW,67.96,67.96,62.13,66.01,0.0
2020-12-29 14:30:00,INDEX:NDTW,71.84,71.84,59.22,64.07,0.0
2020-12-30 14:30:00,INDEX:NDTW,66.01,71.84,62.13,63.1,0.0
2020-12-31 14:30:00,INDEX:NDTW,60.19,72.54,60.19,72.54,0.0
2021-01-04 14:30:00,INDEX:NDTW,74.5,74.5,33.33,50.98,0.0
2021-01-05 14:30:00,INDEX:NDTW,52.94,59.8,47.05,59.8,0.0
2021-01-06 14:30:00,INDEX:NDTW,44.11,66.66,44.11,54.9,0.0
2021-01-07 14:30:00,INDEX:NDTW,59.8,74.5,59.8,70.58,0.0
2021-01-08 14:30:00,INDEX:NDTW,73.52,80.39,73.52,79.41,0.0
2021-01-11 14:30:00,INDEX:NDTW,72.54,72.54,66.66,68.62,0.0
2021-01-12 14:30:00,INDEX:NDTW,66.66,66.66,52.94,55.88,0.0
2021-01-13 14:30:00,INDEX:NDTW,55.88,62.74,50.98,59.8,0.0
2021-01-14 14:30:00,INDEX:NDTW,59.8,62.74,50.98,53.92,0.0
2021-01-15 14:30:00,INDEX:NDTW,51.96,53.92,44.11,50.98,0.0
2021-01-19 14:30:00,INDEX:NDTW,55.88,59.8,51.96,57.84,0.0
2021-01-20 14:30:00,INDEX:NDTW,62.74,72.54,61.76,71.56,0.0
2021-01-21 14:30:00,INDEX:NDTW,69.6,70.58,65.68,68.62,0.0
2021-01-22 14:30:00,INDEX:NDTW,65.68,67.64,62.74,65.68,0.0
2021-01-25 14:30:00,INDEX:NDTW,65.68,69.6,56.86,66.66,0.0
2021-01-26 14:30:00,INDEX:NDTW,63.72,65.68,59.8,64.7,0.0
2021-01-27 14:30:00,INDEX:NDTW,43.13,49.01,31.37,32.35,0.0
2021-01-28 14:30:00,INDEX:NDTW,43.13,59.8,41.17,42.15,0.0
2021-01-29 14:30:00,INDEX:NDTW,31.37,41.17,21.56,27.45,0.0
2021-02-01 14:30:00,INDEX:NDTW,36.27,56.86,31.37,54.9,0.0
2021-02-02 14:30:00,INDEX:NDTW,59.8,68.62,55.88,65.68,0.0
2021-02-03 14:30:00,INDEX:NDTW,60.78,60.78,49.01,49.01,0.0
2021-02-04 14:30:00,INDEX:NDTW,51.96,61.76,51.96,60.78,0.0
2021-02-05 14:30:00,INDEX:NDTW,66.66,66.66,62.74,65.68,0.0
2021-02-08 14:30:00,INDEX:NDTW,70.58,73.52,69.6,73.52,0.0
2021-02-09 14:30:00,INDEX:NDTW,73.52,74.5,69.6,71.56,0.0
2021-02-10 14:30:00,INDEX:NDTW,74.5,74.5,64.7,71.56,0.0
2021-02-11 14:30:00,INDEX:NDTW,76.47,76.47,69.6,72.54,0.0
2021-02-12 14:30:00,INDEX:NDTW,72.54,76.47,71.56,76.47,0.0
2021-02-16 14:30:00,INDEX:NDTW,74.5,75.49,69.6,69.6,0.0
2021-02-17 14:30:00,INDEX:NDTW,61.76,69.6,60.78,66.66,0.0
2021-02-18 14:30:00,INDEX:NDTW,60.78,71.56,58.82,68.62,0.0
2021-02-19 14:30:00,INDEX:NDTW,69.6,69.6,59.8,59.8,0.0
2021-02-22 14:30:00,INDEX:NDTW,51.96,51.96,44.11,44.11,0.0
2021-02-23 14:30:00,INDEX:NDTW,26.47,39.21,26.47,38.23,0.0
2021-02-24 14:30:00,INDEX:NDTW,33.33,44.11,27.45,44.11,0.0
2021-02-25 14:30:00,INDEX:NDTW,38.23,38.23,20.58,21.56,0.0
2021-02-26 14:30:00,INDEX:NDTW,23.52,29.41,18.62,23.52,0.0
2021-03-01 14:30:00,INDEX:NDTW,30.39,41.17,27.45,40.19,0.0
2021-03-02 14:30:00,INDEX:NDTW,39.21,39.21,24.5,25.49,0.0
2021-03-03 14:30:00,INDEX:NDTW,23.52,23.52,14.7,14.7,0.0
2021-03-04 14:30:00,INDEX:NDTW,13.72,13.72,6.86,8.82,0.0
2021-03-05 14:30:00,INDEX:NDTW,8.82,24.5,8.82,20.58,0.0
2021-03-08 14:30:00,INDEX:NDTW,30.39,32.35,22.54,22.54,0.0
2021-03-09 14:30:00,INDEX:NDTW,28.43,38.23,28.43,29.41,0.0
2021-03-10 14:30:00,INDEX:NDTW,39.21,39.21,31.37,34.31,0.0
2021-03-11 14:30:00,INDEX:NDTW,38.23,49.01,38.23,46.07,0.0
2021-03-12 14:30:00,INDEX:NDTW,39.21,41.17,34.31,40.19,0.0
2021-03-15 13:30:00,INDEX:NDTW,42.15,50.98,40.19,50.98,0.0
2021-03-16 13:30:00,INDEX:NDTW,66.66,69.6,52.94,54.9,0.0
2021-03-17 13:30:00,INDEX:NDTW,51.96,68.62,46.07,64.7,0.0
2021-03-18 13:30:00,INDEX:NDTW,54.9,54.9,40.19,40.19,0.0
2021-03-19 13:30:00,INDEX:NDTW,45.09,53.92,37.25,50.0,0.0
2021-03-22 13:30:00,INDEX:NDTW,64.7,74.5,63.72,71.56,0.0
2021-03-23 13:30:00,INDEX:NDTW,67.64,69.6,52.94,54.9,0.0
2021-03-24 13:30:00,INDEX:NDTW,61.76,61.76,37.25,37.25,0.0
2021-03-25 13:30:00,INDEX:NDTW,37.25,44.11,30.39,42.15,0.0
2021-03-26 13:30:00,INDEX:NDTW,43.13,62.74,43.13,62.74,0.0
2021-03-29 13:30:00,INDEX:NDTW,60.78,65.68,55.88,61.76,0.0
2021-03-30 13:30:00,INDEX:NDTW,54.9,60.78,50.0,55.88,0.0
2021-03-31 13:30:00,INDEX:NDTW,58.82,80.39,58.82,72.54,0.0
2021-04-01 13:30:00,INDEX:NDTW,81.37,82.35,78.43,79.41,0.0
2021-04-05 13:30:00,INDEX:NDTW,81.37,83.33,77.45,82.35,0.0
2021-04-06 13:30:00,INDEX:NDTW,82.35,89.21,80.39,86.27,0.0
2021-04-07 13:30:00,INDEX:NDTW,80.39,87.25,73.52,74.5,0.0
2021-04-08 13:30:00,INDEX:NDTW,85.29,85.29,79.41,83.33,0.0
2021-04-09 13:30:00,INDEX:NDTW,80.39,80.39,76.47,79.41,0.0
2021-04-12 13:30:00,INDEX:NDTW,79.41,82.35,76.47,80.39,0.0
2021-04-13 13:30:00,INDEX:NDTW,83.33,86.27,76.47,84.31,0.0
2021-04-14 13:30:00,INDEX:NDTW,82.35,87.25,81.37,83.33,0.0
2021-04-15 13:30:00,INDEX:NDTW,87.25,91.17,87.25,87.25,0.0
2021-04-16 13:30:00,INDEX:NDTW,90.19,91.17,83.33,86.27,0.0
2021-04-19 13:30:00,INDEX:NDTW,81.37,83.33,67.64,74.5,0.0
2021-04-20 13:30:00,INDEX:NDTW,69.6,74.5,60.78,65.68,0.0
2021-04-21 13:30:00,INDEX:NDTW,61.76,77.45,61.76,77.45,0.0
2021-04-22 13:30:00,INDEX:NDTW,71.56,76.47,61.76,63.72,0.0
2021-04-23 13:30:00,INDEX:NDTW,68.62,76.47,68.62,72.54,0.0
2021-04-26 13:30:00,INDEX:NDTW,73.52,80.39,73.52,77.45,0.0
2021-04-27 13:30:00,INDEX:NDTW,76.47,76.47,69.6,69.6,0.0
2021-04-28 13:30:00,INDEX:NDTW,61.76,64.7,56.86,57.84,0.0
2021-04-29 13:30:00,INDEX:NDTW,59.8,60.78,54.9,59.8,0.0
2021-04-30 13:30:00,INDEX:NDTW,55.88,56.86,41.17,42.15,0.0
2021-05-03 13:30:00,INDEX:NDTW,50.98,53.92,44.11,47.05,0.0
2021-05-04 13:30:00,INDEX:NDTW,34.31,34.31,27.45,31.37,0.0
2021-05-05 13:30:00,INDEX:NDTW,31.37,32.35,25.49,26.47,0.0
2021-05-06 13:30:00,INDEX:NDTW,27.45,37.25,25.49,37.25,0.0
2021-05-07 13:30:00,INDEX:NDTW,37.25,52.94,37.25,45.09,0.0
2021-05-10 13:30:00,INDEX:NDTW,37.25,38.23,32.35,32.35,0.0
2021-05-11 13:30:00,INDEX:NDTW,28.43,29.41,25.49,26.47,0.0
2021-05-12 13:30:00,INDEX:NDTW,20.58,22.54,13.72,13.72,0.0
2021-05-13 13:30:00,INDEX:NDTW,16.66,26.47,16.66,24.5,0.0
2021-05-14 13:30:00,INDEX:NDTW,31.37,37.25,31.37,36.27,0.0
2021-05-17 13:30:00,INDEX:NDTW,34.31,34.31,27.45,28.43,0.0
2021-05-18 13:30:00,INDEX:NDTW,31.37,34.31,23.52,23.52,0.0
2021-05-19 13:30:00,INDEX:NDTW,18.62,22.54,16.66,22.54,0.0
2021-05-20 13:30:00,INDEX:NDTW,30.39,54.9,30.39,52.94,0.0
2021-05-21 13:30:00,INDEX:NDTW,59.8,64.7,44.11,44.11,0.0
2021-05-24 13:30:00,INDEX:NDTW,61.76,69.6,61.76,62.74,0.0
2021-05-25 13:30:00,INDEX:NDTW,76.47,76.47,60.78,65.68,0.0
2021-05-26 13:30:00,INDEX:NDTW,75.49,76.47,69.6,73.52,0.0
2021-05-27 13:30:00,INDEX:NDTW,73.52,78.43,70.58,70.58,0.0
2021-05-28 13:30:00,INDEX:NDTW,77.45,77.45,71.56,72.54,0.0
2021-06-01 13:30:00,INDEX:NDTW,80.39,80.39,68.62,71.56,0.0
2021-06-02 13:30:00,INDEX:NDTW,71.56,73.52,62.74,65.68,0.0
2021-06-03 13:30:00,INDEX:NDTW,53.92,57.84,47.05,52.94,0.0
2021-06-04 13:30:00,INDEX:NDTW,67.64,76.47,67.64,75.49,0.0
2021-06-07 13:30:00,INDEX:NDTW,74.5,74.5,63.72,68.62,0.0
2021-06-08 13:30:00,INDEX:NDTW,74.5,75.49,61.76,64.7,0.0
2021-06-09 13:30:00,INDEX:NDTW,68.62,72.54,64.7,64.7,0.0
2021-06-10 13:30:00,INDEX:NDTW,66.66,77.45,64.7,76.47,0.0
2021-06-11 13:30:00,INDEX:NDTW,77.45,77.45,67.64,73.52,0.0
2021-06-14 13:30:00,INDEX:NDTW,68.62,78.43,66.66,78.43,0.0
2021-06-15 13:30:00,INDEX:NDTW,76.47,78.43,71.56,73.52,0.0
2021-06-16 13:30:00,INDEX:NDTW,74.5,75.49,42.15,54.9,0.0
2021-06-17 13:30:00,INDEX:NDTW,50.98,67.64,50.98,63.72,0.0
2021-06-18 13:30:00,INDEX:NDTW,50.98,54.9,42.15,44.11,0.0
2021-06-21 13:30:00,INDEX:NDTW,50.0,57.84,50.0,56.86,0.0
2021-06-22 13:30:00,INDEX:NDTW,55.88,61.76,53.92,56.86,0.0
2021-06-23 13:30:00,INDEX:NDTW,58.82,59.8,54.9,54.9,0.0
2021-06-24 13:30:00,INDEX:NDTW,62.74,67.64,62.74,66.66,0.0
2021-06-25 13:30:00,INDEX:NDTW,67.64,70.58,65.68,69.6,0.0
2021-06-28 13:30:00,INDEX:NDTW,72.54,75.49,71.56,73.52,0.0
2021-06-29 13:30:00,INDEX:NDTW,72.54,77.45,71.56,74.5,0.0
2021-06-30 13:30:00,INDEX:NDTW,74.5,75.49,69.6,74.5,0.0
2021-07-01 13:30:00,INDEX:NDTW,73.52,74.5,69.6,70.58,0.0
2021-07-02 13:30:00,INDEX:NDTW,76.47,76.47,69.6,75.49,0.0
2021-07-06 13:30:00,INDEX:NDTW,72.54,73.52,60.78,67.64,0.0
2021-07-07 13:30:00,INDEX:NDTW,71.56,71.56,63.72,68.62,0.0
2021-07-08 13:30:00,INDEX:NDTW,56.86,64.7,53.92,61.76,0.0
2021-07-09 13:30:00,INDEX:NDTW,62.74,71.56,61.76,70.58,0.0
2021-07-12 13:30:00,INDEX:NDTW,71.56,72.54,65.68,71.56,0.0
2021-07-13 13:30:00,INDEX:NDTW,74.5,78.43,68.62,69.6,0.0
2021-07-14 13:30:00,INDEX:NDTW,76.47,76.47,63.72,63.72,0.0
2021-07-15 13:30:00,INDEX:NDTW,52.94,59.8,51.96,55.88,0.0
2021-07-16 13:30:00,INDEX:NDTW,56.86,58.82,50.98,51.96,0.0
2021-07-19 13:30:00,INDEX:NDTW,35.29,41.17,28.43,35.29,0.0
2021-07-20 13:30:00,INDEX:NDTW,37.25,57.84,33.33,50.98,0.0
2021-07-21 13:30:00,INDEX:NDTW,50.0,63.72,50.0,63.72,0.0
2021-07-22 13:30:00,INDEX:NDTW,59.8,66.66,57.84,64.7,0.0
2021-07-23 13:30:00,INDEX:NDTW,61.76,70.58,61.76,70.58,0.0
2021-07-26 13:30:00,INDEX:NDTW,69.6,72.54,68.62,69.6,0.0
2021-07-27 13:30:00,INDEX:NDTW,68.62,68.62,49.01,61.76,0.0
2021-07-28 13:30:00,INDEX:NDTW,62.74,69.6,60.78,64.7,0.0
2021-07-29 13:30:00,INDEX:NDTW,73.52,75.49,68.62,71.56,0.0
2021-07-30 13:30:00,INDEX:NDTW,65.68,71.56,63.72,69.6,0.0
2021-08-02 13:30:00,INDEX:NDTW,70.58,72.54,62.74,65.68,0.0
2021-08-03 13:30:00,INDEX:NDTW,64.7,66.66,56.86,66.66,0.0
2021-08-04 13:30:00,INDEX:NDTW,63.72,65.68,58.82,63.72,0.0
2021-08-05 13:30:00,INDEX:NDTW,64.7,73.52,64.7,73.52,0.0
2021-08-06 13:30:00,INDEX:NDTW,74.5,74.5,66.66,69.6,0.0
2021-08-09 13:30:00,INDEX:NDTW,65.68,65.68,61.76,63.72,0.0
2021-08-10 13:30:00,INDEX:NDTW,64.7,64.7,57.84,62.74,0.0
2021-08-11 13:30:00,INDEX:NDTW,65.68,65.68,58.82,61.76,0.0
2021-08-12 13:30:00,INDEX:NDTW,56.86,60.78,54.9,58.82,0.0
2021-08-13 13:30:00,INDEX:NDTW,58.82,62.74,58.82,62.74,0.0
2021-08-16 13:30:00,INDEX:NDTW,57.84,60.78,53.92,59.8,0.0
2021-08-17 13:30:00,INDEX:NDTW,51.96,51.96,43.13,50.98,0.0
2021-08-18 13:30:00,INDEX:NDTW,46.07,51.96,36.27,36.27,0.0
2021-08-19 13:30:00,INDEX:NDTW,35.29,48.03,35.29,43.13,0.0
2021-08-20 13:30:00,INDEX:NDTW,44.11,52.94,44.11,51.96,0.0
2021-08-23 13:30:00,INDEX:NDTW,57.84,67.64,56.86,63.72,0.0
2021-08-24 13:30:00,INDEX:NDTW,65.68,68.62,61.76,64.7,0.0
2021-08-25 13:30:00,INDEX:NDTW,66.66,74.5,66.66,71.56,0.0
2021-08-26 13:30:00,INDEX:NDTW,66.66,66.66,55.88,57.84,0.0
2021-08-27 13:30:00,INDEX:NDTW,60.78,76.47,60.78,72.54,0.0
2021-08-30 13:30:00,INDEX:NDTW,74.5,77.45,70.58,76.23,0.0
2021-08-31 13:30:00,INDEX:NDTW,75.24,76.23,70.29,74.25,0.0
2021-09-01 13:30:00,INDEX:NDTW,75.24,78.21,70.29,71.56,0.0
2021-09-02 13:30:00,INDEX:NDTW,74.5,77.45,69.6,76.47,0.0
2021-09-03 13:30:00,INDEX:NDTW,76.47,76.47,71.56,74.5,0.0
2021-09-07 13:30:00,INDEX:NDTW,67.64,67.64,57.84,57.84,0.0
2021-09-08 13:30:00,INDEX:NDTW,57.84,61.76,53.92,61.76,0.0
2021-09-09 13:30:00,INDEX:NDTW,58.82,60.78,53.92,55.88,0.0
2021-09-10 13:30:00,INDEX:NDTW,56.86,59.8,49.01,49.01,0.0
2021-09-13 13:30:00,INDEX:NDTW,55.88,55.88,46.07,50.0,0.0
2021-09-14 13:30:00,INDEX:NDTW,53.92,53.92,45.09,45.09,0.0
2021-09-15 13:30:00,INDEX:NDTW,40.19,50.98,39.21,50.0,0.0
2021-09-16 13:30:00,INDEX:NDTW,48.03,54.9,43.13,53.92,0.0
2021-09-17 13:30:00,INDEX:NDTW,46.07,46.07,34.31,37.25,0.0
2021-09-20 13:30:00,INDEX:NDTW,21.56,22.54,9.8,16.66,0.0
2021-09-21 13:30:00,INDEX:NDTW,15.68,21.56,15.68,20.58,0.0
2021-09-22 13:30:00,INDEX:NDTW,20.58,32.35,19.6,27.45,0.0
2021-09-23 13:30:00,INDEX:NDTW,35.29,42.15,35.29,39.21,0.0
2021-09-24 13:30:00,INDEX:NDTW,35.29,37.25,33.33,36.27,0.0
2021-09-27 13:30:00,INDEX:NDTW,31.37,31.37,31.37,31.37,0.0
2021-09-28 13:30:00,INDEX:NDTW,27.45,27.45,11.76,13.72,0.0
2021-09-29 13:30:00,INDEX:NDTW,17.64,19.6,11.76,11.76,0.0
2021-09-30 13:30:00,INDEX:NDTW,18.62,20.58,13.72,14.7,0.0
2021-10-01 13:30:00,INDEX:NDTW,17.64,19.6,12.74,16.66,0.0
2021-10-04 13:30:00,INDEX:NDTW,14.7,14.7,12.74,12.74,0.0
2021-10-05 13:30:00,INDEX:NDTW,13.72,20.58,13.72,17.64,0.0
2021-10-06 13:30:00,INDEX:NDTW,15.68,29.41,14.7,29.41,0.0
2021-10-07 13:30:00,INDEX:NDTW,43.13,50.0,41.17,42.15,0.0
2021-10-08 13:30:00,INDEX:NDTW,42.15,42.15,34.31,35.29,0.0
2021-10-11 13:30:00,INDEX:NDTW,33.33,42.15,28.43,28.43,0.0
2021-10-12 13:30:00,INDEX:NDTW,31.37,35.29,28.43,31.37,0.0
2021-10-13 13:30:00,INDEX:NDTW,37.25,43.13,34.31,41.17,0.0
2021-10-14 13:30:00,INDEX:NDTW,53.92,64.7,53.92,59.8,0.0
2021-10-15 13:30:00,INDEX:NDTW,68.62,73.52,64.7,67.64,0.0
2021-10-18 13:30:00,INDEX:NDTW,70.58,72.54,70.58,72.54,0.0
2021-10-19 13:30:00,INDEX:NDTW,74.5,82.35,73.52,82.35,0.0
2021-10-20 13:30:00,INDEX:NDTW,80.39,83.33,77.45,80.39,0.0
2021-10-21 13:30:00,INDEX:NDTW,82.35,84.31,80.39,84.31,0.0
2021-10-22 13:30:00,INDEX:NDTW,83.33,84.31,77.45,77.45,0.0
2021-10-25 13:30:00,INDEX:NDTW,78.43,81.37,77.45,80.39,0.0
2021-10-26 13:30:00,INDEX:NDTW,84.31,88.23,78.43,78.43,0.0
2021-10-27 13:30:00,INDEX:NDTW,73.52,73.52,65.68,65.68,0.0
2021-10-28 13:30:00,INDEX:NDTW,72.54,73.52,68.62,73.52,0.0
2021-10-29 13:30:00,INDEX:NDTW,74.5,75.49,71.56,75.49,0.0
2021-11-01 13:30:00,INDEX:NDTW,72.54,78.43,72.54,77.45,0.0
2021-11-02 13:30:00,INDEX:NDTW,73.52,73.52,67.64,70.58,0.0
2021-11-03 13:30:00,INDEX:NDTW,72.54,80.39,72.54,80.39,0.0
2021-11-04 13:30:00,INDEX:NDTW,79.41,79.41,76.47,78.43,0.0
2021-11-05 13:30:00,INDEX:NDTW,83.33,83.33,74.5,76.47,0.0
2021-11-08 14:30:00,INDEX:NDTW,78.43,78.43,73.52,75.49,0.0
2021-11-09 14:30:00,INDEX:NDTW,77.45,77.45,73.52,75.49,0.0
2021-11-10 14:30:00,INDEX:NDTW,73.52,74.5,66.66,69.6,0.0
2021-11-11 14:30:00,INDEX:NDTW,71.56,71.56,62.74,62.74,0.0
2021-11-12 14:30:00,INDEX:NDTW,69.6,74.5,66.66,72.54,0.0
2021-11-15 14:30:00,INDEX:NDTW,69.6,73.52,65.68,70.58,0.0
2021-11-16 14:30:00,INDEX:NDTW,67.64,72.54,66.66,66.66,0.0
2021-11-17 14:30:00,INDEX:NDTW,63.72,65.68,59.8,63.72,0.0
2021-11-18 14:30:00,INDEX:NDTW,62.74,62.74,55.88,59.8,0.0
2021-11-19 14:30:00,INDEX:NDTW,55.88,58.82,50.98,51.96,0.0
2021-11-22 14:30:00,INDEX:NDTW,50.98,54.9,45.09,45.09,0.0
2021-11-23 14:30:00,INDEX:NDTW,42.15,46.07,36.27,45.09,0.0
2021-11-24 14:30:00,INDEX:NDTW,33.33,43.13,30.39,41.17,0.0
2021-11-26 14:30:00,INDEX:NDTW,38.23,38.23,21.56,21.56,0.0
2021-11-29 14:30:00,INDEX:NDTW,28.43,44.11,28.43,42.15,0.0
2021-11-30 14:30:00,INDEX:NDTW,37.25,37.25,19.6,19.6,0.0
2021-12-01 14:30:00,INDEX:NDTW,25.49,40.19,17.64,17.64,0.0
2021-12-02 14:30:00,INDEX:NDTW,17.64,30.39,16.66,27.45,0.0
2021-12-03 14:30:00,INDEX:NDTW,28.43,28.43,16.66,21.56,0.0
2021-12-06 14:30:00,INDEX:NDTW,29.41,39.21,24.5,32.35,0.0
2021-12-07 14:30:00,INDEX:NDTW,45.09,55.88,45.09,51.96,0.0
2021-12-08 14:30:00,INDEX:NDTW,49.01,56.86,49.01,54.9,0.0
2021-12-09 14:30:00,INDEX:NDTW,54.9,55.88,42.15,42.15,0.0
2021-12-10 14:30:00,INDEX:NDTW,55.88,55.88,45.09,51.96,0.0
2021-12-13 14:30:00,INDEX:NDTW,50.98,54.9,48.03,49.01,0.0
2021-12-14 14:30:00,INDEX:NDTW,45.09,45.09,33.33,37.25,0.0
2021-12-15 14:30:00,INDEX:NDTW,36.27,57.84,31.37,57.84,0.0
2021-12-16 14:30:00,INDEX:NDTW,54.9,54.9,37.25,39.21,0.0
2021-12-17 14:30:00,INDEX:NDTW,38.23,48.03,34.31,40.19,0.0
2021-12-20 14:30:00,INDEX:NDTW,30.39,33.33,27.45,30.39,0.0
2021-12-21 14:30:00,INDEX:NDTW,43.13,59.8,37.25,58.82,0.0
2021-12-22 14:30:00,INDEX:NDTW,55.88,66.66,55.88,65.68,0.0
2021-12-23 14:30:00,INDEX:NDTW,69.6,78.43,69.6,74.5,0.0
2021-12-27 14:30:00,INDEX:NDTW,79.41,84.31,78.43,84.31,0.0
2021-12-28 14:30:00,INDEX:NDTW,85.29,85.29,81.37,84.31,0.0
2021-12-29 14:30:00,INDEX:NDTW,82.35,85.29,78.43,84.31,0.0
2021-12-30 14:30:00,INDEX:NDTW,85.29,91.17,83.33,87.25,0.0
2021-12-31 14:30:00,INDEX:NDTW,85.29,85.29,76.47,76.47,0.0
2022-01-03 14:30:00,INDEX:NDTW,76.23,76.23,63.36,71.28,0.0
2022-01-04 14:30:00,INDEX:NDTW,65.34,66.33,43.56,60.39,0.0
2022-01-05 14:30:00,INDEX:NDTW,48.51,54.45,31.68,31.68,0.0
2022-01-06 14:30:00,INDEX:NDTW,33.66,40.59,32.67,36.63,0.0
2022-01-07 14:30:00,INDEX:NDTW,37.62,40.59,28.71,28.71,0.0
2022-01-10 14:30:00,INDEX:NDTW,23.76,25.74,18.81,25.74,0.0
2022-01-11 14:30:00,INDEX:NDTW,26.73,41.58,25.74,40.59,0.0
2022-01-12 14:30:00,INDEX:NDTW,43.56,43.56,31.68,37.62,0.0
2022-01-13 14:30:00,INDEX:NDTW,40.59,44.55,30.69,30.69,0.0
2022-01-14 14:30:00,INDEX:NDTW,27.72,30.69,26.73,30.69,0.0
2022-01-18 14:30:00,INDEX:NDTW,28.71,28.71,19.8,19.8,0.0
2022-01-19 14:30:00,INDEX:NDTW,24.75,24.75,19.8,19.8,0.0
2022-01-20 14:30:00,INDEX:NDTW,24.75,25.74,17.82,17.82,0.0
2022-01-21 14:30:00,INDEX:NDTW,19.8,19.8,12.87,12.87,0.0
2022-01-24 14:30:00,INDEX:NDTW,14.85,14.85,2.97,7.92,0.0
2022-01-25 14:30:00,INDEX:NDTW,6.93,8.91,2.97,5.94,0.0
2022-01-26 14:30:00,INDEX:NDTW,8.91,9.9,1.98,3.96,0.0
2022-01-27 14:30:00,INDEX:NDTW,10.89,10.89,2.97,4.95,0.0
2022-01-28 14:30:00,INDEX:NDTW,2.97,11.88,2.97,11.88,0.0
2022-01-31 14:30:00,INDEX:NDTW,9.9,26.73,9.9,26.73,0.0
2022-02-01 14:30:00,INDEX:NDTW,29.7,43.56,22.77,43.56,0.0
2022-02-02 14:30:00,INDEX:NDTW,44.55,49.5,39.6,48.51,0.0
2022-02-03 14:30:00,INDEX:NDTW,38.61,42.57,27.72,28.71,0.0
2022-02-04 14:30:00,INDEX:NDTW,28.71,42.57,24.75,36.63,0.0
2022-02-07 14:30:00,INDEX:NDTW,37.62,42.57,33.66,37.62,0.0
2022-02-08 14:30:00,INDEX:NDTW,37.62,47.52,37.62,47.52,0.0
2022-02-09 14:30:00,INDEX:NDTW,64.35,72.27,61.38,71.28,0.0
2022-02-10 14:30:00,INDEX:NDTW,54.45,70.29,45.54,47.52,0.0
2022-02-11 14:30:00,INDEX:NDTW,54.45,54.45,27.72,27.72,0.0
2022-02-14 14:30:00,INDEX:NDTW,29.7,33.66,24.75,28.71,0.0
2022-02-15 14:30:00,INDEX:NDTW,40.59,52.47,38.61,52.47,0.0
2022-02-16 14:30:00,INDEX:NDTW,37.62,50.49,33.66,49.0,0.0
2022-02-17 14:30:00,INDEX:NDTW,37.0,37.0,25.0,25.0,0.0
2022-02-18 14:30:00,INDEX:NDTW,24.0,25.0,17.0,18.0,0.0
2022-02-22 14:30:00,INDEX:NDTW,14.0,24.0,10.0,12.0,0.0
2022-02-23 14:30:00,INDEX:NDTW,13.0,13.0,5.0,5.0,0.0
2022-02-24 14:30:00,INDEX:NDTW,3.0,21.0,3.0,19.0,0.0
2022-02-25 14:30:00,INDEX:NDTW,17.0,40.0,11.0,40.0,0.0
2022-02-28 14:30:00,INDEX:NDTW,30.0,30.0,30.0,30.0,0.0
2022-03-01 14:30:00,INDEX:NDTW,32.0,32.0,19.0,20.0,0.0
2022-03-02 14:30:00,INDEX:NDTW,31.37,46.07,24.5,42.15,0.0
2022-03-03 14:30:00,INDEX:NDTW,49.01,49.01,37.25,39.21,0.0
2022-03-04 14:30:00,INDEX:NDTW,32.35,38.23,28.43,37.25,0.0
2022-03-07 14:30:00,INDEX:NDTW,35.29,37.25,24.5,24.5,0.0
2022-03-08 14:30:00,INDEX:NDTW,22.54,28.43,15.68,15.68,0.0
2022-03-09 14:30:00,INDEX:NDTW,31.37,36.27,25.49,34.31,0.0
2022-03-10 14:30:00,INDEX:NDTW,24.5,28.43,20.58,26.47,0.0
2022-03-11 14:30:00,INDEX:NDTW,36.27,36.27,23.52,24.5,0.0
2022-03-14 13:30:00,INDEX:NDTW,23.52,25.49,20.58,23.52,0.0
2022-03-15 13:30:00,INDEX:NDTW,24.5,31.37,24.5,31.37,0.0
2022-03-16 13:30:00,INDEX:NDTW,39.21,62.74,33.33,62.74,0.0
2022-03-17 13:30:00,INDEX:NDTW,59.8,71.56,57.84,71.56,0.0
2022-03-18 13:30:00,INDEX:NDTW,67.64,88.23,67.64,88.23,0.0
2022-03-21 13:30:00,INDEX:NDTW,89.21,89.21,74.5,82.35,0.0
2022-03-22 13:30:00,INDEX:NDTW,85.29,96.07,85.29,95.09,0.0
2022-03-23 13:30:00,INDEX:NDTW,89.21,89.21,77.45,77.45,0.0
2022-03-24 13:30:00,INDEX:NDTW,79.41,85.29,75.49,85.29,0.0
2022-03-25 13:30:00,INDEX:NDTW,87.25,87.25,77.45,84.31,0.0
2022-03-28 13:30:00,INDEX:NDTW,88.23,91.17,85.29,91.17,0.0
2022-03-29 13:30:00,INDEX:NDTW,99.01,99.01,96.07,99.01,0.0
2022-03-30 13:30:00,INDEX:NDTW,99.01,99.01,96.07,97.05,0.0
2022-03-31 13:30:00,INDEX:NDTW,95.09,95.09,89.21,89.21,0.0
2022-04-01 13:30:00,INDEX:NDTW,93.13,93.13,79.41,85.29,0.0
2022-04-04 13:30:00,INDEX:NDTW,83.33,91.17,83.33,91.17,0.0
2022-04-05 13:30:00,INDEX:NDTW,83.33,83.33,74.5,75.49,0.0
2022-04-06 13:30:00,INDEX:NDTW,54.9,66.66,51.96,56.86,0.0
2022-04-07 13:30:00,INDEX:NDTW,54.9,60.78,44.11,52.94,0.0
2022-04-08 13:30:00,INDEX:NDTW,45.09,50.98,42.15,43.13,0.0
2022-04-11 13:30:00,INDEX:NDTW,33.33,40.19,31.37,31.37,0.0
2022-04-12 13:30:00,INDEX:NDTW,36.27,37.25,24.5,26.47,0.0
2022-04-13 13:30:00,INDEX:NDTW,30.39,42.15,29.41,40.19,0.0
2022-04-14 13:30:00,INDEX:NDTW,36.27,36.27,29.41,29.41,0.0
2022-04-18 13:30:00,INDEX:NDTW,28.43,28.43,23.52,23.52,0.0
2022-04-19 13:30:00,INDEX:NDTW,23.52,37.25,23.52,34.31,0.0
2022-04-20 13:30:00,INDEX:NDTW,42.15,42.15,33.33,33.33,0.0
2022-04-21 13:30:00,INDEX:NDTW,46.07,46.07,27.45,27.45,0.0
2022-04-22 13:30:00,INDEX:NDTW,20.58,20.58,14.7,14.7,0.0
2022-04-25 13:30:00,INDEX:NDTW,11.76,16.66,8.82,16.66,0.0
2022-04-26 13:30:00,INDEX:NDTW,15.68,15.68,9.8,9.8,0.0
2022-04-27 13:30:00,INDEX:NDTW,10.78,18.62,7.84,12.74,0.0
2022-04-28 13:30:00,INDEX:NDTW,15.68,23.52,8.82,20.58,0.0
2022-04-29 13:30:00,INDEX:NDTW,24.5,27.45,9.8,9.8,0.0
2022-05-02 13:30:00,INDEX:NDTW,9.8,13.72,5.88,11.76,0.0
2022-05-03 13:30:00,INDEX:NDTW,11.76,21.56,11.76,18.62,0.0
2022-05-04 13:30:00,INDEX:NDTW,20.58,46.07,12.74,45.09,0.0
2022-05-05 13:30:00,INDEX:NDTW,32.35,32.35,10.78,18.62,0.0
2022-05-06 13:30:00,INDEX:NDTW,4.9,16.66,4.9,10.78,0.0
2022-05-09 13:30:00,INDEX:NDTW,4.9,9.8,1.96,3.92,0.0
2022-05-10 13:30:00,INDEX:NDTW,9.8,9.8,2.94,6.86,0.0
2022-05-11 13:30:00,INDEX:NDTW,1.96,10.78,1.96,3.92,0.0
2022-05-12 13:30:00,INDEX:NDTW,5.88,5.88,0.98,4.9,0.0
2022-05-13 13:30:00,INDEX:NDTW,8.82,22.54,8.82,18.62,0.0
2022-05-16 13:30:00,INDEX:NDTW,18.62,27.45,17.64,19.6,0.0
2022-05-17 13:30:00,INDEX:NDTW,32.35,39.21,30.39,39.21,0.0
2022-05-18 13:30:00,INDEX:NDTW,31.37,33.33,16.66,18.62,0.0
2022-05-19 13:30:00,INDEX:NDTW,15.68,31.37,15.68,20.58,0.0
2022-05-20 13:30:00,INDEX:NDTW,33.33,33.33,10.78,25.49,0.0
2022-05-23 13:30:00,INDEX:NDTW,35.29,38.23,28.43,32.35,0.0
2022-05-24 13:30:00,INDEX:NDTW,26.47,26.47,18.62,21.56,0.0
2022-05-25 13:30:00,INDEX:NDTW,22.54,42.15,22.54,36.27,0.0
2022-05-26 13:30:00,INDEX:NDTW,45.09,60.78,45.09,58.82,0.0
2022-05-27 13:30:00,INDEX:NDTW,72.54,79.41,72.54,79.41,0.0
2022-05-31 13:30:00,INDEX:NDTW,78.43,82.35,73.52,78.43,0.0
2022-06-01 13:30:00,INDEX:NDTW,85.29,85.29,70.58,73.52,0.0
2022-06-02 13:30:00,INDEX:NDTW,74.5,91.17,74.5,91.17,0.0
2022-06-03 13:30:00,INDEX:NDTW,89.21,89.21,81.37,82.35,0.0
2022-06-06 13:30:00,INDEX:NDTW,86.27,88.23,76.47,78.43,0.0
2022-06-07 13:30:00,INDEX:NDTW,73.52,88.23,70.58,87.25,0.0
2022-06-08 13:30:00,INDEX:NDTW,80.39,84.31,72.54,75.49,0.0
2022-06-09 13:30:00,INDEX:NDTW,69.6,72.54,50.0,50.0,0.0
2022-06-10 13:30:00,INDEX:NDTW,17.64,22.54,13.72,13.72,0.0
2022-06-13 13:30:00,INDEX:NDTW,7.84,7.84,3.92,4.9,0.0
2022-06-14 13:30:00,INDEX:NDTW,7.84,7.84,6.86,7.84,0.0
2022-06-15 13:30:00,INDEX:NDTW,9.8,15.68,7.84,10.78,0.0
2022-06-16 13:30:00,INDEX:NDTW,5.88,5.88,2.94,3.92,0.0
2022-06-17 13:30:00,INDEX:NDTW,5.88,7.84,3.92,6.86,0.0
2022-06-21 13:30:00,INDEX:NDTW,17.64,17.64,16.66,16.66,0.0
2022-06-22 13:30:00,INDEX:NDTW,16.66,22.54,14.7,14.7,0.0
2022-06-23 13:30:00,INDEX:NDTW,22.54,29.41,17.64,29.41,0.0
2022-06-24 13:30:00,INDEX:NDTW,49.01,56.86,45.09,56.86,0.0
2022-06-27 13:30:00,INDEX:NDTW,55.88,55.88,45.09,46.07,0.0
2022-06-28 13:30:00,INDEX:NDTW,61.76,61.76,28.43,28.43,0.0
2022-06-29 13:30:00,INDEX:NDTW,26.47,35.29,26.47,32.35,0.0
2022-06-30 13:30:00,INDEX:NDTW,25.49,37.25,21.56,28.43,0.0
2022-07-01 13:30:00,INDEX:NDTW,32.35,44.11,32.35,44.11,0.0
2022-07-05 13:30:00,INDEX:NDTW,38.23,55.88,37.25,55.88,0.0
2022-07-06 13:30:00,INDEX:NDTW,60.78,65.68,50.98,59.8,0.0
2022-07-07 13:30:00,INDEX:NDTW,68.62,78.43,68.62,76.47,0.0
2022-07-08 13:30:00,INDEX:NDTW,67.64,78.43,67.64,77.45,0.0
2022-07-11 13:30:00,INDEX:NDTW,61.76,69.6,61.76,65.68,0.0
2022-07-12 13:30:00,INDEX:NDTW,64.7,68.62,49.01,55.88,0.0
2022-07-13 13:30:00,INDEX:NDTW,42.15,55.88,42.15,50.98,0.0
2022-07-14 13:30:00,INDEX:NDTW,29.41,48.03,29.41,48.03,0.0
2022-07-15 13:30:00,INDEX:NDTW,56.86,72.54,54.9,72.54,0.0
2022-07-18 13:30:00,INDEX:NDTW,76.47,78.43,59.8,59.8,0.0
2022-07-19 13:30:00,INDEX:NDTW,69.6,79.41,69.6,79.41,0.0
2022-07-20 13:30:00,INDEX:NDTW,83.33,87.25,79.41,80.39,0.0
2022-07-21 13:30:00,INDEX:NDTW,77.45,82.35,75.49,82.35,0.0
2022-07-22 13:30:00,INDEX:NDTW,80.39,80.39,74.5,76.47,0.0
2022-07-25 13:30:00,INDEX:NDTW,78.43,79.41,71.56,76.47,0.0
2022-07-26 13:30:00,INDEX:NDTW,74.5,74.5,69.6,71.56,0.0
2022-07-27 13:30:00,INDEX:NDTW,73.52,83.33,69.6,81.37,0.0
2022-07-28 13:30:00,INDEX:NDTW,70.58,82.35,70.58,81.37,0.0
2022-07-29 13:30:00,INDEX:NDTW,74.5,81.37,74.5,80.39,0.0
2022-08-01 13:30:00,INDEX:NDTW,76.47,83.33,76.47,78.43,0.0
2022-08-02 13:30:00,INDEX:NDTW,78.43,84.31,78.43,81.37,0.0
2022-08-03 13:30:00,INDEX:NDTW,84.31,87.25,84.31,84.31,0.0
2022-08-04 13:30:00,INDEX:NDTW,86.27,86.27,83.33,84.31,0.0
2022-08-05 13:30:00,INDEX:NDTW,83.33,84.31,81.37,84.31,0.0
2022-08-08 13:30:00,INDEX:NDTW,86.27,90.19,83.33,84.31,0.0
2022-08-09 13:30:00,INDEX:NDTW,79.41,81.37,75.49,78.43,0.0
2022-08-10 13:30:00,INDEX:NDTW,82.35,87.25,81.37,86.27,0.0
2022-08-11 13:30:00,INDEX:NDTW,89.21,91.17,85.29,85.29,0.0
2022-08-12 13:30:00,INDEX:NDTW,86.27,90.19,83.33,89.21,0.0
2022-08-15 13:30:00,INDEX:NDTW,88.23,91.17,85.29,89.21,0.0
2022-08-16 13:30:00,INDEX:NDTW,88.23,90.19,85.29,88.23,0.0
2022-08-17 13:30:00,INDEX:NDTW,80.39,80.39,68.62,73.52,0.0
2022-08-18 13:30:00,INDEX:NDTW,68.62,80.39,68.62,79.41,0.0
2022-08-19 13:30:00,INDEX:NDTW,65.68,65.68,48.03,52.94,0.0
2022-08-22 13:30:00,INDEX:NDTW,34.31,34.31,24.5,26.47,0.0
2022-08-23 13:30:00,INDEX:NDTW,24.5,26.47,21.56,21.56,0.0
2022-08-24 13:30:00,INDEX:NDTW,19.6,30.39,19.6,24.5,0.0
2022-08-25 13:30:00,INDEX:NDTW,27.45,36.27,25.49,36.27,0.0
2022-08-26 13:30:00,INDEX:NDTW,40.19,40.19,8.82,8.82,0.0
2022-08-29 13:30:00,INDEX:NDTW,4.9,8.82,4.9,6.86,0.0
2022-08-30 13:30:00,INDEX:NDTW,6.86,6.86,3.92,4.9,0.0
2022-08-31 13:30:00,INDEX:NDTW,6.86,8.82,4.9,4.9,0.0
2022-09-01 13:30:00,INDEX:NDTW,5.88,6.86,5.88,6.86,0.0
2022-09-02 13:30:00,INDEX:NDTW,9.8,14.7,4.9,5.88,0.0
2022-09-06 13:30:00,INDEX:NDTW,4.9,5.88,2.94,3.92,0.0
2022-09-07 13:30:00,INDEX:NDTW,5.88,14.7,4.9,14.7,0.0
2022-09-08 13:30:00,INDEX:NDTW,13.72,23.52,13.72,23.52,0.0
2022-09-09 13:30:00,INDEX:NDTW,32.35,41.17,32.35,39.21,0.0
2022-09-12 13:30:00,INDEX:NDTW,46.07,50.98,43.13,50.98,0.0
2022-09-13 13:30:00,INDEX:NDTW,28.43,28.43,13.72,14.7,0.0
2022-09-14 13:30:00,INDEX:NDTW,15.68,22.54,14.7,18.62,0.0
2022-09-15 13:30:00,INDEX:NDTW,21.56,27.45,18.62,20.58,0.0
2022-09-16 13:30:00,INDEX:NDTW,15.68,15.68,14.7,15.68,0.0
2022-09-19 13:30:00,INDEX:NDTW,14.7,17.64,11.76,17.64,0.0
2022-09-20 13:30:00,INDEX:NDTW,14.7,16.66,8.82,12.74,0.0
2022-09-21 13:30:00,INDEX:NDTW,14.7,24.5,6.86,6.86,0.0
2022-09-22 13:30:00,INDEX:NDTW,5.88,5.88,2.94,3.92,0.0
2022-09-23 13:30:00,INDEX:NDTW,2.94,2.94,0.98,1.96,0.0
2022-09-26 13:30:00,INDEX:NDTW,1.96,2.94,0.98,0.98,0.0
2022-09-27 13:30:00,INDEX:NDTW,2.94,4.9,0.98,0.98,0.0
2022-09-28 13:30:00,INDEX:NDTW,2.94,10.78,2.94,7.84,0.0
2022-09-29 13:30:00,INDEX:NDTW,7.84,7.84,3.92,4.9,0.0
2022-09-30 13:30:00,INDEX:NDTW,4.9,10.78,3.92,3.92,0.0
2022-10-03 13:30:00,INDEX:NDTW,4.9,16.66,4.9,14.7,0.0
2022-10-04 13:30:00,INDEX:NDTW,44.11,51.96,42.15,51.96,0.0
2022-10-05 13:30:00,INDEX:NDTW,43.13,59.8,31.37,53.92,0.0
2022-10-06 13:30:00,INDEX:NDTW,60.78,60.78,47.05,48.03,0.0
2022-10-07 13:30:00,INDEX:NDTW,32.35,32.35,12.74,14.7,0.0
2022-10-10 13:30:00,INDEX:NDTW,19.6,19.6,13.72,18.62,0.0
2022-10-11 13:30:00,INDEX:NDTW,18.62,22.54,14.7,16.66,0.0
2022-10-12 13:30:00,INDEX:NDTW,18.62,22.54,17.64,18.62,0.0
2022-10-13 13:30:00,INDEX:NDTW,12.74,33.33,12.74,28.43,0.0
2022-10-14 13:30:00,INDEX:NDTW,39.21,39.21,19.6,19.6,0.0
2022-10-17 13:30:00,INDEX:NDTW,38.23,48.03,38.23,45.09,0.0
2022-10-18 13:30:00,INDEX:NDTW,61.76,61.76,47.05,55.88,0.0
2022-10-19 13:30:00,INDEX:NDTW,51.96,55.88,39.21,42.15,0.0
2022-10-20 13:30:00,INDEX:NDTW,47.05,55.88,34.31,36.27,0.0
2022-10-21 13:30:00,INDEX:NDTW,43.13,59.8,37.25,59.8,0.0
2022-10-24 13:30:00,INDEX:NDTW,60.78,69.6,57.84,69.6,0.0
2022-10-25 13:30:00,INDEX:NDTW,77.45,86.27,77.45,86.27,0.0
2022-10-26 13:30:00,INDEX:NDTW,74.5,87.25,74.5,76.47,0.0
2022-10-27 13:30:00,INDEX:NDTW,78.43,79.41,63.72,64.7,0.0
2022-10-28 13:30:00,INDEX:NDTW,68.62,82.35,66.66,80.39,0.0
2022-10-31 13:30:00,INDEX:NDTW,72.54,79.41,71.56,75.49,0.0
2022-11-01 13:30:00,INDEX:NDTW,86.27,86.27,76.47,76.47,0.0
2022-11-02 13:30:00,INDEX:NDTW,72.54,77.45,54.9,54.9,0.0
2022-11-03 13:30:00,INDEX:NDTW,48.03,54.9,47.05,47.05,0.0
2022-11-04 13:30:00,INDEX:NDTW,59.8,63.72,51.96,60.78,0.0
2022-11-07 14:30:00,INDEX:NDTW,60.78,62.74,55.88,62.74,0.0
2022-11-08 14:30:00,INDEX:NDTW,61.76,73.52,57.84,65.68,0.0
2022-11-09 14:30:00,INDEX:NDTW,60.78,62.74,58.82,58.82,0.0
2022-11-10 14:30:00,INDEX:NDTW,78.43,86.27,78.43,86.27,0.0
2022-11-11 14:30:00,INDEX:NDTW,83.33,90.19,83.33,90.19,0.0
2022-11-14 14:30:00,INDEX:NDTW,90.19,91.17,86.27,86.27,0.0
2022-11-15 14:30:00,INDEX:NDTW,90.19,92.15,89.21,89.21,0.0
2022-11-16 14:30:00,INDEX:NDTW,88.23,89.21,84.31,84.31,0.0
2022-11-17 14:30:00,INDEX:NDTW,76.47,83.33,75.49,80.39,0.0
2022-11-18 14:30:00,INDEX:NDTW,83.33,83.33,77.45,79.41,0.0
2022-11-21 14:30:00,INDEX:NDTW,78.43,78.43,72.54,75.49,0.0
2022-11-22 14:30:00,INDEX:NDTW,75.49,78.43,74.5,78.43,0.0
2022-11-23 14:30:00,INDEX:NDTW,79.41,84.31,79.41,83.33,0.0
2022-11-25 14:30:00,INDEX:NDTW,82.35,82.35,81.37,81.37,0.0
2022-11-28 14:30:00,INDEX:NDTW,82.35,84.31,68.62,69.6,0.0
2022-11-29 14:30:00,INDEX:NDTW,73.52,73.52,64.7,66.66,0.0
2022-11-30 14:30:00,INDEX:NDTW,71.56,88.23,65.68,88.23,0.0
2022-12-01 14:30:00,INDEX:NDTW,89.21,92.15,87.25,89.21,0.0
2022-12-02 14:30:00,INDEX:NDTW,75.49,85.29,75.49,83.33,0.0
2022-12-05 14:30:00,INDEX:NDTW,76.47,76.47,64.7,67.64,0.0
2022-12-06 14:30:00,INDEX:NDTW,61.76,61.76,40.19,45.09,0.0
2022-12-07 14:30:00,INDEX:NDTW,40.19,46.07,35.29,42.15,0.0
2022-12-08 14:30:00,INDEX:NDTW,34.31,50.0,34.31,50.0,0.0
2022-12-09 14:30:00,INDEX:NDTW,43.13,48.03,40.19,40.19,0.0
2022-12-12 14:30:00,INDEX:NDTW,42.15,58.82,42.15,57.84,0.0
2022-12-13 14:30:00,INDEX:NDTW,82.35,82.35,56.86,62.74,0.0
2022-12-14 14:30:00,INDEX:NDTW,64.7,65.68,47.05,53.92,0.0
2022-12-15 14:30:00,INDEX:NDTW,36.27,36.27,22.54,25.49,0.0
2022-12-16 14:30:00,INDEX:NDTW,20.58,23.52,16.66,20.58,0.0
2022-12-19 14:30:00,INDEX:NDTW,19.6,19.6,11.88,11.88,0.0
2022-12-20 14:30:00,INDEX:NDTW,14.85,15.84,12.87,14.85,0.0
2022-12-21 14:30:00,INDEX:NDTW,14.85,24.75,14.85,20.79,0.0
2022-12-22 14:30:00,INDEX:NDTW,14.85,14.85,7.92,11.88,0.0
2022-12-23 14:30:00,INDEX:NDTW,9.9,15.84,7.92,13.86,0.0
2022-12-27 14:30:00,INDEX:NDTW,16.83,17.82,12.87,13.86,0.0
2022-12-28 14:30:00,INDEX:NDTW,15.84,15.84,5.94,5.94,0.0
2022-12-29 14:30:00,INDEX:NDTW,8.91,20.79,8.91,17.82,0.0
2022-12-30 14:30:00,INDEX:NDTW,12.87,16.83,8.91,16.83,0.0
2023-01-03 14:30:00,INDEX:NDTW,31.68,31.68,12.87,21.78,0.0
2023-01-04 14:30:00,INDEX:NDTW,34.65,40.59,32.67,33.66,0.0
2023-01-05 14:30:00,INDEX:NDTW,23.76,33.66,23.76,30.69,0.0
2023-01-06 14:30:00,INDEX:NDTW,43.56,62.37,43.56,60.39,0.0
2023-01-09 14:30:00,INDEX:NDTW,64.35,76.23,59.4,59.4,0.0
2023-01-10 14:30:00,INDEX:NDTW,61.38,68.31,58.41,68.31,0.0
2023-01-11 14:30:00,INDEX:NDTW,71.28,79.2,68.31,79.2,0.0
2023-01-12 14:30:00,INDEX:NDTW,77.22,79.2,71.28,76.23,0.0
2023-01-13 14:30:00,INDEX:NDTW,75.24,83.16,73.26,83.16,0.0
2023-01-17 14:30:00,INDEX:NDTW,82.17,87.12,82.17,83.16,0.0
2023-01-18 14:30:00,INDEX:NDTW,83.16,83.16,67.32,67.32,0.0
2023-01-19 14:30:00,INDEX:NDTW,64.35,64.35,53.46,56.43,0.0
2023-01-20 14:30:00,INDEX:NDTW,56.43,72.27,56.43,71.28,0.0
2023-01-23 14:30:00,INDEX:NDTW,74.25,78.21,74.25,78.21,0.0
2023-01-24 14:30:00,INDEX:NDTW,74.25,79.2,73.26,78.21,0.0
2023-01-25 14:30:00,INDEX:NDTW,66.33,75.24,64.35,75.24,0.0
2023-01-26 14:30:00,INDEX:NDTW,76.23,78.21,75.24,78.21,0.0
2023-01-27 14:30:00,INDEX:NDTW,73.26,78.21,73.26,76.23,0.0
2023-01-30 14:30:00,INDEX:NDTW,72.27,75.24,70.29,70.29,0.0
2023-01-31 14:30:00,INDEX:NDTW,73.26,74.25,72.27,74.25,0.0
2023-02-01 14:30:00,INDEX:NDTW,71.28,85.14,67.32,79.2,0.0
2023-02-02 14:30:00,INDEX:NDTW,83.16,84.15,76.23,80.19,0.0
2023-02-03 14:30:00,INDEX:NDTW,77.22,77.22,68.31,69.3,0.0
2023-02-06 14:30:00,INDEX:NDTW,68.31,72.27,64.35,67.32,0.0
2023-02-07 14:30:00,INDEX:NDTW,60.39,75.24,58.41,74.25,0.0
2023-02-08 14:30:00,INDEX:NDTW,69.3,69.3,58.41,59.4,0.0
2023-02-09 14:30:00,INDEX:NDTW,68.31,70.29,51.48,54.45,0.0
2023-02-10 14:30:00,INDEX:NDTW,49.5,56.43,44.55,55.44,0.0
2023-02-13 14:30:00,INDEX:NDTW,56.43,74.25,56.43,72.27,0.0
2023-02-14 14:30:00,INDEX:NDTW,76.23,76.23,56.43,71.28,0.0
2023-02-15 14:30:00,INDEX:NDTW,62.37,76.23,61.38,75.24,0.0
2023-02-16 14:30:00,INDEX:NDTW,55.44,66.33,55.44,57.42,0.0
2023-02-17 14:30:00,INDEX:NDTW,50.49,51.48,37.62,50.49,0.0
2023-02-21 14:30:00,INDEX:NDTW,35.64,35.64,22.77,22.77,0.0
2023-02-22 14:30:00,INDEX:NDTW,26.73,28.71,21.78,22.77,0.0
2023-02-23 14:30:00,INDEX:NDTW,28.71,32.67,20.79,30.69,0.0
2023-02-24 14:30:00,INDEX:NDTW,20.79,22.77,16.83,22.77,0.0
2023-02-27 14:30:00,INDEX:NDTW,27.72,29.7,21.78,23.76,0.0
2023-02-28 14:30:00,INDEX:NDTW,20.79,28.71,20.79,20.79,0.0
2023-03-01 14:30:00,INDEX:NDTW,18.81,24.75,15.84,17.82,0.0
2023-03-02 14:30:00,INDEX:NDTW,12.87,31.68,12.87,31.68,0.0
2023-03-03 14:30:00,INDEX:NDTW,32.67,47.52,32.67,46.53,0.0
2023-03-06 14:30:00,INDEX:NDTW,50.49,56.43,44.55,45.54,0.0
2023-03-07 14:30:00,INDEX:NDTW,44.55,50.49,29.7,32.67,0.0
2023-03-08 14:30:00,INDEX:NDTW,36.63,40.59,33.66,39.6,0.0
2023-03-09 14:30:00,INDEX:NDTW,44.55,49.5,19.8,20.79,0.0
2023-03-10 14:30:00,INDEX:NDTW,11.88,26.73,8.91,11.88,0.0
2023-03-13 13:30:00,INDEX:NDTW,14.85,25.74,14.85,18.81,0.0
2023-03-14 13:30:00,INDEX:NDTW,28.71,42.57,25.74,38.61,0.0
2023-03-15 13:30:00,INDEX:NDTW,31.68,36.63,26.73,36.63,0.0
2023-03-16 13:30:00,INDEX:NDTW,37.62,51.48,34.65,51.48,0.0
2023-03-17 13:30:00,INDEX:NDTW,51.48,51.48,43.56,47.52,0.0
2023-03-20 13:30:00,INDEX:NDTW,49.5,56.43,48.51,56.43,0.0
2023-03-21 13:30:00,INDEX:NDTW,63.36,65.34,59.4,64.35,0.0
2023-03-22 13:30:00,INDEX:NDTW,63.36,66.33,47.52,47.52,0.0
2023-03-23 13:30:00,INDEX:NDTW,57.42,65.34,48.51,54.45,0.0
2023-03-24 13:30:00,INDEX:NDTW,50.49,55.44,46.53,52.47,0.0
2023-03-27 13:30:00,INDEX:NDTW,64.35,64.35,53.46,53.46,0.0
2023-03-28 13:30:00,INDEX:NDTW,54.45,58.41,50.49,55.44,0.0
2023-03-29 13:30:00,INDEX:NDTW,71.28,78.21,68.31,76.23,0.0
2023-03-30 13:30:00,INDEX:NDTW,88.11,91.08,83.16,89.1,0.0
2023-03-31 13:30:00,INDEX:NDTW,94.05,99.0,94.05,99.0,0.0
2023-04-03 13:30:00,INDEX:NDTW,96.03,96.03,95.04,96.03,0.0
2023-04-04 13:30:00,INDEX:NDTW,96.03,96.03,84.15,89.1,0.0
2023-04-05 13:30:00,INDEX:NDTW,72.27,73.26,68.31,68.31,0.0
2023-04-06 13:30:00,INDEX:NDTW,63.36,75.24,63.36,73.26,0.0
2023-04-10 13:30:00,INDEX:NDTW,63.36,78.21,63.36,78.21,0.0
2023-04-11 13:30:00,INDEX:NDTW,79.2,80.19,72.27,77.22,0.0
2023-04-12 13:30:00,INDEX:NDTW,75.24,78.21,60.39,60.39,0.0
2023-04-13 13:30:00,INDEX:NDTW,75.24,78.21,60.39,73.26,0.0
2023-04-14 13:30:00,INDEX:NDTW,68.31,76.23,62.37,67.32,0.0
2023-04-17 13:30:00,INDEX:NDTW,68.31,72.27,63.36,71.28,0.0
2023-04-18 13:30:00,INDEX:NDTW,80.19,80.19,65.34,70.29,0.0
2023-04-19 13:30:00,INDEX:NDTW,64.35,69.3,60.39,66.33,0.0
2023-04-20 13:30:00,INDEX:NDTW,57.42,65.34,57.42,58.41,0.0
2023-04-21 13:30:00,INDEX:NDTW,57.42,59.4,52.47,57.42,0.0
2023-04-24 13:30:00,INDEX:NDTW,50.49,56.43,48.51,52.47,0.0
2023-04-25 13:30:00,INDEX:NDTW,43.56,45.54,36.63,36.63,0.0
2023-04-26 13:30:00,INDEX:NDTW,31.68,33.66,23.76,24.75,0.0
2023-04-27 13:30:00,INDEX:NDTW,30.69,43.56,29.7,42.57,0.0
2023-04-28 13:30:00,INDEX:NDTW,41.58,49.5,41.58,47.52,0.0
2023-05-01 13:30:00,INDEX:NDTW,46.53,51.48,42.57,47.52,0.0
2023-05-02 13:30:00,INDEX:NDTW,44.55,44.55,30.69,35.64,0.0
2023-05-03 13:30:00,INDEX:NDTW,36.63,46.53,34.65,34.65,0.0
2023-05-04 13:30:00,INDEX:NDTW,34.65,36.63,31.68,33.66,0.0
2023-05-05 13:30:00,INDEX:NDTW,39.6,49.5,39.6,47.52,0.0
2023-05-08 13:30:00,INDEX:NDTW,51.48,55.44,46.53,54.45,0.0
2023-05-09 13:30:00,INDEX:NDTW,44.55,47.52,44.55,46.53,0.0
2023-05-10 13:30:00,INDEX:NDTW,55.44,55.44,43.56,51.48,0.0
2023-05-11 13:30:00,INDEX:NDTW,48.51,51.48,43.56,50.49,0.0
2023-05-12 13:30:00,INDEX:NDTW,50.49,54.45,39.6,48.51,0.0
2023-05-15 13:30:00,INDEX:NDTW,48.51,58.41,46.53,56.43,0.0
2023-05-16 13:30:00,INDEX:NDTW,53.46,53.46,49.5,49.5,0.0
2023-05-17 13:30:00,INDEX:NDTW,52.47,55.44,47.52,54.45,0.0
2023-05-18 13:30:00,INDEX:NDTW,55.44,63.36,54.45,63.36,0.0
2023-05-19 13:30:00,INDEX:NDTW,64.35,68.31,60.39,64.35,0.0
2023-05-22 13:30:00,INDEX:NDTW,68.31,69.3,64.35,64.35,0.0
2023-05-23 13:30:00,INDEX:NDTW,64.35,64.35,53.46,53.46,0.0
2023-05-24 13:30:00,INDEX:NDTW,46.53,46.53,39.6,43.56,0.0
2023-05-25 13:30:00,INDEX:NDTW,38.61,43.56,37.62,42.57,0.0
2023-05-26 13:30:00,INDEX:NDTW,47.52,55.44,47.52,53.46,0.0
2023-05-30 13:30:00,INDEX:NDTW,52.47,52.47,48.51,52.47,0.0
2023-05-31 13:30:00,INDEX:NDTW,50.49,53.46,46.53,51.48,0.0
2023-06-01 13:30:00,INDEX:NDTW,49.5,56.43,49.5,55.44,0.0
2023-06-02 13:30:00,INDEX:NDTW,62.37,72.27,62.37,72.27,0.0
2023-06-05 13:30:00,INDEX:NDTW,71.28,74.25,69.3,70.29,0.0
2023-06-06 13:30:00,INDEX:NDTW,67.32,72.27,67.32,70.29,0.0
2023-06-07 13:30:00,INDEX:NDTW,72.27,74.25,63.36,68.0,0.0
2023-06-08 13:30:00,INDEX:NDTW,60.0,74.0,60.0,71.0,0.0
2023-06-09 13:30:00,INDEX:NDTW,68.0,77.0,64.0,70.0,0.0
2023-06-12 13:30:00,INDEX:NDTW,69.0,78.0,69.0,78.0,0.0
2023-06-13 13:30:00,INDEX:NDTW,78.0,84.0,78.0,82.0,0.0
2023-06-14 13:30:00,INDEX:NDTW,83.0,83.0,76.0,83.0,0.0
2023-06-15 13:30:00,INDEX:NDTW,86.0,91.0,86.0,91.0,0.0
2023-06-16 13:30:00,INDEX:NDTW,93.0,93.0,87.0,87.0,0.0
2023-06-20 13:30:00,INDEX:NDTW,87.0,87.0,75.0,77.0,0.0
2023-06-21 13:30:00,INDEX:NDTW,74.0,77.0,67.0,67.0,0.0
2023-06-22 13:30:00,INDEX:NDTW,62.0,70.0,62.0,70.0,0.0
2023-06-23 13:30:00,INDEX:NDTW,54.0,56.0,49.0,49.0,0.0
2023-06-26 13:30:00,INDEX:NDTW,49.0,56.0,49.0,51.0,0.0
2023-06-27 13:30:00,INDEX:NDTW,53.0,65.0,52.0,64.0,0.0
2023-06-28 13:30:00,INDEX:NDTW,58.0,63.0,58.0,60.0,0.0
2023-06-29 13:30:00,INDEX:NDTW,61.0,61.0,55.0,58.0,0.0
2023-06-30 13:30:00,INDEX:NDTW,68.31,70.29,67.32,68.31,0.0
2023-07-03 13:30:00,INDEX:NDTW,64.35,73.26,64.35,73.26,0.0
2023-07-05 13:30:00,INDEX:NDTW,65.34,75.24,65.34,71.28,0.0
2023-07-06 13:30:00,INDEX:NDTW,53.46,57.42,45.54,57.42,0.0
2023-07-07 13:30:00,INDEX:NDTW,50.49,60.39,45.54,45.54,0.0
2023-07-10 13:30:00,INDEX:NDTW,56.43,72.27,56.43,68.31,0.0
2023-07-11 13:30:00,INDEX:NDTW,73.26,73.26,61.38,71.28,0.0
2023-07-12 13:30:00,INDEX:NDTW,81.18,81.18,72.27,76.23,0.0
2023-07-13 13:30:00,INDEX:NDTW,76.23,85.14,76.23,84.15,0.0
2023-07-14 13:30:00,INDEX:NDTW,84.15,86.13,82.17,83.16,0.0
2023-07-17 13:30:00,INDEX:NDTW,83.16,88.11,83.16,88.11,0.0
2023-07-18 13:30:00,INDEX:NDTW,88.11,91.08,80.19,89.1,0.0
2023-07-19 13:30:00,INDEX:NDTW,91.08,94.05,88.11,89.1,0.0
2023-07-20 13:30:00,INDEX:NDTW,89.1,90.09,80.19,80.19,0.0
2023-07-21 13:30:00,INDEX:NDTW,80.19,85.14,80.19,81.18,0.0
2023-07-24 13:30:00,INDEX:NDTW,87.12,87.12,72.27,81.18,0.0
2023-07-25 13:30:00,INDEX:NDTW,81.18,82.17,79.2,79.2,0.0
2023-07-26 13:30:00,INDEX:NDTW,79.2,79.2,66.33,71.28,0.0
2023-07-27 13:30:00,INDEX:NDTW,71.28,79.2,59.4,60.39,0.0
2023-07-28 13:30:00,INDEX:NDTW,60.39,73.26,60.39,69.3,0.0
2023-07-31 13:30:00,INDEX:NDTW,73.26,73.26,66.33,73.26,0.0
2023-08-01 13:30:00,INDEX:NDTW,73.26,73.26,61.38,66.33,0.0
2023-08-02 13:30:00,INDEX:NDTW,66.33,66.33,45.54,47.52,0.0
2023-08-03 13:30:00,INDEX:NDTW,47.52,47.52,38.61,40.59,0.0
2023-08-04 13:30:00,INDEX:NDTW,44.55,48.51,37.62,37.62,0.0
2023-08-07 13:30:00,INDEX:NDTW,37.62,46.53,37.62,46.53,0.0
2023-08-08 13:30:00,INDEX:NDTW,46.53,46.53,28.71,36.63,0.0
2023-08-09 13:30:00,INDEX:NDTW,36.63,37.62,29.7,31.68,0.0
2023-08-10 13:30:00,INDEX:NDTW,31.68,46.53,30.69,33.66,0.0
2023-08-11 13:30:00,INDEX:NDTW,27.72,33.66,26.73,31.68,0.0
2023-08-14 13:30:00,INDEX:NDTW,29.7,37.62,29.7,37.62,0.0
2023-08-15 13:30:00,INDEX:NDTW,37.62,37.62,29.7,29.7,0.0
2023-08-16 13:30:00,INDEX:NDTW,29.7,33.66,21.78,21.78,0.0
2023-08-17 13:30:00,INDEX:NDTW,21.78,23.76,13.86,14.85,0.0
2023-08-18 13:30:00,INDEX:NDTW,14.85,14.85,9.9,13.86,0.0
2023-08-21 13:30:00,INDEX:NDTW,13.86,22.77,13.86,18.81,0.0
2023-08-22 13:30:00,INDEX:NDTW,18.81,23.76,15.84,16.83,0.0
2023-08-23 13:30:00,INDEX:NDTW,16.83,43.56,16.83,37.62,0.0
2023-08-24 13:30:00,INDEX:NDTW,37.62,46.53,13.86,13.86,0.0
2023-08-25 13:30:00,INDEX:NDTW,13.86,30.69,13.86,25.74,0.0
2023-08-28 13:30:00,INDEX:NDTW,25.74,42.57,25.74,39.6,0.0
2023-08-29 13:30:00,INDEX:NDTW,39.6,68.31,39.6,67.32,0.0
2023-08-30 13:30:00,INDEX:NDTW,67.32,73.26,64.35,69.3,0.0
2023-08-31 13:30:00,INDEX:NDTW,69.3,73.26,67.32,67.32,0.0
2023-09-01 13:30:00,INDEX:NDTW,67.32,76.23,64.35,66.33,0.0
2023-09-05 13:30:00,INDEX:NDTW,65.34,68.31,62.37,65.34,0.0
2023-09-06 13:30:00,INDEX:NDTW,65.34,65.34,54.45,62.37,0.0
2023-09-07 13:30:00,INDEX:NDTW,51.48,55.44,46.53,53.46,0.0
2023-09-08 13:30:00,INDEX:NDTW,53.46,57.42,53.46,54.45,0.0
2023-09-11 13:30:00,INDEX:NDTW,54.45,64.35,54.45,59.4,0.0
2023-09-12 13:30:00,INDEX:NDTW,59.4,62.37,54.45,56.43,0.0
2023-09-13 13:30:00,INDEX:NDTW,56.43,64.35,54.45,55.44,0.0
2023-09-14 13:30:00,INDEX:NDTW,62.37,71.28,58.41,70.29,0.0
2023-09-15 13:30:00,INDEX:NDTW,70.29,70.29,44.55,48.51,0.0
2023-09-18 13:30:00,INDEX:NDTW,48.51,51.48,44.55,46.53,0.0
2023-09-19 13:30:00,INDEX:NDTW,46.53,46.53,30.69,36.63,0.0
2023-09-20 13:30:00,INDEX:NDTW,36.63,44.55,29.7,30.69,0.0
2023-09-21 13:30:00,INDEX:NDTW,30.69,30.69,15.84,15.84,0.0
2023-09-22 13:30:00,INDEX:NDTW,15.84,24.75,14.85,15.84,0.0
2023-09-25 13:30:00,INDEX:NDTW,15.84,15.84,8.91,15.84,0.0
2023-09-26 13:30:00,INDEX:NDTW,12.87,14.85,7.92,7.92,0.0
2023-09-27 13:30:00,INDEX:NDTW,7.92,12.87,7.92,12.87,0.0
2023-09-28 13:30:00,INDEX:NDTW,12.87,25.74,12.87,18.81,0.0
2023-09-29 13:30:00,INDEX:NDTW,18.81,32.67,15.84,18.81,0.0
2023-10-02 13:30:00,INDEX:NDTW,18.81,25.74,11.88,20.79,0.0
2023-10-03 13:30:00,INDEX:NDTW,20.79,20.79,6.93,6.93,0.0
2023-10-04 13:30:00,INDEX:NDTW,6.93,22.77,5.94,19.8,0.0
2023-10-05 13:30:00,INDEX:NDTW,19.8,25.74,9.9,22.77,0.0
2023-10-06 13:30:00,INDEX:NDTW,22.77,55.44,20.79,50.49,0.0
2023-10-09 13:30:00,INDEX:NDTW,50.49,55.44,37.62,52.47,0.0
2023-10-10 13:30:00,INDEX:NDTW,52.47,75.24,52.47,70.29,0.0
2023-10-11 13:30:00,INDEX:NDTW,70.29,70.29,60.39,67.32,0.0
2023-10-12 13:30:00,INDEX:NDTW,67.32,68.31,56.43,62.37,0.0
2023-10-13 13:30:00,INDEX:NDTW,62.37,64.35,51.48,52.47,0.0
2023-10-16 13:30:00,INDEX:NDTW,52.47,69.3,52.47,68.31,0.0
2023-10-17 13:30:00,INDEX:NDTW,68.31,74.25,60.39,67.32,0.0
2023-10-18 13:30:00,INDEX:NDTW,67.32,67.32,46.53,47.52,0.0
2023-10-19 13:30:00,INDEX:NDTW,47.52,51.48,33.66,35.64,0.0
2023-10-20 13:30:00,INDEX:NDTW,35.64,35.64,24.75,25.74,0.0
2023-10-23 13:30:00,INDEX:NDTW,25.74,31.68,20.79,24.75,0.0
2023-10-24 13:30:00,INDEX:NDTW,24.75,33.66,24.75,32.67,0.0
2023-10-25 13:30:00,INDEX:NDTW,32.67,32.67,16.83,18.81,0.0
2023-10-26 13:30:00,INDEX:NDTW,22.77,26.73,16.83,17.82,0.0
2023-10-27 13:30:00,INDEX:NDTW,17.82,21.78,11.88,13.86,0.0
2023-10-30 13:30:00,INDEX:NDTW,13.86,23.76,13.86,22.77,0.0
2023-10-31 13:30:00,INDEX:NDTW,22.77,25.74,21.78,23.76,0.0
2023-11-01 13:30:00,INDEX:NDTW,23.76,35.64,23.76,34.65,0.0
2023-11-02 13:30:00,INDEX:NDTW,34.65,52.47,34.65,50.49,0.0
2023-11-03 13:30:00,INDEX:NDTW,64.35,74.25,59.4,70.29,0.0
2023-11-06 14:30:00,INDEX:NDTW,70.29,70.29,58.41,61.38,0.0
2023-11-07 14:30:00,INDEX:NDTW,67.32,74.25,67.32,72.27,0.0
2023-11-08 14:30:00,INDEX:NDTW,72.27,72.27,64.35,70.29,0.0
2023-11-09 14:30:00,INDEX:NDTW,70.29,71.28,59.4,59.4,0.0
2023-11-10 14:30:00,INDEX:NDTW,59.4,71.28,59.4,70.29,0.0
2023-11-13 14:30:00,INDEX:NDTW,70.29,71.28,68.31,70.29,0.0
2023-11-14 14:30:00,INDEX:NDTW,70.29,88.11,70.29,85.14,0.0
2023-11-15 14:30:00,INDEX:NDTW,88.11,89.1,87.12,88.11,0.0
2023-11-16 14:30:00,INDEX:NDTW,85.14,85.14,81.18,85.14,0.0
2023-11-17 14:30:00,INDEX:NDTW,85.14,87.12,85.14,85.14,0.0
2023-11-20 14:30:00,INDEX:NDTW,85.14,86.13,81.18,86.13,0.0
2023-11-21 14:30:00,INDEX:NDTW,86.13,86.13,81.18,85.14,0.0
2023-11-22 14:30:00,INDEX:NDTW,87.12,87.12,81.18,83.16,0.0
2023-11-24 14:30:00,INDEX:NDTW,83.16,86.13,83.16,86.13,0.0
2023-11-27 14:30:00,INDEX:NDTW,86.13,86.13,83.16,85.14,0.0
2023-11-28 14:30:00,INDEX:NDTW,85.14,85.14,77.22,79.2,0.0
2023-11-29 14:30:00,INDEX:NDTW,81.18,82.17,76.23,76.23,0.0
2023-11-30 14:30:00,INDEX:NDTW,76.23,78.21,67.32,77.22,0.0
2023-12-01 14:30:00,INDEX:NDTW,77.22,82.17,75.24,80.19,0.0
2023-12-04 14:30:00,INDEX:NDTW,72.27,72.27,64.35,71.28,0.0
2023-12-05 14:30:00,INDEX:NDTW,71.28,71.28,60.39,63.36,0.0
2023-12-06 14:30:00,INDEX:NDTW,63.36,67.32,61.38,61.38,0.0
2023-12-07 14:30:00,INDEX:NDTW,66.33,68.31,63.36,65.34,0.0
2023-12-08 14:30:00,INDEX:NDTW,66.33,69.3,62.37,68.31,0.0
2023-12-11 14:30:00,INDEX:NDTW,68.31,82.17,68.31,82.17,0.0
2023-12-12 14:30:00,INDEX:NDTW,82.17,82.17,74.25,82.17,0.0
2023-12-13 14:30:00,INDEX:NDTW,82.17,89.1,82.17,89.1,0.0
2023-12-14 14:30:00,INDEX:NDTW,89.1,90.09,82.17,85.14,0.0
2023-12-15 14:30:00,INDEX:NDTW,85.14,87.12,84.15,86.13,0.0
2023-12-18 14:30:00,INDEX:NDTW,86.13,91.08,86.13,90.0,0.0
2023-12-19 14:30:00,INDEX:NDTW,90.0,91.0,89.0,90.0,0.0
2023-12-20 14:30:00,INDEX:NDTW,90.0,92.0,77.0,77.0,0.0
2023-12-21 14:30:00,INDEX:NDTW,83.0,84.0,79.0,83.0,0.0
2023-12-22 14:30:00,INDEX:NDTW,83.0,89.0,80.0,82.0,0.0
2023-12-26 14:30:00,INDEX:NDTW,82.0,89.0,81.0,88.0,0.0
2023-12-27 14:30:00,INDEX:NDTW,88.0,88.0,81.0,83.0,0.0
2023-12-28 14:30:00,INDEX:NDTW,83.0,88.0,83.0,86.0,0.0
2023-12-29 14:30:00,INDEX:NDTW,86.0,86.0,81.0,86.0,0.0
2024-01-02 14:30:00,INDEX:NDTW,85.14,85.14,56.43,66.33,0.0
2024-01-03 14:30:00,INDEX:NDTW,66.33,66.33,38.61,38.61,0.0
2024-01-04 14:30:00,INDEX:NDTW,38.61,45.54,36.63,36.63,0.0
2024-01-05 14:30:00,INDEX:NDTW,34.65,41.58,32.67,34.65,0.0
2024-01-08 14:30:00,INDEX:NDTW,33.66,53.46,33.66,53.46,0.0
2024-01-09 14:30:00,INDEX:NDTW,53.46,53.46,36.63,46.53,0.0
2024-01-10 14:30:00,INDEX:NDTW,46.53,53.46,44.55,46.53,0.0
2024-01-11 14:30:00,INDEX:NDTW,48.51,50.49,38.61,50.49,0.0
2024-01-12 14:30:00,INDEX:NDTW,54.45,54.45,48.51,53.46,0.0
2024-01-16 14:30:00,INDEX:NDTW,53.46,53.46,41.58,49.5,0.0
2024-01-17 14:30:00,INDEX:NDTW,35.64,41.58,32.67,40.59,0.0
2024-01-18 14:30:00,INDEX:NDTW,40.59,57.42,40.59,56.43,0.0
2024-01-19 14:30:00,INDEX:NDTW,56.43,69.3,56.43,67.32,0.0
2024-01-22 14:30:00,INDEX:NDTW,67.32,73.26,67.32,71.28,0.0
2024-01-23 14:30:00,INDEX:NDTW,71.28,73.26,69.3,72.27,0.0
2024-01-24 14:30:00,INDEX:NDTW,72.27,74.25,69.3,70.29,0.0
2024-01-25 14:30:00,INDEX:NDTW,70.29,73.26,68.31,71.28,0.0
2024-01-26 14:30:00,INDEX:NDTW,71.28,73.26,65.34,67.32,0.0
2024-01-29 14:30:00,INDEX:NDTW,67.32,75.24,66.33,74.25,0.0
2024-01-30 14:30:00,INDEX:NDTW,74.25,74.25,71.28,72.27,0.0
2024-01-31 14:30:00,INDEX:NDTW,72.27,72.27,63.36,63.36,0.0
2024-02-01 14:30:00,INDEX:NDTW,63.36,68.31,53.46,67.32,0.0
2024-02-02 14:30:00,INDEX:NDTW,67.32,67.32,55.44,61.38,0.0
2024-02-05 14:30:00,INDEX:NDTW,61.38,61.38,54.45,56.43,0.0
2024-02-06 14:30:00,INDEX:NDTW,56.43,62.37,54.45,61.38,0.0
2024-02-07 14:30:00,INDEX:NDTW,61.38,65.34,61.38,62.37,0.0
2024-02-08 14:30:00,INDEX:NDTW,62.37,66.33,61.38,66.33,0.0
2024-02-09 14:30:00,INDEX:NDTW,66.33,66.33,59.4,59.4,0.0
2024-02-12 14:30:00,INDEX:NDTW,59.4,63.36,57.42,58.41,0.0
2024-02-13 14:30:00,INDEX:NDTW,58.41,58.41,40.59,47.52,0.0
2024-02-14 14:30:00,INDEX:NDTW,47.52,53.46,44.55,53.46,0.0
2024-02-15 14:30:00,INDEX:NDTW,60.39,60.39,53.46,56.43,0.0
2024-02-16 14:30:00,INDEX:NDTW,56.43,58.41,50.49,52.47,0.0
2024-02-20 14:30:00,INDEX:NDTW,52.47,52.47,42.57,49.5,0.0
2024-02-21 14:30:00,INDEX:NDTW,49.5,50.49,38.61,50.49,0.0
2024-02-22 14:30:00,INDEX:NDTW,50.49,68.31,50.49,62.37,0.0
2024-02-23 14:30:00,INDEX:NDTW,66.33,69.3,61.38,61.38,0.0
2024-02-26 14:30:00,INDEX:NDTW,61.38,66.33,60.39,62.37,0.0
2024-02-27 14:30:00,INDEX:NDTW,62.37,67.32,58.41,61.38,0.0
2024-02-28 14:30:00,INDEX:NDTW,61.38,62.37,56.43,58.41,0.0
2024-02-29 14:30:00,INDEX:NDTW,58.41,64.35,56.43,62.37,0.0
2024-03-01 14:30:00,INDEX:NDTW,62.37,70.29,60.39,67.32,0.0
2024-03-04 14:30:00,INDEX:NDTW,66.33,66.33,62.37,64.35,0.0
2024-03-05 14:30:00,INDEX:NDTW,64.35,64.35,46.53,48.51,0.0
2024-03-06 14:30:00,INDEX:NDTW,48.51,57.42,48.51,56.43,0.0
2024-03-07 14:30:00,INDEX:NDTW,56.43,62.37,56.43,56.43,0.0
2024-03-08 14:30:00,INDEX:NDTW,56.43,63.36,56.43,58.41,0.0
2024-03-11 13:30:00,INDEX:NDTW,58.41,58.41,47.52,54.45,0.0
2024-03-12 13:30:00,INDEX:NDTW,54.45,66.33,54.45,65.34,0.0
2024-03-13 13:30:00,INDEX:NDTW,65.34,65.34,50.49,53.46,0.0
2024-03-14 13:30:00,INDEX:NDTW,50.49,50.49,41.58,42.57,0.0
2024-03-15 13:30:00,INDEX:NDTW,42.57,42.57,33.66,36.63,0.0
2024-03-18 13:30:00,INDEX:NDTW,36.63,45.54,36.63,38.61,0.0
2024-03-19 13:30:00,INDEX:NDTW,38.61,46.53,32.67,46.0,0.0
2024-03-20 13:30:00,INDEX:NDTW,46.0,60.0,44.0,60.0,0.0
2024-03-21 13:30:00,INDEX:NDTW,77.0,77.0,64.0,64.0,0.0
2024-03-22 13:30:00,INDEX:NDTW,64.0,65.0,56.0,60.0,0.0
2024-03-25 13:30:00,INDEX:NDTW,60.0,60.0,50.0,51.0,0.0
2024-03-26 13:30:00,INDEX:NDTW,51.0,56.0,47.0,47.0,0.0
2024-03-27 13:30:00,INDEX:NDTW,47.0,60.39,47.0,60.39,0.0
2024-03-28 13:30:00,INDEX:NDTW,60.39,65.34,58.41,61.38,0.0
2024-04-01 13:30:00,INDEX:NDTW,61.38,67.32,52.47,62.37,0.0
2024-04-02 13:30:00,INDEX:NDTW,62.37,62.37,34.65,42.57,0.0
2024-04-03 13:30:00,INDEX:NDTW,42.57,47.52,37.62,43.56,0.0
2024-04-04 13:30:00,INDEX:NDTW,43.56,54.45,26.73,26.73,0.0
2024-04-05 13:30:00,INDEX:NDTW,26.73,47.52,26.73,41.58,0.0
2024-04-08 13:30:00,INDEX:NDTW,41.58,48.51,39.6,46.53,0.0
2024-04-09 13:30:00,INDEX:NDTW,46.53,51.48,40.59,51.48,0.0
2024-04-10 13:30:00,INDEX:NDTW,51.48,51.48,28.71,34.65,0.0
2024-04-11 13:30:00,INDEX:NDTW,34.65,51.48,29.7,47.52,0.0
2024-04-12 13:30:00,INDEX:NDTW,34.65,34.65,20.79,22.77,0.0
2024-04-15 13:30:00,INDEX:NDTW,22.77,26.73,11.88,11.88,0.0
2024-04-16 13:30:00,INDEX:NDTW,11.88,14.85,8.91,12.87,0.0
2024-04-17 13:30:00,INDEX:NDTW,12.87,12.87,5.94,6.93,0.0
2024-04-18 13:30:00,INDEX:NDTW,9.9,13.86,7.92,8.91,0.0
2024-04-19 13:30:00,INDEX:NDTW,8.91,11.88,7.92,9.9,0.0
2024-04-22 13:30:00,INDEX:NDTW,9.9,22.77,9.9,17.82,0.0
2024-04-23 13:30:00,INDEX:NDTW,20.79,31.68,20.79,28.71,0.0
2024-04-24 13:30:00,INDEX:NDTW,28.71,34.65,27.72,32.67,0.0
2024-04-25 13:30:00,INDEX:NDTW,28.71,37.62,21.78,36.63,0.0
2024-04-26 13:30:00,INDEX:NDTW,39.6,44.55,37.62,38.61,0.0
2024-04-29 13:30:00,INDEX:NDTW,38.61,49.5,38.61,48.51,0.0
2024-04-30 13:30:00,INDEX:NDTW,48.51,48.51,33.66,33.66,0.0
2024-05-01 13:30:00,INDEX:NDTW,33.66,45.54,30.69,33.66,0.0
2024-05-02 13:30:00,INDEX:NDTW,35.64,39.6,31.68,38.61,0.0
2024-05-03 13:30:00,INDEX:NDTW,50.49,55.44,46.53,53.46,0.0
2024-05-06 13:30:00,INDEX:NDTW,53.46,62.37,53.46,62.37,0.0
2024-05-07 13:30:00,INDEX:NDTW,62.37,64.35,60.39,61.38,0.0
2024-05-08 13:30:00,INDEX:NDTW,61.38,62.37,56.43,62.37,0.0
2024-05-09 13:30:00,INDEX:NDTW,62.37,68.31,60.39,68.31,0.0
2024-05-10 13:30:00,INDEX:NDTW,68.31,71.28,68.31,71.28,0.0
2024-05-13 13:30:00,INDEX:NDTW,71.28,78.21,68.31,70.29,0.0
2024-05-14 13:30:00,INDEX:NDTW,70.29,74.25,66.33,70.29,0.0
2024-05-15 13:30:00,INDEX:NDTW,74.25,76.23,71.28,74.25,0.0
2024-05-16 13:30:00,INDEX:NDTW,74.25,77.22,73.26,76.23,0.0
2024-05-17 13:30:00,INDEX:NDTW,76.23,76.23,73.26,73.26,0.0
2024-05-20 13:30:00,INDEX:NDTW,73.26,75.24,68.31,75.24,0.0
2024-05-21 13:30:00,INDEX:NDTW,75.24,75.24,69.3,74.25,0.0
2024-05-22 13:30:00,INDEX:NDTW,74.25,74.25,66.33,73.26,0.0
2024-05-23 13:30:00,INDEX:NDTW,63.36,69.3,55.44,56.43,0.0
2024-05-24 13:30:00,INDEX:NDTW,56.43,61.38,56.43,56.43,0.0
2024-05-28 13:30:00,INDEX:NDTW,56.43,56.43,46.53,47.52,0.0
2024-05-29 13:30:00,INDEX:NDTW,47.52,47.52,39.6,41.58,0.0
2024-05-30 13:30:00,INDEX:NDTW,41.58,41.58,32.67,38.61,0.0
2024-05-31 13:30:00,INDEX:NDTW,39.6,46.53,25.74,45.54,0.0
2024-06-03 13:30:00,INDEX:NDTW,45.54,45.54,28.71,41.58,0.0
2024-06-04 13:30:00,INDEX:NDTW,41.58,43.56,30.69,35.64,0.0
2024-06-05 13:30:00,INDEX:NDTW,35.64,52.47,35.64,50.49,0.0
2024-06-06 13:30:00,INDEX:NDTW,52.47,55.44,51.48,53.46,0.0
2024-06-07 13:30:00,INDEX:NDTW,53.46,57.42,50.49,50.49,0.0
2024-06-10 13:30:00,INDEX:NDTW,50.49,52.47,39.6,52.47,0.0
2024-06-11 13:30:00,INDEX:NDTW,52.47,52.47,39.6,49.5,0.0
2024-06-12 13:30:00,INDEX:NDTW,67.32,67.32,58.41,59.4,0.0
2024-06-13 13:30:00,INDEX:NDTW,59.4,59.4,50.49,53.46,0.0
2024-06-14 13:30:00,INDEX:NDTW,53.46,53.46,43.56,49.5,0.0
2024-06-17 13:30:00,INDEX:NDTW,49.5,59.4,44.55,59.4,0.0
2024-06-18 13:30:00,INDEX:NDTW,63.36,63.36,57.42,61.38,0.0
2024-06-20 13:30:00,INDEX:NDTW,61.38,68.31,61.38,63.36,0.0
2024-06-21 13:30:00,INDEX:NDTW,63.36,71.28,63.36,69.3,0.0
2024-06-24 13:30:00,INDEX:NDTW,69.3,72.27,66.33,66.33,0.0
2024-06-25 13:30:00,INDEX:NDTW,66.33,67.32,62.37,64.35,0.0
2024-06-26 13:30:00,INDEX:NDTW,64.35,64.35,57.42,57.42,0.0
2024-06-27 13:30:00,INDEX:NDTW,57.42,60.39,55.44,58.41,0.0
2024-06-28 13:30:00,INDEX:NDTW,58.41,64.35,56.43,56.43,0.0
2024-07-01 13:30:00,INDEX:NDTW,56.43,56.43,44.55,49.01,0.0
2024-07-02 13:30:00,INDEX:NDTW,49.01,60.78,48.03,60.78,0.0
2024-07-03 13:30:00,INDEX:NDTW,60.78,60.78,55.88,56.86,0.0
2024-07-05 13:30:00,INDEX:NDTW,56.86,60.78,51.96,60.78,0.0
2024-07-08 13:30:00,INDEX:NDTW,60.78,65.68,58.82,62.74,0.0
2024-07-09 13:30:00,INDEX:NDTW,62.74,62.74,58.82,60.78,0.0
2024-07-10 13:30:00,INDEX:NDTW,60.78,65.68,57.84,65.68,0.0
2024-07-11 13:30:00,INDEX:NDTW,65.68,74.5,62.74,65.68,0.0
2024-07-12 13:30:00,INDEX:NDTW,65.68,80.39,65.68,78.43,0.0
2024-07-15 13:30:00,INDEX:NDTW,73.52,80.39,68.62,69.6,0.0
2024-07-16 13:30:00,INDEX:NDTW,69.6,77.45,69.6,75.49,0.0
2024-07-17 13:30:00,INDEX:NDTW,75.49,75.49,59.8,60.78,0.0
2024-07-18 13:30:00,INDEX:NDTW,60.78,63.72,49.01,49.01,0.0
2024-07-19 13:30:00,INDEX:NDTW,49.01,50.0,41.17,47.05,0.0
2024-07-22 13:30:00,INDEX:NDTW,47.05,55.88,45.09,53.92,0.0
2024-07-23 13:30:00,INDEX:NDTW,53.92,53.92,43.13,43.13,0.0
2024-07-24 13:30:00,INDEX:NDTW,43.13,43.13,26.47,26.47,0.0
2024-07-25 13:30:00,INDEX:NDTW,33.33,40.19,31.37,32.35,0.0
2024-07-26 13:30:00,INDEX:NDTW,32.35,40.19,32.35,37.25,0.0
2024-07-29 13:30:00,INDEX:NDTW,37.25,43.13,37.25,40.19,0.0
2024-07-30 13:30:00,INDEX:NDTW,40.19,45.09,34.31,35.29,0.0
2024-07-31 13:30:00,INDEX:NDTW,35.29,47.52,35.29,41.58,0.0
2024-08-01 13:30:00,INDEX:NDTW,41.58,47.52,35.64,37.62,0.0
2024-08-02 13:30:00,INDEX:NDTW,37.62,37.62,28.71,32.67,0.0
2024-08-05 13:30:00,INDEX:NDTW,32.67,32.67,16.83,17.82,0.0
2024-08-06 13:30:00,INDEX:NDTW,17.82,30.69,17.82,24.75,0.0
2024-08-07 13:30:00,INDEX:NDTW,30.69,32.67,19.8,20.79,0.0
2024-08-08 13:30:00,INDEX:NDTW,27.72,32.67,26.73,29.7,0.0
2024-08-09 13:30:00,INDEX:NDTW,26.73,33.66,26.73,31.68,0.0
2024-08-12 13:30:00,INDEX:NDTW,31.68,37.62,30.69,31.68,0.0
2024-08-13 13:30:00,INDEX:NDTW,31.68,48.51,31.68,46.53,0.0
2024-08-14 13:30:00,INDEX:NDTW,46.53,53.46,41.58,51.48,0.0
2024-08-15 13:30:00,INDEX:NDTW,67.32,70.29,67.32,67.32,0.0
2024-08-16 13:30:00,INDEX:NDTW,67.32,72.27,67.32,71.28,0.0
2024-08-19 13:30:00,INDEX:NDTW,71.28,81.18,71.28,81.18,0.0
2024-08-20 13:30:00,INDEX:NDTW,81.18,82.17,77.22,81.18,0.0
2024-08-21 13:30:00,INDEX:NDTW,81.18,88.11,81.18,88.11,0.0
2024-08-22 13:30:00,INDEX:NDTW,87.12,88.11,76.23,76.23,0.0
2024-08-23 13:30:00,INDEX:NDTW,76.23,90.09,76.23,90.09,0.0
2024-08-26 13:30:00,INDEX:NDTW,90.09,91.08,80.19,84.15,0.0
2024-08-27 13:30:00,INDEX:NDTW,84.15,84.15,76.23,81.18,0.0
2024-08-28 13:30:00,INDEX:NDTW,81.18,81.18,67.32,74.25,0.0
2024-08-29 13:30:00,INDEX:NDTW,74.25,89.1,74.25,79.2,0.0
2024-08-30 13:30:00,INDEX:NDTW,79.2,84.15,75.24,84.15,0.0
2024-09-03 13:30:00,INDEX:NDTW,66.33,67.32,57.42,58.41,0.0
2024-09-04 13:30:00,INDEX:NDTW,53.46,57.42,50.49,51.48,0.0
2024-09-05 13:30:00,INDEX:NDTW,46.53,46.53,39.6,43.56,0.0
2024-09-06 13:30:00,INDEX:NDTW,42.57,42.57,24.75,25.74,0.0
2024-09-09 13:30:00,INDEX:NDTW,30.69,40.59,30.69,35.64,0.0
2024-09-10 13:30:00,INDEX:NDTW,37.62,37.62,28.71,35.64,0.0
2024-09-11 13:30:00,INDEX:NDTW,29.7,44.55,17.82,44.55,0.0
2024-09-12 13:30:00,INDEX:NDTW,41.58,52.47,41.58,52.47,0.0
2024-09-13 13:30:00,INDEX:NDTW,58.41,60.39,52.47,54.45,0.0
2024-09-16 13:30:00,INDEX:NDTW,62.37,65.34,55.44,62.37,0.0
2024-09-17 13:30:00,INDEX:NDTW,64.35,71.28,52.47,58.41,0.0
2024-09-18 13:30:00,INDEX:NDTW,62.37,64.35,52.47,52.47,0.0
2024-09-19 13:30:00,INDEX:NDTW,78.21,80.19,72.27,75.24,0.0
2024-09-20 13:30:00,INDEX:NDTW,68.31,69.3,61.38,69.3,0.0
2024-09-23 13:30:00,INDEX:NDTW,72.27,72.27,68.31,69.3,0.0
2024-09-24 13:30:00,INDEX:NDTW,74.25,74.25,66.33,68.31,0.0
2024-09-25 13:30:00,INDEX:NDTW,69.3,70.29,61.38,61.38,0.0
2024-09-26 13:30:00,INDEX:NDTW,74.25,74.25,68.31,72.27,0.0
2024-09-27 13:30:00,INDEX:NDTW,73.26,74.25,68.31,70.29,0.0
2024-09-30 13:30:00,INDEX:NDTW,71.28,73.26,65.34,72.27,0.0
2024-10-01 13:30:00,INDEX:NDTW,57.42,66.33,50.49,56.43,0.0
2024-10-02 13:30:00,INDEX:NDTW,57.42,69.3,57.42,60.39,0.0
2024-10-03 13:30:00,INDEX:NDTW,48.51,56.43,44.55,51.48,0.0
2024-10-04 13:30:00,INDEX:NDTW,56.43,58.41,50.49,58.41,0.0
2024-10-07 13:30:00,INDEX:NDTW,48.51,55.44,41.58,47.52,0.0
2024-10-08 13:30:00,INDEX:NDTW,48.51,58.41,48.51,57.42,0.0
2024-10-09 13:30:00,INDEX:NDTW,55.44,67.32,55.44,67.32,0.0
2024-10-10 13:30:00,INDEX:NDTW,57.42,64.35,57.42,57.42,0.0
2024-10-11 13:30:00,INDEX:NDTW,64.35,75.24,64.35,75.24,0.0
2024-10-14 13:30:00,INDEX:NDTW,74.25,82.17,74.25,81.18,0.0
2024-10-15 13:30:00,INDEX:NDTW,76.23,79.2,60.39,63.36,0.0
2024-10-16 13:30:00,INDEX:NDTW,60.39,65.34,57.42,61.38,0.0
2024-10-17 13:30:00,INDEX:NDTW,62.37,64.35,56.43,58.41,0.0
2024-10-18 13:30:00,INDEX:NDTW,66.33,66.33,63.36,65.34,0.0
2024-10-21 13:30:00,INDEX:NDTW,66.33,66.33,50.49,55.44,0.0
2024-10-22 13:30:00,INDEX:NDTW,56.43,59.4,52.47,59.4,0.0
2024-10-23 13:30:00,INDEX:NDTW,54.45,57.42,40.59,45.54,0.0
2024-10-24 13:30:00,INDEX:NDTW,47.52,52.47,46.53,49.5,0.0
2024-10-25 13:30:00,INDEX:NDTW,54.45,63.36,53.46,54.45,0.0
2024-10-28 13:30:00,INDEX:NDTW,57.42,61.38,55.44,57.42,0.0
2024-10-29 13:30:00,INDEX:NDTW,54.45,61.38,54.45,56.43,0.0
2024-10-30 13:30:00,INDEX:NDTW,51.48,57.42,49.5,49.5,0.0
2024-10-31 13:30:00,INDEX:NDTW,41.58,41.58,31.68,32.67,0.0
2024-11-01 13:30:00,INDEX:NDTW,34.65,40.59,34.65,36.63,0.0
2024-11-04 14:30:00,INDEX:NDTW,37.62,40.59,35.64,35.64,0.0
2024-11-05 14:30:00,INDEX:NDTW,43.56,49.5,41.58,45.54,0.0
2024-11-06 14:30:00,INDEX:NDTW,61.38,67.32,60.39,67.32,0.0
2024-11-07 14:30:00,INDEX:NDTW,68.31,73.26,68.31,72.27,0.0
2024-11-08 14:30:00,INDEX:NDTW,68.31,71.28,67.32,69.3,0.0
2024-11-11 14:30:00,INDEX:NDTW,69.3,69.3,64.35,65.34,0.0
2024-11-12 14:30:00,INDEX:NDTW,64.35,66.33,60.39,63.36,0.0
2024-11-13 14:30:00,INDEX:NDTW,59.4,63.36,58.41,62.37,0.0
2024-11-14 14:30:00,INDEX:NDTW,63.36,67.32,62.37,62.37,0.0
2024-11-15 14:30:00,INDEX:NDTW,58.41,58.41,44.55,48.51,0.0
2024-11-18 14:30:00,INDEX:NDTW,53.46,53.46,49.5,50.49,0.0
2024-11-19 14:30:00,INDEX:NDTW,48.51,51.48,48.51,50.49,0.0
2024-11-20 14:30:00,INDEX:NDTW,44.55,50.49,39.6,49.5,0.0
2024-11-21 14:30:00,INDEX:NDTW,47.52,62.37,47.52,62.37,0.0
2024-11-22 14:30:00,INDEX:NDTW,61.38,63.36,60.39,61.38,0.0
2024-11-25 14:30:00,INDEX:NDTW,69.3,72.27,66.33,68.31,0.0
2024-11-26 14:30:00,INDEX:NDTW,68.31,68.31,68.31,68.31,0.0
2024-11-27 14:30:00,INDEX:NDTW,63.36,64.35,62.37,62.37,0.0
2024-11-29 14:30:00,INDEX:NDTW,68.31,72.27,68.31,68.31,0.0
2024-12-02 14:30:00,INDEX:NDTW,69.3,76.23,69.3,75.24,0.0
2024-12-03 14:30:00,INDEX:NDTW,63.36,68.31,62.37,68.31,0.0
2024-12-04 14:30:00,INDEX:NDTW,63.36,69.3,63.36,69.3,0.0
2024-12-05 14:30:00,INDEX:NDTW,67.32,67.32,55.44,56.43,0.0
2024-12-06 14:30:00,INDEX:NDTW,61.38,66.33,59.4,59.4,0.0
2024-12-09 14:30:00,INDEX:NDTW,62.37,62.37,55.44,56.43,0.0
2024-12-10 14:30:00,INDEX:NDTW,52.47,53.46,42.57,45.54,0.0
2024-12-11 14:30:00,INDEX:NDTW,54.45,60.39,54.45,58.41,0.0
2024-12-12 14:30:00,INDEX:NDTW,54.45,55.44,51.48,53.46,0.0
2024-12-13 14:30:00,INDEX:NDTW,47.52,47.52,39.6,44.55,0.0
2024-12-16 14:30:00,INDEX:NDTW,45.54,50.49,39.6,39.6,0.0
2024-12-17 14:30:00,INDEX:NDTW,43.56,43.56,38.61,40.59,0.0
2024-12-18 14:30:00,INDEX:NDTW,36.63,38.61,11.88,11.88,0.0
2024-12-19 14:30:00,INDEX:NDTW,14.85,14.85,9.9,9.9,0.0
2024-12-20 14:30:00,INDEX:NDTW,8.91,18.81,8.91,15.84,0.0
2024-12-23 14:30:00,INDEX:NDTW,13.86,18.81,9.9,18.81,0.0
2024-12-24 14:30:00,INDEX:NDTW,17.82,23.76,17.82,23.76,0.0
2024-12-26 14:30:00,INDEX:NDTW,25.74,30.69,24.75,27.72,0.0
2024-12-27 14:30:00,INDEX:NDTW,18.81,18.81,11.88,15.84,0.0
2024-12-30 14:30:00,INDEX:NDTW,6.93,10.89,4.95,9.9,0.0
2024-12-31 14:30:00,INDEX:NDTW,8.91,10.89,5.94,9.9,0.0
2025-01-02 14:30:00,INDEX:NDTW,19.8,19.8,3.96,12.87,0.0
2025-01-03 14:30:00,INDEX:NDTW,16.83,32.67,13.86,29.7,0.0
2025-01-06 14:30:00,INDEX:NDTW,47.52,51.48,41.58,41.58,0.0
2025-01-07 14:30:00,INDEX:NDTW,41.58,41.58,27.72,32.67,0.0
2025-01-08 14:30:00,INDEX:NDTW,28.71,37.62,28.71,37.62,0.0
2025-01-10 14:30:00,INDEX:NDTW,24.75,28.71,18.81,19.8,0.0
2025-01-13 14:30:00,INDEX:NDTW,12.87,23.76,12.87,23.76,0.0
2025-01-14 14:30:00,INDEX:NDTW,31.68,31.68,21.78,28.71,0.0
2025-01-15 14:30:00,INDEX:NDTW,49.5,56.43,48.51,49.5,0.0
2025-01-16 14:30:00,INDEX:NDTW,48.51,57.42,48.51,50.49,0.0
2025-01-17 14:30:00,INDEX:NDTW,73.26,74.25,70.29,71.28,0.0
2025-01-21 14:30:00,INDEX:NDTW,78.21,80.19,77.22,80.19,0.0
2025-01-22 14:30:00,INDEX:NDTW,78.21,84.15,77.22,77.22,0.0
2025-01-23 14:30:00,INDEX:NDTW,77.22,81.18,74.25,81.18,0.0
2025-01-24 14:30:00,INDEX:NDTW,80.19,80.19,77.22,79.2,0.0
2025-01-27 14:30:00,INDEX:NDTW,72.27,74.25,63.36,69.3,0.0
2025-01-28 14:30:00,INDEX:NDTW,64.35,68.31,63.36,65.34,0.0
2025-01-29 14:30:00,INDEX:NDTW,68.31,72.27,68.31,69.3,0.0
2025-01-30 14:30:00,INDEX:NDTW,73.26,76.23,71.28,74.25,0.0
2025-01-31 14:30:00,INDEX:NDTW,77.22,81.18,68.31,70.29,0.0
2025-02-03 14:30:00,INDEX:NDTW,52.47,68.31,52.47,63.36,0.0
2025-02-04 14:30:00,INDEX:NDTW,60.39,62.37,60.39,60.39,0.0
2025-02-05 14:30:00,INDEX:NDTW,58.41,67.32,58.41,67.32,0.0
2025-02-06 14:30:00,INDEX:NDTW,66.33,70.29,65.34,70.29,0.0
2025-02-07 14:30:00,INDEX:NDTW,71.28,71.28,58.41,60.39,0.0
2025-02-10 14:30:00,INDEX:NDTW,67.32,68.31,64.35,66.33,0.0
2025-02-11 14:30:00,INDEX:NDTW,63.36,64.35,62.37,64.35,0.0
2025-02-12 14:30:00,INDEX:NDTW,52.47,60.39,50.49,59.4,0.0
2025-02-13 14:30:00,INDEX:NDTW,58.41,65.34,55.44,65.34,0.0
2025-02-14 14:30:00,INDEX:NDTW,65.34,68.31,65.34,66.33,0.0
2025-02-18 14:30:00,INDEX:NDTW,64.35,70.29,64.35,70.29,0.0
2025-02-19 14:30:00,INDEX:NDTW,71.28,71.28,67.32,69.3,0.0
2025-02-20 14:30:00,INDEX:NDTW,68.31,68.31,64.35,67.32,0.0
2025-02-21 14:30:00,INDEX:NDTW,62.37,65.34,54.45,55.44,0.0
2025-02-24 14:30:00,INDEX:NDTW,55.44,55.44,51.48,51.48,0.0
2025-02-25 14:30:00,INDEX:NDTW,50.49,50.49,46.53,46.53,0.0
2025-02-26 14:30:00,INDEX:NDTW,49.5,52.47,46.53,48.51,0.0
2025-02-27 14:30:00,INDEX:NDTW,47.52,48.51,32.67,32.67,0.0
2025-02-28 14:30:00,INDEX:NDTW,37.62,41.58,31.68,41.58,0.0
2025-03-03 14:30:00,INDEX:NDTW,46.53,46.53,31.68,35.64,0.0
2025-03-04 14:30:00,INDEX:NDTW,31.68,34.65,29.7,29.7,0.0
2025-03-05 14:30:00,INDEX:NDTW,30.69,37.62,28.71,34.65,0.0
2025-03-06 14:30:00,INDEX:NDTW,28.71,34.65,23.76,28.71,0.0
2025-03-07 14:30:00,INDEX:NDTW,29.7,35.64,24.75,31.68,0.0
2025-03-10 13:30:00,INDEX:NDTW,28.71,28.71,22.77,23.76,0.0
2025-03-11 13:30:00,INDEX:NDTW,16.83,19.8,12.87,14.85,0.0
2025-03-12 13:30:00,INDEX:NDTW,10.89,11.88,7.92,10.89,0.0
2025-03-13 13:30:00,INDEX:NDTW,12.87,12.87,7.92,8.91,0.0
2025-03-14 13:30:00,INDEX:NDTW,9.9,15.84,9.9,15.84,0.0
2025-03-17 13:30:00,INDEX:NDTW,22.77,31.68,21.78,27.72,0.0
2025-03-18 13:30:00,INDEX:NDTW,25.74,28.71,23.76,26.73,0.0
2025-03-19 13:30:00,INDEX:NDTW,30.69,40.59,27.72,33.66,0.0
2025-03-20 13:30:00,INDEX:NDTW,33.66,41.58,31.68,35.64,0.0
2025-03-21 13:30:00,INDEX:NDTW,20.79,32.67,20.79,30.69,0.0
2025-03-24 13:30:00,INDEX:NDTW,52.47,55.44,49.5,51.48,0.0
2025-03-25 13:30:00,INDEX:NDTW,57.42,57.42,52.47,57.42,0.0
2025-03-26 13:30:00,INDEX:NDTW,53.46,57.42,48.51,53.46,0.0
2025-03-27 13:30:00,INDEX:NDTW,45.54,54.45,45.54,47.52,0.0
2025-03-28 13:30:00,INDEX:NDTW,45.54,45.54,24.75,24.75,0.0
2025-03-31 13:30:00,INDEX:NDTW,24.75,32.67,22.77,32.67,0.0
2025-04-01 13:30:00,INDEX:NDTW,26.73,37.62,26.73,35.64,0.0
2025-04-02 13:30:00,INDEX:NDTW,34.65,50.49,34.65,47.52,0.0
2025-04-03 13:30:00,INDEX:NDTW,32.67,32.67,24.75,25.74,0.0
2025-04-04 13:30:00,INDEX:NDTW,18.81,18.81,3.96,3.96,0.0
2025-04-07 13:30:00,INDEX:NDTW,4.95,5.94,0.01,1.98,0.0
2025-04-08 13:30:00,INDEX:NDTW,5.94,7.92,0.01,0.01,0.0
2025-04-09 13:30:00,INDEX:NDTW,1.98,33.66,0.99,31.68,0.0
2025-04-10 13:30:00,INDEX:NDTW,18.81,18.81,4.95,11.88,0.0
2025-04-11 13:30:00,INDEX:NDTW,16.83,27.72,11.88,27.72,0.0
2025-04-14 13:30:00,INDEX:NDTW,41.58,44.55,30.69,33.66,0.0
2025-04-15 13:30:00,INDEX:NDTW,42.57,48.51,38.61,40.59,0.0
2025-04-16 13:30:00,INDEX:NDTW,32.67,37.62,21.78,23.76,0.0
2025-04-17 13:30:00,INDEX:NDTW,27.72,34.65,25.74,31.68,0.0
2025-04-21 13:30:00,INDEX:NDTW,24.75,25.74,11.88,14.85,0.0
2025-04-22 13:30:00,INDEX:NDTW,20.79,29.7,20.79,29.7,0.0
2025-04-23 13:30:00,INDEX:NDTW,70.29,71.28,46.53,49.5,0.0
2025-04-24 13:30:00,INDEX:NDTW,64.35,79.2,64.35,79.2,0.0
2025-04-25 13:30:00,INDEX:NDTW,78.21,78.21,72.27,76.23,0.0
2025-04-28 13:30:00,INDEX:NDTW,81.18,81.18,75.24,80.19,0.0
2025-04-29 13:30:00,INDEX:NDTW,80.19,89.1,80.19,87.12,0.0
2025-04-30 13:30:00,INDEX:NDTW,81.18,89.1,77.22,89.1,0.0
2025-05-01 13:30:00,INDEX:NDTW,88.11,91.08,86.13,86.13,0.0
2025-05-02 13:30:00,INDEX:NDTW,90.09,93.06,90.09,93.06,0.0
2025-05-05 13:30:00,INDEX:NDTW,87.12,90.09,86.13,86.13,0.0
2025-05-06 13:30:00,INDEX:NDTW,83.16,85.14,79.2,81.18,0.0
2025-05-07 13:30:00,INDEX:NDTW,78.21,79.2,76.23,78.21,0.0
2025-05-08 13:30:00,INDEX:NDTW,76.23,80.19,76.23,76.23,0.0
2025-05-09 13:30:00,INDEX:NDTW,76.23,77.22,75.24,76.23,0.0
2025-05-12 13:30:00,INDEX:NDTW,82.17,85.14,80.19,84.15,0.0
2025-05-13 13:30:00,INDEX:NDTW,81.18,83.16,81.18,83.16,0.0
2025-05-14 13:30:00,INDEX:NDTW,82.17,83.16,80.19,81.18,0.0
2025-05-15 13:30:00,INDEX:NDTW,84.15,86.13,83.16,86.13,0.0
2025-05-16 13:30:00,INDEX:NDTW,87.12,87.12,86.13,87.12,0.0
2025-05-19 13:30:00,INDEX:NDTW,86.13,88.11,86.13,88.11,0.0
2025-05-20 13:30:00,INDEX:NDTW,87.12,88.11,85.14,87.12,0.0
2025-05-21 13:30:00,INDEX:NDTW,84.15,85.14,74.25,75.24,0.0
2025-05-22 13:30:00,INDEX:NDTW,74.25,76.23,72.27,72.27,0.0
2025-05-23 13:30:00,INDEX:NDTW,57.42,67.32,57.42,61.38,0.0
2025-05-27 13:30:00,INDEX:NDTW,71.28,79.2,71.28,77.22,0.0
2025-05-28 13:30:00,INDEX:NDTW,78.21,78.21,68.31,68.31,0.0
2025-05-29 13:30:00,INDEX:NDTW,69.3,69.3,61.38,67.32,0.0
2025-05-30 13:30:00,INDEX:NDTW,58.41,61.38,49.5,59.4,0.0
2025-06-02 13:30:00,INDEX:NDTW,54.45,62.37,51.48,61.38,0.0
2025-06-03 13:30:00,INDEX:NDTW,62.37,71.28,56.43,71.28,0.0
2025-06-04 13:30:00,INDEX:NDTW,72.27,72.27,67.32,67.32,0.0
2025-06-05 13:30:00,INDEX:NDTW,62.37,71.28,62.37,64.35,0.0
2025-06-06 13:30:00,INDEX:NDTW,69.3,71.28,66.33,70.29,0.0
2025-06-09 13:30:00,INDEX:NDTW,65.34,74.25,65.34,67.32,0.0
2025-06-10 13:30:00,INDEX:NDTW,66.33,71.28,62.37,71.28,0.0
2025-06-11 13:30:00,INDEX:NDTW,63.36,69.3,58.41,63.36,0.0
2025-06-12 13:30:00,INDEX:NDTW,60.39,69.3,60.39,68.31,0.0
2025-06-13 13:30:00,INDEX:NDTW,59.4,59.4,49.5,52.47,0.0
2025-06-16 13:30:00,INDEX:NDTW,58.41,62.37,56.43,59.4,0.0
2025-06-17 13:30:00,INDEX:NDTW,52.47,58.41,42.57,45.54,0.0
2025-06-18 13:30:00,INDEX:NDTW,46.53,49.5,45.54,46.53,0.0
2025-06-20 13:30:00,INDEX:NDTW,53.46,53.46,38.61,44.55,0.0
2025-06-23 13:30:00,INDEX:NDTW,46.53,52.47,43.56,52.47,0.0
2025-06-24 13:30:00,INDEX:NDTW,53.46,67.32,53.46,66.33,0.0
2025-06-25 13:30:00,INDEX:NDTW,61.38,62.37,55.44,58.41,0.0
2025-06-26 13:30:00,INDEX:NDTW,62.37,67.32,60.39,66.33,0.0
2025-06-27 13:30:00,INDEX:NDTW,66.33,74.25,66.33,69.3,0.0
2025-06-30 13:30:00,INDEX:NDTW,72.27,77.22,71.28,77.22,0.0
2025-07-01 13:30:00,INDEX:NDTW,80.19,85.14,80.19,83.16,0.0
2025-07-02 13:30:00,INDEX:NDTW,78.21,83.16,76.23,78.21,0.0
2025-07-03 13:30:00,INDEX:NDTW,83.16,87.12,82.17,86.13,0.0
2025-07-07 13:30:00,INDEX:NDTW,87.12,87.12,78.21,80.19,0.0
2025-07-08 13:30:00,INDEX:NDTW,79.2,82.17,76.23,79.2,0.0
2025-07-09 13:30:00,INDEX:NDTW,81.18,83.16,79.2,83.16,0.0
2025-07-10 13:30:00,INDEX:NDTW,76.23,76.23,70.29,71.28,0.0
2025-07-11 13:30:00,INDEX:NDTW,63.36,66.33,61.38,64.35,0.0
2025-07-14 13:30:00,INDEX:NDTW,60.39,65.34,59.4,64.35,0.0
2025-07-15 13:30:00,INDEX:NDTW,60.39,60.39,48.51,48.51,0.0
2025-07-16 13:30:00,INDEX:NDTW,47.52,49.5,44.55,47.52,0.0
2025-07-17 13:30:00,INDEX:NDTW,49.5,58.41,49.5,56.43,0.0
2025-07-18 13:30:00,INDEX:NDTW,58.41,61.38,58.41,60.39,0.0
2025-07-21 13:30:00,INDEX:NDTW,60.39,63.36,56.0,56.0,0.0
2025-07-22 13:30:00,INDEX:NDTW,63.0,68.0,58.0,67.0,0.0
2025-07-23 13:30:00,INDEX:NDTW,61.0,73.0,61.0,70.0,0.0
2025-07-24 13:30:00,INDEX:NDTW,63.0,66.0,60.0,63.0,0.0
2025-07-25 13:30:00,INDEX:NDTW,62.0,67.0,62.0,67.0,0.0
2025-07-28 13:30:00,INDEX:NDTW,66.0,71.0,62.0,64.0,0.0
2025-07-29 13:30:00,INDEX:NDTW,65.0,67.0,60.0,60.0,0.0
2025-07-30 13:30:00,INDEX:NDTW,57.0,60.0,51.0,54.0,0.0
2025-07-31 13:30:00,INDEX:NDTW,51.0,51.0,39.0,39.0,0.0
2025-08-01 13:30:00,INDEX:NDTW,32.0,33.66,31.0,33.66,0.0
2025-08-04 13:30:00,INDEX:NDTW,40.59,45.54,39.6,45.54,0.0
2025-08-05 13:30:00,INDEX:NDTW,44.55,44.55,39.6,41.58,0.0
2025-08-06 13:30:00,INDEX:NDTW,39.6,43.56,39.6,42.57,0.0
2025-08-07 13:30:00,INDEX:NDTW,50.49,50.49,39.6,41.58,0.0
2025-08-08 13:30:00,INDEX:NDTW,44.55,47.52,44.55,46.53,0.0
2025-08-11 13:30:00,INDEX:NDTW,49.5,49.5,41.58,42.57,0.0
2025-08-12 13:30:00,INDEX:NDTW,44.55,52.47,41.58,52.47,0.0
2025-08-13 13:30:00,INDEX:NDTW,53.46,56.43,50.49,56.43,0.0
2025-08-14 13:30:00,INDEX:NDTW,53.46,57.42,49.5,49.5,0.0
2025-08-15 13:30:00,INDEX:NDTW,48.51,50.49,45.54,45.54,0.0
2025-08-18 13:30:00,INDEX:NDTW,47.52,50.49,45.54,50.49,0.0
2025-08-19 13:30:00,INDEX:NDTW,47.52,50.49,45.54,47.52,0.0
2025-08-20 13:30:00,INDEX:NDTW,43.56,46.53,39.6,44.55,0.0
2025-08-21 13:30:00,INDEX:NDTW,39.6,43.56,36.63,38.61,0.0
2025-08-22 13:30:00,INDEX:NDTW,60.39,60.39,57.42,59.4,0.0
2025-08-25 13:30:00,INDEX:NDTW,56.43,56.43,50.49,50.49,0.0
2025-08-26 13:30:00,INDEX:NDTW,55.44,55.44,50.49,50.49,0.0
2025-08-27 13:30:00,INDEX:NDTW,52.47,58.41,52.47,56.43,0.0
2025-08-28 13:30:00,INDEX:NDTW,59.4,63.36,56.43,60.39,0.0
2025-08-29 13:30:00,INDEX:NDTW,58.41,58.41,48.51,53.46,0.0
2025-09-02 13:30:00,INDEX:NDTW,35.64,37.62,31.68,36.63,0.0
2025-09-03 13:30:00,INDEX:NDTW,33.66,39.6,31.68,36.63,0.0
2025-09-04 13:30:00,INDEX:NDTW,34.65,44.55,33.66,44.55,0.0
2025-09-05 13:30:00,INDEX:NDTW,52.47,52.47,37.62,44.55,0.0
2025-09-08 13:30:00,INDEX:NDTW,44.55,49.5,43.56,47.52,0.0
2025-09-09 13:30:00,INDEX:NDTW,50.49,50.49,45.54,47.52,0.0
2025-09-10 13:30:00,INDEX:NDTW,44.55,44.55,35.64,39.6,0.0
2025-09-11 13:30:00,INDEX:NDTW,47.52,50.49,45.54,49.5,0.0
2025-09-12 13:30:00,INDEX:NDTW,47.52,49.5,42.57,43.56,0.0
2025-09-15 13:30:00,INDEX:NDTW,47.52,47.52,43.56,43.56,0.0
2025-09-16 13:30:00,INDEX:NDTW,47.52,47.52,41.58,45.54,0.0
2025-09-17 13:30:00,INDEX:NDTW,52.47,59.4,49.5,51.48,0.0
2025-09-18 13:30:00,INDEX:NDTW,58.41,60.39,54.45,54.45,0.0
2025-09-19 13:30:00,INDEX:NDTW,52.47,55.44,48.51,54.45,0.0
2025-09-22 13:30:00,INDEX:NDTW,47.52,55.44,47.52,52.47,0.0
2025-09-23 13:30:00,INDEX:NDTW,55.44,56.43,51.48,52.47,0.0
2025-09-24 13:30:00,INDEX:NDTW,53.46,53.46,48.51,51.48,0.0
2025-09-25 13:30:00,INDEX:NDTW,40.59,46.53,34.65,45.54,0.0
2025-09-26 13:30:00,INDEX:NDTW,52.47,53.46,46.53,53.46,0.0
2025-09-29 13:30:00,INDEX:NDTW,60.39,60.39,52.47,58.41,0.0
2025-09-30 13:30:00,INDEX:NDTW,53.46,53.46,47.52,52.47,0.0
2025-10-01 13:30:00,INDEX:NDTW,59.4,59.4,50.49,57.42,0.0
2025-10-02 13:30:00,INDEX:NDTW,53.46,59.4,52.47,59.4,0.0
2025-10-03 13:30:00,INDEX:NDTW,59.4,65.34,57.42,57.42,0.0
2025-10-06 13:30:00,INDEX:NDTW,58.41,62.37,57.42,60.39,0.0
2025-10-07 13:30:00,INDEX:NDTW,58.41,58.41,48.51,48.51,0.0
2025-10-08 13:30:00,INDEX:NDTW,49.5,57.42,49.5,57.42,0.0
2025-10-09 13:30:00,INDEX:NDTW,57.42,57.42,49.5,52.47,0.0
2025-10-10 13:30:00,INDEX:NDTW,52.47,52.47,27.72,27.72,0.0
2025-10-13 13:30:00,INDEX:NDTW,36.63,38.61,32.67,38.61,0.0
2025-10-14 13:30:00,INDEX:NDTW,33.66,47.52,33.66,39.6,0.0
2025-10-15 13:30:00,INDEX:NDTW,45.54,52.47,39.6,43.56,0.0
2025-10-16 13:30:00,INDEX:NDTW,50.49,50.49,34.65,37.62,0.0
2025-10-17 13:30:00,INDEX:NDTW,39.6,46.53,36.63,44.55,0.0
2025-10-20 13:30:00,INDEX:NDTW,55.44,69.3,55.44,67.32,0.0
2025-10-21 13:30:00,INDEX:NDTW,66.33,77.22,65.34,75.24,0.0
2025-10-22 13:30:00,INDEX:NDTW,66.33,71.28,54.45,62.37,0.0
2025-10-23 13:30:00,INDEX:NDTW,63.36,65.34,59.4,65.34,0.0
2025-10-24 13:30:00,INDEX:NDTW,72.27,72.27,67.32,67.32,0.0
2025-10-27 13:30:00,INDEX:NDTW,70.29,75.24,70.29,73.26,0.0
2025-10-28 13:30:00,INDEX:NDTW,69.3,71.28,63.36,63.36,0.0
2025-10-29 13:30:00,INDEX:NDTW,54.45,57.42,46.53,50.49,0.0
2025-10-30 13:30:00,INDEX:NDTW,48.51,57.42,44.55,44.55,0.0
2025-10-31 13:30:00,INDEX:NDTW,49.5,54.45,46.53,51.96,0.0
2025-11-03 14:30:00,INDEX:NDTW,49.01,50.98,44.11,49.01,0.0
2025-11-04 14:30:00,INDEX:NDTW,41.17,45.09,38.23,39.21,0.0
2025-11-05 14:30:00,INDEX:NDTW,38.23,47.05,38.23,44.11,0.0
2025-11-06 14:30:00,INDEX:NDTW,45.09,45.09,31.37,32.35,0.0
2025-11-07 14:30:00,INDEX:NDTW,33.33,35.29,26.47,35.29,0.0
2025-11-10 14:30:00,INDEX:NDTW,41.17,43.13,35.29,41.17,0.0
2025-11-11 14:30:00,INDEX:NDTW,37.25,42.15,37.25,40.19,0.0
2025-11-12 14:30:00,INDEX:NDTW,42.15,43.13,40.19,41.17,0.0
2025-11-13 14:30:00,INDEX:NDTW,40.19,40.19,32.35,33.33,0.0
2025-11-14 14:30:00,INDEX:NDTW,30.39,36.27,25.49,27.45,0.0
2025-11-17 14:30:00,INDEX:NDTW,30.39,31.37,21.56,22.54,0.0
2025-11-18 14:30:00,INDEX:NDTW,23.52,30.39,23.52,25.49,0.0
2025-11-19 14:30:00,INDEX:NDTW,26.47,30.39,23.52,25.49,0.0
2025-11-20 14:30:00,INDEX:NDTW,28.43,34.31,20.58,23.52,0.0
2025-11-21 14:30:00,INDEX:NDTW,29.41,34.31,29.41,29.41,0.0
2025-11-24 14:30:00,INDEX:NDTW,32.35,36.27,31.37,35.29,0.0
2025-11-25 14:30:00,INDEX:NDTW,35.64,44.55,35.64,43.56,0.0
2025-11-26 14:30:00,INDEX:NDTW,50.49,59.4,50.49,53.46,0.0
2025-11-28 14:30:00,INDEX:NDTW,55.44,61.38,55.44,61.38,0.0
2025-12-01 14:30:00,INDEX:NDTW,58.41,64.35,54.45,54.45,0.0
2025-12-02 14:30:00,INDEX:NDTW,58.41,68.31,58.41,66.33,0.0
2025-12-03 14:30:00,INDEX:NDTW,72.27,72.27,68.31,72.27,0.0
2025-12-04 14:30:00,INDEX:NDTW,68.31,71.28,67.32,68.31,0.0
2025-12-05 14:30:00,INDEX:NDTW,66.33,75.24,66.33,67.32,0.0
2025-12-08 14:30:00,INDEX:NDTW,61.38,63.36,60.39,63.36,0.0
2025-12-09 14:30:00,INDEX:NDTW,64.35,66.33,62.37,62.37,0.0
2025-12-10 14:30:00,INDEX:NDTW,62.37,67.32,58.41,65.34,0.0
2025-12-11 14:30:00,INDEX:NDTW,67.32,67.32,64.35,67.32,0.0
2025-12-12 14:30:00,INDEX:NDTW,68.31,68.31,57.42,62.37,0.0
2025-12-15 14:30:00,INDEX:NDTW,58.41,58.41,55.44,56.43,0.0
2025-12-16 14:30:00,INDEX:NDTW,56.43,58.41,53.46,57.42,0.0
2025-12-17 14:30:00,INDEX:NDTW,54.45,54.45,45.54,45.54,0.0
2025-12-18 14:30:00,INDEX:NDTW,50.49,56.43,49.5,52.47,0.0
2025-12-19 14:30:00,INDEX:NDTW,54.45,58.41,53.46,53.46,0.0
2025-12-22 14:30:00,INDEX:NDTW,62.37,62.37,57.42,61.38,0.0
2025-12-23 14:30:00,INDEX:NDTW,56.43,59.4,52.47,59.4,0.0
2025-12-24 14:30:00,INDEX:NDTW,58.41,62.37,58.41,60.39,0.0
2025-12-26 14:30:00,INDEX:NDTW,60.39,63.36,58.41,59.4,0.0
2025-12-29 14:30:00,INDEX:NDTW,65.34,65.34,50.49,57.42,0.0
2025-12-30 14:30:00,INDEX:NDTW,53.46,56.43,49.5,49.5,0.0
2025-12-31 14:30:00,INDEX:NDTW,48.51,48.51,32.67,32.67,0.0
2026-01-02 14:30:00,INDEX:NDTW,31.68,39.6,29.7,37.62,0.0
2026-01-05 14:30:00,INDEX:NDTW,45.54,50.49,45.54,46.07,0.0
2026-01-06 14:30:00,INDEX:NDTW,47.05,57.84,46.07,57.84,0.0
2026-01-07 14:30:00,INDEX:NDTW,52.94,62.74,52.94,56.86,0.0
2026-01-08 14:30:00,INDEX:NDTW,53.92,58.82,53.92,56.86,0.0
2026-01-09 14:30:00,INDEX:NDTW,58.82,63.72,56.86,58.82,0.0
2026-01-12 14:30:00,INDEX:NDTW,54.9,57.84,51.96,54.9,0.0
2026-01-13 14:30:00,INDEX:NDTW,51.96,52.94,50.0,52.94,0.0
2026-01-14 14:30:00,INDEX:NDTW,53.92,53.92,48.03,52.94,0.0
2026-01-15 14:30:00,INDEX:NDTW,53.92,56.86,52.94,53.92,0.0
2026-01-16 14:30:00,INDEX:NDTW,48.03,56.86,48.03,53.92,0.0
2026-01-20 14:30:00,INDEX:NDTW,39.21,46.07,39.21,41.17,0.0
2026-01-21 14:30:00,INDEX:NDTW,43.13,50.0,40.19,48.03,0.0
2026-01-22 14:30:00,INDEX:NDTW,50.98,53.92,47.05,51.96,0.0
2026-01-23 14:30:00,INDEX:NDTW,49.01,54.9,49.01,53.92,0.0
2026-01-26 14:30:00,INDEX:NDTW,53.92,56.43,53.46,53.46,0.0
2026-01-27 14:30:00,INDEX:NDTW,59.4,59.4,54.45,55.44,0.0
2026-01-28 14:30:00,INDEX:NDTW,58.41,60.39,52.47,52.47,0.0
2026-01-29 14:30:00,INDEX:NDTW,47.52,48.51,44.55,48.51,0.0
2026-01-30 14:30:00,INDEX:NDTW,44.55,49.5,42.57,48.51,0.0
2026-02-02 14:30:00,INDEX:NDTW,49.5,49.5,44.55,44.55,0.0
2026-02-03 14:30:00,INDEX:NDTW,48.51,48.51,45.54,46.53,0.0
2026-02-04 14:30:00,INDEX:NDTW,45.54,47.52,41.58,43.56,0.0
2026-02-05 14:30:00,INDEX:NDTW,42.57,43.56,39.6,40.59,0.0
2026-02-06 14:30:00,INDEX:NDTW,43.56,48.51,43.56,47.52,0.0
2026-02-09 14:30:00,INDEX:NDTW,40.59,47.52,40.59,46.53,0.0
2026-02-10 14:30:00,INDEX:NDTW,47.52,50.49,47.52,47.52,0.0
2026-02-11 14:30:00,INDEX:NDTW,50.49,52.47,47.52,51.48,0.0
2026-02-12 14:30:00,INDEX:NDTW,50.49,51.48,45.54,47.52,0.0
2026-02-13 14:30:00,INDEX:NDTW,44.55,48.51,44.55,45.54,0.0
2026-02-17 14:30:00,INDEX:NDTW,47.52,48.51,44.55,44.55,0.0
2026-02-18 14:30:00,INDEX:NDTW,51.48,52.47,46.53,48.51,0.0
2026-02-19 14:30:00,INDEX:NDTW,41.58,43.56,41.58,43.56,0.0
2026-02-20 14:30:00,INDEX:NDTW,52.47,56.43,44.55,51.48,0.0
2026-02-23 14:30:00,INDEX:NDTW,49.5,49.5,43.56,47.52,0.0
2026-02-24 14:30:00,INDEX:NDTW,45.54,50.49,45.54,49.5,0.0
2026-02-25 14:30:00,INDEX:NDTW,61.38,61.38,56.43,59.4,0.0
2026-02-26 14:30:00,INDEX:NDTW,51.48,54.45,50.49,54.45,0.0
2026-02-27 14:30:00,INDEX:NDTW,55.44,57.42,52.47,54.45,0.0
2026-03-02 14:30:00,INDEX:NDTW,48.51,54.45,45.54,53.46,0.0
2026-03-03 14:30:00,INDEX:NDTW,37.62,49.5,36.63,42.57,0.0
2026-03-04 14:30:00,INDEX:NDTW,50.49,60.39,50.49,57.42,0.0
2026-03-05 14:30:00,INDEX:NDTW,51.48,51.48,44.55,48.51,0.0
2026-03-06 14:30:00,INDEX:NDTW,40.59,47.52,38.61,46.53,0.0
2026-03-09 13:30:00,INDEX:NDTW,40.59,48.51,38.61,47.52,0.0
2026-03-10 13:30:00,INDEX:NDTW,47.52,52.47,41.58,42.57,0.0
2026-03-11 13:30:00,INDEX:NDTW,42.57,44.55,38.61,41.58,0.0
2026-03-12 13:30:00,INDEX:NDTW,34.65,34.65,25.74,25.74,0.0
2026-03-13 13:30:00,INDEX:NDTW,32.67,32.67,24.75,25.74,0.0
2026-03-16 13:30:00,INDEX:NDTW,29.7,31.68,27.72,29.7,0.0
2026-03-17 13:30:00,INDEX:NDTW,42.57,42.57,30.69,30.69,0.0
2026-03-18 13:30:00,INDEX:NDTW,31.68,33.66,23.76,23.76,0.0
2026-03-19 13:30:00,INDEX:NDTW,19.8,26.73,17.82,26.73,0.0
2026-03-20 13:30:00,INDEX:NDTW,20.79,21.78,14.85,18.81,0.0
2026-03-23 13:30:00,INDEX:NDTW,29.7,34.65,22.77,23.76,0.0
2026-03-24 13:30:00,INDEX:NDTW,16.83,17.82,15.84,15.84,0.0
2026-03-25 13:30:00,INDEX:NDTW,26.73,26.73,22.77,23.76,0.0
2026-03-26 13:30:00,INDEX:NDTW,23.76,27.72,13.86,13.86,0.0
2026-03-27 13:30:00,INDEX:NDTW,11.88,15.84,10.89,10.89,0.0
2026-03-30 13:30:00,INDEX:NDTW,13.86,19.8,11.88,12.87,0.0
2026-03-31 13:30:00,INDEX:NDTW,12.87,33.66,12.87,31.68,0.0
2026-04-01 13:30:00,INDEX:NDTW,12.87,41.58,12.87,41.58,0.0
2026-04-02 13:30:00,INDEX:NDTW,29.7,46.53,29.7,44.55,0.0
2026-04-06 13:30:00,INDEX:NDTW,48.51,53.46,44.55,51.48,0.0
2026-04-07 13:30:00,INDEX:NDTW,46.53,51.48,41.58,51.48,0.0
2026-04-08 13:30:00,INDEX:NDTW,72.27,73.26,67.32,68.31,0.0
2026-04-09 13:30:00,INDEX:NDTW,65.34,65.34,60.39,62.37,0.0
2026-04-10 13:30:00,INDEX:NDTW,62.37,62.37,55.44,56.43,0.0
2026-04-13 13:30:00,INDEX:NDTW,56.43,65.34,56.43,65.34,0.0
2026-04-14 13:30:00,INDEX:NDTW,68.31,70.29,63.36,70.29,0.0
2026-04-15 13:30:00,INDEX:NDTW,72.27,73.26,65.34,72.27,0.0
2026-04-16 13:30:00,INDEX:NDTW,77.22,79.2,74.25,75.24,0.0
2026-04-17 13:30:00,INDEX:NDTW,80.19,81.18,78.21,80.19,0.0
2026-04-20 13:30:00,INDEX:NDTW,84.15,84.15,80.19,81.18,0.0
2026-04-21 13:30:00,INDEX:NDTW,78.21,80.19,72.27,73.26,0.0
2026-04-22 13:30:00,INDEX:NDTW,79.2,81.18,73.26,74.25,0.0
2026-04-23 13:30:00,INDEX:NDTW,67.32,70.29,66.33,69.3,0.0
2026-04-24 13:30:00,INDEX:NDTW,63.36,68.31,62.37,67.32,0.0
2026-04-27 13:30:00,INDEX:NDTW,67.32,71.28,61.38,61.38,0.0
2026-04-28 13:30:00,INDEX:NDTW,62.37,63.36,59.4,59.4,0.0
2026-04-29 13:30:00,INDEX:NDTW,54.45,58.41,50.49,58.41,0.0
2026-04-30 13:30:00,INDEX:NDTW,55.44,65.34,55.44,62.37,0.0
2026-05-01 13:30:00,INDEX:NDTW,68.31,71.28,66.33,66.33,0.0
2026-05-04 13:30:00,INDEX:NDTW,65.34,65.34,57.42,59.4,0.0
2026-05-05 13:30:00,INDEX:NDTW,56.43,62.37,56.43,58.41,0.0
2026-05-06 13:30:00,INDEX:NDTW,63.36,66.33,61.38,62.37,0.0
2026-05-07 13:30:00,INDEX:NDTW,62.37,63.36,59.4,61.38,0.0
2026-05-08 13:30:00,INDEX:NDTW,56.43,58.41,54.45,56.43,0.0
2026-05-11 13:30:00,INDEX:NDTW,51.48,51.48,48.51,50.49,0.0
2026-05-12 13:30:00,INDEX:NDTW,50.49,55.44,46.53,54.45,0.0
2026-05-13 13:30:00,INDEX:NDTW,48.51,50.49,44.55,50.49,0.0
2026-05-14 13:30:00,INDEX:NDTW,48.51,50.49,48.51,48.51,0.0
2026-05-15 13:30:00,INDEX:NDTW,46.53,51.48,46.53,48.51,0.0
2026-05-18 13:30:00,INDEX:NDTW,49.5,55.44,46.53,55.44,0.0
2026-05-19 13:30:00,INDEX:NDTW,52.47,52.47,48.51,49.5,0.0
2026-05-20 13:30:00,INDEX:NDTW,45.54,56.43,45.54,56.43,0.0
2026-05-21 13:30:00,INDEX:NDTW,50.49,59.4,50.49,55.44,0.0
2026-05-22 13:30:00,INDEX:NDTW,63.36,63.36,58.41,58.41,0.0
2026-05-26 13:30:00,INDEX:NDTW,60.39,63.36,57.42,59.4,0.0
2026-05-27 13:30:00,INDEX:NDTW,61.38,65.34,57.42,57.42,0.0
2026-05-28 13:30:00,INDEX:NDTW,60.39,63.36,59.4,60.39,0.0
2026-05-29 13:30:00,INDEX:NDTW,59.4,61.38,55.44,55.44,0.0
2026-06-01 13:30:00,INDEX:NDTW,54.45,59.4,54.45,57.42,0.0
2026-06-02 13:30:00,INDEX:NDTW,57.42,57.42,54.45,56.43,0.0
2026-06-03 13:30:00,INDEX:NDTW,57.42,57.42,55.44,55.44,0.0
2026-06-04 13:30:00,INDEX:NDTW,61.38,61.38,58.41,58.41,0.0
2026-06-05 13:30:00,INDEX:NDTW,55.44,56.43,48.51,49.5,0.0
2026-06-08 13:30:00,INDEX:NDTW,46.53,47.52,43.56,44.55,0.0
2026-06-09 13:30:00,INDEX:NDTW,50.49,50.49,40.59,45.54,0.0
2026-06-10 13:30:00,INDEX:NDTW,42.57,43.56,36.63,37.62,0.0
2026-06-11 13:30:00,INDEX:NDTW,35.64,51.48,35.64,50.49,0.0
2026-06-12 13:30:00,INDEX:NDTW,47.52,57.42,47.52,54.45,0.0
2026-06-15 13:30:00,INDEX:NDTW,60.39,61.38,57.42,59.4,0.0
2026-06-16 13:30:00,INDEX:NDTW,59.4,60.39,52.47,55.44,0.0
2026-06-17 13:30:00,INDEX:NDTW,51.48,51.48,31.68,33.66,0.0
2026-06-18 13:30:00,INDEX:NDTW,37.62,40.59,37.62,37.62,0.0
2026-06-22 13:30:00,INDEX:NDTW,43.56,44.55,38.61,40.59,0.0
2026-06-23 13:30:00,INDEX:NDTW,33.66,39.6,32.67,38.61,0.0
2026-06-24 13:30:00,INDEX:NDTW,45.54,47.52,41.58,44.55,0.0
2026-06-25 13:30:00,INDEX:NDTW,50.49,51.48,43.56,44.55,0.0
2026-06-26 13:30:00,INDEX:NDTW,45.54,49.5,43.56,47.52,0.0
2026-06-29 13:30:00,INDEX:NDTW,51.48,51.48,45.54,50.49,0.0
2026-06-30 13:30:00,INDEX:NDTW,50.49,50.49,47.52,50.49,0.0
2026-07-01 13:30:00,INDEX:NDTW,52.47,59.4,52.47,54.9,0.0
2026-07-02 13:30:00,INDEX:NDTW,61.76,61.76,50.98,56.86,0.0
2026-07-06 13:30:00,INDEX:NDTW,53.92,59.8,51.96,57.84,0.0
2026-07-07 13:30:00,INDEX:NDTW,58.25,58.25,54.36,54.36,0.0
2026-07-08 13:30:00,INDEX:NDTW,52.42,57.28,52.42,53.39,0.0
2026-07-09 13:30:00,INDEX:NDTW,53.39,58.25,51.45,58.25,0.0
2026-07-10 13:30:00,INDEX:NDTW,60.19,60.19,55.33,59.22,0.0
2026-07-13 13:30:00,INDEX:NDTW,57.28,59.22,51.45,54.36,0.0
2026-07-14 13:30:00,INDEX:NDTW,50.48,52.42,46.6,47.57,0.0
2026-07-15 13:30:00,INDEX:NDTW,52.42,52.42,46.6,48.54,0.0
2026-07-16 13:30:00,INDEX:NDTW,48.54,51.45,46.6,49.51,0.0
2026-07-17 13:30:00,INDEX:NDTW,50.48,50.48,42.71,44.66,0.0
2026-07-20 13:30:00,INDEX:NDTW,44.66,47.57,40.77,41.74,0.0
2026-07-21 13:30:00,INDEX:NDTW,45.63,48.54,44.66,47.57,0.0
2026-07-22 13:30:00,INDEX:NDTW,43.68,43.68,32.03,32.03,0.0
2026-07-23 13:30:00,INDEX:NDTW,30.09,31.06,26.21,31.06,0.0
2026-07-24 13:30:00,INDEX:NDTW,29.12,32.03,29.12,32.03,0.0
2026-07-27 13:30:00,INDEX:NDTW,43.68,44.66,40.77,44.66,0.0
2026-07-28 13:30:00,INDEX:NDTW,50.48,53.39,48.54,48.54,0.0
2026-07-29 13:30:00,INDEX:NDTW,51.45,51.45,46.6,47.57,0.0
2026-07-30 13:30:00,INDEX:NDTW,48.54,51.45,42.71,49.51,0.0
2026-07-31 13:30:00,INDEX:NDTW,45.63,53.39,45.63,53.39,0.0
2026-08-03 13:30:00,INDEX:NDTW,53.39,58.25,52.42,57.28,0.0
2026-08-04 13:30:00,INDEX:NDTW,61.16,71.84,61.16,70.87,0.0
2026-08-05 13:30:00,INDEX:NDTW,73.78,73.78,64.07,65.04,0.0
2026-08-06 13:30:00,INDEX:NDTW,64.7,66.66,60.78,61.76,0.0
2026-08-07 13:30:00,INDEX:NDTW,64.7,71.56,64.7,70.58,0.0
2026-08-10 13:30:00,INDEX:NDTW,67.64,67.64,61.76,65.68,0.0
2026-08-11 13:30:00,INDEX:NDTW,70.58,71.56,61.76,64.7,0.0
2026-08-12 13:30:00,INDEX:NDTW,66.66,69.6,65.68,68.62,0.0
2026-08-13 13:30:00,INDEX:NDTW,68.62,72.54,67.64,68.62,0.0
2026-08-14 13:30:00,INDEX:NDTW,72.54,72.54,66.66,69.6,0.0
2026-08-17 13:30:00,INDEX:NDTW,68.62,68.62,64.7,64.7,0.0
2026-08-18 13:30:00,INDEX:NDTW,64.7,64.7,57.84,57.84,0.0
2026-08-19 13:30:00,INDEX:NDTW,65.68,68.62,59.8,60.78,0.0
2026-08-20 13:30:00,INDEX:NDTW,55.88,58.82,51.96,51.96,0.0
2026-08-21 13:30:00,INDEX:NDTW,51.96,56.86,49.01,50.98,0.0
2026-08-24 13:30:00,INDEX:NDTW,50.98,51.96,49.01,51.96,0.0
2026-08-25 13:30:00,INDEX:NDTW,53.92,53.92,49.01,50.0,0.0
2026-08-26 13:30:00,INDEX:NDTW,53.92,53.92,51.96,51.96,0.0
2026-08-27 13:30:00,INDEX:NDTW,48.03,52.94,48.03,49.01,0.0
2026-08-28 13:30:00,INDEX:NDTW,47.05,48.03,44.11,46.07,0.0
2026-08-31 13:30:00,INDEX:NDTW,44.11,44.11,41.17,42.15,0.0
2026-09-01 13:30:00,INDEX:NDTW,42.15,43.13,37.25,38.23,0.0
2026-09-02 13:30:00,INDEX:NDTW,32.35,40.19,32.35,39.21,0.0
2026-09-03 13:30:00,INDEX:NDTW,40.19,40.19,36.27,37.25,0.0
2026-09-04 13:30:00,INDEX:NDTW,34.31,34.31,28.43,32.35,0.0
2026-09-08 13:30:00,INDEX:NDTW,32.35,32.35,27.45,29.41,0.0
2026-09-09 13:30:00,INDEX:NDTW,29.41,29.41,24.5,26.47,0.0
2026-09-10 13:30:00,INDEX:NDTW,17.64,23.52,17.64,20.58,0.0
2026-09-11 13:30:00,INDEX:NDTW,25.49,27.45,23.52,23.52,0.0
2026-09-14 13:30:00,INDEX:NDTW,24.5,27.45,24.5,24.5,0.0
2026-09-15 13:30:00,INDEX:NDTW,22.54,24.5,19.8,19.8,0.0
2026-09-16 13:30:00,INDEX:NDTW,20.79,27.72,14.85,19.8,0.0
2026-09-17 13:30:00,INDEX:NDTW,30.69,31.68,27.72,31.68,0.0
2026-09-18 13:30:00,INDEX:NDTW,33.66,34.65,30.69,33.66,0.0
2026-09-21 13:30:00,INDEX:NDTW,39.6,48.51,39.6,48.51,0.0
2026-09-22 13:30:00,INDEX:NDTW,50.49,55.44,50.49,53.46,0.0
2026-09-23 13:30:00,INDEX:NDTW,54.45,54.45,47.52,47.52,0.0
2026-09-24 13:30:00,INDEX:NDTW,50.49,51.48,45.54,49.5,0.0
2026-09-25 13:30:00,INDEX:NDTW,52.47,56.43,51.48,54.45,0.0
2026-09-28 13:30:00,INDEX:NDTW,51.48,55.44,49.5,55.44,0.0
2026-09-29 13:30:00,INDEX:NDTW,53.46,54.45,47.52,51.48,0.0
2026-09-30 13:30:00,INDEX:NDTW,55.44,55.44,48.51,48.51,0.0
2026-10-01 13:30:00,INDEX:NDTW,49.5,49.5,41.58,44.55,0.0
2026-10-02 13:30:00,INDEX:NDTW,52.47,55.44,49.5,49.5,0.0
2026-10-05 13:30:00,INDEX:NDTW,52.47,59.4,52.47,58.41,0.0
2026-10-06 13:30:00,INDEX:NDTW,58.41,60.39,55.44,59.4,0.0
2026-10-07 13:30:00,INDEX:NDTW,58.41,59.4,54.0,54.0,0.0
2026-10-08 13:30:00,INDEX:NDTW,56.0,63.0,50.0,63.0,0.0
2026-10-09 13:30:00,INDEX:NDTW,60.0,66.0,60.0,64.0,0.0
