datetime,symbol,open,high,low,close,volume
2013-10-14 13:30:00,INDEX:R3TW,71.11,71.11,71.11,71.11,0.0
2013-10-15 13:30:00,INDEX:R3TW,64.46,67.68,59.09,59.17,0.0
2013-10-16 13:30:00,INDEX:R3TW,64.67,71.22,64.67,70.68,0.0
2013-10-17 13:30:00,INDEX:R3TW,68.47,77.44,68.47,77.36,0.0
2013-10-18 13:30:00,INDEX:R3TW,80.18,82.59,78.72,82.59,0.0
2013-10-21 13:30:00,INDEX:R3TW,80.64,81.93,79.55,80.02,0.0
2013-10-22 13:30:00,INDEX:R3TW,82.4,83.76,80.46,82.03,0.0
2013-10-23 13:30:00,INDEX:R3TW,77.06,77.91,75.19,76.79,0.0
2013-10-24 13:30:00,INDEX:R3TW,75.97,79.21,75.29,78.8,0.0
2013-10-25 13:30:00,INDEX:R3TW,79.0,79.07,75.43,78.05,0.0
2013-10-28 13:30:00,INDEX:R3TW,77.09,77.6,74.54,76.88,0.0
2013-10-29 13:30:00,INDEX:R3TW,77.69,77.69,74.73,77.14,0.0
2013-10-30 13:30:00,INDEX:R3TW,76.15,76.15,66.38,67.26,0.0
2013-10-31 13:30:00,INDEX:R3TW,66.82,66.82,60.27,60.27,0.0
2013-11-01 13:30:00,INDEX:R3TW,57.47,57.75,48.65,55.87,0.0
2013-11-04 14:30:00,INDEX:R3TW,56.45,61.6,56.14,61.56,0.0
2013-11-05 14:30:00,INDEX:R3TW,53.83,56.52,51.92,53.81,0.0
2013-11-06 14:30:00,INDEX:R3TW,56.4,57.12,49.69,51.12,0.0
2013-11-07 14:30:00,INDEX:R3TW,53.24,53.24,35.46,35.46,0.0
2013-11-08 14:30:00,INDEX:R3TW,39.35,51.19,39.35,51.16,0.0
2013-11-11 14:30:00,INDEX:R3TW,47.81,50.4,47.81,49.41,0.0
2013-11-12 14:30:00,INDEX:R3TW,46.79,48.05,43.61,47.81,0.0
2013-11-13 14:30:00,INDEX:R3TW,43.34,56.24,43.34,56.21,0.0
2013-11-14 14:30:00,INDEX:R3TW,54.33,56.48,52.28,55.87,0.0
2013-11-15 14:30:00,INDEX:R3TW,55.73,60.75,55.63,60.71,0.0
2013-11-18 14:30:00,INDEX:R3TW,60.03,62.18,54.23,55.17,0.0
2013-11-19 14:30:00,INDEX:R3TW,52.88,57.8,47.49,49.69,0.0
2013-11-20 14:30:00,INDEX:R3TW,49.41,53.48,44.56,47.13,0.0
2013-11-21 14:30:00,INDEX:R3TW,51.98,62.73,51.98,62.72,0.0
2013-11-22 14:30:00,INDEX:R3TW,61.46,66.17,61.39,65.82,0.0
2013-11-25 14:30:00,INDEX:R3TW,67.19,68.55,65.48,65.75,0.0
2013-11-26 14:30:00,INDEX:R3TW,67.12,71.59,66.33,69.94,0.0
2013-11-27 14:30:00,INDEX:R3TW,70.01,73.33,69.84,73.15,0.0
2013-11-29 14:30:00,INDEX:R3TW,74.58,76.22,74.06,74.06,0.0
2013-12-02 14:30:00,INDEX:R3TW,70.03,70.85,61.82,62.36,0.0
2013-12-03 14:30:00,INDEX:R3TW,60.13,64.34,54.0,57.6,0.0
2013-12-04 14:30:00,INDEX:R3TW,52.15,60.58,43.97,53.63,0.0
2013-12-05 14:30:00,INDEX:R3TW,49.0,52.91,49.0,50.73,0.0
2013-12-06 14:30:00,INDEX:R3TW,60.5,65.7,58.99,63.54,0.0
2013-12-09 14:30:00,INDEX:R3TW,63.44,64.23,57.34,61.11,0.0
2013-12-10 14:30:00,INDEX:R3TW,58.41,59.57,49.16,49.19,0.0
2013-12-11 14:30:00,INDEX:R3TW,47.0,47.0,28.24,29.35,0.0
2013-12-12 14:30:00,INDEX:R3TW,29.52,33.98,27.26,30.34,0.0
2013-12-13 14:30:00,INDEX:R3TW,34.53,36.86,28.97,34.33,0.0
2013-12-16 14:30:00,INDEX:R3TW,42.6,47.68,41.64,47.61,0.0
2013-12-17 14:30:00,INDEX:R3TW,42.84,46.48,39.31,45.66,0.0
2013-12-18 14:30:00,INDEX:R3TW,45.69,61.39,39.86,61.39,0.0
2013-12-19 14:30:00,INDEX:R3TW,56.41,56.41,50.89,51.51,0.0
2013-12-20 14:30:00,INDEX:R3TW,57.55,69.84,57.52,69.46,0.0
2013-12-23 14:30:00,INDEX:R3TW,74.81,76.94,73.96,76.69,0.0
2013-12-24 14:30:00,INDEX:R3TW,77.89,81.36,77.89,80.99,0.0
2013-12-26 14:30:00,INDEX:R3TW,83.7,83.7,80.68,81.04,0.0
2013-12-27 14:30:00,INDEX:R3TW,81.59,81.59,77.91,80.32,0.0
2013-12-30 14:30:00,INDEX:R3TW,80.97,81.69,79.84,79.84,0.0
2013-12-31 14:30:00,INDEX:R3TW,81.28,83.24,80.73,81.32,0.0
2014-01-02 14:30:00,INDEX:R3TW,73.64,75.64,64.36,67.49,0.0
2014-01-03 14:30:00,INDEX:R3TW,70.07,71.82,67.32,71.08,0.0
2014-01-06 14:30:00,INDEX:R3TW,68.6,70.46,60.2,60.2,0.0
2014-01-07 14:30:00,INDEX:R3TW,67.26,72.77,66.26,70.12,0.0
2014-01-08 14:30:00,INDEX:R3TW,67.46,67.53,60.24,64.02,0.0
2014-01-09 14:30:00,INDEX:R3TW,64.64,64.64,56.41,61.51,0.0
2014-01-10 14:30:00,INDEX:R3TW,60.68,63.4,58.58,63.39,0.0
2014-01-13 14:30:00,INDEX:R3TW,59.26,59.26,42.01,45.76,0.0
2014-01-14 14:30:00,INDEX:R3TW,48.31,57.71,48.2,57.71,0.0
2014-01-15 14:30:00,INDEX:R3TW,59.05,62.25,59.05,61.15,0.0
2014-01-16 14:30:00,INDEX:R3TW,58.02,59.57,55.95,59.36,0.0
2014-01-17 14:30:00,INDEX:R3TW,57.74,58.43,52.16,53.78,0.0
2014-01-21 14:30:00,INDEX:R3TW,59.53,60.26,53.4,59.52,0.0
2014-01-22 14:30:00,INDEX:R3TW,59.8,61.72,57.59,61.3,0.0
2014-01-23 14:30:00,INDEX:R3TW,55.03,55.03,48.58,52.89,0.0
2014-01-24 14:30:00,INDEX:R3TW,42.59,43.07,30.66,31.87,0.0
2014-01-27 14:30:00,INDEX:R3TW,32.9,32.9,20.08,22.85,0.0
2014-01-28 14:30:00,INDEX:R3TW,25.88,30.54,25.37,30.49,0.0
2014-01-29 14:30:00,INDEX:R3TW,25.56,26.83,20.14,20.86,0.0
2014-01-30 14:30:00,INDEX:R3TW,27.07,35.56,27.07,33.22,0.0
2014-01-31 14:30:00,INDEX:R3TW,27.5,32.12,26.77,28.19,0.0
2014-02-03 14:30:00,INDEX:R3TW,27.33,27.33,13.56,14.25,0.0
2014-02-04 14:30:00,INDEX:R3TW,14.77,19.5,14.77,18.34,0.0
2014-02-05 14:30:00,INDEX:R3TW,16.58,17.24,12.75,15.73,0.0
2014-02-06 14:30:00,INDEX:R3TW,19.43,22.58,19.43,22.18,0.0
2014-02-07 14:30:00,INDEX:R3TW,28.62,30.66,23.53,30.66,0.0
2014-02-10 14:30:00,INDEX:R3TW,29.8,34.31,28.52,34.31,0.0
2014-02-11 14:30:00,INDEX:R3TW,37.29,46.46,37.15,45.09,0.0
2014-02-12 14:30:00,INDEX:R3TW,51.54,52.68,45.99,48.42,0.0
2014-02-13 14:30:00,INDEX:R3TW,48.18,61.03,48.18,61.01,0.0
2014-02-14 14:30:00,INDEX:R3TW,59.52,65.34,59.52,64.51,0.0
2014-02-18 14:30:00,INDEX:R3TW,68.87,73.55,66.34,73.03,0.0
2014-02-19 14:30:00,INDEX:R3TW,72.79,75.42,62.91,62.93,0.0
2014-02-20 14:30:00,INDEX:R3TW,66.33,74.16,65.32,73.6,0.0
2014-02-21 14:30:00,INDEX:R3TW,76.27,77.52,74.22,74.32,0.0
2014-02-24 14:30:00,INDEX:R3TW,78.24,84.03,78.24,80.18,0.0
2014-02-25 14:30:00,INDEX:R3TW,79.31,81.43,76.54,76.78,0.0
2014-02-26 14:30:00,INDEX:R3TW,79.56,82.99,77.3,79.9,0.0
2014-02-27 14:30:00,INDEX:R3TW,78.62,82.68,76.99,82.64,0.0
2014-02-28 14:30:00,INDEX:R3TW,83.85,85.17,79.2,81.31,0.0
2014-03-03 14:30:00,INDEX:R3TW,75.65,77.43,69.47,75.58,0.0
2014-03-04 14:30:00,INDEX:R3TW,83.98,87.98,83.98,86.79,0.0
2014-03-05 14:30:00,INDEX:R3TW,85.05,85.33,83.35,84.56,0.0
2014-03-06 14:30:00,INDEX:R3TW,84.18,84.25,81.33,82.06,0.0
2014-03-07 14:30:00,INDEX:R3TW,80.15,80.15,75.94,77.78,0.0
2014-03-10 13:30:00,INDEX:R3TW,74.23,75.13,70.16,74.13,0.0
2014-03-11 13:30:00,INDEX:R3TW,72.32,74.61,59.66,62.37,0.0
2014-03-12 13:30:00,INDEX:R3TW,53.68,63.03,53.68,63.03,0.0
2014-03-13 13:30:00,INDEX:R3TW,61.99,61.99,45.09,47.07,0.0
2014-03-14 13:30:00,INDEX:R3TW,48.5,51.66,47.0,50.2,0.0
2014-03-17 13:30:00,INDEX:R3TW,59.04,60.43,53.75,54.53,0.0
2014-03-18 13:30:00,INDEX:R3TW,55.72,65.84,55.72,65.37,0.0
2014-03-19 13:30:00,INDEX:R3TW,63.32,64.75,51.21,55.11,0.0
2014-03-20 13:30:00,INDEX:R3TW,51.32,56.85,48.5,56.19,0.0
2014-03-21 13:30:00,INDEX:R3TW,60.33,64.09,54.21,54.89,0.0
2014-03-24 13:30:00,INDEX:R3TW,53.18,53.81,38.94,44.3,0.0
2014-03-25 13:30:00,INDEX:R3TW,49.8,52.24,41.42,45.24,0.0
2014-03-26 13:30:00,INDEX:R3TW,50.26,50.26,28.57,28.57,0.0
2014-03-27 13:30:00,INDEX:R3TW,24.67,29.96,22.93,24.71,0.0
2014-03-28 13:30:00,INDEX:R3TW,30.28,38.77,28.12,29.23,0.0
2014-03-31 13:30:00,INDEX:R3TW,33.65,47.05,33.65,45.24,0.0
2014-04-01 13:30:00,INDEX:R3TW,52.24,60.66,50.08,60.56,0.0
2014-04-02 13:30:00,INDEX:R3TW,61.64,65.01,61.29,65.01,0.0
2014-04-03 13:30:00,INDEX:R3TW,65.5,65.5,56.24,58.91,0.0
2014-04-04 13:30:00,INDEX:R3TW,61.84,63.76,36.68,37.42,0.0
2014-04-07 13:30:00,INDEX:R3TW,28.03,32.25,21.61,24.02,0.0
2014-04-08 13:30:00,INDEX:R3TW,30.92,34.17,23.81,30.92,0.0
2014-04-09 13:30:00,INDEX:R3TW,33.15,42.18,30.47,41.96,0.0
2014-04-10 13:30:00,INDEX:R3TW,41.4,41.4,19.74,20.37,0.0
2014-04-11 13:30:00,INDEX:R3TW,19.74,19.74,13.29,13.81,0.0
2014-04-14 13:30:00,INDEX:R3TW,18.28,21.77,14.34,19.05,0.0
2014-04-15 13:30:00,INDEX:R3TW,22.47,24.39,15.32,23.73,0.0
2014-04-16 13:30:00,INDEX:R3TW,29.77,34.34,26.98,34.34,0.0
2014-04-17 13:30:00,INDEX:R3TW,34.52,41.46,32.04,39.26,0.0
2014-04-21 13:30:00,INDEX:R3TW,41.04,44.67,37.52,44.64,0.0
2014-04-22 13:30:00,INDEX:R3TW,47.29,59.86,47.29,57.01,0.0
2014-04-23 13:30:00,INDEX:R3TW,56.45,57.96,50.76,50.78,0.0
2014-04-24 13:30:00,INDEX:R3TW,49.77,52.46,45.54,48.93,0.0
2014-04-25 13:30:00,INDEX:R3TW,42.71,42.71,32.02,32.93,0.0
2014-04-28 13:30:00,INDEX:R3TW,32.76,40.58,23.82,32.06,0.0
2014-04-29 13:30:00,INDEX:R3TW,38.14,39.32,35.38,35.55,0.0
2014-04-30 13:30:00,INDEX:R3TW,32.65,43.62,31.05,42.92,0.0
2014-05-01 13:30:00,INDEX:R3TW,42.08,49.0,37.51,44.09,0.0
2014-05-02 13:30:00,INDEX:R3TW,49.19,54.58,46.46,47.7,0.0
2014-05-05 13:30:00,INDEX:R3TW,39.72,48.05,39.72,47.16,0.0
2014-05-06 13:30:00,INDEX:R3TW,40.89,44.99,34.97,34.97,0.0
2014-05-07 13:30:00,INDEX:R3TW,36.86,39.74,29.97,39.67,0.0
2014-05-08 13:30:00,INDEX:R3TW,43.97,48.63,34.8,35.35,0.0
2014-05-09 13:30:00,INDEX:R3TW,32.72,41.59,32.34,41.55,0.0
2014-05-12 13:30:00,INDEX:R3TW,49.54,64.68,49.54,63.2,0.0
2014-05-13 13:30:00,INDEX:R3TW,61.63,61.98,53.57,53.59,0.0
2014-05-14 13:30:00,INDEX:R3TW,47.73,48.68,37.74,37.81,0.0
2014-05-15 13:30:00,INDEX:R3TW,29.72,30.0,22.25,29.09,0.0
2014-05-16 13:30:00,INDEX:R3TW,28.07,36.41,25.02,36.41,0.0
2014-05-19 13:30:00,INDEX:R3TW,38.69,47.66,38.69,46.09,0.0
2014-05-20 13:30:00,INDEX:R3TW,37.39,37.39,28.49,31.94,0.0
2014-05-21 13:30:00,INDEX:R3TW,38.25,41.33,32.57,39.2,0.0
2014-05-22 13:30:00,INDEX:R3TW,41.83,50.63,41.83,47.84,0.0
2014-05-23 13:30:00,INDEX:R3TW,50.99,63.41,50.64,63.41,0.0
2014-05-27 13:30:00,INDEX:R3TW,70.6,76.39,70.6,75.65,0.0
2014-05-28 13:30:00,INDEX:R3TW,72.0,73.27,67.13,70.25,0.0
2014-05-29 13:30:00,INDEX:R3TW,74.39,74.39,69.06,73.48,0.0
2014-05-30 13:30:00,INDEX:R3TW,74.21,74.92,66.46,70.04,0.0
2014-06-02 13:30:00,INDEX:R3TW,68.74,68.74,57.87,65.28,0.0
2014-06-03 13:30:00,INDEX:R3TW,61.67,64.12,55.03,60.27,0.0
2014-06-04 13:30:00,INDEX:R3TW,54.61,62.97,54.61,62.5,0.0
2014-06-05 13:30:00,INDEX:R3TW,64.16,80.73,60.29,80.73,0.0
2014-06-06 13:30:00,INDEX:R3TW,82.63,85.27,82.63,85.02,0.0
2014-06-09 13:30:00,INDEX:R3TW,85.16,87.86,84.14,86.0,0.0
2014-06-10 13:30:00,INDEX:R3TW,84.63,85.19,81.08,83.05,0.0
2014-06-11 13:30:00,INDEX:R3TW,80.52,80.52,75.45,77.53,0.0
2014-06-12 13:30:00,INDEX:R3TW,69.83,73.06,65.68,68.17,0.0
2014-06-13 13:30:00,INDEX:R3TW,66.63,70.6,61.84,68.35,0.0
2014-06-16 13:30:00,INDEX:R3TW,65.15,67.12,59.73,64.87,0.0
2014-06-17 13:30:00,INDEX:R3TW,62.69,74.36,62.69,71.75,0.0
2014-06-18 13:30:00,INDEX:R3TW,69.15,77.1,66.26,77.09,0.0
2014-06-19 13:30:00,INDEX:R3TW,77.44,77.44,71.6,76.17,0.0
2014-06-20 13:30:00,INDEX:R3TW,73.68,75.65,73.11,75.47,0.0
2014-06-23 13:30:00,INDEX:R3TW,74.27,75.72,68.93,70.86,0.0
2014-06-24 13:30:00,INDEX:R3TW,68.12,77.12,59.5,59.52,0.0
2014-06-25 13:30:00,INDEX:R3TW,56.81,65.71,54.73,65.7,0.0
2014-06-26 13:30:00,INDEX:R3TW,58.83,61.65,53.09,61.61,0.0
2014-06-27 13:30:00,INDEX:R3TW,59.61,69.29,59.15,69.26,0.0
2014-06-30 13:30:00,INDEX:R3TW,63.22,70.34,62.45,69.87,0.0
2014-07-01 13:30:00,INDEX:R3TW,73.71,83.75,73.71,80.11,0.0
2014-07-02 13:30:00,INDEX:R3TW,78.92,78.92,73.66,74.25,0.0
2014-07-03 13:30:00,INDEX:R3TW,78.1,79.54,77.15,79.47,0.0
2014-07-07 13:30:00,INDEX:R3TW,73.81,73.81,59.35,59.35,0.0
2014-07-08 13:30:00,INDEX:R3TW,49.63,49.63,40.11,45.3,0.0
2014-07-09 13:30:00,INDEX:R3TW,49.11,49.68,44.03,46.55,0.0
2014-07-10 13:30:00,INDEX:R3TW,27.57,38.5,27.5,33.92,0.0
2014-07-11 13:30:00,INDEX:R3TW,29.11,32.88,27.87,31.85,0.0
2014-07-14 13:30:00,INDEX:R3TW,38.7,41.34,36.43,37.33,0.0
2014-07-15 13:30:00,INDEX:R3TW,36.76,36.76,23.89,28.94,0.0
2014-07-16 13:30:00,INDEX:R3TW,32.18,33.32,26.0,29.91,0.0
2014-07-17 13:30:00,INDEX:R3TW,27.47,29.27,17.71,18.24,0.0
2014-07-18 13:30:00,INDEX:R3TW,21.49,32.08,21.49,32.08,0.0
2014-07-21 13:30:00,INDEX:R3TW,26.3,29.47,23.86,28.2,0.0
2014-07-22 13:30:00,INDEX:R3TW,33.15,40.2,33.15,36.84,0.0
2014-07-23 13:30:00,INDEX:R3TW,34.97,40.95,34.97,37.98,0.0
2014-07-24 13:30:00,INDEX:R3TW,41.69,42.22,35.0,36.29,0.0
2014-07-25 13:30:00,INDEX:R3TW,29.94,31.85,26.93,28.67,0.0
2014-07-28 13:30:00,INDEX:R3TW,28.3,30.24,23.25,28.05,0.0
2014-07-29 13:30:00,INDEX:R3TW,29.39,34.58,28.28,28.28,0.0
2014-07-30 13:30:00,INDEX:R3TW,36.75,36.75,29.76,32.87,0.0
2014-07-31 13:30:00,INDEX:R3TW,28.22,28.28,19.88,19.92,0.0
2014-08-01 13:30:00,INDEX:R3TW,22.97,23.5,15.9,18.77,0.0
2014-08-04 13:30:00,INDEX:R3TW,21.68,26.34,17.13,26.14,0.0
2014-08-05 13:30:00,INDEX:R3TW,24.97,31.31,22.22,25.57,0.0
2014-08-06 13:30:00,INDEX:R3TW,25.24,35.3,25.24,32.34,0.0
2014-08-07 13:30:00,INDEX:R3TW,34.42,35.8,25.77,28.06,0.0
2014-08-08 13:30:00,INDEX:R3TW,28.94,38.76,28.94,38.76,0.0
2014-08-11 13:30:00,INDEX:R3TW,43.25,53.48,43.25,48.65,0.0
2014-08-12 13:30:00,INDEX:R3TW,48.15,49.29,39.23,42.65,0.0
2014-08-13 13:30:00,INDEX:R3TW,46.37,52.88,45.74,52.21,0.0
2014-08-14 13:30:00,INDEX:R3TW,55.23,57.07,53.05,55.82,0.0
2014-08-15 13:30:00,INDEX:R3TW,61.75,64.13,46.19,54.41,0.0
2014-08-18 13:30:00,INDEX:R3TW,64.3,70.78,64.3,70.77,0.0
2014-08-19 13:30:00,INDEX:R3TW,74.16,76.17,73.99,74.08,0.0
2014-08-20 13:30:00,INDEX:R3TW,69.78,72.97,66.66,71.64,0.0
2014-08-21 13:30:00,INDEX:R3TW,70.64,75.24,64.86,74.43,0.0
2014-08-22 13:30:00,INDEX:R3TW,71.95,76.31,70.74,74.2,0.0
2014-08-25 13:30:00,INDEX:R3TW,78.87,80.71,73.22,76.31,0.0
2014-08-26 13:30:00,INDEX:R3TW,78.8,81.96,78.8,81.65,0.0
2014-08-27 13:30:00,INDEX:R3TW,82.12,82.12,78.13,78.87,0.0
2014-08-28 13:30:00,INDEX:R3TW,71.07,75.2,71.07,72.18,0.0
2014-08-29 13:30:00,INDEX:R3TW,72.35,77.42,69.29,77.39,0.0
2014-09-02 13:30:00,INDEX:R3TW,77.0,80.84,73.81,78.52,0.0
2014-09-03 13:30:00,INDEX:R3TW,80.57,80.57,68.87,69.33,0.0
2014-09-04 13:30:00,INDEX:R3TW,71.28,75.21,60.96,62.47,0.0
2014-09-05 13:30:00,INDEX:R3TW,54.94,64.02,54.1,64.0,0.0
2014-09-08 13:30:00,INDEX:R3TW,64.58,65.69,57.48,63.77,0.0
2014-09-09 13:30:00,INDEX:R3TW,54.42,54.42,46.24,46.65,0.0
2014-09-10 13:30:00,INDEX:R3TW,42.54,49.27,40.73,48.92,0.0
2014-09-11 13:30:00,INDEX:R3TW,44.75,53.23,41.41,52.99,0.0
2014-09-12 13:30:00,INDEX:R3TW,47.67,47.67,36.7,40.0,0.0
2014-09-15 13:30:00,INDEX:R3TW,33.88,33.88,28.33,29.47,0.0
2014-09-16 13:30:00,INDEX:R3TW,32.13,37.58,27.35,35.3,0.0
2014-09-17 13:30:00,INDEX:R3TW,37.52,43.75,36.14,37.69,0.0
2014-09-18 13:30:00,INDEX:R3TW,41.56,44.73,41.53,43.55,0.0
2014-09-19 13:30:00,INDEX:R3TW,46.41,47.62,33.32,35.03,0.0
2014-09-22 13:30:00,INDEX:R3TW,26.82,27.83,21.37,22.21,0.0
2014-09-23 13:30:00,INDEX:R3TW,21.03,23.02,16.02,16.02,0.0
2014-09-24 13:30:00,INDEX:R3TW,17.67,23.69,16.29,23.25,0.0
2014-09-25 13:30:00,INDEX:R3TW,19.55,19.55,13.05,13.16,0.0
2014-09-26 13:30:00,INDEX:R3TW,14.33,19.08,14.27,19.08,0.0
2014-09-29 13:30:00,INDEX:R3TW,14.84,19.99,14.54,19.21,0.0
2014-09-30 13:30:00,INDEX:R3TW,17.8,21.3,15.78,15.81,0.0
2014-10-01 13:30:00,INDEX:R3TW,12.08,14.37,9.89,10.34,0.0
2014-10-02 13:30:00,INDEX:R3TW,13.57,16.7,9.46,14.78,0.0
2014-10-03 13:30:00,INDEX:R3TW,22.12,26.64,22.12,24.01,0.0
2014-10-06 13:30:00,INDEX:R3TW,27.78,27.78,21.55,21.72,0.0
2014-10-07 13:30:00,INDEX:R3TW,16.53,19.6,13.64,13.64,0.0
2014-10-08 13:30:00,INDEX:R3TW,16.17,31.9,13.0,31.9,0.0
2014-10-09 13:30:00,INDEX:R3TW,30.59,30.59,17.35,17.35,0.0
2014-10-10 13:30:00,INDEX:R3TW,21.96,23.95,15.9,15.9,0.0
2014-10-13 13:30:00,INDEX:R3TW,17.48,26.61,17.08,21.03,0.0
2014-10-14 13:30:00,INDEX:R3TW,27.67,33.6,26.59,28.78,0.0
2014-10-15 13:30:00,INDEX:R3TW,27.94,34.2,22.98,32.82,0.0
2014-10-16 13:30:00,INDEX:R3TW,32.59,43.24,32.59,40.62,0.0
2014-10-17 13:30:00,INDEX:R3TW,47.5,47.5,38.3,40.28,0.0
2014-10-20 13:30:00,INDEX:R3TW,45.81,52.05,43.83,51.97,0.0
2014-10-21 13:30:00,INDEX:R3TW,61.24,70.55,61.18,70.48,0.0
2014-10-22 13:30:00,INDEX:R3TW,71.73,73.86,59.02,59.07,0.0
2014-10-23 13:30:00,INDEX:R3TW,68.35,76.95,67.67,72.87,0.0
2014-10-24 13:30:00,INDEX:R3TW,75.33,75.33,72.36,75.0,0.0
2014-10-27 13:30:00,INDEX:R3TW,67.1,73.81,65.75,73.6,0.0
2014-10-28 13:30:00,INDEX:R3TW,74.62,85.99,74.62,85.99,0.0
2014-10-29 13:30:00,INDEX:R3TW,86.66,86.87,82.18,83.96,0.0
2014-10-30 13:30:00,INDEX:R3TW,82.41,86.19,80.66,85.28,0.0
2014-10-31 13:30:00,INDEX:R3TW,87.04,88.99,86.77,88.82,0.0
2014-11-03 14:30:00,INDEX:R3TW,89.03,89.47,86.66,87.31,0.0
2014-11-04 14:30:00,INDEX:R3TW,84.67,85.25,81.87,83.01,0.0
2014-11-05 14:30:00,INDEX:R3TW,83.11,84.63,81.72,83.11,0.0
2014-11-06 14:30:00,INDEX:R3TW,81.45,83.48,80.14,83.48,0.0
2014-11-07 14:30:00,INDEX:R3TW,80.91,82.77,80.04,82.73,0.0
2014-11-10 14:30:00,INDEX:R3TW,81.82,82.29,79.96,82.26,0.0
2014-11-11 14:30:00,INDEX:R3TW,79.69,80.33,79.35,80.1,0.0
2014-11-12 14:30:00,INDEX:R3TW,77.36,80.7,77.36,80.54,0.0
2014-11-13 14:30:00,INDEX:R3TW,79.12,79.45,72.36,73.27,0.0
2014-11-14 14:30:00,INDEX:R3TW,70.16,72.19,69.15,69.61,0.0
2014-11-17 14:30:00,INDEX:R3TW,67.89,67.89,61.1,61.15,0.0
2014-11-18 14:30:00,INDEX:R3TW,64.87,67.17,64.01,64.01,0.0
2014-11-19 14:30:00,INDEX:R3TW,53.9,54.0,45.62,50.45,0.0
2014-11-20 14:30:00,INDEX:R3TW,45.61,56.78,45.61,56.73,0.0
2014-11-21 14:30:00,INDEX:R3TW,65.74,65.87,55.65,57.21,0.0
2014-11-24 14:30:00,INDEX:R3TW,61.17,65.97,60.22,65.97,0.0
2014-11-25 14:30:00,INDEX:R3TW,65.4,65.4,60.02,62.51,0.0
2014-11-26 14:30:00,INDEX:R3TW,61.97,64.37,60.31,63.86,0.0
2014-11-28 14:30:00,INDEX:R3TW,61.36,63.18,52.62,52.62,0.0
2014-12-01 14:30:00,INDEX:R3TW,45.3,48.86,41.04,41.04,0.0
2014-12-02 14:30:00,INDEX:R3TW,45.03,52.21,43.85,50.32,0.0
2014-12-03 14:30:00,INDEX:R3TW,52.11,59.8,51.6,57.55,0.0
2014-12-04 14:30:00,INDEX:R3TW,54.81,56.36,49.72,53.04,0.0
2014-12-05 14:30:00,INDEX:R3TW,59.89,62.6,58.87,61.22,0.0
2014-12-08 14:30:00,INDEX:R3TW,61.01,65.11,48.74,49.59,0.0
2014-12-09 14:30:00,INDEX:R3TW,40.26,62.68,40.26,62.68,0.0
2014-12-10 14:30:00,INDEX:R3TW,59.59,59.59,40.54,40.54,0.0
2014-12-11 14:30:00,INDEX:R3TW,49.98,56.57,45.39,46.89,0.0
2014-12-12 14:30:00,INDEX:R3TW,40.91,41.22,31.64,31.65,0.0
2014-12-15 14:30:00,INDEX:R3TW,37.63,38.62,24.49,26.22,0.0
2014-12-16 14:30:00,INDEX:R3TW,27.75,38.89,25.5,26.3,0.0
2014-12-17 14:30:00,INDEX:R3TW,30.59,49.55,27.8,49.47,0.0
2014-12-18 14:30:00,INDEX:R3TW,59.4,65.69,56.37,65.69,0.0
2014-12-19 14:30:00,INDEX:R3TW,63.34,70.72,63.2,68.57,0.0
2014-12-22 14:30:00,INDEX:R3TW,70.1,73.06,68.09,73.06,0.0
2014-12-23 14:30:00,INDEX:R3TW,76.93,77.99,75.71,76.35,0.0
2014-12-24 14:30:00,INDEX:R3TW,76.93,80.23,76.93,78.52,0.0
2014-12-26 14:30:00,INDEX:R3TW,82.7,84.68,82.7,83.38,0.0
2014-12-29 14:30:00,INDEX:R3TW,85.22,86.0,82.94,83.72,0.0
2014-12-30 14:30:00,INDEX:R3TW,84.13,84.13,80.21,80.21,0.0
2014-12-31 14:30:00,INDEX:R3TW,81.17,84.5,71.55,71.55,0.0
2015-01-02 14:30:00,INDEX:R3TW,78.71,78.71,54.25,66.56,0.0
2015-01-05 14:30:00,INDEX:R3TW,52.52,53.34,36.12,39.78,0.0
2015-01-06 14:30:00,INDEX:R3TW,39.4,39.57,20.57,25.66,0.0
2015-01-07 14:30:00,INDEX:R3TW,32.69,36.99,29.18,36.99,0.0
2015-01-08 14:30:00,INDEX:R3TW,47.26,55.92,47.26,55.82,0.0
2015-01-09 14:30:00,INDEX:R3TW,53.43,53.43,44.31,45.61,0.0
2015-01-12 14:30:00,INDEX:R3TW,40.01,40.21,34.85,39.09,0.0
2015-01-13 14:30:00,INDEX:R3TW,49.57,54.48,32.57,40.01,0.0
2015-01-14 14:30:00,INDEX:R3TW,31.81,35.19,28.64,35.1,0.0
2015-01-15 14:30:00,INDEX:R3TW,30.87,32.3,25.0,25.32,0.0
2015-01-16 14:30:00,INDEX:R3TW,26.62,35.98,25.8,35.98,0.0
2015-01-20 14:30:00,INDEX:R3TW,32.88,35.0,27.79,32.75,0.0
2015-01-21 14:30:00,INDEX:R3TW,33.47,36.03,30.01,32.67,0.0
2015-01-22 14:30:00,INDEX:R3TW,34.45,50.7,33.08,50.7,0.0
2015-01-23 14:30:00,INDEX:R3TW,49.02,50.15,46.15,46.81,0.0
2015-01-26 14:30:00,INDEX:R3TW,43.39,56.16,43.39,56.12,0.0
2015-01-27 14:30:00,INDEX:R3TW,48.45,54.55,44.42,49.89,0.0
2015-01-28 14:30:00,INDEX:R3TW,51.43,51.71,36.13,36.73,0.0
2015-01-29 14:30:00,INDEX:R3TW,36.15,50.59,34.81,50.53,0.0
2015-01-30 14:30:00,INDEX:R3TW,47.65,47.65,32.35,32.38,0.0
2015-02-02 14:30:00,INDEX:R3TW,31.5,44.62,25.78,44.53,0.0
2015-02-03 14:30:00,INDEX:R3TW,55.77,65.22,55.46,65.22,0.0
2015-02-04 14:30:00,INDEX:R3TW,61.28,65.7,57.2,57.97,0.0
2015-02-05 14:30:00,INDEX:R3TW,64.21,71.59,64.21,70.73,0.0
2015-02-06 14:30:00,INDEX:R3TW,69.5,72.65,65.0,65.9,0.0
2015-02-09 14:30:00,INDEX:R3TW,64.93,67.82,58.95,58.99,0.0
2015-02-10 14:30:00,INDEX:R3TW,62.31,66.5,56.76,64.5,0.0
2015-02-11 14:30:00,INDEX:R3TW,63.98,64.95,59.38,62.39,0.0
2015-02-12 14:30:00,INDEX:R3TW,64.93,70.22,64.93,70.07,0.0
2015-02-13 14:30:00,INDEX:R3TW,71.59,73.65,69.73,72.68,0.0
2015-02-17 14:30:00,INDEX:R3TW,73.12,75.6,71.95,72.92,0.0
2015-02-18 14:30:00,INDEX:R3TW,72.47,74.94,70.24,74.94,0.0
2015-02-19 14:30:00,INDEX:R3TW,71.3,74.19,70.96,72.37,0.0
2015-02-20 14:30:00,INDEX:R3TW,68.73,72.54,65.39,72.46,0.0
2015-02-23 14:30:00,INDEX:R3TW,68.45,70.11,65.25,69.97,0.0
2015-02-24 14:30:00,INDEX:R3TW,69.66,72.31,68.59,69.97,0.0
2015-02-25 14:30:00,INDEX:R3TW,69.49,72.62,69.04,70.89,0.0
2015-02-26 14:30:00,INDEX:R3TW,69.78,69.78,66.68,68.78,0.0
2015-02-27 14:30:00,INDEX:R3TW,66.29,67.53,62.3,62.3,0.0
2015-03-02 14:30:00,INDEX:R3TW,62.09,67.64,62.09,67.57,0.0
2015-03-03 14:30:00,INDEX:R3TW,62.23,62.23,57.06,58.82,0.0
2015-03-04 14:30:00,INDEX:R3TW,47.86,52.51,46.82,50.94,0.0
2015-03-05 14:30:00,INDEX:R3TW,47.36,53.01,47.01,50.91,0.0
2015-03-06 14:30:00,INDEX:R3TW,49.32,49.32,36.84,37.53,0.0
2015-03-09 13:30:00,INDEX:R3TW,38.81,42.39,38.71,41.81,0.0
2015-03-10 13:30:00,INDEX:R3TW,28.78,30.23,27.02,27.23,0.0
2015-03-11 13:30:00,INDEX:R3TW,28.09,32.6,26.05,31.88,0.0
2015-03-12 13:30:00,INDEX:R3TW,41.74,49.12,38.91,49.1,0.0
2015-03-13 13:30:00,INDEX:R3TW,47.82,47.82,37.03,44.18,0.0
2015-03-16 13:30:00,INDEX:R3TW,48.12,51.39,48.12,50.82,0.0
2015-03-17 13:30:00,INDEX:R3TW,47.3,53.31,46.23,52.03,0.0
2015-03-18 13:30:00,INDEX:R3TW,46.92,66.08,46.92,63.28,0.0
2015-03-19 13:30:00,INDEX:R3TW,60.41,62.52,58.68,61.72,0.0
2015-03-20 13:30:00,INDEX:R3TW,67.46,71.77,67.46,70.7,0.0
2015-03-23 13:30:00,INDEX:R3TW,72.18,74.42,70.35,70.35,0.0
2015-03-24 13:30:00,INDEX:R3TW,68.65,72.84,68.14,68.27,0.0
2015-03-25 13:30:00,INDEX:R3TW,66.17,67.27,44.71,44.71,0.0
2015-03-26 13:30:00,INDEX:R3TW,43.36,47.96,40.46,43.05,0.0
2015-03-27 13:30:00,INDEX:R3TW,43.74,48.82,40.67,48.82,0.0
2015-03-30 13:30:00,INDEX:R3TW,59.03,66.78,59.03,65.67,0.0
2015-03-31 13:30:00,INDEX:R3TW,60.11,63.7,57.17,60.49,0.0
2015-04-01 13:30:00,INDEX:R3TW,49.08,58.34,47.97,58.33,0.0
2015-04-02 13:30:00,INDEX:R3TW,60.13,66.59,60.13,62.57,0.0
2015-04-06 13:30:00,INDEX:R3TW,62.98,69.07,62.98,67.45,0.0
2015-04-07 13:30:00,INDEX:R3TW,68.04,69.21,59.17,59.34,0.0
2015-04-08 13:30:00,INDEX:R3TW,61.7,63.88,57.44,63.01,0.0
2015-04-09 13:30:00,INDEX:R3TW,61.08,61.08,47.5,56.16,0.0
2015-04-10 13:30:00,INDEX:R3TW,58.03,62.88,58.03,60.83,0.0
2015-04-13 13:30:00,INDEX:R3TW,61.62,65.56,58.5,58.57,0.0
2015-04-14 13:30:00,INDEX:R3TW,57.49,58.05,48.66,56.84,0.0
2015-04-15 13:30:00,INDEX:R3TW,61.51,67.16,61.51,63.73,0.0
2015-04-16 13:30:00,INDEX:R3TW,60.75,63.17,57.94,60.44,0.0
2015-04-17 13:30:00,INDEX:R3TW,46.83,46.83,36.61,39.24,0.0
2015-04-20 13:30:00,INDEX:R3TW,49.25,56.18,47.62,55.21,0.0
2015-04-21 13:30:00,INDEX:R3TW,57.01,58.46,52.92,53.16,0.0
2015-04-22 13:30:00,INDEX:R3TW,50.81,58.01,46.06,56.91,0.0
2015-04-23 13:30:00,INDEX:R3TW,55.42,61.34,52.51,59.95,0.0
2015-04-24 13:30:00,INDEX:R3TW,56.56,57.53,53.79,55.55,0.0
2015-04-27 13:30:00,INDEX:R3TW,56.73,63.63,41.46,43.72,0.0
2015-04-28 13:30:00,INDEX:R3TW,43.83,52.94,36.59,52.47,0.0
2015-04-29 13:30:00,INDEX:R3TW,46.72,47.17,41.21,41.73,0.0
2015-04-30 13:30:00,INDEX:R3TW,36.15,36.15,25.54,27.28,0.0
2015-05-01 13:30:00,INDEX:R3TW,32.8,32.8,27.87,32.55,0.0
2015-05-04 13:30:00,INDEX:R3TW,37.37,39.94,35.09,36.35,0.0
2015-05-05 13:30:00,INDEX:R3TW,37.35,37.35,23.82,25.3,0.0
2015-05-06 13:30:00,INDEX:R3TW,24.95,26.83,21.86,25.78,0.0
2015-05-07 13:30:00,INDEX:R3TW,26.79,32.59,24.47,29.61,0.0
2015-05-08 13:30:00,INDEX:R3TW,41.52,42.04,37.7,39.49,0.0
2015-05-11 13:30:00,INDEX:R3TW,41.99,45.05,39.38,40.11,0.0
2015-05-12 13:30:00,INDEX:R3TW,29.78,39.76,28.53,38.21,0.0
2015-05-13 13:30:00,INDEX:R3TW,42.48,42.48,35.04,38.43,0.0
2015-05-14 13:30:00,INDEX:R3TW,42.15,50.74,42.15,50.64,0.0
2015-05-15 13:30:00,INDEX:R3TW,47.37,51.3,46.4,50.85,0.0
2015-05-18 13:30:00,INDEX:R3TW,51.0,60.82,50.55,60.49,0.0
2015-05-19 13:30:00,INDEX:R3TW,58.47,58.75,55.51,57.36,0.0
2015-05-20 13:30:00,INDEX:R3TW,57.36,61.57,56.63,58.78,0.0
2015-05-21 13:30:00,INDEX:R3TW,61.74,63.06,57.46,60.41,0.0
2015-05-22 13:30:00,INDEX:R3TW,59.95,61.49,54.0,55.46,0.0
2015-05-26 13:30:00,INDEX:R3TW,39.15,42.66,39.15,41.34,0.0
2015-05-27 13:30:00,INDEX:R3TW,45.38,56.63,45.38,56.6,0.0
2015-05-28 13:30:00,INDEX:R3TW,51.93,55.93,51.75,55.93,0.0
2015-05-29 13:30:00,INDEX:R3TW,52.64,52.64,41.98,45.06,0.0
2015-06-01 13:30:00,INDEX:R3TW,45.27,53.25,37.67,47.71,0.0
2015-06-02 13:30:00,INDEX:R3TW,41.5,57.65,40.7,51.16,0.0
2015-06-03 13:30:00,INDEX:R3TW,52.14,61.49,51.44,60.39,0.0
2015-06-04 13:30:00,INDEX:R3TW,53.9,55.16,43.26,44.66,0.0
2015-06-05 13:30:00,INDEX:R3TW,37.05,51.43,37.05,51.43,0.0
2015-06-08 13:30:00,INDEX:R3TW,49.24,49.24,42.51,42.58,0.0
2015-06-09 13:30:00,INDEX:R3TW,39.61,43.83,36.36,40.76,0.0
2015-06-10 13:30:00,INDEX:R3TW,47.92,58.29,47.92,55.81,0.0
2015-06-11 13:30:00,INDEX:R3TW,57.31,59.23,55.92,57.77,0.0
2015-06-12 13:30:00,INDEX:R3TW,51.76,54.48,51.34,53.23,0.0
2015-06-15 13:30:00,INDEX:R3TW,39.35,48.72,36.77,47.04,0.0
2015-06-16 13:30:00,INDEX:R3TW,47.88,54.24,46.97,53.51,0.0
2015-06-17 13:30:00,INDEX:R3TW,57.99,57.99,50.71,54.59,0.0
2015-06-18 13:30:00,INDEX:R3TW,61.03,71.21,61.03,69.15,0.0
2015-06-19 13:30:00,INDEX:R3TW,67.47,70.58,66.31,66.35,0.0
2015-06-22 13:30:00,INDEX:R3TW,69.81,72.12,69.6,69.63,0.0
2015-06-23 13:30:00,INDEX:R3TW,68.66,70.54,67.01,70.15,0.0
2015-06-24 13:30:00,INDEX:R3TW,69.73,69.73,60.07,60.07,0.0
2015-06-25 13:30:00,INDEX:R3TW,59.55,60.56,54.54,56.5,0.0
2015-06-26 13:30:00,INDEX:R3TW,55.94,59.23,50.1,54.68,0.0
2015-06-29 13:30:00,INDEX:R3TW,46.2,47.35,27.18,27.18,0.0
2015-06-30 13:30:00,INDEX:R3TW,32.53,34.04,28.05,32.15,0.0
2015-07-01 13:30:00,INDEX:R3TW,41.08,42.83,33.13,38.54,0.0
2015-07-02 13:30:00,INDEX:R3TW,39.2,39.2,29.74,32.69,0.0
2015-07-06 13:30:00,INDEX:R3TW,28.83,35.12,27.95,32.6,0.0
2015-07-07 13:30:00,INDEX:R3TW,30.88,35.8,21.53,35.27,0.0
2015-07-08 13:30:00,INDEX:R3TW,30.21,30.21,21.46,23.65,0.0
2015-07-09 13:30:00,INDEX:R3TW,31.0,31.91,24.81,25.51,0.0
2015-07-10 13:30:00,INDEX:R3TW,36.91,41.73,35.6,41.6,0.0
2015-07-13 13:30:00,INDEX:R3TW,49.17,52.48,49.13,52.02,0.0
2015-07-14 13:30:00,INDEX:R3TW,51.49,57.44,51.49,56.49,0.0
2015-07-15 13:30:00,INDEX:R3TW,53.43,53.92,47.97,50.28,0.0
2015-07-16 13:30:00,INDEX:R3TW,57.1,59.18,56.2,57.54,0.0
2015-07-17 13:30:00,INDEX:R3TW,55.47,55.7,49.68,52.86,0.0
2015-07-20 13:30:00,INDEX:R3TW,51.92,51.92,47.23,48.37,0.0
2015-07-21 13:30:00,INDEX:R3TW,52.72,52.72,43.39,44.19,0.0
2015-07-22 13:30:00,INDEX:R3TW,46.6,49.84,46.6,49.09,0.0
2015-07-23 13:30:00,INDEX:R3TW,49.19,50.66,37.41,38.38,0.0
2015-07-24 13:30:00,INDEX:R3TW,36.94,37.98,29.08,29.76,0.0
2015-07-27 13:30:00,INDEX:R3TW,23.73,26.91,23.73,25.31,0.0
2015-07-28 13:30:00,INDEX:R3TW,23.91,31.14,22.03,31.12,0.0
2015-07-29 13:30:00,INDEX:R3TW,30.72,37.65,30.72,37.08,0.0
2015-07-30 13:30:00,INDEX:R3TW,33.9,40.0,33.9,39.69,0.0
2015-07-31 13:30:00,INDEX:R3TW,41.6,48.1,41.6,44.33,0.0
2015-08-03 13:30:00,INDEX:R3TW,41.99,43.59,37.96,41.48,0.0
2015-08-04 13:30:00,INDEX:R3TW,43.43,45.5,39.84,40.34,0.0
2015-08-05 13:30:00,INDEX:R3TW,50.52,50.52,44.04,44.15,0.0
2015-08-06 13:30:00,INDEX:R3TW,42.67,42.67,32.9,36.7,0.0
2015-08-07 13:30:00,INDEX:R3TW,35.79,35.79,31.56,34.38,0.0
2015-08-10 13:30:00,INDEX:R3TW,42.81,47.38,42.81,47.36,0.0
2015-08-11 13:30:00,INDEX:R3TW,41.98,43.09,36.84,39.87,0.0
2015-08-12 13:30:00,INDEX:R3TW,33.18,39.43,29.82,38.96,0.0
2015-08-13 13:30:00,INDEX:R3TW,37.48,41.78,36.11,37.65,0.0
2015-08-14 13:30:00,INDEX:R3TW,38.73,46.2,38.32,46.2,0.0
2015-08-17 13:30:00,INDEX:R3TW,40.79,54.13,40.79,54.13,0.0
2015-08-18 13:30:00,INDEX:R3TW,52.21,53.39,48.05,48.72,0.0
2015-08-19 13:30:00,INDEX:R3TW,40.58,46.83,35.4,39.69,0.0
2015-08-20 13:30:00,INDEX:R3TW,32.05,32.22,22.94,22.94,0.0
2015-08-21 13:30:00,INDEX:R3TW,16.38,20.62,13.72,14.06,0.0
2015-08-24 13:30:00,INDEX:R3TW,3.83,9.92,3.83,3.9,0.0
2015-08-25 13:30:00,INDEX:R3TW,6.56,6.9,3.93,3.93,0.0
2015-08-26 13:30:00,INDEX:R3TW,5.72,8.38,4.17,8.38,0.0
2015-08-27 13:30:00,INDEX:R3TW,12.35,17.2,9.83,15.52,0.0
2015-08-28 13:30:00,INDEX:R3TW,17.81,23.24,16.47,22.86,0.0
2015-08-31 13:30:00,INDEX:R3TW,20.78,27.34,19.13,25.13,0.0
2015-09-01 13:30:00,INDEX:R3TW,19.03,19.03,11.79,12.33,0.0
2015-09-02 13:30:00,INDEX:R3TW,16.11,21.88,14.25,21.88,0.0
2015-09-03 13:30:00,INDEX:R3TW,26.56,30.64,22.82,22.96,0.0
2015-09-04 13:30:00,INDEX:R3TW,19.79,21.4,16.68,18.51,0.0
2015-09-08 13:30:00,INDEX:R3TW,32.61,39.59,29.47,39.35,0.0
2015-09-09 13:30:00,INDEX:R3TW,46.5,46.5,29.57,30.49,0.0
2015-09-10 13:30:00,INDEX:R3TW,31.74,38.69,30.43,36.85,0.0
2015-09-11 13:30:00,INDEX:R3TW,33.81,43.77,30.67,43.77,0.0
2015-09-14 13:30:00,INDEX:R3TW,41.1,42.59,39.04,42.59,0.0
2015-09-15 13:30:00,INDEX:R3TW,43.4,58.89,43.4,58.89,0.0
2015-09-16 13:30:00,INDEX:R3TW,60.74,71.24,59.12,71.24,0.0
2015-09-17 13:30:00,INDEX:R3TW,70.73,80.93,69.99,74.45,0.0
2015-09-18 13:30:00,INDEX:R3TW,62.33,64.39,54.64,56.88,0.0
2015-09-21 13:30:00,INDEX:R3TW,66.17,70.25,58.3,60.62,0.0
2015-09-22 13:30:00,INDEX:R3TW,51.03,51.87,41.06,42.14,0.0
2015-09-23 13:30:00,INDEX:R3TW,43.12,47.72,39.14,39.88,0.0
2015-09-24 13:30:00,INDEX:R3TW,32.62,39.51,29.85,38.12,0.0
2015-09-25 13:30:00,INDEX:R3TW,42.41,43.63,31.03,31.91,0.0
2015-09-28 13:30:00,INDEX:R3TW,28.7,28.7,18.1,18.1,0.0
2015-09-29 13:30:00,INDEX:R3TW,17.66,21.08,17.66,19.72,0.0
2015-09-30 13:30:00,INDEX:R3TW,24.89,27.26,21.85,26.89,0.0
2015-10-01 13:30:00,INDEX:R3TW,26.25,26.85,19.52,25.48,0.0
2015-10-02 13:30:00,INDEX:R3TW,17.57,34.07,15.27,34.07,0.0
2015-10-05 13:30:00,INDEX:R3TW,47.14,59.65,47.14,59.56,0.0
2015-10-06 13:30:00,INDEX:R3TW,60.48,62.34,54.48,56.24,0.0
2015-10-07 13:30:00,INDEX:R3TW,62.58,68.47,59.73,68.47,0.0
2015-10-08 13:30:00,INDEX:R3TW,67.32,74.66,67.32,74.35,0.0
2015-10-09 13:30:00,INDEX:R3TW,75.27,76.49,74.05,74.74,0.0
2015-10-12 13:30:00,INDEX:R3TW,73.66,75.05,72.88,74.9,0.0
2015-10-13 13:30:00,INDEX:R3TW,73.55,77.89,67.92,67.92,0.0
2015-10-14 13:30:00,INDEX:R3TW,68.76,70.63,56.66,56.66,0.0
2015-10-15 13:30:00,INDEX:R3TW,62.05,74.97,57.95,74.96,0.0
2015-10-16 13:30:00,INDEX:R3TW,76.11,76.15,69.67,75.16,0.0
2015-10-19 13:30:00,INDEX:R3TW,75.47,78.42,72.52,75.67,0.0
2015-10-20 13:30:00,INDEX:R3TW,74.93,78.66,74.86,75.88,0.0
2015-10-21 13:30:00,INDEX:R3TW,77.13,77.13,62.85,62.94,0.0
2015-10-22 13:30:00,INDEX:R3TW,68.47,73.93,65.99,69.79,0.0
2015-10-23 13:30:00,INDEX:R3TW,70.54,75.39,69.29,74.14,0.0
2015-10-26 13:30:00,INDEX:R3TW,69.25,70.27,65.76,66.75,0.0
2015-10-27 13:30:00,INDEX:R3TW,59.21,60.5,50.22,52.52,0.0
2015-10-28 13:30:00,INDEX:R3TW,53.03,69.37,53.03,69.37,0.0
2015-10-29 13:30:00,INDEX:R3TW,65.97,66.51,59.79,60.95,0.0
2015-10-30 13:30:00,INDEX:R3TW,59.12,61.46,56.91,57.93,0.0
2015-11-02 14:30:00,INDEX:R3TW,59.7,70.88,59.7,70.15,0.0
2015-11-03 14:30:00,INDEX:R3TW,68.08,73.35,66.89,71.36,0.0
2015-11-04 14:30:00,INDEX:R3TW,69.69,71.8,65.1,67.44,0.0
2015-11-05 14:30:00,INDEX:R3TW,65.51,67.58,62.31,66.87,0.0
2015-11-06 14:30:00,INDEX:R3TW,61.97,66.08,59.28,66.05,0.0
2015-11-09 14:30:00,INDEX:R3TW,62.44,62.44,54.76,56.36,0.0
2015-11-10 14:30:00,INDEX:R3TW,54.14,57.34,52.38,56.78,0.0
2015-11-11 14:30:00,INDEX:R3TW,55.8,56.65,51.68,51.7,0.0
2015-11-12 14:30:00,INDEX:R3TW,44.79,45.74,35.7,35.7,0.0
2015-11-13 14:30:00,INDEX:R3TW,33.04,37.47,29.33,29.88,0.0
2015-11-16 14:30:00,INDEX:R3TW,30.87,39.22,26.82,39.22,0.0
2015-11-17 14:30:00,INDEX:R3TW,36.87,45.11,36.12,36.36,0.0
2015-11-18 14:30:00,INDEX:R3TW,37.24,50.8,37.24,50.8,0.0
2015-11-19 14:30:00,INDEX:R3TW,49.64,51.03,46.81,48.58,0.0
2015-11-20 14:30:00,INDEX:R3TW,54.34,57.95,53.66,54.8,0.0
2015-11-23 14:30:00,INDEX:R3TW,55.09,60.44,54.65,56.93,0.0
2015-11-24 14:30:00,INDEX:R3TW,53.56,61.81,46.98,60.62,0.0
2015-11-25 14:30:00,INDEX:R3TW,58.77,65.87,58.77,65.14,0.0
2015-11-27 14:30:00,INDEX:R3TW,65.74,69.46,64.07,68.43,0.0
2015-11-30 14:30:00,INDEX:R3TW,68.49,70.27,64.43,64.6,0.0
2015-12-01 14:30:00,INDEX:R3TW,71.16,71.16,64.7,70.75,0.0
2015-12-02 14:30:00,INDEX:R3TW,70.75,71.09,57.13,57.84,0.0
2015-12-03 14:30:00,INDEX:R3TW,59.72,59.72,36.99,38.73,0.0
2015-12-04 14:30:00,INDEX:R3TW,44.67,54.81,44.67,54.33,0.0
2015-12-07 14:30:00,INDEX:R3TW,46.79,46.79,39.48,41.7,0.0
2015-12-08 14:30:00,INDEX:R3TW,33.24,39.48,30.44,35.19,0.0
2015-12-09 14:30:00,INDEX:R3TW,36.29,41.41,24.68,25.89,0.0
2015-12-10 14:30:00,INDEX:R3TW,29.0,33.65,25.52,28.17,0.0
2015-12-11 14:30:00,INDEX:R3TW,19.82,20.27,14.63,15.35,0.0
2015-12-14 14:30:00,INDEX:R3TW,15.8,15.8,11.18,14.43,0.0
2015-12-15 14:30:00,INDEX:R3TW,20.72,24.38,19.35,24.16,0.0
2015-12-16 14:30:00,INDEX:R3TW,28.78,37.64,26.42,37.13,0.0
2015-12-17 14:30:00,INDEX:R3TW,37.37,38.22,28.75,28.75,0.0
2015-12-18 14:30:00,INDEX:R3TW,26.18,26.7,22.18,22.26,0.0
2015-12-21 14:30:00,INDEX:R3TW,24.59,27.57,23.39,27.56,0.0
2015-12-22 14:30:00,INDEX:R3TW,27.69,35.51,26.63,34.94,0.0
2015-12-23 14:30:00,INDEX:R3TW,39.98,48.07,39.98,48.01,0.0
2015-12-24 14:30:00,INDEX:R3TW,50.44,55.38,47.66,50.65,0.0
2015-12-28 14:30:00,INDEX:R3TW,48.25,48.25,40.36,47.32,0.0
2015-12-29 14:30:00,INDEX:R3TW,59.19,61.55,51.37,61.52,0.0
2015-12-30 14:30:00,INDEX:R3TW,61.41,61.65,52.31,52.31,0.0
2015-12-31 14:30:00,INDEX:R3TW,49.02,53.92,39.31,39.31,0.0
2016-01-04 14:30:00,INDEX:R3TW,22.67,23.73,15.98,23.7,0.0
2016-01-05 14:30:00,INDEX:R3TW,26.0,28.71,22.74,27.28,0.0
2016-01-06 14:30:00,INDEX:R3TW,20.17,24.29,18.8,21.42,0.0
2016-01-07 14:30:00,INDEX:R3TW,13.49,15.58,10.88,10.88,0.0
2016-01-08 14:30:00,INDEX:R3TW,12.22,12.22,7.62,7.62,0.0
2016-01-11 14:30:00,INDEX:R3TW,9.61,10.06,7.1,8.96,0.0
2016-01-12 14:30:00,INDEX:R3TW,11.68,11.68,6.52,9.79,0.0
2016-01-13 14:30:00,INDEX:R3TW,11.64,11.64,4.77,5.08,0.0
2016-01-14 14:30:00,INDEX:R3TW,5.8,10.06,4.77,8.04,0.0
2016-01-15 14:30:00,INDEX:R3TW,4.08,5.77,2.85,5.77,0.0
2016-01-19 14:30:00,INDEX:R3TW,7.08,7.84,5.67,6.67,0.0
2016-01-20 14:30:00,INDEX:R3TW,4.26,8.04,2.2,6.09,0.0
2016-01-21 14:30:00,INDEX:R3TW,6.15,10.04,6.15,7.5,0.0
2016-01-22 14:30:00,INDEX:R3TW,12.22,16.41,11.91,16.36,0.0
2016-01-25 14:30:00,INDEX:R3TW,15.74,16.39,11.5,11.5,0.0
2016-01-26 14:30:00,INDEX:R3TW,16.36,23.45,14.74,23.12,0.0
2016-01-27 14:30:00,INDEX:R3TW,24.43,29.05,17.54,18.82,0.0
2016-01-28 14:30:00,INDEX:R3TW,27.23,29.71,23.4,26.47,0.0
2016-01-29 14:30:00,INDEX:R3TW,36.36,52.22,36.36,52.19,0.0
2016-02-01 14:30:00,INDEX:R3TW,47.79,55.52,44.92,52.31,0.0
2016-02-02 14:30:00,INDEX:R3TW,42.95,43.4,37.36,38.27,0.0
2016-02-03 14:30:00,INDEX:R3TW,42.25,46.09,31.88,44.62,0.0
2016-02-04 14:30:00,INDEX:R3TW,46.9,57.76,46.66,50.95,0.0
2016-02-05 14:30:00,INDEX:R3TW,48.94,48.94,36.4,36.43,0.0
2016-02-08 14:30:00,INDEX:R3TW,28.82,31.55,24.08,30.91,0.0
2016-02-09 14:30:00,INDEX:R3TW,27.31,32.29,25.75,28.45,0.0
2016-02-10 14:30:00,INDEX:R3TW,32.71,39.07,29.66,29.81,0.0
2016-02-11 14:30:00,INDEX:R3TW,20.6,25.58,18.97,23.83,0.0
2016-02-12 14:30:00,INDEX:R3TW,29.9,37.56,27.75,37.43,0.0
2016-02-16 14:30:00,INDEX:R3TW,44.34,52.8,42.78,52.73,0.0
2016-02-17 14:30:00,INDEX:R3TW,59.29,65.46,58.73,63.47,0.0
2016-02-18 14:30:00,INDEX:R3TW,60.52,63.3,57.89,58.89,0.0
2016-02-19 14:30:00,INDEX:R3TW,55.8,62.01,55.46,60.97,0.0
2016-02-22 14:30:00,INDEX:R3TW,72.0,72.32,70.2,70.3,0.0
2016-02-23 14:30:00,INDEX:R3TW,70.44,70.44,61.22,61.24,0.0
2016-02-24 14:30:00,INDEX:R3TW,51.17,68.04,48.75,67.92,0.0
2016-02-25 14:30:00,INDEX:R3TW,68.93,72.33,65.39,72.32,0.0
2016-02-26 14:30:00,INDEX:R3TW,76.18,79.44,75.86,77.63,0.0
2016-02-29 14:30:00,INDEX:R3TW,77.77,81.45,73.68,73.94,0.0
2016-03-01 14:30:00,INDEX:R3TW,78.6,84.64,78.6,84.64,0.0
2016-03-02 14:30:00,INDEX:R3TW,84.78,88.32,84.02,88.31,0.0
2016-03-03 14:30:00,INDEX:R3TW,88.38,89.66,88.13,89.66,0.0
2016-03-04 14:30:00,INDEX:R3TW,89.24,92.13,89.17,90.7,0.0
2016-03-07 14:30:00,INDEX:R3TW,90.04,92.89,90.04,92.23,0.0
2016-03-08 14:30:00,INDEX:R3TW,89.41,90.21,84.84,84.87,0.0
2016-03-09 14:30:00,INDEX:R3TW,85.08,85.88,83.79,85.56,0.0
2016-03-10 14:30:00,INDEX:R3TW,85.11,86.12,73.12,79.12,0.0
2016-03-11 14:30:00,INDEX:R3TW,81.52,86.3,81.31,86.3,0.0
2016-03-14 13:30:00,INDEX:R3TW,84.1,84.55,81.94,83.44,0.0
2016-03-15 13:30:00,INDEX:R3TW,76.26,76.26,69.81,70.23,0.0
2016-03-16 13:30:00,INDEX:R3TW,68.31,73.54,68.1,72.6,0.0
2016-03-17 13:30:00,INDEX:R3TW,67.96,78.45,67.79,77.16,0.0
2016-03-18 13:30:00,INDEX:R3TW,79.12,82.74,79.12,81.59,0.0
2016-03-21 13:30:00,INDEX:R3TW,81.38,81.87,79.15,79.91,0.0
2016-03-22 13:30:00,INDEX:R3TW,74.72,78.8,72.97,75.69,0.0
2016-03-23 13:30:00,INDEX:R3TW,70.67,70.67,56.97,57.04,0.0
2016-03-24 13:30:00,INDEX:R3TW,45.67,57.46,45.67,57.44,0.0
2016-03-28 13:30:00,INDEX:R3TW,54.93,60.66,49.94,56.71,0.0
2016-03-29 13:30:00,INDEX:R3TW,47.43,74.24,47.43,74.24,0.0
2016-03-30 13:30:00,INDEX:R3TW,78.75,79.97,73.34,75.05,0.0
2016-03-31 13:30:00,INDEX:R3TW,75.5,77.77,73.23,73.97,0.0
2016-04-01 13:30:00,INDEX:R3TW,62.31,74.24,62.31,73.75,0.0
2016-04-04 13:30:00,INDEX:R3TW,71.13,75.49,65.02,65.46,0.0
2016-04-05 13:30:00,INDEX:R3TW,55.48,59.07,51.04,51.06,0.0
2016-04-06 13:30:00,INDEX:R3TW,48.93,59.17,47.6,59.17,0.0
2016-04-07 13:30:00,INDEX:R3TW,52.6,52.84,40.54,43.62,0.0
2016-04-08 13:30:00,INDEX:R3TW,50.36,55.88,45.75,48.82,0.0
2016-04-11 13:30:00,INDEX:R3TW,55.12,61.83,46.52,46.59,0.0
2016-04-12 13:30:00,INDEX:R3TW,48.23,60.22,45.33,58.35,0.0
2016-04-13 13:30:00,INDEX:R3TW,65.0,78.14,65.0,78.1,0.0
2016-04-14 13:30:00,INDEX:R3TW,75.23,75.79,73.41,73.41,0.0
2016-04-15 13:30:00,INDEX:R3TW,72.68,76.67,71.87,75.47,0.0
2016-04-18 13:30:00,INDEX:R3TW,72.03,80.25,72.03,80.22,0.0
2016-04-19 13:30:00,INDEX:R3TW,80.88,84.0,77.45,79.93,0.0
2016-04-20 13:30:00,INDEX:R3TW,77.69,80.42,75.94,76.19,0.0
2016-04-21 13:30:00,INDEX:R3TW,74.12,75.98,67.75,68.76,0.0
2016-04-22 13:30:00,INDEX:R3TW,71.11,73.73,69.46,73.55,0.0
2016-04-25 13:30:00,INDEX:R3TW,70.26,70.26,64.02,66.46,0.0
2016-04-26 13:30:00,INDEX:R3TW,68.43,74.56,66.43,74.55,0.0
2016-04-27 13:30:00,INDEX:R3TW,74.3,76.48,70.2,75.28,0.0
2016-04-28 13:30:00,INDEX:R3TW,70.17,74.93,63.89,64.13,0.0
2016-04-29 13:30:00,INDEX:R3TW,59.85,59.85,51.05,55.64,0.0
2016-05-02 13:30:00,INDEX:R3TW,57.96,63.91,56.21,63.91,0.0
2016-05-03 13:30:00,INDEX:R3TW,53.49,53.49,42.08,47.8,0.0
2016-05-04 13:30:00,INDEX:R3TW,41.47,47.27,39.08,40.36,0.0
2016-05-05 13:30:00,INDEX:R3TW,40.15,44.09,36.99,37.09,0.0
2016-05-06 13:30:00,INDEX:R3TW,36.81,40.01,32.66,40.01,0.0
2016-05-09 13:30:00,INDEX:R3TW,39.66,42.51,36.25,39.09,0.0
2016-05-10 13:30:00,INDEX:R3TW,41.73,49.05,41.73,49.01,0.0
2016-05-11 13:30:00,INDEX:R3TW,46.23,47.04,38.81,38.89,0.0
2016-05-12 13:30:00,INDEX:R3TW,41.78,42.37,32.59,36.18,0.0
2016-05-13 13:30:00,INDEX:R3TW,36.43,37.06,29.49,30.83,0.0
2016-05-16 13:30:00,INDEX:R3TW,35.05,42.0,34.77,39.68,0.0
2016-05-17 13:30:00,INDEX:R3TW,36.37,40.28,25.3,27.15,0.0
2016-05-18 13:30:00,INDEX:R3TW,26.19,38.18,26.19,32.36,0.0
2016-05-19 13:30:00,INDEX:R3TW,31.34,31.34,19.28,25.99,0.0
2016-05-20 13:30:00,INDEX:R3TW,32.2,40.74,32.2,40.7,0.0
2016-05-23 13:30:00,INDEX:R3TW,42.51,44.77,39.76,40.52,0.0
2016-05-24 13:30:00,INDEX:R3TW,48.88,61.34,48.88,61.34,0.0
2016-05-25 13:30:00,INDEX:R3TW,65.72,69.18,65.72,68.44,0.0
2016-05-26 13:30:00,INDEX:R3TW,70.2,70.38,67.73,68.3,0.0
2016-05-27 13:30:00,INDEX:R3TW,70.31,73.45,70.31,73.42,0.0
2016-05-31 13:30:00,INDEX:R3TW,74.82,77.01,72.24,75.21,0.0
2016-06-01 13:30:00,INDEX:R3TW,71.53,80.54,71.53,80.19,0.0
2016-06-02 13:30:00,INDEX:R3TW,78.46,82.9,77.04,82.9,0.0
2016-06-03 13:30:00,INDEX:R3TW,79.73,81.03,73.9,79.27,0.0
2016-06-06 13:30:00,INDEX:R3TW,80.54,85.66,80.54,84.7,0.0
2016-06-07 13:30:00,INDEX:R3TW,85.27,87.14,84.7,84.7,0.0
2016-06-08 13:30:00,INDEX:R3TW,85.97,88.16,85.41,87.63,0.0
2016-06-09 13:30:00,INDEX:R3TW,80.6,81.62,78.79,80.98,0.0
2016-06-10 13:30:00,INDEX:R3TW,65.28,71.01,61.36,64.12,0.0
2016-06-13 13:30:00,INDEX:R3TW,58.81,62.84,49.52,49.52,0.0
2016-06-14 13:30:00,INDEX:R3TW,50.83,50.83,41.35,46.53,0.0
2016-06-15 13:30:00,INDEX:R3TW,46.21,53.07,45.08,45.31,0.0
2016-06-16 13:30:00,INDEX:R3TW,34.17,44.46,30.84,44.42,0.0
2016-06-17 13:30:00,INDEX:R3TW,41.31,44.64,37.67,40.53,0.0
2016-06-20 13:30:00,INDEX:R3TW,55.71,60.73,51.18,51.66,0.0
2016-06-21 13:30:00,INDEX:R3TW,46.99,48.12,42.07,46.63,0.0
2016-06-22 13:30:00,INDEX:R3TW,48.47,53.07,41.48,41.48,0.0
2016-06-23 13:30:00,INDEX:R3TW,56.92,64.99,55.18,64.99,0.0
2016-06-24 13:30:00,INDEX:R3TW,23.57,30.44,20.99,23.64,0.0
2016-06-27 13:30:00,INDEX:R3TW,16.0,16.0,10.33,13.34,0.0
2016-06-28 13:30:00,INDEX:R3TW,17.69,20.67,17.34,19.85,0.0
2016-06-29 13:30:00,INDEX:R3TW,24.99,33.38,24.99,32.76,0.0
2016-06-30 13:30:00,INDEX:R3TW,34.28,48.56,32.05,48.56,0.0
2016-07-01 13:30:00,INDEX:R3TW,53.91,57.88,50.51,53.45,0.0
2016-07-05 13:30:00,INDEX:R3TW,44.74,44.74,37.68,42.95,0.0
2016-07-06 13:30:00,INDEX:R3TW,39.42,50.38,39.42,50.31,0.0
2016-07-07 13:30:00,INDEX:R3TW,57.41,59.88,48.94,53.11,0.0
2016-07-08 13:30:00,INDEX:R3TW,67.96,77.84,67.96,77.37,0.0
2016-07-11 13:30:00,INDEX:R3TW,82.28,84.88,81.61,83.88,0.0
2016-07-12 13:30:00,INDEX:R3TW,89.65,92.92,89.28,91.42,0.0
2016-07-13 13:30:00,INDEX:R3TW,91.18,92.08,87.51,88.28,0.0
2016-07-14 13:30:00,INDEX:R3TW,89.81,90.41,87.6,87.6,0.0
2016-07-15 13:30:00,INDEX:R3TW,87.63,89.04,86.03,87.56,0.0
2016-07-18 13:30:00,INDEX:R3TW,85.82,88.63,85.82,88.1,0.0
2016-07-19 13:30:00,INDEX:R3TW,86.39,86.39,82.58,83.58,0.0
2016-07-20 13:30:00,INDEX:R3TW,81.88,86.96,81.88,86.19,0.0
2016-07-21 13:30:00,INDEX:R3TW,85.02,85.92,79.67,80.81,0.0
2016-07-22 13:30:00,INDEX:R3TW,80.21,85.19,80.21,84.12,0.0
2016-07-25 13:30:00,INDEX:R3TW,82.01,82.01,77.7,78.63,0.0
2016-07-26 13:30:00,INDEX:R3TW,77.76,78.73,74.28,77.16,0.0
2016-07-27 13:30:00,INDEX:R3TW,74.85,75.25,69.7,72.48,0.0
2016-07-28 13:30:00,INDEX:R3TW,67.0,70.21,66.33,68.94,0.0
2016-07-29 13:30:00,INDEX:R3TW,64.22,70.77,61.98,67.6,0.0
2016-08-01 13:30:00,INDEX:R3TW,61.94,66.53,61.41,62.51,0.0
2016-08-02 13:30:00,INDEX:R3TW,57.82,57.82,45.02,47.23,0.0
2016-08-03 13:30:00,INDEX:R3TW,43.54,52.59,43.54,52.54,0.0
2016-08-04 13:30:00,INDEX:R3TW,52.98,52.98,49.26,49.29,0.0
2016-08-05 13:30:00,INDEX:R3TW,54.42,61.7,54.42,60.89,0.0
2016-08-08 13:30:00,INDEX:R3TW,59.41,59.41,59.41,59.41,0.0
2016-08-09 13:30:00,INDEX:R3TW,59.54,61.22,58.23,59.4,0.0
2016-08-10 13:30:00,INDEX:R3TW,58.53,58.93,53.13,54.2,0.0
2016-08-11 13:30:00,INDEX:R3TW,56.92,59.54,54.88,58.87,0.0
2016-08-12 13:30:00,INDEX:R3TW,57.06,58.87,54.41,57.24,0.0
2016-08-15 13:30:00,INDEX:R3TW,62.44,65.16,62.21,63.61,0.0
2016-08-16 13:30:00,INDEX:R3TW,59.14,60.12,56.29,56.29,0.0
2016-08-17 13:30:00,INDEX:R3TW,52.73,53.6,48.8,53.0,0.0
2016-08-18 13:30:00,INDEX:R3TW,53.13,59.58,53.13,59.54,0.0
2016-08-19 13:30:00,INDEX:R3TW,54.7,58.4,54.7,57.82,0.0
2016-08-22 13:30:00,INDEX:R3TW,53.99,59.94,53.99,59.94,0.0
2016-08-23 13:30:00,INDEX:R3TW,65.38,68.14,65.38,65.64,0.0
2016-08-24 13:30:00,INDEX:R3TW,65.81,65.81,57.14,58.05,0.0
2016-08-25 13:30:00,INDEX:R3TW,56.97,61.62,56.23,58.74,0.0
2016-08-26 13:30:00,INDEX:R3TW,60.9,66.65,50.2,54.77,0.0
2016-08-29 13:30:00,INDEX:R3TW,59.21,63.25,59.01,60.59,0.0
2016-08-30 13:30:00,INDEX:R3TW,59.99,61.54,56.66,59.08,0.0
2016-08-31 13:30:00,INDEX:R3TW,55.75,56.52,48.18,52.3,0.0
2016-09-01 13:30:00,INDEX:R3TW,53.28,53.28,43.01,52.69,0.0
2016-09-02 13:30:00,INDEX:R3TW,60.2,63.77,58.41,63.08,0.0
2016-09-06 13:30:00,INDEX:R3TW,63.67,64.94,59.19,64.94,0.0
2016-09-07 13:30:00,INDEX:R3TW,65.18,70.37,64.7,70.37,0.0
2016-09-08 13:30:00,INDEX:R3TW,66.53,68.45,65.28,66.3,0.0
2016-09-09 13:30:00,INDEX:R3TW,51.78,51.78,29.91,29.93,0.0
2016-09-12 13:30:00,INDEX:R3TW,25.74,43.54,23.64,43.52,0.0
2016-09-13 13:30:00,INDEX:R3TW,35.21,35.21,21.83,24.51,0.0
2016-09-14 13:30:00,INDEX:R3TW,24.51,27.62,22.15,23.36,0.0
2016-09-15 13:30:00,INDEX:R3TW,24.28,35.17,24.28,34.76,0.0
2016-09-16 13:30:00,INDEX:R3TW,30.09,34.66,29.96,34.08,0.0
2016-09-19 13:30:00,INDEX:R3TW,40.0,45.95,35.47,39.27,0.0
2016-09-20 13:30:00,INDEX:R3TW,41.81,43.5,37.34,37.38,0.0
2016-09-21 13:30:00,INDEX:R3TW,43.88,52.03,38.13,52.03,0.0
2016-09-22 13:30:00,INDEX:R3TW,60.9,68.15,60.9,68.07,0.0
2016-09-23 13:30:00,INDEX:R3TW,65.8,66.65,59.4,59.43,0.0
2016-09-26 13:30:00,INDEX:R3TW,52.55,53.43,45.06,45.06,0.0
2016-09-27 13:30:00,INDEX:R3TW,46.86,53.64,45.74,52.18,0.0
2016-09-28 13:30:00,INDEX:R3TW,57.44,64.22,48.79,64.22,0.0
2016-09-29 13:30:00,INDEX:R3TW,61.41,63.07,45.91,45.91,0.0
2016-09-30 13:30:00,INDEX:R3TW,51.17,63.92,48.55,60.86,0.0
2016-10-03 13:30:00,INDEX:R3TW,54.34,57.16,51.32,54.65,0.0
2016-10-04 13:30:00,INDEX:R3TW,56.85,59.23,46.84,49.77,0.0
2016-10-05 13:30:00,INDEX:R3TW,57.45,63.71,57.45,59.38,0.0
2016-10-06 13:30:00,INDEX:R3TW,56.32,59.21,52.07,58.08,0.0
2016-10-07 13:30:00,INDEX:R3TW,55.4,55.4,44.96,49.11,0.0
2016-10-10 13:30:00,INDEX:R3TW,59.72,61.48,58.63,59.65,0.0
2016-10-11 13:30:00,INDEX:R3TW,52.85,52.85,34.46,37.28,0.0
2016-10-12 13:30:00,INDEX:R3TW,34.33,42.45,34.33,38.95,0.0
2016-10-13 13:30:00,INDEX:R3TW,26.1,31.33,22.9,27.36,0.0
2016-10-14 13:30:00,INDEX:R3TW,34.09,36.43,27.56,27.56,0.0
2016-10-17 13:30:00,INDEX:R3TW,26.99,28.73,25.53,26.23,0.0
2016-10-18 13:30:00,INDEX:R3TW,33.27,36.37,29.8,32.56,0.0
2016-10-19 13:30:00,INDEX:R3TW,32.83,42.25,31.88,39.87,0.0
2016-10-20 13:30:00,INDEX:R3TW,36.57,41.44,33.51,38.48,0.0
2016-10-21 13:30:00,INDEX:R3TW,29.56,38.27,29.56,37.46,0.0
2016-10-24 13:30:00,INDEX:R3TW,50.76,50.76,43.85,47.08,0.0
2016-10-25 13:30:00,INDEX:R3TW,43.64,43.95,37.69,38.81,0.0
2016-10-26 13:30:00,INDEX:R3TW,35.88,40.65,32.82,33.19,0.0
2016-10-27 13:30:00,INDEX:R3TW,34.79,34.79,28.29,28.84,0.0
2016-10-28 13:30:00,INDEX:R3TW,33.03,34.46,27.95,29.25,0.0
2016-10-31 13:30:00,INDEX:R3TW,31.33,34.7,30.51,33.75,0.0
2016-11-01 13:30:00,INDEX:R3TW,34.57,35.08,23.25,26.5,0.0
2016-11-02 13:30:00,INDEX:R3TW,27.04,27.38,21.48,21.63,0.0
2016-11-03 13:30:00,INDEX:R3TW,25.38,25.89,21.93,22.32,0.0
2016-11-04 13:30:00,INDEX:R3TW,24.85,33.11,24.27,25.06,0.0
2016-11-07 14:30:00,INDEX:R3TW,40.91,46.89,40.91,46.89,0.0
2016-11-08 14:30:00,INDEX:R3TW,45.96,52.8,44.53,50.76,0.0
2016-11-09 14:30:00,INDEX:R3TW,46.56,67.28,46.56,66.78,0.0
2016-11-10 14:30:00,INDEX:R3TW,70.74,72.08,64.42,69.65,0.0
2016-11-11 14:30:00,INDEX:R3TW,71.09,75.6,70.68,75.6,0.0
2016-11-14 14:30:00,INDEX:R3TW,76.73,78.17,75.47,77.43,0.0
2016-11-15 14:30:00,INDEX:R3TW,78.63,79.35,77.74,78.91,0.0
2016-11-16 14:30:00,INDEX:R3TW,79.01,80.0,78.77,79.93,0.0
2016-11-17 14:30:00,INDEX:R3TW,82.05,82.91,81.16,81.81,0.0
2016-11-18 14:30:00,INDEX:R3TW,83.08,83.28,81.84,82.63,0.0
2016-11-21 14:30:00,INDEX:R3TW,85.51,85.51,84.1,84.93,0.0
2016-11-22 14:30:00,INDEX:R3TW,85.47,87.15,85.37,86.91,0.0
2016-11-23 14:30:00,INDEX:R3TW,85.23,87.39,85.23,87.29,0.0
2016-11-25 14:30:00,INDEX:R3TW,87.94,88.93,87.94,88.9,0.0
2016-11-28 14:30:00,INDEX:R3TW,88.69,88.69,85.23,85.3,0.0
2016-11-29 14:30:00,INDEX:R3TW,84.65,84.72,82.18,82.21,0.0
2016-11-30 14:30:00,INDEX:R3TW,83.38,83.59,76.07,76.07,0.0
2016-12-01 14:30:00,INDEX:R3TW,72.51,75.94,62.95,64.63,0.0
2016-12-02 14:30:00,INDEX:R3TW,64.56,66.24,62.44,63.24,0.0
2016-12-05 14:30:00,INDEX:R3TW,68.09,70.73,68.02,70.7,0.0
2016-12-06 14:30:00,INDEX:R3TW,69.05,74.24,67.23,73.79,0.0
2016-12-07 14:30:00,INDEX:R3TW,72.42,78.15,70.87,77.4,0.0
2016-12-08 14:30:00,INDEX:R3TW,75.3,81.22,75.3,81.01,0.0
2016-12-09 14:30:00,INDEX:R3TW,82.87,83.45,79.71,80.39,0.0
2016-12-12 14:30:00,INDEX:R3TW,79.56,80.18,74.54,75.29,0.0
2016-12-13 14:30:00,INDEX:R3TW,78.59,78.59,73.77,75.46,0.0
2016-12-14 14:30:00,INDEX:R3TW,74.22,74.22,62.56,62.56,0.0
2016-12-15 14:30:00,INDEX:R3TW,60.52,70.78,60.52,65.69,0.0
2016-12-16 14:30:00,INDEX:R3TW,68.06,71.98,62.35,64.11,0.0
2016-12-19 14:30:00,INDEX:R3TW,68.25,70.28,65.87,67.82,0.0
2016-12-20 14:30:00,INDEX:R3TW,72.95,73.16,69.27,71.58,0.0
2016-12-21 14:30:00,INDEX:R3TW,70.54,70.96,66.0,66.02,0.0
2016-12-22 14:30:00,INDEX:R3TW,63.4,63.4,55.3,56.65,0.0
2016-12-23 14:30:00,INDEX:R3TW,58.68,62.56,58.68,62.56,0.0
2016-12-27 14:30:00,INDEX:R3TW,68.42,68.73,65.9,66.45,0.0
2016-12-28 14:30:00,INDEX:R3TW,64.04,64.04,49.05,50.39,0.0
2016-12-29 14:30:00,INDEX:R3TW,53.11,54.01,45.98,49.6,0.0
2016-12-30 14:30:00,INDEX:R3TW,45.5,45.67,39.98,41.77,0.0
2017-01-03 14:30:00,INDEX:R3TW,47.91,56.25,40.08,49.63,0.0
2017-01-04 14:30:00,INDEX:R3TW,57.5,69.16,57.5,68.77,0.0
2017-01-05 14:30:00,INDEX:R3TW,64.63,64.83,48.86,52.69,0.0
2017-01-06 14:30:00,INDEX:R3TW,52.03,56.14,48.65,50.67,0.0
2017-01-09 14:30:00,INDEX:R3TW,41.04,46.15,39.97,40.04,0.0
2017-01-10 14:30:00,INDEX:R3TW,43.9,51.25,42.11,49.3,0.0
2017-01-11 14:30:00,INDEX:R3TW,48.23,52.14,44.3,52.1,0.0
2017-01-12 14:30:00,INDEX:R3TW,44.6,44.6,31.92,42.66,0.0
2017-01-13 14:30:00,INDEX:R3TW,52.69,52.69,48.27,49.75,0.0
2017-01-17 14:30:00,INDEX:R3TW,41.42,44.57,38.1,38.9,0.0
2017-01-18 14:30:00,INDEX:R3TW,39.41,43.11,39.41,43.09,0.0
2017-01-19 14:30:00,INDEX:R3TW,40.95,40.95,31.85,33.75,0.0
2017-01-20 14:30:00,INDEX:R3TW,40.02,41.47,36.83,39.57,0.0
2017-01-23 14:30:00,INDEX:R3TW,40.5,40.5,32.48,37.12,0.0
2017-01-24 14:30:00,INDEX:R3TW,42.35,52.8,41.34,52.12,0.0
2017-01-25 14:30:00,INDEX:R3TW,59.19,62.02,59.19,61.7,0.0
2017-01-26 14:30:00,INDEX:R3TW,60.97,61.56,55.4,55.6,0.0
2017-01-27 14:30:00,INDEX:R3TW,53.08,53.08,48.61,51.28,0.0
2017-01-30 14:30:00,INDEX:R3TW,42.17,42.17,32.96,39.83,0.0
2017-01-31 14:30:00,INDEX:R3TW,37.13,45.93,33.73,45.3,0.0
2017-02-01 14:30:00,INDEX:R3TW,52.02,52.02,40.73,42.7,0.0
2017-02-02 14:30:00,INDEX:R3TW,42.46,46.27,40.76,42.77,0.0
2017-02-03 14:30:00,INDEX:R3TW,50.71,59.56,48.97,59.56,0.0
2017-02-06 14:30:00,INDEX:R3TW,56.13,58.17,49.58,51.07,0.0
2017-02-07 14:30:00,INDEX:R3TW,50.79,53.81,44.52,46.25,0.0
2017-02-08 14:30:00,INDEX:R3TW,41.3,46.18,39.74,45.12,0.0
2017-02-09 14:30:00,INDEX:R3TW,48.73,57.4,48.73,56.77,0.0
2017-02-10 14:30:00,INDEX:R3TW,61.28,66.65,60.13,66.53,0.0
2017-02-13 14:30:00,INDEX:R3TW,70.41,72.25,67.42,69.26,0.0
2017-02-14 14:30:00,INDEX:R3TW,65.69,70.23,65.0,70.04,0.0
2017-02-15 14:30:00,INDEX:R3TW,64.97,73.34,64.97,73.34,0.0
2017-02-16 14:30:00,INDEX:R3TW,73.44,73.44,65.56,69.14,0.0
2017-02-17 14:30:00,INDEX:R3TW,66.46,68.86,64.83,68.86,0.0
2017-02-21 14:30:00,INDEX:R3TW,70.52,73.12,69.75,72.95,0.0
2017-02-22 14:30:00,INDEX:R3TW,70.31,70.31,66.31,67.75,0.0
2017-02-23 14:30:00,INDEX:R3TW,69.52,69.52,59.55,62.76,0.0
2017-02-24 14:30:00,INDEX:R3TW,55.84,62.37,55.84,62.3,0.0
2017-02-27 14:30:00,INDEX:R3TW,61.68,69.47,60.6,69.46,0.0
2017-02-28 14:30:00,INDEX:R3TW,63.61,63.61,52.79,52.97,0.0
2017-03-01 14:30:00,INDEX:R3TW,64.81,70.37,64.81,69.48,0.0
2017-03-02 14:30:00,INDEX:R3TW,66.17,66.17,56.67,56.68,0.0
2017-03-03 14:30:00,INDEX:R3TW,56.75,58.29,50.0,54.61,0.0
2017-03-06 14:30:00,INDEX:R3TW,46.3,47.28,42.32,45.63,0.0
2017-03-07 14:30:00,INDEX:R3TW,43.37,43.37,38.41,38.72,0.0
2017-03-08 14:30:00,INDEX:R3TW,39.0,41.34,33.28,33.29,0.0
2017-03-09 14:30:00,INDEX:R3TW,32.67,35.21,28.79,30.29,0.0
2017-03-10 14:30:00,INDEX:R3TW,35.67,36.4,29.84,34.31,0.0
2017-03-13 13:30:00,INDEX:R3TW,34.84,37.36,34.25,36.34,0.0
2017-03-14 13:30:00,INDEX:R3TW,31.56,33.03,28.35,31.56,0.0
2017-03-15 13:30:00,INDEX:R3TW,35.61,47.08,35.61,44.91,0.0
2017-03-16 13:30:00,INDEX:R3TW,47.92,49.8,44.87,48.23,0.0
2017-03-17 13:30:00,INDEX:R3TW,46.69,53.86,45.08,52.63,0.0
2017-03-20 13:30:00,INDEX:R3TW,49.8,49.84,44.18,46.17,0.0
2017-03-21 13:30:00,INDEX:R3TW,51.41,51.41,26.28,26.28,0.0
2017-03-22 13:30:00,INDEX:R3TW,24.22,27.68,22.43,27.54,0.0
2017-03-23 13:30:00,INDEX:R3TW,26.07,37.29,26.07,32.41,0.0
2017-03-24 13:30:00,INDEX:R3TW,35.73,39.61,30.17,32.56,0.0
2017-03-27 13:30:00,INDEX:R3TW,26.86,37.04,25.81,35.67,0.0
2017-03-28 13:30:00,INDEX:R3TW,34.94,44.91,32.91,44.68,0.0
2017-03-29 13:30:00,INDEX:R3TW,44.12,52.93,43.87,52.39,0.0
2017-03-30 13:30:00,INDEX:R3TW,53.02,62.47,53.02,62.39,0.0
2017-03-31 13:30:00,INDEX:R3TW,60.92,68.13,60.92,63.37,0.0
2017-04-03 13:30:00,INDEX:R3TW,66.56,66.56,48.94,51.24,0.0
2017-04-04 13:30:00,INDEX:R3TW,50.36,53.69,46.4,49.98,0.0
2017-04-05 13:30:00,INDEX:R3TW,55.55,61.87,39.1,39.15,0.0
2017-04-06 13:30:00,INDEX:R3TW,40.8,49.75,38.42,49.05,0.0
2017-04-07 13:30:00,INDEX:R3TW,46.7,51.22,45.47,48.8,0.0
2017-04-10 13:30:00,INDEX:R3TW,49.36,58.35,46.06,50.21,0.0
2017-04-11 13:30:00,INDEX:R3TW,46.2,58.56,45.25,58.53,0.0
2017-04-12 13:30:00,INDEX:R3TW,55.93,55.93,42.76,43.08,0.0
2017-04-13 13:30:00,INDEX:R3TW,40.62,44.38,33.18,33.19,0.0
2017-04-17 13:30:00,INDEX:R3TW,37.89,48.26,36.1,48.26,0.0
2017-04-18 13:30:00,INDEX:R3TW,43.02,49.59,41.09,49.56,0.0
2017-04-19 13:30:00,INDEX:R3TW,57.01,61.26,52.26,54.02,0.0
2017-04-20 13:30:00,INDEX:R3TW,60.84,68.89,58.45,68.42,0.0
2017-04-21 13:30:00,INDEX:R3TW,66.17,68.49,62.2,64.29,0.0
2017-04-24 13:30:00,INDEX:R3TW,75.22,75.82,71.78,74.86,0.0
2017-04-25 13:30:00,INDEX:R3TW,78.1,80.92,78.1,78.23,0.0
2017-04-26 13:30:00,INDEX:R3TW,76.85,81.89,76.85,79.28,0.0
2017-04-27 13:30:00,INDEX:R3TW,78.18,78.71,74.91,75.47,0.0
2017-04-28 13:30:00,INDEX:R3TW,73.81,73.81,64.97,65.32,0.0
2017-05-01 13:30:00,INDEX:R3TW,67.44,68.49,63.77,66.61,0.0
2017-05-02 13:30:00,INDEX:R3TW,67.99,67.99,61.22,63.01,0.0
2017-05-03 13:30:00,INDEX:R3TW,59.44,59.83,53.7,55.13,0.0
2017-05-04 13:30:00,INDEX:R3TW,57.0,57.0,50.08,54.21,0.0
2017-05-05 13:30:00,INDEX:R3TW,55.37,57.14,51.71,57.14,0.0
2017-05-08 13:30:00,INDEX:R3TW,56.97,57.32,51.67,54.75,0.0
2017-05-09 13:30:00,INDEX:R3TW,55.13,55.13,49.91,52.63,0.0
2017-05-10 13:30:00,INDEX:R3TW,51.11,55.74,50.37,55.22,0.0
2017-05-11 13:30:00,INDEX:R3TW,51.48,51.48,41.2,47.33,0.0
2017-05-12 13:30:00,INDEX:R3TW,43.19,43.19,39.69,40.4,0.0
2017-05-15 13:30:00,INDEX:R3TW,43.08,49.66,43.08,46.37,0.0
2017-05-16 13:30:00,INDEX:R3TW,46.4,46.4,39.47,44.26,0.0
2017-05-17 13:30:00,INDEX:R3TW,32.55,32.55,25.73,25.73,0.0
2017-05-18 13:30:00,INDEX:R3TW,25.62,30.61,24.99,28.67,0.0
2017-05-19 13:30:00,INDEX:R3TW,29.41,36.67,29.41,33.14,0.0
2017-05-22 13:30:00,INDEX:R3TW,36.33,40.47,36.33,40.01,0.0
2017-05-23 13:30:00,INDEX:R3TW,41.11,43.83,38.1,42.84,0.0
2017-05-24 13:30:00,INDEX:R3TW,44.79,46.74,41.46,44.06,0.0
2017-05-25 13:30:00,INDEX:R3TW,47.25,51.47,43.78,46.35,0.0
2017-05-26 13:30:00,INDEX:R3TW,45.46,46.49,42.8,45.64,0.0
2017-05-30 13:30:00,INDEX:R3TW,43.62,44.47,40.75,41.47,0.0
2017-05-31 13:30:00,INDEX:R3TW,43.84,43.97,34.73,43.97,0.0
2017-06-01 13:30:00,INDEX:R3TW,45.42,61.31,45.42,61.29,0.0
2017-06-02 13:30:00,INDEX:R3TW,64.24,72.86,63.95,66.57,0.0
2017-06-05 13:30:00,INDEX:R3TW,65.72,66.32,59.61,59.62,0.0
2017-06-06 13:30:00,INDEX:R3TW,53.05,60.12,51.31,55.75,0.0
2017-06-07 13:30:00,INDEX:R3TW,56.35,61.18,53.83,56.74,0.0
2017-06-08 13:30:00,INDEX:R3TW,56.67,71.73,56.67,69.37,0.0
2017-06-09 13:30:00,INDEX:R3TW,71.29,76.83,68.38,71.36,0.0
2017-06-12 13:30:00,INDEX:R3TW,71.61,71.86,69.2,71.07,0.0
2017-06-13 13:30:00,INDEX:R3TW,73.38,76.47,72.56,76.47,0.0
2017-06-14 13:30:00,INDEX:R3TW,77.61,77.61,67.87,71.41,0.0
2017-06-15 13:30:00,INDEX:R3TW,63.27,66.47,62.06,66.47,0.0
2017-06-16 13:30:00,INDEX:R3TW,58.94,62.92,57.3,62.9,0.0
2017-06-19 13:30:00,INDEX:R3TW,65.78,69.63,65.57,69.28,0.0
2017-06-20 13:30:00,INDEX:R3TW,65.08,65.08,55.51,55.51,0.0
2017-06-21 13:30:00,INDEX:R3TW,55.51,58.07,47.61,47.61,0.0
2017-06-22 13:30:00,INDEX:R3TW,48.22,52.31,45.12,48.5,0.0
2017-06-23 13:30:00,INDEX:R3TW,49.03,54.51,47.68,54.18,0.0
2017-06-26 13:30:00,INDEX:R3TW,57.7,60.48,52.93,56.83,0.0
2017-06-27 13:30:00,INDEX:R3TW,54.26,58.08,46.96,46.96,0.0
2017-06-28 13:30:00,INDEX:R3TW,51.8,63.8,51.33,62.52,0.0
2017-06-29 13:30:00,INDEX:R3TW,62.96,62.96,45.97,54.72,0.0
2017-06-30 13:30:00,INDEX:R3TW,56.74,57.91,52.33,54.04,0.0
2017-07-03 13:30:00,INDEX:R3TW,57.84,65.39,57.84,64.39,0.0
2017-07-05 13:30:00,INDEX:R3TW,62.46,62.46,51.0,55.81,0.0
2017-07-06 13:30:00,INDEX:R3TW,48.66,48.66,37.33,38.11,0.0
2017-07-07 13:30:00,INDEX:R3TW,40.68,51.92,40.25,51.92,0.0
2017-07-10 13:30:00,INDEX:R3TW,48.61,53.86,44.96,46.87,0.0
2017-07-11 13:30:00,INDEX:R3TW,45.9,49.34,42.36,49.18,0.0
2017-07-12 13:30:00,INDEX:R3TW,57.4,64.76,56.4,58.91,0.0
2017-07-13 13:30:00,INDEX:R3TW,60.04,60.04,53.05,59.75,0.0
2017-07-14 13:30:00,INDEX:R3TW,57.74,64.87,57.74,61.75,0.0
2017-07-17 13:30:00,INDEX:R3TW,58.88,67.11,58.88,64.67,0.0
2017-07-18 13:30:00,INDEX:R3TW,58.34,60.48,54.83,59.08,0.0
2017-07-19 13:30:00,INDEX:R3TW,61.79,68.25,61.79,68.25,0.0
2017-07-20 13:30:00,INDEX:R3TW,66.81,67.14,62.99,65.59,0.0
2017-07-21 13:30:00,INDEX:R3TW,67.77,67.77,59.03,60.12,0.0
2017-07-24 13:30:00,INDEX:R3TW,59.02,59.25,54.83,58.58,0.0
2017-07-25 13:30:00,INDEX:R3TW,64.94,70.63,64.17,67.82,0.0
2017-07-26 13:30:00,INDEX:R3TW,66.42,66.48,60.88,60.88,0.0
2017-07-27 13:30:00,INDEX:R3TW,60.31,62.25,51.84,55.86,0.0
2017-07-28 13:30:00,INDEX:R3TW,51.7,53.54,50.46,52.57,0.0
2017-07-31 13:30:00,INDEX:R3TW,54.38,54.38,47.62,51.23,0.0
2017-08-01 13:30:00,INDEX:R3TW,54.65,54.65,48.89,53.46,0.0
2017-08-02 13:30:00,INDEX:R3TW,50.31,50.65,39.99,43.59,0.0
2017-08-03 13:30:00,INDEX:R3TW,42.32,43.42,37.86,39.1,0.0
2017-08-04 13:30:00,INDEX:R3TW,40.64,43.99,40.34,43.93,0.0
2017-08-07 13:30:00,INDEX:R3TW,42.32,44.29,40.37,42.68,0.0
2017-08-08 13:30:00,INDEX:R3TW,41.14,50.5,39.7,40.44,0.0
2017-08-09 13:30:00,INDEX:R3TW,35.91,36.28,33.26,35.06,0.0
2017-08-10 13:30:00,INDEX:R3TW,30.93,30.93,24.53,24.56,0.0
2017-08-11 13:30:00,INDEX:R3TW,24.16,25.33,22.88,24.44,0.0
2017-08-14 13:30:00,INDEX:R3TW,29.63,37.0,29.63,36.6,0.0
2017-08-15 13:30:00,INDEX:R3TW,35.9,35.9,31.98,32.35,0.0
2017-08-16 13:30:00,INDEX:R3TW,35.03,38.24,33.89,34.36,0.0
2017-08-17 13:30:00,INDEX:R3TW,31.94,33.48,21.67,21.67,0.0
2017-08-18 13:30:00,INDEX:R3TW,18.35,23.85,18.12,21.51,0.0
2017-08-21 13:30:00,INDEX:R3TW,21.04,24.22,19.67,23.72,0.0
2017-08-22 13:30:00,INDEX:R3TW,26.74,32.67,26.74,32.34,0.0
2017-08-23 13:30:00,INDEX:R3TW,28.83,34.29,28.83,32.21,0.0
2017-08-24 13:30:00,INDEX:R3TW,36.87,37.51,34.22,35.66,0.0
2017-08-25 13:30:00,INDEX:R3TW,39.35,43.01,37.14,40.44,0.0
2017-08-28 13:30:00,INDEX:R3TW,45.03,45.03,38.53,41.75,0.0
2017-08-29 13:30:00,INDEX:R3TW,37.92,45.4,36.41,44.5,0.0
2017-08-30 13:30:00,INDEX:R3TW,44.46,52.48,44.46,51.4,0.0
2017-08-31 13:30:00,INDEX:R3TW,56.7,64.62,56.7,63.07,0.0
2017-09-01 13:30:00,INDEX:R3TW,67.53,71.73,66.56,71.55,0.0
2017-09-05 13:30:00,INDEX:R3TW,71.86,71.86,55.94,58.73,0.0
2017-09-06 13:30:00,INDEX:R3TW,63.59,64.53,60.0,61.71,0.0
2017-09-07 13:30:00,INDEX:R3TW,62.86,62.86,58.19,59.6,0.0
2017-09-08 13:30:00,INDEX:R3TW,57.21,61.71,55.07,59.05,0.0
2017-09-11 13:30:00,INDEX:R3TW,66.83,72.61,66.83,71.09,0.0
2017-09-12 13:30:00,INDEX:R3TW,74.11,78.89,74.11,77.64,0.0
2017-09-13 13:30:00,INDEX:R3TW,76.5,78.75,76.13,77.31,0.0
2017-09-14 13:30:00,INDEX:R3TW,75.49,76.87,73.41,75.54,0.0
2017-09-15 13:30:00,INDEX:R3TW,72.92,77.59,72.92,76.98,0.0
2017-09-18 13:30:00,INDEX:R3TW,77.72,80.34,77.72,78.18,0.0
2017-09-19 13:30:00,INDEX:R3TW,78.61,78.61,74.04,74.84,0.0
2017-09-20 13:30:00,INDEX:R3TW,74.26,76.01,72.17,74.69,0.0
2017-09-21 13:30:00,INDEX:R3TW,73.24,74.19,71.89,71.89,0.0
2017-09-22 13:30:00,INDEX:R3TW,70.67,73.13,70.67,72.75,0.0
2017-09-25 13:30:00,INDEX:R3TW,72.45,73.22,68.88,70.73,0.0
2017-09-26 13:30:00,INDEX:R3TW,71.44,72.21,70.56,70.86,0.0
2017-09-27 13:30:00,INDEX:R3TW,73.19,78.96,71.74,77.56,0.0
2017-09-28 13:30:00,INDEX:R3TW,75.84,76.95,73.81,76.56,0.0
2017-09-29 13:30:00,INDEX:R3TW,77.31,78.19,76.23,76.79,0.0
2017-10-02 13:30:00,INDEX:R3TW,77.64,82.5,77.64,82.5,0.0
2017-10-03 13:30:00,INDEX:R3TW,82.66,82.66,80.81,82.3,0.0
2017-10-04 13:30:00,INDEX:R3TW,82.16,83.75,80.81,81.95,0.0
2017-10-05 13:30:00,INDEX:R3TW,82.9,84.63,82.83,84.18,0.0
2017-10-06 13:30:00,INDEX:R3TW,80.99,80.99,78.61,79.66,0.0
2017-10-09 13:30:00,INDEX:R3TW,80.61,80.61,73.69,74.63,0.0
2017-10-10 13:30:00,INDEX:R3TW,76.67,78.91,73.85,75.54,0.0
2017-10-11 13:30:00,INDEX:R3TW,75.2,75.23,72.99,74.35,0.0
2017-10-12 13:30:00,INDEX:R3TW,71.53,72.62,68.81,70.5,0.0
2017-10-13 13:30:00,INDEX:R3TW,70.37,71.49,68.26,68.52,0.0
2017-10-16 13:30:00,INDEX:R3TW,69.44,71.48,65.6,66.57,0.0
2017-10-17 13:30:00,INDEX:R3TW,64.87,66.54,59.6,60.54,0.0
2017-10-18 13:30:00,INDEX:R3TW,62.41,64.89,60.68,62.1,0.0
2017-10-19 13:30:00,INDEX:R3TW,54.35,57.95,50.1,57.92,0.0
2017-10-20 13:30:00,INDEX:R3TW,62.51,63.19,60.98,61.95,0.0
2017-10-23 13:30:00,INDEX:R3TW,61.1,61.1,50.68,50.68,0.0
2017-10-24 13:30:00,INDEX:R3TW,53.13,54.62,50.3,50.3,0.0
2017-10-25 13:30:00,INDEX:R3TW,48.16,48.16,35.26,43.51,0.0
2017-10-26 13:30:00,INDEX:R3TW,46.33,49.74,46.33,48.21,0.0
2017-10-27 13:30:00,INDEX:R3TW,43.3,52.5,43.3,52.5,0.0
2017-10-30 13:30:00,INDEX:R3TW,48.55,49.19,36.97,38.23,0.0
2017-10-31 13:30:00,INDEX:R3TW,41.43,49.43,41.43,46.35,0.0
2017-11-01 13:30:00,INDEX:R3TW,52.14,52.21,38.76,42.28,0.0
2017-11-02 13:30:00,INDEX:R3TW,42.55,48.34,41.12,47.81,0.0
2017-11-03 13:30:00,INDEX:R3TW,45.73,47.47,45.16,46.02,0.0
2017-11-06 14:30:00,INDEX:R3TW,46.16,49.84,46.06,47.85,0.0
2017-11-07 14:30:00,INDEX:R3TW,47.57,48.56,38.71,39.52,0.0
2017-11-08 14:30:00,INDEX:R3TW,38.57,41.57,36.9,40.92,0.0
2017-11-09 14:30:00,INDEX:R3TW,37.68,41.91,36.35,39.69,0.0
2017-11-10 14:30:00,INDEX:R3TW,39.42,43.28,39.42,41.48,0.0
2017-11-13 14:30:00,INDEX:R3TW,38.55,41.72,37.15,40.7,0.0
2017-11-14 14:30:00,INDEX:R3TW,37.42,40.32,36.6,40.06,0.0
2017-11-15 14:30:00,INDEX:R3TW,32.59,38.8,32.59,35.47,0.0
2017-11-16 14:30:00,INDEX:R3TW,38.68,50.25,38.68,47.38,0.0
2017-11-17 14:30:00,INDEX:R3TW,44.96,52.33,44.96,50.44,0.0
2017-11-20 14:30:00,INDEX:R3TW,51.98,58.29,50.71,58.21,0.0
2017-11-21 14:30:00,INDEX:R3TW,63.06,67.68,63.03,66.09,0.0
2017-11-22 14:30:00,INDEX:R3TW,68.42,70.2,65.13,65.13,0.0
2017-11-24 14:30:00,INDEX:R3TW,68.37,68.37,64.13,66.05,0.0
2017-11-27 14:30:00,INDEX:R3TW,67.14,68.82,64.06,64.44,0.0
2017-11-28 14:30:00,INDEX:R3TW,65.98,75.15,65.91,75.08,0.0
2017-11-29 14:30:00,INDEX:R3TW,75.8,77.65,73.75,74.04,0.0
2017-11-30 14:30:00,INDEX:R3TW,76.68,78.67,75.65,75.96,0.0
2017-12-01 14:30:00,INDEX:R3TW,76.13,76.61,55.18,73.73,0.0
2017-12-04 14:30:00,INDEX:R3TW,80.34,80.34,68.18,68.19,0.0
2017-12-05 14:30:00,INDEX:R3TW,68.43,68.5,60.55,60.55,0.0
2017-12-06 14:30:00,INDEX:R3TW,58.36,59.21,54.24,54.28,0.0
2017-12-07 14:30:00,INDEX:R3TW,52.84,60.58,52.84,57.6,0.0
2017-12-08 14:30:00,INDEX:R3TW,60.55,60.89,56.88,56.99,0.0
2017-12-11 14:30:00,INDEX:R3TW,57.57,58.63,53.73,54.19,0.0
2017-12-12 14:30:00,INDEX:R3TW,54.85,56.56,51.69,51.69,0.0
2017-12-13 14:30:00,INDEX:R3TW,51.9,59.99,51.9,53.78,0.0
2017-12-14 14:30:00,INDEX:R3TW,52.58,54.98,41.72,41.82,0.0
2017-12-15 14:30:00,INDEX:R3TW,44.32,61.6,44.32,57.28,0.0
2017-12-18 14:30:00,INDEX:R3TW,65.47,70.44,65.47,67.83,0.0
2017-12-19 14:30:00,INDEX:R3TW,68.03,68.58,57.2,57.2,0.0
2017-12-20 14:30:00,INDEX:R3TW,61.59,61.59,56.2,57.23,0.0
2017-12-21 14:30:00,INDEX:R3TW,60.9,63.61,59.32,61.33,0.0
2017-12-22 14:30:00,INDEX:R3TW,59.03,59.03,55.91,56.07,0.0
2017-12-26 14:30:00,INDEX:R3TW,54.37,57.02,53.65,54.03,0.0
2017-12-27 14:30:00,INDEX:R3TW,55.06,60.07,53.14,54.84,0.0
2017-12-28 14:30:00,INDEX:R3TW,56.07,59.95,53.57,59.94,0.0
2017-12-29 14:30:00,INDEX:R3TW,62.07,62.07,49.02,49.22,0.0
2018-01-02 14:30:00,INDEX:R3TW,54.69,61.22,54.69,58.13,0.0
2018-01-03 14:30:00,INDEX:R3TW,59.51,61.71,56.93,60.81,0.0
2018-01-04 14:30:00,INDEX:R3TW,64.84,64.84,60.22,61.88,0.0
2018-01-05 14:30:00,INDEX:R3TW,63.56,64.39,59.57,64.39,0.0
2018-01-08 14:30:00,INDEX:R3TW,62.8,64.63,58.07,63.5,0.0
2018-01-09 14:30:00,INDEX:R3TW,64.31,65.3,60.88,60.88,0.0
2018-01-10 14:30:00,INDEX:R3TW,57.97,62.14,55.57,60.58,0.0
2018-01-11 14:30:00,INDEX:R3TW,60.92,72.26,60.92,72.26,0.0
2018-01-12 14:30:00,INDEX:R3TW,72.94,75.61,72.13,73.85,0.0
2018-01-16 14:30:00,INDEX:R3TW,75.78,76.76,62.54,63.1,0.0
2018-01-17 14:30:00,INDEX:R3TW,66.42,69.98,64.9,68.92,0.0
2018-01-18 14:30:00,INDEX:R3TW,67.77,67.77,62.31,62.31,0.0
2018-01-19 14:30:00,INDEX:R3TW,61.57,71.28,61.57,71.28,0.0
2018-01-22 14:30:00,INDEX:R3TW,70.47,71.83,67.59,71.83,0.0
2018-01-23 14:30:00,INDEX:R3TW,71.86,74.33,68.4,73.01,0.0
2018-01-24 14:30:00,INDEX:R3TW,75.59,75.59,65.86,66.57,0.0
2018-01-25 14:30:00,INDEX:R3TW,69.42,69.42,62.03,65.66,0.0
2018-01-26 14:30:00,INDEX:R3TW,65.76,65.76,61.25,65.22,0.0
2018-01-29 14:30:00,INDEX:R3TW,61.76,62.88,57.28,57.28,0.0
2018-01-30 14:30:00,INDEX:R3TW,50.23,51.01,44.57,46.28,0.0
2018-01-31 14:30:00,INDEX:R3TW,50.25,50.25,38.28,41.64,0.0
2018-02-01 14:30:00,INDEX:R3TW,37.33,43.5,35.87,42.44,0.0
2018-02-02 14:30:00,INDEX:R3TW,36.61,36.61,24.39,24.4,0.0
2018-02-05 14:30:00,INDEX:R3TW,19.82,22.7,8.86,8.86,0.0
2018-02-06 14:30:00,INDEX:R3TW,6.58,12.26,6.58,11.31,0.0
2018-02-07 14:30:00,INDEX:R3TW,11.11,15.35,11.11,13.08,0.0
2018-02-08 14:30:00,INDEX:R3TW,13.35,13.35,6.22,6.22,0.0
2018-02-09 14:30:00,INDEX:R3TW,8.29,11.04,4.62,9.27,0.0
2018-02-12 14:30:00,INDEX:R3TW,10.6,13.93,8.05,12.1,0.0
2018-02-13 14:30:00,INDEX:R3TW,11.32,15.23,10.64,15.2,0.0
2018-02-14 14:30:00,INDEX:R3TW,13.36,27.34,13.36,26.4,0.0
2018-02-15 14:30:00,INDEX:R3TW,30.52,36.61,27.66,36.58,0.0
2018-02-16 14:30:00,INDEX:R3TW,36.62,47.58,36.62,42.49,0.0
2018-02-20 14:30:00,INDEX:R3TW,40.99,44.02,33.46,35.06,0.0
2018-02-21 14:30:00,INDEX:R3TW,40.48,52.33,39.63,39.83,0.0
2018-02-22 14:30:00,INDEX:R3TW,45.62,50.45,38.4,38.45,0.0
2018-02-23 14:30:00,INDEX:R3TW,47.88,55.79,45.4,55.79,0.0
2018-02-26 14:30:00,INDEX:R3TW,60.76,65.46,56.5,64.98,0.0
2018-02-27 14:30:00,INDEX:R3TW,67.26,69.61,51.0,51.0,0.0
2018-02-28 14:30:00,INDEX:R3TW,56.96,56.96,37.44,37.45,0.0
2018-03-01 14:30:00,INDEX:R3TW,39.6,46.25,30.64,36.51,0.0
2018-03-02 14:30:00,INDEX:R3TW,32.45,52.74,31.29,52.71,0.0
2018-03-05 14:30:00,INDEX:R3TW,49.91,65.67,48.92,63.97,0.0
2018-03-06 14:30:00,INDEX:R3TW,65.57,69.08,58.92,68.64,0.0
2018-03-07 14:30:00,INDEX:R3TW,66.59,72.46,64.89,70.96,0.0
2018-03-08 14:30:00,INDEX:R3TW,72.33,72.33,67.21,71.25,0.0
2018-03-09 14:30:00,INDEX:R3TW,72.82,79.17,71.79,79.17,0.0
2018-03-12 13:30:00,INDEX:R3TW,79.85,80.64,77.97,79.51,0.0
2018-03-13 13:30:00,INDEX:R3TW,80.26,81.63,74.41,75.29,0.0
2018-03-14 13:30:00,INDEX:R3TW,76.66,76.66,67.77,68.72,0.0
2018-03-15 13:30:00,INDEX:R3TW,70.02,70.02,60.67,63.17,0.0
2018-03-16 13:30:00,INDEX:R3TW,63.89,71.28,63.75,69.81,0.0
2018-03-19 13:30:00,INDEX:R3TW,64.94,64.94,49.33,58.84,0.0
2018-03-20 13:30:00,INDEX:R3TW,61.52,62.68,55.22,57.0,0.0
2018-03-21 13:30:00,INDEX:R3TW,56.35,66.01,56.35,60.89,0.0
2018-03-22 13:30:00,INDEX:R3TW,48.45,53.66,32.62,32.62,0.0
2018-03-23 13:30:00,INDEX:R3TW,35.7,35.7,18.91,18.91,0.0
2018-03-26 13:30:00,INDEX:R3TW,28.27,35.57,21.93,35.31,0.0
2018-03-27 13:30:00,INDEX:R3TW,33.28,37.94,21.94,22.07,0.0
2018-03-28 13:30:00,INDEX:R3TW,22.83,26.19,21.73,24.39,0.0
2018-03-29 13:30:00,INDEX:R3TW,27.34,35.12,26.92,30.01,0.0
2018-04-02 13:30:00,INDEX:R3TW,27.27,27.95,13.99,15.91,0.0
2018-04-03 13:30:00,INDEX:R3TW,18.0,25.36,17.01,24.43,0.0
2018-04-04 13:30:00,INDEX:R3TW,18.19,36.04,18.19,34.84,0.0
2018-04-05 13:30:00,INDEX:R3TW,40.78,47.09,37.98,45.78,0.0
2018-04-06 13:30:00,INDEX:R3TW,40.35,44.34,24.51,28.26,0.0
2018-04-09 13:30:00,INDEX:R3TW,34.1,40.79,28.91,28.91,0.0
2018-04-10 13:30:00,INDEX:R3TW,39.4,49.65,38.65,48.15,0.0
2018-04-11 13:30:00,INDEX:R3TW,44.73,53.38,44.73,49.04,0.0
2018-04-12 13:30:00,INDEX:R3TW,55.16,61.17,54.44,57.58,0.0
2018-04-13 13:30:00,INDEX:R3TW,63.02,63.02,49.93,52.37,0.0
2018-04-16 13:30:00,INDEX:R3TW,60.27,71.62,60.23,69.59,0.0
2018-04-17 13:30:00,INDEX:R3TW,75.51,79.95,74.82,77.15,0.0
2018-04-18 13:30:00,INDEX:R3TW,79.85,81.97,77.99,77.99,0.0
2018-04-19 13:30:00,INDEX:R3TW,77.51,77.51,71.14,73.51,0.0
2018-04-20 13:30:00,INDEX:R3TW,71.97,72.89,65.09,66.39,0.0
2018-04-23 13:30:00,INDEX:R3TW,67.65,69.98,60.84,64.88,0.0
2018-04-24 13:30:00,INDEX:R3TW,68.03,70.19,51.74,57.77,0.0
2018-04-25 13:30:00,INDEX:R3TW,54.93,58.97,50.2,55.44,0.0
2018-04-26 13:30:00,INDEX:R3TW,55.89,63.32,55.51,59.74,0.0
2018-04-27 13:30:00,INDEX:R3TW,61.39,61.87,56.25,58.3,0.0
2018-04-30 13:30:00,INDEX:R3TW,59.23,59.57,47.51,47.55,0.0
2018-05-01 13:30:00,INDEX:R3TW,43.98,50.8,36.89,50.8,0.0
2018-05-02 13:30:00,INDEX:R3TW,48.57,55.87,47.92,49.64,0.0
2018-05-03 13:30:00,INDEX:R3TW,46.04,47.31,37.3,43.52,0.0
2018-05-04 13:30:00,INDEX:R3TW,39.65,58.32,39.65,54.55,0.0
2018-05-07 13:30:00,INDEX:R3TW,56.75,62.54,56.75,58.74,0.0
2018-05-08 13:30:00,INDEX:R3TW,58.05,60.18,56.44,59.84,0.0
2018-05-09 13:30:00,INDEX:R3TW,60.52,63.64,57.81,62.82,0.0
2018-05-10 13:30:00,INDEX:R3TW,63.64,67.55,62.86,65.29,0.0
2018-05-11 13:30:00,INDEX:R3TW,65.5,67.96,63.1,65.77,0.0
2018-05-14 13:30:00,INDEX:R3TW,67.31,68.75,61.65,62.12,0.0
2018-05-15 13:30:00,INDEX:R3TW,58.14,62.6,58.14,60.89,0.0
2018-05-16 13:30:00,INDEX:R3TW,63.53,69.29,63.36,67.13,0.0
2018-05-17 13:30:00,INDEX:R3TW,68.16,71.9,67.89,70.35,0.0
2018-05-18 13:30:00,INDEX:R3TW,72.44,72.44,69.86,70.35,0.0
2018-05-21 13:30:00,INDEX:R3TW,74.39,75.25,73.33,75.08,0.0
2018-05-22 13:30:00,INDEX:R3TW,75.15,75.32,70.1,70.1,0.0
2018-05-23 13:30:00,INDEX:R3TW,67.36,71.99,67.36,71.94,0.0
2018-05-24 13:30:00,INDEX:R3TW,70.43,71.49,64.66,70.52,0.0
2018-05-25 13:30:00,INDEX:R3TW,68.39,69.83,66.19,69.03,0.0
2018-05-29 13:30:00,INDEX:R3TW,61.23,64.6,52.74,59.88,0.0
2018-05-30 13:30:00,INDEX:R3TW,64.52,74.59,64.52,72.18,0.0
2018-05-31 13:30:00,INDEX:R3TW,70.46,70.46,59.9,60.33,0.0
2018-06-01 13:30:00,INDEX:R3TW,63.74,67.56,63.74,66.23,0.0
2018-06-04 13:30:00,INDEX:R3TW,69.39,70.36,64.61,68.41,0.0
2018-06-05 13:30:00,INDEX:R3TW,68.37,70.47,66.24,70.43,0.0
2018-06-06 13:30:00,INDEX:R3TW,70.95,74.5,69.43,74.12,0.0
2018-06-07 13:30:00,INDEX:R3TW,75.94,76.25,70.91,73.31,0.0
2018-06-08 13:30:00,INDEX:R3TW,73.87,75.38,71.94,74.5,0.0
2018-06-11 13:30:00,INDEX:R3TW,75.47,76.54,72.99,73.95,0.0
2018-06-12 13:30:00,INDEX:R3TW,74.23,74.23,68.5,70.71,0.0
2018-06-13 13:30:00,INDEX:R3TW,71.09,71.09,64.98,65.01,0.0
2018-06-14 13:30:00,INDEX:R3TW,66.25,66.7,60.9,65.73,0.0
2018-06-15 13:30:00,INDEX:R3TW,60.14,65.07,57.59,64.52,0.0
2018-06-18 13:30:00,INDEX:R3TW,57.9,66.18,57.9,66.16,0.0
2018-06-19 13:30:00,INDEX:R3TW,60.42,66.36,56.49,65.71,0.0
2018-06-20 13:30:00,INDEX:R3TW,67.88,70.13,65.43,69.01,0.0
2018-06-21 13:30:00,INDEX:R3TW,67.59,67.59,58.03,59.22,0.0
2018-06-22 13:30:00,INDEX:R3TW,61.78,62.78,56.11,59.64,0.0
2018-06-25 13:30:00,INDEX:R3TW,54.21,54.21,41.25,44.27,0.0
2018-06-26 13:30:00,INDEX:R3TW,43.44,50.39,42.06,48.33,0.0
2018-06-27 13:30:00,INDEX:R3TW,48.2,49.1,34.64,34.64,0.0
2018-06-28 13:30:00,INDEX:R3TW,31.98,37.69,30.55,36.3,0.0
2018-06-29 13:30:00,INDEX:R3TW,37.3,40.29,34.54,34.57,0.0
2018-07-02 13:30:00,INDEX:R3TW,29.25,38.74,27.92,38.74,0.0
2018-07-03 13:30:00,INDEX:R3TW,41.53,45.59,41.27,41.98,0.0
2018-07-05 13:30:00,INDEX:R3TW,45.93,52.66,42.8,52.62,0.0
2018-07-06 13:30:00,INDEX:R3TW,51.53,62.11,51.53,60.68,0.0
2018-07-09 13:30:00,INDEX:R3TW,65.57,70.0,64.78,70.0,0.0
2018-07-10 13:30:00,INDEX:R3TW,72.37,73.86,62.35,65.63,0.0
2018-07-11 13:30:00,INDEX:R3TW,59.4,63.46,54.63,54.63,0.0
2018-07-12 13:30:00,INDEX:R3TW,58.79,59.7,52.5,57.63,0.0
2018-07-13 13:30:00,INDEX:R3TW,59.06,63.56,56.9,56.9,0.0
2018-07-16 13:30:00,INDEX:R3TW,57.66,57.66,47.26,50.86,0.0
2018-07-17 13:30:00,INDEX:R3TW,51.56,57.87,51.56,54.83,0.0
2018-07-18 13:30:00,INDEX:R3TW,54.63,57.9,51.46,57.37,0.0
2018-07-19 13:30:00,INDEX:R3TW,56.03,64.14,55.03,62.56,0.0
2018-07-20 13:30:00,INDEX:R3TW,60.76,62.92,58.39,58.89,0.0
2018-07-23 13:30:00,INDEX:R3TW,57.42,59.79,54.58,57.77,0.0
2018-07-24 13:30:00,INDEX:R3TW,60.08,61.44,46.02,49.11,0.0
2018-07-25 13:30:00,INDEX:R3TW,48.28,50.58,46.31,50.38,0.0
2018-07-26 13:30:00,INDEX:R3TW,51.58,58.29,51.58,55.22,0.0
2018-07-27 13:30:00,INDEX:R3TW,54.99,54.99,38.99,39.66,0.0
2018-07-30 13:30:00,INDEX:R3TW,40.33,40.46,34.2,34.2,0.0
2018-07-31 13:30:00,INDEX:R3TW,36.84,46.19,36.43,44.62,0.0
2018-08-01 13:30:00,INDEX:R3TW,43.05,43.45,36.33,41.47,0.0
2018-08-02 13:30:00,INDEX:R3TW,38.8,48.49,38.8,47.72,0.0
2018-08-03 13:30:00,INDEX:R3TW,50.73,50.73,42.8,44.91,0.0
2018-08-06 13:30:00,INDEX:R3TW,44.84,50.97,44.84,50.8,0.0
2018-08-07 13:30:00,INDEX:R3TW,53.54,56.29,52.51,53.24,0.0
2018-08-08 13:30:00,INDEX:R3TW,52.77,54.21,48.39,53.04,0.0
2018-08-09 13:30:00,INDEX:R3TW,54.51,59.03,54.51,55.55,0.0
2018-08-10 13:30:00,INDEX:R3TW,49.29,54.71,48.99,50.36,0.0
2018-08-13 13:30:00,INDEX:R3TW,50.26,51.9,42.6,45.12,0.0
2018-08-14 13:30:00,INDEX:R3TW,48.64,54.8,48.64,54.03,0.0
2018-08-15 13:30:00,INDEX:R3TW,43.63,43.63,43.63,43.63,0.0
2018-08-16 13:30:00,INDEX:R3TW,48.69,55.96,48.69,53.58,0.0
2018-08-17 13:30:00,INDEX:R3TW,51.0,57.83,51.0,56.69,0.0
2018-08-20 13:30:00,INDEX:R3TW,59.84,61.62,57.13,60.36,0.0
2018-08-21 13:30:00,INDEX:R3TW,64.32,70.95,64.32,68.43,0.0
2018-08-22 13:30:00,INDEX:R3TW,69.06,69.6,67.32,68.89,0.0
2018-08-23 13:30:00,INDEX:R3TW,68.85,68.85,64.19,64.84,0.0
2018-08-24 13:30:00,INDEX:R3TW,66.55,69.54,66.55,68.7,0.0
2018-08-27 13:30:00,INDEX:R3TW,72.35,76.04,70.41,70.41,0.0
2018-08-28 13:30:00,INDEX:R3TW,72.39,73.09,66.18,68.52,0.0
2018-08-29 13:30:00,INDEX:R3TW,68.38,71.61,65.4,70.66,0.0
2018-08-30 13:30:00,INDEX:R3TW,68.34,68.64,62.47,63.2,0.0
2018-08-31 13:30:00,INDEX:R3TW,59.28,66.49,59.28,66.26,0.0
2018-09-04 13:30:00,INDEX:R3TW,62.16,64.41,51.32,58.61,0.0
2018-09-05 13:30:00,INDEX:R3TW,54.17,59.01,50.85,58.34,0.0
2018-09-06 13:30:00,INDEX:R3TW,59.11,59.99,50.35,50.35,0.0
2018-09-07 13:30:00,INDEX:R3TW,44.94,49.74,43.97,46.99,0.0
2018-09-10 13:30:00,INDEX:R3TW,51.25,51.83,46.69,48.92,0.0
2018-09-11 13:30:00,INDEX:R3TW,43.85,49.79,43.51,47.42,0.0
2018-09-12 13:30:00,INDEX:R3TW,46.48,47.73,42.08,45.79,0.0
2018-09-13 13:30:00,INDEX:R3TW,47.84,48.11,44.51,45.77,0.0
2018-09-14 13:30:00,INDEX:R3TW,44.76,50.52,43.39,47.89,0.0
2018-09-17 13:30:00,INDEX:R3TW,46.72,46.72,39.75,40.37,0.0
2018-09-18 13:30:00,INDEX:R3TW,42.79,46.6,41.45,44.02,0.0
2018-09-19 13:30:00,INDEX:R3TW,45.03,47.25,39.68,40.89,0.0
2018-09-20 13:30:00,INDEX:R3TW,44.86,50.31,44.26,49.78,0.0
2018-09-21 13:30:00,INDEX:R3TW,50.05,52.67,46.41,47.07,0.0
2018-09-24 13:30:00,INDEX:R3TW,45.01,45.52,37.47,40.0,0.0
2018-09-25 13:30:00,INDEX:R3TW,41.64,44.1,41.54,41.95,0.0
2018-09-26 13:30:00,INDEX:R3TW,41.95,43.26,35.72,35.92,0.0
2018-09-27 13:30:00,INDEX:R3TW,36.73,39.89,36.36,36.46,0.0
2018-09-28 13:30:00,INDEX:R3TW,36.09,42.15,36.09,41.71,0.0
2018-10-01 13:30:00,INDEX:R3TW,44.41,44.41,32.15,33.53,0.0
2018-10-02 13:30:00,INDEX:R3TW,33.53,34.85,28.73,29.09,0.0
2018-10-03 13:30:00,INDEX:R3TW,31.7,38.2,30.41,34.81,0.0
2018-10-04 13:30:00,INDEX:R3TW,32.39,33.35,25.66,26.63,0.0
2018-10-05 13:30:00,INDEX:R3TW,27.03,28.55,19.8,22.39,0.0
2018-10-08 13:30:00,INDEX:R3TW,21.13,27.17,21.13,26.08,0.0
2018-10-09 13:30:00,INDEX:R3TW,25.02,29.4,25.02,26.15,0.0
2018-10-10 13:30:00,INDEX:R3TW,24.69,26.08,12.44,12.45,0.0
2018-10-11 13:30:00,INDEX:R3TW,11.58,12.15,6.25,6.25,0.0
2018-10-12 13:30:00,INDEX:R3TW,8.21,8.71,5.48,7.25,0.0
2018-10-15 13:30:00,INDEX:R3TW,8.08,11.94,7.35,10.04,0.0
2018-10-16 13:30:00,INDEX:R3TW,11.88,23.29,11.61,23.29,0.0
2018-10-17 13:30:00,INDEX:R3TW,22.06,22.56,16.7,21.81,0.0
2018-10-18 13:30:00,INDEX:R3TW,21.27,23.07,14.88,16.88,0.0
2018-10-19 13:30:00,INDEX:R3TW,17.94,21.51,15.68,16.05,0.0
2018-10-22 13:30:00,INDEX:R3TW,18.34,18.54,15.08,16.05,0.0
2018-10-23 13:30:00,INDEX:R3TW,12.69,17.28,9.39,14.19,0.0
2018-10-24 13:30:00,INDEX:R3TW,15.22,16.92,9.5,9.5,0.0
2018-10-25 13:30:00,INDEX:R3TW,10.17,17.4,10.17,16.3,0.0
2018-10-26 13:30:00,INDEX:R3TW,14.5,16.13,9.33,13.03,0.0
2018-10-29 13:30:00,INDEX:R3TW,23.21,24.18,13.4,17.11,0.0
2018-10-30 13:30:00,INDEX:R3TW,17.97,28.25,17.97,28.25,0.0
2018-10-31 13:30:00,INDEX:R3TW,36.15,37.42,31.95,31.95,0.0
2018-11-01 13:30:00,INDEX:R3TW,36.82,49.09,36.82,48.19,0.0
2018-11-02 13:30:00,INDEX:R3TW,55.73,55.8,45.39,50.8,0.0
2018-11-05 14:30:00,INDEX:R3TW,56.2,56.2,50.16,53.73,0.0
2018-11-06 14:30:00,INDEX:R3TW,55.27,61.37,55.27,59.75,0.0
2018-11-07 14:30:00,INDEX:R3TW,64.33,70.2,62.62,70.19,0.0
2018-11-08 14:30:00,INDEX:R3TW,67.82,70.32,66.42,68.39,0.0
2018-11-09 14:30:00,INDEX:R3TW,65.85,65.85,55.94,58.97,0.0
2018-11-12 14:30:00,INDEX:R3TW,57.74,57.74,46.66,46.66,0.0
2018-11-13 14:30:00,INDEX:R3TW,52.16,57.54,46.69,48.31,0.0
2018-11-14 14:30:00,INDEX:R3TW,55.55,56.79,38.79,42.37,0.0
2018-11-15 14:30:00,INDEX:R3TW,36.79,53.08,36.79,53.05,0.0
2018-11-16 14:30:00,INDEX:R3TW,49.21,55.49,47.51,54.17,0.0
2018-11-19 14:30:00,INDEX:R3TW,53.27,54.47,40.41,41.91,0.0
2018-11-20 14:30:00,INDEX:R3TW,35.92,37.26,28.81,29.94,0.0
2018-11-21 14:30:00,INDEX:R3TW,30.88,41.57,30.64,35.47,0.0
2018-11-23 14:30:00,INDEX:R3TW,29.36,40.7,29.36,36.48,0.0
2018-11-26 14:30:00,INDEX:R3TW,42.14,46.72,39.03,43.21,0.0
2018-11-27 14:30:00,INDEX:R3TW,38.02,40.23,34.91,35.65,0.0
2018-11-28 14:30:00,INDEX:R3TW,38.99,58.32,32.14,58.31,0.0
2018-11-29 14:30:00,INDEX:R3TW,55.3,58.51,47.03,52.74,0.0
2018-11-30 14:30:00,INDEX:R3TW,51.87,59.6,51.27,57.44,0.0
2018-12-03 14:30:00,INDEX:R3TW,68.29,68.29,55.64,65.22,0.0
2018-12-04 14:30:00,INDEX:R3TW,63.08,63.08,28.34,28.41,0.0
2018-12-05 14:30:00,INDEX:R3TW,28.41,28.41,28.41,28.41,0.0
2018-12-06 14:30:00,INDEX:R3TW,19.06,30.39,17.49,30.39,0.0
2018-12-07 14:30:00,INDEX:R3TW,31.19,34.61,18.83,20.67,0.0
2018-12-10 14:30:00,INDEX:R3TW,22.31,23.12,15.88,22.06,0.0
2018-12-11 14:30:00,INDEX:R3TW,27.23,30.34,20.22,22.58,0.0
2018-12-12 14:30:00,INDEX:R3TW,28.32,34.19,26.95,26.95,0.0
2018-12-13 14:30:00,INDEX:R3TW,28.7,29.97,21.51,22.49,0.0
2018-12-14 14:30:00,INDEX:R3TW,18.83,21.88,15.7,16.08,0.0
2018-12-17 14:30:00,INDEX:R3TW,15.17,16.35,6.98,7.01,0.0
2018-12-18 14:30:00,INDEX:R3TW,9.23,11.08,7.89,8.09,0.0
2018-12-19 14:30:00,INDEX:R3TW,8.59,12.05,5.27,5.54,0.0
2018-12-20 14:30:00,INDEX:R3TW,5.0,6.24,3.22,4.26,0.0
2018-12-21 14:30:00,INDEX:R3TW,4.29,6.31,2.82,3.29,0.0
2018-12-24 14:30:00,INDEX:R3TW,3.19,3.19,2.15,2.15,0.0
2018-12-26 14:30:00,INDEX:R3TW,2.62,7.22,2.35,6.92,0.0
2018-12-27 14:30:00,INDEX:R3TW,5.41,8.91,3.56,8.91,0.0
2018-12-28 14:30:00,INDEX:R3TW,11.06,17.85,9.61,12.23,0.0
2018-12-31 14:30:00,INDEX:R3TW,16.91,19.3,12.87,19.3,0.0
2019-01-02 14:30:00,INDEX:R3TW,13.58,28.29,13.58,28.29,0.0
2019-01-03 14:30:00,INDEX:R3TW,27.72,31.63,18.91,20.35,0.0
2019-01-04 14:30:00,INDEX:R3TW,32.45,56.58,32.45,55.91,0.0
2019-01-07 14:30:00,INDEX:R3TW,60.46,74.82,59.42,69.96,0.0
2019-01-08 14:30:00,INDEX:R3TW,78.89,81.3,72.5,81.29,0.0
2019-01-09 14:30:00,INDEX:R3TW,84.84,85.74,83.67,85.48,0.0
2019-01-10 14:30:00,INDEX:R3TW,83.43,87.62,83.13,87.25,0.0
2019-01-11 14:30:00,INDEX:R3TW,87.32,87.55,86.24,87.45,0.0
2019-01-14 14:30:00,INDEX:R3TW,85.34,86.95,84.03,84.03,0.0
2019-01-15 14:30:00,INDEX:R3TW,87.61,87.61,87.61,87.61,0.0
2019-01-16 14:30:00,INDEX:R3TW,88.17,89.38,87.67,87.94,0.0
2019-01-17 14:30:00,INDEX:R3TW,87.44,89.65,87.44,89.11,0.0
2019-01-18 14:30:00,INDEX:R3TW,90.18,91.76,89.48,90.52,0.0
2019-01-22 14:30:00,INDEX:R3TW,88.71,88.71,81.54,82.88,0.0
2019-01-23 14:30:00,INDEX:R3TW,82.85,84.42,76.82,80.37,0.0
2019-01-24 14:30:00,INDEX:R3TW,78.13,79.93,77.12,79.06,0.0
2019-01-25 14:30:00,INDEX:R3TW,80.97,83.14,80.67,81.64,0.0
2019-01-28 14:30:00,INDEX:R3TW,76.18,77.52,72.42,74.67,0.0
2019-01-29 14:30:00,INDEX:R3TW,73.83,74.3,71.22,71.22,0.0
2019-01-30 14:30:00,INDEX:R3TW,72.22,76.24,69.17,75.5,0.0
2019-01-31 14:30:00,INDEX:R3TW,73.55,77.88,73.35,76.94,0.0
2019-02-01 14:30:00,INDEX:R3TW,76.13,77.51,73.89,76.26,0.0
2019-02-04 14:30:00,INDEX:R3TW,75.1,80.81,74.47,80.78,0.0
2019-02-05 14:30:00,INDEX:R3TW,81.59,82.8,78.09,80.64,0.0
2019-02-06 14:30:00,INDEX:R3TW,79.46,79.46,76.47,77.58,0.0
2019-02-07 14:30:00,INDEX:R3TW,73.68,74.42,64.51,68.88,0.0
2019-02-08 14:30:00,INDEX:R3TW,65.25,66.59,61.65,66.56,0.0
2019-02-11 14:30:00,INDEX:R3TW,67.37,71.16,66.7,70.65,0.0
2019-02-12 14:30:00,INDEX:R3TW,74.99,78.25,74.92,78.25,0.0
2019-02-13 14:30:00,INDEX:R3TW,79.22,80.53,76.8,79.32,0.0
2019-02-14 14:30:00,INDEX:R3TW,75.31,79.85,75.01,76.86,0.0
2019-02-15 14:30:00,INDEX:R3TW,80.19,85.44,80.19,84.56,0.0
2019-02-19 14:30:00,INDEX:R3TW,83.54,86.5,83.54,85.43,0.0
2019-02-20 14:30:00,INDEX:R3TW,85.02,85.32,83.71,83.77,0.0
2019-02-21 14:30:00,INDEX:R3TW,80.8,81.51,77.47,79.75,0.0
2019-02-22 14:30:00,INDEX:R3TW,79.69,81.81,79.69,81.81,0.0
2019-02-25 14:30:00,INDEX:R3TW,83.79,83.96,79.38,79.44,0.0
2019-02-26 14:30:00,INDEX:R3TW,78.02,78.19,74.14,74.14,0.0
2019-02-27 14:30:00,INDEX:R3TW,70.94,72.63,69.02,71.38,0.0
2019-02-28 14:30:00,INDEX:R3TW,67.77,69.86,66.16,66.83,0.0
2019-03-01 14:30:00,INDEX:R3TW,69.83,70.1,63.8,70.06,0.0
2019-03-04 14:30:00,INDEX:R3TW,70.22,70.22,56.54,62.86,0.0
2019-03-05 14:30:00,INDEX:R3TW,61.07,61.07,56.51,57.59,0.0
2019-03-06 14:30:00,INDEX:R3TW,56.17,56.17,37.83,37.83,0.0
2019-03-07 14:30:00,INDEX:R3TW,34.32,35.16,28.47,29.12,0.0
2019-03-08 14:30:00,INDEX:R3TW,23.64,27.46,23.54,27.06,0.0
2019-03-11 13:30:00,INDEX:R3TW,28.2,41.68,28.2,41.68,0.0
2019-03-12 13:30:00,INDEX:R3TW,41.75,44.65,40.12,40.71,0.0
2019-03-13 13:30:00,INDEX:R3TW,43.01,49.5,43.01,44.84,0.0
2019-03-14 13:30:00,INDEX:R3TW,43.89,44.36,41.19,42.72,0.0
2019-03-15 13:30:00,INDEX:R3TW,45.36,49.69,42.62,43.99,0.0
2019-03-18 13:30:00,INDEX:R3TW,45.95,53.6,45.0,51.4,0.0
2019-03-19 13:30:00,INDEX:R3TW,55.09,55.09,43.35,45.78,0.0
2019-03-20 13:30:00,INDEX:R3TW,44.36,48.56,36.17,40.03,0.0
2019-03-21 13:30:00,INDEX:R3TW,39.49,54.34,39.49,51.57,0.0
2019-03-22 13:30:00,INDEX:R3TW,47.81,47.81,29.3,29.3,0.0
2019-03-25 13:30:00,INDEX:R3TW,27.64,33.46,24.5,31.71,0.0
2019-03-26 13:30:00,INDEX:R3TW,38.45,43.8,34.93,40.38,0.0
2019-03-27 13:30:00,INDEX:R3TW,42.14,42.14,30.19,38.11,0.0
2019-03-28 13:30:00,INDEX:R3TW,39.91,44.78,36.25,44.38,0.0
2019-03-29 13:30:00,INDEX:R3TW,51.04,52.53,46.1,49.62,0.0
2019-04-01 13:30:00,INDEX:R3TW,58.22,63.25,56.77,63.25,0.0
2019-04-02 13:30:00,INDEX:R3TW,62.23,62.95,56.22,61.08,0.0
2019-04-03 13:30:00,INDEX:R3TW,66.42,69.39,62.24,63.87,0.0
2019-04-04 13:30:00,INDEX:R3TW,64.41,68.6,63.94,68.59,0.0
2019-04-05 13:30:00,INDEX:R3TW,69.78,76.36,69.78,76.32,0.0
2019-04-08 13:30:00,INDEX:R3TW,73.94,74.21,70.57,73.18,0.0
2019-04-09 13:30:00,INDEX:R3TW,69.71,70.08,60.23,60.27,0.0
2019-04-10 13:30:00,INDEX:R3TW,64.77,72.77,64.42,72.77,0.0
2019-04-11 13:30:00,INDEX:R3TW,73.08,73.66,69.09,70.15,0.0
2019-04-12 13:30:00,INDEX:R3TW,73.01,73.11,69.5,71.06,0.0
2019-04-15 13:30:00,INDEX:R3TW,72.11,72.11,67.0,68.54,0.0
2019-04-16 13:30:00,INDEX:R3TW,70.58,70.58,65.13,65.64,0.0
2019-04-17 13:30:00,INDEX:R3TW,66.25,66.25,59.16,60.15,0.0
2019-04-18 13:30:00,INDEX:R3TW,58.72,60.97,56.81,59.03,0.0
2019-04-22 13:30:00,INDEX:R3TW,56.1,56.1,50.81,52.47,0.0
2019-04-23 13:30:00,INDEX:R3TW,53.39,63.59,53.12,63.45,0.0
2019-04-24 13:30:00,INDEX:R3TW,62.77,66.18,61.75,63.42,0.0
2019-04-25 13:30:00,INDEX:R3TW,55.78,57.01,48.68,54.06,0.0
2019-04-26 13:30:00,INDEX:R3TW,52.45,61.48,51.29,61.48,0.0
2019-04-29 13:30:00,INDEX:R3TW,61.31,65.14,61.31,62.37,0.0
2019-04-30 13:30:00,INDEX:R3TW,62.3,62.3,53.67,59.81,0.0
2019-05-01 13:30:00,INDEX:R3TW,60.53,60.53,50.69,50.69,0.0
2019-05-02 13:30:00,INDEX:R3TW,49.94,54.25,44.47,51.39,0.0
2019-05-03 13:30:00,INDEX:R3TW,56.24,66.06,56.24,66.06,0.0
2019-05-06 13:30:00,INDEX:R3TW,53.85,66.23,53.85,64.49,0.0
2019-05-07 13:30:00,INDEX:R3TW,57.4,57.77,41.33,45.71,0.0
2019-05-08 13:30:00,INDEX:R3TW,42.95,47.76,41.41,41.41,0.0
2019-05-09 13:30:00,INDEX:R3TW,35.55,42.51,31.28,41.28,0.0
2019-05-10 13:30:00,INDEX:R3TW,38.04,46.33,32.03,45.64,0.0
2019-05-13 13:30:00,INDEX:R3TW,31.52,32.17,24.94,25.89,0.0
2019-05-14 13:30:00,INDEX:R3TW,27.9,36.26,27.9,33.41,0.0
2019-05-15 13:30:00,INDEX:R3TW,28.66,37.09,28.66,36.79,0.0
2019-05-16 13:30:00,INDEX:R3TW,38.32,45.59,38.32,41.84,0.0
2019-05-17 13:30:00,INDEX:R3TW,35.46,41.19,33.07,33.07,0.0
2019-05-20 13:30:00,INDEX:R3TW,28.15,31.84,27.5,28.91,0.0
2019-05-21 13:30:00,INDEX:R3TW,33.15,38.75,33.15,38.29,0.0
2019-05-22 13:30:00,INDEX:R3TW,35.0,35.76,31.14,32.95,0.0
2019-05-23 13:30:00,INDEX:R3TW,26.08,26.08,20.17,22.8,0.0
2019-05-24 13:30:00,INDEX:R3TW,27.11,28.03,24.13,27.66,0.0
2019-05-28 13:30:00,INDEX:R3TW,29.18,30.75,22.54,22.57,0.0
2019-05-29 13:30:00,INDEX:R3TW,18.61,19.02,14.6,16.55,0.0
2019-05-30 13:30:00,INDEX:R3TW,18.3,21.34,15.39,18.16,0.0
2019-05-31 13:30:00,INDEX:R3TW,13.03,15.83,12.28,14.82,0.0
2019-06-03 13:30:00,INDEX:R3TW,17.04,17.97,13.39,17.5,0.0
2019-06-04 13:30:00,INDEX:R3TW,24.37,36.27,23.35,36.23,0.0
2019-06-05 13:30:00,INDEX:R3TW,40.37,40.41,32.64,39.07,0.0
2019-06-06 13:30:00,INDEX:R3TW,40.13,41.29,33.91,39.58,0.0
2019-06-07 13:30:00,INDEX:R3TW,43.89,49.12,43.89,46.63,0.0
2019-06-10 13:30:00,INDEX:R3TW,52.78,58.59,52.78,53.96,0.0
2019-06-11 13:30:00,INDEX:R3TW,59.67,61.45,50.2,52.9,0.0
2019-06-12 13:30:00,INDEX:R3TW,52.42,54.44,49.14,52.56,0.0
2019-06-13 13:30:00,INDEX:R3TW,57.42,63.2,57.42,63.03,0.0
2019-06-14 13:30:00,INDEX:R3TW,61.55,61.55,57.96,57.98,0.0
2019-06-17 13:30:00,INDEX:R3TW,59.01,63.8,58.6,59.97,0.0
2019-06-18 13:30:00,INDEX:R3TW,66.62,75.86,66.62,70.89,0.0
2019-06-19 13:30:00,INDEX:R3TW,72.32,74.1,71.19,73.1,0.0
2019-06-20 13:30:00,INDEX:R3TW,78.69,78.69,73.55,76.25,0.0
2019-06-21 13:30:00,INDEX:R3TW,72.28,74.03,68.92,70.0,0.0
2019-06-24 13:30:00,INDEX:R3TW,69.79,70.2,58.51,58.51,0.0
2019-06-25 13:30:00,INDEX:R3TW,59.03,60.74,53.92,54.67,0.0
2019-06-26 13:30:00,INDEX:R3TW,57.86,59.37,49.22,49.22,0.0
2019-06-27 13:30:00,INDEX:R3TW,51.93,63.59,51.93,63.59,0.0
2019-06-28 13:30:00,INDEX:R3TW,65.51,72.54,65.51,72.09,0.0
2019-07-01 13:30:00,INDEX:R3TW,79.05,79.05,70.92,73.6,0.0
2019-07-02 13:30:00,INDEX:R3TW,72.09,73.91,67.08,71.0,0.0
2019-07-03 13:30:00,INDEX:R3TW,72.75,76.01,72.75,75.98,0.0
2019-07-05 13:30:00,INDEX:R3TW,70.9,77.73,67.26,77.7,0.0
2019-07-08 13:30:00,INDEX:R3TW,73.72,75.47,67.02,68.63,0.0
2019-07-09 13:30:00,INDEX:R3TW,63.62,67.46,61.38,67.46,0.0
2019-07-10 13:30:00,INDEX:R3TW,72.03,72.03,63.17,65.01,0.0
2019-07-11 13:30:00,INDEX:R3TW,64.46,64.91,55.67,59.48,0.0
2019-07-12 13:30:00,INDEX:R3TW,61.51,70.54,61.51,68.04,0.0
2019-07-15 13:30:00,INDEX:R3TW,68.41,68.41,58.96,61.23,0.0
2019-07-16 13:30:00,INDEX:R3TW,57.9,64.15,57.9,60.2,0.0
2019-07-17 13:30:00,INDEX:R3TW,58.79,58.79,49.46,49.5,0.0
2019-07-18 13:30:00,INDEX:R3TW,46.95,53.55,46.02,52.18,0.0
2019-07-19 13:30:00,INDEX:R3TW,52.69,55.48,45.65,45.65,0.0
2019-07-22 13:30:00,INDEX:R3TW,46.4,48.43,42.11,42.77,0.0
2019-07-23 13:30:00,INDEX:R3TW,45.39,51.13,43.53,50.8,0.0
2019-07-24 13:30:00,INDEX:R3TW,47.19,62.84,47.19,62.02,0.0
2019-07-25 13:30:00,INDEX:R3TW,58.89,58.89,50.7,51.16,0.0
2019-07-26 13:30:00,INDEX:R3TW,52.68,60.08,52.68,59.27,0.0
2019-07-29 13:30:00,INDEX:R3TW,59.65,59.65,54.62,55.93,0.0
2019-07-30 13:30:00,INDEX:R3TW,48.4,62.17,48.4,61.84,0.0
2019-07-31 13:30:00,INDEX:R3TW,62.88,65.72,49.54,51.56,0.0
2019-08-01 13:30:00,INDEX:R3TW,52.08,57.84,36.31,36.91,0.0
2019-08-02 13:30:00,INDEX:R3TW,33.61,33.61,26.41,30.42,0.0
2019-08-05 13:30:00,INDEX:R3TW,20.72,20.72,12.79,15.44,0.0
2019-08-06 13:30:00,INDEX:R3TW,19.44,21.56,16.03,21.56,0.0
2019-08-07 13:30:00,INDEX:R3TW,19.02,26.22,17.18,25.22,0.0
2019-08-08 13:30:00,INDEX:R3TW,29.5,40.64,29.5,39.88,0.0
2019-08-09 13:30:00,INDEX:R3TW,37.45,38.7,33.27,34.33,0.0
2019-08-12 13:30:00,INDEX:R3TW,31.92,32.62,28.06,29.9,0.0
2019-08-13 13:30:00,INDEX:R3TW,28.16,39.63,28.16,36.56,0.0
2019-08-14 13:30:00,INDEX:R3TW,26.76,26.76,20.18,20.66,0.0
2019-08-15 13:30:00,INDEX:R3TW,21.85,23.84,20.63,22.16,0.0
2019-08-16 13:30:00,INDEX:R3TW,25.51,32.97,25.51,32.58,0.0
2019-08-19 13:30:00,INDEX:R3TW,40.92,42.59,39.59,40.36,0.0
2019-08-20 13:30:00,INDEX:R3TW,37.5,39.7,34.54,34.58,0.0
2019-08-21 13:30:00,INDEX:R3TW,40.72,43.23,40.34,42.46,0.0
2019-08-22 13:30:00,INDEX:R3TW,46.47,46.82,38.0,40.96,0.0
2019-08-23 13:30:00,INDEX:R3TW,38.0,40.79,20.5,21.33,0.0
2019-08-26 13:30:00,INDEX:R3TW,27.82,30.4,24.33,30.33,0.0
2019-08-27 13:30:00,INDEX:R3TW,36.01,36.01,24.33,24.89,0.0
2019-08-28 13:30:00,INDEX:R3TW,23.32,35.63,23.32,34.17,0.0
2019-08-29 13:30:00,INDEX:R3TW,47.62,53.94,47.45,51.22,0.0
2019-08-30 13:30:00,INDEX:R3TW,58.96,58.96,49.82,53.98,0.0
2019-09-03 13:30:00,INDEX:R3TW,44.33,48.06,35.31,38.11,0.0
2019-09-04 13:30:00,INDEX:R3TW,49.17,51.31,47.99,51.12,0.0
2019-09-05 13:30:00,INDEX:R3TW,64.22,74.24,64.22,69.64,0.0
2019-09-06 13:30:00,INDEX:R3TW,72.78,73.58,67.7,67.7,0.0
2019-09-09 13:30:00,INDEX:R3TW,70.4,74.1,69.01,74.06,0.0
2019-09-10 13:30:00,INDEX:R3TW,72.13,76.76,70.85,76.76,0.0
2019-09-11 13:30:00,INDEX:R3TW,76.45,82.46,76.45,82.46,0.0
2019-09-12 13:30:00,INDEX:R3TW,83.54,83.54,81.95,82.22,0.0
2019-09-13 13:30:00,INDEX:R3TW,82.08,83.53,80.62,80.66,0.0
2019-09-16 13:30:00,INDEX:R3TW,79.14,81.73,79.14,81.21,0.0
2019-09-17 13:30:00,INDEX:R3TW,81.39,83.05,81.18,82.6,0.0
2019-09-18 13:30:00,INDEX:R3TW,81.84,81.84,75.75,80.42,0.0
2019-09-19 13:30:00,INDEX:R3TW,81.04,83.46,78.24,78.42,0.0
2019-09-20 13:30:00,INDEX:R3TW,79.46,80.12,75.03,75.5,0.0
2019-09-23 13:30:00,INDEX:R3TW,71.27,75.36,70.68,73.41,0.0
2019-09-24 13:30:00,INDEX:R3TW,73.37,75.04,55.84,57.55,0.0
2019-09-25 13:30:00,INDEX:R3TW,55.89,65.25,52.6,64.34,0.0
2019-09-26 13:30:00,INDEX:R3TW,60.9,60.9,50.78,52.53,0.0
2019-09-27 13:30:00,INDEX:R3TW,53.22,54.85,40.94,44.91,0.0
2019-09-30 13:30:00,INDEX:R3TW,44.84,49.53,42.68,44.39,0.0
2019-10-01 13:30:00,INDEX:R3TW,48.55,51.37,22.52,22.52,0.0
2019-10-02 13:30:00,INDEX:R3TW,16.82,16.82,11.26,14.52,0.0
2019-10-03 13:30:00,INDEX:R3TW,13.62,17.04,10.02,16.87,0.0
2019-10-04 13:30:00,INDEX:R3TW,18.91,25.31,17.15,25.25,0.0
2019-10-07 13:30:00,INDEX:R3TW,22.03,27.91,20.47,23.21,0.0
2019-10-08 13:30:00,INDEX:R3TW,17.64,19.51,13.84,14.36,0.0
2019-10-09 13:30:00,INDEX:R3TW,18.79,21.59,17.09,19.66,0.0
2019-10-10 13:30:00,INDEX:R3TW,20.07,26.02,20.07,23.09,0.0
2019-10-11 13:30:00,INDEX:R3TW,38.12,53.22,38.12,41.21,0.0
2019-10-14 13:30:00,INDEX:R3TW,39.1,39.9,34.39,38.46,0.0
2019-10-15 13:30:00,INDEX:R3TW,42.75,57.58,42.75,53.74,0.0
2019-10-16 13:30:00,INDEX:R3TW,53.39,58.17,51.8,54.52,0.0
2019-10-17 13:30:00,INDEX:R3TW,61.03,66.37,61.03,65.33,0.0
2019-10-18 13:30:00,INDEX:R3TW,63.08,65.44,57.36,62.82,0.0
2019-10-21 13:30:00,INDEX:R3TW,70.87,74.09,70.04,72.38,0.0
2019-10-22 13:30:00,INDEX:R3TW,74.08,74.64,70.16,70.27,0.0
2019-10-23 13:30:00,INDEX:R3TW,69.82,73.67,69.82,72.49,0.0
2019-10-24 13:30:00,INDEX:R3TW,74.33,74.33,67.53,69.67,0.0
2019-10-25 13:30:00,INDEX:R3TW,69.32,74.08,69.15,72.44,0.0
2019-10-28 13:30:00,INDEX:R3TW,76.05,78.79,76.05,76.46,0.0
2019-10-29 13:30:00,INDEX:R3TW,74.86,78.09,74.86,75.58,0.0
2019-10-30 13:30:00,INDEX:R3TW,74.12,74.12,70.12,74.03,0.0
2019-10-31 13:30:00,INDEX:R3TW,70.17,70.17,62.14,66.2,0.0
2019-11-01 13:30:00,INDEX:R3TW,69.85,75.96,69.85,75.58,0.0
2019-11-04 14:30:00,INDEX:R3TW,78.24,78.24,75.09,75.8,0.0
2019-11-05 14:30:00,INDEX:R3TW,75.04,75.45,73.2,73.43,0.0
2019-11-06 14:30:00,INDEX:R3TW,69.51,70.37,67.84,68.15,0.0
2019-11-07 14:30:00,INDEX:R3TW,70.55,71.07,66.94,68.05,0.0
2019-11-08 14:30:00,INDEX:R3TW,65.9,67.56,65.0,67.01,0.0
2019-11-11 14:30:00,INDEX:R3TW,63.68,65.59,63.57,65.19,0.0
2019-11-12 14:30:00,INDEX:R3TW,64.33,67.62,63.04,63.34,0.0
2019-11-13 14:30:00,INDEX:R3TW,57.79,61.19,57.2,59.31,0.0
2019-11-14 14:30:00,INDEX:R3TW,58.1,61.43,58.1,58.88,0.0
2019-11-15 14:30:00,INDEX:R3TW,62.63,62.95,58.57,61.25,0.0
2019-11-18 14:30:00,INDEX:R3TW,56.21,57.11,54.75,56.52,0.0
2019-11-19 14:30:00,INDEX:R3TW,57.81,61.18,54.82,58.49,0.0
2019-11-20 14:30:00,INDEX:R3TW,55.26,60.02,49.04,52.67,0.0
2019-11-21 14:30:00,INDEX:R3TW,51.04,51.04,44.57,45.96,0.0
2019-11-22 14:30:00,INDEX:R3TW,48.12,49.65,44.3,48.26,0.0
2019-11-25 14:30:00,INDEX:R3TW,52.73,66.08,52.73,64.48,0.0
2019-11-26 14:30:00,INDEX:R3TW,62.57,67.96,62.53,64.19,0.0
2019-11-27 14:30:00,INDEX:R3TW,66.63,69.51,66.04,68.89,0.0
2019-11-29 14:30:00,INDEX:R3TW,62.49,67.01,61.2,61.2,0.0
2019-12-02 14:30:00,INDEX:R3TW,60.75,60.75,47.18,47.36,0.0
2019-12-03 14:30:00,INDEX:R3TW,37.38,41.26,36.1,40.56,0.0
2019-12-04 14:30:00,INDEX:R3TW,48.99,54.5,48.87,48.87,0.0
2019-12-05 14:30:00,INDEX:R3TW,53.62,53.62,48.94,52.08,0.0
2019-12-06 14:30:00,INDEX:R3TW,66.93,69.04,65.68,65.71,0.0
2019-12-09 14:30:00,INDEX:R3TW,63.84,66.09,60.99,61.01,0.0
2019-12-10 14:30:00,INDEX:R3TW,58.75,62.61,58.16,61.17,0.0
2019-12-11 14:30:00,INDEX:R3TW,62.0,62.14,58.49,61.64,0.0
2019-12-12 14:30:00,INDEX:R3TW,67.21,72.35,65.19,67.86,0.0
2019-12-13 14:30:00,INDEX:R3TW,68.38,68.93,60.69,64.1,0.0
2019-12-16 14:30:00,INDEX:R3TW,70.5,72.52,68.59,68.59,0.0
2019-12-17 14:30:00,INDEX:R3TW,69.11,69.77,68.03,69.28,0.0
2019-12-18 14:30:00,INDEX:R3TW,70.53,70.78,68.13,69.66,0.0
2019-12-19 14:30:00,INDEX:R3TW,68.97,72.06,68.69,71.46,0.0
2019-12-20 14:30:00,INDEX:R3TW,73.41,73.79,71.92,72.89,0.0
2019-12-23 14:30:00,INDEX:R3TW,69.72,72.02,69.48,70.72,0.0
2019-12-24 14:30:00,INDEX:R3TW,71.14,73.3,71.14,73.25,0.0
2019-12-26 14:30:00,INDEX:R3TW,74.09,74.89,70.61,72.56,0.0
2019-12-27 14:30:00,INDEX:R3TW,72.49,72.49,67.79,68.16,0.0
2019-12-30 14:30:00,INDEX:R3TW,63.14,68.05,61.58,63.98,0.0
2019-12-31 14:30:00,INDEX:R3TW,64.71,69.13,64.71,67.35,0.0
2020-01-02 14:30:00,INDEX:R3TW,69.89,69.89,54.49,63.8,0.0
2020-01-03 14:30:00,INDEX:R3TW,50.48,58.22,50.2,56.01,0.0
2020-01-06 14:30:00,INDEX:R3TW,56.19,56.19,43.21,54.93,0.0
2020-01-07 14:30:00,INDEX:R3TW,48.77,52.37,47.45,48.7,0.0
2020-01-08 14:30:00,INDEX:R3TW,50.57,54.0,47.62,50.0,0.0
2020-01-09 14:30:00,INDEX:R3TW,50.13,53.53,49.61,50.06,0.0
2020-01-10 14:30:00,INDEX:R3TW,46.6,50.48,44.1,45.09,0.0
2020-01-13 14:30:00,INDEX:R3TW,44.33,51.97,44.33,51.97,0.0
2020-01-14 14:30:00,INDEX:R3TW,49.37,57.66,48.95,53.08,0.0
2020-01-15 14:30:00,INDEX:R3TW,57.17,58.52,51.35,55.13,0.0
2020-01-16 14:30:00,INDEX:R3TW,63.93,67.57,63.93,66.59,0.0
2020-01-17 14:30:00,INDEX:R3TW,68.36,68.36,62.53,62.83,0.0
2020-01-21 14:30:00,INDEX:R3TW,57.89,58.34,54.25,54.63,0.0
2020-01-22 14:30:00,INDEX:R3TW,58.31,58.31,53.14,53.87,0.0
2020-01-23 14:30:00,INDEX:R3TW,46.58,55.53,46.58,54.2,0.0
2020-01-24 14:30:00,INDEX:R3TW,53.57,53.57,40.79,43.88,0.0
2020-01-27 14:30:00,INDEX:R3TW,33.19,38.05,33.19,35.02,0.0
2020-01-28 14:30:00,INDEX:R3TW,35.02,42.59,35.02,40.89,0.0
2020-01-29 14:30:00,INDEX:R3TW,43.53,43.53,37.73,37.73,0.0
2020-01-30 14:30:00,INDEX:R3TW,34.85,37.66,30.57,37.64,0.0
2020-01-31 14:30:00,INDEX:R3TW,33.22,33.22,23.98,24.16,0.0
2020-02-03 14:30:00,INDEX:R3TW,30.99,33.87,29.57,31.33,0.0
2020-02-04 14:30:00,INDEX:R3TW,42.16,44.07,39.84,40.73,0.0
2020-02-05 14:30:00,INDEX:R3TW,49.32,55.19,47.23,54.93,0.0
2020-02-06 14:30:00,INDEX:R3TW,54.83,57.02,50.55,50.55,0.0
2020-02-07 14:30:00,INDEX:R3TW,44.64,45.41,40.19,41.32,0.0
2020-02-10 14:30:00,INDEX:R3TW,41.0,45.56,40.52,45.54,0.0
2020-02-11 14:30:00,INDEX:R3TW,52.05,55.39,50.73,51.53,0.0
2020-02-12 14:30:00,INDEX:R3TW,58.18,58.18,54.83,57.12,0.0
2020-02-13 14:30:00,INDEX:R3TW,56.42,59.24,52.83,58.48,0.0
2020-02-14 14:30:00,INDEX:R3TW,58.96,59.24,54.19,56.14,0.0
2020-02-18 14:30:00,INDEX:R3TW,56.42,57.43,48.86,52.5,0.0
2020-02-19 14:30:00,INDEX:R3TW,58.85,58.85,56.02,56.27,0.0
2020-02-20 14:30:00,INDEX:R3TW,56.93,60.66,51.67,59.26,0.0
2020-02-21 14:30:00,INDEX:R3TW,52.33,54.21,49.23,52.16,0.0
2020-02-24 14:30:00,INDEX:R3TW,29.65,31.35,25.71,28.12,0.0
2020-02-25 14:30:00,INDEX:R3TW,26.17,26.17,11.85,12.58,0.0
2020-02-26 14:30:00,INDEX:R3TW,15.82,17.25,10.49,10.8,0.0
2020-02-27 14:30:00,INDEX:R3TW,6.65,10.9,5.26,5.26,0.0
2020-02-28 14:30:00,INDEX:R3TW,3.86,5.61,3.55,5.6,0.0
2020-03-02 14:30:00,INDEX:R3TW,4.94,9.5,4.52,9.5,0.0
2020-03-03 14:30:00,INDEX:R3TW,7.97,12.39,5.91,7.0,0.0
2020-03-04 14:30:00,INDEX:R3TW,9.82,16.82,9.23,16.78,0.0
2020-03-05 14:30:00,INDEX:R3TW,11.21,13.75,9.12,11.11,0.0
2020-03-06 14:30:00,INDEX:R3TW,7.03,8.7,5.36,8.6,0.0
2020-03-09 13:30:00,INDEX:R3TW,3.55,4.73,3.13,3.37,0.0
2020-03-10 13:30:00,INDEX:R3TW,4.35,5.26,2.57,4.94,0.0
2020-03-11 13:30:00,INDEX:R3TW,3.41,3.55,1.91,2.37,0.0
2020-03-12 13:30:00,INDEX:R3TW,0.87,1.77,0.87,1.15,0.0
2020-03-13 13:30:00,INDEX:R3TW,1.35,3.1,0.97,3.06,0.0
2020-03-16 13:30:00,INDEX:R3TW,2.12,2.37,1.42,1.42,0.0
2020-03-17 13:30:00,INDEX:R3TW,1.42,5.78,1.42,5.75,0.0
2020-03-18 13:30:00,INDEX:R3TW,3.8,4.84,2.85,3.59,0.0
2020-03-19 13:30:00,INDEX:R3TW,3.27,5.09,3.27,4.88,0.0
2020-03-20 13:30:00,INDEX:R3TW,4.84,5.89,2.92,3.62,0.0
2020-03-23 13:30:00,INDEX:R3TW,3.34,3.97,2.16,3.48,0.0
2020-03-24 13:30:00,INDEX:R3TW,6.83,9.76,4.98,9.76,0.0
2020-03-25 13:30:00,INDEX:R3TW,13.29,17.13,8.79,10.99,0.0
2020-03-26 13:30:00,INDEX:R3TW,16.78,28.06,15.67,28.06,0.0
2020-03-27 13:30:00,INDEX:R3TW,16.68,24.11,16.4,16.99,0.0
2020-03-30 13:30:00,INDEX:R3TW,19.82,32.49,19.82,32.47,0.0
2020-03-31 13:30:00,INDEX:R3TW,34.46,38.4,27.3,33.98,0.0
2020-04-01 13:30:00,INDEX:R3TW,23.75,25.7,15.5,17.31,0.0
2020-04-02 13:30:00,INDEX:R3TW,21.94,29.45,18.74,27.54,0.0
2020-04-03 13:30:00,INDEX:R3TW,32.17,32.17,20.71,23.92,0.0
2020-04-06 13:30:00,INDEX:R3TW,44.58,57.0,44.58,56.95,0.0
2020-04-07 13:30:00,INDEX:R3TW,56.98,79.95,56.98,64.58,0.0
2020-04-08 13:30:00,INDEX:R3TW,74.27,83.79,73.05,83.3,0.0
2020-04-09 13:30:00,INDEX:R3TW,90.62,93.02,90.03,92.6,0.0
2020-04-13 13:30:00,INDEX:R3TW,91.52,92.36,88.45,89.85,0.0
2020-04-14 13:30:00,INDEX:R3TW,93.47,93.93,89.85,91.03,0.0
2020-04-15 13:30:00,INDEX:R3TW,80.54,80.54,74.26,76.32,0.0
2020-04-16 13:30:00,INDEX:R3TW,72.59,72.59,59.41,65.55,0.0
2020-04-17 13:30:00,INDEX:R3TW,80.26,84.65,79.11,84.17,0.0
2020-04-20 13:30:00,INDEX:R3TW,74.58,81.58,69.76,72.58,0.0
2020-04-21 13:30:00,INDEX:R3TW,54.55,60.48,51.34,56.14,0.0
2020-04-22 13:30:00,INDEX:R3TW,64.89,64.89,58.65,60.53,0.0
2020-04-23 13:30:00,INDEX:R3TW,65.49,73.41,64.37,64.96,0.0
2020-04-24 13:30:00,INDEX:R3TW,68.8,74.11,63.25,72.11,0.0
2020-04-27 13:30:00,INDEX:R3TW,77.69,89.7,77.69,88.83,0.0
2020-04-28 13:30:00,INDEX:R3TW,93.08,93.75,90.47,92.45,0.0
2020-04-29 13:30:00,INDEX:R3TW,94.48,96.54,94.48,95.63,0.0
2020-04-30 13:30:00,INDEX:R3TW,90.77,92.0,87.77,87.77,0.0
2020-05-01 13:30:00,INDEX:R3TW,75.86,75.86,64.75,71.0,0.0
2020-05-04 13:30:00,INDEX:R3TW,57.86,66.58,57.2,66.58,0.0
2020-05-05 13:30:00,INDEX:R3TW,74.33,77.83,62.68,62.68,0.0
2020-05-06 13:30:00,INDEX:R3TW,62.68,62.68,51.59,51.59,0.0
2020-05-07 13:30:00,INDEX:R3TW,61.98,64.66,56.94,59.52,0.0
2020-05-08 13:30:00,INDEX:R3TW,59.52,78.14,59.52,78.13,0.0
2020-05-11 13:30:00,INDEX:R3TW,70.07,72.78,64.37,67.6,0.0
2020-05-12 13:30:00,INDEX:R3TW,67.63,67.63,47.6,47.6,0.0
2020-05-13 13:30:00,INDEX:R3TW,39.81,41.51,27.5,30.94,0.0
2020-05-14 13:30:00,INDEX:R3TW,20.51,32.75,18.11,32.75,0.0
2020-05-15 13:30:00,INDEX:R3TW,30.73,38.8,30.73,37.3,0.0
2020-05-18 13:30:00,INDEX:R3TW,62.41,72.0,61.05,70.93,0.0
2020-05-19 13:30:00,INDEX:R3TW,63.24,68.6,55.14,55.18,0.0
2020-05-20 13:30:00,INDEX:R3TW,66.49,72.89,66.1,71.08,0.0
2020-05-21 13:30:00,INDEX:R3TW,71.6,72.44,64.5,67.91,0.0
2020-05-22 13:30:00,INDEX:R3TW,65.51,68.02,60.12,67.98,0.0
2020-05-26 13:30:00,INDEX:R3TW,85.87,86.84,83.85,83.95,0.0
2020-05-27 13:30:00,INDEX:R3TW,86.53,89.8,80.79,89.76,0.0
2020-05-28 13:30:00,INDEX:R3TW,91.19,92.06,86.84,87.01,0.0
2020-05-29 13:30:00,INDEX:R3TW,84.37,85.31,79.91,84.78,0.0
2020-06-01 13:30:00,INDEX:R3TW,85.69,88.86,85.69,86.16,0.0
2020-06-02 13:30:00,INDEX:R3TW,87.69,88.21,85.43,87.41,0.0
2020-06-03 13:30:00,INDEX:R3TW,89.7,90.5,89.18,89.24,0.0
2020-06-04 13:30:00,INDEX:R3TW,88.47,89.45,85.69,86.87,0.0
2020-06-05 13:30:00,INDEX:R3TW,89.93,90.66,89.17,89.51,0.0
2020-06-08 13:30:00,INDEX:R3TW,89.79,92.68,89.79,92.33,0.0
2020-06-09 13:30:00,INDEX:R3TW,91.78,92.65,90.77,90.87,0.0
2020-06-10 13:30:00,INDEX:R3TW,90.83,91.18,87.84,87.84,0.0
2020-06-11 13:30:00,INDEX:R3TW,61.44,64.61,31.87,31.97,0.0
2020-06-12 13:30:00,INDEX:R3TW,59.35,59.35,27.72,45.31,0.0
2020-06-15 13:30:00,INDEX:R3TW,23.03,54.96,23.03,53.81,0.0
2020-06-16 13:30:00,INDEX:R3TW,78.18,79.99,59.49,69.65,0.0
2020-06-17 13:30:00,INDEX:R3TW,64.1,64.1,49.14,49.21,0.0
2020-06-18 13:30:00,INDEX:R3TW,42.69,50.57,42.69,44.99,0.0
2020-06-19 13:30:00,INDEX:R3TW,49.84,51.2,33.97,38.4,0.0
2020-06-22 13:30:00,INDEX:R3TW,28.25,38.12,28.25,37.9,0.0
2020-06-23 13:30:00,INDEX:R3TW,45.23,45.23,38.14,38.14,0.0
2020-06-24 13:30:00,INDEX:R3TW,29.96,29.96,17.04,20.32,0.0
2020-06-25 13:30:00,INDEX:R3TW,17.07,26.65,17.07,26.65,0.0
2020-06-26 13:30:00,INDEX:R3TW,22.43,22.43,16.91,18.9,0.0
2020-06-29 13:30:00,INDEX:R3TW,17.78,29.35,17.78,28.05,0.0
2020-06-30 13:30:00,INDEX:R3TW,28.3,40.77,27.0,39.28,0.0
2020-07-01 13:30:00,INDEX:R3TW,44.11,44.11,31.35,34.47,0.0
2020-07-02 13:30:00,INDEX:R3TW,49.3,52.73,36.44,37.58,0.0
2020-07-06 13:30:00,INDEX:R3TW,55.34,55.84,44.94,47.44,0.0
2020-07-07 13:30:00,INDEX:R3TW,41.53,45.72,34.66,34.98,0.0
2020-07-08 13:30:00,INDEX:R3TW,38.41,42.1,32.4,39.49,0.0
2020-07-09 13:30:00,INDEX:R3TW,36.77,37.41,27.38,31.79,0.0
2020-07-10 13:30:00,INDEX:R3TW,31.79,39.81,30.25,39.77,0.0
2020-07-13 13:30:00,INDEX:R3TW,42.89,52.55,32.86,32.87,0.0
2020-07-14 13:30:00,INDEX:R3TW,34.74,46.63,30.33,46.59,0.0
2020-07-15 13:30:00,INDEX:R3TW,65.36,75.21,64.14,72.74,0.0
2020-07-16 13:30:00,INDEX:R3TW,64.82,71.13,64.0,67.44,0.0
2020-07-17 13:30:00,INDEX:R3TW,69.59,71.77,64.75,67.55,0.0
2020-07-20 13:30:00,INDEX:R3TW,66.15,66.15,60.78,62.39,0.0
2020-07-21 13:30:00,INDEX:R3TW,72.27,79.26,72.27,75.89,0.0
2020-07-22 13:30:00,INDEX:R3TW,74.17,76.93,72.74,75.13,0.0
2020-07-23 13:30:00,INDEX:R3TW,73.48,77.74,70.15,72.36,0.0
2020-07-24 13:30:00,INDEX:R3TW,69.39,69.39,61.68,62.04,0.0
2020-07-27 13:30:00,INDEX:R3TW,59.85,63.33,57.81,63.33,0.0
2020-07-28 13:30:00,INDEX:R3TW,62.65,65.05,58.06,58.06,0.0
2020-07-29 13:30:00,INDEX:R3TW,63.47,71.64,62.04,70.75,0.0
2020-07-30 13:30:00,INDEX:R3TW,60.03,64.05,55.73,62.54,0.0
2020-07-31 13:30:00,INDEX:R3TW,59.82,59.82,45.12,55.36,0.0
2020-08-03 13:30:00,INDEX:R3TW,56.65,62.98,53.89,62.61,0.0
2020-08-04 13:30:00,INDEX:R3TW,61.39,65.83,59.32,65.83,0.0
2020-08-05 13:30:00,INDEX:R3TW,70.73,72.88,67.62,72.88,0.0
2020-08-06 13:30:00,INDEX:R3TW,69.3,71.02,66.01,68.83,0.0
2020-08-07 13:30:00,INDEX:R3TW,64.75,76.39,64.68,76.39,0.0
2020-08-10 13:30:00,INDEX:R3TW,78.18,79.9,77.65,78.76,0.0
2020-08-11 13:30:00,INDEX:R3TW,79.83,80.98,74.1,75.39,0.0
2020-08-12 13:30:00,INDEX:R3TW,78.97,80.05,77.14,78.0,0.0
2020-08-13 13:30:00,INDEX:R3TW,76.0,78.83,74.78,75.46,0.0
2020-08-14 13:30:00,INDEX:R3TW,72.67,76.18,72.17,74.31,0.0
2020-08-17 13:30:00,INDEX:R3TW,74.06,76.11,72.74,74.57,0.0
2020-08-18 13:30:00,INDEX:R3TW,74.03,74.03,64.36,64.74,0.0
2020-08-19 13:30:00,INDEX:R3TW,64.6,69.72,64.6,66.96,0.0
2020-08-20 13:30:00,INDEX:R3TW,56.12,56.88,53.62,54.05,0.0
2020-08-21 13:30:00,INDEX:R3TW,50.89,50.89,43.11,45.26,0.0
2020-08-24 13:30:00,INDEX:R3TW,49.74,59.49,45.84,59.49,0.0
2020-08-25 13:30:00,INDEX:R3TW,62.86,62.86,51.61,58.98,0.0
2020-08-26 13:30:00,INDEX:R3TW,55.57,56.25,48.2,48.63,0.0
2020-08-27 13:30:00,INDEX:R3TW,51.29,57.96,49.71,53.87,0.0
2020-08-28 13:30:00,INDEX:R3TW,55.27,58.03,50.21,58.03,0.0
2020-08-31 13:30:00,INDEX:R3TW,50.46,50.89,44.61,44.61,0.0
2020-09-01 13:30:00,INDEX:R3TW,38.7,48.98,38.7,48.98,0.0
2020-09-02 13:30:00,INDEX:R3TW,49.26,60.85,47.34,59.8,0.0
2020-09-03 13:30:00,INDEX:R3TW,58.52,61.23,32.56,36.87,0.0
2020-09-04 13:30:00,INDEX:R3TW,46.21,46.21,26.14,36.09,0.0
2020-09-08 13:30:00,INDEX:R3TW,24.21,30.42,21.89,22.97,0.0
2020-09-09 13:30:00,INDEX:R3TW,29.11,34.6,26.93,30.58,0.0
2020-09-10 13:30:00,INDEX:R3TW,34.65,37.04,24.05,24.05,0.0
2020-09-11 13:30:00,INDEX:R3TW,26.23,28.26,20.69,24.33,0.0
2020-09-14 13:30:00,INDEX:R3TW,30.08,41.25,30.08,40.79,0.0
2020-09-15 13:30:00,INDEX:R3TW,46.18,47.64,40.68,41.14,0.0
2020-09-16 13:30:00,INDEX:R3TW,44.75,55.13,44.68,47.57,0.0
2020-09-17 13:30:00,INDEX:R3TW,37.22,46.75,36.86,44.75,0.0
2020-09-18 13:30:00,INDEX:R3TW,47.39,49.21,36.18,41.02,0.0
2020-09-21 13:30:00,INDEX:R3TW,25.84,25.84,16.35,19.7,0.0
2020-09-22 13:30:00,INDEX:R3TW,22.7,22.99,16.88,22.95,0.0
2020-09-23 13:30:00,INDEX:R3TW,24.91,25.45,12.95,12.96,0.0
2020-09-24 13:30:00,INDEX:R3TW,10.96,16.43,9.43,12.32,0.0
2020-09-25 13:30:00,INDEX:R3TW,11.93,21.4,11.93,20.4,0.0
2020-09-28 13:30:00,INDEX:R3TW,31.11,38.79,30.18,36.08,0.0
2020-09-29 13:30:00,INDEX:R3TW,36.44,37.76,29.11,33.54,0.0
2020-09-30 13:30:00,INDEX:R3TW,41.01,46.58,34.15,37.41,0.0
2020-10-01 13:30:00,INDEX:R3TW,45.42,48.25,39.77,48.25,0.0
2020-10-02 13:30:00,INDEX:R3TW,36.42,61.28,36.42,57.39,0.0
2020-10-05 13:30:00,INDEX:R3TW,70.54,76.0,69.13,75.77,0.0
2020-10-06 13:30:00,INDEX:R3TW,79.65,84.34,70.23,70.25,0.0
2020-10-07 13:30:00,INDEX:R3TW,78.08,82.11,77.62,80.86,0.0
2020-10-08 13:30:00,INDEX:R3TW,85.2,87.85,84.25,87.39,0.0
2020-10-09 13:30:00,INDEX:R3TW,90.43,90.43,85.52,86.11,0.0
2020-10-12 13:30:00,INDEX:R3TW,85.9,88.23,85.65,87.31,0.0
2020-10-13 13:30:00,INDEX:R3TW,85.8,85.8,81.7,82.65,0.0
2020-10-14 13:30:00,INDEX:R3TW,85.79,86.14,78.64,78.64,0.0
2020-10-15 13:30:00,INDEX:R3TW,72.21,82.57,71.86,82.24,0.0
2020-10-16 13:30:00,INDEX:R3TW,82.59,84.15,79.08,79.08,0.0
2020-10-19 13:30:00,INDEX:R3TW,80.43,81.74,67.44,68.01,0.0
2020-10-20 13:30:00,INDEX:R3TW,73.28,73.77,69.1,69.81,0.0
2020-10-21 13:30:00,INDEX:R3TW,67.55,68.08,61.11,61.11,0.0
2020-10-22 13:30:00,INDEX:R3TW,61.92,68.36,56.58,67.19,0.0
2020-10-23 13:30:00,INDEX:R3TW,68.93,68.93,63.26,68.4,0.0
2020-10-26 13:30:00,INDEX:R3TW,58.42,58.42,41.89,49.55,0.0
2020-10-27 13:30:00,INDEX:R3TW,47.04,47.04,37.42,37.42,0.0
2020-10-28 13:30:00,INDEX:R3TW,22.91,26.45,19.08,19.19,0.0
2020-10-29 13:30:00,INDEX:R3TW,17.35,27.16,15.47,26.02,0.0
2020-10-30 13:30:00,INDEX:R3TW,25.0,25.0,17.84,21.41,0.0
2020-11-02 14:30:00,INDEX:R3TW,26.86,33.56,25.21,33.5,0.0
2020-11-03 14:30:00,INDEX:R3TW,44.99,54.65,44.78,52.1,0.0
2020-11-04 14:30:00,INDEX:R3TW,47.89,57.73,44.06,46.73,0.0
2020-11-05 14:30:00,INDEX:R3TW,57.58,67.95,57.58,65.7,0.0
2020-11-06 14:30:00,INDEX:R3TW,66.47,66.47,55.48,55.48,0.0
2020-11-09 14:30:00,INDEX:R3TW,83.27,83.94,74.51,74.51,0.0
2020-11-10 14:30:00,INDEX:R3TW,77.04,79.71,74.9,79.29,0.0
2020-11-11 14:30:00,INDEX:R3TW,81.15,82.14,79.68,82.14,0.0
2020-11-12 14:30:00,INDEX:R3TW,82.03,82.03,73.98,76.94,0.0
2020-11-13 14:30:00,INDEX:R3TW,81.47,84.53,81.15,83.57,0.0
2020-11-16 14:30:00,INDEX:R3TW,85.33,87.16,85.05,87.16,0.0
2020-11-17 14:30:00,INDEX:R3TW,85.82,87.37,83.99,86.49,0.0
2020-11-18 14:30:00,INDEX:R3TW,87.09,87.09,82.4,82.4,0.0
2020-11-19 14:30:00,INDEX:R3TW,81.45,84.65,81.1,84.33,0.0
2020-11-20 14:30:00,INDEX:R3TW,83.34,84.85,82.53,84.11,0.0
2020-11-23 14:30:00,INDEX:R3TW,86.12,86.72,84.47,85.14,0.0
2020-11-24 14:30:00,INDEX:R3TW,86.97,88.16,85.7,86.9,0.0
2020-11-25 14:30:00,INDEX:R3TW,86.3,86.58,85.14,86.19,0.0
2020-11-27 14:30:00,INDEX:R3TW,86.58,87.7,85.84,87.7,0.0
2020-11-30 14:30:00,INDEX:R3TW,86.08,86.08,76.85,76.89,0.0
2020-12-01 14:30:00,INDEX:R3TW,82.21,84.39,78.79,80.03,0.0
2020-12-02 14:30:00,INDEX:R3TW,74.47,78.62,74.47,77.59,0.0
2020-12-03 14:30:00,INDEX:R3TW,75.9,78.97,74.88,75.51,0.0
2020-12-04 14:30:00,INDEX:R3TW,77.13,82.8,77.13,82.79,0.0
2020-12-07 14:30:00,INDEX:R3TW,81.63,81.63,78.11,78.53,0.0
2020-12-08 14:30:00,INDEX:R3TW,74.51,81.45,74.51,81.42,0.0
2020-12-09 14:30:00,INDEX:R3TW,82.86,82.93,73.98,76.2,0.0
2020-12-10 14:30:00,INDEX:R3TW,70.17,75.81,70.17,75.18,0.0
2020-12-11 14:30:00,INDEX:R3TW,69.82,72.75,64.5,68.66,0.0
2020-12-14 14:30:00,INDEX:R3TW,75.89,76.59,64.22,64.22,0.0
2020-12-15 14:30:00,INDEX:R3TW,68.73,77.61,67.39,77.61,0.0
2020-12-16 14:30:00,INDEX:R3TW,78.74,78.74,72.68,73.21,0.0
2020-12-17 14:30:00,INDEX:R3TW,75.22,77.37,72.89,77.36,0.0
2020-12-18 14:30:00,INDEX:R3TW,77.18,77.18,67.1,67.2,0.0
2020-12-21 14:30:00,INDEX:R3TW,53.1,59.59,48.73,58.87,0.0
2020-12-22 14:30:00,INDEX:R3TW,58.65,58.76,55.16,55.99,0.0
2020-12-23 14:30:00,INDEX:R3TW,60.93,66.93,60.93,65.1,0.0
2020-12-24 14:30:00,INDEX:R3TW,65.66,65.66,61.36,64.32,0.0
2020-12-28 14:30:00,INDEX:R3TW,70.46,72.37,65.56,65.56,0.0
2020-12-29 14:30:00,INDEX:R3TW,67.53,67.53,48.2,52.98,0.0
2020-12-30 14:30:00,INDEX:R3TW,54.92,63.18,54.92,59.42,0.0
2020-12-31 14:30:00,INDEX:R3TW,53.31,62.11,52.18,59.52,0.0
2021-01-04 14:30:00,INDEX:R3TW,59.55,59.55,33.47,42.45,0.0
2021-01-05 14:30:00,INDEX:R3TW,46.3,60.91,46.3,56.56,0.0
2021-01-06 14:30:00,INDEX:R3TW,64.93,80.1,64.93,75.35,0.0
2021-01-07 14:30:00,INDEX:R3TW,76.9,79.0,76.72,78.33,0.0
2021-01-08 14:30:00,INDEX:R3TW,79.62,80.82,71.38,77.54,0.0
2021-01-11 14:30:00,INDEX:R3TW,72.8,75.26,71.89,73.33,0.0
2021-01-12 14:30:00,INDEX:R3TW,74.35,77.08,74.21,77.08,0.0
2021-01-13 14:30:00,INDEX:R3TW,77.71,77.71,74.03,74.09,0.0
2021-01-14 14:30:00,INDEX:R3TW,77.57,79.46,76.93,77.49,0.0
2021-01-15 14:30:00,INDEX:R3TW,73.63,74.82,67.52,72.4,0.0
2021-01-19 14:30:00,INDEX:R3TW,76.79,77.0,73.34,74.57,0.0
2021-01-20 14:30:00,INDEX:R3TW,77.21,78.89,75.31,77.41,0.0
2021-01-21 14:30:00,INDEX:R3TW,76.11,76.11,69.33,69.54,0.0
2021-01-22 14:30:00,INDEX:R3TW,63.08,72.39,60.51,72.39,0.0
2021-01-25 14:30:00,INDEX:R3TW,67.26,70.53,61.08,68.1,0.0
2021-01-26 14:30:00,INDEX:R3TW,71.51,71.51,57.38,57.38,0.0
2021-01-27 14:30:00,INDEX:R3TW,38.74,44.54,35.86,36.84,0.0
2021-01-28 14:30:00,INDEX:R3TW,42.08,43.95,39.87,39.99,0.0
2021-01-29 14:30:00,INDEX:R3TW,33.27,39.11,27.18,28.38,0.0
2021-02-01 14:30:00,INDEX:R3TW,31.97,41.39,28.53,39.59,0.0
2021-02-02 14:30:00,INDEX:R3TW,44.83,51.93,43.42,49.57,0.0
2021-02-03 14:30:00,INDEX:R3TW,49.82,51.75,44.37,51.16,0.0
2021-02-04 14:30:00,INDEX:R3TW,54.14,67.08,54.14,67.08,0.0
2021-02-05 14:30:00,INDEX:R3TW,73.62,73.94,68.1,73.94,0.0
2021-02-08 14:30:00,INDEX:R3TW,78.79,84.52,78.79,84.52,0.0
2021-02-09 14:30:00,INDEX:R3TW,83.6,85.22,80.61,83.67,0.0
2021-02-10 14:30:00,INDEX:R3TW,85.4,86.14,81.04,82.26,0.0
2021-02-11 14:30:00,INDEX:R3TW,83.91,84.27,75.26,79.79,0.0
2021-02-12 14:30:00,INDEX:R3TW,78.0,80.53,77.08,79.68,0.0
2021-02-16 14:30:00,INDEX:R3TW,81.71,81.71,76.18,76.18,0.0
2021-02-17 14:30:00,INDEX:R3TW,70.72,72.98,67.73,71.95,0.0
2021-02-18 14:30:00,INDEX:R3TW,67.4,68.18,62.15,64.05,0.0
2021-02-19 14:30:00,INDEX:R3TW,67.75,73.39,67.19,70.74,0.0
2021-02-22 14:30:00,INDEX:R3TW,66.33,70.95,66.33,66.76,0.0
2021-02-23 14:30:00,INDEX:R3TW,58.68,64.82,57.38,62.62,0.0
2021-02-24 14:30:00,INDEX:R3TW,63.99,70.48,62.72,69.78,0.0
2021-02-25 14:30:00,INDEX:R3TW,67.66,67.66,55.04,55.04,0.0
2021-02-26 14:30:00,INDEX:R3TW,54.97,56.73,47.7,49.21,0.0
2021-03-01 14:30:00,INDEX:R3TW,58.7,64.83,58.7,63.31,0.0
2021-03-02 14:30:00,INDEX:R3TW,61.73,61.73,55.8,55.8,0.0
2021-03-03 14:30:00,INDEX:R3TW,57.37,58.6,53.36,53.36,0.0
2021-03-04 14:30:00,INDEX:R3TW,53.82,53.82,37.76,42.91,0.0
2021-03-05 14:30:00,INDEX:R3TW,46.35,54.1,37.9,53.47,0.0
2021-03-08 14:30:00,INDEX:R3TW,59.73,61.59,57.38,57.38,0.0
2021-03-09 14:30:00,INDEX:R3TW,60.99,64.71,60.99,62.03,0.0
2021-03-10 14:30:00,INDEX:R3TW,65.33,69.12,65.33,67.49,0.0
2021-03-11 14:30:00,INDEX:R3TW,70.58,75.39,70.58,75.39,0.0
2021-03-12 14:30:00,INDEX:R3TW,73.14,76.72,73.14,76.72,0.0
2021-03-15 13:30:00,INDEX:R3TW,77.85,80.06,76.65,80.06,0.0
2021-03-16 13:30:00,INDEX:R3TW,80.8,80.8,71.74,74.02,0.0
2021-03-17 13:30:00,INDEX:R3TW,71.0,77.57,68.9,76.68,0.0
2021-03-18 13:30:00,INDEX:R3TW,73.66,74.71,62.53,62.6,0.0
2021-03-19 13:30:00,INDEX:R3TW,61.65,67.66,56.7,63.3,0.0
2021-03-22 13:30:00,INDEX:R3TW,63.55,63.55,53.79,55.37,0.0
2021-03-23 13:30:00,INDEX:R3TW,49.5,49.5,28.19,30.1,0.0
2021-03-24 13:30:00,INDEX:R3TW,36.17,45.27,23.77,23.77,0.0
2021-03-25 13:30:00,INDEX:R3TW,20.79,38.39,18.15,36.52,0.0
2021-03-26 13:30:00,INDEX:R3TW,41.97,50.47,39.26,50.47,0.0
2021-03-29 13:30:00,INDEX:R3TW,49.03,49.17,34.66,35.15,0.0
2021-03-30 13:30:00,INDEX:R3TW,35.47,45.1,34.42,42.18,0.0
2021-03-31 13:30:00,INDEX:R3TW,43.2,49.98,41.09,42.86,0.0
2021-04-01 13:30:00,INDEX:R3TW,46.69,54.86,46.69,54.86,0.0
2021-04-05 13:30:00,INDEX:R3TW,61.28,61.28,54.82,58.29,0.0
2021-04-06 13:30:00,INDEX:R3TW,59.68,63.47,57.36,57.64,0.0
2021-04-07 13:30:00,INDEX:R3TW,57.78,57.78,44.61,46.45,0.0
2021-04-08 13:30:00,INDEX:R3TW,47.39,52.64,41.86,52.58,0.0
2021-04-09 13:30:00,INDEX:R3TW,52.79,55.3,50.22,55.02,0.0
2021-04-12 13:30:00,INDEX:R3TW,56.76,58.46,53.39,57.66,0.0
2021-04-13 13:30:00,INDEX:R3TW,57.0,57.0,49.84,53.87,0.0
2021-04-14 13:30:00,INDEX:R3TW,57.21,69.18,57.21,61.14,0.0
2021-04-15 13:30:00,INDEX:R3TW,64.55,67.09,60.9,66.99,0.0
2021-04-16 13:30:00,INDEX:R3TW,71.3,71.3,65.59,69.06,0.0
2021-04-19 13:30:00,INDEX:R3TW,66.35,68.51,56.4,61.03,0.0
2021-04-20 13:30:00,INDEX:R3TW,58.14,58.14,40.91,45.31,0.0
2021-04-21 13:30:00,INDEX:R3TW,43.46,59.94,43.46,59.94,0.0
2021-04-22 13:30:00,INDEX:R3TW,59.77,65.76,52.59,53.9,0.0
2021-04-23 13:30:00,INDEX:R3TW,55.26,69.82,55.26,65.77,0.0
2021-04-26 13:30:00,INDEX:R3TW,70.72,74.34,70.61,71.08,0.0
2021-04-27 13:30:00,INDEX:R3TW,71.39,71.39,66.34,67.91,0.0
2021-04-28 13:30:00,INDEX:R3TW,66.3,69.27,65.67,67.38,0.0
2021-04-29 13:30:00,INDEX:R3TW,72.01,72.01,61.76,67.23,0.0
2021-04-30 13:30:00,INDEX:R3TW,62.35,63.88,55.48,56.67,0.0
2021-05-03 13:30:00,INDEX:R3TW,61.03,67.27,60.57,64.64,0.0
2021-05-04 13:30:00,INDEX:R3TW,60.52,60.52,51.49,55.07,0.0
2021-05-05 13:30:00,INDEX:R3TW,54.9,55.49,48.9,52.8,0.0
2021-05-06 13:30:00,INDEX:R3TW,52.24,54.41,45.97,54.41,0.0
2021-05-07 13:30:00,INDEX:R3TW,54.02,60.76,54.02,60.57,0.0
2021-05-10 13:30:00,INDEX:R3TW,60.43,60.43,50.85,50.85,0.0
2021-05-11 13:30:00,INDEX:R3TW,43.49,46.21,39.51,44.04,0.0
2021-05-12 13:30:00,INDEX:R3TW,42.23,42.23,25.79,25.89,0.0
2021-05-13 13:30:00,INDEX:R3TW,27.92,43.17,27.92,40.73,0.0
2021-05-14 13:30:00,INDEX:R3TW,44.32,55.88,44.32,55.39,0.0
2021-05-17 13:30:00,INDEX:R3TW,53.54,54.31,49.04,54.2,0.0
2021-05-18 13:30:00,INDEX:R3TW,52.84,56.33,46.76,46.76,0.0
2021-05-19 13:30:00,INDEX:R3TW,33.28,39.51,26.79,39.51,0.0
2021-05-20 13:30:00,INDEX:R3TW,39.37,46.57,35.63,45.56,0.0
2021-05-21 13:30:00,INDEX:R3TW,50.45,57.19,48.42,50.13,0.0
2021-05-24 13:30:00,INDEX:R3TW,53.42,59.01,52.93,54.84,0.0
2021-05-25 13:30:00,INDEX:R3TW,58.58,62.04,40.68,40.68,0.0
2021-05-26 13:30:00,INDEX:R3TW,45.82,55.67,45.01,55.61,0.0
2021-05-27 13:30:00,INDEX:R3TW,64.35,66.49,63.86,63.98,0.0
2021-05-28 13:30:00,INDEX:R3TW,66.78,66.78,60.72,64.43,0.0
2021-06-01 13:30:00,INDEX:R3TW,71.57,73.83,69.34,72.54,0.0
2021-06-02 13:30:00,INDEX:R3TW,72.16,72.16,64.75,66.59,0.0
2021-06-03 13:30:00,INDEX:R3TW,60.92,64.85,56.47,63.4,0.0
2021-06-04 13:30:00,INDEX:R3TW,68.14,68.14,61.9,65.23,0.0
2021-06-07 13:30:00,INDEX:R3TW,68.86,69.34,66.59,68.64,0.0
2021-06-08 13:30:00,INDEX:R3TW,69.89,74.56,67.17,73.24,0.0
2021-06-09 13:30:00,INDEX:R3TW,72.82,72.82,65.5,65.5,0.0
2021-06-10 13:30:00,INDEX:R3TW,68.64,68.81,61.18,61.31,0.0
2021-06-11 13:30:00,INDEX:R3TW,63.92,65.2,61.86,65.2,0.0
2021-06-14 13:30:00,INDEX:R3TW,66.42,66.42,57.67,58.61,0.0
2021-06-15 13:30:00,INDEX:R3TW,59.55,60.28,52.96,58.49,0.0
2021-06-16 13:30:00,INDEX:R3TW,55.45,57.65,50.15,54.09,0.0
2021-06-17 13:30:00,INDEX:R3TW,53.33,53.33,39.16,43.25,0.0
2021-06-18 13:30:00,INDEX:R3TW,34.6,34.6,27.97,29.65,0.0
2021-06-21 13:30:00,INDEX:R3TW,31.08,40.61,31.08,40.12,0.0
2021-06-22 13:30:00,INDEX:R3TW,36.81,40.5,33.6,39.0,0.0
2021-06-23 13:30:00,INDEX:R3TW,40.18,42.28,39.28,39.46,0.0
2021-06-24 13:30:00,INDEX:R3TW,42.47,48.69,41.0,48.69,0.0
2021-06-25 13:30:00,INDEX:R3TW,49.7,56.06,49.7,51.6,0.0
2021-06-28 13:30:00,INDEX:R3TW,50.62,50.62,39.69,44.42,0.0
2021-06-29 13:30:00,INDEX:R3TW,46.88,47.18,40.24,40.61,0.0
2021-06-30 13:30:00,INDEX:R3TW,38.38,42.63,38.38,41.02,0.0
2021-07-01 13:30:00,INDEX:R3TW,45.84,50.87,44.01,49.04,0.0
2021-07-02 13:30:00,INDEX:R3TW,49.6,49.6,41.88,43.71,0.0
2021-07-06 13:30:00,INDEX:R3TW,41.42,41.42,29.43,34.51,0.0
2021-07-07 13:30:00,INDEX:R3TW,36.34,36.34,28.57,33.61,0.0
2021-07-08 13:30:00,INDEX:R3TW,22.3,30.07,20.39,25.88,0.0
2021-07-09 13:30:00,INDEX:R3TW,32.01,42.88,32.01,42.88,0.0
2021-07-12 13:30:00,INDEX:R3TW,39.14,47.29,38.55,47.27,0.0
2021-07-13 13:30:00,INDEX:R3TW,42.97,43.19,32.36,32.36,0.0
2021-07-14 13:30:00,INDEX:R3TW,37.4,40.54,27.61,28.36,0.0
2021-07-15 13:30:00,INDEX:R3TW,23.43,29.85,23.13,28.02,0.0
2021-07-16 13:30:00,INDEX:R3TW,32.24,32.24,23.54,23.66,0.0
2021-07-19 13:30:00,INDEX:R3TW,16.03,16.82,12.14,14.28,0.0
2021-07-20 13:30:00,INDEX:R3TW,16.3,33.35,16.3,29.44,0.0
2021-07-21 13:30:00,INDEX:R3TW,36.32,42.91,36.32,41.26,0.0
2021-07-22 13:30:00,INDEX:R3TW,37.33,37.33,29.44,31.39,0.0
2021-07-23 13:30:00,INDEX:R3TW,36.97,41.08,33.08,41.08,0.0
2021-07-26 13:30:00,INDEX:R3TW,46.89,48.46,42.02,45.2,0.0
2021-07-27 13:30:00,INDEX:R3TW,38.35,41.31,34.6,39.73,0.0
2021-07-28 13:30:00,INDEX:R3TW,46.4,54.38,37.04,49.49,0.0
2021-07-29 13:30:00,INDEX:R3TW,59.04,64.66,58.71,58.93,0.0
2021-07-30 13:30:00,INDEX:R3TW,58.11,64.06,52.64,53.89,0.0
2021-08-02 13:30:00,INDEX:R3TW,62.16,65.59,51.02,51.06,0.0
2021-08-03 13:30:00,INDEX:R3TW,51.54,55.34,43.23,55.31,0.0
2021-08-04 13:30:00,INDEX:R3TW,47.63,53.26,44.72,44.72,0.0
2021-08-05 13:30:00,INDEX:R3TW,49.04,58.43,49.04,58.43,0.0
2021-08-06 13:30:00,INDEX:R3TW,65.07,65.07,59.88,61.86,0.0
2021-08-09 13:30:00,INDEX:R3TW,57.46,61.38,57.42,58.99,0.0
2021-08-10 13:30:00,INDEX:R3TW,59.92,63.02,59.92,61.64,0.0
2021-08-11 13:30:00,INDEX:R3TW,61.08,65.14,59.1,65.14,0.0
2021-08-12 13:30:00,INDEX:R3TW,63.39,64.02,59.51,62.01,0.0
2021-08-13 13:30:00,INDEX:R3TW,60.59,60.59,57.38,57.91,0.0
2021-08-16 13:30:00,INDEX:R3TW,48.35,54.14,48.35,52.25,0.0
2021-08-17 13:30:00,INDEX:R3TW,43.07,45.68,35.38,43.41,0.0
2021-08-18 13:30:00,INDEX:R3TW,39.6,45.8,33.85,33.89,0.0
2021-08-19 13:30:00,INDEX:R3TW,27.47,31.13,24.78,28.36,0.0
2021-08-20 13:30:00,INDEX:R3TW,26.31,39.82,26.31,38.93,0.0
2021-08-23 13:30:00,INDEX:R3TW,45.53,51.1,44.38,49.23,0.0
2021-08-24 13:30:00,INDEX:R3TW,53.56,58.3,51.88,56.99,0.0
2021-08-25 13:30:00,INDEX:R3TW,54.83,66.33,54.83,61.17,0.0
2021-08-26 13:30:00,INDEX:R3TW,60.13,62.07,49.86,49.86,0.0
2021-08-27 13:30:00,INDEX:R3TW,56.32,75.84,56.32,74.24,0.0
2021-08-30 13:30:00,INDEX:R3TW,75.96,75.96,66.56,66.56,0.0
2021-08-31 13:30:00,INDEX:R3TW,68.09,71.94,64.28,68.87,0.0
2021-09-01 13:30:00,INDEX:R3TW,68.87,72.94,63.49,69.19,0.0
2021-09-02 13:30:00,INDEX:R3TW,72.66,75.94,70.16,72.71,0.0
2021-09-03 13:30:00,INDEX:R3TW,71.63,71.63,63.39,66.43,0.0
2021-09-07 13:30:00,INDEX:R3TW,64.22,66.39,55.8,55.8,0.0
2021-09-08 13:30:00,INDEX:R3TW,52.92,54.49,46.28,49.21,0.0
2021-09-09 13:30:00,INDEX:R3TW,46.9,55.93,46.26,46.26,0.0
2021-09-10 13:30:00,INDEX:R3TW,47.27,47.27,38.02,38.02,0.0
2021-09-13 13:30:00,INDEX:R3TW,41.52,44.88,37.98,42.76,0.0
2021-09-14 13:30:00,INDEX:R3TW,45.07,45.07,31.71,32.53,0.0
2021-09-15 13:30:00,INDEX:R3TW,31.67,40.41,31.6,40.37,0.0
2021-09-16 13:30:00,INDEX:R3TW,40.18,42.5,33.91,39.15,0.0
2021-09-17 13:30:00,INDEX:R3TW,37.92,37.92,32.17,36.73,0.0
2021-09-20 13:30:00,INDEX:R3TW,19.7,21.53,13.73,18.85,0.0
2021-09-21 13:30:00,INDEX:R3TW,22.8,23.81,17.76,20.38,0.0
2021-09-22 13:30:00,INDEX:R3TW,25.94,35.68,25.9,30.2,0.0
2021-09-23 13:30:00,INDEX:R3TW,36.66,52.09,36.66,47.7,0.0
2021-09-24 13:30:00,INDEX:R3TW,44.15,48.74,44.11,45.53,0.0
2021-09-27 13:30:00,INDEX:R3TW,54.31,54.31,54.31,54.31,0.0
2021-09-28 13:30:00,INDEX:R3TW,51.47,52.11,41.61,41.65,0.0
2021-09-29 13:30:00,INDEX:R3TW,44.45,45.76,41.98,42.51,0.0
2021-09-30 13:30:00,INDEX:R3TW,44.97,47.21,33.88,33.88,0.0
2021-10-01 13:30:00,INDEX:R3TW,38.66,49.79,35.11,46.65,0.0
2021-10-04 13:30:00,INDEX:R3TW,43.81,44.3,42.26,43.13,0.0
2021-10-05 13:30:00,INDEX:R3TW,43.99,50.96,43.1,48.23,0.0
2021-10-06 13:30:00,INDEX:R3TW,42.22,46.86,34.79,46.86,0.0
2021-10-07 13:30:00,INDEX:R3TW,54.92,63.53,54.92,57.71,0.0
2021-10-08 13:30:00,INDEX:R3TW,58.0,59.01,52.15,52.15,0.0
2021-10-11 13:30:00,INDEX:R3TW,53.27,57.84,47.56,47.56,0.0
2021-10-12 13:30:00,INDEX:R3TW,49.9,54.18,48.97,51.46,0.0
2021-10-13 13:30:00,INDEX:R3TW,53.81,54.55,45.74,53.96,0.0
2021-10-14 13:30:00,INDEX:R3TW,62.77,68.79,62.62,68.12,0.0
2021-10-15 13:30:00,INDEX:R3TW,75.38,75.38,66.86,66.9,0.0
2021-10-18 13:30:00,INDEX:R3TW,63.96,65.86,63.48,64.11,0.0
2021-10-19 13:30:00,INDEX:R3TW,65.37,68.68,63.22,67.07,0.0
2021-10-20 13:30:00,INDEX:R3TW,66.55,74.25,66.18,71.79,0.0
2021-10-21 13:30:00,INDEX:R3TW,73.05,75.43,69.33,73.09,0.0
2021-10-22 13:30:00,INDEX:R3TW,71.12,72.98,69.11,69.48,0.0
2021-10-25 13:30:00,INDEX:R3TW,70.33,73.79,68.44,72.41,0.0
2021-10-26 13:30:00,INDEX:R3TW,71.92,73.79,66.82,66.82,0.0
2021-10-27 13:30:00,INDEX:R3TW,62.65,62.65,48.39,48.39,0.0
2021-10-28 13:30:00,INDEX:R3TW,54.57,60.49,54.57,60.49,0.0
2021-10-29 13:30:00,INDEX:R3TW,58.97,61.13,55.24,58.43,0.0
2021-11-01 13:30:00,INDEX:R3TW,61.59,74.48,61.59,74.2,0.0
2021-11-02 13:30:00,INDEX:R3TW,72.03,72.03,68.31,70.68,0.0
2021-11-03 13:30:00,INDEX:R3TW,68.43,79.83,68.43,78.59,0.0
2021-11-04 13:30:00,INDEX:R3TW,78.85,79.22,70.14,72.91,0.0
2021-11-05 13:30:00,INDEX:R3TW,76.93,80.33,75.49,77.23,0.0
2021-11-08 14:30:00,INDEX:R3TW,78.37,78.85,75.53,75.97,0.0
2021-11-09 14:30:00,INDEX:R3TW,74.61,74.61,70.81,72.31,0.0
2021-11-10 14:30:00,INDEX:R3TW,69.5,70.94,62.9,64.56,0.0
2021-11-11 14:30:00,INDEX:R3TW,65.74,67.29,65.15,65.69,0.0
2021-11-12 14:30:00,INDEX:R3TW,66.24,66.24,63.4,65.14,0.0
2021-11-15 14:30:00,INDEX:R3TW,66.24,66.24,62.33,63.73,0.0
2021-11-16 14:30:00,INDEX:R3TW,60.3,63.07,59.71,60.56,0.0
2021-11-17 14:30:00,INDEX:R3TW,57.02,57.02,49.88,53.06,0.0
2021-11-18 14:30:00,INDEX:R3TW,53.84,53.84,44.64,48.26,0.0
2021-11-19 14:30:00,INDEX:R3TW,41.79,43.86,40.72,40.73,0.0
2021-11-22 14:30:00,INDEX:R3TW,43.32,50.79,41.95,42.84,0.0
2021-11-23 14:30:00,INDEX:R3TW,42.99,45.5,39.22,44.82,0.0
2021-11-24 14:30:00,INDEX:R3TW,37.27,42.97,37.27,41.48,0.0
2021-11-26 14:30:00,INDEX:R3TW,20.8,20.8,12.84,14.8,0.0
2021-11-29 14:30:00,INDEX:R3TW,20.39,21.36,14.66,17.25,0.0
2021-11-30 14:30:00,INDEX:R3TW,13.77,13.77,8.66,8.66,0.0
2021-12-01 14:30:00,INDEX:R3TW,12.97,17.8,6.37,6.38,0.0
2021-12-02 14:30:00,INDEX:R3TW,7.3,15.3,7.3,13.8,0.0
2021-12-03 14:30:00,INDEX:R3TW,15.09,15.09,9.48,12.1,0.0
2021-12-06 14:30:00,INDEX:R3TW,18.93,26.87,18.93,22.04,0.0
2021-12-07 14:30:00,INDEX:R3TW,32.75,41.5,32.75,35.26,0.0
2021-12-08 14:30:00,INDEX:R3TW,37.4,44.94,37.4,43.31,0.0
2021-12-09 14:30:00,INDEX:R3TW,38.47,40.58,31.91,31.91,0.0
2021-12-10 14:30:00,INDEX:R3TW,39.67,39.67,29.77,33.97,0.0
2021-12-13 14:30:00,INDEX:R3TW,31.94,32.27,26.69,28.94,0.0
2021-12-14 14:30:00,INDEX:R3TW,31.23,33.04,24.43,24.88,0.0
2021-12-15 14:30:00,INDEX:R3TW,27.14,37.06,21.78,37.06,0.0
2021-12-16 14:30:00,INDEX:R3TW,41.62,47.98,30.11,32.48,0.0
2021-12-17 14:30:00,INDEX:R3TW,30.18,39.36,26.82,34.62,0.0
2021-12-20 14:30:00,INDEX:R3TW,23.01,26.26,19.49,26.26,0.0
2021-12-21 14:30:00,INDEX:R3TW,35.22,48.13,35.22,48.02,0.0
2021-12-22 14:30:00,INDEX:R3TW,50.75,58.82,49.72,58.82,0.0
2021-12-23 14:30:00,INDEX:R3TW,66.7,72.03,65.37,70.1,0.0
2021-12-27 14:30:00,INDEX:R3TW,71.88,79.06,67.99,79.06,0.0
2021-12-28 14:30:00,INDEX:R3TW,78.8,82.94,76.23,76.23,0.0
2021-12-29 14:30:00,INDEX:R3TW,74.46,77.16,73.5,75.46,0.0
2021-12-30 14:30:00,INDEX:R3TW,76.46,82.23,75.08,75.08,0.0
2021-12-31 14:30:00,INDEX:R3TW,76.63,77.45,72.15,73.3,0.0
2022-01-03 14:30:00,INDEX:R3TW,77.85,81.24,74.46,78.98,0.0
2022-01-04 14:30:00,INDEX:R3TW,81.53,81.53,71.03,72.97,0.0
2022-01-05 14:30:00,INDEX:R3TW,71.58,73.0,53.85,53.85,0.0
2022-01-06 14:30:00,INDEX:R3TW,54.73,59.51,51.04,54.78,0.0
2022-01-07 14:30:00,INDEX:R3TW,53.65,56.14,47.77,47.77,0.0
2022-01-10 14:30:00,INDEX:R3TW,43.56,44.73,38.15,44.71,0.0
2022-01-11 14:30:00,INDEX:R3TW,45.19,49.54,39.89,49.14,0.0
2022-01-12 14:30:00,INDEX:R3TW,53.41,53.41,42.23,44.68,0.0
2022-01-13 14:30:00,INDEX:R3TW,47.6,51.44,44.42,44.42,0.0
2022-01-14 14:30:00,INDEX:R3TW,36.96,41.68,35.24,41.64,0.0
2022-01-18 14:30:00,INDEX:R3TW,35.9,35.9,29.76,29.76,0.0
2022-01-19 14:30:00,INDEX:R3TW,30.31,30.31,21.46,21.46,0.0
2022-01-20 14:30:00,INDEX:R3TW,22.99,27.86,13.38,13.38,0.0
2022-01-21 14:30:00,INDEX:R3TW,10.78,16.74,7.75,7.75,0.0
2022-01-24 14:30:00,INDEX:R3TW,5.74,13.3,4.05,12.91,0.0
2022-01-25 14:30:00,INDEX:R3TW,9.5,15.21,4.05,12.14,0.0
2022-01-26 14:30:00,INDEX:R3TW,14.3,19.53,6.4,8.66,0.0
2022-01-27 14:30:00,INDEX:R3TW,15.32,15.69,5.7,6.95,0.0
2022-01-28 14:30:00,INDEX:R3TW,6.62,11.63,6.62,11.59,0.0
2022-01-31 14:30:00,INDEX:R3TW,10.39,21.55,10.39,21.55,0.0
2022-02-01 14:30:00,INDEX:R3TW,23.92,31.38,18.4,31.09,0.0
2022-02-02 14:30:00,INDEX:R3TW,34.67,34.67,25.59,30.72,0.0
2022-02-03 14:30:00,INDEX:R3TW,24.85,29.96,21.35,22.22,0.0
2022-02-04 14:30:00,INDEX:R3TW,22.22,30.98,19.67,27.66,0.0
2022-02-07 14:30:00,INDEX:R3TW,31.2,38.39,30.25,33.57,0.0
2022-02-08 14:30:00,INDEX:R3TW,35.8,48.79,35.8,48.57,0.0
2022-02-09 14:30:00,INDEX:R3TW,61.53,63.68,60.25,62.95,0.0
2022-02-10 14:30:00,INDEX:R3TW,54.81,67.99,48.94,50.32,0.0
2022-02-11 14:30:00,INDEX:R3TW,58.5,61.53,41.53,45.36,0.0
2022-02-14 14:30:00,INDEX:R3TW,49.27,52.84,39.78,42.91,0.0
2022-02-15 14:30:00,INDEX:R3TW,57.4,65.27,57.4,65.27,0.0
2022-02-16 14:30:00,INDEX:R3TW,60.86,66.88,59.29,66.07,0.0
2022-02-17 14:30:00,INDEX:R3TW,52.48,54.01,45.06,46.19,0.0
2022-02-18 14:30:00,INDEX:R3TW,43.26,48.93,39.42,40.59,0.0
2022-02-22 14:30:00,INDEX:R3TW,36.28,41.33,27.94,30.8,0.0
2022-02-23 14:30:00,INDEX:R3TW,36.99,36.99,20.67,20.7,0.0
2022-02-24 14:30:00,INDEX:R3TW,13.02,32.3,13.02,31.65,0.0
2022-02-25 14:30:00,INDEX:R3TW,35.96,50.09,30.84,50.09,0.0
2022-02-28 14:30:00,INDEX:R3TW,47.67,47.67,47.32,47.32,0.0
2022-03-01 14:30:00,INDEX:R3TW,41.91,41.91,32.83,35.31,0.0
2022-03-02 14:30:00,INDEX:R3TW,42.46,54.53,41.36,51.44,0.0
2022-03-03 14:30:00,INDEX:R3TW,55.79,55.79,42.84,47.12,0.0
2022-03-04 14:30:00,INDEX:R3TW,39.17,39.54,33.87,38.9,0.0
2022-03-07 14:30:00,INDEX:R3TW,37.32,37.32,29.08,29.08,0.0
2022-03-08 14:30:00,INDEX:R3TW,29.15,35.49,26.93,26.93,0.0
2022-03-09 14:30:00,INDEX:R3TW,34.18,43.45,34.18,41.34,0.0
2022-03-10 14:30:00,INDEX:R3TW,35.19,39.95,31.26,39.49,0.0
2022-03-11 14:30:00,INDEX:R3TW,44.18,45.06,33.44,33.44,0.0
2022-03-14 13:30:00,INDEX:R3TW,36.04,38.21,26.62,28.89,0.0
2022-03-15 13:30:00,INDEX:R3TW,32.59,35.97,29.88,35.15,0.0
2022-03-16 13:30:00,INDEX:R3TW,46.45,59.48,39.19,59.47,0.0
2022-03-17 13:30:00,INDEX:R3TW,61.16,72.43,61.16,72.43,0.0
2022-03-18 13:30:00,INDEX:R3TW,70.11,77.38,69.53,77.38,0.0
2022-03-21 13:30:00,INDEX:R3TW,80.46,80.46,68.28,70.63,0.0
2022-03-22 13:30:00,INDEX:R3TW,76.39,81.79,76.39,79.76,0.0
2022-03-23 13:30:00,INDEX:R3TW,73.74,73.74,59.34,59.34,0.0
2022-03-24 13:30:00,INDEX:R3TW,62.68,66.98,60.37,66.97,0.0
2022-03-25 13:30:00,INDEX:R3TW,68.91,70.68,64.73,69.36,0.0
2022-03-28 13:30:00,INDEX:R3TW,65.9,68.99,60.36,68.99,0.0
2022-03-29 13:30:00,INDEX:R3TW,79.16,85.41,78.98,85.07,0.0
2022-03-30 13:30:00,INDEX:R3TW,84.52,84.52,71.26,72.32,0.0
2022-03-31 13:30:00,INDEX:R3TW,73.28,74.71,64.1,64.1,0.0
2022-04-01 13:30:00,INDEX:R3TW,68.11,68.11,61.45,67.28,0.0
2022-04-04 13:30:00,INDEX:R3TW,65.43,67.05,62.81,67.05,0.0
2022-04-05 13:30:00,INDEX:R3TW,66.07,66.07,49.58,49.6,0.0
2022-04-06 13:30:00,INDEX:R3TW,38.62,42.91,35.46,40.81,0.0
2022-04-07 13:30:00,INDEX:R3TW,39.72,39.97,32.26,37.84,0.0
2022-04-08 13:30:00,INDEX:R3TW,36.46,39.99,34.06,34.69,0.0
2022-04-11 13:30:00,INDEX:R3TW,30.61,34.14,27.7,28.33,0.0
2022-04-12 13:30:00,INDEX:R3TW,31.46,37.54,26.51,27.55,0.0
2022-04-13 13:30:00,INDEX:R3TW,29.84,37.68,29.84,36.55,0.0
2022-04-14 13:30:00,INDEX:R3TW,36.33,38.04,33.12,33.12,0.0
2022-04-18 13:30:00,INDEX:R3TW,31.66,31.66,27.11,28.68,0.0
2022-04-19 13:30:00,INDEX:R3TW,30.72,44.97,30.72,43.69,0.0
2022-04-20 13:30:00,INDEX:R3TW,51.6,55.5,50.4,50.8,0.0
2022-04-21 13:30:00,INDEX:R3TW,56.08,56.08,36.98,37.6,0.0
2022-04-22 13:30:00,INDEX:R3TW,31.7,31.74,19.24,19.27,0.0
2022-04-25 13:30:00,INDEX:R3TW,13.99,21.46,10.16,21.43,0.0
2022-04-26 13:30:00,INDEX:R3TW,18.7,18.7,10.42,10.42,0.0
2022-04-27 13:30:00,INDEX:R3TW,13.52,15.02,9.07,11.08,0.0
2022-04-28 13:30:00,INDEX:R3TW,14.47,23.66,10.86,22.38,0.0
2022-04-29 13:30:00,INDEX:R3TW,21.91,23.98,10.42,10.64,0.0
2022-05-02 13:30:00,INDEX:R3TW,11.22,16.12,8.28,15.72,0.0
2022-05-03 13:30:00,INDEX:R3TW,16.7,23.61,16.7,21.9,0.0
2022-05-04 13:30:00,INDEX:R3TW,23.93,41.26,20.66,41.24,0.0
2022-05-05 13:30:00,INDEX:R3TW,33.9,33.9,17.8,22.12,0.0
2022-05-06 13:30:00,INDEX:R3TW,14.82,21.36,14.82,19.22,0.0
2022-05-09 13:30:00,INDEX:R3TW,13.12,15.37,11.48,11.95,0.0
2022-05-10 13:30:00,INDEX:R3TW,14.61,14.61,6.68,10.18,0.0
2022-05-11 13:30:00,INDEX:R3TW,10.32,14.94,7.92,7.92,0.0
2022-05-12 13:30:00,INDEX:R3TW,8.54,11.16,6.9,11.16,0.0
2022-05-13 13:30:00,INDEX:R3TW,14.76,22.32,14.76,19.7,0.0
2022-05-16 13:30:00,INDEX:R3TW,18.43,23.49,18.07,20.47,0.0
2022-05-17 13:30:00,INDEX:R3TW,32.54,40.14,29.41,40.1,0.0
2022-05-18 13:30:00,INDEX:R3TW,35.04,36.06,21.14,22.74,0.0
2022-05-19 13:30:00,INDEX:R3TW,20.7,29.69,20.7,24.16,0.0
2022-05-20 13:30:00,INDEX:R3TW,32.24,32.24,15.75,25.94,0.0
2022-05-23 13:30:00,INDEX:R3TW,33.4,38.46,29.22,35.52,0.0
2022-05-24 13:30:00,INDEX:R3TW,30.28,31.9,20.38,31.9,0.0
2022-05-25 13:30:00,INDEX:R3TW,31.28,46.39,31.28,41.6,0.0
2022-05-26 13:30:00,INDEX:R3TW,52.16,63.93,52.16,60.78,0.0
2022-05-27 13:30:00,INDEX:R3TW,68.98,78.49,68.98,78.48,0.0
2022-05-31 13:30:00,INDEX:R3TW,75.23,77.34,70.21,74.07,0.0
2022-06-01 13:30:00,INDEX:R3TW,79.6,79.6,59.83,68.02,0.0
2022-06-02 13:30:00,INDEX:R3TW,71.66,83.02,71.66,83.02,0.0
2022-06-03 13:30:00,INDEX:R3TW,80.08,80.33,76.43,78.06,0.0
2022-06-06 13:30:00,INDEX:R3TW,82.73,82.73,76.72,78.34,0.0
2022-06-07 13:30:00,INDEX:R3TW,75.17,84.65,75.17,84.65,0.0
2022-06-08 13:30:00,INDEX:R3TW,79.14,82.17,72.11,73.71,0.0
2022-06-09 13:30:00,INDEX:R3TW,66.75,66.89,50.18,50.18,0.0
2022-06-10 13:30:00,INDEX:R3TW,34.42,34.42,22.02,24.07,0.0
2022-06-13 13:30:00,INDEX:R3TW,14.95,14.95,7.15,8.2,0.0
2022-06-14 13:30:00,INDEX:R3TW,9.15,9.15,6.96,8.53,0.0
2022-06-15 13:30:00,INDEX:R3TW,11.23,17.91,11.23,13.32,0.0
2022-06-16 13:30:00,INDEX:R3TW,8.21,8.21,4.12,5.54,0.0
2022-06-17 13:30:00,INDEX:R3TW,7.41,11.53,7.41,10.04,0.0
2022-06-21 13:30:00,INDEX:R3TW,18.32,18.32,15.99,15.99,0.0
2022-06-22 13:30:00,INDEX:R3TW,16.57,21.68,16.57,18.83,0.0
2022-06-23 13:30:00,INDEX:R3TW,21.75,28.52,20.66,28.52,0.0
2022-06-24 13:30:00,INDEX:R3TW,38.75,42.87,38.75,42.85,0.0
2022-06-27 13:30:00,INDEX:R3TW,44.83,47.27,40.4,43.53,0.0
2022-06-28 13:30:00,INDEX:R3TW,56.1,56.1,30.85,30.85,0.0
2022-06-29 13:30:00,INDEX:R3TW,30.34,30.34,25.74,29.61,0.0
2022-06-30 13:30:00,INDEX:R3TW,23.43,33.45,21.6,28.74,0.0
2022-07-01 13:30:00,INDEX:R3TW,31.12,42.53,30.68,41.56,0.0
2022-07-05 13:30:00,INDEX:R3TW,34.66,48.35,28.36,48.35,0.0
2022-07-06 13:30:00,INDEX:R3TW,53.46,53.46,41.79,47.08,0.0
2022-07-07 13:30:00,INDEX:R3TW,57.31,62.23,57.31,61.21,0.0
2022-07-08 13:30:00,INDEX:R3TW,57.67,67.45,57.03,61.24,0.0
2022-07-11 13:30:00,INDEX:R3TW,52.76,56.8,50.82,52.0,0.0
2022-07-12 13:30:00,INDEX:R3TW,55.85,62.42,48.74,52.11,0.0
2022-07-13 13:30:00,INDEX:R3TW,41.49,49.34,41.45,46.16,0.0
2022-07-14 13:30:00,INDEX:R3TW,33.08,37.42,28.93,37.23,0.0
2022-07-15 13:30:00,INDEX:R3TW,46.16,58.54,40.67,58.54,0.0
2022-07-18 13:30:00,INDEX:R3TW,68.03,68.78,52.37,52.71,0.0
2022-07-19 13:30:00,INDEX:R3TW,65.64,80.18,65.64,80.18,0.0
2022-07-20 13:30:00,INDEX:R3TW,80.71,85.49,80.63,84.37,0.0
2022-07-21 13:30:00,INDEX:R3TW,80.85,83.06,76.11,83.05,0.0
2022-07-22 13:30:00,INDEX:R3TW,80.95,81.59,71.34,75.08,0.0
2022-07-25 13:30:00,INDEX:R3TW,75.08,79.64,75.08,79.07,0.0
2022-07-26 13:30:00,INDEX:R3TW,72.81,73.64,70.9,72.08,0.0
2022-07-27 13:30:00,INDEX:R3TW,75.45,82.95,73.32,81.67,0.0
2022-07-28 13:30:00,INDEX:R3TW,77.33,82.01,74.55,81.71,0.0
2022-07-29 13:30:00,INDEX:R3TW,78.9,81.19,78.53,81.0,0.0
2022-08-01 13:30:00,INDEX:R3TW,76.77,82.22,76.77,80.57,0.0
2022-08-02 13:30:00,INDEX:R3TW,79.64,83.6,79.26,79.26,0.0
2022-08-03 13:30:00,INDEX:R3TW,82.32,84.04,81.5,82.69,0.0
2022-08-04 13:30:00,INDEX:R3TW,81.31,81.8,78.53,78.53,0.0
2022-08-05 13:30:00,INDEX:R3TW,74.53,79.31,74.53,79.13,0.0
2022-08-08 13:30:00,INDEX:R3TW,81.78,84.51,79.95,81.22,0.0
2022-08-09 13:30:00,INDEX:R3TW,76.55,76.55,72.28,73.67,0.0
2022-08-10 13:30:00,INDEX:R3TW,80.44,83.24,80.44,82.57,0.0
2022-08-11 13:30:00,INDEX:R3TW,84.85,86.64,81.97,82.16,0.0
2022-08-12 13:30:00,INDEX:R3TW,82.68,86.98,82.68,86.98,0.0
2022-08-15 13:30:00,INDEX:R3TW,83.58,86.42,83.43,86.2,0.0
2022-08-16 13:30:00,INDEX:R3TW,84.7,85.86,82.53,84.77,0.0
2022-08-17 13:30:00,INDEX:R3TW,80.62,80.62,75.76,77.39,0.0
2022-08-18 13:30:00,INDEX:R3TW,76.72,79.56,76.16,79.34,0.0
2022-08-19 13:30:00,INDEX:R3TW,72.67,72.67,63.95,64.84,0.0
2022-08-22 13:30:00,INDEX:R3TW,48.37,48.37,40.05,41.14,0.0
2022-08-23 13:30:00,INDEX:R3TW,40.95,43.72,36.5,36.5,0.0
2022-08-24 13:30:00,INDEX:R3TW,32.94,41.96,32.94,37.82,0.0
2022-08-25 13:30:00,INDEX:R3TW,40.86,52.73,40.86,52.73,0.0
2022-08-26 13:30:00,INDEX:R3TW,51.42,51.42,22.69,22.69,0.0
2022-08-29 13:30:00,INDEX:R3TW,17.0,21.49,17.0,18.5,0.0
2022-08-30 13:30:00,INDEX:R3TW,18.35,18.35,11.01,11.57,0.0
2022-08-31 13:30:00,INDEX:R3TW,10.74,12.54,10.48,10.48,0.0
2022-09-01 13:30:00,INDEX:R3TW,6.96,8.56,6.32,8.56,0.0
2022-09-02 13:30:00,INDEX:R3TW,9.31,13.07,8.15,8.15,0.0
2022-09-06 13:30:00,INDEX:R3TW,8.83,8.83,6.66,6.85,0.0
2022-09-07 13:30:00,INDEX:R3TW,5.58,14.19,5.58,13.86,0.0
2022-09-08 13:30:00,INDEX:R3TW,12.48,20.99,12.48,20.99,0.0
2022-09-09 13:30:00,INDEX:R3TW,27.92,36.91,27.92,35.98,0.0
2022-09-12 13:30:00,INDEX:R3TW,46.68,50.85,45.37,50.85,0.0
2022-09-13 13:30:00,INDEX:R3TW,31.43,32.28,19.12,19.35,0.0
2022-09-14 13:30:00,INDEX:R3TW,20.73,27.04,20.73,26.41,0.0
2022-09-15 13:30:00,INDEX:R3TW,25.82,33.39,24.4,25.03,0.0
2022-09-16 13:30:00,INDEX:R3TW,17.79,18.95,13.39,18.93,0.0
2022-09-19 13:30:00,INDEX:R3TW,16.54,26.13,16.54,26.13,0.0
2022-09-20 13:30:00,INDEX:R3TW,21.58,21.69,16.43,19.41,0.0
2022-09-21 13:30:00,INDEX:R3TW,22.03,26.47,14.11,14.11,0.0
2022-09-22 13:30:00,INDEX:R3TW,9.74,9.93,7.8,8.62,0.0
2022-09-23 13:30:00,INDEX:R3TW,4.85,4.85,3.43,4.74,0.0
2022-09-26 13:30:00,INDEX:R3TW,5.19,7.61,4.18,4.29,0.0
2022-09-27 13:30:00,INDEX:R3TW,6.35,7.5,3.92,4.55,0.0
2022-09-28 13:30:00,INDEX:R3TW,5.56,15.65,5.56,13.63,0.0
2022-09-29 13:30:00,INDEX:R3TW,9.77,9.77,6.2,8.11,0.0
2022-09-30 13:30:00,INDEX:R3TW,7.87,15.59,6.98,6.98,0.0
2022-10-03 13:30:00,INDEX:R3TW,9.66,19.94,9.66,17.59,0.0
2022-10-04 13:30:00,INDEX:R3TW,41.2,51.08,41.2,51.08,0.0
2022-10-05 13:30:00,INDEX:R3TW,42.18,49.57,36.54,46.94,0.0
2022-10-06 13:30:00,INDEX:R3TW,50.83,50.83,41.81,43.64,0.0
2022-10-07 13:30:00,INDEX:R3TW,36.63,36.63,22.83,25.26,0.0
2022-10-10 13:30:00,INDEX:R3TW,28.64,30.43,23.66,27.17,0.0
2022-10-11 13:30:00,INDEX:R3TW,25.76,37.32,21.21,29.51,0.0
2022-10-12 13:30:00,INDEX:R3TW,26.12,33.68,26.09,29.01,0.0
2022-10-13 13:30:00,INDEX:R3TW,18.41,52.33,18.41,50.0,0.0
2022-10-14 13:30:00,INDEX:R3TW,56.74,56.74,35.46,35.46,0.0
2022-10-17 13:30:00,INDEX:R3TW,53.23,62.15,53.23,60.66,0.0
2022-10-18 13:30:00,INDEX:R3TW,77.58,77.58,67.21,70.83,0.0
2022-10-19 13:30:00,INDEX:R3TW,66.43,66.43,52.43,56.98,0.0
2022-10-20 13:30:00,INDEX:R3TW,58.3,64.31,45.7,48.3,0.0
2022-10-21 13:30:00,INDEX:R3TW,51.03,62.43,48.92,62.43,0.0
2022-10-24 13:30:00,INDEX:R3TW,63.21,65.79,60.32,64.8,0.0
2022-10-25 13:30:00,INDEX:R3TW,69.41,82.22,69.41,81.52,0.0
2022-10-26 13:30:00,INDEX:R3TW,81.64,88.24,80.78,80.78,0.0
2022-10-27 13:30:00,INDEX:R3TW,84.02,84.72,77.77,77.77,0.0
2022-10-28 13:30:00,INDEX:R3TW,78.2,84.29,75.82,84.1,0.0
2022-10-31 13:30:00,INDEX:R3TW,82.38,84.77,81.8,82.93,0.0
2022-11-01 13:30:00,INDEX:R3TW,88.36,88.36,83.67,83.87,0.0
2022-11-02 13:30:00,INDEX:R3TW,79.81,80.0,66.48,66.48,0.0
2022-11-03 13:30:00,INDEX:R3TW,56.52,64.72,56.52,60.66,0.0
2022-11-04 13:30:00,INDEX:R3TW,66.99,68.51,59.29,66.25,0.0
2022-11-07 14:30:00,INDEX:R3TW,68.63,68.63,63.71,67.43,0.0
2022-11-08 14:30:00,INDEX:R3TW,67.47,72.0,62.54,67.03,0.0
2022-11-09 14:30:00,INDEX:R3TW,61.36,62.84,53.65,53.81,0.0
2022-11-10 14:30:00,INDEX:R3TW,72.42,80.32,72.42,80.32,0.0
2022-11-11 14:30:00,INDEX:R3TW,80.4,82.47,79.38,80.64,0.0
2022-11-14 14:30:00,INDEX:R3TW,78.92,81.42,75.67,75.67,0.0
2022-11-15 14:30:00,INDEX:R3TW,79.93,81.89,77.63,78.99,0.0
2022-11-16 14:30:00,INDEX:R3TW,75.11,75.11,69.83,70.25,0.0
2022-11-17 14:30:00,INDEX:R3TW,59.56,64.65,58.35,64.65,0.0
2022-11-18 14:30:00,INDEX:R3TW,68.8,68.8,63.67,66.75,0.0
2022-11-21 14:30:00,INDEX:R3TW,64.48,64.48,60.61,63.74,0.0
2022-11-22 14:30:00,INDEX:R3TW,65.07,70.16,65.07,70.0,0.0
2022-11-23 14:30:00,INDEX:R3TW,68.05,71.61,67.07,70.72,0.0
2022-11-25 14:30:00,INDEX:R3TW,68.71,72.99,68.71,71.93,0.0
2022-11-28 14:30:00,INDEX:R3TW,68.36,68.36,52.45,54.64,0.0
2022-11-29 14:30:00,INDEX:R3TW,54.25,60.44,54.25,56.25,0.0
2022-11-30 14:30:00,INDEX:R3TW,57.7,76.95,48.41,76.95,0.0
2022-12-01 14:30:00,INDEX:R3TW,79.53,79.53,71.61,74.67,0.0
2022-12-02 14:30:00,INDEX:R3TW,64.52,75.49,64.52,74.46,0.0
2022-12-05 14:30:00,INDEX:R3TW,65.17,65.17,48.4,50.0,0.0
2022-12-06 14:30:00,INDEX:R3TW,45.52,45.52,31.36,36.42,0.0
2022-12-07 14:30:00,INDEX:R3TW,34.08,38.91,32.06,32.69,0.0
2022-12-08 14:30:00,INDEX:R3TW,31.84,41.88,31.84,37.13,0.0
2022-12-09 14:30:00,INDEX:R3TW,33.39,37.05,28.61,28.61,0.0
2022-12-12 14:30:00,INDEX:R3TW,29.34,40.71,29.34,40.71,0.0
2022-12-13 14:30:00,INDEX:R3TW,69.05,69.05,43.51,48.11,0.0
2022-12-14 14:30:00,INDEX:R3TW,49.78,54.72,40.63,43.24,0.0
2022-12-15 14:30:00,INDEX:R3TW,30.24,30.24,21.91,22.66,0.0
2022-12-16 14:30:00,INDEX:R3TW,16.08,18.73,13.31,17.79,0.0
2022-12-19 14:30:00,INDEX:R3TW,16.08,16.08,9.96,10.9,0.0
2022-12-20 14:30:00,INDEX:R3TW,13.01,15.66,12.89,14.49,0.0
2022-12-21 14:30:00,INDEX:R3TW,19.05,27.86,19.05,26.53,0.0
2022-12-22 14:30:00,INDEX:R3TW,20.14,20.14,11.57,18.82,0.0
2022-12-23 14:30:00,INDEX:R3TW,20.03,25.17,16.95,25.17,0.0
2022-12-27 14:30:00,INDEX:R3TW,25.17,27.7,22.99,25.34,0.0
2022-12-28 14:30:00,INDEX:R3TW,26.58,26.82,15.32,15.32,0.0
2022-12-29 14:30:00,INDEX:R3TW,19.33,35.82,19.33,35.21,0.0
2022-12-30 14:30:00,INDEX:R3TW,30.69,34.05,26.34,32.89,0.0
2023-01-03 14:30:00,INDEX:R3TW,46.5,46.5,26.91,35.28,0.0
2023-01-04 14:30:00,INDEX:R3TW,44.5,56.92,44.19,51.25,0.0
2023-01-05 14:30:00,INDEX:R3TW,38.17,45.27,38.17,41.41,0.0
2023-01-06 14:30:00,INDEX:R3TW,52.29,65.56,52.29,65.0,0.0
2023-01-09 14:30:00,INDEX:R3TW,70.25,74.34,64.46,64.47,0.0
2023-01-10 14:30:00,INDEX:R3TW,66.29,72.58,64.4,72.58,0.0
2023-01-11 14:30:00,INDEX:R3TW,76.33,81.66,76.33,81.66,0.0
2023-01-12 14:30:00,INDEX:R3TW,82.27,86.83,79.92,86.37,0.0
2023-01-13 14:30:00,INDEX:R3TW,84.32,88.41,84.32,88.4,0.0
2023-01-17 14:30:00,INDEX:R3TW,88.33,88.83,85.74,85.97,0.0
2023-01-18 14:30:00,INDEX:R3TW,85.66,85.93,73.22,73.22,0.0
2023-01-19 14:30:00,INDEX:R3TW,69.16,69.16,63.36,66.19,0.0
2023-01-20 14:30:00,INDEX:R3TW,67.15,75.65,67.15,75.65,0.0
2023-01-23 14:30:00,INDEX:R3TW,75.96,81.83,75.96,79.86,0.0
2023-01-24 14:30:00,INDEX:R3TW,77.24,79.71,76.54,78.43,0.0
2023-01-25 14:30:00,INDEX:R3TW,70.54,78.16,68.72,77.92,0.0
2023-01-26 14:30:00,INDEX:R3TW,77.88,79.78,75.37,79.76,0.0
2023-01-27 14:30:00,INDEX:R3TW,77.44,80.15,75.74,78.14,0.0
2023-01-30 14:30:00,INDEX:R3TW,73.96,79.14,70.44,70.44,0.0
2023-01-31 14:30:00,INDEX:R3TW,72.49,82.82,72.49,82.8,0.0
2023-02-01 14:30:00,INDEX:R3TW,79.84,86.65,76.46,84.34,0.0
2023-02-02 14:30:00,INDEX:R3TW,85.07,86.15,82.38,85.67,0.0
2023-02-03 14:30:00,INDEX:R3TW,83.63,84.21,81.09,81.77,0.0
2023-02-06 14:30:00,INDEX:R3TW,78.58,78.58,73.22,74.52,0.0
2023-02-07 14:30:00,INDEX:R3TW,68.63,77.68,64.89,76.76,0.0
2023-02-08 14:30:00,INDEX:R3TW,71.67,72.9,63.15,63.15,0.0
2023-02-09 14:30:00,INDEX:R3TW,68.7,68.7,47.74,48.94,0.0
2023-02-10 14:30:00,INDEX:R3TW,43.69,49.67,43.19,49.13,0.0
2023-02-13 14:30:00,INDEX:R3TW,47.63,61.77,47.63,61.77,0.0
2023-02-14 14:30:00,INDEX:R3TW,65.27,65.27,46.39,57.1,0.0
2023-02-15 14:30:00,INDEX:R3TW,48.51,64.85,48.01,64.85,0.0
2023-02-16 14:30:00,INDEX:R3TW,50.13,59.96,50.13,50.13,0.0
2023-02-17 14:30:00,INDEX:R3TW,47.05,50.28,41.81,50.28,0.0
2023-02-21 14:30:00,INDEX:R3TW,40.0,40.0,25.89,26.35,0.0
2023-02-22 14:30:00,INDEX:R3TW,28.67,30.82,25.58,26.93,0.0
2023-02-23 14:30:00,INDEX:R3TW,33.91,33.91,23.35,30.72,0.0
2023-02-24 14:30:00,INDEX:R3TW,21.51,24.24,19.5,24.16,0.0
2023-02-27 14:30:00,INDEX:R3TW,29.06,34.0,24.5,25.28,0.0
2023-02-28 14:30:00,INDEX:R3TW,25.71,30.88,25.67,25.68,0.0
2023-03-01 14:30:00,INDEX:R3TW,25.26,28.73,23.9,26.81,0.0
2023-03-02 14:30:00,INDEX:R3TW,22.45,32.16,22.45,32.12,0.0
2023-03-03 14:30:00,INDEX:R3TW,34.82,44.56,32.81,43.17,0.0
2023-03-06 14:30:00,INDEX:R3TW,44.75,44.75,32.65,34.61,0.0
2023-03-07 14:30:00,INDEX:R3TW,34.27,36.16,26.06,26.75,0.0
2023-03-08 14:30:00,INDEX:R3TW,27.37,30.18,24.01,28.6,0.0
2023-03-09 14:30:00,INDEX:R3TW,30.57,31.45,15.88,15.88,0.0
2023-03-10 14:30:00,INDEX:R3TW,10.29,13.87,6.36,7.47,0.0
2023-03-13 13:30:00,INDEX:R3TW,7.28,10.25,7.28,8.06,0.0
2023-03-14 13:30:00,INDEX:R3TW,14.03,18.08,12.45,16.23,0.0
2023-03-15 13:30:00,INDEX:R3TW,11.49,13.84,9.67,13.84,0.0
2023-03-16 13:30:00,INDEX:R3TW,12.88,20.55,12.03,19.86,0.0
2023-03-17 13:30:00,INDEX:R3TW,19.24,19.24,14.34,14.88,0.0
2023-03-20 13:30:00,INDEX:R3TW,17.5,20.01,16.85,19.2,0.0
2023-03-21 13:30:00,INDEX:R3TW,26.34,26.64,22.44,24.72,0.0
2023-03-22 13:30:00,INDEX:R3TW,23.72,26.46,14.46,14.47,0.0
2023-03-23 13:30:00,INDEX:R3TW,18.75,24.08,13.89,16.44,0.0
2023-03-24 13:30:00,INDEX:R3TW,14.51,21.26,13.77,21.26,0.0
2023-03-27 13:30:00,INDEX:R3TW,26.63,29.1,24.7,26.63,0.0
2023-03-28 13:30:00,INDEX:R3TW,26.01,30.68,25.82,28.57,0.0
2023-03-29 13:30:00,INDEX:R3TW,37.14,41.73,35.32,41.71,0.0
2023-03-30 13:30:00,INDEX:R3TW,51.79,53.68,44.3,47.1,0.0
2023-03-31 13:30:00,INDEX:R3TW,57.92,68.04,57.92,68.04,0.0
2023-04-03 13:30:00,INDEX:R3TW,71.98,71.98,63.02,69.0,0.0
2023-04-04 13:30:00,INDEX:R3TW,70.53,70.53,52.88,56.56,0.0
2023-04-05 13:30:00,INDEX:R3TW,50.28,51.43,46.15,50.13,0.0
2023-04-06 13:30:00,INDEX:R3TW,48.71,53.92,48.1,52.69,0.0
2023-04-10 13:30:00,INDEX:R3TW,49.25,61.38,49.25,61.38,0.0
2023-04-11 13:30:00,INDEX:R3TW,64.98,69.38,63.98,66.13,0.0
2023-04-12 13:30:00,INDEX:R3TW,69.19,69.26,58.97,58.97,0.0
2023-04-13 13:30:00,INDEX:R3TW,69.19,69.26,58.97,67.66,0.0
2023-04-14 13:30:00,INDEX:R3TW,69.65,73.09,56.71,60.27,0.0
2023-04-17 13:30:00,INDEX:R3TW,60.42,68.46,60.42,68.46,0.0
2023-04-18 13:30:00,INDEX:R3TW,69.95,69.95,60.61,63.68,0.0
2023-04-19 13:30:00,INDEX:R3TW,58.66,66.62,58.32,65.55,0.0
2023-04-20 13:30:00,INDEX:R3TW,56.37,60.19,52.58,55.64,0.0
2023-04-21 13:30:00,INDEX:R3TW,54.49,54.49,48.02,53.5,0.0
2023-04-24 13:30:00,INDEX:R3TW,51.12,54.84,46.91,50.32,0.0
2023-04-25 13:30:00,INDEX:R3TW,39.15,39.64,30.99,30.99,0.0
2023-04-26 13:30:00,INDEX:R3TW,28.7,29.04,22.46,23.07,0.0
2023-04-27 13:30:00,INDEX:R3TW,27.32,35.78,25.52,35.7,0.0
2023-04-28 13:30:00,INDEX:R3TW,35.97,46.0,35.97,44.46,0.0
2023-05-01 13:30:00,INDEX:R3TW,49.02,51.47,43.97,45.91,0.0
2023-05-02 13:30:00,INDEX:R3TW,36.99,36.99,24.94,31.92,0.0
2023-05-03 13:30:00,INDEX:R3TW,35.85,42.6,33.04,33.04,0.0
2023-05-04 13:30:00,INDEX:R3TW,31.7,31.7,25.63,29.42,0.0
2023-05-05 13:30:00,INDEX:R3TW,38.16,43.43,38.16,42.36,0.0
2023-05-08 13:30:00,INDEX:R3TW,44.42,44.42,39.77,42.09,0.0
2023-05-09 13:30:00,INDEX:R3TW,37.06,41.6,35.95,39.92,0.0
2023-05-10 13:30:00,INDEX:R3TW,47.55,47.55,37.82,42.97,0.0
2023-05-11 13:30:00,INDEX:R3TW,38.7,38.7,36.03,38.51,0.0
2023-05-12 13:30:00,INDEX:R3TW,41.25,41.79,33.7,37.59,0.0
2023-05-15 13:30:00,INDEX:R3TW,39.0,47.06,38.93,44.46,0.0
2023-05-16 13:30:00,INDEX:R3TW,40.26,40.26,34.3,34.3,0.0
2023-05-17 13:30:00,INDEX:R3TW,38.69,51.03,37.01,50.7,0.0
2023-05-18 13:30:00,INDEX:R3TW,48.6,56.93,47.64,55.98,0.0
2023-05-19 13:30:00,INDEX:R3TW,62.74,62.74,50.51,52.61,0.0
2023-05-22 13:30:00,INDEX:R3TW,57.01,63.31,55.52,60.55,0.0
2023-05-23 13:30:00,INDEX:R3TW,62.46,65.97,57.41,57.41,0.0
2023-05-24 13:30:00,INDEX:R3TW,53.24,53.24,44.68,46.75,0.0
2023-05-25 13:30:00,INDEX:R3TW,45.48,45.48,37.53,41.87,0.0
2023-05-26 13:30:00,INDEX:R3TW,43.55,49.44,43.55,48.91,0.0
2023-05-30 13:30:00,INDEX:R3TW,50.43,50.43,45.23,47.57,0.0
2023-05-31 13:30:00,INDEX:R3TW,41.33,41.33,33.88,39.04,0.0
2023-06-01 13:30:00,INDEX:R3TW,38.08,49.17,38.08,46.86,0.0
2023-06-02 13:30:00,INDEX:R3TW,58.76,73.41,58.76,73.33,0.0
2023-06-05 13:30:00,INDEX:R3TW,71.61,71.61,64.13,66.2,0.0
2023-06-06 13:30:00,INDEX:R3TW,65.63,78.0,65.63,77.66,0.0
2023-06-07 13:30:00,INDEX:R3TW,82.32,83.92,81.67,83.46,0.0
2023-06-08 13:30:00,INDEX:R3TW,78.72,81.74,78.45,80.71,0.0
2023-06-09 13:30:00,INDEX:R3TW,80.51,80.55,75.63,76.05,0.0
2023-06-12 13:30:00,INDEX:R3TW,75.43,79.1,75.43,77.88,0.0
2023-06-13 13:30:00,INDEX:R3TW,83.04,84.33,81.47,82.08,0.0
2023-06-14 13:30:00,INDEX:R3TW,83.07,83.07,74.36,76.5,0.0
2023-06-15 13:30:00,INDEX:R3TW,76.81,81.05,74.82,80.97,0.0
2023-06-16 13:30:00,INDEX:R3TW,81.16,81.16,76.15,77.66,0.0
2023-06-20 13:30:00,INDEX:R3TW,72.68,72.68,67.29,70.49,0.0
2023-06-21 13:30:00,INDEX:R3TW,65.55,71.06,64.1,65.54,0.0
2023-06-22 13:30:00,INDEX:R3TW,59.8,59.8,52.9,55.61,0.0
2023-06-23 13:30:00,INDEX:R3TW,43.85,48.71,41.59,43.08,0.0
2023-06-26 13:30:00,INDEX:R3TW,42.09,49.71,42.09,44.92,0.0
2023-06-27 13:30:00,INDEX:R3TW,45.11,56.26,43.77,53.69,0.0
2023-06-28 13:30:00,INDEX:R3TW,47.87,52.58,47.87,52.56,0.0
2023-06-29 13:30:00,INDEX:R3TW,56.39,59.96,56.39,59.88,0.0
2023-06-30 13:30:00,INDEX:R3TW,64.88,64.88,60.33,61.46,0.0
2023-07-03 13:30:00,INDEX:R3TW,62.28,66.93,62.28,66.93,0.0
2023-07-05 13:30:00,INDEX:R3TW,56.79,59.58,54.76,54.76,0.0
2023-07-06 13:30:00,INDEX:R3TW,40.71,41.16,31.71,40.94,0.0
2023-07-07 13:30:00,INDEX:R3TW,45.68,56.0,45.68,49.73,0.0
2023-07-10 13:30:00,INDEX:R3TW,51.62,62.17,51.62,61.36,0.0
2023-07-11 13:30:00,INDEX:R3TW,65.24,69.88,62.15,69.77,0.0
2023-07-12 13:30:00,INDEX:R3TW,79.83,79.83,75.87,75.87,0.0
2023-07-13 13:30:00,INDEX:R3TW,75.87,80.51,75.87,79.86,0.0
2023-07-14 13:30:00,INDEX:R3TW,79.86,79.86,71.26,73.83,0.0
2023-07-17 13:30:00,INDEX:R3TW,73.83,79.52,72.92,77.14,0.0
2023-07-18 13:30:00,INDEX:R3TW,77.14,83.14,77.14,80.01,0.0
2023-07-19 13:30:00,INDEX:R3TW,83.1,84.08,80.16,81.97,0.0
2023-07-20 13:30:00,INDEX:R3TW,81.97,81.97,77.33,78.31,0.0
2023-07-21 13:30:00,INDEX:R3TW,78.31,80.2,75.33,75.85,0.0
2023-07-24 13:30:00,INDEX:R3TW,78.53,78.53,71.97,73.21,0.0
2023-07-25 13:30:00,INDEX:R3TW,73.21,73.63,70.99,71.82,0.0
2023-07-26 13:30:00,INDEX:R3TW,71.82,72.87,69.25,72.11,0.0
2023-07-27 13:30:00,INDEX:R3TW,72.11,74.07,58.07,59.28,0.0
2023-07-28 13:30:00,INDEX:R3TW,59.28,68.26,59.28,65.47,0.0
2023-07-31 13:30:00,INDEX:R3TW,70.18,71.47,69.01,71.45,0.0
2023-08-01 13:30:00,INDEX:R3TW,71.45,71.45,63.26,67.06,0.0
2023-08-02 13:30:00,INDEX:R3TW,67.06,67.06,51.35,53.76,0.0
2023-08-03 13:30:00,INDEX:R3TW,53.76,53.76,45.49,48.92,0.0
2023-08-04 13:30:00,INDEX:R3TW,49.06,54.72,46.57,46.57,0.0
2023-08-07 13:30:00,INDEX:R3TW,46.57,49.81,45.23,49.81,0.0
2023-08-08 13:30:00,INDEX:R3TW,49.81,49.81,37.15,43.91,0.0
2023-08-09 13:30:00,INDEX:R3TW,43.91,43.91,38.91,40.29,0.0
2023-08-10 13:30:00,INDEX:R3TW,40.29,47.29,36.23,37.65,0.0
2023-08-11 13:30:00,INDEX:R3TW,35.64,39.1,35.64,38.45,0.0
2023-08-14 13:30:00,INDEX:R3TW,31.89,35.39,31.11,34.69,0.0
2023-08-15 13:30:00,INDEX:R3TW,34.69,34.69,26.91,27.47,0.0
2023-08-16 13:30:00,INDEX:R3TW,27.47,29.38,21.17,21.21,0.0
2023-08-17 13:30:00,INDEX:R3TW,21.21,24.04,17.07,17.08,0.0
2023-08-18 13:30:00,INDEX:R3TW,17.08,19.91,16.37,19.5,0.0
2023-08-21 13:30:00,INDEX:R3TW,19.5,20.21,16.97,19.3,0.0
2023-08-22 13:30:00,INDEX:R3TW,19.3,21.28,18.03,18.25,0.0
2023-08-23 13:30:00,INDEX:R3TW,18.25,25.16,18.25,24.06,0.0
2023-08-24 13:30:00,INDEX:R3TW,24.06,27.76,17.37,17.37,0.0
2023-08-25 13:30:00,INDEX:R3TW,17.37,24.96,15.73,21.59,0.0
2023-08-28 13:30:00,INDEX:R3TW,21.59,33.89,21.59,30.6,0.0
2023-08-29 13:30:00,INDEX:R3TW,30.6,45.44,30.6,45.44,0.0
2023-08-30 13:30:00,INDEX:R3TW,45.44,53.4,45.44,51.43,0.0
2023-08-31 13:30:00,INDEX:R3TW,51.43,55.96,48.48,48.48,0.0
2023-09-01 13:30:00,INDEX:R3TW,48.48,62.65,48.48,60.09,0.0
2023-09-05 13:30:00,INDEX:R3TW,46.32,47.7,39.73,39.73,0.0
2023-09-06 13:30:00,INDEX:R3TW,39.73,45.02,33.5,37.52,0.0
2023-09-07 13:30:00,INDEX:R3TW,33.42,34.5,30.47,33.53,0.0
2023-09-08 13:30:00,INDEX:R3TW,33.53,35.73,32.3,33.49,0.0
2023-09-11 13:30:00,INDEX:R3TW,33.49,40.84,33.49,36.29,0.0
2023-09-12 13:30:00,INDEX:R3TW,36.29,42.18,36.29,38.41,0.0
2023-09-13 13:30:00,INDEX:R3TW,38.41,38.41,31.89,33.23,0.0
2023-09-14 13:30:00,INDEX:R3TW,41.51,47.42,40.13,47.42,0.0
2023-09-15 13:30:00,INDEX:R3TW,47.42,47.42,35.55,38.03,0.0
2023-09-18 13:30:00,INDEX:R3TW,38.03,38.03,32.36,32.36,0.0
2023-09-19 13:30:00,INDEX:R3TW,32.36,33.37,28.33,30.12,0.0
2023-09-20 13:30:00,INDEX:R3TW,30.12,37.58,26.09,26.09,0.0
2023-09-21 13:30:00,INDEX:R3TW,26.09,26.09,17.95,17.95,0.0
2023-09-22 13:30:00,INDEX:R3TW,17.95,20.0,16.34,16.34,0.0
2023-09-25 13:30:00,INDEX:R3TW,16.34,19.26,14.7,19.08,0.0
2023-09-26 13:30:00,INDEX:R3TW,18.4,18.4,12.92,12.92,0.0
2023-09-27 13:30:00,INDEX:R3TW,12.92,19.19,12.92,17.77,0.0
2023-09-28 13:30:00,INDEX:R3TW,17.77,28.04,17.77,24.69,0.0
2023-09-29 13:30:00,INDEX:R3TW,24.69,30.48,20.84,22.12,0.0
2023-10-02 13:30:00,INDEX:R3TW,22.12,22.12,15.35,17.26,0.0
2023-10-03 13:30:00,INDEX:R3TW,17.29,17.29,10.49,11.34,0.0
2023-10-04 13:30:00,INDEX:R3TW,11.38,16.48,9.74,16.03,0.0
2023-10-05 13:30:00,INDEX:R3TW,16.07,20.42,14.58,19.9,0.0
2023-10-06 13:30:00,INDEX:R3TW,19.9,31.91,17.18,27.86,0.0
2023-10-09 13:30:00,INDEX:R3TW,27.86,35.63,25.48,33.29,0.0
2023-10-10 13:30:00,INDEX:R3TW,33.29,50.14,33.29,43.91,0.0
2023-10-11 13:30:00,INDEX:R3TW,43.91,48.93,39.52,46.37,0.0
2023-10-12 13:30:00,INDEX:R3TW,46.37,46.37,28.69,33.6,0.0
2023-10-13 13:30:00,INDEX:R3TW,33.6,35.87,26.87,27.73,0.0
2023-10-16 13:30:00,INDEX:R3TW,27.77,44.45,27.77,43.63,0.0
2023-10-17 13:30:00,INDEX:R3TW,43.63,62.39,43.63,56.89,0.0
2023-10-18 13:30:00,INDEX:R3TW,56.89,56.89,36.06,36.06,0.0
2023-10-19 13:30:00,INDEX:R3TW,36.06,38.82,25.55,26.24,0.0
2023-10-20 13:30:00,INDEX:R3TW,26.24,26.24,17.74,17.74,0.0
2023-10-23 13:30:00,INDEX:R3TW,17.74,20.5,14.54,14.54,0.0
2023-10-24 13:30:00,INDEX:R3TW,14.54,23.37,14.54,20.43,0.0
2023-10-25 13:30:00,INDEX:R3TW,20.43,20.43,15.88,16.14,0.0
2023-10-26 13:30:00,INDEX:R3TW,19.35,23.82,18.19,21.02,0.0
2023-10-27 13:30:00,INDEX:R3TW,21.02,21.02,14.09,14.83,0.0
2023-10-30 13:30:00,INDEX:R3TW,14.83,22.59,14.83,21.55,0.0
2023-10-31 13:30:00,INDEX:R3TW,21.55,28.33,21.55,28.18,0.0
2023-11-01 13:30:00,INDEX:R3TW,28.18,33.18,25.31,33.18,0.0
2023-11-02 13:30:00,INDEX:R3TW,33.18,55.63,33.18,55.61,0.0
2023-11-03 13:30:00,INDEX:R3TW,73.21,75.9,72.13,73.43,0.0
2023-11-06 14:30:00,INDEX:R3TW,73.43,73.43,64.02,66.02,0.0
2023-11-07 14:30:00,INDEX:R3TW,63.39,68.02,63.39,66.09,0.0
2023-11-08 14:30:00,INDEX:R3TW,66.09,66.65,59.01,60.38,0.0
2023-11-09 14:30:00,INDEX:R3TW,60.38,62.64,50.59,51.2,0.0
2023-11-10 14:30:00,INDEX:R3TW,51.2,58.07,49.2,57.35,0.0
2023-11-13 14:30:00,INDEX:R3TW,57.35,59.13,53.0,57.43,0.0
2023-11-14 14:30:00,INDEX:R3TW,57.43,80.59,57.43,80.37,0.0
2023-11-15 14:30:00,INDEX:R3TW,83.53,86.8,82.04,82.04,0.0
2023-11-16 14:30:00,INDEX:R3TW,80.29,80.29,75.83,76.12,0.0
2023-11-17 14:30:00,INDEX:R3TW,76.12,80.25,76.12,79.94,0.0
2023-11-20 14:30:00,INDEX:R3TW,79.94,82.55,79.94,81.54,0.0
2023-11-21 14:30:00,INDEX:R3TW,81.54,81.54,76.33,76.33,0.0
2023-11-22 14:30:00,INDEX:R3TW,80.2,80.2,77.52,79.2,0.0
2023-11-24 14:30:00,INDEX:R3TW,79.23,82.5,79.23,82.39,0.0
2023-11-27 14:30:00,INDEX:R3TW,82.39,82.39,75.54,76.21,0.0
2023-11-28 14:30:00,INDEX:R3TW,76.21,76.25,69.89,72.05,0.0
2023-11-29 14:30:00,INDEX:R3TW,78.6,79.04,72.57,72.92,0.0
2023-11-30 14:30:00,INDEX:R3TW,72.92,74.78,69.98,71.5,0.0
2023-12-01 14:30:00,INDEX:R3TW,71.5,86.14,69.94,86.14,0.0
2023-12-04 14:30:00,INDEX:R3TW,87.59,87.92,85.61,87.7,0.0
2023-12-05 14:30:00,INDEX:R3TW,87.7,87.7,79.21,79.21,0.0
2023-12-06 14:30:00,INDEX:R3TW,79.21,83.16,76.35,76.61,0.0
2023-12-07 14:30:00,INDEX:R3TW,74.0,77.83,74.0,77.83,0.0
2023-12-08 14:30:00,INDEX:R3TW,74.0,80.18,74.0,79.03,0.0
2023-12-11 14:30:00,INDEX:R3TW,79.03,79.03,75.75,78.36,0.0
2023-12-12 14:30:00,INDEX:R3TW,78.36,78.36,71.95,75.23,0.0
2023-12-13 14:30:00,INDEX:R3TW,75.23,87.33,71.35,87.33,0.0
2023-12-14 14:30:00,INDEX:R3TW,87.33,92.55,87.33,89.42,0.0
2023-12-15 14:30:00,INDEX:R3TW,89.42,89.42,83.61,84.54,0.0
2023-12-18 14:30:00,INDEX:R3TW,84.54,86.81,84.54,84.76,0.0
2023-12-19 14:30:00,INDEX:R3TW,84.76,89.75,84.76,89.75,0.0
2023-12-20 14:30:00,INDEX:R3TW,89.75,89.75,80.92,80.96,0.0
2023-12-21 14:30:00,INDEX:R3TW,84.46,86.4,82.22,86.14,0.0
2023-12-22 14:30:00,INDEX:R3TW,86.14,89.38,86.14,87.1,0.0
2023-12-26 14:30:00,INDEX:R3TW,87.1,90.38,87.1,89.56,0.0
2023-12-27 14:30:00,INDEX:R3TW,89.56,89.71,87.33,88.18,0.0
2023-12-28 14:30:00,INDEX:R3TW,88.18,88.93,87.59,88.07,0.0
2023-12-29 14:30:00,INDEX:R3TW,88.07,88.07,80.91,81.8,0.0
2024-01-02 14:30:00,INDEX:R3TW,81.79,81.79,72.21,75.85,0.0
2024-01-03 14:30:00,INDEX:R3TW,75.85,75.85,45.13,45.13,0.0
2024-01-04 14:30:00,INDEX:R3TW,45.13,48.77,40.11,40.11,0.0
2024-01-05 14:30:00,INDEX:R3TW,34.31,46.35,34.31,38.32,0.0
2024-01-08 14:30:00,INDEX:R3TW,33.12,50.52,33.12,50.5,0.0
2024-01-09 14:30:00,INDEX:R3TW,50.5,50.5,35.4,38.28,0.0
2024-01-10 14:30:00,INDEX:R3TW,38.28,39.32,33.07,38.31,0.0
2024-01-11 14:30:00,INDEX:R3TW,32.92,32.92,24.4,31.69,0.0
2024-01-12 14:30:00,INDEX:R3TW,39.39,39.39,29.61,31.55,0.0
2024-01-16 14:30:00,INDEX:R3TW,31.55,31.55,22.99,25.56,0.0
2024-01-17 14:30:00,INDEX:R3TW,20.05,22.77,18.64,21.02,0.0
2024-01-18 14:30:00,INDEX:R3TW,21.02,25.94,19.57,25.94,0.0
2024-01-19 14:30:00,INDEX:R3TW,25.94,33.17,23.86,33.13,0.0
2024-01-22 14:30:00,INDEX:R3TW,33.13,48.39,33.13,48.39,0.0
2024-01-23 14:30:00,INDEX:R3TW,48.39,54.98,44.04,45.49,0.0
2024-01-24 14:30:00,INDEX:R3TW,45.49,54.91,40.95,41.35,0.0
2024-01-25 14:30:00,INDEX:R3TW,41.35,53.61,41.35,53.46,0.0
2024-01-26 14:30:00,INDEX:R3TW,53.46,61.73,53.46,55.7,0.0
2024-01-29 14:30:00,INDEX:R3TW,55.7,68.81,54.65,68.8,0.0
2024-01-30 14:30:00,INDEX:R3TW,68.8,68.8,61.75,62.35,0.0
2024-01-31 14:30:00,INDEX:R3TW,62.35,62.35,39.95,39.95,0.0
2024-02-01 14:30:00,INDEX:R3TW,39.95,53.72,36.89,53.72,0.0
2024-02-02 14:30:00,INDEX:R3TW,53.72,53.72,40.23,46.19,0.0
2024-02-05 14:30:00,INDEX:R3TW,46.19,46.19,31.13,35.27,0.0
2024-02-06 14:30:00,INDEX:R3TW,35.27,44.51,35.27,44.27,0.0
2024-02-07 14:30:00,INDEX:R3TW,44.25,46.48,40.57,43.69,0.0
2024-02-08 14:30:00,INDEX:R3TW,43.69,52.58,43.39,52.24,0.0
2024-02-09 14:30:00,INDEX:R3TW,52.24,58.79,50.98,58.42,0.0
2024-02-12 14:30:00,INDEX:R3TW,58.42,72.55,58.42,70.21,0.0
2024-02-13 14:30:00,INDEX:R3TW,70.21,70.21,35.66,39.99,0.0
2024-02-14 14:30:00,INDEX:R3TW,39.99,53.64,39.99,53.64,0.0
2024-02-15 14:30:00,INDEX:R3TW,63.03,70.66,59.71,69.88,0.0
2024-02-16 14:30:00,INDEX:R3TW,69.88,69.88,60.12,60.12,0.0
2024-02-20 14:30:00,INDEX:R3TW,60.12,60.12,52.38,53.05,0.0
2024-02-21 14:30:00,INDEX:R3TW,53.05,53.05,46.27,50.67,0.0
2024-02-22 14:30:00,INDEX:R3TW,50.67,54.09,49.36,53.03,0.0
2024-02-23 14:30:00,INDEX:R3TW,52.17,58.51,52.17,55.23,0.0
2024-02-26 14:30:00,INDEX:R3TW,55.23,59.32,52.58,54.47,0.0
2024-02-27 14:30:00,INDEX:R3TW,54.43,61.02,54.43,60.15,0.0
2024-02-28 14:30:00,INDEX:R3TW,60.15,60.15,56.24,56.37,0.0
2024-02-29 14:30:00,INDEX:R3TW,56.37,66.55,56.37,60.94,0.0
2024-03-01 14:30:00,INDEX:R3TW,60.94,62.51,54.9,61.72,0.0
2024-03-04 14:30:00,INDEX:R3TW,62.43,63.8,59.33,60.31,0.0
2024-03-05 14:30:00,INDEX:R3TW,60.31,60.31,53.15,54.9,0.0
2024-03-06 14:30:00,INDEX:R3TW,54.9,59.67,54.9,58.48,0.0
2024-03-07 14:30:00,INDEX:R3TW,58.48,64.56,58.48,62.66,0.0
2024-03-08 14:30:00,INDEX:R3TW,62.66,70.53,61.13,62.29,0.0
2024-03-11 13:30:00,INDEX:R3TW,62.29,62.29,56.58,59.71,0.0
2024-03-12 13:30:00,INDEX:R3TW,59.71,59.71,54.3,58.18,0.0
2024-03-13 13:30:00,INDEX:R3TW,58.18,62.02,53.86,56.38,0.0
2024-03-14 13:30:00,INDEX:R3TW,51.34,51.34,36.71,40.7,0.0
2024-03-15 13:30:00,INDEX:R3TW,40.7,45.26,40.7,43.78,0.0
2024-03-18 13:30:00,INDEX:R3TW,43.78,45.12,40.46,40.5,0.0
2024-03-19 13:30:00,INDEX:R3TW,40.5,47.55,40.5,46.5,0.0
2024-03-20 13:30:00,INDEX:R3TW,46.5,64.47,45.79,63.71,0.0
2024-03-21 13:30:00,INDEX:R3TW,70.66,71.52,66.74,68.68,0.0
2024-03-22 13:30:00,INDEX:R3TW,68.68,68.68,55.82,55.82,0.0
2024-03-25 13:30:00,INDEX:R3TW,55.82,61.99,54.0,54.0,0.0
2024-03-26 13:30:00,INDEX:R3TW,54.0,57.74,49.28,49.3,0.0
2024-03-27 13:30:00,INDEX:R3TW,49.3,71.12,49.3,71.12,0.0
2024-03-28 13:30:00,INDEX:R3TW,71.12,78.05,71.12,75.4,0.0
2024-04-01 13:30:00,INDEX:R3TW,75.4,75.4,65.12,65.31,0.0
2024-04-02 13:30:00,INDEX:R3TW,65.31,65.31,43.77,46.73,0.0
2024-04-03 13:30:00,INDEX:R3TW,46.73,50.05,43.45,48.09,0.0
2024-04-04 13:30:00,INDEX:R3TW,48.09,60.0,38.32,39.81,0.0
2024-04-05 13:30:00,INDEX:R3TW,39.81,47.01,37.57,43.5,0.0
2024-04-08 13:30:00,INDEX:R3TW,43.5,55.07,43.5,51.02,0.0
2024-04-09 13:30:00,INDEX:R3TW,51.02,58.0,50.87,57.7,0.0
2024-04-10 13:30:00,INDEX:R3TW,57.7,57.7,25.79,29.53,0.0
2024-04-11 13:30:00,INDEX:R3TW,29.53,34.42,24.75,32.3,0.0
2024-04-12 13:30:00,INDEX:R3TW,23.45,23.45,15.49,17.28,0.0
2024-04-15 13:30:00,INDEX:R3TW,17.28,17.28,10.08,10.79,0.0
2024-04-16 13:30:00,INDEX:R3TW,10.79,10.97,7.65,10.11,0.0
2024-04-17 13:30:00,INDEX:R3TW,10.11,12.88,7.84,7.84,0.0
2024-04-18 13:30:00,INDEX:R3TW,9.41,12.62,8.88,9.48,0.0
2024-04-19 13:30:00,INDEX:R3TW,9.48,17.84,9.48,17.81,0.0
2024-04-22 13:30:00,INDEX:R3TW,17.84,29.35,17.84,24.85,0.0
2024-04-23 13:30:00,INDEX:R3TW,29.14,40.32,29.14,37.78,0.0
2024-04-24 13:30:00,INDEX:R3TW,37.78,38.37,32.62,37.07,0.0
2024-04-25 13:30:00,INDEX:R3TW,29.7,34.6,26.98,33.07,0.0
2024-04-26 13:30:00,INDEX:R3TW,42.52,43.87,40.47,41.62,0.0
2024-04-29 13:30:00,INDEX:R3TW,41.62,51.34,41.62,48.43,0.0
2024-04-30 13:30:00,INDEX:R3TW,48.43,48.43,33.29,33.29,0.0
2024-05-01 13:30:00,INDEX:R3TW,33.29,55.34,33.29,42.18,0.0
2024-05-02 13:30:00,INDEX:R3TW,47.75,55.41,45.14,54.89,0.0
2024-05-03 13:30:00,INDEX:R3TW,67.04,68.98,61.17,62.1,0.0
2024-05-06 13:30:00,INDEX:R3TW,62.12,71.27,62.12,70.19,0.0
2024-05-07 13:30:00,INDEX:R3TW,70.19,74.37,70.19,71.48,0.0
2024-05-08 13:30:00,INDEX:R3TW,71.48,71.48,66.59,68.33,0.0
2024-05-09 13:30:00,INDEX:R3TW,68.33,73.94,68.18,73.94,0.0
2024-05-10 13:30:00,INDEX:R3TW,73.94,74.01,69.3,70.46,0.0
2024-05-13 13:30:00,INDEX:R3TW,70.46,76.44,70.46,71.16,0.0
2024-05-14 13:30:00,INDEX:R3TW,71.16,76.58,71.16,74.83,0.0
2024-05-15 13:30:00,INDEX:R3TW,77.33,77.33,74.9,75.95,0.0
2024-05-16 13:30:00,INDEX:R3TW,75.95,75.95,73.18,73.69,0.0
2024-05-17 13:30:00,INDEX:R3TW,73.69,73.69,71.34,72.23,0.0
2024-05-20 13:30:00,INDEX:R3TW,72.23,73.16,69.81,69.81,0.0
2024-05-21 13:30:00,INDEX:R3TW,69.81,69.81,65.35,66.29,0.0
2024-05-22 13:30:00,INDEX:R3TW,66.29,66.29,56.99,59.61,0.0
2024-05-23 13:30:00,INDEX:R3TW,49.79,50.8,38.24,40.04,0.0
2024-05-24 13:30:00,INDEX:R3TW,40.04,45.06,40.04,44.61,0.0
2024-05-28 13:30:00,INDEX:R3TW,44.61,45.63,38.05,39.93,0.0
2024-05-29 13:30:00,INDEX:R3TW,39.93,39.93,27.07,27.07,0.0
2024-05-30 13:30:00,INDEX:R3TW,27.07,34.49,27.07,33.03,0.0
2024-05-31 13:30:00,INDEX:R3TW,38.95,41.99,32.2,41.88,0.0
2024-06-03 13:30:00,INDEX:R3TW,41.88,41.88,33.09,37.56,0.0
2024-06-04 13:30:00,INDEX:R3TW,37.59,37.59,29.62,30.41,0.0
2024-06-05 13:30:00,INDEX:R3TW,30.41,37.63,29.89,37.63,0.0
2024-06-06 13:30:00,INDEX:R3TW,35.95,37.48,32.09,33.78,0.0
2024-06-07 13:30:00,INDEX:R3TW,33.78,33.78,27.16,27.38,0.0
2024-06-10 13:30:00,INDEX:R3TW,27.38,29.11,23.41,29.11,0.0
2024-06-11 13:30:00,INDEX:R3TW,29.11,29.11,22.45,27.35,0.0
2024-06-12 13:30:00,INDEX:R3TW,49.13,50.48,36.07,37.83,0.0
2024-06-13 13:30:00,INDEX:R3TW,37.83,37.83,27.76,31.67,0.0
2024-06-14 13:30:00,INDEX:R3TW,31.67,31.67,21.6,24.41,0.0
2024-06-17 13:30:00,INDEX:R3TW,24.41,30.4,22.05,30.4,0.0
2024-06-18 13:30:00,INDEX:R3TW,34.18,35.82,30.96,33.54,0.0
2024-06-20 13:30:00,INDEX:R3TW,33.54,37.43,33.54,35.04,0.0
2024-06-21 13:30:00,INDEX:R3TW,35.04,37.55,34.66,37.55,0.0
2024-06-24 13:30:00,INDEX:R3TW,37.55,53.31,37.55,47.24,0.0
2024-06-25 13:30:00,INDEX:R3TW,47.24,47.24,36.27,38.63,0.0
2024-06-26 13:30:00,INDEX:R3TW,38.63,39.83,32.19,39.27,0.0
2024-06-27 13:30:00,INDEX:R3TW,39.27,45.0,39.27,44.98,0.0
2024-06-28 13:30:00,INDEX:R3TW,44.98,52.32,44.98,51.03,0.0
2024-07-01 13:30:00,INDEX:R3TW,51.03,54.85,41.17,42.42,0.0
2024-07-02 13:30:00,INDEX:R3TW,42.42,47.9,42.42,47.58,0.0
2024-07-03 13:30:00,INDEX:R3TW,47.54,53.39,47.54,49.11,0.0
2024-07-05 13:30:00,INDEX:R3TW,49.09,49.09,41.25,44.25,0.0
2024-07-08 13:30:00,INDEX:R3TW,44.25,53.64,44.25,50.15,0.0
2024-07-09 13:30:00,INDEX:R3TW,50.15,51.08,42.75,46.24,0.0
2024-07-10 13:30:00,INDEX:R3TW,46.24,55.59,46.24,55.51,0.0
2024-07-11 13:30:00,INDEX:R3TW,55.51,79.16,55.51,78.96,0.0
2024-07-12 13:30:00,INDEX:R3TW,78.96,85.95,78.96,83.77,0.0
2024-07-15 13:30:00,INDEX:R3TW,85.04,87.71,84.74,84.78,0.0
2024-07-16 13:30:00,INDEX:R3TW,84.78,91.58,84.78,91.58,0.0
2024-07-17 13:30:00,INDEX:R3TW,91.58,91.65,88.19,88.19,0.0
2024-07-18 13:30:00,INDEX:R3TW,88.19,89.13,81.51,82.33,0.0
2024-07-19 13:30:00,INDEX:R3TW,82.33,82.33,76.43,77.07,0.0
2024-07-22 13:30:00,INDEX:R3TW,77.07,82.45,75.0,82.29,0.0
2024-07-23 13:30:00,INDEX:R3TW,82.29,83.2,81.21,81.95,0.0
2024-07-24 13:30:00,INDEX:R3TW,81.95,81.95,70.52,70.52,0.0
2024-07-25 13:30:00,INDEX:R3TW,72.21,79.51,71.99,73.75,0.0
2024-07-26 13:30:00,INDEX:R3TW,73.75,79.06,73.75,78.87,0.0
2024-07-29 13:30:00,INDEX:R3TW,78.87,80.15,75.11,75.66,0.0
2024-07-30 13:30:00,INDEX:R3TW,75.66,76.04,71.86,73.48,0.0
2024-07-31 13:30:00,INDEX:R3TW,73.48,80.52,73.48,73.97,0.0
2024-08-01 13:30:00,INDEX:R3TW,74.01,74.01,52.19,56.58,0.0
2024-08-02 13:30:00,INDEX:R3TW,56.58,56.58,28.1,34.29,0.0
2024-08-05 13:30:00,INDEX:R3TW,34.29,34.29,15.1,17.38,0.0
2024-08-06 13:30:00,INDEX:R3TW,17.38,26.02,17.38,22.09,0.0
2024-08-07 13:30:00,INDEX:R3TW,27.01,27.35,17.58,17.65,0.0
2024-08-08 13:30:00,INDEX:R3TW,24.63,27.73,24.17,27.54,0.0
2024-08-09 13:30:00,INDEX:R3TW,25.84,27.96,24.55,27.73,0.0
2024-08-12 13:30:00,INDEX:R3TW,27.73,27.73,22.96,23.6,0.0
2024-08-13 13:30:00,INDEX:R3TW,23.6,31.64,23.6,31.64,0.0
2024-08-14 13:30:00,INDEX:R3TW,31.64,33.91,30.54,32.36,0.0
2024-08-15 13:30:00,INDEX:R3TW,42.02,50.2,42.02,47.93,0.0
2024-08-16 13:30:00,INDEX:R3TW,47.93,51.83,47.21,50.26,0.0
2024-08-19 13:30:00,INDEX:R3TW,50.26,61.14,50.26,61.14,0.0
2024-08-20 13:30:00,INDEX:R3TW,61.14,61.14,51.55,52.25,0.0
2024-08-21 13:30:00,INDEX:R3TW,52.25,64.35,52.25,64.35,0.0
2024-08-22 13:30:00,INDEX:R3TW,63.59,64.73,58.68,58.68,0.0
2024-08-23 13:30:00,INDEX:R3TW,58.68,81.82,58.68,80.94,0.0
2024-08-26 13:30:00,INDEX:R3TW,80.94,86.33,80.94,82.73,0.0
2024-08-27 13:30:00,INDEX:R3TW,82.73,82.73,78.59,80.49,0.0
2024-08-28 13:30:00,INDEX:R3TW,80.49,81.51,74.64,78.1,0.0
2024-08-29 13:30:00,INDEX:R3TW,78.1,86.98,78.1,82.8,0.0
2024-08-30 13:30:00,INDEX:R3TW,82.77,85.27,78.7,84.85,0.0
2024-09-03 13:30:00,INDEX:R3TW,70.47,70.47,59.73,61.1,0.0
2024-09-04 13:30:00,INDEX:R3TW,59.36,64.89,54.66,57.07,0.0
2024-09-05 13:30:00,INDEX:R3TW,54.66,54.66,46.68,49.84,0.0
2024-09-06 13:30:00,INDEX:R3TW,52.14,52.14,30.32,30.87,0.0
2024-09-09 13:30:00,INDEX:R3TW,32.07,40.92,32.07,34.61,0.0
2024-09-10 13:30:00,INDEX:R3TW,32.2,35.7,26.7,35.21,0.0
2024-09-11 13:30:00,INDEX:R3TW,25.0,33.25,19.69,33.13,0.0
2024-09-12 13:30:00,INDEX:R3TW,30.75,41.99,29.73,40.0,0.0
2024-09-13 13:30:00,INDEX:R3TW,51.96,61.01,51.96,60.21,0.0
2024-09-16 13:30:00,INDEX:R3TW,64.44,65.38,60.52,65.15,0.0
2024-09-17 13:30:00,INDEX:R3TW,70.88,76.65,68.4,69.57,0.0
2024-09-18 13:30:00,INDEX:R3TW,70.66,80.8,65.27,67.93,0.0
2024-09-19 13:30:00,INDEX:R3TW,80.23,80.79,77.29,78.94,0.0
2024-09-20 13:30:00,INDEX:R3TW,73.66,73.66,68.79,68.79,0.0
2024-09-23 13:30:00,INDEX:R3TW,72.26,72.26,65.54,67.54,0.0
2024-09-24 13:30:00,INDEX:R3TW,70.86,70.86,66.03,66.52,0.0
2024-09-25 13:30:00,INDEX:R3TW,64.75,64.75,55.84,55.88,0.0
2024-09-26 13:30:00,INDEX:R3TW,64.22,64.26,61.28,61.92,0.0
2024-09-27 13:30:00,INDEX:R3TW,69.66,73.54,64.9,66.83,0.0
2024-09-30 13:30:00,INDEX:R3TW,63.88,70.71,61.47,70.3,0.0
2024-10-01 13:30:00,INDEX:R3TW,57.01,58.94,53.43,56.33,0.0
2024-10-02 13:30:00,INDEX:R3TW,54.78,55.64,52.19,52.83,0.0
2024-10-03 13:30:00,INDEX:R3TW,43.11,48.1,42.74,45.06,0.0
2024-10-04 13:30:00,INDEX:R3TW,54.03,54.7,47.31,54.7,0.0
2024-10-07 13:30:00,INDEX:R3TW,45.59,46.19,39.18,42.66,0.0
2024-10-08 13:30:00,INDEX:R3TW,39.66,43.56,38.57,41.17,0.0
2024-10-09 13:30:00,INDEX:R3TW,38.4,48.49,38.4,43.69,0.0
2024-10-10 13:30:00,INDEX:R3TW,34.83,38.7,34.83,38.7,0.0
2024-10-11 13:30:00,INDEX:R3TW,44.51,57.13,44.51,57.13,0.0
2024-10-14 13:30:00,INDEX:R3TW,52.89,62.23,52.89,61.77,0.0
2024-10-15 13:30:00,INDEX:R3TW,61.43,71.12,61.43,63.18,0.0
2024-10-16 13:30:00,INDEX:R3TW,68.33,75.24,68.33,74.22,0.0
2024-10-17 13:30:00,INDEX:R3TW,72.61,73.02,68.89,72.23,0.0
2024-10-18 13:30:00,INDEX:R3TW,72.68,72.68,71.52,71.96,0.0
2024-10-21 13:30:00,INDEX:R3TW,69.74,70.38,55.54,55.54,0.0
2024-10-22 13:30:00,INDEX:R3TW,50.88,53.28,48.29,53.1,0.0
2024-10-23 13:30:00,INDEX:R3TW,50.09,50.5,40.13,46.29,0.0
2024-10-24 13:30:00,INDEX:R3TW,48.25,49.0,42.46,45.99,0.0
2024-10-25 13:30:00,INDEX:R3TW,50.2,53.55,40.47,40.47,0.0
2024-10-28 13:30:00,INDEX:R3TW,50.62,57.34,50.62,54.66,0.0
2024-10-29 13:30:00,INDEX:R3TW,50.33,53.19,50.33,52.16,0.0
2024-10-30 13:30:00,INDEX:R3TW,52.35,59.49,50.88,50.88,0.0
2024-10-31 13:30:00,INDEX:R3TW,48.62,48.62,36.55,36.55,0.0
2024-11-01 13:30:00,INDEX:R3TW,44.64,46.89,38.57,40.22,0.0
2024-11-04 14:30:00,INDEX:R3TW,38.1,45.44,38.1,40.91,0.0
2024-11-05 14:30:00,INDEX:R3TW,45.56,55.9,45.56,55.86,0.0
2024-11-06 14:30:00,INDEX:R3TW,71.0,75.0,71.0,75.0,0.0
2024-11-07 14:30:00,INDEX:R3TW,74.36,76.57,73.42,74.06,0.0
2024-11-08 14:30:00,INDEX:R3TW,71.62,74.51,71.62,73.65,0.0
2024-11-11 14:30:00,INDEX:R3TW,76.38,76.57,74.58,75.0,0.0
2024-11-12 14:30:00,INDEX:R3TW,74.36,74.36,68.66,68.96,0.0
2024-11-13 14:30:00,INDEX:R3TW,70.53,70.53,65.02,65.02,0.0
2024-11-14 14:30:00,INDEX:R3TW,65.47,65.47,60.19,60.47,0.0
2024-11-15 14:30:00,INDEX:R3TW,59.46,59.46,54.36,54.68,0.0
2024-11-18 14:30:00,INDEX:R3TW,55.85,56.67,53.48,54.38,0.0
2024-11-19 14:30:00,INDEX:R3TW,49.32,54.61,48.57,54.61,0.0
2024-11-20 14:30:00,INDEX:R3TW,51.83,54.54,49.96,54.54,0.0
2024-11-21 14:30:00,INDEX:R3TW,55.44,64.33,55.44,63.61,0.0
2024-11-22 14:30:00,INDEX:R3TW,66.69,72.09,66.69,71.61,0.0
2024-11-25 14:30:00,INDEX:R3TW,78.54,81.81,78.24,78.91,0.0
2024-11-26 14:30:00,INDEX:R3TW,73.58,73.58,73.58,73.58,0.0
2024-11-27 14:30:00,INDEX:R3TW,77.63,77.75,75.94,75.98,0.0
2024-11-29 14:30:00,INDEX:R3TW,78.84,78.84,76.77,76.77,0.0
2024-12-02 14:30:00,INDEX:R3TW,72.0,78.68,71.21,77.1,0.0
2024-12-03 14:30:00,INDEX:R3TW,71.5,71.5,61.46,63.04,0.0
2024-12-04 14:30:00,INDEX:R3TW,60.86,62.03,55.93,61.77,0.0
2024-12-05 14:30:00,INDEX:R3TW,60.04,61.13,51.2,51.24,0.0
2024-12-06 14:30:00,INDEX:R3TW,57.22,57.22,48.75,51.24,0.0
2024-12-09 14:30:00,INDEX:R3TW,57.56,58.08,48.19,48.19,0.0
2024-12-10 14:30:00,INDEX:R3TW,42.06,52.03,40.85,45.29,0.0
2024-12-11 14:30:00,INDEX:R3TW,52.1,53.72,46.87,48.98,0.0
2024-12-12 14:30:00,INDEX:R3TW,48.0,48.0,39.91,39.91,0.0
2024-12-13 14:30:00,INDEX:R3TW,37.02,37.02,29.49,32.73,0.0
2024-12-16 14:30:00,INDEX:R3TW,31.6,38.22,31.6,35.06,0.0
2024-12-17 14:30:00,INDEX:R3TW,27.57,28.85,25.24,26.18,0.0
2024-12-18 14:30:00,INDEX:R3TW,27.99,27.99,9.67,9.67,0.0
2024-12-19 14:30:00,INDEX:R3TW,12.45,12.45,8.76,9.75,0.0
2024-12-20 14:30:00,INDEX:R3TW,10.01,14.95,10.01,12.61,0.0
2024-12-23 14:30:00,INDEX:R3TW,11.45,12.58,10.05,12.5,0.0
2024-12-24 14:30:00,INDEX:R3TW,12.58,17.77,12.46,17.74,0.0
2024-12-26 14:30:00,INDEX:R3TW,19.6,21.63,19.56,21.48,0.0
2024-12-27 14:30:00,INDEX:R3TW,20.88,20.88,12.13,15.34,0.0
2024-12-30 14:30:00,INDEX:R3TW,9.98,14.92,9.04,13.07,0.0
2024-12-31 14:30:00,INDEX:R3TW,15.49,18.65,13.19,14.78,0.0
2025-01-02 14:30:00,INDEX:R3TW,24.35,24.35,15.34,19.01,0.0
2025-01-03 14:30:00,INDEX:R3TW,22.03,30.18,21.96,29.53,0.0
2025-01-06 14:30:00,INDEX:R3TW,35.57,40.03,31.3,31.61,0.0
2025-01-07 14:30:00,INDEX:R3TW,39.13,39.13,26.37,29.46,0.0
2025-01-08 14:30:00,INDEX:R3TW,23.36,30.66,22.91,30.32,0.0
2025-01-10 14:30:00,INDEX:R3TW,22.31,22.31,19.39,21.04,0.0
2025-01-13 14:30:00,INDEX:R3TW,17.4,25.23,17.4,25.2,0.0
2025-01-14 14:30:00,INDEX:R3TW,32.84,35.35,27.0,34.9,0.0
2025-01-15 14:30:00,INDEX:R3TW,56.29,56.29,48.5,52.45,0.0
2025-01-16 14:30:00,INDEX:R3TW,55.18,59.31,54.14,58.09,0.0
2025-01-17 14:30:00,INDEX:R3TW,66.9,67.54,62.21,64.24,0.0
2025-01-21 14:30:00,INDEX:R3TW,70.12,74.06,70.12,73.11,0.0
2025-01-22 14:30:00,INDEX:R3TW,70.22,71.01,65.76,65.76,0.0
2025-01-23 14:30:00,INDEX:R3TW,63.62,67.3,62.42,67.29,0.0
2025-01-24 14:30:00,INDEX:R3TW,67.62,71.38,65.49,68.34,0.0
2025-01-27 14:30:00,INDEX:R3TW,68.71,72.76,66.27,69.08,0.0
2025-01-28 14:30:00,INDEX:R3TW,67.16,69.26,65.17,66.25,0.0
2025-01-29 14:30:00,INDEX:R3TW,65.69,68.16,58.67,62.19,0.0
2025-01-30 14:30:00,INDEX:R3TW,69.7,71.65,68.01,68.58,0.0
2025-01-31 14:30:00,INDEX:R3TW,68.28,71.95,58.4,61.59,0.0
2025-02-03 14:30:00,INDEX:R3TW,36.86,53.15,36.86,48.34,0.0
2025-02-04 14:30:00,INDEX:R3TW,49.06,57.33,49.06,57.29,0.0
2025-02-05 14:30:00,INDEX:R3TW,57.78,63.28,57.78,63.28,0.0
2025-02-06 14:30:00,INDEX:R3TW,62.76,63.32,57.26,60.29,0.0
2025-02-07 14:30:00,INDEX:R3TW,57.93,59.01,49.81,50.95,0.0
2025-02-10 14:30:00,INDEX:R3TW,49.15,52.04,48.37,49.06,0.0
2025-02-11 14:30:00,INDEX:R3TW,44.23,48.95,44.23,48.38,0.0
2025-02-12 14:30:00,INDEX:R3TW,37.49,41.94,36.14,39.41,0.0
2025-02-13 14:30:00,INDEX:R3TW,41.43,48.37,41.17,48.37,0.0
2025-02-14 14:30:00,INDEX:R3TW,51.59,53.99,45.97,46.47,0.0
2025-02-18 14:30:00,INDEX:R3TW,47.99,53.28,47.99,52.1,0.0
2025-02-19 14:30:00,INDEX:R3TW,46.09,49.62,45.49,48.46,0.0
2025-02-20 14:30:00,INDEX:R3TW,42.38,42.87,38.48,42.19,0.0
2025-02-21 14:30:00,INDEX:R3TW,44.18,44.18,29.36,29.89,0.0
2025-02-24 14:30:00,INDEX:R3TW,28.28,33.15,28.2,28.22,0.0
2025-02-25 14:30:00,INDEX:R3TW,31.71,33.22,28.07,30.4,0.0
2025-02-26 14:30:00,INDEX:R3TW,32.01,35.51,27.77,29.27,0.0
2025-02-27 14:30:00,INDEX:R3TW,30.66,32.69,25.71,25.9,0.0
2025-02-28 14:30:00,INDEX:R3TW,27.43,32.88,25.33,32.88,0.0
2025-03-03 14:30:00,INDEX:R3TW,36.52,36.52,24.43,25.69,0.0
2025-03-04 14:30:00,INDEX:R3TW,19.9,24.15,19.0,20.45,0.0
2025-03-05 14:30:00,INDEX:R3TW,22.03,25.3,20.9,24.55,0.0
2025-03-06 14:30:00,INDEX:R3TW,21.77,23.99,19.22,22.38,0.0
2025-03-07 14:30:00,INDEX:R3TW,25.53,29.55,21.4,27.79,0.0
2025-03-10 13:30:00,INDEX:R3TW,26.55,28.36,20.88,22.5,0.0
2025-03-11 13:30:00,INDEX:R3TW,20.13,21.9,15.81,18.82,0.0
2025-03-12 13:30:00,INDEX:R3TW,16.75,17.76,13.33,15.55,0.0
2025-03-13 13:30:00,INDEX:R3TW,18.03,18.03,12.58,13.15,0.0
2025-03-14 13:30:00,INDEX:R3TW,16.23,21.64,16.23,21.64,0.0
2025-03-17 13:30:00,INDEX:R3TW,25.55,31.98,25.17,30.06,0.0
2025-03-18 13:30:00,INDEX:R3TW,27.73,29.42,26.38,28.52,0.0
2025-03-19 13:30:00,INDEX:R3TW,32.95,42.69,31.0,38.98,0.0
2025-03-20 13:30:00,INDEX:R3TW,38.27,44.28,36.54,36.54,0.0
2025-03-21 13:30:00,INDEX:R3TW,29.84,33.68,27.7,31.35,0.0
2025-03-24 13:30:00,INDEX:R3TW,49.96,54.73,47.89,54.69,0.0
2025-03-25 13:30:00,INDEX:R3TW,57.29,57.29,49.28,49.43,0.0
2025-03-26 13:30:00,INDEX:R3TW,54.09,54.09,44.21,48.04,0.0
2025-03-27 13:30:00,INDEX:R3TW,43.57,51.99,43.57,47.78,0.0
2025-03-28 13:30:00,INDEX:R3TW,42.66,42.66,28.08,31.16,0.0
2025-03-31 13:30:00,INDEX:R3TW,25.26,37.1,25.26,33.92,0.0
2025-04-01 13:30:00,INDEX:R3TW,27.3,40.01,27.3,36.55,0.0
2025-04-02 13:30:00,INDEX:R3TW,34.61,49.49,34.61,49.49,0.0
2025-04-03 13:30:00,INDEX:R3TW,23.86,23.86,16.34,16.72,0.0
2025-04-04 13:30:00,INDEX:R3TW,9.02,10.63,4.66,5.37,0.0
2025-04-07 13:30:00,INDEX:R3TW,4.89,4.89,2.85,3.61,0.0
2025-04-08 13:30:00,INDEX:R3TW,6.5,7.44,2.14,2.4,0.0
2025-04-09 13:30:00,INDEX:R3TW,3.34,18.85,2.37,17.58,0.0
2025-04-10 13:30:00,INDEX:R3TW,10.16,10.16,5.04,8.77,0.0
2025-04-11 13:30:00,INDEX:R3TW,10.01,16.26,7.75,16.11,0.0
2025-04-14 13:30:00,INDEX:R3TW,19.57,23.56,16.3,21.31,0.0
2025-04-15 13:30:00,INDEX:R3TW,23.15,25.75,19.8,20.53,0.0
2025-04-16 13:30:00,INDEX:R3TW,21.13,22.64,13.94,17.37,0.0
2025-04-17 13:30:00,INDEX:R3TW,20.19,25.77,18.83,23.07,0.0
2025-04-21 13:30:00,INDEX:R3TW,19.49,19.57,12.82,16.13,0.0
2025-04-22 13:30:00,INDEX:R3TW,25.18,35.46,24.13,35.46,0.0
2025-04-23 13:30:00,INDEX:R3TW,65.97,69.56,46.22,48.56,0.0
2025-04-24 13:30:00,INDEX:R3TW,53.02,69.52,53.02,68.84,0.0
2025-04-25 13:30:00,INDEX:R3TW,67.25,69.75,62.23,69.75,0.0
2025-04-28 13:30:00,INDEX:R3TW,77.6,77.6,67.71,76.05,0.0
2025-04-29 13:30:00,INDEX:R3TW,76.62,82.85,74.5,81.33,0.0
2025-04-30 13:30:00,INDEX:R3TW,69.62,78.99,64.29,78.88,0.0
2025-05-01 13:30:00,INDEX:R3TW,79.41,84.35,78.91,80.56,0.0
2025-05-02 13:30:00,INDEX:R3TW,86.46,88.8,84.53,87.93,0.0
2025-05-05 13:30:00,INDEX:R3TW,83.14,85.6,82.57,82.61,0.0
2025-05-06 13:30:00,INDEX:R3TW,78.38,79.13,73.16,73.91,0.0
2025-05-07 13:30:00,INDEX:R3TW,73.23,75.23,70.24,71.87,0.0
2025-05-08 13:30:00,INDEX:R3TW,73.49,79.77,72.77,76.97,0.0
2025-05-09 13:30:00,INDEX:R3TW,76.86,76.97,73.72,74.06,0.0
2025-05-12 13:30:00,INDEX:R3TW,82.79,82.79,79.28,81.28,0.0
2025-05-13 13:30:00,INDEX:R3TW,80.22,80.22,78.27,78.27,0.0
2025-05-14 13:30:00,INDEX:R3TW,76.83,76.83,73.46,73.95,0.0
2025-05-15 13:30:00,INDEX:R3TW,73.02,77.48,72.9,77.47,0.0
2025-05-16 13:30:00,INDEX:R3TW,77.85,81.11,77.78,80.95,0.0
2025-05-19 13:30:00,INDEX:R3TW,77.2,79.62,76.06,79.59,0.0
2025-05-20 13:30:00,INDEX:R3TW,77.92,80.34,77.58,78.21,0.0
2025-05-21 13:30:00,INDEX:R3TW,70.22,70.22,53.59,54.01,0.0
2025-05-22 13:30:00,INDEX:R3TW,47.8,55.3,46.78,51.02,0.0
2025-05-23 13:30:00,INDEX:R3TW,38.89,45.33,38.89,43.66,0.0
2025-05-27 13:30:00,INDEX:R3TW,50.6,65.12,49.62,65.12,0.0
2025-05-28 13:30:00,INDEX:R3TW,62.81,62.81,51.32,51.63,0.0
2025-05-29 13:30:00,INDEX:R3TW,54.09,56.36,46.58,56.33,0.0
2025-05-30 13:30:00,INDEX:R3TW,45.45,52.91,43.06,50.34,0.0
2025-06-02 13:30:00,INDEX:R3TW,43.94,46.33,42.13,46.29,0.0
2025-06-03 13:30:00,INDEX:R3TW,44.78,61.83,42.92,60.19,0.0
2025-06-04 13:30:00,INDEX:R3TW,58.83,58.83,53.7,53.7,0.0
2025-06-05 13:30:00,INDEX:R3TW,46.32,55.9,46.32,50.07,0.0
2025-06-06 13:30:00,INDEX:R3TW,63.28,64.04,58.74,63.39,0.0
2025-06-09 13:30:00,INDEX:R3TW,63.85,73.01,63.85,66.9,0.0
2025-06-10 13:30:00,INDEX:R3TW,70.5,75.08,70.5,74.23,0.0
2025-06-11 13:30:00,INDEX:R3TW,75.44,76.5,67.82,68.54,0.0
2025-06-12 13:30:00,INDEX:R3TW,59.71,66.04,59.71,65.97,0.0
2025-06-13 13:30:00,INDEX:R3TW,54.11,54.11,41.87,42.7,0.0
2025-06-16 13:30:00,INDEX:R3TW,50.7,58.96,50.7,54.45,0.0
2025-06-17 13:30:00,INDEX:R3TW,49.82,50.96,41.6,41.6,0.0
2025-06-18 13:30:00,INDEX:R3TW,49.86,52.86,46.49,46.49,0.0
2025-06-20 13:30:00,INDEX:R3TW,51.57,51.57,42.13,44.37,0.0
2025-06-23 13:30:00,INDEX:R3TW,42.81,58.09,38.87,58.07,0.0
2025-06-24 13:30:00,INDEX:R3TW,62.24,68.11,60.5,66.18,0.0
2025-06-25 13:30:00,INDEX:R3TW,58.98,59.96,55.61,55.61,0.0
2025-06-26 13:30:00,INDEX:R3TW,59.36,65.69,58.52,65.69,0.0
2025-06-27 13:30:00,INDEX:R3TW,65.31,71.22,61.06,65.52,0.0
2025-06-30 13:30:00,INDEX:R3TW,65.41,66.51,62.49,65.41,0.0
2025-07-01 13:30:00,INDEX:R3TW,63.06,79.86,63.06,74.05,0.0
2025-07-02 13:30:00,INDEX:R3TW,71.34,77.54,71.34,77.43,0.0
2025-07-03 13:30:00,INDEX:R3TW,79.35,81.01,79.35,80.77,0.0
2025-07-07 13:30:00,INDEX:R3TW,76.96,79.44,68.66,70.55,0.0
2025-07-08 13:30:00,INDEX:R3TW,72.09,76.77,72.09,75.07,0.0
2025-07-09 13:30:00,INDEX:R3TW,76.84,77.79,74.58,77.52,0.0
2025-07-10 13:30:00,INDEX:R3TW,76.69,80.65,76.28,78.16,0.0
2025-07-11 13:30:00,INDEX:R3TW,73.22,73.22,69.68,70.39,0.0
2025-07-14 13:30:00,INDEX:R3TW,69.79,71.34,68.96,70.91,0.0
2025-07-15 13:30:00,INDEX:R3TW,71.06,71.06,52.13,52.13,0.0
2025-07-16 13:30:00,INDEX:R3TW,57.75,58.54,47.11,57.11,0.0
2025-07-17 13:30:00,INDEX:R3TW,60.39,64.39,59.33,63.14,0.0
2025-07-18 13:30:00,INDEX:R3TW,64.42,64.42,55.86,57.11,0.0
2025-07-21 13:30:00,INDEX:R3TW,59.34,61.41,53.23,53.23,0.0
2025-07-22 13:30:00,INDEX:R3TW,57.61,66.79,57.61,64.32,0.0
2025-07-23 13:30:00,INDEX:R3TW,67.91,72.44,65.79,72.43,0.0
2025-07-24 13:30:00,INDEX:R3TW,66.31,67.25,59.81,59.81,0.0
2025-07-25 13:30:00,INDEX:R3TW,57.01,61.43,57.01,60.9,0.0
2025-07-28 13:30:00,INDEX:R3TW,59.54,60.79,55.61,56.27,0.0
2025-07-29 13:30:00,INDEX:R3TW,55.29,55.71,47.76,49.3,0.0
2025-07-30 13:30:00,INDEX:R3TW,49.82,51.34,36.66,39.12,0.0
2025-07-31 13:30:00,INDEX:R3TW,38.7,39.23,32.04,32.69,0.0
2025-08-01 13:30:00,INDEX:R3TW,21.75,26.44,21.75,24.04,0.0
2025-08-04 13:30:00,INDEX:R3TW,27.54,35.52,27.54,35.52,0.0
2025-08-05 13:30:00,INDEX:R3TW,38.6,38.6,33.21,37.38,0.0
2025-08-06 13:30:00,INDEX:R3TW,37.65,38.89,36.54,37.94,0.0
2025-08-07 13:30:00,INDEX:R3TW,44.64,44.64,36.36,38.55,0.0
2025-08-08 13:30:00,INDEX:R3TW,41.06,42.68,39.79,39.86,0.0
2025-08-11 13:30:00,INDEX:R3TW,43.68,43.68,38.28,39.32,0.0
2025-08-12 13:30:00,INDEX:R3TW,44.79,56.7,43.87,56.7,0.0
2025-08-13 13:30:00,INDEX:R3TW,62.52,68.11,61.48,68.11,0.0
2025-08-14 13:30:00,INDEX:R3TW,61.25,61.79,56.93,61.25,0.0
2025-08-15 13:30:00,INDEX:R3TW,61.83,61.83,55.2,55.24,0.0
2025-08-18 13:30:00,INDEX:R3TW,54.51,58.59,54.51,58.27,0.0
2025-08-19 13:30:00,INDEX:R3TW,61.2,66.17,58.19,60.0,0.0
2025-08-20 13:30:00,INDEX:R3TW,58.58,60.39,56.61,59.6,0.0
2025-08-21 13:30:00,INDEX:R3TW,55.4,60.84,55.4,59.53,0.0
2025-08-22 13:30:00,INDEX:R3TW,78.14,81.31,78.14,80.54,0.0
2025-08-25 13:30:00,INDEX:R3TW,79.72,79.72,74.67,74.67,0.0
2025-08-26 13:30:00,INDEX:R3TW,77.56,77.83,75.25,76.13,0.0
2025-08-27 13:30:00,INDEX:R3TW,77.76,80.42,77.76,80.33,0.0
2025-08-28 13:30:00,INDEX:R3TW,78.71,78.71,75.16,77.98,0.0
2025-08-29 13:30:00,INDEX:R3TW,77.98,78.56,74.19,76.22,0.0
2025-09-02 13:30:00,INDEX:R3TW,66.04,68.25,60.32,65.61,0.0
2025-09-03 13:30:00,INDEX:R3TW,64.48,64.48,58.3,62.21,0.0
2025-09-04 13:30:00,INDEX:R3TW,61.21,69.41,60.01,69.38,0.0
2025-09-05 13:30:00,INDEX:R3TW,75.96,75.96,65.17,69.33,0.0
2025-09-08 13:30:00,INDEX:R3TW,61.55,67.01,61.55,66.92,0.0
2025-09-09 13:30:00,INDEX:R3TW,62.7,62.7,55.57,56.87,0.0
2025-09-10 13:30:00,INDEX:R3TW,56.14,57.26,47.92,51.68,0.0
2025-09-11 13:30:00,INDEX:R3TW,61.21,69.85,60.9,69.85,0.0
2025-09-12 13:30:00,INDEX:R3TW,65.86,65.86,55.79,55.79,0.0
2025-09-15 13:30:00,INDEX:R3TW,54.86,57.76,50.56,51.99,0.0
2025-09-16 13:30:00,INDEX:R3TW,49.55,49.55,44.28,47.61,0.0
2025-09-17 13:30:00,INDEX:R3TW,52.53,67.0,46.45,47.18,0.0
2025-09-18 13:30:00,INDEX:R3TW,52.03,63.04,52.03,61.83,0.0
2025-09-19 13:30:00,INDEX:R3TW,56.94,57.21,47.63,47.9,0.0
2025-09-22 13:30:00,INDEX:R3TW,43.17,50.73,43.17,49.22,0.0
2025-09-23 13:30:00,INDEX:R3TW,58.53,58.53,46.43,46.66,0.0
2025-09-24 13:30:00,INDEX:R3TW,49.57,49.57,41.5,42.6,0.0
2025-09-25 13:30:00,INDEX:R3TW,35.93,37.87,33.76,35.79,0.0
2025-09-26 13:30:00,INDEX:R3TW,44.06,45.18,39.75,45.18,0.0
2025-09-29 13:30:00,INDEX:R3TW,43.94,43.94,40.76,42.95,0.0
2025-09-30 13:30:00,INDEX:R3TW,42.64,43.57,36.58,43.57,0.0
2025-10-01 13:30:00,INDEX:R3TW,43.45,44.79,40.31,43.75,0.0
2025-10-02 13:30:00,INDEX:R3TW,44.06,44.75,39.82,44.75,0.0
2025-10-03 13:30:00,INDEX:R3TW,50.38,56.29,50.03,50.03,0.0
2025-10-06 13:30:00,INDEX:R3TW,52.68,53.96,48.48,48.48,0.0
2025-10-07 13:30:00,INDEX:R3TW,48.44,48.44,40.75,41.29,0.0
2025-10-08 13:30:00,INDEX:R3TW,41.76,47.2,41.76,46.32,0.0
2025-10-09 13:30:00,INDEX:R3TW,46.87,46.87,38.24,38.43,0.0
2025-10-10 13:30:00,INDEX:R3TW,40.53,41.23,22.85,22.85,0.0
2025-10-13 13:30:00,INDEX:R3TW,28.52,31.24,27.2,30.82,0.0
2025-10-14 13:30:00,INDEX:R3TW,30.97,44.11,30.97,40.39,0.0
2025-10-15 13:30:00,INDEX:R3TW,47.43,52.44,38.49,42.37,0.0
2025-10-16 13:30:00,INDEX:R3TW,44.47,44.47,33.28,34.86,0.0
2025-10-17 13:30:00,INDEX:R3TW,36.07,36.34,31.4,35.71,0.0
2025-10-20 13:30:00,INDEX:R3TW,44.35,49.61,44.0,49.59,0.0
2025-10-21 13:30:00,INDEX:R3TW,49.16,56.94,48.22,54.78,0.0
2025-10-22 13:30:00,INDEX:R3TW,54.71,55.72,44.19,48.34,0.0
2025-10-23 13:30:00,INDEX:R3TW,53.79,57.14,49.0,54.87,0.0
2025-10-24 13:30:00,INDEX:R3TW,65.0,65.74,60.87,61.1,0.0
2025-10-27 13:30:00,INDEX:R3TW,67.69,67.69,60.79,61.93,0.0
2025-10-28 13:30:00,INDEX:R3TW,57.09,59.82,54.13,54.21,0.0
2025-10-29 13:30:00,INDEX:R3TW,48.98,52.34,35.17,39.09,0.0
2025-10-30 13:30:00,INDEX:R3TW,42.02,42.99,35.31,35.31,0.0
2025-10-31 13:30:00,INDEX:R3TW,36.44,41.2,34.8,39.35,0.0
2025-11-03 14:30:00,INDEX:R3TW,35.18,39.39,32.56,39.35,0.0
2025-11-04 14:30:00,INDEX:R3TW,33.89,37.32,32.52,34.01,0.0
2025-11-05 14:30:00,INDEX:R3TW,37.29,45.52,37.29,42.48,0.0
2025-11-06 14:30:00,INDEX:R3TW,44.27,44.27,36.54,36.79,0.0
2025-11-07 14:30:00,INDEX:R3TW,37.26,42.22,34.6,42.16,0.0
2025-11-10 14:30:00,INDEX:R3TW,45.36,48.53,41.42,46.46,0.0
2025-11-11 14:30:00,INDEX:R3TW,48.84,52.36,48.22,51.81,0.0
2025-11-12 14:30:00,INDEX:R3TW,56.74,56.74,52.71,52.71,0.0
2025-11-13 14:30:00,INDEX:R3TW,51.69,52.52,42.43,43.37,0.0
2025-11-14 14:30:00,INDEX:R3TW,36.76,43.13,36.76,41.53,0.0
2025-11-17 14:30:00,INDEX:R3TW,39.73,39.73,27.46,27.46,0.0
2025-11-18 14:30:00,INDEX:R3TW,27.5,31.72,27.34,29.78,0.0
2025-11-19 14:30:00,INDEX:R3TW,29.19,31.11,26.41,28.54,0.0
2025-11-20 14:30:00,INDEX:R3TW,40.21,41.5,24.55,24.55,0.0
2025-11-21 14:30:00,INDEX:R3TW,36.19,50.09,36.19,46.7,0.0
2025-11-24 14:30:00,INDEX:R3TW,44.82,51.52,44.82,49.41,0.0
2025-11-25 14:30:00,INDEX:R3TW,58.73,67.31,58.73,66.34,0.0
2025-11-26 14:30:00,INDEX:R3TW,69.39,74.02,69.39,70.62,0.0
2025-11-28 14:30:00,INDEX:R3TW,72.42,75.04,72.42,73.91,0.0
2025-12-01 14:30:00,INDEX:R3TW,69.43,73.32,68.14,68.32,0.0
2025-12-02 14:30:00,INDEX:R3TW,67.25,69.16,66.15,66.22,0.0
2025-12-03 14:30:00,INDEX:R3TW,71.06,74.72,70.47,74.72,0.0
2025-12-04 14:30:00,INDEX:R3TW,74.72,76.24,73.2,73.75,0.0
2025-12-05 14:30:00,INDEX:R3TW,72.42,76.05,70.82,71.02,0.0
2025-12-08 14:30:00,INDEX:R3TW,69.77,69.77,66.18,66.34,0.0
2025-12-09 14:30:00,INDEX:R3TW,69.3,70.78,66.41,66.44,0.0
2025-12-10 14:30:00,INDEX:R3TW,67.38,76.55,67.38,74.42,0.0
2025-12-11 14:30:00,INDEX:R3TW,78.87,79.61,78.32,78.92,0.0
2025-12-12 14:30:00,INDEX:R3TW,80.53,80.53,74.0,74.5,0.0
2025-12-15 14:30:00,INDEX:R3TW,73.68,73.75,70.31,71.45,0.0
2025-12-16 14:30:00,INDEX:R3TW,70.43,70.43,64.91,66.14,0.0
2025-12-17 14:30:00,INDEX:R3TW,67.71,68.1,61.95,61.95,0.0
2025-12-18 14:30:00,INDEX:R3TW,66.65,67.12,61.8,61.94,0.0
2025-12-19 14:30:00,INDEX:R3TW,61.27,62.84,59.47,59.82,0.0
2025-12-22 14:30:00,INDEX:R3TW,66.1,66.1,61.95,62.5,0.0
2025-12-23 14:30:00,INDEX:R3TW,58.73,58.73,54.54,55.13,0.0
2025-12-24 14:30:00,INDEX:R3TW,54.07,58.97,54.07,58.27,0.0
2025-12-26 14:30:00,INDEX:R3TW,55.72,56.0,52.62,55.66,0.0
2025-12-29 14:30:00,INDEX:R3TW,54.92,54.92,48.68,51.03,0.0
2025-12-30 14:30:00,INDEX:R3TW,48.84,48.84,45.5,45.5,0.0
2025-12-31 14:30:00,INDEX:R3TW,41.58,41.58,31.73,31.73,0.0
2026-01-02 14:30:00,INDEX:R3TW,30.61,38.61,30.61,38.59,0.0
2026-01-05 14:30:00,INDEX:R3TW,49.5,56.53,48.95,52.1,0.0
2026-01-06 14:30:00,INDEX:R3TW,52.53,62.07,52.53,62.07,0.0
2026-01-07 14:30:00,INDEX:R3TW,53.49,58.56,53.49,55.19,0.0
2026-01-08 14:30:00,INDEX:R3TW,59.87,67.83,59.87,65.81,0.0
2026-01-09 14:30:00,INDEX:R3TW,64.73,69.68,64.73,65.77,0.0
2026-01-12 14:30:00,INDEX:R3TW,60.4,64.81,60.4,64.74,0.0
2026-01-13 14:30:00,INDEX:R3TW,62.19,63.77,60.6,62.73,0.0
2026-01-14 14:30:00,INDEX:R3TW,62.84,66.18,61.33,66.18,0.0
2026-01-15 14:30:00,INDEX:R3TW,67.93,73.35,67.93,71.09,0.0
2026-01-16 14:30:00,INDEX:R3TW,68.61,70.2,67.64,67.71,0.0
2026-01-20 14:30:00,INDEX:R3TW,61.2,62.48,56.66,57.28,0.0
2026-01-21 14:30:00,INDEX:R3TW,63.68,68.95,62.63,68.28,0.0
2026-01-22 14:30:00,INDEX:R3TW,72.89,73.55,69.94,70.24,0.0
2026-01-23 14:30:00,INDEX:R3TW,67.57,67.57,60.43,61.6,0.0
2026-01-26 14:30:00,INDEX:R3TW,63.68,63.68,58.52,61.51,0.0
2026-01-27 14:30:00,INDEX:R3TW,57.86,58.71,55.06,56.97,0.0
2026-01-28 14:30:00,INDEX:R3TW,56.89,56.89,46.95,47.18,0.0
2026-01-29 14:30:00,INDEX:R3TW,48.27,52.54,45.16,52.52,0.0
2026-01-30 14:30:00,INDEX:R3TW,45.64,47.9,41.49,47.74,0.0
2026-02-02 14:30:00,INDEX:R3TW,49.1,55.49,49.1,53.5,0.0
2026-02-03 14:30:00,INDEX:R3TW,56.6,56.6,49.32,53.85,0.0
2026-02-04 14:30:00,INDEX:R3TW,56.13,57.56,52.3,55.75,0.0
2026-02-05 14:30:00,INDEX:R3TW,53.81,55.67,48.81,49.92,0.0
2026-02-06 14:30:00,INDEX:R3TW,56.47,60.62,56.47,60.17,0.0
2026-02-09 14:30:00,INDEX:R3TW,58.82,60.21,56.72,58.93,0.0
2026-02-10 14:30:00,INDEX:R3TW,61.22,63.51,60.83,60.83,0.0
2026-02-11 14:30:00,INDEX:R3TW,61.18,61.18,55.95,57.88,0.0
2026-02-12 14:30:00,INDEX:R3TW,58.26,58.26,46.54,50.11,0.0
2026-02-13 14:30:00,INDEX:R3TW,51.04,57.06,50.07,53.53,0.0
2026-02-17 14:30:00,INDEX:R3TW,54.13,56.47,52.19,54.83,0.0
2026-02-18 14:30:00,INDEX:R3TW,59.34,60.0,54.29,55.34,0.0
2026-02-19 14:30:00,INDEX:R3TW,52.0,54.72,50.25,54.7,0.0
2026-02-20 14:30:00,INDEX:R3TW,58.16,58.39,51.67,57.38,0.0
2026-02-23 14:30:00,INDEX:R3TW,55.98,55.98,40.78,43.95,0.0
2026-02-24 14:30:00,INDEX:R3TW,45.66,48.85,45.66,47.95,0.0
2026-02-25 14:30:00,INDEX:R3TW,46.24,49.98,44.02,49.82,0.0
2026-02-26 14:30:00,INDEX:R3TW,52.27,56.05,48.3,55.21,0.0
2026-02-27 14:30:00,INDEX:R3TW,45.34,48.85,45.34,48.85,0.0
2026-03-02 14:30:00,INDEX:R3TW,42.04,51.06,42.04,49.33,0.0
2026-03-03 14:30:00,INDEX:R3TW,33.26,44.04,33.26,41.23,0.0
2026-03-04 14:30:00,INDEX:R3TW,44.04,46.49,44.04,44.82,0.0
2026-03-05 14:30:00,INDEX:R3TW,42.05,42.09,34.42,37.77,0.0
2026-03-06 14:30:00,INDEX:R3TW,28.97,30.91,27.53,30.91,0.0
2026-03-09 13:30:00,INDEX:R3TW,23.87,33.56,23.87,32.28,0.0
2026-03-10 13:30:00,INDEX:R3TW,31.81,35.9,29.01,29.08,0.0
2026-03-11 13:30:00,INDEX:R3TW,26.09,28.38,24.68,27.81,0.0
2026-03-12 13:30:00,INDEX:R3TW,24.69,25.04,21.65,21.73,0.0
2026-03-13 13:30:00,INDEX:R3TW,23.8,23.8,19.78,20.56,0.0
2026-03-16 13:30:00,INDEX:R3TW,24.93,26.02,22.94,22.95,0.0
2026-03-17 13:30:00,INDEX:R3TW,30.04,30.47,26.3,26.3,0.0
2026-03-18 13:30:00,INDEX:R3TW,23.53,23.92,19.6,19.6,0.0
2026-03-19 13:30:00,INDEX:R3TW,17.42,24.31,17.18,21.71,0.0
2026-03-20 13:30:00,INDEX:R3TW,19.37,19.37,13.06,14.15,0.0
2026-03-23 13:30:00,INDEX:R3TW,26.62,34.58,24.71,25.61,0.0
2026-03-24 13:30:00,INDEX:R3TW,28.69,32.24,28.07,28.78,0.0
2026-03-25 13:30:00,INDEX:R3TW,40.99,40.99,31.82,35.85,0.0
2026-03-26 13:30:00,INDEX:R3TW,39.87,40.77,32.77,33.74,0.0
2026-03-27 13:30:00,INDEX:R3TW,27.7,29.96,22.62,22.74,0.0
2026-03-30 13:30:00,INDEX:R3TW,25.71,31.25,24.42,26.1,0.0
2026-03-31 13:30:00,INDEX:R3TW,30.78,45.92,30.78,44.83,0.0
2026-04-01 13:30:00,INDEX:R3TW,30.78,52.24,30.78,52.24,0.0
2026-04-02 13:30:00,INDEX:R3TW,44.24,57.54,44.24,57.46,0.0
2026-04-06 13:30:00,INDEX:R3TW,58.8,64.19,57.4,63.57,0.0
2026-04-07 13:30:00,INDEX:R3TW,59.77,63.07,56.43,62.25,0.0
2026-04-08 13:30:00,INDEX:R3TW,81.57,81.57,76.41,78.07,0.0
2026-04-09 13:30:00,INDEX:R3TW,76.56,77.88,73.3,76.05,0.0
2026-04-10 13:30:00,INDEX:R3TW,74.73,74.73,70.39,71.46,0.0
2026-04-13 13:30:00,INDEX:R3TW,71.38,77.91,71.38,77.9,0.0
2026-04-14 13:30:00,INDEX:R3TW,81.04,81.78,79.72,80.97,0.0
2026-04-15 13:30:00,INDEX:R3TW,83.84,83.84,81.63,82.95,0.0
2026-04-16 13:30:00,INDEX:R3TW,84.93,84.93,81.9,83.06,0.0
2026-04-17 13:30:00,INDEX:R3TW,86.13,87.96,86.13,86.98,0.0
2026-04-20 13:30:00,INDEX:R3TW,86.59,87.37,85.81,85.93,0.0
2026-04-21 13:30:00,INDEX:R3TW,85.54,86.36,79.33,79.71,0.0
2026-04-22 13:30:00,INDEX:R3TW,80.91,81.07,77.14,78.31,0.0
2026-04-23 13:30:00,INDEX:R3TW,74.38,75.12,69.64,73.17,0.0
2026-04-24 13:30:00,INDEX:R3TW,69.51,71.78,68.62,71.75,0.0
2026-04-27 13:30:00,INDEX:R3TW,74.08,75.75,69.64,69.64,0.0
2026-04-28 13:30:00,INDEX:R3TW,72.14,72.14,66.38,67.19,0.0
2026-04-29 13:30:00,INDEX:R3TW,61.63,61.63,49.92,52.37,0.0
2026-04-30 13:30:00,INDEX:R3TW,56.15,63.78,56.15,62.44,0.0
2026-05-01 13:30:00,INDEX:R3TW,59.79,65.01,59.79,62.05,0.0
2026-05-04 13:30:00,INDEX:R3TW,58.13,59.1,48.94,51.14,0.0
2026-05-05 13:30:00,INDEX:R3TW,53.63,59.47,53.63,56.98,0.0
2026-05-06 13:30:00,INDEX:R3TW,61.65,63.76,60.95,62.12,0.0
2026-05-07 13:30:00,INDEX:R3TW,58.34,59.4,53.91,54.96,0.0
2026-05-08 13:30:00,INDEX:R3TW,52.86,55.04,52.62,53.52,0.0
2026-05-11 13:30:00,INDEX:R3TW,51.65,51.65,44.79,45.14,0.0
2026-05-12 13:30:00,INDEX:R3TW,42.37,42.91,38.86,41.92,0.0
2026-05-13 13:30:00,INDEX:R3TW,37.58,39.65,37.47,39.24,0.0
2026-05-14 13:30:00,INDEX:R3TW,41.78,42.95,40.06,40.06,0.0
2026-05-15 13:30:00,INDEX:R3TW,35.53,36.0,32.57,32.57,0.0
2026-05-18 13:30:00,INDEX:R3TW,33.08,38.63,33.08,37.66,0.0
2026-05-19 13:30:00,INDEX:R3TW,33.39,36.21,32.49,32.74,0.0
2026-05-20 13:30:00,INDEX:R3TW,33.29,44.67,33.29,44.63,0.0
2026-05-21 13:30:00,INDEX:R3TW,37.39,49.68,37.39,49.15,0.0
2026-05-22 13:30:00,INDEX:R3TW,54.83,54.83,51.97,53.77,0.0
2026-05-26 13:30:00,INDEX:R3TW,58.51,61.02,57.97,60.63,0.0
2026-05-27 13:30:00,INDEX:R3TW,65.17,68.27,59.26,59.45,0.0
2026-05-28 13:30:00,INDEX:R3TW,60.79,62.2,60.12,61.01,0.0
2026-05-29 13:30:00,INDEX:R3TW,59.99,61.71,57.21,57.64,0.0
2026-06-01 13:30:00,INDEX:R3TW,53.44,53.52,48.94,52.03,0.0
2026-06-02 13:30:00,INDEX:R3TW,52.9,56.62,52.9,55.37,0.0
2026-06-03 13:30:00,INDEX:R3TW,49.21,49.21,43.72,43.76,0.0
2026-06-04 13:30:00,INDEX:R3TW,57.72,59.41,56.19,58.84,0.0
2026-06-05 13:30:00,INDEX:R3TW,56.25,58.29,52.29,52.53,0.0
2026-06-08 13:30:00,INDEX:R3TW,57.39,59.63,53.04,53.04,0.0
2026-06-09 13:30:00,INDEX:R3TW,64.37,64.37,54.02,59.78,0.0
2026-06-10 13:30:00,INDEX:R3TW,64.26,64.26,55.39,55.39,0.0
2026-06-11 13:30:00,INDEX:R3TW,57.23,64.88,55.82,63.3,0.0
2026-06-12 13:30:00,INDEX:R3TW,65.26,71.7,65.26,68.59,0.0
2026-06-15 13:30:00,INDEX:R3TW,71.92,71.92,67.02,67.2,0.0
2026-06-16 13:30:00,INDEX:R3TW,66.57,66.57,63.9,64.68,0.0
2026-06-17 13:30:00,INDEX:R3TW,63.94,66.06,48.42,51.31,0.0
2026-06-18 13:30:00,INDEX:R3TW,58.11,58.54,56.22,58.38,0.0
2026-06-22 13:30:00,INDEX:R3TW,59.68,60.27,55.36,55.58,0.0
2026-06-23 13:30:00,INDEX:R3TW,54.08,60.37,54.08,57.76,0.0
2026-06-24 13:30:00,INDEX:R3TW,64.17,66.85,61.58,63.29,0.0
2026-06-25 13:30:00,INDEX:R3TW,67.03,67.38,62.82,63.49,0.0
2026-06-26 13:30:00,INDEX:R3TW,63.49,68.92,63.49,68.9,0.0
2026-06-29 13:30:00,INDEX:R3TW,69.57,69.57,66.46,68.57,0.0
2026-06-30 13:30:00,INDEX:R3TW,67.38,68.96,66.83,68.53,0.0
2026-07-01 13:30:00,INDEX:R3TW,69.04,73.13,69.04,69.1,0.0
2026-07-02 13:30:00,INDEX:R3TW,72.51,72.51,66.12,69.21,0.0
2026-07-06 13:30:00,INDEX:R3TW,68.98,69.83,67.08,68.55,0.0
2026-07-07 13:30:00,INDEX:R3TW,66.65,67.39,64.67,65.21,0.0
2026-07-08 13:30:00,INDEX:R3TW,58.78,58.78,53.43,53.8,0.0
2026-07-09 13:30:00,INDEX:R3TW,58.14,60.74,58.06,58.8,0.0
2026-07-10 13:30:00,INDEX:R3TW,58.61,60.93,56.9,59.54,0.0
2026-07-13 13:30:00,INDEX:R3TW,62.68,62.68,58.37,58.49,0.0
2026-07-14 13:30:00,INDEX:R3TW,59.34,59.34,56.28,56.47,0.0
2026-07-15 13:30:00,INDEX:R3TW,58.02,62.91,57.21,57.72,0.0
2026-07-16 13:30:00,INDEX:R3TW,60.36,65.33,60.36,64.25,0.0
2026-07-17 13:30:00,INDEX:R3TW,60.17,64.72,56.29,58.18,0.0
2026-07-20 13:30:00,INDEX:R3TW,56.23,56.23,51.06,51.06,0.0
2026-07-21 13:30:00,INDEX:R3TW,50.13,52.5,48.34,52.5,0.0
2026-07-22 13:30:00,INDEX:R3TW,50.33,50.4,43.02,45.07,0.0
2026-07-23 13:30:00,INDEX:R3TW,38.62,40.45,36.01,39.92,0.0
2026-07-24 13:30:00,INDEX:R3TW,43.85,48.21,42.72,46.92,0.0
2026-07-27 13:30:00,INDEX:R3TW,57.04,57.04,51.78,54.34,0.0
2026-07-28 13:30:00,INDEX:R3TW,58.31,61.15,58.27,59.77,0.0
2026-07-29 13:30:00,INDEX:R3TW,59.34,59.34,51.67,52.06,0.0
2026-07-30 13:30:00,INDEX:R3TW,51.51,51.51,43.49,49.76,0.0
2026-07-31 13:30:00,INDEX:R3TW,40.73,49.18,40.73,47.31,0.0
2026-08-03 13:30:00,INDEX:R3TW,54.91,59.22,54.91,58.6,0.0
2026-08-04 13:30:00,INDEX:R3TW,61.82,68.58,60.89,67.87,0.0
2026-08-05 13:30:00,INDEX:R3TW,67.4,68.1,63.71,63.75,0.0
2026-08-06 13:30:00,INDEX:R3TW,64.45,64.64,59.36,60.16,0.0
2026-08-07 13:30:00,INDEX:R3TW,62.14,64.67,62.14,63.58,0.0
2026-08-10 13:30:00,INDEX:R3TW,61.79,62.37,57.67,58.6,0.0
2026-08-11 13:30:00,INDEX:R3TW,60.39,61.79,59.46,59.81,0.0
2026-08-12 13:30:00,INDEX:R3TW,60.27,63.11,58.6,62.14,0.0
2026-08-13 13:30:00,INDEX:R3TW,66.65,67.43,64.74,65.95,0.0
2026-08-14 13:30:00,INDEX:R3TW,65.75,66.84,65.29,66.18,0.0
2026-08-17 13:30:00,INDEX:R3TW,62.88,62.88,59.11,59.21,0.0
2026-08-18 13:30:00,INDEX:R3TW,59.05,59.05,52.48,52.5,0.0
2026-08-19 13:30:00,INDEX:R3TW,58.07,58.07,52.43,52.62,0.0
2026-08-20 13:30:00,INDEX:R3TW,47.72,48.61,44.72,44.72,0.0
2026-08-21 13:30:00,INDEX:R3TW,44.72,48.26,44.72,47.81,0.0
2026-08-24 13:30:00,INDEX:R3TW,48.4,49.41,45.48,46.6,0.0
2026-08-25 13:30:00,INDEX:R3TW,46.72,47.46,45.16,47.27,0.0
2026-08-26 13:30:00,INDEX:R3TW,46.64,48.01,44.85,45.06,0.0
2026-08-27 13:30:00,INDEX:R3TW,41.79,44.71,40.93,42.62,0.0
2026-08-28 13:30:00,INDEX:R3TW,44.89,44.89,37.98,39.13,0.0
2026-08-31 13:30:00,INDEX:R3TW,35.15,35.15,32.65,33.67,0.0
2026-09-01 13:30:00,INDEX:R3TW,32.07,33.82,27.85,28.51,0.0
2026-09-02 13:30:00,INDEX:R3TW,32.13,37.82,32.13,35.8,0.0
2026-09-03 13:30:00,INDEX:R3TW,43.04,43.04,37.94,41.85,0.0
2026-09-04 13:30:00,INDEX:R3TW,37.49,43.33,37.49,42.62,0.0
2026-09-08 13:30:00,INDEX:R3TW,36.03,36.7,31.35,31.35,0.0
2026-09-09 13:30:00,INDEX:R3TW,30.46,30.46,23.82,23.82,0.0
2026-09-10 13:30:00,INDEX:R3TW,21.09,22.26,19.53,21.37,0.0
2026-09-11 13:30:00,INDEX:R3TW,30.1,30.1,23.71,26.01,0.0
