datetime,symbol,open,high,low,close,volume
2008-01-02 14:30:00,CBOE:VIX6M,24.36,24.36,24.36,24.36,0.0
2008-01-03 14:30:00,CBOE:VIX6M,23.75,23.75,23.75,23.75,0.0
2008-01-04 14:30:00,CBOE:VIX6M,24.5,24.5,24.5,24.5,0.0
2008-01-07 14:30:00,CBOE:VIX6M,24.22,24.22,24.22,24.22,0.0
2008-01-08 14:30:00,CBOE:VIX6M,25.18,25.18,25.18,25.18,0.0
2008-01-09 14:30:00,CBOE:VIX6M,24.48,24.48,24.48,24.48,0.0
2008-01-10 14:30:00,CBOE:VIX6M,24.57,24.57,24.57,24.57,0.0
2008-01-11 14:30:00,CBOE:VIX6M,24.96,24.96,24.96,24.96,0.0
2008-01-14 14:30:00,CBOE:VIX6M,24.41,24.41,24.41,24.41,0.0
2008-01-15 14:30:00,CBOE:VIX6M,24.9,24.9,24.9,24.9,0.0
2008-01-16 14:30:00,CBOE:VIX6M,24.64,24.64,24.64,24.64,0.0
2008-01-17 14:30:00,CBOE:VIX6M,26.52,26.52,26.52,26.52,0.0
2008-01-18 14:30:00,CBOE:VIX6M,26.11,26.11,26.11,26.11,0.0
2008-01-22 14:30:00,CBOE:VIX6M,26.87,26.87,26.87,26.87,0.0
2008-01-23 14:30:00,CBOE:VIX6M,25.73,25.73,25.73,25.73,0.0
2008-01-24 14:30:00,CBOE:VIX6M,25.74,25.74,25.74,25.74,0.0
2008-01-25 14:30:00,CBOE:VIX6M,26.48,26.48,26.48,26.48,0.0
2008-01-28 14:30:00,CBOE:VIX6M,25.73,25.73,25.73,25.73,0.0
2008-01-29 14:30:00,CBOE:VIX6M,25.43,25.43,25.43,25.43,0.0
2008-01-30 14:30:00,CBOE:VIX6M,25.68,25.68,25.68,25.68,0.0
2008-01-31 14:30:00,CBOE:VIX6M,22.83,22.83,22.83,22.83,0.0
2008-02-01 14:30:00,CBOE:VIX6M,24.18,24.18,24.18,24.18,0.0
2008-02-04 14:30:00,CBOE:VIX6M,25.13,25.13,25.13,25.13,0.0
2008-02-05 14:30:00,CBOE:VIX6M,26.58,26.58,26.58,26.58,0.0
2008-02-06 14:30:00,CBOE:VIX6M,27.23,27.23,27.23,27.23,0.0
2008-02-07 14:30:00,CBOE:VIX6M,26.47,26.47,26.47,26.47,0.0
2008-02-08 14:30:00,CBOE:VIX6M,26.77,26.77,26.77,26.77,0.0
2008-02-11 14:30:00,CBOE:VIX6M,26.38,26.38,26.38,26.38,0.0
2008-02-12 14:30:00,CBOE:VIX6M,26.1,26.1,26.1,26.1,0.0
2008-02-13 14:30:00,CBOE:VIX6M,25.53,25.53,25.53,25.53,0.0
2008-02-14 14:30:00,CBOE:VIX6M,25.67,25.67,25.67,25.67,0.0
2008-02-15 14:30:00,CBOE:VIX6M,25.65,25.65,25.65,25.65,0.0
2008-02-19 14:30:00,CBOE:VIX6M,25.5,25.5,25.5,25.5,0.0
2008-02-20 14:30:00,CBOE:VIX6M,24.95,24.95,24.95,24.95,0.0
2008-02-21 14:30:00,CBOE:VIX6M,25.33,25.33,25.33,25.33,0.0
2008-02-22 14:30:00,CBOE:VIX6M,24.79,24.79,24.79,24.79,0.0
2008-02-25 14:30:00,CBOE:VIX6M,24.3,24.3,24.3,24.3,0.0
2008-02-26 14:30:00,CBOE:VIX6M,23.78,23.78,23.78,23.78,0.0
2008-02-27 14:30:00,CBOE:VIX6M,24.17,24.17,24.17,24.17,0.0
2008-02-28 14:30:00,CBOE:VIX6M,24.61,24.61,24.61,24.61,0.0
2008-02-29 14:30:00,CBOE:VIX6M,26.33,26.33,26.33,26.33,0.0
2008-03-03 14:30:00,CBOE:VIX6M,25.91,25.91,25.91,25.91,0.0
2008-03-04 14:30:00,CBOE:VIX6M,25.52,25.52,25.52,25.52,0.0
2008-03-05 14:30:00,CBOE:VIX6M,24.8,24.8,24.8,24.8,0.0
2008-03-06 14:30:00,CBOE:VIX6M,26.44,26.44,26.44,26.44,0.0
2008-03-07 14:30:00,CBOE:VIX6M,26.51,26.51,26.51,26.51,0.0
2008-03-10 13:30:00,CBOE:VIX6M,27.51,27.51,27.51,27.51,0.0
2008-03-11 13:30:00,CBOE:VIX6M,25.77,25.77,25.77,25.77,0.0
2008-03-12 13:30:00,CBOE:VIX6M,26.91,26.91,26.91,26.91,0.0
2008-03-13 13:30:00,CBOE:VIX6M,27.03,27.03,27.03,27.03,0.0
2008-03-14 13:30:00,CBOE:VIX6M,28.48,28.48,28.48,28.48,0.0
2008-03-17 13:30:00,CBOE:VIX6M,28.41,28.41,28.41,28.41,0.0
2008-03-18 13:30:00,CBOE:VIX6M,25.61,25.61,25.61,25.61,0.0
2008-03-19 13:30:00,CBOE:VIX6M,27.83,27.83,27.83,27.83,0.0
2008-03-20 13:30:00,CBOE:VIX6M,26.56,26.56,26.56,26.56,0.0
2008-03-24 13:30:00,CBOE:VIX6M,25.91,25.91,25.91,25.91,0.0
2008-03-25 13:30:00,CBOE:VIX6M,26.14,26.14,26.14,26.14,0.0
2008-03-26 13:30:00,CBOE:VIX6M,26.49,26.49,26.49,26.49,0.0
2008-03-27 13:30:00,CBOE:VIX6M,26.27,26.27,26.27,26.27,0.0
2008-03-28 13:30:00,CBOE:VIX6M,26.24,26.24,26.24,26.24,0.0
2008-03-31 13:30:00,CBOE:VIX6M,25.75,25.75,25.75,25.75,0.0
2008-04-01 13:30:00,CBOE:VIX6M,24.2,24.2,24.2,24.2,0.0
2008-04-02 13:30:00,CBOE:VIX6M,24.66,24.66,24.66,24.66,0.0
2008-04-03 13:30:00,CBOE:VIX6M,24.64,24.64,24.64,24.64,0.0
2008-04-04 13:30:00,CBOE:VIX6M,24.06,24.06,24.06,24.06,0.0
2008-04-07 13:30:00,CBOE:VIX6M,23.7,23.7,23.7,23.7,0.0
2008-04-08 13:30:00,CBOE:VIX6M,23.66,23.66,23.66,23.66,0.0
2008-04-09 13:30:00,CBOE:VIX6M,24.11,24.11,24.11,24.11,0.0
2008-04-10 13:30:00,CBOE:VIX6M,23.68,23.68,23.68,23.68,0.0
2008-04-11 13:30:00,CBOE:VIX6M,24.55,24.55,24.55,24.55,0.0
2008-04-14 13:30:00,CBOE:VIX6M,24.72,24.72,24.72,24.72,0.0
2008-04-15 13:30:00,CBOE:VIX6M,24.26,24.26,24.26,24.26,0.0
2008-04-16 13:30:00,CBOE:VIX6M,22.72,22.72,22.72,22.72,0.0
2008-04-17 13:30:00,CBOE:VIX6M,22.63,22.63,22.63,22.63,0.0
2008-04-18 13:30:00,CBOE:VIX6M,22.29,22.29,22.29,22.29,0.0
2008-04-21 13:30:00,CBOE:VIX6M,22.25,22.25,22.25,22.25,0.0
2008-04-22 13:30:00,CBOE:VIX6M,22.67,22.67,22.67,22.67,0.0
2008-04-23 13:30:00,CBOE:VIX6M,22.65,22.65,22.65,22.65,0.0
2008-04-24 13:30:00,CBOE:VIX6M,22.27,22.27,22.27,22.27,0.0
2008-04-25 13:30:00,CBOE:VIX6M,21.68,21.68,21.68,21.68,0.0
2008-04-28 13:30:00,CBOE:VIX6M,21.45,21.45,21.45,21.45,0.0
2008-04-29 13:30:00,CBOE:VIX6M,21.72,21.72,21.72,21.72,0.0
2008-04-30 13:30:00,CBOE:VIX6M,21.93,21.93,21.93,21.93,0.0
2008-05-01 13:30:00,CBOE:VIX6M,20.77,20.77,20.77,20.77,0.0
2008-05-02 13:30:00,CBOE:VIX6M,20.59,20.59,20.59,20.59,0.0
2008-05-05 13:30:00,CBOE:VIX6M,21.05,21.05,21.05,21.05,0.0
2008-05-06 13:30:00,CBOE:VIX6M,20.91,20.91,20.91,20.91,0.0
2008-05-07 13:30:00,CBOE:VIX6M,21.9,21.9,21.9,21.9,0.0
2008-05-08 13:30:00,CBOE:VIX6M,21.83,21.83,21.83,21.83,0.0
2008-05-09 13:30:00,CBOE:VIX6M,21.91,21.91,21.91,21.91,0.0
2008-05-12 13:30:00,CBOE:VIX6M,21.33,21.33,21.33,21.33,0.0
2008-05-13 13:30:00,CBOE:VIX6M,21.29,21.29,21.29,21.29,0.0
2008-05-14 13:30:00,CBOE:VIX6M,21.18,21.18,21.18,21.18,0.0
2008-05-15 13:30:00,CBOE:VIX6M,20.79,20.79,20.79,20.79,0.0
2008-05-16 13:30:00,CBOE:VIX6M,21.2,21.2,21.2,21.2,0.0
2008-05-19 13:30:00,CBOE:VIX6M,21.37,21.37,21.37,21.37,0.0
2008-05-20 13:30:00,CBOE:VIX6M,22.11,22.11,22.11,22.11,0.0
2008-05-21 13:30:00,CBOE:VIX6M,23.34,23.34,23.34,23.34,0.0
2008-05-22 13:30:00,CBOE:VIX6M,22.92,22.92,22.92,22.92,0.0
2008-05-23 13:30:00,CBOE:VIX6M,23.69,23.69,23.69,23.69,0.0
2008-05-27 13:30:00,CBOE:VIX6M,23.22,23.22,23.22,23.22,0.0
2008-05-28 13:30:00,CBOE:VIX6M,22.96,22.96,22.96,22.96,0.0
2008-05-29 13:30:00,CBOE:VIX6M,22.44,22.44,22.44,22.44,0.0
2008-05-30 13:30:00,CBOE:VIX6M,22.04,22.04,22.04,22.04,0.0
2008-06-02 13:30:00,CBOE:VIX6M,22.99,22.99,22.99,22.99,0.0
2008-06-03 13:30:00,CBOE:VIX6M,23.36,23.36,23.36,23.36,0.0
2008-06-04 13:30:00,CBOE:VIX6M,23.73,23.73,23.73,23.73,0.0
2008-06-05 13:30:00,CBOE:VIX6M,22.47,22.47,22.47,22.47,0.0
2008-06-06 13:30:00,CBOE:VIX6M,24.82,24.82,24.82,24.82,0.0
2008-06-09 13:30:00,CBOE:VIX6M,24.52,24.52,24.52,24.52,0.0
2008-06-10 13:30:00,CBOE:VIX6M,24.45,24.45,24.45,24.45,0.0
2008-06-11 13:30:00,CBOE:VIX6M,24.83,24.83,24.83,24.83,0.0
2008-06-12 13:30:00,CBOE:VIX6M,24.34,24.34,24.34,24.34,0.0
2008-06-13 13:30:00,CBOE:VIX6M,23.27,23.27,23.27,23.27,0.0
2008-06-16 13:30:00,CBOE:VIX6M,22.91,22.91,22.91,22.91,0.0
2008-06-17 13:30:00,CBOE:VIX6M,23.07,23.07,23.07,23.07,0.0
2008-06-18 13:30:00,CBOE:VIX6M,23.93,23.93,23.93,23.93,0.0
2008-06-19 13:30:00,CBOE:VIX6M,23.3,23.3,23.3,23.3,0.0
2008-06-20 13:30:00,CBOE:VIX6M,23.78,23.78,23.78,23.78,0.0
2008-06-23 13:30:00,CBOE:VIX6M,23.71,23.71,23.71,23.71,0.0
2008-06-24 13:30:00,CBOE:VIX6M,23.67,23.67,23.67,23.67,0.0
2008-06-25 13:30:00,CBOE:VIX6M,22.88,22.88,22.88,22.88,0.0
2008-06-26 13:30:00,CBOE:VIX6M,24.47,24.47,24.47,24.47,0.0
2008-06-27 13:30:00,CBOE:VIX6M,24.29,24.29,24.29,24.29,0.0
2008-06-30 13:30:00,CBOE:VIX6M,24.17,24.17,24.17,24.17,0.0
2008-07-01 13:30:00,CBOE:VIX6M,24.07,24.07,24.07,24.07,0.0
2008-07-02 13:30:00,CBOE:VIX6M,25.1,25.1,25.1,25.1,0.0
2008-07-03 13:30:00,CBOE:VIX6M,24.67,24.67,24.67,24.67,0.0
2008-07-07 13:30:00,CBOE:VIX6M,25.01,25.01,25.01,25.01,0.0
2008-07-08 13:30:00,CBOE:VIX6M,23.64,23.64,23.64,23.64,0.0
2008-07-09 13:30:00,CBOE:VIX6M,24.71,24.71,24.71,24.71,0.0
2008-07-10 13:30:00,CBOE:VIX6M,24.69,24.69,24.69,24.69,0.0
2008-07-11 13:30:00,CBOE:VIX6M,25.5,25.5,25.5,25.5,0.0
2008-07-14 13:30:00,CBOE:VIX6M,25.93,25.93,25.93,25.93,0.0
2008-07-15 13:30:00,CBOE:VIX6M,26.2,26.2,26.2,26.2,0.0
2008-07-16 13:30:00,CBOE:VIX6M,24.57,24.57,24.57,24.57,0.0
2008-07-17 13:30:00,CBOE:VIX6M,24.33,24.33,24.33,24.33,0.0
2008-07-18 13:30:00,CBOE:VIX6M,23.97,23.97,23.97,23.97,0.0
2008-07-21 13:30:00,CBOE:VIX6M,23.57,23.57,23.57,23.57,0.0
2008-07-22 13:30:00,CBOE:VIX6M,22.71,22.71,22.71,22.71,0.0
2008-07-23 13:30:00,CBOE:VIX6M,22.91,22.91,22.91,22.91,0.0
2008-07-24 13:30:00,CBOE:VIX6M,24.06,24.06,24.06,24.06,0.0
2008-07-25 13:30:00,CBOE:VIX6M,23.89,23.89,23.89,23.89,0.0
2008-07-28 13:30:00,CBOE:VIX6M,24.47,24.47,24.47,24.47,0.0
2008-07-29 13:30:00,CBOE:VIX6M,23.06,23.06,23.06,23.06,0.0
2008-07-30 13:30:00,CBOE:VIX6M,22.36,22.36,22.36,22.36,0.0
2008-07-31 13:30:00,CBOE:VIX6M,23.22,23.22,23.22,23.22,0.0
2008-08-01 13:30:00,CBOE:VIX6M,23.38,23.38,23.38,23.38,0.0
2008-08-04 13:30:00,CBOE:VIX6M,23.65,23.65,23.65,23.65,0.0
2008-08-05 13:30:00,CBOE:VIX6M,22.34,22.34,22.34,22.34,0.0
2008-08-06 13:30:00,CBOE:VIX6M,22.18,22.18,22.18,22.18,0.0
2008-08-07 13:30:00,CBOE:VIX6M,22.78,22.78,22.78,22.78,0.0
2008-08-08 13:30:00,CBOE:VIX6M,22.56,22.56,22.56,22.56,0.0
2008-08-11 13:30:00,CBOE:VIX6M,22.46,22.46,22.46,22.46,0.0
2008-08-12 13:30:00,CBOE:VIX6M,23.08,23.08,23.08,23.08,0.0
2008-08-13 13:30:00,CBOE:VIX6M,23.43,23.43,23.43,23.43,0.0
2008-08-14 13:30:00,CBOE:VIX6M,22.82,22.82,22.82,22.82,0.0
2008-08-15 13:30:00,CBOE:VIX6M,22.57,22.57,22.57,22.57,0.0
2008-08-18 13:30:00,CBOE:VIX6M,23.11,23.11,23.11,23.11,0.0
2008-08-19 13:30:00,CBOE:VIX6M,23.37,23.37,23.37,23.37,0.0
2008-08-20 13:30:00,CBOE:VIX6M,23.01,23.01,23.01,23.01,0.0
2008-08-21 13:30:00,CBOE:VIX6M,22.89,22.89,22.89,22.89,0.0
2008-08-22 13:30:00,CBOE:VIX6M,22.54,22.54,22.54,22.54,0.0
2008-08-25 13:30:00,CBOE:VIX6M,23.35,23.35,23.35,23.35,0.0
2008-08-26 13:30:00,CBOE:VIX6M,23.23,23.23,23.23,23.23,0.0
2008-08-27 13:30:00,CBOE:VIX6M,22.85,22.85,22.85,22.85,0.0
2008-08-28 13:30:00,CBOE:VIX6M,22.48,22.48,22.48,22.48,0.0
2008-08-29 13:30:00,CBOE:VIX6M,23.18,23.18,23.18,23.18,0.0
2008-09-02 13:30:00,CBOE:VIX6M,23.54,23.54,23.54,23.54,0.0
2008-09-03 13:30:00,CBOE:VIX6M,23.32,23.32,23.32,23.32,0.0
2008-09-04 13:30:00,CBOE:VIX6M,24.27,24.27,24.27,24.27,0.0
2008-09-05 13:30:00,CBOE:VIX6M,23.97,23.97,23.97,23.97,0.0
2008-09-08 13:30:00,CBOE:VIX6M,23.43,23.43,23.43,23.43,0.0
2008-09-09 13:30:00,CBOE:VIX6M,24.78,24.78,24.78,24.78,0.0
2008-09-10 13:30:00,CBOE:VIX6M,24.3,24.3,24.3,24.3,0.0
2008-09-11 13:30:00,CBOE:VIX6M,24.09,24.09,24.09,24.09,0.0
2008-09-12 13:30:00,CBOE:VIX6M,24.57,24.57,24.57,24.57,0.0
2008-09-15 13:30:00,CBOE:VIX6M,26.46,26.46,26.46,26.46,0.0
2008-09-16 13:30:00,CBOE:VIX6M,25.56,25.56,25.56,25.56,0.0
2008-09-17 13:30:00,CBOE:VIX6M,27.84,27.84,27.84,27.84,0.0
2008-09-18 13:30:00,CBOE:VIX6M,26.12,26.12,26.12,26.12,0.0
2008-09-19 13:30:00,CBOE:VIX6M,26.14,26.14,26.14,26.14,0.0
2008-09-22 13:30:00,CBOE:VIX6M,27.44,27.44,27.44,27.44,0.0
2008-09-23 13:30:00,CBOE:VIX6M,28.57,28.57,28.57,28.57,0.0
2008-09-24 13:30:00,CBOE:VIX6M,28.37,28.37,28.37,28.37,0.0
2008-09-25 13:30:00,CBOE:VIX6M,27.31,27.31,27.31,27.31,0.0
2008-09-26 13:30:00,CBOE:VIX6M,27.7,27.7,27.7,27.7,0.0
2008-09-29 13:30:00,CBOE:VIX6M,32.03,32.03,32.03,32.03,0.0
2008-09-30 13:30:00,CBOE:VIX6M,29.77,29.77,29.77,29.77,0.0
2008-10-01 13:30:00,CBOE:VIX6M,30.36,30.36,30.36,30.36,0.0
2008-10-02 13:30:00,CBOE:VIX6M,32.2,32.2,32.2,32.2,0.0
2008-10-03 13:30:00,CBOE:VIX6M,32.66,32.66,32.66,32.66,0.0
2008-10-06 13:30:00,CBOE:VIX6M,33.64,33.64,33.64,33.64,0.0
2008-10-07 13:30:00,CBOE:VIX6M,34.45,34.45,34.45,34.45,0.0
2008-10-08 13:30:00,CBOE:VIX6M,38.13,38.13,38.13,38.13,0.0
2008-10-09 13:30:00,CBOE:VIX6M,42.33,42.33,42.33,42.33,0.0
2008-10-10 13:30:00,CBOE:VIX6M,45.22,45.22,45.22,45.22,0.0
2008-10-13 13:30:00,CBOE:VIX6M,37.85,37.85,37.85,37.85,0.0
2008-10-14 13:30:00,CBOE:VIX6M,38.65,38.65,38.65,38.65,0.0
2008-10-15 13:30:00,CBOE:VIX6M,44.59,44.59,44.59,44.59,0.0
2008-10-16 13:30:00,CBOE:VIX6M,43.53,43.53,43.53,43.53,0.0
2008-10-17 13:30:00,CBOE:VIX6M,45.79,45.79,45.79,45.79,0.0
2008-10-20 13:30:00,CBOE:VIX6M,40.17,40.17,40.17,40.17,0.0
2008-10-21 13:30:00,CBOE:VIX6M,40.68,40.68,40.68,40.68,0.0
2008-10-22 13:30:00,CBOE:VIX6M,45.28,45.28,45.28,45.28,0.0
2008-10-23 13:30:00,CBOE:VIX6M,45.47,45.47,45.47,45.47,0.0
2008-10-24 13:30:00,CBOE:VIX6M,50.85,50.85,50.85,50.85,0.0
2008-10-27 13:30:00,CBOE:VIX6M,52.29,52.29,52.29,52.29,0.0
2008-10-28 13:30:00,CBOE:VIX6M,47.54,47.54,47.54,47.54,0.0
2008-10-29 13:30:00,CBOE:VIX6M,50.06,50.06,50.06,50.06,0.0
2008-10-30 13:30:00,CBOE:VIX6M,47.82,47.82,47.82,47.82,0.0
2008-10-31 13:30:00,CBOE:VIX6M,48.44,48.44,48.44,48.44,0.0
2008-11-03 14:30:00,CBOE:VIX6M,46.54,46.54,46.54,46.54,0.0
2008-11-04 14:30:00,CBOE:VIX6M,43.28,43.28,43.28,43.28,0.0
2008-11-05 14:30:00,CBOE:VIX6M,45.86,45.86,45.86,45.86,0.0
2008-11-06 14:30:00,CBOE:VIX6M,50.44,50.44,50.44,50.44,0.0
2008-11-07 14:30:00,CBOE:VIX6M,47.26,47.26,47.26,47.26,0.0
2008-11-10 14:30:00,CBOE:VIX6M,48.94,48.94,48.94,48.94,0.0
2008-11-11 14:30:00,CBOE:VIX6M,50.22,50.22,50.22,50.22,0.0
2008-11-12 14:30:00,CBOE:VIX6M,52.95,52.95,52.95,52.95,0.0
2008-11-13 14:30:00,CBOE:VIX6M,49.21,49.21,49.21,49.21,0.0
2008-11-14 14:30:00,CBOE:VIX6M,53.93,53.93,53.93,53.93,0.0
2008-11-17 14:30:00,CBOE:VIX6M,55.16,55.16,55.16,55.16,0.0
2008-11-18 14:30:00,CBOE:VIX6M,52.88,52.88,52.88,52.88,0.0
2008-11-19 14:30:00,CBOE:VIX6M,58.59,58.59,58.59,58.59,0.0
2008-11-20 14:30:00,CBOE:VIX6M,61.47,61.47,61.47,61.47,0.0
2008-11-21 14:30:00,CBOE:VIX6M,57.71,57.71,57.71,57.71,0.0
2008-11-24 14:30:00,CBOE:VIX6M,52.22,52.22,52.22,52.22,0.0
2008-11-25 14:30:00,CBOE:VIX6M,51.57,51.57,51.57,51.57,0.0
2008-11-26 14:30:00,CBOE:VIX6M,48.55,48.55,48.55,48.55,0.0
2008-11-28 14:30:00,CBOE:VIX6M,49.05,49.05,49.05,49.05,0.0
2008-12-01 14:30:00,CBOE:VIX6M,55.4,55.4,55.4,55.4,0.0
2008-12-02 14:30:00,CBOE:VIX6M,53.49,53.49,53.49,53.49,0.0
2008-12-03 14:30:00,CBOE:VIX6M,52.63,52.63,52.63,52.63,0.0
2008-12-04 14:30:00,CBOE:VIX6M,55.88,55.88,55.88,55.88,0.0
2008-12-05 14:30:00,CBOE:VIX6M,53.5,53.5,53.5,53.5,0.0
2008-12-08 14:30:00,CBOE:VIX6M,52.31,52.31,52.31,52.31,0.0
2008-12-09 14:30:00,CBOE:VIX6M,53.67,53.67,53.67,53.67,0.0
2008-12-10 14:30:00,CBOE:VIX6M,52.74,52.74,52.74,52.74,0.0
2008-12-11 14:30:00,CBOE:VIX6M,52.68,52.68,52.68,52.68,0.0
2008-12-12 14:30:00,CBOE:VIX6M,51.92,51.92,51.92,51.92,0.0
2008-12-15 14:30:00,CBOE:VIX6M,51.87,51.87,51.87,51.87,0.0
2008-12-16 14:30:00,CBOE:VIX6M,49.48,49.48,49.48,49.48,0.0
2008-12-17 14:30:00,CBOE:VIX6M,48.86,48.86,48.86,48.86,0.0
2008-12-18 14:30:00,CBOE:VIX6M,47.6,47.6,47.6,47.6,0.0
2008-12-19 14:30:00,CBOE:VIX6M,45.67,45.67,45.67,45.67,0.0
2008-12-22 14:30:00,CBOE:VIX6M,45.27,45.27,45.27,45.27,0.0
2008-12-23 14:30:00,CBOE:VIX6M,45.47,45.47,45.47,45.47,0.0
2008-12-24 14:30:00,CBOE:VIX6M,45.06,45.06,45.06,45.06,0.0
2008-12-26 14:30:00,CBOE:VIX6M,44.48,44.48,44.48,44.48,0.0
2008-12-29 14:30:00,CBOE:VIX6M,44.27,44.27,44.27,44.27,0.0
2008-12-30 14:30:00,CBOE:VIX6M,42.82,42.82,42.82,42.82,0.0
2008-12-31 14:30:00,CBOE:VIX6M,41.61,41.61,41.61,41.61,0.0
2009-01-02 14:30:00,CBOE:VIX6M,39.21,39.21,39.21,39.21,0.0
2009-01-05 14:30:00,CBOE:VIX6M,39.3,39.3,39.3,39.3,0.0
2009-01-06 14:30:00,CBOE:VIX6M,38.69,38.69,38.69,38.69,0.0
2009-01-07 14:30:00,CBOE:VIX6M,41.21,41.21,41.21,41.21,0.0
2009-01-08 14:30:00,CBOE:VIX6M,41.65,41.65,41.65,41.65,0.0
2009-01-09 14:30:00,CBOE:VIX6M,42.35,42.35,42.35,42.35,0.0
2009-01-12 14:30:00,CBOE:VIX6M,44.5,44.5,44.5,44.5,0.0
2009-01-13 14:30:00,CBOE:VIX6M,44.45,44.45,44.45,44.45,0.0
2009-01-14 14:30:00,CBOE:VIX6M,47.6,47.6,47.6,47.6,0.0
2009-01-15 14:30:00,CBOE:VIX6M,48.23,48.23,48.23,48.23,0.0
2009-01-16 14:30:00,CBOE:VIX6M,47.03,47.03,47.03,47.03,0.0
2009-01-20 14:30:00,CBOE:VIX6M,51.3,51.3,51.3,51.3,0.0
2009-01-21 14:30:00,CBOE:VIX6M,47.27,47.27,47.27,47.27,0.0
2009-01-22 14:30:00,CBOE:VIX6M,47.96,47.96,47.96,47.96,0.0
2009-01-23 14:30:00,CBOE:VIX6M,47.06,47.06,47.06,47.06,0.0
2009-01-26 14:30:00,CBOE:VIX6M,45.65,45.65,45.65,45.65,0.0
2009-01-27 14:30:00,CBOE:VIX6M,44.11,44.11,44.11,44.11,0.0
2009-01-28 14:30:00,CBOE:VIX6M,41.68,41.68,41.68,41.68,0.0
2009-01-29 14:30:00,CBOE:VIX6M,42.61,42.61,42.61,42.61,0.0
2009-01-30 14:30:00,CBOE:VIX6M,43.78,43.78,43.78,43.78,0.0
2009-02-02 14:30:00,CBOE:VIX6M,43.28,43.28,43.28,43.28,0.0
2009-02-03 14:30:00,CBOE:VIX6M,42.17,42.17,42.17,42.17,0.0
2009-02-04 14:30:00,CBOE:VIX6M,41.97,41.97,41.97,41.97,0.0
2009-02-05 14:30:00,CBOE:VIX6M,41.92,41.92,41.92,41.92,0.0
2009-02-06 14:30:00,CBOE:VIX6M,41.46,41.46,41.46,41.46,0.0
2009-02-09 14:30:00,CBOE:VIX6M,41.3,41.3,41.3,41.3,0.0
2009-02-10 14:30:00,CBOE:VIX6M,43.88,43.88,43.88,43.88,0.0
2009-02-11 14:30:00,CBOE:VIX6M,42.82,42.82,42.82,42.82,0.0
2009-02-12 14:30:00,CBOE:VIX6M,42.03,42.03,42.03,42.03,0.0
2009-02-13 14:30:00,CBOE:VIX6M,41.8,41.8,41.8,41.8,0.0
2009-02-17 14:30:00,CBOE:VIX6M,44.13,44.13,44.13,44.13,0.0
2009-02-18 14:30:00,CBOE:VIX6M,44.57,44.57,44.57,44.57,0.0
2009-02-19 14:30:00,CBOE:VIX6M,44.14,44.14,44.14,44.14,0.0
2009-02-20 14:30:00,CBOE:VIX6M,45.23,45.23,45.23,45.23,0.0
2009-02-23 14:30:00,CBOE:VIX6M,47.19,47.19,47.19,47.19,0.0
2009-02-24 14:30:00,CBOE:VIX6M,43.65,43.65,43.65,43.65,0.0
2009-02-25 14:30:00,CBOE:VIX6M,43.65,43.65,43.65,43.65,0.0
2009-02-26 14:30:00,CBOE:VIX6M,43.51,43.51,43.51,43.51,0.0
2009-02-27 14:30:00,CBOE:VIX6M,44.05,44.05,44.05,44.05,0.0
2009-03-02 14:30:00,CBOE:VIX6M,46.9,46.9,46.9,46.9,0.0
2009-03-03 14:30:00,CBOE:VIX6M,46.16,46.16,46.16,46.16,0.0
2009-03-04 14:30:00,CBOE:VIX6M,43.35,43.35,43.35,43.35,0.0
2009-03-05 14:30:00,CBOE:VIX6M,44.65,44.65,44.65,44.65,0.0
2009-03-06 14:30:00,CBOE:VIX6M,44.11,44.11,44.11,44.11,0.0
2009-03-09 13:30:00,CBOE:VIX6M,43.96,43.96,43.96,43.96,0.0
2009-03-10 13:30:00,CBOE:VIX6M,40.84,40.84,40.84,40.84,0.0
2009-03-11 13:30:00,CBOE:VIX6M,41.05,41.05,41.05,41.05,0.0
2009-03-12 13:30:00,CBOE:VIX6M,39.78,39.78,39.78,39.78,0.0
2009-03-13 13:30:00,CBOE:VIX6M,40.83,40.83,40.83,40.83,0.0
2009-03-16 13:30:00,CBOE:VIX6M,41.15,41.15,41.15,41.15,0.0
2009-03-17 13:30:00,CBOE:VIX6M,39.58,39.58,39.58,39.58,0.0
2009-03-18 13:30:00,CBOE:VIX6M,39.75,39.75,39.75,39.75,0.0
2009-03-19 13:30:00,CBOE:VIX6M,42.13,42.13,42.13,42.13,0.0
2009-03-20 13:30:00,CBOE:VIX6M,44.27,44.27,44.27,44.27,0.0
2009-03-23 13:30:00,CBOE:VIX6M,41.41,41.41,41.41,41.41,0.0
2009-03-24 13:30:00,CBOE:VIX6M,41.78,41.78,41.78,41.78,0.0
2009-03-25 13:30:00,CBOE:VIX6M,40.63,40.63,40.63,40.63,0.0
2009-03-26 13:30:00,CBOE:VIX6M,40.34,40.34,40.34,40.34,0.0
2009-03-27 13:30:00,CBOE:VIX6M,41.54,41.54,41.54,41.54,0.0
2009-03-30 13:30:00,CBOE:VIX6M,43.82,43.82,43.82,43.82,0.0
2009-03-31 13:30:00,CBOE:VIX6M,42.96,42.96,42.96,42.96,0.0
2009-04-01 13:30:00,CBOE:VIX6M,42.35,42.35,42.35,42.35,0.0
2009-04-02 13:30:00,CBOE:VIX6M,41.76,41.76,41.76,41.76,0.0
2009-04-03 13:30:00,CBOE:VIX6M,41.31,41.31,41.31,41.31,0.0
2009-04-06 13:30:00,CBOE:VIX6M,41.61,41.61,41.61,41.61,0.0
2009-04-07 13:30:00,CBOE:VIX6M,41.84,41.84,41.84,41.84,0.0
2009-04-08 13:30:00,CBOE:VIX6M,41.12,41.12,41.12,41.12,0.0
2009-04-09 13:30:00,CBOE:VIX6M,40.26,40.26,40.26,40.26,0.0
2009-04-13 13:30:00,CBOE:VIX6M,39.96,39.96,39.96,39.96,0.0
2009-04-14 13:30:00,CBOE:VIX6M,40.2,40.2,40.2,40.2,0.0
2009-04-15 13:30:00,CBOE:VIX6M,39.38,39.38,39.38,39.38,0.0
2009-04-16 13:30:00,CBOE:VIX6M,38.61,38.61,38.61,38.61,0.0
2009-04-17 13:30:00,CBOE:VIX6M,37.49,37.49,37.49,37.49,0.0
2009-04-20 13:30:00,CBOE:VIX6M,39.37,39.37,39.37,39.37,0.0
2009-04-21 13:30:00,CBOE:VIX6M,38.3,38.3,38.3,38.3,0.0
2009-04-22 13:30:00,CBOE:VIX6M,38.95,38.95,38.95,38.95,0.0
2009-04-23 13:30:00,CBOE:VIX6M,38.55,38.55,38.55,38.55,0.0
2009-04-24 13:30:00,CBOE:VIX6M,38.33,38.33,38.33,38.33,0.0
2009-04-27 13:30:00,CBOE:VIX6M,38.88,38.88,38.88,38.88,0.0
2009-04-28 13:30:00,CBOE:VIX6M,38.74,38.74,38.74,38.74,0.0
2009-04-29 13:30:00,CBOE:VIX6M,37.36,37.36,37.36,37.36,0.0
2009-04-30 13:30:00,CBOE:VIX6M,36.84,36.84,36.84,36.84,0.0
2009-05-01 13:30:00,CBOE:VIX6M,36.38,36.38,36.38,36.38,0.0
2009-05-04 13:30:00,CBOE:VIX6M,35.44,35.44,35.44,35.44,0.0
2009-05-05 13:30:00,CBOE:VIX6M,35.37,35.37,35.37,35.37,0.0
2009-05-06 13:30:00,CBOE:VIX6M,34.34,34.34,34.34,34.34,0.0
2009-05-07 13:30:00,CBOE:VIX6M,34.74,34.74,34.74,34.74,0.0
2009-05-08 13:30:00,CBOE:VIX6M,33.71,33.71,33.71,33.71,0.0
2009-05-11 13:30:00,CBOE:VIX6M,34.16,34.16,34.16,34.16,0.0
2009-05-12 13:30:00,CBOE:VIX6M,33.9,33.9,33.9,33.9,0.0
2009-05-13 13:30:00,CBOE:VIX6M,34.56,34.56,34.56,34.56,0.0
2009-05-14 13:30:00,CBOE:VIX6M,33.14,33.14,33.14,33.14,0.0
2009-05-15 13:30:00,CBOE:VIX6M,33.85,33.85,33.85,33.85,0.0
2009-05-18 13:30:00,CBOE:VIX6M,32.22,32.22,32.22,32.22,0.0
2009-05-19 13:30:00,CBOE:VIX6M,31.5,31.5,31.5,31.5,0.0
2009-05-20 13:30:00,CBOE:VIX6M,31.75,31.75,31.75,31.75,0.0
2009-05-21 13:30:00,CBOE:VIX6M,33.01,33.01,33.01,33.01,0.0
2009-05-22 13:30:00,CBOE:VIX6M,33.72,33.72,33.72,33.72,0.0
2009-05-26 13:30:00,CBOE:VIX6M,32.31,32.31,32.31,32.31,0.0
2009-05-27 13:30:00,CBOE:VIX6M,33.11,33.11,33.11,33.11,0.0
2009-05-28 13:30:00,CBOE:VIX6M,32.93,32.93,32.93,32.93,0.0
2009-05-29 13:30:00,CBOE:VIX6M,31.8,31.8,31.8,31.8,0.0
2009-06-01 13:30:00,CBOE:VIX6M,31.72,31.72,31.72,31.72,0.0
2009-06-02 13:30:00,CBOE:VIX6M,31.66,31.66,31.66,31.66,0.0
2009-06-03 13:30:00,CBOE:VIX6M,32.88,32.88,32.88,32.88,0.0
2009-06-04 13:30:00,CBOE:VIX6M,32.55,32.55,32.55,32.55,0.0
2009-06-05 13:30:00,CBOE:VIX6M,32.65,32.65,32.65,32.65,0.0
2009-06-08 13:30:00,CBOE:VIX6M,32.73,32.73,32.73,32.73,0.0
2009-06-09 13:30:00,CBOE:VIX6M,32.1,32.1,32.1,32.1,0.0
2009-06-10 13:30:00,CBOE:VIX6M,32.04,32.04,32.04,32.04,0.0
2009-06-11 13:30:00,CBOE:VIX6M,31.35,31.35,31.35,31.35,0.0
2009-06-12 13:30:00,CBOE:VIX6M,31.0,31.0,31.0,31.0,0.0
2009-06-15 13:30:00,CBOE:VIX6M,32.51,32.51,32.51,32.51,0.0
2009-06-16 13:30:00,CBOE:VIX6M,33.25,33.25,33.25,33.25,0.0
2009-06-17 13:30:00,CBOE:VIX6M,33.09,33.09,33.09,33.09,0.0
2009-06-18 13:30:00,CBOE:VIX6M,32.46,32.46,32.46,32.46,0.0
2009-06-19 13:30:00,CBOE:VIX6M,32.2,32.2,32.2,32.2,0.0
2009-06-22 13:30:00,CBOE:VIX6M,33.35,33.35,33.35,33.35,0.0
2009-06-23 13:30:00,CBOE:VIX6M,32.99,32.99,32.99,32.99,0.0
2009-06-24 13:30:00,CBOE:VIX6M,32.17,32.17,32.17,32.17,0.0
2009-06-25 13:30:00,CBOE:VIX6M,30.93,30.93,30.93,30.93,0.0
2009-06-26 13:30:00,CBOE:VIX6M,30.77,30.77,30.77,30.77,0.0
2009-06-29 13:30:00,CBOE:VIX6M,29.77,29.77,29.77,29.77,0.0
2009-06-30 13:30:00,CBOE:VIX6M,30.08,30.08,30.08,30.08,0.0
2009-07-01 13:30:00,CBOE:VIX6M,30.13,30.13,30.13,30.13,0.0
2009-07-02 13:30:00,CBOE:VIX6M,31.21,31.21,31.21,31.21,0.0
2009-07-06 13:30:00,CBOE:VIX6M,31.41,31.41,31.41,31.41,0.0
2009-07-07 13:30:00,CBOE:VIX6M,32.27,32.27,32.27,32.27,0.0
2009-07-08 13:30:00,CBOE:VIX6M,32.98,32.98,32.98,32.98,0.0
2009-07-09 13:30:00,CBOE:VIX6M,32.19,32.19,32.19,32.19,0.0
2009-07-10 13:30:00,CBOE:VIX6M,32.19,32.19,32.19,32.19,0.0
2009-07-13 13:30:00,CBOE:VIX6M,31.13,31.13,31.13,31.13,0.0
2009-07-14 13:30:00,CBOE:VIX6M,30.8,30.8,30.8,30.8,0.0
2009-07-15 13:30:00,CBOE:VIX6M,30.3,30.3,30.3,30.3,0.0
2009-07-16 13:30:00,CBOE:VIX6M,30.04,30.04,30.04,30.04,0.0
2009-07-17 13:30:00,CBOE:VIX6M,29.75,29.75,29.75,29.75,0.0
2009-07-20 13:30:00,CBOE:VIX6M,29.11,29.11,29.11,29.11,0.0
2009-07-21 13:30:00,CBOE:VIX6M,28.81,28.81,28.81,28.81,0.0
2009-07-22 13:30:00,CBOE:VIX6M,28.63,28.63,28.63,28.63,0.0
2009-07-23 13:30:00,CBOE:VIX6M,28.38,28.38,28.38,28.38,0.0
2009-07-24 13:30:00,CBOE:VIX6M,27.93,27.93,27.93,27.93,0.0
2009-07-27 13:30:00,CBOE:VIX6M,28.29,28.29,28.29,28.29,0.0
2009-07-28 13:30:00,CBOE:VIX6M,29.14,29.14,29.14,29.14,0.0
2009-07-29 13:30:00,CBOE:VIX6M,29.46,29.46,29.46,29.46,0.0
2009-07-30 13:30:00,CBOE:VIX6M,29.24,29.24,29.24,29.24,0.0
2009-07-31 13:30:00,CBOE:VIX6M,29.06,29.06,29.06,29.06,0.0
2009-08-03 13:30:00,CBOE:VIX6M,28.78,28.78,28.78,28.78,0.0
2009-08-04 13:30:00,CBOE:VIX6M,28.48,28.48,28.48,28.48,0.0
2009-08-05 13:30:00,CBOE:VIX6M,28.64,28.64,28.64,28.64,0.0
2009-08-06 13:30:00,CBOE:VIX6M,29.05,29.05,29.05,29.05,0.0
2009-08-07 13:30:00,CBOE:VIX6M,28.36,28.36,28.36,28.36,0.0
2009-08-10 13:30:00,CBOE:VIX6M,28.31,28.31,28.31,28.31,0.0
2009-08-11 13:30:00,CBOE:VIX6M,29.19,29.19,29.19,29.19,0.0
2009-08-12 13:30:00,CBOE:VIX6M,28.86,28.86,28.86,28.86,0.0
2009-08-13 13:30:00,CBOE:VIX6M,28.73,28.73,28.73,28.73,0.0
2009-08-14 13:30:00,CBOE:VIX6M,28.54,28.54,28.54,28.54,0.0
2009-08-17 13:30:00,CBOE:VIX6M,30.75,30.75,30.75,30.75,0.0
2009-08-18 13:30:00,CBOE:VIX6M,30.09,30.09,30.09,30.09,0.0
2009-08-19 13:30:00,CBOE:VIX6M,29.97,29.97,29.97,29.97,0.0
2009-08-20 13:30:00,CBOE:VIX6M,29.73,29.73,29.73,29.73,0.0
2009-08-21 13:30:00,CBOE:VIX6M,29.3,29.3,29.3,29.3,0.0
2009-08-24 13:30:00,CBOE:VIX6M,29.7,29.7,29.7,29.7,0.0
2009-08-25 13:30:00,CBOE:VIX6M,29.65,29.65,29.65,29.65,0.0
2009-08-26 13:30:00,CBOE:VIX6M,29.87,29.87,29.87,29.87,0.0
2009-08-27 13:30:00,CBOE:VIX6M,29.77,29.77,29.77,29.77,0.0
2009-08-28 13:30:00,CBOE:VIX6M,29.49,29.49,29.49,29.49,0.0
2009-08-31 13:30:00,CBOE:VIX6M,30.13,30.13,30.13,30.13,0.0
2009-09-01 13:30:00,CBOE:VIX6M,31.53,31.53,31.53,31.53,0.0
2009-09-02 13:30:00,CBOE:VIX6M,31.62,31.62,31.62,31.62,0.0
2009-09-03 13:30:00,CBOE:VIX6M,30.5,30.5,30.5,30.5,0.0
2009-09-04 13:30:00,CBOE:VIX6M,29.67,29.67,29.67,29.67,0.0
2009-09-08 13:30:00,CBOE:VIX6M,29.32,29.32,29.32,29.32,0.0
2009-09-09 13:30:00,CBOE:VIX6M,28.58,28.58,28.58,28.58,0.0
2009-09-10 13:30:00,CBOE:VIX6M,27.83,27.83,27.83,27.83,0.0
2009-09-11 13:30:00,CBOE:VIX6M,27.83,27.83,27.83,27.83,0.0
2009-09-14 13:30:00,CBOE:VIX6M,27.56,27.56,27.56,27.56,0.0
2009-09-15 13:30:00,CBOE:VIX6M,27.55,27.55,27.55,27.55,0.0
2009-09-16 13:30:00,CBOE:VIX6M,27.54,27.54,27.54,27.54,0.0
2009-09-17 13:30:00,CBOE:VIX6M,27.2,27.2,27.2,27.2,0.0
2009-09-18 13:30:00,CBOE:VIX6M,27.63,27.63,27.63,27.63,0.0
2009-09-21 13:30:00,CBOE:VIX6M,27.54,27.54,27.54,27.54,0.0
2009-09-22 13:30:00,CBOE:VIX6M,27.32,27.32,27.32,27.32,0.0
2009-09-23 13:30:00,CBOE:VIX6M,27.6,27.6,27.6,27.6,0.0
2009-09-24 13:30:00,CBOE:VIX6M,28.5,28.5,28.5,28.5,0.0
2009-09-25 13:30:00,CBOE:VIX6M,28.47,28.47,28.47,28.47,0.0
2009-09-28 13:30:00,CBOE:VIX6M,27.84,27.84,27.84,27.84,0.0
2009-09-29 13:30:00,CBOE:VIX6M,28.0,28.0,28.0,28.0,0.0
2009-09-30 13:30:00,CBOE:VIX6M,27.77,27.77,27.77,27.77,0.0
2009-10-01 13:30:00,CBOE:VIX6M,29.28,29.28,29.28,29.28,0.0
2009-10-02 13:30:00,CBOE:VIX6M,29.66,29.66,29.66,29.66,0.0
2009-10-05 13:30:00,CBOE:VIX6M,28.73,28.73,28.73,28.73,0.0
2009-10-06 13:30:00,CBOE:VIX6M,28.06,28.06,28.06,28.06,0.0
2009-10-07 13:30:00,CBOE:VIX6M,27.59,27.59,27.59,27.59,0.0
2009-10-08 13:30:00,CBOE:VIX6M,27.32,27.32,27.32,27.32,0.0
2009-10-09 13:30:00,CBOE:VIX6M,26.75,26.75,26.75,26.75,0.0
2009-10-12 13:30:00,CBOE:VIX6M,26.75,26.75,26.75,26.75,0.0
2009-10-13 13:30:00,CBOE:VIX6M,26.79,26.79,26.79,26.79,0.0
2009-10-14 13:30:00,CBOE:VIX6M,26.58,26.58,26.58,26.58,0.0
2009-10-15 13:30:00,CBOE:VIX6M,26.16,26.16,26.16,26.16,0.0
2009-10-16 13:30:00,CBOE:VIX6M,26.32,26.32,26.32,26.32,0.0
2009-10-19 13:30:00,CBOE:VIX6M,25.94,25.94,25.94,25.94,0.0
2009-10-20 13:30:00,CBOE:VIX6M,25.86,25.86,25.86,25.86,0.0
2009-10-21 13:30:00,CBOE:VIX6M,26.41,26.41,26.41,26.41,0.0
2009-10-22 13:30:00,CBOE:VIX6M,25.59,25.59,25.59,25.59,0.0
2009-10-23 13:30:00,CBOE:VIX6M,26.28,26.28,26.28,26.28,0.0
2009-10-26 13:30:00,CBOE:VIX6M,27.07,27.07,27.07,27.07,0.0
2009-10-27 13:30:00,CBOE:VIX6M,27.11,27.11,27.11,27.11,0.0
2009-10-28 13:30:00,CBOE:VIX6M,28.29,28.29,28.29,28.29,0.0
2009-10-29 13:30:00,CBOE:VIX6M,27.12,27.12,27.12,27.12,0.0
2009-10-30 13:30:00,CBOE:VIX6M,29.49,29.49,29.49,29.49,0.0
2009-11-02 14:30:00,CBOE:VIX6M,29.36,29.36,29.36,29.36,0.0
2009-11-03 14:30:00,CBOE:VIX6M,29.32,29.32,29.32,29.32,0.0
2009-11-04 14:30:00,CBOE:VIX6M,29.04,29.04,29.04,29.04,0.0
2009-11-05 14:30:00,CBOE:VIX6M,27.92,27.92,27.92,27.92,0.0
2009-11-06 14:30:00,CBOE:VIX6M,27.47,27.47,27.47,27.47,0.0
2009-11-09 14:30:00,CBOE:VIX6M,26.77,26.77,26.77,26.77,0.0
2009-11-10 14:30:00,CBOE:VIX6M,26.74,26.74,26.74,26.74,0.0
2009-11-11 14:30:00,CBOE:VIX6M,27.02,27.02,27.02,27.02,0.0
2009-11-12 14:30:00,CBOE:VIX6M,27.8,27.8,27.8,27.8,0.0
2009-11-13 14:30:00,CBOE:VIX6M,27.56,27.56,27.56,27.56,0.0
2009-11-16 14:30:00,CBOE:VIX6M,27.19,27.19,27.19,27.19,0.0
2009-11-17 14:30:00,CBOE:VIX6M,27.2,27.2,27.2,27.2,0.0
2009-11-18 14:30:00,CBOE:VIX6M,27.19,27.19,27.19,27.19,0.0
2009-11-19 14:30:00,CBOE:VIX6M,27.58,27.58,27.58,27.58,0.0
2009-11-20 14:30:00,CBOE:VIX6M,27.19,27.19,27.19,27.19,0.0
2009-11-23 14:30:00,CBOE:VIX6M,26.61,26.61,26.61,26.61,0.0
2009-11-24 14:30:00,CBOE:VIX6M,26.52,26.52,26.52,26.52,0.0
2009-11-25 14:30:00,CBOE:VIX6M,26.17,26.17,26.17,26.17,0.0
2009-11-27 14:30:00,CBOE:VIX6M,27.99,27.99,27.99,27.99,0.0
2009-11-30 14:30:00,CBOE:VIX6M,27.73,27.73,27.73,27.73,0.0
2009-12-01 14:30:00,CBOE:VIX6M,26.99,26.99,26.99,26.99,0.0
2009-12-02 14:30:00,CBOE:VIX6M,26.98,26.98,26.98,26.98,0.0
2009-12-03 14:30:00,CBOE:VIX6M,27.46,27.46,27.46,27.46,0.0
2009-12-04 14:30:00,CBOE:VIX6M,26.94,26.94,26.94,26.94,0.0
2009-12-07 14:30:00,CBOE:VIX6M,27.1,27.1,27.1,27.1,0.0
2009-12-08 14:30:00,CBOE:VIX6M,27.75,27.75,27.75,27.75,0.0
2009-12-09 14:30:00,CBOE:VIX6M,27.53,27.53,27.53,27.53,0.0
2009-12-10 14:30:00,CBOE:VIX6M,27.2,27.2,27.2,27.2,0.0
2009-12-11 14:30:00,CBOE:VIX6M,26.96,26.96,26.96,26.96,0.0
2009-12-14 14:30:00,CBOE:VIX6M,26.73,26.73,26.73,26.73,0.0
2009-12-15 14:30:00,CBOE:VIX6M,26.72,26.72,26.72,26.72,0.0
2009-12-16 14:30:00,CBOE:VIX6M,26.07,26.07,26.07,26.07,0.0
2009-12-17 14:30:00,CBOE:VIX6M,26.37,26.37,26.37,26.37,0.0
2009-12-18 14:30:00,CBOE:VIX6M,26.18,26.18,26.18,26.18,0.0
2009-12-21 14:30:00,CBOE:VIX6M,25.51,25.51,25.51,25.51,0.0
2009-12-22 14:30:00,CBOE:VIX6M,24.82,24.82,24.82,24.82,0.0
2009-12-23 14:30:00,CBOE:VIX6M,24.78,24.78,24.78,24.78,0.0
2009-12-24 14:30:00,CBOE:VIX6M,24.56,24.56,24.56,24.56,0.0
2009-12-28 14:30:00,CBOE:VIX6M,24.55,24.55,24.55,24.55,0.0
2009-12-29 14:30:00,CBOE:VIX6M,24.53,24.53,24.53,24.53,0.0
2009-12-30 14:30:00,CBOE:VIX6M,24.66,24.66,24.66,24.66,0.0
2009-12-31 14:30:00,CBOE:VIX6M,25.66,25.66,25.66,25.66,0.0
2010-01-04 14:30:00,CBOE:VIX6M,24.61,24.61,24.61,24.61,0.0
2010-01-05 14:30:00,CBOE:VIX6M,24.22,24.22,24.22,24.22,0.0
2010-01-06 14:30:00,CBOE:VIX6M,23.8,23.8,23.8,23.8,0.0
2010-01-07 14:30:00,CBOE:VIX6M,23.44,23.44,23.44,23.44,0.0
2010-01-08 14:30:00,CBOE:VIX6M,22.92,22.92,22.92,22.92,0.0
2010-01-11 14:30:00,CBOE:VIX6M,22.89,22.89,22.89,22.89,0.0
2010-01-12 14:30:00,CBOE:VIX6M,23.12,23.12,23.12,23.12,0.0
2010-01-13 14:30:00,CBOE:VIX6M,22.76,22.76,22.76,22.76,0.0
2010-01-14 14:30:00,CBOE:VIX6M,22.41,22.41,22.41,22.41,0.0
2010-01-15 14:30:00,CBOE:VIX6M,23.02,23.02,23.02,23.02,0.0
2010-01-19 14:30:00,CBOE:VIX6M,22.45,22.45,22.45,22.45,0.0
2010-01-20 14:30:00,CBOE:VIX6M,22.66,22.66,22.66,22.66,0.0
2010-01-21 14:30:00,CBOE:VIX6M,24.15,24.15,24.15,24.15,0.0
2010-01-22 14:30:00,CBOE:VIX6M,26.18,26.18,26.18,26.18,0.0
2010-01-25 14:30:00,CBOE:VIX6M,25.5,25.5,25.5,25.5,0.0
2010-01-26 14:30:00,CBOE:VIX6M,25.52,25.52,25.52,25.52,0.0
2010-01-27 14:30:00,CBOE:VIX6M,24.88,24.88,24.88,24.88,0.0
2010-01-28 14:30:00,CBOE:VIX6M,25.38,25.38,25.38,25.38,0.0
2010-01-29 14:30:00,CBOE:VIX6M,25.69,25.69,25.69,25.69,0.0
2010-02-01 14:30:00,CBOE:VIX6M,24.78,24.78,24.78,24.78,0.0
2010-02-02 14:30:00,CBOE:VIX6M,24.12,24.12,24.12,24.12,0.0
2010-02-03 14:30:00,CBOE:VIX6M,24.12,24.12,24.12,24.12,0.0
2010-02-04 14:30:00,CBOE:VIX6M,26.37,26.37,26.37,26.37,0.0
2010-02-05 14:30:00,CBOE:VIX6M,26.65,26.65,26.65,26.65,0.0
2010-02-08 14:30:00,CBOE:VIX6M,26.88,26.88,26.88,26.88,0.0
2010-02-09 14:30:00,CBOE:VIX6M,26.65,26.65,26.65,26.65,0.0
2010-02-10 14:30:00,CBOE:VIX6M,26.46,26.46,26.46,26.46,0.0
2010-02-11 14:30:00,CBOE:VIX6M,25.67,25.67,25.67,25.67,0.0
2010-02-12 14:30:00,CBOE:VIX6M,25.58,25.58,25.58,25.58,0.0
2010-02-16 14:30:00,CBOE:VIX6M,24.88,24.88,24.88,24.88,0.0
2010-02-17 14:30:00,CBOE:VIX6M,24.55,24.55,24.55,24.55,0.0
2010-02-18 14:30:00,CBOE:VIX6M,23.96,23.96,23.96,23.96,0.0
2010-02-19 14:30:00,CBOE:VIX6M,23.53,23.53,23.53,23.53,0.0
2010-02-22 14:30:00,CBOE:VIX6M,23.03,23.03,23.03,23.03,0.0
2010-02-23 14:30:00,CBOE:VIX6M,23.71,23.71,23.71,23.71,0.0
2010-02-24 14:30:00,CBOE:VIX6M,23.15,23.15,23.15,23.15,0.0
2010-02-25 14:30:00,CBOE:VIX6M,23.4,23.4,23.4,23.4,0.0
2010-02-26 14:30:00,CBOE:VIX6M,23.01,23.01,23.01,23.01,0.0
2010-03-01 14:30:00,CBOE:VIX6M,22.71,22.71,22.71,22.71,0.0
2010-03-02 14:30:00,CBOE:VIX6M,22.48,22.48,22.48,22.48,0.0
2010-03-03 14:30:00,CBOE:VIX6M,22.46,22.46,22.46,22.46,0.0
2010-03-04 14:30:00,CBOE:VIX6M,22.49,22.49,22.49,22.49,0.0
2010-03-05 14:30:00,CBOE:VIX6M,22.15,22.15,22.15,22.15,0.0
2010-03-08 14:30:00,CBOE:VIX6M,21.89,21.89,21.89,21.89,0.0
2010-03-09 14:30:00,CBOE:VIX6M,21.74,21.74,21.74,21.74,0.0
2010-03-10 14:30:00,CBOE:VIX6M,22.15,22.15,22.15,22.15,0.0
2010-03-11 14:30:00,CBOE:VIX6M,22.76,22.76,22.76,22.76,0.0
2010-03-12 14:30:00,CBOE:VIX6M,22.32,22.32,22.32,22.32,0.0
2010-03-15 13:30:00,CBOE:VIX6M,22.25,22.25,22.25,22.25,0.0
2010-03-16 13:30:00,CBOE:VIX6M,21.94,21.94,21.94,21.94,0.0
2010-03-17 13:30:00,CBOE:VIX6M,21.45,21.45,21.45,21.45,0.0
2010-03-18 13:30:00,CBOE:VIX6M,21.37,21.37,21.37,21.37,0.0
2010-03-19 13:30:00,CBOE:VIX6M,21.84,21.84,21.84,21.84,0.0
2010-03-22 13:30:00,CBOE:VIX6M,21.65,21.65,21.65,21.65,0.0
2010-03-23 13:30:00,CBOE:VIX6M,21.39,21.39,21.39,21.39,0.0
2010-03-24 13:30:00,CBOE:VIX6M,21.84,21.84,21.84,21.84,0.0
2010-03-25 13:30:00,CBOE:VIX6M,22.06,22.06,22.06,22.06,0.0
2010-03-26 13:30:00,CBOE:VIX6M,21.73,21.73,21.73,21.73,0.0
2010-03-29 13:30:00,CBOE:VIX6M,21.61,21.61,21.61,21.61,0.0
2010-03-30 13:30:00,CBOE:VIX6M,21.4,21.4,21.4,21.4,0.0
2010-03-31 13:30:00,CBOE:VIX6M,21.58,21.58,21.58,21.58,0.0
2010-04-01 13:30:00,CBOE:VIX6M,21.7,21.7,21.7,21.7,0.0
2010-04-05 13:30:00,CBOE:VIX6M,21.2,21.2,21.2,21.2,0.0
2010-04-06 13:30:00,CBOE:VIX6M,20.94,20.94,20.94,20.94,0.0
2010-04-07 13:30:00,CBOE:VIX6M,21.26,21.26,21.26,21.26,0.0
2010-04-08 13:30:00,CBOE:VIX6M,21.2,21.2,21.2,21.2,0.0
2010-04-09 13:30:00,CBOE:VIX6M,20.9,20.9,20.9,20.9,0.0
2010-04-12 13:30:00,CBOE:VIX6M,21.0,21.0,21.0,21.0,0.0
2010-04-13 13:30:00,CBOE:VIX6M,21.19,21.19,21.19,21.19,0.0
2010-04-14 13:30:00,CBOE:VIX6M,21.02,21.02,21.02,21.02,0.0
2010-04-15 13:30:00,CBOE:VIX6M,21.22,21.22,21.22,21.22,0.0
2010-04-16 13:30:00,CBOE:VIX6M,22.3,22.3,22.3,22.3,0.0
2010-04-19 13:30:00,CBOE:VIX6M,22.13,22.13,22.13,22.13,0.0
2010-04-20 13:30:00,CBOE:VIX6M,21.58,21.58,21.58,21.58,0.0
2010-04-21 13:30:00,CBOE:VIX6M,21.9,21.9,21.9,21.9,0.0
2010-04-22 13:30:00,CBOE:VIX6M,22.06,22.06,22.06,22.06,0.0
2010-04-23 13:30:00,CBOE:VIX6M,22.08,22.08,22.08,22.08,0.0
2010-04-26 13:30:00,CBOE:VIX6M,22.38,22.38,22.38,22.38,0.0
2010-04-27 13:30:00,CBOE:VIX6M,24.36,24.36,24.36,24.36,0.0
2010-04-28 13:30:00,CBOE:VIX6M,24.2,24.2,24.2,24.2,0.0
2010-04-29 13:30:00,CBOE:VIX6M,23.31,23.31,23.31,23.31,0.0
2010-04-30 13:30:00,CBOE:VIX6M,25.26,25.26,25.26,25.26,0.0
2010-05-03 13:30:00,CBOE:VIX6M,24.58,24.58,24.58,24.58,0.0
2010-05-04 13:30:00,CBOE:VIX6M,26.57,26.57,26.57,26.57,0.0
2010-05-05 13:30:00,CBOE:VIX6M,27.74,27.74,27.74,27.74,0.0
2010-05-06 13:30:00,CBOE:VIX6M,31.02,31.02,31.02,31.02,0.0
2010-05-07 13:30:00,CBOE:VIX6M,35.3,35.3,35.3,35.3,0.0
2010-05-10 13:30:00,CBOE:VIX6M,29.98,29.98,29.98,29.98,0.0
2010-05-11 13:30:00,CBOE:VIX6M,30.61,30.61,30.61,30.61,0.0
2010-05-12 13:30:00,CBOE:VIX6M,27.9,27.9,27.9,27.9,0.0
2010-05-13 13:30:00,CBOE:VIX6M,28.33,28.33,28.33,28.33,0.0
2010-05-14 13:30:00,CBOE:VIX6M,30.8,30.8,30.8,30.8,0.0
2010-05-17 13:30:00,CBOE:VIX6M,30.72,30.72,30.72,30.72,0.0
2010-05-18 13:30:00,CBOE:VIX6M,32.69,32.69,32.69,32.69,0.0
2010-05-19 13:30:00,CBOE:VIX6M,33.81,33.81,33.81,33.81,0.0
2010-05-20 13:30:00,CBOE:VIX6M,38.83,38.83,38.83,38.83,0.0
2010-05-21 13:30:00,CBOE:VIX6M,36.87,36.87,36.87,36.87,0.0
2010-05-24 13:30:00,CBOE:VIX6M,36.38,36.38,36.38,36.38,0.0
2010-05-25 13:30:00,CBOE:VIX6M,35.64,35.64,35.64,35.64,0.0
2010-05-26 13:30:00,CBOE:VIX6M,34.89,34.89,34.89,34.89,0.0
2010-05-27 13:30:00,CBOE:VIX6M,32.16,32.16,32.16,32.16,0.0
2010-05-28 13:30:00,CBOE:VIX6M,32.16,32.16,32.16,32.16,0.0
2010-06-01 13:30:00,CBOE:VIX6M,33.56,33.56,33.56,33.56,0.0
2010-06-02 13:30:00,CBOE:VIX6M,31.97,31.97,31.97,31.97,0.0
2010-06-03 13:30:00,CBOE:VIX6M,31.29,31.29,31.29,31.29,0.0
2010-06-04 13:30:00,CBOE:VIX6M,34.26,34.26,34.26,34.26,0.0
2010-06-07 13:30:00,CBOE:VIX6M,35.03,35.03,35.03,35.03,0.0
2010-06-08 13:30:00,CBOE:VIX6M,34.03,34.03,34.03,34.03,0.0
2010-06-09 13:30:00,CBOE:VIX6M,34.3,34.3,34.3,34.3,0.0
2010-06-10 13:30:00,CBOE:VIX6M,32.54,32.54,32.54,32.54,0.0
2010-06-11 13:30:00,CBOE:VIX6M,31.97,31.97,31.97,31.97,0.0
2010-06-14 13:30:00,CBOE:VIX6M,31.86,31.86,31.86,31.86,0.0
2010-06-15 13:30:00,CBOE:VIX6M,30.11,30.11,30.11,30.11,0.0
2010-06-16 13:30:00,CBOE:VIX6M,30.24,30.24,30.24,30.24,0.0
2010-06-17 13:30:00,CBOE:VIX6M,29.79,29.79,29.79,29.79,0.0
2010-06-18 13:30:00,CBOE:VIX6M,28.94,28.94,28.94,28.94,0.0
2010-06-21 13:30:00,CBOE:VIX6M,28.97,28.97,28.97,28.97,0.0
2010-06-22 13:30:00,CBOE:VIX6M,30.28,30.28,30.28,30.28,0.0
2010-06-23 13:30:00,CBOE:VIX6M,30.72,30.72,30.72,30.72,0.0
2010-06-24 13:30:00,CBOE:VIX6M,32.82,32.82,32.82,32.82,0.0
2010-06-25 13:30:00,CBOE:VIX6M,32.46,32.46,32.46,32.46,0.0
2010-06-28 13:30:00,CBOE:VIX6M,32.33,32.33,32.33,32.33,0.0
2010-06-29 13:30:00,CBOE:VIX6M,35.05,35.05,35.05,35.05,0.0
2010-06-30 13:30:00,CBOE:VIX6M,35.69,35.69,35.69,35.69,0.0
2010-07-01 13:30:00,CBOE:VIX6M,35.69,35.69,35.69,35.69,0.0
2010-07-02 13:30:00,CBOE:VIX6M,35.16,35.16,35.16,35.16,0.0
2010-07-06 13:30:00,CBOE:VIX6M,34.14,34.14,34.14,34.14,0.0
2010-07-07 13:30:00,CBOE:VIX6M,32.24,32.24,32.24,32.24,0.0
2010-07-08 13:30:00,CBOE:VIX6M,31.54,31.54,31.54,31.54,0.0
2010-07-09 13:30:00,CBOE:VIX6M,30.91,30.91,30.91,30.91,0.0
2010-07-12 13:30:00,CBOE:VIX6M,31.15,31.15,31.15,31.15,0.0
2010-07-13 13:30:00,CBOE:VIX6M,30.54,30.54,30.54,30.54,0.0
2010-07-14 13:30:00,CBOE:VIX6M,31.2,31.2,31.2,31.2,0.0
2010-07-15 13:30:00,CBOE:VIX6M,31.61,31.61,31.61,31.61,0.0
2010-07-16 13:30:00,CBOE:VIX6M,32.76,32.76,32.76,32.76,0.0
2010-07-19 13:30:00,CBOE:VIX6M,32.63,32.63,32.63,32.63,0.0
2010-07-20 13:30:00,CBOE:VIX6M,30.53,30.53,30.53,30.53,0.0
2010-07-21 13:30:00,CBOE:VIX6M,31.31,31.31,31.31,31.31,0.0
2010-07-22 13:30:00,CBOE:VIX6M,30.39,30.39,30.39,30.39,0.0
2010-07-23 13:30:00,CBOE:VIX6M,29.65,29.65,29.65,29.65,0.0
2010-07-26 13:30:00,CBOE:VIX6M,29.11,29.11,29.11,29.11,0.0
2010-07-27 13:30:00,CBOE:VIX6M,28.96,28.96,28.96,28.96,0.0
2010-07-28 13:30:00,CBOE:VIX6M,28.88,28.88,28.88,28.88,0.0
2010-07-29 13:30:00,CBOE:VIX6M,28.97,28.97,28.97,28.97,0.0
2010-07-30 13:30:00,CBOE:VIX6M,28.53,28.53,28.53,28.53,0.0
2010-08-02 13:30:00,CBOE:VIX6M,27.44,27.44,27.44,27.44,0.0
2010-08-03 13:30:00,CBOE:VIX6M,28.02,28.02,28.02,28.02,0.0
2010-08-04 13:30:00,CBOE:VIX6M,27.9,27.9,27.9,27.9,0.0
2010-08-05 13:30:00,CBOE:VIX6M,28.14,28.14,28.14,28.14,0.0
2010-08-06 13:30:00,CBOE:VIX6M,28.15,28.15,28.15,28.15,0.0
2010-08-09 13:30:00,CBOE:VIX6M,28.14,28.14,28.14,28.14,0.0
2010-08-10 13:30:00,CBOE:VIX6M,28.49,28.49,28.49,28.49,0.0
2010-08-11 13:30:00,CBOE:VIX6M,30.43,30.43,30.43,30.43,0.0
2010-08-12 13:30:00,CBOE:VIX6M,30.99,30.99,30.99,30.99,0.0
2010-08-13 13:30:00,CBOE:VIX6M,31.59,31.59,31.59,31.59,0.0
2010-08-16 13:30:00,CBOE:VIX6M,31.41,31.41,31.41,31.41,0.0
2010-08-17 13:30:00,CBOE:VIX6M,30.65,30.65,30.65,30.65,0.0
2010-08-18 13:30:00,CBOE:VIX6M,30.55,30.55,30.55,30.55,0.0
2010-08-19 13:30:00,CBOE:VIX6M,31.34,31.34,31.34,31.34,0.0
2010-08-20 13:30:00,CBOE:VIX6M,31.42,31.42,31.42,31.42,0.0
2010-08-23 13:30:00,CBOE:VIX6M,31.28,31.28,31.28,31.28,0.0
2010-08-24 13:30:00,CBOE:VIX6M,32.08,32.08,32.08,32.08,0.0
2010-08-25 13:30:00,CBOE:VIX6M,31.55,31.55,31.55,31.55,0.0
2010-08-26 13:30:00,CBOE:VIX6M,32.2,32.2,32.2,32.2,0.0
2010-08-27 13:30:00,CBOE:VIX6M,30.58,30.58,30.58,30.58,0.0
2010-08-30 13:30:00,CBOE:VIX6M,32.02,32.02,32.02,32.02,0.0
2010-08-31 13:30:00,CBOE:VIX6M,31.43,31.43,31.43,31.43,0.0
2010-09-01 13:30:00,CBOE:VIX6M,29.99,29.99,29.99,29.99,0.0
2010-09-02 13:30:00,CBOE:VIX6M,29.43,29.43,29.43,29.43,0.0
2010-09-03 13:30:00,CBOE:VIX6M,28.21,28.21,28.21,28.21,0.0
2010-09-07 13:30:00,CBOE:VIX6M,29.38,29.38,29.38,29.38,0.0
2010-09-08 13:30:00,CBOE:VIX6M,28.91,28.91,28.91,28.91,0.0
2010-09-09 13:30:00,CBOE:VIX6M,28.48,28.48,28.48,28.48,0.0
2010-09-10 13:30:00,CBOE:VIX6M,27.96,27.96,27.96,27.96,0.0
2010-09-13 13:30:00,CBOE:VIX6M,27.15,27.15,27.15,27.15,0.0
2010-09-14 13:30:00,CBOE:VIX6M,27.09,27.09,27.09,27.09,0.0
2010-09-15 13:30:00,CBOE:VIX6M,27.27,27.27,27.27,27.27,0.0
2010-09-16 13:30:00,CBOE:VIX6M,27.28,27.28,27.28,27.28,0.0
2010-09-17 13:30:00,CBOE:VIX6M,27.63,27.63,27.63,27.63,0.0
2010-09-20 13:30:00,CBOE:VIX6M,27.24,27.24,27.24,27.24,0.0
2010-09-21 13:30:00,CBOE:VIX6M,27.78,27.78,27.78,27.78,0.0
2010-09-22 13:30:00,CBOE:VIX6M,28.27,28.27,28.27,28.27,0.0
2010-09-23 13:30:00,CBOE:VIX6M,29.13,29.13,29.13,29.13,0.0
2010-09-24 13:30:00,CBOE:VIX6M,28.03,28.03,28.03,28.03,0.0
2010-09-27 13:30:00,CBOE:VIX6M,28.32,28.32,28.32,28.32,0.0
2010-09-28 13:30:00,CBOE:VIX6M,28.39,28.39,28.39,28.39,0.0
2010-09-29 13:30:00,CBOE:VIX6M,28.9,28.9,28.9,28.9,0.0
2010-09-30 13:30:00,CBOE:VIX6M,29.03,29.03,29.03,29.03,0.0
2010-10-01 13:30:00,CBOE:VIX6M,28.94,28.94,28.94,28.94,0.0
2010-10-04 13:30:00,CBOE:VIX6M,29.42,29.42,29.42,29.42,0.0
2010-10-05 13:30:00,CBOE:VIX6M,28.35,28.35,28.35,28.35,0.0
2010-10-06 13:30:00,CBOE:VIX6M,28.39,28.39,28.39,28.39,0.0
2010-10-07 13:30:00,CBOE:VIX6M,28.36,28.36,28.36,28.36,0.0
2010-10-08 13:30:00,CBOE:VIX6M,27.75,27.75,27.75,27.75,0.0
2010-10-11 13:30:00,CBOE:VIX6M,27.55,27.55,27.55,27.55,0.0
2010-10-12 13:30:00,CBOE:VIX6M,27.03,27.03,27.03,27.03,0.0
2010-10-13 13:30:00,CBOE:VIX6M,26.65,26.65,26.65,26.65,0.0
2010-10-14 13:30:00,CBOE:VIX6M,27.23,27.23,27.23,27.23,0.0
2010-10-15 13:30:00,CBOE:VIX6M,26.86,26.86,26.86,26.86,0.0
2010-10-18 13:30:00,CBOE:VIX6M,26.57,26.57,26.57,26.57,0.0
2010-10-19 13:30:00,CBOE:VIX6M,27.2,27.2,27.2,27.2,0.0
2010-10-20 13:30:00,CBOE:VIX6M,26.37,26.37,26.37,26.37,0.0
2010-10-21 13:30:00,CBOE:VIX6M,26.0,26.0,26.0,26.0,0.0
2010-10-22 13:30:00,CBOE:VIX6M,25.52,25.52,25.52,25.52,0.0
2010-10-25 13:30:00,CBOE:VIX6M,25.49,25.49,25.49,25.49,0.0
2010-10-26 13:30:00,CBOE:VIX6M,25.73,25.73,25.73,25.73,0.0
2010-10-27 13:30:00,CBOE:VIX6M,25.96,25.96,25.96,25.96,0.0
2010-10-28 13:30:00,CBOE:VIX6M,25.85,25.85,25.85,25.85,0.0
2010-10-29 13:30:00,CBOE:VIX6M,25.62,25.62,25.62,25.62,0.0
2010-11-01 13:30:00,CBOE:VIX6M,26.16,26.16,26.16,26.16,0.0
2010-11-02 13:30:00,CBOE:VIX6M,25.91,25.91,25.91,25.91,0.0
2010-11-03 13:30:00,CBOE:VIX6M,24.73,24.73,24.73,24.73,0.0
2010-11-04 13:30:00,CBOE:VIX6M,23.6,23.6,23.6,23.6,0.0
2010-11-05 13:30:00,CBOE:VIX6M,23.8,23.8,23.8,23.8,0.0
2010-11-08 14:30:00,CBOE:VIX6M,24.09,24.09,24.09,24.09,0.0
2010-11-09 14:30:00,CBOE:VIX6M,24.4,24.4,24.4,24.4,0.0
2010-11-10 14:30:00,CBOE:VIX6M,24.52,24.52,24.52,24.52,0.0
2010-11-11 14:30:00,CBOE:VIX6M,24.68,24.68,24.68,24.68,0.0
2010-11-12 14:30:00,CBOE:VIX6M,25.78,25.78,25.78,25.78,0.0
2010-11-15 14:30:00,CBOE:VIX6M,25.63,25.63,25.63,25.63,0.0
2010-11-16 14:30:00,CBOE:VIX6M,26.76,26.76,26.76,26.76,0.0
2010-11-17 14:30:00,CBOE:VIX6M,26.51,26.51,26.51,26.51,0.0
2010-11-18 14:30:00,CBOE:VIX6M,25.37,25.37,25.37,25.37,0.0
2010-11-19 14:30:00,CBOE:VIX6M,25.0,25.0,25.0,25.0,0.0
2010-11-22 14:30:00,CBOE:VIX6M,24.5,24.5,24.5,24.5,0.0
2010-11-23 14:30:00,CBOE:VIX6M,25.36,25.36,25.36,25.36,0.0
2010-11-24 14:30:00,CBOE:VIX6M,24.8,24.8,24.8,24.8,0.0
2010-11-26 14:30:00,CBOE:VIX6M,26.08,26.08,26.08,26.08,0.0
2010-11-29 14:30:00,CBOE:VIX6M,26.15,26.15,26.15,26.15,0.0
2010-11-30 14:30:00,CBOE:VIX6M,27.14,27.14,27.14,27.14,0.0
2010-12-01 14:30:00,CBOE:VIX6M,26.4,26.4,26.4,26.4,0.0
2010-12-02 14:30:00,CBOE:VIX6M,24.87,24.87,24.87,24.87,0.0
2010-12-03 14:30:00,CBOE:VIX6M,24.09,24.09,24.09,24.09,0.0
2010-12-06 14:30:00,CBOE:VIX6M,23.94,23.94,23.94,23.94,0.0
2010-12-07 14:30:00,CBOE:VIX6M,23.8,23.8,23.8,23.8,0.0
2010-12-08 14:30:00,CBOE:VIX6M,23.27,23.27,23.27,23.27,0.0
2010-12-09 14:30:00,CBOE:VIX6M,22.87,22.87,22.87,22.87,0.0
2010-12-10 14:30:00,CBOE:VIX6M,22.63,22.63,22.63,22.63,0.0
2010-12-13 14:30:00,CBOE:VIX6M,23.04,23.04,23.04,23.04,0.0
2010-12-14 14:30:00,CBOE:VIX6M,23.03,23.03,23.03,23.03,0.0
2010-12-15 14:30:00,CBOE:VIX6M,23.31,23.31,23.31,23.31,0.0
2010-12-16 14:30:00,CBOE:VIX6M,23.21,23.21,23.21,23.21,0.0
2010-12-17 14:30:00,CBOE:VIX6M,23.12,23.12,23.12,23.12,0.0
2010-12-20 14:30:00,CBOE:VIX6M,23.02,23.02,23.02,23.02,0.0
2010-12-21 14:30:00,CBOE:VIX6M,22.9,22.9,22.9,22.9,0.0
2010-12-22 14:30:00,CBOE:VIX6M,22.69,22.69,22.69,22.69,0.0
2010-12-23 14:30:00,CBOE:VIX6M,23.4,23.4,23.4,23.4,0.0
2010-12-27 14:30:00,CBOE:VIX6M,23.69,23.69,23.69,23.69,0.0
2010-12-28 14:30:00,CBOE:VIX6M,23.91,23.91,23.91,23.91,0.0
2010-12-29 14:30:00,CBOE:VIX6M,23.97,23.97,23.97,23.97,0.0
2010-12-30 14:30:00,CBOE:VIX6M,24.03,24.03,24.03,24.03,0.0
2010-12-31 14:30:00,CBOE:VIX6M,23.75,23.75,23.75,23.75,0.0
2011-01-03 14:30:00,CBOE:VIX6M,23.4,23.4,23.4,23.4,0.0
2011-01-04 14:30:00,CBOE:VIX6M,23.19,23.19,23.19,23.19,0.0
2011-01-05 14:30:00,CBOE:VIX6M,22.78,22.78,22.78,22.78,0.0
2011-01-06 14:30:00,CBOE:VIX6M,22.87,22.87,22.87,22.87,0.0
2011-01-07 14:30:00,CBOE:VIX6M,22.92,22.92,22.92,22.92,0.0
2011-01-10 14:30:00,CBOE:VIX6M,22.93,22.93,22.93,22.93,0.0
2011-01-11 14:30:00,CBOE:VIX6M,22.71,22.71,22.71,22.71,0.0
2011-01-12 14:30:00,CBOE:VIX6M,21.94,21.94,21.94,21.94,0.0
2011-01-13 14:30:00,CBOE:VIX6M,21.91,21.91,21.91,21.91,0.0
2011-01-14 14:30:00,CBOE:VIX6M,21.33,21.33,21.33,21.33,0.0
2011-01-18 14:30:00,CBOE:VIX6M,21.29,21.29,21.29,21.29,0.0
2011-01-19 14:30:00,CBOE:VIX6M,22.04,22.04,22.04,22.04,0.0
2011-01-20 14:30:00,CBOE:VIX6M,22.15,22.15,22.15,22.15,0.0
2011-01-21 14:30:00,CBOE:VIX6M,22.25,22.25,22.25,22.25,0.0
2011-01-24 14:30:00,CBOE:VIX6M,21.98,21.98,21.98,21.98,0.0
2011-01-25 14:30:00,CBOE:VIX6M,21.82,21.82,21.82,21.82,0.0
2011-01-26 14:30:00,CBOE:VIX6M,21.24,21.24,21.24,21.24,0.0
2011-01-27 14:30:00,CBOE:VIX6M,20.83,20.83,20.83,20.83,0.0
2011-01-28 14:30:00,CBOE:VIX6M,22.34,22.34,22.34,22.34,0.0
2011-01-31 14:30:00,CBOE:VIX6M,21.88,21.88,21.88,21.88,0.0
2011-02-01 14:30:00,CBOE:VIX6M,21.1,21.1,21.1,21.1,0.0
2011-02-02 14:30:00,CBOE:VIX6M,21.22,21.22,21.22,21.22,0.0
2011-02-03 14:30:00,CBOE:VIX6M,21.0,21.0,21.0,21.0,0.0
2011-02-04 14:30:00,CBOE:VIX6M,20.6,20.6,20.6,20.6,0.0
2011-02-07 14:30:00,CBOE:VIX6M,20.36,20.36,20.36,20.36,0.0
2011-02-08 14:30:00,CBOE:VIX6M,20.08,20.08,20.08,20.08,0.0
2011-02-09 14:30:00,CBOE:VIX6M,20.09,20.09,20.09,20.09,0.0
2011-02-10 14:30:00,CBOE:VIX6M,20.16,20.16,20.16,20.16,0.0
2011-02-11 14:30:00,CBOE:VIX6M,19.85,19.85,19.85,19.85,0.0
2011-02-14 14:30:00,CBOE:VIX6M,20.03,20.03,20.03,20.03,0.0
2011-02-15 14:30:00,CBOE:VIX6M,20.24,20.24,20.24,20.24,0.0
2011-02-16 14:30:00,CBOE:VIX6M,20.33,20.33,20.33,20.33,0.0
2011-02-17 14:30:00,CBOE:VIX6M,20.71,20.71,20.71,20.71,0.0
2011-02-18 14:30:00,CBOE:VIX6M,20.92,20.92,20.92,20.92,0.0
2011-02-22 14:30:00,CBOE:VIX6M,22.99,22.99,22.99,22.99,0.0
2011-02-23 14:30:00,CBOE:VIX6M,23.88,23.88,23.88,23.88,0.0
2011-02-24 14:30:00,CBOE:VIX6M,23.86,23.86,23.86,23.86,0.0
2011-02-25 14:30:00,CBOE:VIX6M,22.71,22.71,22.71,22.71,0.0
2011-02-28 14:30:00,CBOE:VIX6M,21.75,21.75,21.75,21.75,0.0
2011-03-01 14:30:00,CBOE:VIX6M,23.31,23.31,23.31,23.31,0.0
2011-03-02 14:30:00,CBOE:VIX6M,23.29,23.29,23.29,23.29,0.0
2011-03-03 14:30:00,CBOE:VIX6M,22.29,22.29,22.29,22.29,0.0
2011-03-04 14:30:00,CBOE:VIX6M,22.67,22.67,22.67,22.67,0.0
2011-03-07 14:30:00,CBOE:VIX6M,23.46,23.46,23.46,23.46,0.0
2011-03-08 14:30:00,CBOE:VIX6M,23.13,23.13,23.13,23.13,0.0
2011-03-09 14:30:00,CBOE:VIX6M,23.47,23.47,23.47,23.47,0.0
2011-03-10 14:30:00,CBOE:VIX6M,24.27,24.27,24.27,24.27,0.0
2011-03-11 14:30:00,CBOE:VIX6M,23.69,23.69,23.69,23.69,0.0
2011-03-14 13:30:00,CBOE:VIX6M,24.0,24.0,24.0,24.0,0.0
2011-03-15 13:30:00,CBOE:VIX6M,25.27,25.27,25.27,25.27,0.0
2011-03-16 13:30:00,CBOE:VIX6M,27.1,27.1,27.1,27.1,0.0
2011-03-17 13:30:00,CBOE:VIX6M,26.09,26.09,26.09,26.09,0.0
2011-03-18 13:30:00,CBOE:VIX6M,25.36,25.36,25.36,25.36,0.0
2011-03-21 13:30:00,CBOE:VIX6M,23.45,23.45,23.45,23.45,0.0
2011-03-22 13:30:00,CBOE:VIX6M,23.34,23.34,23.34,23.34,0.0
2011-03-23 13:30:00,CBOE:VIX6M,22.75,22.75,22.75,22.75,0.0
2011-03-24 13:30:00,CBOE:VIX6M,22.19,22.19,22.19,22.19,0.0
2011-03-25 13:30:00,CBOE:VIX6M,22.15,22.15,22.15,22.15,0.0
2011-03-28 13:30:00,CBOE:VIX6M,22.63,22.63,22.63,22.63,0.0
2011-03-29 13:30:00,CBOE:VIX6M,22.05,22.05,22.05,22.05,0.0
2011-03-30 13:30:00,CBOE:VIX6M,21.75,21.75,21.75,21.75,0.0
2011-03-31 13:30:00,CBOE:VIX6M,21.93,21.93,21.93,21.93,0.0
2011-04-01 13:30:00,CBOE:VIX6M,21.76,21.76,21.76,21.76,0.0
2011-04-04 13:30:00,CBOE:VIX6M,21.66,21.66,21.66,21.66,0.0
2011-04-05 13:30:00,CBOE:VIX6M,21.65,21.65,21.65,21.65,0.0
2011-04-06 13:30:00,CBOE:VIX6M,21.63,21.63,21.63,21.63,0.0
2011-04-07 13:30:00,CBOE:VIX6M,21.83,21.83,21.83,21.83,0.0
2011-04-08 13:30:00,CBOE:VIX6M,22.32,22.32,22.32,22.32,0.0
2011-04-11 13:30:00,CBOE:VIX6M,22.31,22.31,22.31,22.31,0.0
2011-04-12 13:30:00,CBOE:VIX6M,22.63,22.63,22.63,22.63,0.0
2011-04-13 13:30:00,CBOE:VIX6M,22.36,22.36,22.36,22.36,0.0
2011-04-14 13:30:00,CBOE:VIX6M,22.34,22.34,22.34,22.34,0.0
2011-04-15 13:30:00,CBOE:VIX6M,21.88,21.88,21.88,21.88,0.0
2011-04-18 13:30:00,CBOE:VIX6M,22.49,22.49,22.49,22.49,0.0
2011-04-19 13:30:00,CBOE:VIX6M,21.97,21.97,21.97,21.97,0.0
2011-04-20 13:30:00,CBOE:VIX6M,21.37,21.37,21.37,21.37,0.0
2011-04-21 13:30:00,CBOE:VIX6M,21.21,21.21,21.21,21.21,0.0
2011-04-25 13:30:00,CBOE:VIX6M,21.36,21.36,21.36,21.36,0.0
2011-04-26 13:30:00,CBOE:VIX6M,20.96,20.96,20.96,20.96,0.0
2011-04-27 13:30:00,CBOE:VIX6M,20.64,20.64,20.64,20.64,0.0
2011-04-28 13:30:00,CBOE:VIX6M,20.29,20.29,20.29,20.29,0.0
2011-04-29 13:30:00,CBOE:VIX6M,20.25,20.25,20.25,20.25,0.0
2011-05-02 13:30:00,CBOE:VIX6M,21.06,21.06,21.06,21.06,0.0
2011-05-03 13:30:00,CBOE:VIX6M,21.49,21.49,21.49,21.49,0.0
2011-05-04 13:30:00,CBOE:VIX6M,21.82,21.82,21.82,21.82,0.0
2011-05-05 13:30:00,CBOE:VIX6M,22.1,22.1,22.1,22.1,0.0
2011-05-06 13:30:00,CBOE:VIX6M,22.04,22.04,22.04,22.04,0.0
2011-05-09 13:30:00,CBOE:VIX6M,21.59,21.59,21.59,21.59,0.0
2011-05-10 13:30:00,CBOE:VIX6M,21.05,21.05,21.05,21.05,0.0
2011-05-11 13:30:00,CBOE:VIX6M,21.49,21.49,21.49,21.49,0.0
2011-05-12 13:30:00,CBOE:VIX6M,21.07,21.07,21.07,21.07,0.0
2011-05-13 13:30:00,CBOE:VIX6M,21.44,21.44,21.44,21.44,0.0
2011-05-16 13:30:00,CBOE:VIX6M,21.94,21.94,21.94,21.94,0.0
2011-05-17 13:30:00,CBOE:VIX6M,21.73,21.73,21.73,21.73,0.0
2011-05-18 13:30:00,CBOE:VIX6M,21.11,21.11,21.11,21.11,0.0
2011-05-19 13:30:00,CBOE:VIX6M,20.84,20.84,20.84,20.84,0.0
2011-05-20 13:30:00,CBOE:VIX6M,21.43,21.43,21.43,21.43,0.0
2011-05-23 13:30:00,CBOE:VIX6M,22.02,22.02,22.02,22.02,0.0
2011-05-24 13:30:00,CBOE:VIX6M,21.75,21.75,21.75,21.75,0.0
2011-05-25 13:30:00,CBOE:VIX6M,21.57,21.57,21.57,21.57,0.0
2011-05-26 13:30:00,CBOE:VIX6M,20.92,20.92,20.92,20.92,0.0
2011-05-27 13:30:00,CBOE:VIX6M,20.63,20.63,20.63,20.63,0.0
2011-05-31 13:30:00,CBOE:VIX6M,20.01,20.01,20.01,20.01,0.0
2011-06-01 13:30:00,CBOE:VIX6M,21.41,21.41,21.41,21.41,0.0
2011-06-02 13:30:00,CBOE:VIX6M,21.29,21.29,21.29,21.29,0.0
2011-06-03 13:30:00,CBOE:VIX6M,21.59,21.59,21.59,21.59,0.0
2011-06-06 13:30:00,CBOE:VIX6M,21.81,21.81,21.81,21.81,0.0
2011-06-07 13:30:00,CBOE:VIX6M,21.6,21.6,21.6,21.6,0.0
2011-06-08 13:30:00,CBOE:VIX6M,21.86,21.86,21.86,21.86,0.0
2011-06-09 13:30:00,CBOE:VIX6M,21.34,21.34,21.34,21.34,0.0
2011-06-10 13:30:00,CBOE:VIX6M,25.1,25.1,25.1,25.1,0.0
2011-06-13 13:30:00,CBOE:VIX6M,22.08,22.08,22.08,22.08,0.0
2011-06-14 13:30:00,CBOE:VIX6M,21.44,21.44,21.44,21.44,0.0
2011-06-15 13:30:00,CBOE:VIX6M,22.91,22.91,22.91,22.91,0.0
2011-06-16 13:30:00,CBOE:VIX6M,24.0,24.0,24.0,24.0,0.0
2011-06-17 13:30:00,CBOE:VIX6M,23.82,23.82,23.82,23.82,0.0
2011-06-20 13:30:00,CBOE:VIX6M,23.07,23.07,23.07,23.07,0.0
2011-06-21 13:30:00,CBOE:VIX6M,22.46,22.46,22.46,22.46,0.0
2011-06-22 13:30:00,CBOE:VIX6M,22.66,22.66,22.66,22.66,0.0
2011-06-23 13:30:00,CBOE:VIX6M,22.82,22.82,22.82,22.82,0.0
2011-06-24 13:30:00,CBOE:VIX6M,23.62,23.62,23.62,23.62,0.0
2011-06-27 13:30:00,CBOE:VIX6M,23.28,23.28,23.28,23.28,0.0
2011-06-28 13:30:00,CBOE:VIX6M,22.7,22.7,22.7,22.7,0.0
2011-06-29 13:30:00,CBOE:VIX6M,21.85,21.85,21.85,21.85,0.0
2011-06-30 13:30:00,CBOE:VIX6M,20.97,20.97,20.97,20.97,0.0
2011-07-01 13:30:00,CBOE:VIX6M,20.43,20.43,20.43,20.43,0.0
2011-07-05 13:30:00,CBOE:VIX6M,20.57,20.57,20.57,20.57,0.0
2011-07-06 13:30:00,CBOE:VIX6M,20.62,20.62,20.62,20.62,0.0
2011-07-07 13:30:00,CBOE:VIX6M,20.12,20.12,20.12,20.12,0.0
2011-07-08 13:30:00,CBOE:VIX6M,20.35,20.35,20.35,20.35,0.0
2011-07-11 13:30:00,CBOE:VIX6M,21.86,21.86,21.86,21.86,0.0
2011-07-12 13:30:00,CBOE:VIX6M,22.45,22.45,22.45,22.45,0.0
2011-07-13 13:30:00,CBOE:VIX6M,22.47,22.47,22.47,22.47,0.0
2011-07-14 13:30:00,CBOE:VIX6M,23.03,23.03,23.03,23.03,0.0
2011-07-15 13:30:00,CBOE:VIX6M,22.72,22.72,22.72,22.72,0.0
2011-07-18 13:30:00,CBOE:VIX6M,23.33,23.33,23.33,23.33,0.0
2011-07-19 13:30:00,CBOE:VIX6M,22.43,22.43,22.43,22.43,0.0
2011-07-20 13:30:00,CBOE:VIX6M,22.34,22.34,22.34,22.34,0.0
2011-07-21 13:30:00,CBOE:VIX6M,21.39,21.39,21.39,21.39,0.0
2011-07-22 13:30:00,CBOE:VIX6M,21.57,21.57,21.57,21.57,0.0
2011-07-25 13:30:00,CBOE:VIX6M,22.06,22.06,22.06,22.06,0.0
2011-07-26 13:30:00,CBOE:VIX6M,22.35,22.35,22.35,22.35,0.0
2011-07-27 13:30:00,CBOE:VIX6M,23.55,23.55,23.55,23.55,0.0
2011-07-28 13:30:00,CBOE:VIX6M,23.62,23.62,23.62,23.62,0.0
2011-07-29 13:30:00,CBOE:VIX6M,23.63,23.63,23.63,23.63,0.0
2011-08-01 13:30:00,CBOE:VIX6M,23.03,23.03,23.03,23.03,0.0
2011-08-02 13:30:00,CBOE:VIX6M,24.01,24.01,24.01,24.01,0.0
2011-08-03 13:30:00,CBOE:VIX6M,23.85,23.85,23.85,23.85,0.0
2011-08-04 13:30:00,CBOE:VIX6M,27.88,27.88,27.88,27.88,0.0
2011-08-05 13:30:00,CBOE:VIX6M,28.81,28.81,28.81,28.81,0.0
2011-08-08 13:30:00,CBOE:VIX6M,35.0,35.0,35.0,35.0,0.0
2011-08-09 13:30:00,CBOE:VIX6M,29.97,29.97,29.97,29.97,0.0
2011-08-10 13:30:00,CBOE:VIX6M,33.9,33.9,33.9,33.9,0.0
2011-08-11 13:30:00,CBOE:VIX6M,32.13,32.13,32.13,32.13,0.0
2011-08-12 13:30:00,CBOE:VIX6M,31.19,31.19,31.19,31.19,0.0
2011-08-15 13:30:00,CBOE:VIX6M,29.58,29.58,29.58,29.58,0.0
2011-08-16 13:30:00,CBOE:VIX6M,29.82,29.82,29.82,29.82,0.0
2011-08-17 13:30:00,CBOE:VIX6M,29.53,29.53,29.53,29.53,0.0
2011-08-18 13:30:00,CBOE:VIX6M,33.23,33.23,33.23,33.23,0.0
2011-08-19 13:30:00,CBOE:VIX6M,35.13,35.13,35.13,35.13,0.0
2011-08-22 13:30:00,CBOE:VIX6M,35.19,35.19,35.19,35.19,0.0
2011-08-23 13:30:00,CBOE:VIX6M,33.21,33.21,33.21,33.21,0.0
2011-08-24 13:30:00,CBOE:VIX6M,33.35,33.35,33.35,33.35,0.0
2011-08-25 13:30:00,CBOE:VIX6M,34.67,34.67,34.67,34.67,0.0
2011-08-26 13:30:00,CBOE:VIX6M,33.25,33.25,33.25,33.25,0.0
2011-08-29 13:30:00,CBOE:VIX6M,31.76,31.76,31.76,31.76,0.0
2011-08-30 13:30:00,CBOE:VIX6M,32.16,32.16,32.16,32.16,0.0
2011-08-31 13:30:00,CBOE:VIX6M,31.59,31.59,31.59,31.59,0.0
2011-09-01 13:30:00,CBOE:VIX6M,31.88,31.88,31.88,31.88,0.0
2011-09-02 13:30:00,CBOE:VIX6M,32.99,32.99,32.99,32.99,0.0
2011-09-06 13:30:00,CBOE:VIX6M,34.23,34.23,34.23,34.23,0.0
2011-09-07 13:30:00,CBOE:VIX6M,32.14,32.14,32.14,32.14,0.0
2011-09-08 13:30:00,CBOE:VIX6M,33.14,33.14,33.14,33.14,0.0
2011-09-09 13:30:00,CBOE:VIX6M,35.32,35.32,35.32,35.32,0.0
2011-09-12 13:30:00,CBOE:VIX6M,35.77,35.77,35.77,35.77,0.0
2011-09-13 13:30:00,CBOE:VIX6M,35.32,35.32,35.32,35.32,0.0
2011-09-14 13:30:00,CBOE:VIX6M,34.02,34.02,34.02,34.02,0.0
2011-09-15 13:30:00,CBOE:VIX6M,33.44,33.44,33.44,33.44,0.0
2011-09-16 13:30:00,CBOE:VIX6M,33.02,33.02,33.02,33.02,0.0
2011-09-19 13:30:00,CBOE:VIX6M,33.78,33.78,33.78,33.78,0.0
2011-09-20 13:30:00,CBOE:VIX6M,33.57,33.57,33.57,33.57,0.0
2011-09-21 13:30:00,CBOE:VIX6M,35.63,35.63,35.63,35.63,0.0
2011-09-22 13:30:00,CBOE:VIX6M,37.61,37.61,37.61,37.61,0.0
2011-09-23 13:30:00,CBOE:VIX6M,37.92,37.92,37.92,37.92,0.0
2011-09-26 13:30:00,CBOE:VIX6M,37.08,37.08,37.08,37.08,0.0
2011-09-27 13:30:00,CBOE:VIX6M,36.54,36.54,36.54,36.54,0.0
2011-09-28 13:30:00,CBOE:VIX6M,38.21,38.21,38.21,38.21,0.0
2011-09-29 13:30:00,CBOE:VIX6M,37.2,37.2,37.2,37.2,0.0
2011-09-30 13:30:00,CBOE:VIX6M,39.23,39.23,39.23,39.23,0.0
2011-10-03 13:30:00,CBOE:VIX6M,41.36,41.36,41.36,41.36,0.0
2011-10-04 13:30:00,CBOE:VIX6M,39.13,39.13,39.13,39.13,0.0
2011-10-05 13:30:00,CBOE:VIX6M,37.86,37.86,37.86,37.86,0.0
2011-10-06 13:30:00,CBOE:VIX6M,36.91,36.91,36.91,36.91,0.0
2011-10-07 13:30:00,CBOE:VIX6M,37.25,37.25,37.25,37.25,0.0
2011-10-10 13:30:00,CBOE:VIX6M,35.17,35.17,35.17,35.17,0.0
2011-10-11 13:30:00,CBOE:VIX6M,34.81,34.81,34.81,34.81,0.0
2011-10-12 13:30:00,CBOE:VIX6M,33.39,33.39,33.39,33.39,0.0
2011-10-13 13:30:00,CBOE:VIX6M,33.29,33.29,33.29,33.29,0.0
2011-10-14 13:30:00,CBOE:VIX6M,31.67,31.67,31.67,31.67,0.0
2011-10-17 13:30:00,CBOE:VIX6M,33.81,33.81,33.81,33.81,0.0
2011-10-18 13:30:00,CBOE:VIX6M,32.87,32.87,32.87,32.87,0.0
2011-10-19 13:30:00,CBOE:VIX6M,34.57,34.57,34.57,34.57,0.0
2011-10-20 13:30:00,CBOE:VIX6M,34.51,34.51,34.51,34.51,0.0
2011-10-21 13:30:00,CBOE:VIX6M,32.98,32.98,32.98,32.98,0.0
2011-10-24 13:30:00,CBOE:VIX6M,31.8,31.8,31.8,31.8,0.0
2011-10-25 13:30:00,CBOE:VIX6M,33.12,33.12,33.12,33.12,0.0
2011-10-26 13:30:00,CBOE:VIX6M,31.82,31.82,31.82,31.82,0.0
2011-10-27 13:30:00,CBOE:VIX6M,28.76,28.76,28.76,28.76,0.0
2011-10-28 13:30:00,CBOE:VIX6M,28.31,28.31,28.31,28.31,0.0
2011-10-31 13:30:00,CBOE:VIX6M,30.99,30.99,30.99,30.99,0.0
2011-11-01 13:30:00,CBOE:VIX6M,34.5,34.5,34.5,34.5,0.0
2011-11-02 13:30:00,CBOE:VIX6M,33.64,33.64,33.64,33.64,0.0
2011-11-03 13:30:00,CBOE:VIX6M,32.45,32.45,32.45,32.45,0.0
2011-11-04 13:30:00,CBOE:VIX6M,32.46,32.46,32.46,32.46,0.0
2011-11-07 14:30:00,CBOE:VIX6M,32.33,32.33,32.33,32.33,0.0
2011-11-08 14:30:00,CBOE:VIX6M,31.17,31.17,31.17,31.17,0.0
2011-11-09 14:30:00,CBOE:VIX6M,35.55,35.55,35.55,35.55,0.0
2011-11-10 14:30:00,CBOE:VIX6M,34.7,34.7,34.7,34.7,0.0
2011-11-11 14:30:00,CBOE:VIX6M,33.31,33.31,33.31,33.31,0.0
2011-11-14 14:30:00,CBOE:VIX6M,33.88,33.88,33.88,33.88,0.0
2011-11-15 14:30:00,CBOE:VIX6M,33.79,33.79,33.79,33.79,0.0
2011-11-16 14:30:00,CBOE:VIX6M,35.14,35.14,35.14,35.14,0.0
2011-11-17 14:30:00,CBOE:VIX6M,36.14,36.14,36.14,36.14,0.0
2011-11-18 14:30:00,CBOE:VIX6M,35.55,35.55,35.55,35.55,0.0
2011-11-21 14:30:00,CBOE:VIX6M,36.17,36.17,36.17,36.17,0.0
2011-11-22 14:30:00,CBOE:VIX6M,35.69,35.69,35.69,35.69,0.0
2011-11-23 14:30:00,CBOE:VIX6M,37.05,37.05,37.05,37.05,0.0
2011-11-25 14:30:00,CBOE:VIX6M,37.83,37.83,37.83,37.83,0.0
2011-11-28 14:30:00,CBOE:VIX6M,35.1,35.1,35.1,35.1,0.0
2011-11-29 14:30:00,CBOE:VIX6M,34.64,34.64,34.64,34.64,0.0
2011-11-30 14:30:00,CBOE:VIX6M,31.94,31.94,31.94,31.94,0.0
2011-12-01 14:30:00,CBOE:VIX6M,31.92,31.92,31.92,31.92,0.0
2011-12-02 14:30:00,CBOE:VIX6M,31.53,31.53,31.53,31.53,0.0
2011-12-05 14:30:00,CBOE:VIX6M,31.41,31.41,31.41,31.41,0.0
2011-12-06 14:30:00,CBOE:VIX6M,31.6,31.6,31.6,31.6,0.0
2011-12-07 14:30:00,CBOE:VIX6M,31.96,31.96,31.96,31.96,0.0
2011-12-08 14:30:00,CBOE:VIX6M,33.23,33.23,33.23,33.23,0.0
2011-12-09 14:30:00,CBOE:VIX6M,31.25,31.25,31.25,31.25,0.0
2011-12-12 14:30:00,CBOE:VIX6M,31.55,31.55,31.55,31.55,0.0
2011-12-13 14:30:00,CBOE:VIX6M,31.85,31.85,31.85,31.85,0.0
2011-12-14 14:30:00,CBOE:VIX6M,31.95,31.95,31.95,31.95,0.0
2011-12-15 14:30:00,CBOE:VIX6M,31.37,31.37,31.37,31.37,0.0
2011-12-16 14:30:00,CBOE:VIX6M,31.92,31.92,31.92,31.92,0.0
2011-12-19 14:30:00,CBOE:VIX6M,31.49,31.49,31.49,31.49,0.0
2011-12-20 14:30:00,CBOE:VIX6M,29.52,29.52,29.52,29.52,0.0
2011-12-21 14:30:00,CBOE:VIX6M,28.56,28.56,28.56,28.56,0.0
2011-12-22 14:30:00,CBOE:VIX6M,28.06,28.06,28.06,28.06,0.0
2011-12-23 14:30:00,CBOE:VIX6M,27.96,27.96,27.96,27.96,0.0
2011-12-27 14:30:00,CBOE:VIX6M,28.09,28.09,28.09,28.09,0.0
2011-12-28 14:30:00,CBOE:VIX6M,29.02,29.02,29.02,29.02,0.0
2011-12-29 14:30:00,CBOE:VIX6M,28.52,28.52,28.52,28.52,0.0
2011-12-30 14:30:00,CBOE:VIX6M,28.34,28.34,28.34,28.34,0.0
2012-01-03 14:30:00,CBOE:VIX6M,28.26,28.26,28.26,28.26,0.0
2012-01-04 14:30:00,CBOE:VIX6M,27.67,27.67,27.67,27.67,0.0
2012-01-05 14:30:00,CBOE:VIX6M,27.2,27.2,27.2,27.2,0.0
2012-01-06 14:30:00,CBOE:VIX6M,26.73,26.73,26.73,26.73,0.0
2012-01-09 14:30:00,CBOE:VIX6M,26.57,26.57,26.57,26.57,0.0
2012-01-10 14:30:00,CBOE:VIX6M,26.1,26.1,26.1,26.1,0.0
2012-01-11 14:30:00,CBOE:VIX6M,26.45,26.45,26.45,26.45,0.0
2012-01-12 14:30:00,CBOE:VIX6M,26.44,26.44,26.44,26.44,0.0
2012-01-13 14:30:00,CBOE:VIX6M,26.98,26.98,26.98,26.98,0.0
2012-01-17 14:30:00,CBOE:VIX6M,27.51,27.51,27.51,27.51,0.0
2012-01-18 14:30:00,CBOE:VIX6M,26.57,26.57,26.57,26.57,0.0
2012-01-19 14:30:00,CBOE:VIX6M,26.02,26.02,26.02,26.02,0.0
2012-01-20 14:30:00,CBOE:VIX6M,25.42,25.42,25.42,25.42,0.0
2012-01-23 14:30:00,CBOE:VIX6M,25.07,25.07,25.07,25.07,0.0
2012-01-24 14:30:00,CBOE:VIX6M,24.85,24.85,24.85,24.85,0.0
2012-01-25 14:30:00,CBOE:VIX6M,24.06,24.06,24.06,24.06,0.0
2012-01-26 14:30:00,CBOE:VIX6M,24.25,24.25,24.25,24.25,0.0
2012-01-27 14:30:00,CBOE:VIX6M,24.13,24.13,24.13,24.13,0.0
2012-01-30 14:30:00,CBOE:VIX6M,24.49,24.49,24.49,24.49,0.0
2012-01-31 14:30:00,CBOE:VIX6M,24.6,24.6,24.6,24.6,0.0
2012-02-01 14:30:00,CBOE:VIX6M,24.37,24.37,24.37,24.37,0.0
2012-02-02 14:30:00,CBOE:VIX6M,23.89,23.89,23.89,23.89,0.0
2012-02-03 14:30:00,CBOE:VIX6M,23.0,23.0,23.0,23.0,0.0
2012-02-06 14:30:00,CBOE:VIX6M,23.11,23.11,23.11,23.11,0.0
2012-02-07 14:30:00,CBOE:VIX6M,22.85,22.85,22.85,22.85,0.0
2012-02-08 14:30:00,CBOE:VIX6M,23.14,23.14,23.14,23.14,0.0
2012-02-09 14:30:00,CBOE:VIX6M,23.77,23.77,23.77,23.77,0.0
2012-02-10 14:30:00,CBOE:VIX6M,25.17,25.17,25.17,25.17,0.0
2012-02-13 14:30:00,CBOE:VIX6M,24.47,24.47,24.47,24.47,0.0
2012-02-14 14:30:00,CBOE:VIX6M,25.22,25.22,25.22,25.22,0.0
2012-02-15 14:30:00,CBOE:VIX6M,26.17,26.17,26.17,26.17,0.0
2012-02-16 14:30:00,CBOE:VIX6M,25.33,25.33,25.33,25.33,0.0
2012-02-17 14:30:00,CBOE:VIX6M,24.92,24.92,24.92,24.92,0.0
2012-02-21 14:30:00,CBOE:VIX6M,25.14,25.14,25.14,25.14,0.0
2012-02-22 14:30:00,CBOE:VIX6M,25.01,25.01,25.01,25.01,0.0
2012-02-23 14:30:00,CBOE:VIX6M,24.02,24.02,24.02,24.02,0.0
2012-02-24 14:30:00,CBOE:VIX6M,24.3,24.3,24.3,24.3,0.0
2012-02-27 14:30:00,CBOE:VIX6M,24.66,24.66,24.66,24.66,0.0
2012-02-28 14:30:00,CBOE:VIX6M,24.53,24.53,24.53,24.53,0.0
2012-02-29 14:30:00,CBOE:VIX6M,24.43,24.43,24.43,24.43,0.0
2012-03-01 14:30:00,CBOE:VIX6M,23.92,23.92,23.92,23.92,0.0
2012-03-02 14:30:00,CBOE:VIX6M,24.12,24.12,24.12,24.12,0.0
2012-03-05 14:30:00,CBOE:VIX6M,24.62,24.62,24.62,24.62,0.0
2012-03-06 14:30:00,CBOE:VIX6M,26.16,26.16,26.16,26.16,0.0
2012-03-07 14:30:00,CBOE:VIX6M,25.37,25.37,25.37,25.37,0.0
2012-03-08 14:30:00,CBOE:VIX6M,24.62,24.62,24.62,24.62,0.0
2012-03-09 14:30:00,CBOE:VIX6M,24.04,24.04,24.04,24.04,0.0
2012-03-12 13:30:00,CBOE:VIX6M,23.71,23.71,23.71,23.71,0.0
2012-03-13 13:30:00,CBOE:VIX6M,22.6,22.6,22.6,22.6,0.0
2012-03-14 13:30:00,CBOE:VIX6M,23.38,23.38,23.38,23.38,0.0
2012-03-15 13:30:00,CBOE:VIX6M,23.08,23.08,23.08,23.08,0.0
2012-03-16 13:30:00,CBOE:VIX6M,22.85,22.85,22.85,22.85,0.0
2012-03-19 13:30:00,CBOE:VIX6M,22.46,22.46,22.46,22.46,0.0
2012-03-20 13:30:00,CBOE:VIX6M,22.49,22.49,22.49,22.49,0.0
2012-03-21 13:30:00,CBOE:VIX6M,21.83,21.83,21.83,21.83,0.0
2012-03-22 13:30:00,CBOE:VIX6M,22.02,22.02,22.02,22.02,0.0
2012-03-23 13:30:00,CBOE:VIX6M,21.49,21.49,21.49,21.49,0.0
2012-03-26 13:30:00,CBOE:VIX6M,20.33,20.33,20.33,20.33,0.0
2012-03-27 13:30:00,CBOE:VIX6M,21.06,21.06,21.06,21.06,0.0
2012-03-28 13:30:00,CBOE:VIX6M,21.24,21.24,21.24,21.24,0.0
2012-03-29 13:30:00,CBOE:VIX6M,21.37,21.37,21.37,21.37,0.0
2012-03-30 13:30:00,CBOE:VIX6M,21.0,21.0,21.0,21.0,0.0
2012-04-02 13:30:00,CBOE:VIX6M,21.05,21.05,21.05,21.05,0.0
2012-04-03 13:30:00,CBOE:VIX6M,21.28,21.28,21.28,21.28,0.0
2012-04-04 13:30:00,CBOE:VIX6M,21.9,21.9,21.9,21.9,0.0
2012-04-05 13:30:00,CBOE:VIX6M,22.18,22.18,22.18,22.18,0.0
2012-04-09 13:30:00,CBOE:VIX6M,23.22,23.22,23.22,23.22,0.0
2012-04-10 13:30:00,CBOE:VIX6M,24.75,24.75,24.75,24.75,0.0
2012-04-11 13:30:00,CBOE:VIX6M,24.62,24.62,24.62,24.62,0.0
2012-04-12 13:30:00,CBOE:VIX6M,23.02,23.02,23.02,23.02,0.0
2012-04-13 13:30:00,CBOE:VIX6M,24.25,24.25,24.25,24.25,0.0
2012-04-16 13:30:00,CBOE:VIX6M,24.25,24.25,24.25,24.25,0.0
2012-04-17 13:30:00,CBOE:VIX6M,23.23,23.23,23.23,23.23,0.0
2012-04-18 13:30:00,CBOE:VIX6M,23.46,23.46,23.46,23.46,0.0
2012-04-19 13:30:00,CBOE:VIX6M,23.61,23.61,23.61,23.61,0.0
2012-04-20 13:30:00,CBOE:VIX6M,23.09,23.09,23.09,23.09,0.0
2012-04-23 13:30:00,CBOE:VIX6M,23.77,23.77,23.77,23.77,0.0
2012-04-24 13:30:00,CBOE:VIX6M,23.22,23.22,23.22,23.22,0.0
2012-04-25 13:30:00,CBOE:VIX6M,22.15,22.15,22.15,22.15,0.0
2012-04-26 13:30:00,CBOE:VIX6M,21.55,21.55,21.55,21.55,0.0
2012-04-27 13:30:00,CBOE:VIX6M,21.58,21.58,21.58,21.58,0.0
2012-04-30 13:30:00,CBOE:VIX6M,21.7,21.7,21.7,21.7,0.0
2012-05-01 13:30:00,CBOE:VIX6M,21.68,21.68,21.68,21.68,0.0
2012-05-02 13:30:00,CBOE:VIX6M,21.61,21.61,21.61,21.61,0.0
2012-05-03 13:30:00,CBOE:VIX6M,22.0,22.0,22.0,22.0,0.0
2012-05-04 13:30:00,CBOE:VIX6M,22.94,22.94,22.94,22.94,0.0
2012-05-07 13:30:00,CBOE:VIX6M,22.85,22.85,22.85,22.85,0.0
2012-05-08 13:30:00,CBOE:VIX6M,23.14,23.14,23.14,23.14,0.0
2012-05-09 13:30:00,CBOE:VIX6M,23.79,23.79,23.79,23.79,0.0
2012-05-10 13:30:00,CBOE:VIX6M,23.23,23.23,23.23,23.23,0.0
2012-05-11 13:30:00,CBOE:VIX6M,23.75,23.75,23.75,23.75,0.0
2012-05-14 13:30:00,CBOE:VIX6M,24.95,24.95,24.95,24.95,0.0
2012-05-15 13:30:00,CBOE:VIX6M,25.74,25.74,25.74,25.74,0.0
2012-05-16 13:30:00,CBOE:VIX6M,26.42,26.42,26.42,26.42,0.0
2012-05-17 13:30:00,CBOE:VIX6M,27.73,27.73,27.73,27.73,0.0
2012-05-18 13:30:00,CBOE:VIX6M,28.64,28.64,28.64,28.64,0.0
2012-05-21 13:30:00,CBOE:VIX6M,27.49,27.49,27.49,27.49,0.0
2012-05-22 13:30:00,CBOE:VIX6M,27.33,27.33,27.33,27.33,0.0
2012-05-23 13:30:00,CBOE:VIX6M,27.47,27.47,27.47,27.47,0.0
2012-05-24 13:30:00,CBOE:VIX6M,27.71,27.71,27.71,27.71,0.0
2012-05-25 13:30:00,CBOE:VIX6M,27.14,27.14,27.14,27.14,0.0
2012-05-29 13:30:00,CBOE:VIX6M,26.13,26.13,26.13,26.13,0.0
2012-05-30 13:30:00,CBOE:VIX6M,27.71,27.71,27.71,27.71,0.0
2012-05-31 13:30:00,CBOE:VIX6M,27.74,27.74,27.74,27.74,0.0
2012-06-01 13:30:00,CBOE:VIX6M,30.21,30.21,30.21,30.21,0.0
2012-06-04 13:30:00,CBOE:VIX6M,29.36,29.36,29.36,29.36,0.0
2012-06-05 13:30:00,CBOE:VIX6M,28.57,28.57,28.57,28.57,0.0
2012-06-06 13:30:00,CBOE:VIX6M,26.87,26.87,26.87,26.87,0.0
2012-06-07 13:30:00,CBOE:VIX6M,26.72,26.72,26.72,26.72,0.0
2012-06-08 13:30:00,CBOE:VIX6M,26.26,26.26,26.26,26.26,0.0
2012-06-11 13:30:00,CBOE:VIX6M,27.5,27.5,27.5,27.5,0.0
2012-06-12 13:30:00,CBOE:VIX6M,27.22,27.22,27.22,27.22,0.0
2012-06-13 13:30:00,CBOE:VIX6M,28.27,28.27,28.27,28.27,0.0
2012-06-14 13:30:00,CBOE:VIX6M,26.97,26.97,26.97,26.97,0.0
2012-06-15 13:30:00,CBOE:VIX6M,26.02,26.02,26.02,26.02,0.0
2012-06-18 13:30:00,CBOE:VIX6M,25.01,25.01,25.01,25.01,0.0
2012-06-19 13:30:00,CBOE:VIX6M,24.44,24.44,24.44,24.44,0.0
2012-06-20 13:30:00,CBOE:VIX6M,23.97,23.97,23.97,23.97,0.0
2012-06-21 13:30:00,CBOE:VIX6M,25.53,25.53,25.53,25.53,0.0
2012-06-22 13:30:00,CBOE:VIX6M,24.34,24.34,24.34,24.34,0.0
2012-06-25 13:30:00,CBOE:VIX6M,25.42,25.42,25.42,25.42,0.0
2012-06-26 13:30:00,CBOE:VIX6M,25.1,25.1,25.1,25.1,0.0
2012-06-27 13:30:00,CBOE:VIX6M,24.75,24.75,24.75,24.75,0.0
2012-06-28 13:30:00,CBOE:VIX6M,24.66,24.66,24.66,24.66,0.0
2012-06-29 13:30:00,CBOE:VIX6M,22.87,22.87,22.87,22.87,0.0
2012-07-02 13:30:00,CBOE:VIX6M,22.53,22.53,22.53,22.53,0.0
2012-07-03 13:30:00,CBOE:VIX6M,22.35,22.35,22.35,22.35,0.0
2012-07-05 13:30:00,CBOE:VIX6M,22.89,22.89,22.89,22.89,0.0
2012-07-06 13:30:00,CBOE:VIX6M,22.9,22.9,22.9,22.9,0.0
2012-07-09 13:30:00,CBOE:VIX6M,23.05,23.05,23.05,23.05,0.0
2012-07-10 13:30:00,CBOE:VIX6M,23.4,23.4,23.4,23.4,0.0
2012-07-11 13:30:00,CBOE:VIX6M,22.94,22.94,22.94,22.94,0.0
2012-07-12 13:30:00,CBOE:VIX6M,23.15,23.15,23.15,23.15,0.0
2012-07-13 13:30:00,CBOE:VIX6M,22.22,22.22,22.22,22.22,0.0
2012-07-16 13:30:00,CBOE:VIX6M,22.41,22.41,22.41,22.41,0.0
2012-07-17 13:30:00,CBOE:VIX6M,21.81,21.81,21.81,21.81,0.0
2012-07-18 13:30:00,CBOE:VIX6M,21.71,21.71,21.71,21.71,0.0
2012-07-19 13:30:00,CBOE:VIX6M,21.55,21.55,21.55,21.55,0.0
2012-07-20 13:30:00,CBOE:VIX6M,22.39,22.39,22.39,22.39,0.0
2012-07-23 13:30:00,CBOE:VIX6M,23.63,23.63,23.63,23.63,0.0
2012-07-24 13:30:00,CBOE:VIX6M,24.48,24.48,24.48,24.48,0.0
2012-07-25 13:30:00,CBOE:VIX6M,24.32,24.32,24.32,24.32,0.0
2012-07-26 13:30:00,CBOE:VIX6M,23.11,23.11,23.11,23.11,0.0
2012-07-27 13:30:00,CBOE:VIX6M,22.45,22.45,22.45,22.45,0.0
2012-07-30 13:30:00,CBOE:VIX6M,22.81,22.81,22.81,22.81,0.0
2012-07-31 13:30:00,CBOE:VIX6M,23.27,23.27,23.27,23.27,0.0
2012-08-01 13:30:00,CBOE:VIX6M,23.12,23.12,23.12,23.12,0.0
2012-08-02 13:30:00,CBOE:VIX6M,22.97,22.97,22.97,22.97,0.0
2012-08-03 13:30:00,CBOE:VIX6M,21.79,21.79,21.79,21.79,0.0
2012-08-06 13:30:00,CBOE:VIX6M,21.93,21.93,21.93,21.93,0.0
2012-08-07 13:30:00,CBOE:VIX6M,21.84,21.84,21.84,21.84,0.0
2012-08-08 13:30:00,CBOE:VIX6M,21.63,21.63,21.63,21.63,0.0
2012-08-09 13:30:00,CBOE:VIX6M,21.37,21.37,21.37,21.37,0.0
2012-08-10 13:30:00,CBOE:VIX6M,21.2,21.2,21.2,21.2,0.0
2012-08-13 13:30:00,CBOE:VIX6M,21.27,21.27,21.27,21.27,0.0
2012-08-14 13:30:00,CBOE:VIX6M,21.67,21.67,21.67,21.67,0.0
2012-08-15 13:30:00,CBOE:VIX6M,21.82,21.82,21.82,21.82,0.0
2012-08-16 13:30:00,CBOE:VIX6M,21.73,21.73,21.73,21.73,0.0
2012-08-17 13:30:00,CBOE:VIX6M,21.54,21.54,21.54,21.54,0.0
2012-08-20 13:30:00,CBOE:VIX6M,21.67,21.67,21.67,21.67,0.0
2012-08-21 13:30:00,CBOE:VIX6M,22.12,22.12,22.12,22.12,0.0
2012-08-22 13:30:00,CBOE:VIX6M,22.42,22.42,22.42,22.42,0.0
2012-08-23 13:30:00,CBOE:VIX6M,22.91,22.91,22.91,22.91,0.0
2012-08-24 13:30:00,CBOE:VIX6M,22.21,22.21,22.21,22.21,0.0
2012-08-27 13:30:00,CBOE:VIX6M,22.68,22.68,22.68,22.68,0.0
2012-08-28 13:30:00,CBOE:VIX6M,22.73,22.73,22.73,22.73,0.0
2012-08-29 13:30:00,CBOE:VIX6M,23.15,23.15,23.15,23.15,0.0
2012-08-30 13:30:00,CBOE:VIX6M,23.5,23.5,23.5,23.5,0.0
2012-08-31 13:30:00,CBOE:VIX6M,23.27,23.27,23.27,23.27,0.0
2012-09-04 13:30:00,CBOE:VIX6M,23.3,23.3,23.3,23.3,0.0
2012-09-05 13:30:00,CBOE:VIX6M,22.62,22.62,22.62,22.62,0.0
2012-09-06 13:30:00,CBOE:VIX6M,21.72,21.72,21.72,21.72,0.0
2012-09-07 13:30:00,CBOE:VIX6M,20.99,20.99,20.99,20.99,0.0
2012-09-10 13:30:00,CBOE:VIX6M,21.39,21.39,21.39,21.39,0.0
2012-09-11 13:30:00,CBOE:VIX6M,21.23,21.23,21.23,21.23,0.0
2012-09-12 13:30:00,CBOE:VIX6M,20.66,20.66,20.66,20.66,0.0
2012-09-13 13:30:00,CBOE:VIX6M,19.63,19.63,19.63,19.63,0.0
2012-09-14 13:30:00,CBOE:VIX6M,19.81,19.81,19.81,19.81,0.0
2012-09-17 13:30:00,CBOE:VIX6M,20.0,20.0,20.0,20.0,0.0
2012-09-18 13:30:00,CBOE:VIX6M,19.68,19.68,19.68,19.68,0.0
2012-09-19 13:30:00,CBOE:VIX6M,19.52,19.52,19.52,19.52,0.0
2012-09-20 13:30:00,CBOE:VIX6M,19.75,19.75,19.75,19.75,0.0
2012-09-21 13:30:00,CBOE:VIX6M,19.83,19.83,19.83,19.83,0.0
2012-09-24 13:30:00,CBOE:VIX6M,19.76,19.76,19.76,19.76,0.0
2012-09-25 13:30:00,CBOE:VIX6M,20.46,20.46,20.46,20.46,0.0
2012-09-26 13:30:00,CBOE:VIX6M,21.13,21.13,21.13,21.13,0.0
2012-09-27 13:30:00,CBOE:VIX6M,20.1,20.1,20.1,20.1,0.0
2012-09-28 13:30:00,CBOE:VIX6M,20.37,20.37,20.37,20.37,0.0
2012-10-01 13:30:00,CBOE:VIX6M,20.58,20.58,20.58,20.58,0.0
2012-10-02 13:30:00,CBOE:VIX6M,20.51,20.51,20.51,20.51,0.0
2012-10-03 13:30:00,CBOE:VIX6M,20.37,20.37,20.37,20.37,0.0
2012-10-04 13:30:00,CBOE:VIX6M,20.02,20.02,20.02,20.02,0.0
2012-10-05 13:30:00,CBOE:VIX6M,19.66,19.66,19.66,19.66,0.0
2012-10-08 13:30:00,CBOE:VIX6M,20.0,20.0,20.0,20.0,0.0
2012-10-09 13:30:00,CBOE:VIX6M,20.48,20.48,20.48,20.48,0.0
2012-10-10 13:30:00,CBOE:VIX6M,20.46,20.46,20.46,20.46,0.0
2012-10-11 13:30:00,CBOE:VIX6M,20.1,20.1,20.1,20.1,0.0
2012-10-12 13:30:00,CBOE:VIX6M,20.1,20.1,20.1,20.1,0.0
2012-10-15 13:30:00,CBOE:VIX6M,19.62,19.62,19.62,19.62,0.0
2012-10-16 13:30:00,CBOE:VIX6M,19.37,19.37,19.37,19.37,0.0
2012-10-17 13:30:00,CBOE:VIX6M,19.19,19.19,19.19,19.19,0.0
2012-10-18 13:30:00,CBOE:VIX6M,19.16,19.16,19.16,19.16,0.0
2012-10-19 13:30:00,CBOE:VIX6M,20.32,20.32,20.32,20.32,0.0
2012-10-22 13:30:00,CBOE:VIX6M,20.15,20.15,20.15,20.15,0.0
2012-10-23 13:30:00,CBOE:VIX6M,21.34,21.34,21.34,21.34,0.0
2012-10-24 13:30:00,CBOE:VIX6M,21.27,21.27,21.27,21.27,0.0
2012-10-25 13:30:00,CBOE:VIX6M,21.06,21.06,21.06,21.06,0.0
2012-10-26 13:30:00,CBOE:VIX6M,21.01,21.01,21.01,21.01,0.0
2012-10-31 13:30:00,CBOE:VIX6M,20.73,20.73,20.73,20.73,0.0
2012-11-01 13:30:00,CBOE:VIX6M,20.03,20.03,20.03,20.03,0.0
2012-11-02 13:30:00,CBOE:VIX6M,20.51,20.51,20.51,20.51,0.0
2012-11-05 14:30:00,CBOE:VIX6M,20.83,20.83,20.83,20.83,0.0
2012-11-06 14:30:00,CBOE:VIX6M,20.26,20.26,20.26,20.26,0.0
2012-11-07 14:30:00,CBOE:VIX6M,21.52,21.52,21.52,21.52,0.0
2012-11-08 14:30:00,CBOE:VIX6M,21.63,21.63,21.63,21.63,0.0
2012-11-09 14:30:00,CBOE:VIX6M,21.78,21.78,21.78,21.78,0.0
2012-11-12 14:30:00,CBOE:VIX6M,21.14,21.14,21.14,21.14,0.0
2012-11-13 14:30:00,CBOE:VIX6M,21.04,21.04,21.04,21.04,0.0
2012-11-14 14:30:00,CBOE:VIX6M,21.75,21.75,21.75,21.75,0.0
2012-11-15 14:30:00,CBOE:VIX6M,21.73,21.73,21.73,21.73,0.0
2012-11-16 14:30:00,CBOE:VIX6M,21.11,21.11,21.11,21.11,0.0
2012-11-19 14:30:00,CBOE:VIX6M,19.91,19.91,19.91,19.91,0.0
2012-11-20 14:30:00,CBOE:VIX6M,19.58,19.58,19.58,19.58,0.0
2012-11-21 14:30:00,CBOE:VIX6M,19.64,19.64,19.64,19.64,0.0
2012-11-23 14:30:00,CBOE:VIX6M,19.35,19.35,19.35,19.35,0.0
2012-11-26 14:30:00,CBOE:VIX6M,19.46,19.46,19.46,19.46,0.0
2012-11-27 14:30:00,CBOE:VIX6M,19.72,19.72,19.72,19.72,0.0
2012-11-28 14:30:00,CBOE:VIX6M,19.41,19.41,19.41,19.41,0.0
2012-11-29 14:30:00,CBOE:VIX6M,19.15,19.15,19.15,19.15,0.0
2012-11-30 14:30:00,CBOE:VIX6M,19.33,19.33,19.33,19.33,0.0
2012-12-03 14:30:00,CBOE:VIX6M,19.89,19.89,19.89,19.89,0.0
2012-12-04 14:30:00,CBOE:VIX6M,19.97,19.97,19.97,19.97,0.0
2012-12-05 14:30:00,CBOE:VIX6M,19.63,19.63,19.63,19.63,0.0
2012-12-06 14:30:00,CBOE:VIX6M,19.43,19.43,19.43,19.43,0.0
2012-12-07 14:30:00,CBOE:VIX6M,19.1,19.1,19.1,19.1,0.0
2012-12-10 14:30:00,CBOE:VIX6M,19.15,19.15,19.15,19.15,0.0
2012-12-11 14:30:00,CBOE:VIX6M,18.97,18.97,18.97,18.97,0.0
2012-12-12 14:30:00,CBOE:VIX6M,19.25,19.25,19.25,19.25,0.0
2012-12-13 14:30:00,CBOE:VIX6M,19.52,19.52,19.52,19.52,0.0
2012-12-14 14:30:00,CBOE:VIX6M,19.66,19.66,19.66,19.66,0.0
2012-12-17 14:30:00,CBOE:VIX6M,19.11,19.11,19.11,19.11,0.0
2012-12-18 14:30:00,CBOE:VIX6M,18.44,18.44,18.44,18.44,0.0
2012-12-19 14:30:00,CBOE:VIX6M,19.06,19.06,19.06,19.06,0.0
2012-12-20 14:30:00,CBOE:VIX6M,19.23,19.23,19.23,19.23,0.0
2012-12-21 14:30:00,CBOE:VIX6M,19.95,19.95,19.95,19.95,0.0
2012-12-24 14:30:00,CBOE:VIX6M,20.32,20.32,20.32,20.32,0.0
2012-12-26 14:30:00,CBOE:VIX6M,20.87,20.87,20.87,20.87,0.0
2012-12-27 14:30:00,CBOE:VIX6M,20.89,20.89,20.89,20.89,0.0
2012-12-28 14:30:00,CBOE:VIX6M,22.4,22.4,22.4,22.4,0.0
2012-12-31 14:30:00,CBOE:VIX6M,20.25,20.25,20.25,20.25,0.0
2013-01-02 14:30:00,CBOE:VIX6M,18.63,18.63,18.63,18.63,0.0
2013-01-03 14:30:00,CBOE:VIX6M,18.49,18.49,18.49,18.49,0.0
2013-01-04 14:30:00,CBOE:VIX6M,18.17,18.17,18.17,18.17,0.0
2013-01-07 14:30:00,CBOE:VIX6M,18.25,18.25,18.25,18.25,0.0
2013-01-08 14:30:00,CBOE:VIX6M,18.25,18.25,18.25,18.25,0.0
2013-01-09 14:30:00,CBOE:VIX6M,18.36,18.36,18.36,18.36,0.0
2013-01-10 14:30:00,CBOE:VIX6M,17.97,17.97,17.97,17.97,0.0
2013-01-11 14:30:00,CBOE:VIX6M,17.89,17.89,17.89,17.89,0.0
2013-01-14 14:30:00,CBOE:VIX6M,18.05,18.05,18.05,18.05,0.0
2013-01-15 14:30:00,CBOE:VIX6M,18.02,18.02,18.02,18.02,0.0
2013-01-16 14:30:00,CBOE:VIX6M,17.96,17.96,17.96,17.96,0.0
2013-01-17 14:30:00,CBOE:VIX6M,17.76,17.76,17.76,17.76,0.0
2013-01-18 14:30:00,CBOE:VIX6M,17.21,17.21,17.21,17.21,0.0
2013-01-22 14:30:00,CBOE:VIX6M,16.6,16.6,16.6,16.6,0.0
2013-01-23 14:30:00,CBOE:VIX6M,16.27,16.27,16.27,16.27,0.0
2013-01-24 14:30:00,CBOE:VIX6M,16.46,16.46,16.46,16.46,0.0
2013-01-25 14:30:00,CBOE:VIX6M,16.35,16.35,16.35,16.35,0.0
2013-01-28 14:30:00,CBOE:VIX6M,16.5,16.5,16.5,16.5,0.0
2013-01-29 14:30:00,CBOE:VIX6M,16.27,16.27,16.27,16.27,0.0
2013-01-30 14:30:00,CBOE:VIX6M,16.84,16.84,16.84,16.84,0.0
2013-01-31 14:30:00,CBOE:VIX6M,17.25,17.25,17.25,17.25,0.0
2013-02-01 14:30:00,CBOE:VIX6M,16.5,16.5,16.5,16.5,0.0
2013-02-04 14:30:00,CBOE:VIX6M,17.23,17.23,17.23,17.23,0.0
2013-02-05 14:30:00,CBOE:VIX6M,16.81,16.81,16.81,16.81,0.0
2013-02-06 14:30:00,CBOE:VIX6M,16.77,16.77,16.77,16.77,0.0
2013-02-07 14:30:00,CBOE:VIX6M,16.83,16.83,16.83,16.83,0.0
2013-02-08 14:30:00,CBOE:VIX6M,16.45,16.45,16.45,16.45,0.0
2013-02-11 14:30:00,CBOE:VIX6M,16.39,16.39,16.39,16.39,0.0
2013-02-12 14:30:00,CBOE:VIX6M,16.18,16.18,16.18,16.18,0.0
2013-02-13 14:30:00,CBOE:VIX6M,16.35,16.35,16.35,16.35,0.0
2013-02-14 14:30:00,CBOE:VIX6M,16.16,16.16,16.16,16.16,0.0
2013-02-15 14:30:00,CBOE:VIX6M,16.12,16.12,16.12,16.12,0.0
2013-02-19 14:30:00,CBOE:VIX6M,15.83,15.83,15.83,15.83,0.0
2013-02-20 14:30:00,CBOE:VIX6M,16.82,16.82,16.82,16.82,0.0
2013-02-21 14:30:00,CBOE:VIX6M,17.05,17.05,17.05,17.05,0.0
2013-02-22 14:30:00,CBOE:VIX6M,16.53,16.53,16.53,16.53,0.0
2013-02-25 14:30:00,CBOE:VIX6M,18.61,18.61,18.61,18.61,0.0
2013-02-26 14:30:00,CBOE:VIX6M,18.16,18.16,18.16,18.16,0.0
2013-02-27 14:30:00,CBOE:VIX6M,17.03,17.03,17.03,17.03,0.0
2013-02-28 14:30:00,CBOE:VIX6M,17.4,17.4,17.4,17.4,0.0
2013-03-01 14:30:00,CBOE:VIX6M,17.51,17.51,17.51,17.51,0.0
2013-03-04 14:30:00,CBOE:VIX6M,16.92,16.92,16.92,16.92,0.0
2013-03-05 14:30:00,CBOE:VIX6M,16.54,16.54,16.54,16.54,0.0
2013-03-06 14:30:00,CBOE:VIX6M,16.54,16.54,16.54,16.54,0.0
2013-03-07 14:30:00,CBOE:VIX6M,16.38,16.38,16.38,16.38,0.0
2013-03-08 14:30:00,CBOE:VIX6M,16.2,16.2,16.2,16.2,0.0
2013-03-11 13:30:00,CBOE:VIX6M,15.94,15.94,15.94,15.94,0.0
2013-03-12 13:30:00,CBOE:VIX6M,16.12,16.12,16.12,16.12,0.0
2013-03-13 13:30:00,CBOE:VIX6M,16.21,16.21,16.21,16.21,0.0
2013-03-14 13:30:00,CBOE:VIX6M,15.81,15.81,15.81,15.81,0.0
2013-03-15 13:30:00,CBOE:VIX6M,16.1,16.1,16.1,16.1,0.0
2013-03-18 13:30:00,CBOE:VIX6M,16.91,16.91,16.91,16.91,0.0
2013-03-19 13:30:00,CBOE:VIX6M,17.2,17.2,17.2,17.2,0.0
2013-03-20 13:30:00,CBOE:VIX6M,16.62,16.62,16.62,16.62,0.0
2013-03-21 13:30:00,CBOE:VIX6M,17.12,17.12,17.12,17.12,0.0
2013-03-22 13:30:00,CBOE:VIX6M,16.96,16.96,16.96,16.96,0.0
2013-03-25 13:30:00,CBOE:VIX6M,17.01,17.01,17.01,17.01,0.0
2013-03-26 13:30:00,CBOE:VIX6M,16.59,16.59,16.59,16.59,0.0
2013-03-27 13:30:00,CBOE:VIX6M,16.76,16.76,16.76,16.76,0.0
2013-03-28 13:30:00,CBOE:VIX6M,16.61,16.61,16.61,16.61,0.0
2013-04-01 13:30:00,CBOE:VIX6M,17.03,17.03,17.03,17.03,0.0
2013-04-02 13:30:00,CBOE:VIX6M,16.59,16.59,16.59,16.59,0.0
2013-04-03 13:30:00,CBOE:VIX6M,17.14,17.14,17.14,17.14,0.0
2013-04-04 13:30:00,CBOE:VIX6M,17.0,17.0,17.0,17.0,0.0
2013-04-05 13:30:00,CBOE:VIX6M,17.18,17.18,17.18,17.18,0.0
2013-04-08 13:30:00,CBOE:VIX6M,16.69,16.69,16.69,16.69,0.0
2013-04-09 13:30:00,CBOE:VIX6M,16.5,16.5,16.5,16.5,0.0
2013-04-10 13:30:00,CBOE:VIX6M,16.14,16.14,16.14,16.14,0.0
2013-04-11 13:30:00,CBOE:VIX6M,16.17,16.17,16.17,16.17,0.0
2013-04-12 13:30:00,CBOE:VIX6M,16.15,16.15,16.15,16.15,0.0
2013-04-15 13:30:00,CBOE:VIX6M,18.43,18.43,18.43,18.43,0.0
2013-04-16 13:30:00,CBOE:VIX6M,16.72,16.72,16.72,16.72,0.0
2013-04-17 13:30:00,CBOE:VIX6M,18.16,18.16,18.16,18.16,0.0
2013-04-18 13:30:00,CBOE:VIX6M,18.65,18.65,18.65,18.65,0.0
2013-04-19 13:30:00,CBOE:VIX6M,17.92,17.92,17.92,17.92,0.0
2013-04-22 13:30:00,CBOE:VIX6M,17.4,17.4,17.4,17.4,0.0
2013-04-23 13:30:00,CBOE:VIX6M,16.66,16.66,16.66,16.66,0.0
2013-04-24 13:30:00,CBOE:VIX6M,16.71,16.71,16.71,16.71,0.0
2013-04-25 13:30:00,CBOE:VIX6M,16.58,16.58,16.58,16.58,0.0
2013-04-26 13:30:00,CBOE:VIX6M,16.54,16.54,16.54,16.54,0.0
2013-04-29 13:30:00,CBOE:VIX6M,16.57,16.57,16.57,16.57,0.0
2013-04-30 13:30:00,CBOE:VIX6M,16.48,16.48,16.48,16.48,0.0
2013-05-01 13:30:00,CBOE:VIX6M,16.95,16.95,16.95,16.95,0.0
2013-05-02 13:30:00,CBOE:VIX6M,16.55,16.55,16.55,16.55,0.0
2013-05-03 13:30:00,CBOE:VIX6M,16.22,16.22,16.22,16.22,0.0
2013-05-06 13:30:00,CBOE:VIX6M,16.04,16.04,16.04,16.04,0.0
2013-05-07 13:30:00,CBOE:VIX6M,16.12,16.12,16.12,16.12,0.0
2013-05-08 13:30:00,CBOE:VIX6M,16.12,16.12,16.12,16.12,0.0
2013-05-09 13:30:00,CBOE:VIX6M,16.52,16.52,16.52,16.52,0.0
2013-05-10 13:30:00,CBOE:VIX6M,16.55,16.55,16.55,16.55,0.0
2013-05-13 13:30:00,CBOE:VIX6M,16.86,16.86,16.86,16.86,0.0
2013-05-14 13:30:00,CBOE:VIX6M,16.75,16.75,16.75,16.75,0.0
2013-05-15 13:30:00,CBOE:VIX6M,16.93,16.93,16.93,16.93,0.0
2013-05-16 13:30:00,CBOE:VIX6M,17.22,17.22,17.22,17.22,0.0
2013-05-17 13:30:00,CBOE:VIX6M,17.03,17.03,17.03,17.03,0.0
2013-05-20 13:30:00,CBOE:VIX6M,17.14,17.14,17.14,17.14,0.0
2013-05-21 13:30:00,CBOE:VIX6M,17.51,17.51,17.51,17.51,0.0
2013-05-22 13:30:00,CBOE:VIX6M,17.52,17.52,17.52,17.52,0.0
2013-05-23 13:30:00,CBOE:VIX6M,17.72,17.72,17.72,17.72,0.0
2013-05-24 13:30:00,CBOE:VIX6M,17.62,17.62,17.62,17.62,0.0
2013-05-28 13:30:00,CBOE:VIX6M,17.51,17.51,17.51,17.51,0.0
2013-05-29 13:30:00,CBOE:VIX6M,17.71,17.71,17.71,17.71,0.0
2013-05-30 13:30:00,CBOE:VIX6M,17.61,17.61,17.61,17.61,0.0
2013-05-31 13:30:00,CBOE:VIX6M,18.41,18.41,18.41,18.41,0.0
2013-06-03 13:30:00,CBOE:VIX6M,18.45,18.45,18.45,18.45,0.0
2013-06-04 13:30:00,CBOE:VIX6M,18.58,18.58,18.58,18.58,0.0
2013-06-05 13:30:00,CBOE:VIX6M,19.12,19.12,19.12,19.12,0.0
2013-06-06 13:30:00,CBOE:VIX6M,18.8,18.8,18.8,18.8,0.0
2013-06-07 13:30:00,CBOE:VIX6M,18.27,18.27,18.27,18.27,0.0
2013-06-10 13:30:00,CBOE:VIX6M,18.16,18.16,18.16,18.16,0.0
2013-06-11 13:30:00,CBOE:VIX6M,19.12,19.12,19.12,19.12,0.0
2013-06-12 13:30:00,CBOE:VIX6M,19.97,19.97,19.97,19.97,0.0
2013-06-13 13:30:00,CBOE:VIX6M,19.15,19.15,19.15,19.15,0.0
2013-06-14 13:30:00,CBOE:VIX6M,19.46,19.46,19.46,19.46,0.0
2013-06-17 13:30:00,CBOE:VIX6M,19.2,19.2,19.2,19.2,0.0
2013-06-18 13:30:00,CBOE:VIX6M,18.94,18.94,18.94,18.94,0.0
2013-06-19 13:30:00,CBOE:VIX6M,19.02,19.02,19.02,19.02,0.0
2013-06-20 13:30:00,CBOE:VIX6M,20.68,20.68,20.68,20.68,0.0
2013-06-21 13:30:00,CBOE:VIX6M,20.21,20.21,20.21,20.21,0.0
2013-06-24 13:30:00,CBOE:VIX6M,21.32,21.32,21.32,21.32,0.0
2013-06-25 13:30:00,CBOE:VIX6M,20.71,20.71,20.71,20.71,0.0
2013-06-26 13:30:00,CBOE:VIX6M,20.11,20.11,20.11,20.11,0.0
2013-06-27 13:30:00,CBOE:VIX6M,19.98,19.98,19.98,19.98,0.0
2013-06-28 13:30:00,CBOE:VIX6M,19.79,19.79,19.79,19.79,0.0
2013-07-01 13:30:00,CBOE:VIX6M,19.39,19.39,19.39,19.39,0.0
2013-07-02 13:30:00,CBOE:VIX6M,19.39,19.39,19.39,19.39,0.0
2013-07-03 13:30:00,CBOE:VIX6M,19.18,19.18,19.18,19.18,0.0
2013-07-05 13:30:00,CBOE:VIX6M,18.48,18.48,18.48,18.48,0.0
2013-07-08 13:30:00,CBOE:VIX6M,18.04,18.04,18.04,18.04,0.0
2013-07-09 13:30:00,CBOE:VIX6M,17.55,17.55,17.55,17.55,0.0
2013-07-10 13:30:00,CBOE:VIX6M,17.48,17.48,17.48,17.48,0.0
2013-07-11 13:30:00,CBOE:VIX6M,17.29,17.29,17.29,17.29,0.0
2013-07-12 13:30:00,CBOE:VIX6M,17.36,17.36,17.36,17.36,0.0
2013-07-15 13:30:00,CBOE:VIX6M,17.26,17.26,17.26,17.26,0.0
2013-07-16 13:30:00,CBOE:VIX6M,17.58,17.58,17.58,17.58,0.0
2013-07-17 13:30:00,CBOE:VIX6M,17.25,17.25,17.25,17.25,0.0
2013-07-18 13:30:00,CBOE:VIX6M,17.25,17.25,17.25,17.25,0.0
2013-07-19 13:30:00,CBOE:VIX6M,17.09,17.09,17.09,17.09,0.0
2013-07-22 13:30:00,CBOE:VIX6M,16.82,16.82,16.82,16.82,0.0
2013-07-23 13:30:00,CBOE:VIX6M,16.93,16.93,16.93,16.93,0.0
2013-07-24 13:30:00,CBOE:VIX6M,17.23,17.23,17.23,17.23,0.0
2013-07-25 13:30:00,CBOE:VIX6M,17.03,17.03,17.03,17.03,0.0
2013-07-26 13:30:00,CBOE:VIX6M,16.87,16.87,16.87,16.87,0.0
2013-07-29 13:30:00,CBOE:VIX6M,17.21,17.21,17.21,17.21,0.0
2013-07-30 13:30:00,CBOE:VIX6M,17.01,17.01,17.01,17.01,0.0
2013-07-31 13:30:00,CBOE:VIX6M,16.81,16.81,16.81,16.81,0.0
2013-08-01 13:30:00,CBOE:VIX6M,16.4,16.4,16.4,16.4,0.0
2013-08-02 13:30:00,CBOE:VIX6M,16.03,16.03,16.03,16.03,0.0
2013-08-05 13:30:00,CBOE:VIX6M,15.9,15.9,15.9,15.9,0.0
2013-08-06 13:30:00,CBOE:VIX6M,16.45,16.45,16.45,16.45,0.0
2013-08-07 13:30:00,CBOE:VIX6M,16.71,16.71,16.71,16.71,0.0
2013-08-08 13:30:00,CBOE:VIX6M,16.49,16.49,16.49,16.49,0.0
2013-08-09 13:30:00,CBOE:VIX6M,16.75,16.75,16.75,16.75,0.0
2013-08-12 13:30:00,CBOE:VIX6M,16.87,16.87,16.87,16.87,0.0
2013-08-13 13:30:00,CBOE:VIX6M,16.63,16.63,16.63,16.63,0.0
2013-08-14 13:30:00,CBOE:VIX6M,16.94,16.94,16.94,16.94,0.0
2013-08-15 13:30:00,CBOE:VIX6M,17.59,17.59,17.59,17.59,0.0
2013-08-16 13:30:00,CBOE:VIX6M,17.38,17.38,17.38,17.38,0.0
2013-08-19 13:30:00,CBOE:VIX6M,17.68,17.68,17.68,17.68,0.0
2013-08-20 13:30:00,CBOE:VIX6M,17.55,17.55,17.55,17.55,0.0
2013-08-21 13:30:00,CBOE:VIX6M,17.91,17.91,17.91,17.91,0.0
2013-08-22 13:30:00,CBOE:VIX6M,17.35,17.35,17.35,17.35,0.0
2013-08-23 13:30:00,CBOE:VIX6M,17.06,17.06,17.06,17.06,0.0
2013-08-26 13:30:00,CBOE:VIX6M,17.5,17.5,17.5,17.5,0.0
2013-08-27 13:30:00,CBOE:VIX6M,18.69,18.69,18.69,18.69,0.0
2013-08-28 13:30:00,CBOE:VIX6M,18.76,18.76,18.76,18.76,0.0
2013-08-29 13:30:00,CBOE:VIX6M,18.96,18.96,18.96,18.96,0.0
2013-08-30 13:30:00,CBOE:VIX6M,19.18,19.18,19.18,19.18,0.0
2013-09-03 13:30:00,CBOE:VIX6M,18.75,18.75,18.75,18.75,0.0
2013-09-04 13:30:00,CBOE:VIX6M,18.41,18.41,18.41,18.41,0.0
2013-09-05 13:30:00,CBOE:VIX6M,18.38,18.38,18.38,18.38,0.0
2013-09-06 13:30:00,CBOE:VIX6M,18.34,18.34,18.34,18.34,0.0
2013-09-09 13:30:00,CBOE:VIX6M,17.95,17.95,17.95,17.95,0.0
2013-09-10 13:30:00,CBOE:VIX6M,17.42,17.42,17.42,17.42,0.0
2013-09-11 13:30:00,CBOE:VIX6M,16.97,16.97,16.97,16.97,0.0
2013-09-12 13:30:00,CBOE:VIX6M,17.18,17.18,17.18,17.18,0.0
2013-09-13 13:30:00,CBOE:VIX6M,17.13,17.13,17.13,17.13,0.0
2013-09-16 13:30:00,CBOE:VIX6M,16.99,16.99,16.99,16.99,0.0
2013-09-17 13:30:00,CBOE:VIX6M,17.01,17.01,17.01,17.01,0.0
2013-09-18 13:30:00,CBOE:VIX6M,16.62,16.62,16.62,16.62,0.0
2013-09-19 13:30:00,CBOE:VIX6M,16.6,16.6,16.6,16.6,0.0
2013-09-20 13:30:00,CBOE:VIX6M,17.04,17.04,17.04,17.04,0.0
2013-09-23 13:30:00,CBOE:VIX6M,17.28,17.28,17.28,17.28,0.0
2013-09-24 13:30:00,CBOE:VIX6M,17.14,17.14,17.14,17.14,0.0
2013-09-25 13:30:00,CBOE:VIX6M,17.02,17.02,17.02,17.02,0.0
2013-09-26 13:30:00,CBOE:VIX6M,16.9,16.9,16.9,16.9,0.0
2013-09-27 13:30:00,CBOE:VIX6M,17.3,17.3,17.3,17.3,0.0
2013-09-30 13:30:00,CBOE:VIX6M,18.09,18.09,18.09,18.09,0.0
2013-10-01 13:30:00,CBOE:VIX6M,17.37,17.37,17.37,17.37,0.0
2013-10-02 13:30:00,CBOE:VIX6M,17.79,17.79,17.79,17.79,0.0
2013-10-03 13:30:00,CBOE:VIX6M,18.45,18.45,18.45,18.45,0.0
2013-10-04 13:30:00,CBOE:VIX6M,18.08,18.08,18.08,18.08,0.0
2013-10-07 13:30:00,CBOE:VIX6M,19.67,19.67,19.67,19.67,0.0
2013-10-08 13:30:00,CBOE:VIX6M,20.15,20.15,20.15,20.15,0.0
2013-10-09 13:30:00,CBOE:VIX6M,19.97,19.97,19.97,19.97,0.0
2013-10-10 13:30:00,CBOE:VIX6M,18.23,18.23,18.23,18.23,0.0
2013-10-11 13:30:00,CBOE:VIX6M,17.8,17.8,17.8,17.8,0.0
2013-10-14 13:30:00,CBOE:VIX6M,17.9,17.9,17.9,17.9,0.0
2013-10-15 13:30:00,CBOE:VIX6M,19.14,19.14,19.14,19.14,0.0
2013-10-16 13:30:00,CBOE:VIX6M,17.71,17.71,17.71,17.71,0.0
2013-10-17 13:30:00,CBOE:VIX6M,16.91,16.91,16.91,16.91,0.0
2013-10-18 13:30:00,CBOE:VIX6M,16.37,16.37,16.37,16.37,0.0
2013-10-21 13:30:00,CBOE:VIX6M,16.54,16.54,16.54,16.54,0.0
2013-10-22 13:30:00,CBOE:VIX6M,16.61,16.61,16.61,16.61,0.0
2013-10-23 13:30:00,CBOE:VIX6M,16.71,16.71,16.71,16.71,0.0
2013-10-24 13:30:00,CBOE:VIX6M,16.53,16.53,16.53,16.53,0.0
2013-10-25 13:30:00,CBOE:VIX6M,16.5,16.5,16.5,16.5,0.0
2013-10-28 13:30:00,CBOE:VIX6M,16.61,16.61,16.61,16.61,0.0
2013-10-29 13:30:00,CBOE:VIX6M,16.74,16.74,16.74,16.74,0.0
2013-10-30 13:30:00,CBOE:VIX6M,16.83,16.83,16.83,16.83,0.0
2013-10-31 13:30:00,CBOE:VIX6M,16.87,16.87,16.87,16.87,0.0
2013-11-01 13:30:00,CBOE:VIX6M,16.96,16.96,16.96,16.96,0.0
2013-11-04 14:30:00,CBOE:VIX6M,16.76,16.76,16.76,16.76,0.0
2013-11-05 14:30:00,CBOE:VIX6M,16.94,16.94,16.94,16.94,0.0
2013-11-06 14:30:00,CBOE:VIX6M,16.77,16.77,16.77,16.77,0.0
2013-11-07 14:30:00,CBOE:VIX6M,17.27,17.27,17.27,17.27,0.0
2013-11-08 14:30:00,CBOE:VIX6M,16.71,16.71,16.71,16.71,0.0
2013-11-11 14:30:00,CBOE:VIX6M,16.8,16.8,16.8,16.8,0.0
2013-11-12 14:30:00,CBOE:VIX6M,16.97,16.97,16.97,16.97,0.0
2013-11-13 14:30:00,CBOE:VIX6M,17.02,17.02,17.02,17.02,0.0
2013-11-14 14:30:00,CBOE:VIX6M,17.01,17.01,17.01,17.01,0.0
2013-11-15 14:30:00,CBOE:VIX6M,16.91,16.91,16.91,16.91,0.0
2013-11-18 14:30:00,CBOE:VIX6M,17.08,17.08,17.08,17.08,0.0
2013-11-19 14:30:00,CBOE:VIX6M,17.38,17.38,17.38,17.38,0.0
2013-11-20 14:30:00,CBOE:VIX6M,17.21,17.21,17.21,17.21,0.0
2013-11-21 14:30:00,CBOE:VIX6M,16.77,16.77,16.77,16.77,0.0
2013-11-22 14:30:00,CBOE:VIX6M,16.42,16.42,16.42,16.42,0.0
2013-11-25 14:30:00,CBOE:VIX6M,16.62,16.62,16.62,16.62,0.0
2013-11-26 14:30:00,CBOE:VIX6M,16.68,16.68,16.68,16.68,0.0
2013-11-27 14:30:00,CBOE:VIX6M,16.71,16.73,16.56,16.65,0.0
2013-11-29 14:30:00,CBOE:VIX6M,16.72,16.86,16.61,16.86,0.0
2013-12-02 14:30:00,CBOE:VIX6M,17.01,17.1,16.89,17.05,0.0
2013-12-03 14:30:00,CBOE:VIX6M,17.34,17.55,17.23,17.27,0.0
2013-12-04 14:30:00,CBOE:VIX6M,17.5,17.75,17.07,17.3,0.0
2013-12-05 14:30:00,CBOE:VIX6M,17.39,17.43,17.14,17.32,0.0
2013-12-06 14:30:00,CBOE:VIX6M,16.76,17.0,16.54,16.61,0.0
2013-12-09 14:30:00,CBOE:VIX6M,16.67,16.72,16.58,16.58,0.0
2013-12-10 14:30:00,CBOE:VIX6M,16.68,16.85,16.6,16.75,0.0
2013-12-11 14:30:00,CBOE:VIX6M,16.8,17.42,16.8,17.31,0.0
2013-12-12 14:30:00,CBOE:VIX6M,17.41,17.56,17.18,17.36,0.0
2013-12-13 14:30:00,CBOE:VIX6M,17.26,17.52,17.22,17.51,0.0
2013-12-16 14:30:00,CBOE:VIX6M,17.33,17.94,17.14,17.68,0.0
2013-12-17 14:30:00,CBOE:VIX6M,17.68,17.97,17.57,17.7,0.0
2013-12-18 14:30:00,CBOE:VIX6M,17.43,18.07,16.61,16.67,0.0
2013-12-19 14:30:00,CBOE:VIX6M,16.72,16.92,16.53,16.88,0.0
2013-12-20 14:30:00,CBOE:VIX6M,16.68,16.72,16.5,16.63,0.0
2013-12-23 14:30:00,CBOE:VIX6M,16.47,16.52,16.35,16.37,0.0
2013-12-24 14:30:00,CBOE:VIX6M,16.27,16.27,16.12,16.12,0.0
2013-12-26 14:30:00,CBOE:VIX6M,16.05,16.05,15.83,16.03,0.0
2013-12-27 14:30:00,CBOE:VIX6M,15.92,16.09,15.91,16.05,0.0
2013-12-30 14:30:00,CBOE:VIX6M,16.11,16.46,16.08,16.46,0.0
2013-12-31 14:30:00,CBOE:VIX6M,16.37,16.7,16.31,16.31,0.0
2014-01-02 14:30:00,CBOE:VIX6M,16.7,16.85,16.63,16.74,0.0
2014-01-03 14:30:00,CBOE:VIX6M,16.71,16.77,16.55,16.68,0.0
2014-01-06 14:30:00,CBOE:VIX6M,16.41,16.63,16.36,16.46,0.0
2014-01-07 14:30:00,CBOE:VIX6M,15.95,16.34,15.89,15.98,0.0
2014-01-08 14:30:00,CBOE:VIX6M,16.0,16.29,15.91,15.94,0.0
2014-01-09 14:30:00,CBOE:VIX6M,16.06,16.26,16.05,16.12,0.0
2014-01-10 14:30:00,CBOE:VIX6M,15.8,16.09,15.7,15.7,0.0
2014-01-13 14:30:00,CBOE:VIX6M,15.92,16.66,15.82,16.42,0.0
2014-01-14 14:30:00,CBOE:VIX6M,16.3,16.32,15.99,16.14,0.0
2014-01-15 14:30:00,CBOE:VIX6M,16.02,16.18,16.0,16.1,0.0
2014-01-16 14:30:00,CBOE:VIX6M,16.17,16.46,16.15,16.35,0.0
2014-01-17 14:30:00,CBOE:VIX6M,16.32,16.61,16.19,16.34,0.0
2014-01-21 14:30:00,CBOE:VIX6M,16.2,16.53,16.19,16.22,0.0
2014-01-22 14:30:00,CBOE:VIX6M,16.19,16.23,16.08,16.14,0.0
2014-01-23 14:30:00,CBOE:VIX6M,16.46,16.81,16.31,16.37,0.0
2014-01-24 14:30:00,CBOE:VIX6M,16.83,18.18,16.83,18.18,0.0
2014-01-27 14:30:00,CBOE:VIX6M,17.75,18.57,17.67,18.0,0.0
2014-01-28 14:30:00,CBOE:VIX6M,18.0,18.01,17.28,17.28,0.0
2014-01-29 14:30:00,CBOE:VIX6M,18.15,18.2,17.64,18.0,0.0
2014-01-30 14:30:00,CBOE:VIX6M,17.63,18.04,17.39,18.03,0.0
2014-01-31 14:30:00,CBOE:VIX6M,18.77,18.8,18.13,18.63,0.0
2014-02-03 14:30:00,CBOE:VIX6M,18.71,20.16,18.64,20.14,0.0
2014-02-04 14:30:00,CBOE:VIX6M,19.61,19.64,19.1,19.53,0.0
2014-02-05 14:30:00,CBOE:VIX6M,19.71,20.15,19.49,20.04,0.0
2014-02-06 14:30:00,CBOE:VIX6M,19.6,19.6,18.68,18.69,0.0
2014-02-07 14:30:00,CBOE:VIX6M,18.06,18.21,17.5,17.55,0.0
2014-02-10 14:30:00,CBOE:VIX6M,17.68,17.74,17.42,17.44,0.0
2014-02-11 14:30:00,CBOE:VIX6M,17.46,17.46,16.84,17.02,0.0
2014-02-12 14:30:00,CBOE:VIX6M,16.91,17.13,16.75,16.95,0.0
2014-02-13 14:30:00,CBOE:VIX6M,17.38,17.41,16.79,16.85,0.0
2014-02-14 14:30:00,CBOE:VIX6M,16.88,16.93,16.47,16.55,0.0
2014-02-18 14:30:00,CBOE:VIX6M,16.58,16.78,16.47,16.54,0.0
2014-02-19 14:30:00,CBOE:VIX6M,16.72,17.24,16.48,17.24,0.0
2014-02-20 14:30:00,CBOE:VIX6M,17.04,17.22,16.74,16.84,0.0
2014-02-21 14:30:00,CBOE:VIX6M,16.7,16.74,16.36,16.73,0.0
2014-02-24 14:30:00,CBOE:VIX6M,16.7,16.7,16.26,16.59,0.0
2014-02-25 14:30:00,CBOE:VIX6M,16.53,16.87,16.42,16.64,0.0
2014-02-26 14:30:00,CBOE:VIX6M,16.55,16.98,16.45,16.97,0.0
2014-02-27 14:30:00,CBOE:VIX6M,16.92,17.01,16.64,16.72,0.0
2014-02-28 14:30:00,CBOE:VIX6M,16.71,17.13,16.38,16.86,0.0
2014-03-03 14:30:00,CBOE:VIX6M,17.75,18.01,17.36,17.63,0.0
2014-03-04 14:30:00,CBOE:VIX6M,16.89,17.05,16.71,16.82,0.0
2014-03-05 14:30:00,CBOE:VIX6M,16.82,17.06,16.71,16.93,0.0
2014-03-06 14:30:00,CBOE:VIX6M,16.73,17.19,16.66,16.99,0.0
2014-03-07 14:30:00,CBOE:VIX6M,16.74,17.26,16.74,17.08,0.0
2014-03-10 13:30:00,CBOE:VIX6M,17.22,17.88,17.05,17.05,0.0
2014-03-11 13:30:00,CBOE:VIX6M,17.0,17.45,16.88,17.35,0.0
2014-03-12 13:30:00,CBOE:VIX6M,17.62,17.73,17.13,17.19,0.0
2014-03-13 13:30:00,CBOE:VIX6M,17.04,18.15,17.03,18.06,0.0
2014-03-14 13:30:00,CBOE:VIX6M,18.1,18.84,17.7,18.6,0.0
2014-03-17 13:30:00,CBOE:VIX6M,18.04,18.04,17.43,17.64,0.0
2014-03-18 13:30:00,CBOE:VIX6M,17.46,17.54,17.08,17.28,0.0
2014-03-19 13:30:00,CBOE:VIX6M,17.23,17.92,16.94,17.55,0.0
2014-03-20 13:30:00,CBOE:VIX6M,17.54,17.58,17.0,17.0,0.0
2014-03-21 13:30:00,CBOE:VIX6M,16.73,17.52,16.68,17.28,0.0
2014-03-24 13:30:00,CBOE:VIX6M,17.02,17.7,16.96,17.27,0.0
2014-03-25 13:30:00,CBOE:VIX6M,16.89,17.25,16.84,16.93,0.0
2014-03-26 13:30:00,CBOE:VIX6M,16.67,17.41,16.58,17.35,0.0
2014-03-27 13:30:00,CBOE:VIX6M,17.33,17.58,17.05,17.22,0.0
2014-03-28 13:30:00,CBOE:VIX6M,16.96,17.16,16.67,16.89,0.0
2014-03-31 13:30:00,CBOE:VIX6M,16.6,16.81,16.42,16.57,0.0
2014-04-01 13:30:00,CBOE:VIX6M,16.32,16.37,16.07,16.07,0.0
2014-04-02 13:30:00,CBOE:VIX6M,16.04,16.25,16.0,16.11,0.0
2014-04-03 13:30:00,CBOE:VIX6M,16.02,16.37,16.01,16.13,0.0
2014-04-04 13:30:00,CBOE:VIX6M,15.92,16.72,15.87,16.5,0.0
2014-04-07 13:30:00,CBOE:VIX6M,16.88,17.36,16.67,17.18,0.0
2014-04-08 13:30:00,CBOE:VIX6M,17.21,17.62,16.8,16.9,0.0
2014-04-09 13:30:00,CBOE:VIX6M,16.68,17.1,16.29,16.36,0.0
2014-04-10 13:30:00,CBOE:VIX6M,16.48,17.52,16.24,17.27,0.0
2014-04-11 13:30:00,CBOE:VIX6M,17.63,18.33,17.22,17.69,0.0
2014-04-14 13:30:00,CBOE:VIX6M,17.3,17.99,17.3,17.47,0.0
2014-04-15 13:30:00,CBOE:VIX6M,17.44,18.15,17.21,17.22,0.0
2014-04-16 13:30:00,CBOE:VIX6M,16.99,17.18,16.77,16.83,0.0
2014-04-17 13:30:00,CBOE:VIX6M,16.75,16.81,16.44,16.62,0.0
2014-04-21 13:30:00,CBOE:VIX6M,16.76,16.79,16.37,16.44,0.0
2014-04-22 13:30:00,CBOE:VIX6M,16.38,16.39,16.18,16.29,0.0
2014-04-23 13:30:00,CBOE:VIX6M,16.37,16.51,16.33,16.36,0.0
2014-04-24 13:30:00,CBOE:VIX6M,16.3,16.6,15.98,16.32,0.0
2014-04-25 13:30:00,CBOE:VIX6M,16.59,16.91,16.57,16.64,0.0
2014-04-28 13:30:00,CBOE:VIX6M,16.61,17.11,16.42,16.45,0.0
2014-04-29 13:30:00,CBOE:VIX6M,16.33,16.5,16.22,16.31,0.0
2014-04-30 13:30:00,CBOE:VIX6M,16.37,16.42,16.09,16.17,0.0
2014-05-01 13:30:00,CBOE:VIX6M,16.23,16.35,16.0,16.2,0.0
2014-05-02 13:30:00,CBOE:VIX6M,16.19,16.48,16.05,16.38,0.0
2014-05-05 13:30:00,CBOE:VIX6M,16.73,16.83,16.29,16.41,0.0
2014-05-06 13:30:00,CBOE:VIX6M,16.51,16.65,16.4,16.62,0.0
2014-05-07 13:30:00,CBOE:VIX6M,16.46,16.83,16.22,16.25,0.0
2014-05-08 13:30:00,CBOE:VIX6M,16.37,16.38,15.94,16.16,0.0
2014-05-09 13:30:00,CBOE:VIX6M,16.2,16.44,15.93,15.99,0.0
2014-05-12 13:30:00,CBOE:VIX6M,15.88,15.88,15.6,15.64,0.0
2014-05-13 13:30:00,CBOE:VIX6M,15.59,15.8,15.56,15.72,0.0
2014-05-14 13:30:00,CBOE:VIX6M,15.81,16.05,15.74,15.93,0.0
2014-05-15 13:30:00,CBOE:VIX6M,16.19,16.67,16.17,16.35,0.0
2014-05-16 13:30:00,CBOE:VIX6M,16.32,16.45,15.85,15.93,0.0
2014-05-19 13:30:00,CBOE:VIX6M,16.12,16.13,15.69,15.75,0.0
2014-05-20 13:30:00,CBOE:VIX6M,15.78,16.06,15.7,15.83,0.0
2014-05-21 13:30:00,CBOE:VIX6M,15.61,15.65,15.42,15.49,0.0
2014-05-22 13:30:00,CBOE:VIX6M,15.52,15.59,15.35,15.54,0.0
2014-05-23 13:30:00,CBOE:VIX6M,15.55,15.59,15.41,15.48,0.0
2014-05-27 13:30:00,CBOE:VIX6M,15.42,15.55,15.39,15.44,0.0
2014-05-28 13:30:00,CBOE:VIX6M,15.53,15.7,15.48,15.61,0.0
2014-05-29 13:30:00,CBOE:VIX6M,15.65,15.85,15.44,15.65,0.0
2014-05-30 13:30:00,CBOE:VIX6M,15.7,15.88,15.62,15.73,0.0
2014-06-02 13:30:00,CBOE:VIX6M,15.84,16.01,15.67,15.79,0.0
2014-06-03 13:30:00,CBOE:VIX6M,15.98,16.0,15.67,15.67,0.0
2014-06-04 13:30:00,CBOE:VIX6M,15.82,15.85,15.56,15.59,0.0
2014-06-05 13:30:00,CBOE:VIX6M,15.58,15.58,15.18,15.32,0.0
2014-06-06 13:30:00,CBOE:VIX6M,15.06,15.08,14.76,14.76,0.0
2014-06-09 13:30:00,CBOE:VIX6M,14.96,15.07,14.81,14.87,0.0
2014-06-10 13:30:00,CBOE:VIX6M,15.1,15.12,14.9,14.97,0.0
2014-06-11 13:30:00,CBOE:VIX6M,15.19,15.48,15.06,15.23,0.0
2014-06-12 13:30:00,CBOE:VIX6M,15.33,15.98,15.33,15.75,0.0
2014-06-13 13:30:00,CBOE:VIX6M,15.71,16.17,15.5,15.61,0.0
2014-06-16 13:30:00,CBOE:VIX6M,15.75,15.81,15.53,15.74,0.0
2014-06-17 13:30:00,CBOE:VIX6M,15.76,15.85,15.45,15.54,0.0
2014-06-18 13:30:00,CBOE:VIX6M,15.38,15.59,14.83,14.83,0.0
2014-06-19 13:30:00,CBOE:VIX6M,14.86,14.87,14.7,14.7,0.0
2014-06-20 13:30:00,CBOE:VIX6M,14.65,14.86,14.63,14.82,0.0
2014-06-23 13:30:00,CBOE:VIX6M,14.96,15.09,14.88,14.9,0.0
2014-06-24 13:30:00,CBOE:VIX6M,14.99,15.25,14.74,15.19,0.0
2014-06-25 13:30:00,CBOE:VIX6M,15.31,15.37,14.9,14.92,0.0
2014-06-26 13:30:00,CBOE:VIX6M,14.89,15.28,14.84,14.9,0.0
2014-06-27 13:30:00,CBOE:VIX6M,14.93,14.96,14.67,14.78,0.0
2014-06-30 13:30:00,CBOE:VIX6M,14.79,14.83,14.64,14.74,0.0
2014-07-01 13:30:00,CBOE:VIX6M,14.63,14.63,14.34,14.51,0.0
2014-07-02 13:30:00,CBOE:VIX6M,14.44,14.44,14.11,14.25,0.0
2014-07-03 13:30:00,CBOE:VIX6M,14.05,14.16,13.94,14.04,0.0
2014-07-07 13:30:00,CBOE:VIX6M,14.27,14.5,14.27,14.5,0.0
2014-07-08 13:30:00,CBOE:VIX6M,14.67,15.04,14.67,14.8,0.0
2014-07-09 13:30:00,CBOE:VIX6M,14.76,14.8,14.5,14.63,0.0
2014-07-10 13:30:00,CBOE:VIX6M,15.32,15.33,14.78,15.14,0.0
2014-07-11 13:30:00,CBOE:VIX6M,15.08,15.13,14.81,14.83,0.0
2014-07-14 13:30:00,CBOE:VIX6M,14.61,14.63,14.45,14.51,0.0
2014-07-15 13:30:00,CBOE:VIX6M,14.46,14.87,14.44,14.67,0.0
2014-07-16 13:30:00,CBOE:VIX6M,14.35,14.54,14.28,14.37,0.0
2014-07-17 13:30:00,CBOE:VIX6M,14.55,15.9,14.36,15.53,0.0
2014-07-18 13:30:00,CBOE:VIX6M,15.11,15.11,14.6,14.72,0.0
2014-07-21 13:30:00,CBOE:VIX6M,14.94,15.25,14.91,15.0,0.0
2014-07-22 13:30:00,CBOE:VIX6M,14.63,14.78,14.5,14.78,0.0
2014-07-23 13:30:00,CBOE:VIX6M,14.58,15.05,14.55,14.82,0.0
2014-07-24 13:30:00,CBOE:VIX6M,14.79,15.32,14.79,14.97,0.0
2014-07-25 13:30:00,CBOE:VIX6M,15.11,15.5,15.11,15.38,0.0
2014-07-28 13:30:00,CBOE:VIX6M,15.45,15.73,15.33,15.34,0.0
2014-07-29 13:30:00,CBOE:VIX6M,15.28,15.64,15.17,15.64,0.0
2014-07-30 13:30:00,CBOE:VIX6M,15.39,15.81,15.34,15.57,0.0
2014-07-31 13:30:00,CBOE:VIX6M,16.04,17.18,15.97,17.1,0.0
2014-08-01 13:30:00,CBOE:VIX6M,17.16,17.58,16.62,17.5,0.0
2014-08-04 13:30:00,CBOE:VIX6M,17.47,17.5,16.73,16.88,0.0
2014-08-05 13:30:00,CBOE:VIX6M,17.19,18.15,17.11,18.01,0.0
2014-08-06 13:30:00,CBOE:VIX6M,18.17,18.41,17.4,17.92,0.0
2014-08-07 13:30:00,CBOE:VIX6M,17.66,18.49,17.54,18.13,0.0
2014-08-08 13:30:00,CBOE:VIX6M,18.06,18.56,17.56,17.66,0.0
2014-08-11 13:30:00,CBOE:VIX6M,17.43,17.48,16.96,17.12,0.0
2014-08-12 13:30:00,CBOE:VIX6M,17.15,17.5,16.91,17.15,0.0
2014-08-13 13:30:00,CBOE:VIX6M,16.82,17.07,16.46,16.53,0.0
2014-08-14 13:30:00,CBOE:VIX6M,16.33,16.39,16.08,16.11,0.0
2014-08-15 13:30:00,CBOE:VIX6M,15.88,16.96,15.83,16.22,0.0
2014-08-18 13:30:00,CBOE:VIX6M,15.89,15.92,15.64,15.64,0.0
2014-08-19 13:30:00,CBOE:VIX6M,15.52,15.64,15.5,15.61,0.0
2014-08-20 13:30:00,CBOE:VIX6M,15.71,15.82,15.52,15.59,0.0
2014-08-21 13:30:00,CBOE:VIX6M,15.56,15.63,15.27,15.5,0.0
2014-08-22 13:30:00,CBOE:VIX6M,15.52,15.73,15.26,15.49,0.0
2014-08-25 13:30:00,CBOE:VIX6M,15.31,15.46,15.16,15.33,0.0
2014-08-26 13:30:00,CBOE:VIX6M,15.51,15.63,15.33,15.61,0.0
2014-08-27 13:30:00,CBOE:VIX6M,15.61,15.78,15.59,15.68,0.0
2014-08-28 13:30:00,CBOE:VIX6M,16.06,16.14,15.83,15.91,0.0
2014-08-29 13:30:00,CBOE:VIX6M,15.94,16.19,15.93,15.99,0.0
2014-09-02 13:30:00,CBOE:VIX6M,16.13,16.32,16.1,16.12,0.0
2014-09-03 13:30:00,CBOE:VIX6M,16.02,16.29,15.93,16.08,0.0
2014-09-04 13:30:00,CBOE:VIX6M,16.18,16.4,15.79,16.16,0.0
2014-09-05 13:30:00,CBOE:VIX6M,16.23,16.43,15.87,15.88,0.0
2014-09-08 13:30:00,CBOE:VIX6M,16.21,16.37,16.13,16.18,0.0
2014-09-09 13:30:00,CBOE:VIX6M,16.27,16.54,16.1,16.35,0.0
2014-09-10 13:30:00,CBOE:VIX6M,16.47,16.81,16.27,16.28,0.0
2014-09-11 13:30:00,CBOE:VIX6M,16.67,16.67,16.25,16.26,0.0
2014-09-12 13:30:00,CBOE:VIX6M,16.42,16.76,16.41,16.52,0.0
2014-09-15 13:30:00,CBOE:VIX6M,16.76,17.02,16.75,16.88,0.0
2014-09-16 13:30:00,CBOE:VIX6M,17.19,17.2,16.35,16.35,0.0
2014-09-17 13:30:00,CBOE:VIX6M,16.36,16.62,15.86,16.18,0.0
2014-09-18 13:30:00,CBOE:VIX6M,16.22,16.22,15.98,15.98,0.0
2014-09-19 13:30:00,CBOE:VIX6M,15.95,16.24,15.86,16.08,0.0
2014-09-22 13:30:00,CBOE:VIX6M,16.46,16.91,16.42,16.88,0.0
2014-09-23 13:30:00,CBOE:VIX6M,17.19,17.32,16.76,17.31,0.0
2014-09-24 13:30:00,CBOE:VIX6M,17.24,17.31,16.74,16.74,0.0
2014-09-25 13:30:00,CBOE:VIX6M,17.02,17.97,16.99,17.7,0.0
2014-09-26 13:30:00,CBOE:VIX6M,17.74,17.78,17.14,17.45,0.0
2014-09-29 13:30:00,CBOE:VIX6M,18.26,18.29,17.66,18.01,0.0
2014-09-30 13:30:00,CBOE:VIX6M,17.93,18.31,17.83,18.3,0.0
2014-10-01 13:30:00,CBOE:VIX6M,18.3,19.03,18.27,18.72,0.0
2014-10-02 13:30:00,CBOE:VIX6M,18.77,19.28,18.31,18.44,0.0
2014-10-03 13:30:00,CBOE:VIX6M,18.05,18.18,17.57,17.64,0.0
2014-10-06 13:30:00,CBOE:VIX6M,17.46,18.02,17.38,17.9,0.0
2014-10-07 13:30:00,CBOE:VIX6M,18.26,18.89,18.15,18.73,0.0
2014-10-08 13:30:00,CBOE:VIX6M,18.81,19.05,17.73,17.74,0.0
2014-10-09 13:30:00,CBOE:VIX6M,18.0,19.33,17.84,19.11,0.0
2014-10-10 13:30:00,CBOE:VIX6M,19.17,20.95,18.88,20.56,0.0
2014-10-13 13:30:00,CBOE:VIX6M,20.53,22.7,20.26,22.32,0.0
2014-10-14 13:30:00,CBOE:VIX6M,21.81,22.38,20.87,21.66,0.0
2014-10-15 13:30:00,CBOE:VIX6M,23.19,25.33,16.38,23.53,0.0
2014-10-16 13:30:00,CBOE:VIX6M,24.94,24.94,21.76,22.96,0.0
2014-10-17 13:30:00,CBOE:VIX6M,21.6,21.91,20.94,21.62,0.0
2014-10-20 13:30:00,CBOE:VIX6M,21.83,21.87,20.6,20.6,0.0
2014-10-21 13:30:00,CBOE:VIX6M,20.18,20.2,19.28,19.28,0.0
2014-10-22 13:30:00,CBOE:VIX6M,19.14,20.32,19.14,20.13,0.0
2014-10-23 13:30:00,CBOE:VIX6M,19.37,19.62,19.14,19.45,0.0
2014-10-24 13:30:00,CBOE:VIX6M,19.42,19.95,19.18,19.19,0.0
2014-10-27 13:30:00,CBOE:VIX6M,19.58,19.83,19.15,19.17,0.0
2014-10-28 13:30:00,CBOE:VIX6M,18.91,18.92,18.23,18.23,0.0
2014-10-29 13:30:00,CBOE:VIX6M,18.29,18.98,17.83,18.63,0.0
2014-10-30 13:30:00,CBOE:VIX6M,18.72,18.84,18.2,18.43,0.0
2014-10-31 13:30:00,CBOE:VIX6M,17.92,18.31,17.88,18.16,0.0
2014-11-03 14:30:00,CBOE:VIX6M,18.12,18.58,17.92,18.33,0.0
2014-11-04 14:30:00,CBOE:VIX6M,18.45,18.87,18.35,18.6,0.0
2014-11-05 14:30:00,CBOE:VIX6M,18.25,18.69,18.25,18.35,0.0
2014-11-06 14:30:00,CBOE:VIX6M,18.32,18.63,18.0,18.12,0.0
2014-11-07 14:30:00,CBOE:VIX6M,18.02,18.15,17.68,17.79,0.0
2014-11-10 14:30:00,CBOE:VIX6M,17.79,17.79,17.29,17.36,0.0
2014-11-11 14:30:00,CBOE:VIX6M,17.26,17.46,17.25,17.27,0.0
2014-11-12 14:30:00,CBOE:VIX6M,17.68,17.7,17.47,17.49,0.0
2014-11-13 14:30:00,CBOE:VIX6M,17.69,18.02,17.48,17.77,0.0
2014-11-14 14:30:00,CBOE:VIX6M,17.79,18.04,17.68,17.73,0.0
2014-11-17 14:30:00,CBOE:VIX6M,17.97,17.97,17.73,17.8,0.0
2014-11-18 14:30:00,CBOE:VIX6M,17.8,17.8,17.28,17.64,0.0
2014-11-19 14:30:00,CBOE:VIX6M,17.87,18.1,17.84,17.91,0.0
2014-11-20 14:30:00,CBOE:VIX6M,18.14,18.14,17.87,17.91,0.0
2014-11-21 14:30:00,CBOE:VIX6M,17.47,18.0,17.43,17.75,0.0
2014-11-24 14:30:00,CBOE:VIX6M,17.77,17.79,17.47,17.61,0.0
2014-11-25 14:30:00,CBOE:VIX6M,17.6,17.79,17.46,17.64,0.0
2014-11-26 14:30:00,CBOE:VIX6M,17.65,17.68,17.4,17.58,0.0
2014-11-28 14:30:00,CBOE:VIX6M,17.73,17.95,17.57,17.94,0.0
2014-12-01 14:30:00,CBOE:VIX6M,18.24,18.57,18.12,18.36,0.0
2014-12-02 14:30:00,CBOE:VIX6M,18.35,18.35,17.81,17.86,0.0
2014-12-03 14:30:00,CBOE:VIX6M,17.78,17.8,17.4,17.57,0.0
2014-12-04 14:30:00,CBOE:VIX6M,17.7,17.92,17.33,17.56,0.0
2014-12-05 14:30:00,CBOE:VIX6M,17.51,17.61,17.26,17.52,0.0
2014-12-08 14:30:00,CBOE:VIX6M,17.64,18.58,17.47,18.53,0.0
2014-12-09 14:30:00,CBOE:VIX6M,19.16,19.59,18.35,18.47,0.0
2014-12-10 14:30:00,CBOE:VIX6M,18.77,20.29,18.72,20.12,0.0
2014-12-11 14:30:00,CBOE:VIX6M,19.85,21.49,19.22,21.49,0.0
2014-12-12 14:30:00,CBOE:VIX6M,21.64,22.54,20.23,21.64,0.0
2014-12-15 14:30:00,CBOE:VIX6M,21.53,22.67,20.85,22.0,0.0
2014-12-16 14:30:00,CBOE:VIX6M,22.7,23.55,21.57,23.41,0.0
2014-12-17 14:30:00,CBOE:VIX6M,23.32,23.68,21.13,21.2,0.0
2014-12-18 14:30:00,CBOE:VIX6M,20.27,20.64,19.5,19.91,0.0
2014-12-19 14:30:00,CBOE:VIX6M,19.67,20.02,19.42,19.66,0.0
2014-12-22 14:30:00,CBOE:VIX6M,19.42,19.74,19.09,19.09,0.0
2014-12-23 14:30:00,CBOE:VIX6M,18.93,19.23,18.91,19.19,0.0
2014-12-24 14:30:00,CBOE:VIX6M,19.11,19.2,18.94,19.18,0.0
2014-12-26 14:30:00,CBOE:VIX6M,19.14,19.14,18.82,18.96,0.0
2014-12-29 14:30:00,CBOE:VIX6M,19.27,19.31,18.74,18.79,0.0
2014-12-30 14:30:00,CBOE:VIX6M,19.17,19.43,18.86,19.34,0.0
2014-12-31 14:30:00,CBOE:VIX6M,19.05,20.94,19.03,20.42,0.0
2015-01-02 14:30:00,CBOE:VIX6M,20.09,21.13,19.77,20.24,0.0
2015-01-05 14:30:00,CBOE:VIX6M,20.79,21.68,20.79,21.4,0.0
2015-01-06 14:30:00,CBOE:VIX6M,21.41,22.46,21.11,21.73,0.0
2015-01-07 14:30:00,CBOE:VIX6M,21.25,21.45,20.76,20.92,0.0
2015-01-08 14:30:00,CBOE:VIX6M,20.15,20.34,19.45,19.56,0.0
2015-01-09 14:30:00,CBOE:VIX6M,19.41,20.25,19.41,20.16,0.0
2015-01-12 14:30:00,CBOE:VIX6M,20.11,21.12,20.1,20.92,0.0
2015-01-13 14:30:00,CBOE:VIX6M,20.34,21.76,20.09,21.32,0.0
2015-01-14 14:30:00,CBOE:VIX6M,22.29,22.85,21.47,21.48,0.0
2015-01-15 14:30:00,CBOE:VIX6M,21.51,22.36,21.32,22.03,0.0
2015-01-16 14:30:00,CBOE:VIX6M,22.17,22.69,21.43,21.59,0.0
2015-01-20 14:30:00,CBOE:VIX6M,21.23,22.02,20.99,21.09,0.0
2015-01-21 14:30:00,CBOE:VIX6M,21.57,21.71,20.68,20.72,0.0
2015-01-22 14:30:00,CBOE:VIX6M,20.23,20.91,19.36,19.54,0.0
2015-01-23 14:30:00,CBOE:VIX6M,19.65,19.82,19.29,19.82,0.0
2015-01-26 14:30:00,CBOE:VIX6M,19.86,20.11,19.36,19.36,0.0
2015-01-27 14:30:00,CBOE:VIX6M,20.4,20.64,19.81,20.07,0.0
2015-01-28 14:30:00,CBOE:VIX6M,19.87,21.82,19.6,21.82,0.0
2015-01-29 14:30:00,CBOE:VIX6M,21.62,22.04,20.64,20.66,0.0
2015-01-30 14:30:00,CBOE:VIX6M,21.46,22.44,20.99,21.87,0.0
2015-02-02 14:30:00,CBOE:VIX6M,21.67,22.54,21.17,21.21,0.0
2015-02-03 14:30:00,CBOE:VIX6M,20.8,20.92,20.29,20.37,0.0
2015-02-04 14:30:00,CBOE:VIX6M,20.61,20.95,20.17,20.95,0.0
2015-02-05 14:30:00,CBOE:VIX6M,20.5,20.51,20.23,20.31,0.0
2015-02-06 14:30:00,CBOE:VIX6M,20.02,21.29,19.89,20.87,0.0
2015-02-09 14:30:00,CBOE:VIX6M,21.39,21.61,21.13,21.45,0.0
2015-02-10 14:30:00,CBOE:VIX6M,21.02,21.24,20.68,20.71,0.0
2015-02-11 14:30:00,CBOE:VIX6M,20.84,21.01,20.53,20.65,0.0
2015-02-12 14:30:00,CBOE:VIX6M,20.29,20.29,19.62,19.79,0.0
2015-02-13 14:30:00,CBOE:VIX6M,19.6,19.66,19.38,19.43,0.0
2015-02-17 14:30:00,CBOE:VIX6M,19.68,19.78,19.43,19.62,0.0
2015-02-18 14:30:00,CBOE:VIX6M,19.96,19.96,19.55,19.67,0.0
2015-02-19 14:30:00,CBOE:VIX6M,19.76,19.8,19.52,19.62,0.0
2015-02-20 14:30:00,CBOE:VIX6M,19.76,20.0,19.01,19.11,0.0
2015-02-23 14:30:00,CBOE:VIX6M,19.24,19.34,18.96,19.04,0.0
2015-02-24 14:30:00,CBOE:VIX6M,18.92,19.06,18.24,18.39,0.0
2015-02-25 14:30:00,CBOE:VIX6M,18.38,18.42,17.78,18.42,0.0
2015-02-26 14:30:00,CBOE:VIX6M,18.4,18.59,18.13,18.47,0.0
2015-02-27 14:30:00,CBOE:VIX6M,18.44,18.55,18.21,18.41,0.0
2015-03-02 14:30:00,CBOE:VIX6M,18.46,18.48,17.74,18.0,0.0
2015-03-03 14:30:00,CBOE:VIX6M,18.01,18.63,17.97,18.28,0.0
2015-03-04 14:30:00,CBOE:VIX6M,18.45,18.82,18.35,18.39,0.0
2015-03-05 14:30:00,CBOE:VIX6M,18.25,18.42,18.12,18.13,0.0
2015-03-06 14:30:00,CBOE:VIX6M,18.46,18.87,18.27,18.7,0.0
2015-03-09 13:30:00,CBOE:VIX6M,18.67,18.67,18.4,18.57,0.0
2015-03-10 13:30:00,CBOE:VIX6M,19.2,19.47,19.08,19.43,0.0
2015-03-11 13:30:00,CBOE:VIX6M,19.37,19.72,19.23,19.67,0.0
2015-03-12 13:30:00,CBOE:VIX6M,19.38,19.38,18.67,18.71,0.0
2015-03-13 13:30:00,CBOE:VIX6M,18.9,19.43,18.74,19.16,0.0
2015-03-16 13:30:00,CBOE:VIX6M,18.81,18.84,18.44,18.66,0.0
2015-03-17 13:30:00,CBOE:VIX6M,18.83,19.01,18.68,18.8,0.0
2015-03-18 13:30:00,CBOE:VIX6M,18.97,19.14,17.64,17.95,0.0
2015-03-19 13:30:00,CBOE:VIX6M,18.37,18.64,18.25,18.4,0.0
2015-03-20 13:30:00,CBOE:VIX6M,18.02,18.16,17.75,18.16,0.0
2015-03-23 13:30:00,CBOE:VIX6M,18.27,18.27,17.93,18.18,0.0
2015-03-24 13:30:00,CBOE:VIX6M,18.19,18.32,17.95,18.29,0.0
2015-03-25 13:30:00,CBOE:VIX6M,18.24,19.11,18.13,19.09,0.0
2015-03-26 13:30:00,CBOE:VIX6M,19.57,19.7,18.8,18.99,0.0
2015-03-27 13:30:00,CBOE:VIX6M,18.98,18.99,18.73,18.77,0.0
2015-03-30 13:30:00,CBOE:VIX6M,18.52,18.52,18.16,18.45,0.0
2015-03-31 13:30:00,CBOE:VIX6M,18.73,19.17,18.5,19.12,0.0
2015-04-01 13:30:00,CBOE:VIX6M,19.16,19.68,19.09,19.1,0.0
2015-04-02 13:30:00,CBOE:VIX6M,19.09,19.14,18.68,18.86,0.0
2015-04-06 13:30:00,CBOE:VIX6M,19.26,19.28,18.41,18.58,0.0
2015-04-07 13:30:00,CBOE:VIX6M,18.62,18.65,18.38,18.65,0.0
2015-04-08 13:30:00,CBOE:VIX6M,18.52,18.66,18.27,18.34,0.0
2015-04-09 13:30:00,CBOE:VIX6M,18.36,18.58,17.82,17.82,0.0
2015-04-10 13:30:00,CBOE:VIX6M,17.82,17.87,17.47,17.47,0.0
2015-04-13 13:30:00,CBOE:VIX6M,17.58,18.14,17.45,18.07,0.0
2015-04-14 13:30:00,CBOE:VIX6M,18.08,18.34,17.9,17.93,0.0
2015-04-15 13:30:00,CBOE:VIX6M,17.86,17.86,17.49,17.53,0.0
2015-04-16 13:30:00,CBOE:VIX6M,17.69,17.8,17.41,17.47,0.0
2015-04-17 13:30:00,CBOE:VIX6M,18.08,18.67,18.05,18.06,0.0
2015-04-20 13:30:00,CBOE:VIX6M,17.91,17.92,17.62,17.73,0.0
2015-04-21 13:30:00,CBOE:VIX6M,17.49,17.78,17.44,17.73,0.0
2015-04-22 13:30:00,CBOE:VIX6M,17.62,17.94,17.41,17.48,0.0
2015-04-23 13:30:00,CBOE:VIX6M,17.62,17.64,17.3,17.46,0.0
2015-04-24 13:30:00,CBOE:VIX6M,17.35,17.53,17.33,17.43,0.0
2015-04-27 13:30:00,CBOE:VIX6M,17.43,17.9,17.42,17.83,0.0
2015-04-28 13:30:00,CBOE:VIX6M,17.86,18.28,17.4,17.4,0.0
2015-04-29 13:30:00,CBOE:VIX6M,17.82,18.1,17.45,17.78,0.0
2015-04-30 13:30:00,CBOE:VIX6M,18.07,18.69,17.78,18.3,0.0
2015-05-01 13:30:00,CBOE:VIX6M,17.99,18.07,17.48,17.52,0.0
2015-05-04 13:30:00,CBOE:VIX6M,17.5,17.62,17.3,17.55,0.0
2015-05-05 13:30:00,CBOE:VIX6M,17.69,18.22,17.57,18.15,0.0
2015-05-06 13:30:00,CBOE:VIX6M,17.95,18.97,17.9,18.48,0.0
2015-05-07 13:30:00,CBOE:VIX6M,18.57,18.7,18.23,18.37,0.0
2015-05-08 13:30:00,CBOE:VIX6M,17.62,17.68,17.44,17.58,0.0
2015-05-11 13:30:00,CBOE:VIX6M,17.67,17.98,17.55,17.98,0.0
2015-05-12 13:30:00,CBOE:VIX6M,18.27,18.45,17.89,18.01,0.0
2015-05-13 13:30:00,CBOE:VIX6M,17.81,17.98,17.67,17.89,0.0
2015-05-14 13:30:00,CBOE:VIX6M,17.72,17.72,17.46,17.58,0.0
2015-05-15 13:30:00,CBOE:VIX6M,17.37,17.65,17.33,17.41,0.0
2015-05-18 13:30:00,CBOE:VIX6M,17.45,17.51,17.15,17.21,0.0
2015-05-19 13:30:00,CBOE:VIX6M,17.13,17.29,16.96,17.05,0.0
2015-05-20 13:30:00,CBOE:VIX6M,16.97,17.39,16.81,16.99,0.0
2015-05-21 13:30:00,CBOE:VIX6M,17.01,17.09,16.58,16.65,0.0
2015-05-22 13:30:00,CBOE:VIX6M,16.66,16.74,16.55,16.72,0.0
2015-05-26 13:30:00,CBOE:VIX6M,17.01,17.53,17.01,17.35,0.0
2015-05-27 13:30:00,CBOE:VIX6M,17.28,17.41,16.85,16.92,0.0
2015-05-28 13:30:00,CBOE:VIX6M,17.03,17.32,17.03,17.03,0.0
2015-05-29 13:30:00,CBOE:VIX6M,17.08,17.48,17.07,17.33,0.0
2015-06-01 13:30:00,CBOE:VIX6M,17.21,17.63,17.13,17.31,0.0
2015-06-02 13:30:00,CBOE:VIX6M,17.49,17.89,17.19,17.49,0.0
2015-06-03 13:30:00,CBOE:VIX6M,17.23,17.6,17.14,17.27,0.0
2015-06-04 13:30:00,CBOE:VIX6M,17.56,18.09,17.49,17.85,0.0
2015-06-05 13:30:00,CBOE:VIX6M,17.9,18.18,17.73,17.75,0.0
2015-06-08 13:30:00,CBOE:VIX6M,17.85,18.21,17.83,18.16,0.0
2015-06-09 13:30:00,CBOE:VIX6M,18.13,18.47,17.92,17.96,0.0
2015-06-10 13:30:00,CBOE:VIX6M,17.67,17.82,16.98,17.04,0.0
2015-06-11 13:30:00,CBOE:VIX6M,17.05,17.06,16.71,16.82,0.0
2015-06-12 13:30:00,CBOE:VIX6M,17.17,17.37,17.1,17.15,0.0
2015-06-15 13:30:00,CBOE:VIX6M,17.87,18.17,17.59,18.02,0.0
2015-06-16 13:30:00,CBOE:VIX6M,18.02,18.05,17.69,17.79,0.0
2015-06-17 13:30:00,CBOE:VIX6M,17.65,18.51,17.46,17.72,0.0
2015-06-18 13:30:00,CBOE:VIX6M,17.37,17.48,16.92,17.19,0.0
2015-06-19 13:30:00,CBOE:VIX6M,17.27,17.64,17.27,17.61,0.0
2015-06-22 13:30:00,CBOE:VIX6M,17.11,17.34,16.82,16.89,0.0
2015-06-23 13:30:00,CBOE:VIX6M,16.66,16.83,16.51,16.51,0.0
2015-06-24 13:30:00,CBOE:VIX6M,16.58,16.91,16.4,16.91,0.0
2015-06-25 13:30:00,CBOE:VIX6M,16.65,16.99,16.63,16.97,0.0
2015-06-26 13:30:00,CBOE:VIX6M,16.99,17.27,16.86,16.86,0.0
2015-06-29 13:30:00,CBOE:VIX6M,17.82,19.22,17.62,19.08,0.0
2015-06-30 13:30:00,CBOE:VIX6M,18.35,19.43,18.35,18.95,0.0
2015-07-01 13:30:00,CBOE:VIX6M,17.99,18.4,17.74,17.75,0.0
2015-07-02 13:30:00,CBOE:VIX6M,17.57,18.74,17.41,18.34,0.0
2015-07-06 13:30:00,CBOE:VIX6M,18.99,19.21,18.24,18.51,0.0
2015-07-07 13:30:00,CBOE:VIX6M,18.57,19.48,17.75,17.84,0.0
2015-07-08 13:30:00,CBOE:VIX6M,18.56,19.5,18.41,19.39,0.0
2015-07-09 13:30:00,CBOE:VIX6M,18.54,19.75,18.31,19.75,0.0
2015-07-10 13:30:00,CBOE:VIX6M,18.89,19.23,18.53,18.62,0.0
2015-07-13 13:30:00,CBOE:VIX6M,17.71,17.71,17.01,17.01,0.0
2015-07-14 13:30:00,CBOE:VIX6M,17.0,17.04,16.55,16.83,0.0
2015-07-15 13:30:00,CBOE:VIX6M,16.9,17.14,16.57,16.84,0.0
2015-07-16 13:30:00,CBOE:VIX6M,16.74,16.74,16.26,16.38,0.0
2015-07-17 13:30:00,CBOE:VIX6M,16.22,16.27,16.1,16.13,0.0
2015-07-20 13:30:00,CBOE:VIX6M,16.25,16.33,16.04,16.25,0.0
2015-07-21 13:30:00,CBOE:VIX6M,16.3,16.62,16.17,16.4,0.0
2015-07-22 13:30:00,CBOE:VIX6M,16.65,16.79,16.31,16.36,0.0
2015-07-23 13:30:00,CBOE:VIX6M,16.37,16.84,16.2,16.64,0.0
2015-07-24 13:30:00,CBOE:VIX6M,16.71,17.73,16.67,17.12,0.0
2015-07-27 13:30:00,CBOE:VIX6M,17.72,18.13,17.53,17.78,0.0
2015-07-28 13:30:00,CBOE:VIX6M,17.41,17.8,16.74,16.8,0.0
2015-07-29 13:30:00,CBOE:VIX6M,16.88,17.32,16.18,16.52,0.0
2015-07-30 13:30:00,CBOE:VIX6M,16.89,16.94,16.37,16.37,0.0
2015-07-31 13:30:00,CBOE:VIX6M,16.45,16.76,16.31,16.45,0.0
2015-08-03 13:30:00,CBOE:VIX6M,16.6,16.91,16.37,16.37,0.0
2015-08-04 13:30:00,CBOE:VIX6M,16.64,16.66,16.33,16.61,0.0
2015-08-05 13:30:00,CBOE:VIX6M,16.34,16.46,16.11,16.46,0.0
2015-08-06 13:30:00,CBOE:VIX6M,16.44,17.23,16.4,16.9,0.0
2015-08-07 13:30:00,CBOE:VIX6M,17.05,17.2,16.79,16.79,0.0
2015-08-10 13:30:00,CBOE:VIX6M,16.53,16.57,16.27,16.49,0.0
2015-08-11 13:30:00,CBOE:VIX6M,17.05,17.39,16.86,17.15,0.0
2015-08-12 13:30:00,CBOE:VIX6M,18.03,18.31,17.08,17.14,0.0
2015-08-13 13:30:00,CBOE:VIX6M,17.19,17.35,16.83,17.09,0.0
2015-08-14 13:30:00,CBOE:VIX6M,17.15,17.15,16.95,16.96,0.0
2015-08-17 13:30:00,CBOE:VIX6M,17.39,17.52,16.69,16.71,0.0
2015-08-18 13:30:00,CBOE:VIX6M,16.89,17.06,16.76,17.03,0.0
2015-08-19 13:30:00,CBOE:VIX6M,17.49,17.82,16.83,17.56,0.0
2015-08-20 13:30:00,CBOE:VIX6M,18.23,19.14,17.81,19.1,0.0
2015-08-21 13:30:00,CBOE:VIX6M,20.04,23.28,19.43,22.33,0.0
2015-08-24 13:30:00,CBOE:VIX6M,22.33,33.95,22.33,27.36,0.0
2015-08-25 13:30:00,CBOE:VIX6M,23.91,28.1,23.39,26.89,0.0
2015-08-26 13:30:00,CBOE:VIX6M,24.97,27.01,23.87,24.37,0.0
2015-08-27 13:30:00,CBOE:VIX6M,23.25,25.03,21.94,23.38,0.0
2015-08-28 13:30:00,CBOE:VIX6M,23.96,25.45,23.34,24.0,0.0
2015-08-31 13:30:00,CBOE:VIX6M,24.65,25.47,24.47,25.45,0.0
2015-09-01 13:30:00,CBOE:VIX6M,26.98,28.38,26.36,27.39,0.0
2015-09-02 13:30:00,CBOE:VIX6M,26.66,27.36,24.99,25.31,0.0
2015-09-03 13:30:00,CBOE:VIX6M,24.93,25.82,24.04,25.44,0.0
2015-09-04 13:30:00,CBOE:VIX6M,26.54,27.53,25.79,26.25,0.0
2015-09-08 13:30:00,CBOE:VIX6M,25.95,26.0,24.96,25.02,0.0
2015-09-09 13:30:00,CBOE:VIX6M,24.43,26.37,23.84,26.04,0.0
2015-09-10 13:30:00,CBOE:VIX6M,26.37,26.37,24.6,24.71,0.0
2015-09-11 13:30:00,CBOE:VIX6M,25.09,26.0,24.74,24.87,0.0
2015-09-14 13:30:00,CBOE:VIX6M,24.41,24.75,24.22,24.27,0.0
2015-09-15 13:30:00,CBOE:VIX6M,24.22,24.28,22.74,22.84,0.0
2015-09-16 13:30:00,CBOE:VIX6M,22.4,22.52,21.57,21.57,0.0
2015-09-17 13:30:00,CBOE:VIX6M,21.99,22.09,19.87,21.44,0.0
2015-09-18 13:30:00,CBOE:VIX6M,23.03,23.44,22.14,22.9,0.0
2015-09-21 13:30:00,CBOE:VIX6M,22.78,22.97,21.85,21.85,0.0
2015-09-22 13:30:00,CBOE:VIX6M,23.2,23.92,22.86,23.14,0.0
2015-09-23 13:30:00,CBOE:VIX6M,23.03,23.25,22.56,22.79,0.0
2015-09-24 13:30:00,CBOE:VIX6M,23.97,24.75,22.9,23.2,0.0
2015-09-25 13:30:00,CBOE:VIX6M,22.49,24.09,22.35,23.55,0.0
2015-09-28 13:30:00,CBOE:VIX6M,24.45,25.86,24.34,25.33,0.0
2015-09-29 13:30:00,CBOE:VIX6M,25.07,25.7,24.6,24.96,0.0
2015-09-30 13:30:00,CBOE:VIX6M,24.1,24.68,23.51,24.09,0.0
2015-10-01 13:30:00,CBOE:VIX6M,23.85,24.58,23.6,23.6,0.0
2015-10-02 13:30:00,CBOE:VIX6M,24.39,24.76,22.85,23.05,0.0
2015-10-05 13:30:00,CBOE:VIX6M,22.46,22.46,21.52,21.99,0.0
2015-10-06 13:30:00,CBOE:VIX6M,21.88,22.18,21.48,22.06,0.0
2015-10-07 13:30:00,CBOE:VIX6M,21.78,22.2,21.39,21.41,0.0
2015-10-08 13:30:00,CBOE:VIX6M,21.45,21.86,20.41,21.08,0.0
2015-10-09 13:30:00,CBOE:VIX6M,20.75,21.06,20.15,20.52,0.0
2015-10-12 13:30:00,CBOE:VIX6M,21.02,21.12,20.09,20.1,0.0
2015-10-13 13:30:00,CBOE:VIX6M,20.66,21.14,20.06,21.1,0.0
2015-10-14 13:30:00,CBOE:VIX6M,21.16,21.67,20.92,21.34,0.0
2015-10-15 13:30:00,CBOE:VIX6M,21.13,21.22,19.86,19.86,0.0
2015-10-16 13:30:00,CBOE:VIX6M,20.05,20.57,19.55,19.94,0.0
2015-10-19 13:30:00,CBOE:VIX6M,20.21,20.31,19.37,19.4,0.0
2015-10-20 13:30:00,CBOE:VIX6M,19.66,20.18,19.37,19.89,0.0
2015-10-21 13:30:00,CBOE:VIX6M,19.82,20.89,19.59,20.86,0.0
2015-10-22 13:30:00,CBOE:VIX6M,19.93,20.28,19.1,19.1,0.0
2015-10-23 13:30:00,CBOE:VIX6M,19.04,19.38,18.76,19.21,0.0
2015-10-26 13:30:00,CBOE:VIX6M,19.53,19.96,19.39,19.76,0.0
2015-10-27 13:30:00,CBOE:VIX6M,20.09,20.27,19.68,19.68,0.0
2015-10-28 13:30:00,CBOE:VIX6M,19.65,20.33,19.2,19.23,0.0
2015-10-29 13:30:00,CBOE:VIX6M,19.53,19.75,18.83,19.53,0.0
2015-10-30 13:30:00,CBOE:VIX6M,19.5,19.96,19.44,19.84,0.0
2015-11-02 14:30:00,CBOE:VIX6M,19.7,19.83,18.24,19.18,0.0
2015-11-03 14:30:00,CBOE:VIX6M,19.04,19.36,18.89,19.19,0.0
2015-11-04 14:30:00,CBOE:VIX6M,18.99,19.68,18.24,19.66,0.0
2015-11-05 14:30:00,CBOE:VIX6M,19.75,20.46,19.48,19.48,0.0
2015-11-06 14:30:00,CBOE:VIX6M,19.54,19.94,18.93,19.13,0.0
2015-11-09 14:30:00,CBOE:VIX6M,19.53,20.27,19.5,19.98,0.0
2015-11-10 14:30:00,CBOE:VIX6M,20.14,20.26,19.05,19.68,0.0
2015-11-11 14:30:00,CBOE:VIX6M,19.57,19.88,19.39,19.73,0.0
2015-11-12 14:30:00,CBOE:VIX6M,20.56,21.25,19.96,21.0,0.0
2015-11-13 14:30:00,CBOE:VIX6M,21.09,22.53,20.99,22.3,0.0
2015-11-16 14:30:00,CBOE:VIX6M,22.04,22.11,20.31,21.05,0.0
2015-11-17 14:30:00,CBOE:VIX6M,20.54,21.4,20.23,21.01,0.0
2015-11-18 14:30:00,CBOE:VIX6M,20.89,21.16,20.04,20.17,0.0
2015-11-19 14:30:00,CBOE:VIX6M,20.15,21.12,20.1,20.65,0.0
2015-11-20 14:30:00,CBOE:VIX6M,20.25,21.28,19.72,20.77,0.0
2015-11-23 14:30:00,CBOE:VIX6M,20.41,20.59,20.03,20.11,0.0
2015-11-24 14:30:00,CBOE:VIX6M,20.53,20.81,19.77,20.3,0.0
2015-11-25 14:30:00,CBOE:VIX6M,20.16,20.48,19.59,19.93,0.0
2015-11-27 14:30:00,CBOE:VIX6M,20.11,20.23,19.51,19.51,0.0
2015-11-30 14:30:00,CBOE:VIX6M,20.13,20.37,20.0,20.11,0.0
2015-12-01 14:30:00,CBOE:VIX6M,20.2,20.46,19.62,19.79,0.0
2015-12-02 14:30:00,CBOE:VIX6M,19.54,20.26,19.35,19.97,0.0
2015-12-03 14:30:00,CBOE:VIX6M,20.17,21.83,19.94,21.28,0.0
2015-12-04 14:30:00,CBOE:VIX6M,20.77,20.77,19.55,19.65,0.0
2015-12-07 14:30:00,CBOE:VIX6M,20.15,20.87,19.88,19.95,0.0
2015-12-08 14:30:00,CBOE:VIX6M,21.1,21.22,20.31,20.8,0.0
2015-12-09 14:30:00,CBOE:VIX6M,21.21,22.19,20.25,21.56,0.0
2015-12-10 14:30:00,CBOE:VIX6M,21.39,21.86,21.05,21.74,0.0
2015-12-11 14:30:00,CBOE:VIX6M,22.61,24.94,22.46,24.59,0.0
2015-12-14 14:30:00,CBOE:VIX6M,24.15,25.57,23.17,23.4,0.0
2015-12-15 14:30:00,CBOE:VIX6M,22.37,22.76,21.77,22.45,0.0
2015-12-16 14:30:00,CBOE:VIX6M,21.6,22.72,20.22,20.73,0.0
2015-12-17 14:30:00,CBOE:VIX6M,20.21,21.73,20.19,21.47,0.0
2015-12-18 14:30:00,CBOE:VIX6M,21.94,22.98,20.9,22.51,0.0
2015-12-21 14:30:00,CBOE:VIX6M,22.27,22.8,21.34,21.87,0.0
2015-12-22 14:30:00,CBOE:VIX6M,21.44,22.25,20.98,20.98,0.0
2015-12-23 14:30:00,CBOE:VIX6M,20.32,21.18,19.78,20.61,0.0
2015-12-24 14:30:00,CBOE:VIX6M,20.59,20.8,19.72,20.75,0.0
2015-12-28 14:30:00,CBOE:VIX6M,21.16,21.56,20.65,20.65,0.0
2015-12-29 14:30:00,CBOE:VIX6M,20.24,20.39,20.13,20.23,0.0
2015-12-30 14:30:00,CBOE:VIX6M,19.99,20.51,19.99,20.38,0.0
2015-12-31 14:30:00,CBOE:VIX6M,20.94,21.27,20.54,20.59,0.0
2016-01-04 14:30:00,CBOE:VIX6M,22.69,23.39,22.13,22.13,0.0
2016-01-05 14:30:00,CBOE:VIX6M,22.19,22.31,21.12,21.21,0.0
2016-01-06 14:30:00,CBOE:VIX6M,22.84,22.88,21.98,22.14,0.0
2016-01-07 14:30:00,CBOE:VIX6M,23.52,24.8,22.92,24.2,0.0
2016-01-08 14:30:00,CBOE:VIX6M,23.44,25.52,23.19,25.49,0.0
2016-01-11 14:30:00,CBOE:VIX6M,24.5,26.06,23.39,24.53,0.0
2016-01-12 14:30:00,CBOE:VIX6M,23.64,24.66,22.9,23.4,0.0
2016-01-13 14:30:00,CBOE:VIX6M,22.94,25.69,22.64,24.82,0.0
2016-01-14 14:30:00,CBOE:VIX6M,24.79,26.05,23.31,24.09,0.0
2016-01-15 14:30:00,CBOE:VIX6M,26.39,28.11,24.84,26.19,0.0
2016-01-19 14:30:00,CBOE:VIX6M,24.66,26.82,24.66,25.64,0.0
2016-01-20 14:30:00,CBOE:VIX6M,26.74,29.56,25.89,26.8,0.0
2016-01-21 14:30:00,CBOE:VIX6M,26.61,27.34,25.71,26.54,0.0
2016-01-22 14:30:00,CBOE:VIX6M,25.07,25.83,24.25,24.58,0.0
2016-01-25 14:30:00,CBOE:VIX6M,24.65,26.54,24.39,25.45,0.0
2016-01-26 14:30:00,CBOE:VIX6M,24.88,25.69,24.1,24.34,0.0
2016-01-27 14:30:00,CBOE:VIX6M,24.42,25.87,23.29,25.05,0.0
2016-01-28 14:30:00,CBOE:VIX6M,24.03,25.58,23.73,24.61,0.0
2016-01-29 14:30:00,CBOE:VIX6M,24.02,24.42,22.77,22.82,0.0
2016-02-01 14:30:00,CBOE:VIX6M,23.11,23.33,22.16,22.42,0.0
2016-02-02 14:30:00,CBOE:VIX6M,23.71,24.03,23.15,23.71,0.0
2016-02-03 14:30:00,CBOE:VIX6M,23.78,25.57,23.28,23.64,0.0
2016-02-04 14:30:00,CBOE:VIX6M,24.48,24.74,23.54,24.18,0.0
2016-02-05 14:30:00,CBOE:VIX6M,23.99,25.94,23.99,25.03,0.0
2016-02-08 14:30:00,CBOE:VIX6M,26.3,27.31,25.94,26.29,0.0
2016-02-09 14:30:00,CBOE:VIX6M,27.37,27.62,26.04,26.65,0.0
2016-02-10 14:30:00,CBOE:VIX6M,26.14,26.87,25.41,26.65,0.0
2016-02-11 14:30:00,CBOE:VIX6M,28.15,28.77,27.17,27.85,0.0
2016-02-12 14:30:00,CBOE:VIX6M,27.26,27.95,26.63,26.96,0.0
2016-02-16 14:30:00,CBOE:VIX6M,26.2,26.58,25.15,25.97,0.0
2016-02-17 14:30:00,CBOE:VIX6M,25.26,25.52,24.19,24.77,0.0
2016-02-18 14:30:00,CBOE:VIX6M,24.66,24.91,23.88,24.46,0.0
2016-02-19 14:30:00,CBOE:VIX6M,24.82,25.12,23.33,24.11,0.0
2016-02-22 14:30:00,CBOE:VIX6M,23.4,23.52,22.65,23.25,0.0
2016-02-23 14:30:00,CBOE:VIX6M,23.16,24.06,22.7,24.01,0.0
2016-02-24 14:30:00,CBOE:VIX6M,24.57,25.07,23.13,23.62,0.0
2016-02-25 14:30:00,CBOE:VIX6M,23.4,23.96,22.33,22.84,0.0
2016-02-26 14:30:00,CBOE:VIX6M,22.45,23.32,21.62,23.11,0.0
2016-02-29 14:30:00,CBOE:VIX6M,23.25,23.62,22.42,23.57,0.0
2016-03-01 14:30:00,CBOE:VIX6M,22.86,23.35,21.76,21.99,0.0
2016-03-02 14:30:00,CBOE:VIX6M,21.97,22.3,21.33,21.5,0.0
2016-03-03 14:30:00,CBOE:VIX6M,21.65,22.06,20.75,21.11,0.0
2016-03-04 14:30:00,CBOE:VIX6M,20.94,21.44,20.3,21.17,0.0
2016-03-07 14:30:00,CBOE:VIX6M,21.55,21.84,21.0,21.54,0.0
2016-03-08 14:30:00,CBOE:VIX6M,21.96,22.62,21.6,22.45,0.0
2016-03-09 14:30:00,CBOE:VIX6M,22.25,22.61,21.74,22.17,0.0
2016-03-10 14:30:00,CBOE:VIX6M,22.12,23.01,21.48,22.08,0.0
2016-03-11 14:30:00,CBOE:VIX6M,21.52,21.74,20.62,21.3,0.0
2016-03-14 13:30:00,CBOE:VIX6M,21.41,21.69,20.26,21.06,0.0
2016-03-15 13:30:00,CBOE:VIX6M,21.44,21.63,20.66,20.91,0.0
2016-03-16 13:30:00,CBOE:VIX6M,20.78,21.08,19.73,20.19,0.0
2016-03-17 13:30:00,CBOE:VIX6M,20.24,20.42,19.18,19.83,0.0
2016-03-18 13:30:00,CBOE:VIX6M,19.49,19.84,19.2,19.78,0.0
2016-03-21 13:30:00,CBOE:VIX6M,19.94,20.17,19.49,19.49,0.0
2016-03-22 13:30:00,CBOE:VIX6M,19.85,20.12,19.51,19.59,0.0
2016-03-23 13:30:00,CBOE:VIX6M,19.85,20.17,19.67,20.13,0.0
2016-03-24 13:30:00,CBOE:VIX6M,20.76,20.88,20.04,20.06,0.0
2016-03-28 13:30:00,CBOE:VIX6M,20.21,20.59,19.83,20.06,0.0
2016-03-29 13:30:00,CBOE:VIX6M,20.24,20.39,19.08,19.18,0.0
2016-03-30 13:30:00,CBOE:VIX6M,18.96,19.07,18.56,18.93,0.0
2016-03-31 13:30:00,CBOE:VIX6M,19.0,19.21,18.82,19.03,0.0
2016-04-01 13:30:00,CBOE:VIX6M,19.64,19.82,18.48,18.58,0.0
2016-04-04 13:30:00,CBOE:VIX6M,18.84,19.2,18.6,19.14,0.0
2016-04-05 13:30:00,CBOE:VIX6M,19.71,20.15,19.49,20.06,0.0
2016-04-06 13:30:00,CBOE:VIX6M,20.05,20.22,19.09,19.25,0.0
2016-04-07 13:30:00,CBOE:VIX6M,19.76,20.94,19.6,20.61,0.0
2016-04-08 13:30:00,CBOE:VIX6M,20.21,20.55,19.92,20.26,0.0
2016-04-11 13:30:00,CBOE:VIX6M,20.08,20.75,19.9,20.74,0.0
2016-04-12 13:30:00,CBOE:VIX6M,20.54,20.86,19.88,19.94,0.0
2016-04-13 13:30:00,CBOE:VIX6M,19.67,19.7,18.78,19.39,0.0
2016-04-14 13:30:00,CBOE:VIX6M,19.41,19.55,18.84,19.4,0.0
2016-04-15 13:30:00,CBOE:VIX6M,19.42,19.64,18.86,19.3,0.0
2016-04-18 13:30:00,CBOE:VIX6M,19.72,19.73,18.68,18.75,0.0
2016-04-19 13:30:00,CBOE:VIX6M,18.61,18.85,18.29,18.59,0.0
2016-04-20 13:30:00,CBOE:VIX6M,18.31,18.78,17.9,18.74,0.0
2016-04-21 13:30:00,CBOE:VIX6M,18.86,19.33,18.81,19.28,0.0
2016-04-22 13:30:00,CBOE:VIX6M,19.33,19.41,18.97,19.02,0.0
2016-04-25 13:30:00,CBOE:VIX6M,19.44,19.68,19.31,19.31,0.0
2016-04-26 13:30:00,CBOE:VIX6M,19.29,19.38,19.0,19.11,0.0
2016-04-27 13:30:00,CBOE:VIX6M,19.44,19.61,18.67,19.01,0.0
2016-04-28 13:30:00,CBOE:VIX6M,19.42,19.92,18.76,19.75,0.0
2016-04-29 13:30:00,CBOE:VIX6M,20.06,20.88,19.48,20.28,0.0
2016-05-02 13:30:00,CBOE:VIX6M,20.28,20.39,19.73,19.82,0.0
2016-05-03 13:30:00,CBOE:VIX6M,20.38,20.76,20.2,20.47,0.0
2016-05-04 13:30:00,CBOE:VIX6M,20.95,21.14,20.56,20.76,0.0
2016-05-05 13:30:00,CBOE:VIX6M,20.6,21.09,20.5,20.83,0.0
2016-05-06 13:30:00,CBOE:VIX6M,21.03,21.03,20.38,20.4,0.0
2016-05-09 13:30:00,CBOE:VIX6M,20.55,20.55,19.95,20.18,0.0
2016-05-10 13:30:00,CBOE:VIX6M,19.89,19.92,19.53,19.53,0.0
2016-05-11 13:30:00,CBOE:VIX6M,19.63,20.11,19.47,20.11,0.0
2016-05-12 13:30:00,CBOE:VIX6M,19.81,20.38,19.71,19.9,0.0
2016-05-13 13:30:00,CBOE:VIX6M,20.01,20.45,19.64,20.25,0.0
2016-05-16 13:30:00,CBOE:VIX6M,20.38,20.38,19.72,19.87,0.0
2016-05-17 13:30:00,CBOE:VIX6M,20.01,20.7,19.91,20.41,0.0
2016-05-18 13:30:00,CBOE:VIX6M,20.49,20.77,19.98,20.47,0.0
2016-05-19 13:30:00,CBOE:VIX6M,20.8,21.44,20.65,20.75,0.0
2016-05-20 13:30:00,CBOE:VIX6M,20.53,20.53,20.24,20.32,0.0
2016-05-23 13:30:00,CBOE:VIX6M,20.52,20.56,20.09,20.35,0.0
2016-05-24 13:30:00,CBOE:VIX6M,20.07,20.07,19.37,19.37,0.0
2016-05-25 13:30:00,CBOE:VIX6M,19.32,19.32,18.98,19.09,0.0
2016-05-26 13:30:00,CBOE:VIX6M,19.08,19.19,18.93,18.94,0.0
2016-05-27 13:30:00,CBOE:VIX6M,18.95,19.01,18.69,18.72,0.0
2016-05-31 13:30:00,CBOE:VIX6M,18.86,19.43,18.83,19.03,0.0
2016-06-01 13:30:00,CBOE:VIX6M,19.36,19.49,18.97,18.98,0.0
2016-06-02 13:30:00,CBOE:VIX6M,19.14,19.36,18.77,18.77,0.0
2016-06-03 13:30:00,CBOE:VIX6M,19.07,19.62,18.88,19.01,0.0
2016-06-06 13:30:00,CBOE:VIX6M,19.01,19.19,18.81,18.87,0.0
2016-06-07 13:30:00,CBOE:VIX6M,18.84,19.05,18.71,19.03,0.0
2016-06-08 13:30:00,CBOE:VIX6M,19.0,19.17,18.83,19.04,0.0
2016-06-09 13:30:00,CBOE:VIX6M,19.36,19.58,19.32,19.53,0.0
2016-06-10 13:30:00,CBOE:VIX6M,20.21,20.85,20.16,20.74,0.0
2016-06-13 13:30:00,CBOE:VIX6M,21.52,22.94,21.18,22.94,0.0
2016-06-14 13:30:00,CBOE:VIX6M,23.42,23.68,22.57,22.62,0.0
2016-06-15 13:30:00,CBOE:VIX6M,22.45,22.5,21.67,22.32,0.0
2016-06-16 13:30:00,CBOE:VIX6M,23.0,23.68,21.62,21.8,0.0
2016-06-17 13:30:00,CBOE:VIX6M,21.95,22.09,21.6,22.08,0.0
2016-06-20 13:30:00,CBOE:VIX6M,20.78,20.98,20.41,20.87,0.0
2016-06-21 13:30:00,CBOE:VIX6M,20.62,20.99,20.53,20.76,0.0
2016-06-22 13:30:00,CBOE:VIX6M,20.8,21.41,20.41,21.39,0.0
2016-06-23 13:30:00,CBOE:VIX6M,20.35,20.38,19.53,19.53,0.0
2016-06-24 13:30:00,CBOE:VIX6M,22.76,23.57,20.98,23.55,0.0
2016-06-27 13:30:00,CBOE:VIX6M,23.44,24.46,23.19,23.74,0.0
2016-06-28 13:30:00,CBOE:VIX6M,22.31,22.43,21.22,21.23,0.0
2016-06-29 13:30:00,CBOE:VIX6M,20.62,20.79,20.19,20.19,0.0
2016-06-30 13:30:00,CBOE:VIX6M,20.15,20.42,19.78,19.79,0.0
2016-07-01 13:30:00,CBOE:VIX6M,19.71,19.87,19.27,19.55,0.0
2016-07-05 13:30:00,CBOE:VIX6M,20.05,20.53,19.99,19.99,0.0
2016-07-06 13:30:00,CBOE:VIX6M,20.42,20.64,19.77,19.77,0.0
2016-07-07 13:30:00,CBOE:VIX6M,19.59,20.18,19.36,19.6,0.0
2016-07-08 13:30:00,CBOE:VIX6M,19.14,19.21,18.69,18.76,0.0
2016-07-11 13:30:00,CBOE:VIX6M,18.53,18.64,18.29,18.6,0.0
2016-07-12 13:30:00,CBOE:VIX6M,18.27,18.56,18.15,18.27,0.0
2016-07-13 13:30:00,CBOE:VIX6M,18.16,18.37,17.99,18.07,0.0
2016-07-14 13:30:00,CBOE:VIX6M,17.87,18.16,17.7,18.03,0.0
2016-07-15 13:30:00,CBOE:VIX6M,17.95,18.54,17.95,18.15,0.0
2016-07-18 13:30:00,CBOE:VIX6M,18.17,18.21,17.86,17.99,0.0
2016-07-19 13:30:00,CBOE:VIX6M,18.02,18.15,17.88,17.92,0.0
2016-07-20 13:30:00,CBOE:VIX6M,17.82,17.99,17.4,17.86,0.0
2016-07-21 13:30:00,CBOE:VIX6M,17.96,18.65,17.95,18.45,0.0
2016-07-22 13:30:00,CBOE:VIX6M,18.39,18.54,18.13,18.2,0.0
2016-07-25 13:30:00,CBOE:VIX6M,18.26,18.72,18.17,18.44,0.0
2016-07-26 13:30:00,CBOE:VIX6M,18.54,18.7,18.26,18.43,0.0
2016-07-27 13:30:00,CBOE:VIX6M,18.31,18.98,18.23,18.39,0.0
2016-07-28 13:30:00,CBOE:VIX6M,18.69,18.87,18.24,18.32,0.0
2016-07-29 13:30:00,CBOE:VIX6M,18.36,18.49,17.85,17.88,0.0
2016-08-01 13:30:00,CBOE:VIX6M,18.03,18.27,17.89,18.08,0.0
2016-08-02 13:30:00,CBOE:VIX6M,18.33,19.04,18.21,18.64,0.0
2016-08-03 13:30:00,CBOE:VIX6M,18.69,18.82,18.3,18.36,0.0
2016-08-04 13:30:00,CBOE:VIX6M,18.24,18.39,17.97,18.01,0.0
2016-08-05 13:30:00,CBOE:VIX6M,17.74,17.75,17.52,17.59,0.0
2016-08-08 13:30:00,CBOE:VIX6M,17.62,17.63,17.41,17.53,0.0
2016-08-09 13:30:00,CBOE:VIX6M,17.39,17.53,17.04,17.4,0.0
2016-08-10 13:30:00,CBOE:VIX6M,17.34,17.8,17.3,17.58,0.0
2016-08-11 13:30:00,CBOE:VIX6M,17.48,17.59,17.34,17.56,0.0
2016-08-12 13:30:00,CBOE:VIX6M,17.7,17.71,17.27,17.62,0.0
2016-08-15 13:30:00,CBOE:VIX6M,17.61,17.74,17.44,17.73,0.0
2016-08-16 13:30:00,CBOE:VIX6M,17.92,18.24,17.92,18.18,0.0
2016-08-17 13:30:00,CBOE:VIX6M,18.22,18.66,17.66,17.89,0.0
2016-08-18 13:30:00,CBOE:VIX6M,17.92,17.99,17.64,17.7,0.0
2016-08-19 13:30:00,CBOE:VIX6M,17.91,18.07,17.7,17.71,0.0
2016-08-22 13:30:00,CBOE:VIX6M,18.09,18.17,17.89,17.9,0.0
2016-08-23 13:30:00,CBOE:VIX6M,17.76,17.94,17.6,17.93,0.0
2016-08-24 13:30:00,CBOE:VIX6M,18.05,18.48,18.02,18.27,0.0
2016-08-25 13:30:00,CBOE:VIX6M,18.47,18.54,18.16,18.28,0.0
2016-08-26 13:30:00,CBOE:VIX6M,18.25,18.89,17.86,18.42,0.0
2016-08-29 13:30:00,CBOE:VIX6M,18.45,18.47,18.16,18.18,0.0
2016-08-30 13:30:00,CBOE:VIX6M,18.13,18.47,18.13,18.29,0.0
2016-08-31 13:30:00,CBOE:VIX6M,18.37,18.86,18.37,18.5,0.0
2016-09-01 13:30:00,CBOE:VIX6M,18.52,19.0,18.47,18.56,0.0
2016-09-02 13:30:00,CBOE:VIX6M,18.14,18.42,18.08,18.19,0.0
2016-09-06 13:30:00,CBOE:VIX6M,18.25,18.54,18.0,18.03,0.0
2016-09-07 13:30:00,CBOE:VIX6M,18.15,18.49,18.0,18.01,0.0
2016-09-08 13:30:00,CBOE:VIX6M,18.18,18.57,18.09,18.31,0.0
2016-09-09 13:30:00,CBOE:VIX6M,18.83,20.34,18.81,20.3,0.0
2016-09-12 13:30:00,CBOE:VIX6M,20.49,20.98,18.97,19.12,0.0
2016-09-13 13:30:00,CBOE:VIX6M,19.86,20.93,19.72,20.32,0.0
2016-09-14 13:30:00,CBOE:VIX6M,20.56,20.75,19.82,20.75,0.0
2016-09-15 13:30:00,CBOE:VIX6M,20.55,20.96,19.65,19.93,0.0
2016-09-16 13:30:00,CBOE:VIX6M,20.29,20.61,19.52,19.58,0.0
2016-09-19 13:30:00,CBOE:VIX6M,19.37,19.81,19.11,19.51,0.0
2016-09-20 13:30:00,CBOE:VIX6M,19.18,19.78,19.18,19.65,0.0
2016-09-21 13:30:00,CBOE:VIX6M,19.28,19.68,18.35,18.72,0.0
2016-09-22 13:30:00,CBOE:VIX6M,18.21,18.39,17.64,18.2,0.0
2016-09-23 13:30:00,CBOE:VIX6M,18.24,18.35,17.99,18.27,0.0
2016-09-26 13:30:00,CBOE:VIX6M,18.86,19.19,18.6,18.99,0.0
2016-09-27 13:30:00,CBOE:VIX6M,19.12,19.17,18.28,18.38,0.0
2016-09-28 13:30:00,CBOE:VIX6M,18.31,18.64,17.93,18.13,0.0
2016-09-29 13:30:00,CBOE:VIX6M,18.2,19.4,17.76,18.87,0.0
2016-09-30 13:30:00,CBOE:VIX6M,18.41,18.79,18.15,18.44,0.0
2016-10-03 13:30:00,CBOE:VIX6M,18.62,18.79,18.26,18.3,0.0
2016-10-04 13:30:00,CBOE:VIX6M,18.16,18.72,17.98,18.33,0.0
2016-10-05 13:30:00,CBOE:VIX6M,18.15,18.17,17.7,18.16,0.0
2016-10-06 13:30:00,CBOE:VIX6M,18.25,18.4,18.03,18.06,0.0
2016-10-07 13:30:00,CBOE:VIX6M,18.01,18.58,17.87,18.37,0.0
2016-10-10 13:30:00,CBOE:VIX6M,18.16,18.19,18.01,18.05,0.0
2016-10-11 13:30:00,CBOE:VIX6M,18.26,19.16,18.26,18.76,0.0
2016-10-12 13:30:00,CBOE:VIX6M,18.84,19.04,18.26,18.91,0.0
2016-10-13 13:30:00,CBOE:VIX6M,19.49,19.96,19.06,19.27,0.0
2016-10-14 13:30:00,CBOE:VIX6M,18.86,19.23,18.71,19.14,0.0
2016-10-17 13:30:00,CBOE:VIX6M,19.18,19.37,19.12,19.18,0.0
2016-10-18 13:30:00,CBOE:VIX6M,18.84,19.0,18.76,18.86,0.0
2016-10-19 13:30:00,CBOE:VIX6M,18.54,18.76,18.12,18.52,0.0
2016-10-20 13:30:00,CBOE:VIX6M,18.59,18.73,18.36,18.37,0.0
2016-10-21 13:30:00,CBOE:VIX6M,18.61,18.68,18.24,18.24,0.0
2016-10-24 13:30:00,CBOE:VIX6M,17.98,18.15,17.9,17.98,0.0
2016-10-25 13:30:00,CBOE:VIX6M,18.03,18.21,17.84,18.05,0.0
2016-10-26 13:30:00,CBOE:VIX6M,18.37,18.5,18.1,18.35,0.0
2016-10-27 13:30:00,CBOE:VIX6M,18.11,18.86,18.11,18.81,0.0
2016-10-28 13:30:00,CBOE:VIX6M,18.73,19.36,18.46,19.03,0.0
2016-10-31 13:30:00,CBOE:VIX6M,19.09,19.51,19.09,19.23,0.0
2016-11-01 13:30:00,CBOE:VIX6M,19.34,20.6,19.3,19.88,0.0
2016-11-02 13:30:00,CBOE:VIX6M,20.01,20.32,19.86,20.11,0.0
2016-11-03 13:30:00,CBOE:VIX6M,20.09,21.14,20.02,21.0,0.0
2016-11-04 13:30:00,CBOE:VIX6M,20.9,21.53,20.78,21.44,0.0
2016-11-07 14:30:00,CBOE:VIX6M,20.06,20.22,19.24,19.24,0.0
2016-11-08 14:30:00,CBOE:VIX6M,19.47,19.75,18.95,19.26,0.0
2016-11-09 14:30:00,CBOE:VIX6M,19.02,19.16,18.0,18.09,0.0
2016-11-10 14:30:00,CBOE:VIX6M,17.81,19.02,17.57,18.56,0.0
2016-11-11 14:30:00,CBOE:VIX6M,18.9,19.22,18.43,18.45,0.0
2016-11-14 14:30:00,CBOE:VIX6M,18.61,19.2,18.58,18.62,0.0
2016-11-15 14:30:00,CBOE:VIX6M,18.57,18.62,18.02,18.03,0.0
2016-11-16 14:30:00,CBOE:VIX6M,18.48,18.71,18.12,18.27,0.0
2016-11-17 14:30:00,CBOE:VIX6M,18.18,18.19,17.93,17.96,0.0
2016-11-18 14:30:00,CBOE:VIX6M,18.0,18.23,17.93,18.02,0.0
2016-11-21 14:30:00,CBOE:VIX6M,18.03,18.11,17.69,17.82,0.0
2016-11-22 14:30:00,CBOE:VIX6M,17.71,18.07,17.69,17.81,0.0
2016-11-23 14:30:00,CBOE:VIX6M,17.96,18.15,17.82,17.86,0.0
2016-11-25 14:30:00,CBOE:VIX6M,17.91,18.03,17.9,17.93,0.0
2016-11-28 14:30:00,CBOE:VIX6M,18.23,18.32,18.06,18.2,0.0
2016-11-29 14:30:00,CBOE:VIX6M,18.21,18.32,18.01,18.14,0.0
2016-11-30 14:30:00,CBOE:VIX6M,17.97,18.26,17.83,18.25,0.0
2016-12-01 14:30:00,CBOE:VIX6M,18.19,18.89,18.18,18.64,0.0
2016-12-02 14:30:00,CBOE:VIX6M,18.75,18.82,18.32,18.75,0.0
2016-12-05 14:30:00,CBOE:VIX6M,18.43,18.48,18.02,18.02,0.0
2016-12-06 14:30:00,CBOE:VIX6M,17.94,18.06,17.74,17.84,0.0
2016-12-07 14:30:00,CBOE:VIX6M,17.86,17.89,17.43,17.75,0.0
2016-12-08 14:30:00,CBOE:VIX6M,17.78,18.25,17.33,17.95,0.0
2016-12-09 14:30:00,CBOE:VIX6M,18.06,18.08,17.5,17.66,0.0
2016-12-12 14:30:00,CBOE:VIX6M,17.8,18.01,17.76,17.85,0.0
2016-12-13 14:30:00,CBOE:VIX6M,17.77,18.13,17.75,17.82,0.0
2016-12-14 14:30:00,CBOE:VIX6M,17.98,18.09,17.64,17.91,0.0
2016-12-15 14:30:00,CBOE:VIX6M,17.83,18.08,17.69,17.9,0.0
2016-12-16 14:30:00,CBOE:VIX6M,17.85,17.99,17.67,17.77,0.0
2016-12-19 14:30:00,CBOE:VIX6M,17.74,17.83,17.49,17.57,0.0
2016-12-20 14:30:00,CBOE:VIX6M,17.49,17.63,17.47,17.52,0.0
2016-12-21 14:30:00,CBOE:VIX6M,17.36,17.57,17.36,17.52,0.0
2016-12-22 14:30:00,CBOE:VIX6M,17.5,17.78,17.5,17.69,0.0
2016-12-23 14:30:00,CBOE:VIX6M,17.77,17.84,17.62,17.63,0.0
2016-12-27 14:30:00,CBOE:VIX6M,17.75,17.82,17.54,17.64,0.0
2016-12-28 14:30:00,CBOE:VIX6M,17.56,18.07,17.56,18.04,0.0
2016-12-29 14:30:00,CBOE:VIX6M,18.01,18.35,17.99,18.22,0.0
2016-12-30 14:30:00,CBOE:VIX6M,18.16,18.81,18.12,18.57,0.0
2017-01-03 14:30:00,CBOE:VIX6M,18.26,18.29,17.77,17.77,0.0
2017-01-04 14:30:00,CBOE:VIX6M,17.66,17.66,17.0,17.16,0.0
2017-01-05 14:30:00,CBOE:VIX6M,17.23,17.33,16.97,17.03,0.0
2017-01-06 14:30:00,CBOE:VIX6M,16.91,17.08,16.64,16.92,0.0
2017-01-09 14:30:00,CBOE:VIX6M,17.15,17.27,16.98,17.04,0.0
2017-01-10 14:30:00,CBOE:VIX6M,17.03,17.26,16.87,17.09,0.0
2017-01-11 14:30:00,CBOE:VIX6M,17.15,17.47,16.94,16.97,0.0
2017-01-12 14:30:00,CBOE:VIX6M,17.19,17.69,16.99,17.13,0.0
2017-01-13 14:30:00,CBOE:VIX6M,17.09,17.32,16.84,17.16,0.0
2017-01-17 14:30:00,CBOE:VIX6M,17.59,17.68,17.44,17.45,0.0
2017-01-18 14:30:00,CBOE:VIX6M,17.51,17.66,17.34,17.41,0.0
2017-01-19 14:30:00,CBOE:VIX6M,17.29,17.69,17.29,17.38,0.0
2017-01-20 14:30:00,CBOE:VIX6M,17.27,17.32,17.03,17.07,0.0
2017-01-23 14:30:00,CBOE:VIX6M,17.19,17.42,16.94,16.94,0.0
2017-01-24 14:30:00,CBOE:VIX6M,16.89,16.93,16.24,16.25,0.0
2017-01-25 14:30:00,CBOE:VIX6M,16.25,16.25,15.85,15.95,0.0
2017-01-26 14:30:00,CBOE:VIX6M,16.02,16.14,15.97,16.07,0.0
2017-01-27 14:30:00,CBOE:VIX6M,16.11,16.26,16.06,16.21,0.0
2017-01-30 14:30:00,CBOE:VIX6M,16.63,17.23,16.41,16.63,0.0
2017-01-31 14:30:00,CBOE:VIX6M,16.86,17.08,16.67,16.7,0.0
2017-02-01 14:30:00,CBOE:VIX6M,16.49,16.74,16.42,16.53,0.0
2017-02-02 14:30:00,CBOE:VIX6M,16.7,16.78,16.51,16.65,0.0
2017-02-03 14:30:00,CBOE:VIX6M,16.35,16.46,16.15,16.27,0.0
2017-02-06 14:30:00,CBOE:VIX6M,16.5,16.51,16.26,16.41,0.0
2017-02-07 14:30:00,CBOE:VIX6M,16.34,16.47,16.27,16.44,0.0
2017-02-08 14:30:00,CBOE:VIX6M,16.56,16.7,16.5,16.6,0.0
2017-02-09 14:30:00,CBOE:VIX6M,16.52,16.52,16.28,16.35,0.0
2017-02-10 14:30:00,CBOE:VIX6M,16.3,16.31,16.02,16.17,0.0
2017-02-13 14:30:00,CBOE:VIX6M,16.16,16.18,15.9,15.91,0.0
2017-02-14 14:30:00,CBOE:VIX6M,16.01,16.01,15.44,15.44,0.0
2017-02-15 14:30:00,CBOE:VIX6M,15.68,15.68,15.11,15.43,0.0
2017-02-16 14:30:00,CBOE:VIX6M,15.55,16.23,15.52,15.68,0.0
2017-02-17 14:30:00,CBOE:VIX6M,15.87,15.97,15.52,15.79,0.0
2017-02-21 14:30:00,CBOE:VIX6M,15.75,16.0,15.51,15.99,0.0
2017-02-22 14:30:00,CBOE:VIX6M,16.04,16.37,15.85,16.25,0.0
2017-02-23 14:30:00,CBOE:VIX6M,16.21,16.71,16.18,16.54,0.0
2017-02-24 14:30:00,CBOE:VIX6M,16.97,17.1,16.56,16.68,0.0
2017-02-27 14:30:00,CBOE:VIX6M,16.69,16.79,16.3,16.62,0.0
2017-02-28 14:30:00,CBOE:VIX6M,16.67,17.08,16.33,16.95,0.0
2017-03-01 14:30:00,CBOE:VIX6M,16.37,16.62,16.01,16.62,0.0
2017-03-02 14:30:00,CBOE:VIX6M,16.66,16.72,16.43,16.63,0.0
2017-03-03 14:30:00,CBOE:VIX6M,16.56,16.56,16.06,16.25,0.0
2017-03-06 14:30:00,CBOE:VIX6M,16.39,16.52,16.01,16.32,0.0
2017-03-07 14:30:00,CBOE:VIX6M,16.32,16.44,15.89,16.38,0.0
2017-03-08 14:30:00,CBOE:VIX6M,16.25,16.41,16.14,16.41,0.0
2017-03-09 14:30:00,CBOE:VIX6M,16.45,16.81,16.32,16.62,0.0
2017-03-10 14:30:00,CBOE:VIX6M,16.38,16.6,16.3,16.33,0.0
2017-03-13 13:30:00,CBOE:VIX6M,16.37,16.43,16.27,16.27,0.0
2017-03-14 13:30:00,CBOE:VIX6M,16.4,16.58,16.35,16.4,0.0
2017-03-15 13:30:00,CBOE:VIX6M,16.27,16.35,15.25,16.13,0.0
2017-03-16 13:30:00,CBOE:VIX6M,15.96,16.08,15.65,15.78,0.0
2017-03-17 13:30:00,CBOE:VIX6M,15.7,15.87,15.34,15.85,0.0
2017-03-20 13:30:00,CBOE:VIX6M,15.87,15.96,15.73,15.86,0.0
2017-03-21 13:30:00,CBOE:VIX6M,15.6,16.52,15.6,16.43,0.0
2017-03-22 13:30:00,CBOE:VIX6M,16.49,16.7,16.21,16.4,0.0
2017-03-23 13:30:00,CBOE:VIX6M,16.45,16.61,16.05,16.52,0.0
2017-03-24 13:30:00,CBOE:VIX6M,16.33,16.91,15.49,16.28,0.0
2017-03-27 13:30:00,CBOE:VIX6M,16.95,16.99,15.92,15.99,0.0
2017-03-28 13:30:00,CBOE:VIX6M,15.93,15.95,15.23,15.4,0.0
2017-03-29 13:30:00,CBOE:VIX6M,15.37,15.42,14.56,15.19,0.0
2017-03-30 13:30:00,CBOE:VIX6M,15.2,15.28,15.03,15.09,0.0
2017-03-31 13:30:00,CBOE:VIX6M,15.15,15.28,14.97,15.25,0.0
2017-04-03 13:30:00,CBOE:VIX6M,15.3,15.68,15.12,15.27,0.0
2017-04-04 13:30:00,CBOE:VIX6M,15.34,15.41,14.92,14.94,0.0
2017-04-05 13:30:00,CBOE:VIX6M,14.77,15.48,14.71,15.45,0.0
2017-04-06 13:30:00,CBOE:VIX6M,15.28,15.34,14.93,15.13,0.0
2017-04-07 13:30:00,CBOE:VIX6M,15.26,15.53,15.14,15.44,0.0
2017-04-10 13:30:00,CBOE:VIX6M,15.6,15.85,15.47,15.83,0.0
2017-04-11 13:30:00,CBOE:VIX6M,16.06,16.52,15.98,16.19,0.0
2017-04-12 13:30:00,CBOE:VIX6M,16.34,16.45,16.14,16.29,0.0
2017-04-13 13:30:00,CBOE:VIX6M,16.39,16.6,15.99,16.57,0.0
2017-04-17 13:30:00,CBOE:VIX6M,16.51,16.51,16.04,16.06,0.0
2017-04-18 13:30:00,CBOE:VIX6M,16.28,16.48,15.99,16.02,0.0
2017-04-19 13:30:00,CBOE:VIX6M,15.81,16.32,15.48,16.21,0.0
2017-04-20 13:30:00,CBOE:VIX6M,16.04,16.13,15.7,15.76,0.0
2017-04-21 13:30:00,CBOE:VIX6M,15.68,16.25,15.68,15.93,0.0
2017-04-24 13:30:00,CBOE:VIX6M,14.93,15.1,14.71,14.72,0.0
2017-04-25 13:30:00,CBOE:VIX6M,14.49,14.65,14.46,14.62,0.0
2017-04-26 13:30:00,CBOE:VIX6M,14.62,14.83,14.6,14.77,0.0
2017-04-27 13:30:00,CBOE:VIX6M,14.64,14.89,14.62,14.7,0.0
2017-04-28 13:30:00,CBOE:VIX6M,14.67,14.85,14.67,14.74,0.0
2017-05-01 13:30:00,CBOE:VIX6M,14.73,14.78,14.41,14.48,0.0
2017-05-02 13:30:00,CBOE:VIX6M,14.49,14.7,14.49,14.66,0.0
2017-05-03 13:30:00,CBOE:VIX6M,14.76,14.98,14.75,14.87,0.0
2017-05-04 13:30:00,CBOE:VIX6M,14.77,15.06,14.66,14.71,0.0
2017-05-05 13:30:00,CBOE:VIX6M,14.6,14.76,14.6,14.65,0.0
2017-05-08 13:30:00,CBOE:VIX6M,14.63,14.73,14.58,14.64,0.0
2017-05-09 13:30:00,CBOE:VIX6M,14.59,14.81,14.58,14.72,0.0
2017-05-10 13:30:00,CBOE:VIX6M,14.74,14.89,14.71,14.88,0.0
2017-05-11 13:30:00,CBOE:VIX6M,14.96,15.33,14.96,14.99,0.0
2017-05-12 13:30:00,CBOE:VIX6M,14.97,15.18,14.95,15.1,0.0
2017-05-15 13:30:00,CBOE:VIX6M,15.06,15.07,14.92,14.97,0.0
2017-05-16 13:30:00,CBOE:VIX6M,14.86,15.06,14.86,14.97,0.0
2017-05-17 13:30:00,CBOE:VIX6M,15.58,16.83,15.45,16.8,0.0
2017-05-18 13:30:00,CBOE:VIX6M,16.77,16.8,16.17,16.42,0.0
2017-05-19 13:30:00,CBOE:VIX6M,15.93,15.94,15.41,15.57,0.0
2017-05-22 13:30:00,CBOE:VIX6M,15.41,15.48,15.21,15.25,0.0
2017-05-23 13:30:00,CBOE:VIX6M,15.12,15.28,15.11,15.16,0.0
2017-05-24 13:30:00,CBOE:VIX6M,15.1,15.28,14.84,14.9,0.0
2017-05-25 13:30:00,CBOE:VIX6M,14.85,14.99,14.73,14.82,0.0
2017-05-26 13:30:00,CBOE:VIX6M,14.86,14.9,14.74,14.84,0.0
2017-05-30 13:30:00,CBOE:VIX6M,15.12,15.23,15.0,15.03,0.0
2017-05-31 13:30:00,CBOE:VIX6M,14.95,15.34,14.94,14.94,0.0
2017-06-01 13:30:00,CBOE:VIX6M,14.93,15.08,14.79,14.83,0.0
2017-06-02 13:30:00,CBOE:VIX6M,14.86,15.01,14.69,14.88,0.0
2017-06-05 13:30:00,CBOE:VIX6M,15.0,15.09,14.89,15.08,0.0
2017-06-06 13:30:00,CBOE:VIX6M,15.23,15.41,15.14,15.3,0.0
2017-06-07 13:30:00,CBOE:VIX6M,15.26,15.54,15.22,15.27,0.0
2017-06-08 13:30:00,CBOE:VIX6M,15.2,15.27,14.94,15.01,0.0
2017-06-09 13:30:00,CBOE:VIX6M,14.9,15.65,14.78,15.17,0.0
2017-06-12 13:30:00,CBOE:VIX6M,15.43,15.73,15.31,15.32,0.0
2017-06-13 13:30:00,CBOE:VIX6M,15.09,15.16,14.85,14.96,0.0
2017-06-14 13:30:00,CBOE:VIX6M,14.99,15.2,14.89,14.94,0.0
2017-06-15 13:30:00,CBOE:VIX6M,15.37,15.43,15.05,15.07,0.0
2017-06-16 13:30:00,CBOE:VIX6M,15.03,15.29,14.87,14.87,0.0
2017-06-19 13:30:00,CBOE:VIX6M,14.77,14.79,14.37,14.49,0.0
2017-06-20 13:30:00,CBOE:VIX6M,14.6,14.85,14.6,14.66,0.0
2017-06-21 13:30:00,CBOE:VIX6M,14.66,14.86,14.49,14.73,0.0
2017-06-22 13:30:00,CBOE:VIX6M,14.7,14.81,14.57,14.65,0.0
2017-06-23 13:30:00,CBOE:VIX6M,14.61,14.76,14.44,14.49,0.0
2017-06-26 13:30:00,CBOE:VIX6M,14.39,14.53,14.24,14.28,0.0
2017-06-27 13:30:00,CBOE:VIX6M,14.41,14.83,14.24,14.78,0.0
2017-06-28 13:30:00,CBOE:VIX6M,14.54,14.74,14.38,14.44,0.0
2017-06-29 13:30:00,CBOE:VIX6M,14.52,15.9,14.51,14.88,0.0
2017-06-30 13:30:00,CBOE:VIX6M,14.69,14.96,14.59,14.86,0.0
2017-07-03 13:30:00,CBOE:VIX6M,14.62,15.02,14.53,14.96,0.0
2017-07-05 13:30:00,CBOE:VIX6M,14.88,15.25,14.82,14.94,0.0
2017-07-06 13:30:00,CBOE:VIX6M,15.18,15.57,15.12,15.48,0.0
2017-07-07 13:30:00,CBOE:VIX6M,15.34,15.38,15.08,15.11,0.0
2017-07-10 13:30:00,CBOE:VIX6M,15.24,15.24,14.79,14.9,0.0
2017-07-11 13:30:00,CBOE:VIX6M,14.86,15.24,14.7,14.74,0.0
2017-07-12 13:30:00,CBOE:VIX6M,14.53,14.56,14.39,14.48,0.0
2017-07-13 13:30:00,CBOE:VIX6M,14.48,14.5,14.32,14.32,0.0
2017-07-14 13:30:00,CBOE:VIX6M,14.35,14.4,13.94,14.01,0.0
2017-07-17 13:30:00,CBOE:VIX6M,14.04,14.15,13.98,14.04,0.0
2017-07-18 13:30:00,CBOE:VIX6M,14.14,14.24,14.01,14.04,0.0
2017-07-19 13:30:00,CBOE:VIX6M,13.97,14.04,13.72,13.91,0.0
2017-07-20 13:30:00,CBOE:VIX6M,13.9,14.09,13.85,13.9,0.0
2017-07-21 13:30:00,CBOE:VIX6M,14.01,14.05,13.86,13.89,0.0
2017-07-24 13:30:00,CBOE:VIX6M,13.98,14.02,13.77,13.82,0.0
2017-07-25 13:30:00,CBOE:VIX6M,13.68,13.79,13.59,13.75,0.0
2017-07-26 13:30:00,CBOE:VIX6M,13.65,13.81,13.65,13.79,0.0
2017-07-27 13:30:00,CBOE:VIX6M,13.62,14.31,13.53,13.87,0.0
2017-07-28 13:30:00,CBOE:VIX6M,14.01,14.2,13.93,13.96,0.0
2017-07-31 13:30:00,CBOE:VIX6M,13.97,14.17,13.93,13.94,0.0
2017-08-01 13:30:00,CBOE:VIX6M,13.97,14.05,13.7,13.76,0.0
2017-08-02 13:30:00,CBOE:VIX6M,13.71,14.04,13.68,13.92,0.0
2017-08-03 13:30:00,CBOE:VIX6M,13.99,14.2,13.9,14.15,0.0
2017-08-04 13:30:00,CBOE:VIX6M,14.06,14.3,13.99,14.25,0.0
2017-08-07 13:30:00,CBOE:VIX6M,14.31,14.32,14.15,14.16,0.0
2017-08-08 13:30:00,CBOE:VIX6M,14.24,14.79,14.01,14.6,0.0
2017-08-09 13:30:00,CBOE:VIX6M,15.1,15.31,14.77,14.89,0.0
2017-08-10 13:30:00,CBOE:VIX6M,15.52,16.74,15.47,16.74,0.0
2017-08-11 13:30:00,CBOE:VIX6M,16.57,17.12,16.38,16.86,0.0
2017-08-14 13:30:00,CBOE:VIX6M,15.91,15.91,15.14,15.18,0.0
2017-08-15 13:30:00,CBOE:VIX6M,14.98,15.23,14.9,15.11,0.0
2017-08-16 13:30:00,CBOE:VIX6M,15.14,15.22,14.61,14.92,0.0
2017-08-17 13:30:00,CBOE:VIX6M,15.2,16.61,15.04,16.5,0.0
2017-08-18 13:30:00,CBOE:VIX6M,16.39,16.7,15.79,16.38,0.0
2017-08-21 13:30:00,CBOE:VIX6M,16.3,16.46,15.92,15.92,0.0
2017-08-22 13:30:00,CBOE:VIX6M,15.66,15.66,14.99,14.99,0.0
2017-08-23 13:30:00,CBOE:VIX6M,15.47,15.57,15.26,15.53,0.0
2017-08-24 13:30:00,CBOE:VIX6M,15.24,15.9,15.2,15.63,0.0
2017-08-25 13:30:00,CBOE:VIX6M,15.49,15.73,15.28,15.42,0.0
2017-08-28 13:30:00,CBOE:VIX6M,15.34,15.67,15.34,15.41,0.0
2017-08-29 13:30:00,CBOE:VIX6M,16.31,16.31,15.5,15.52,0.0
2017-08-30 13:30:00,CBOE:VIX6M,15.62,15.69,15.42,15.6,0.0
2017-08-31 13:30:00,CBOE:VIX6M,15.48,15.66,15.39,15.46,0.0
2017-09-01 13:30:00,CBOE:VIX6M,15.29,15.47,15.29,15.33,0.0
2017-09-05 13:30:00,CBOE:VIX6M,15.74,16.67,15.69,16.05,0.0
2017-09-06 13:30:00,CBOE:VIX6M,15.94,16.28,15.89,16.02,0.0
2017-09-07 13:30:00,CBOE:VIX6M,16.02,16.36,15.98,15.98,0.0
2017-09-08 13:30:00,CBOE:VIX6M,16.27,16.51,16.15,16.37,0.0
2017-09-11 13:30:00,CBOE:VIX6M,15.97,15.97,15.71,15.77,0.0
2017-09-12 13:30:00,CBOE:VIX6M,15.71,15.8,15.49,15.49,0.0
2017-09-13 13:30:00,CBOE:VIX6M,15.56,15.57,15.16,15.22,0.0
2017-09-14 13:30:00,CBOE:VIX6M,15.33,15.36,15.07,15.2,0.0
2017-09-15 13:30:00,CBOE:VIX6M,15.25,15.26,15.01,15.09,0.0
2017-09-18 13:30:00,CBOE:VIX6M,15.12,15.13,14.83,14.84,0.0
2017-09-19 13:30:00,CBOE:VIX6M,14.79,14.93,14.77,14.85,0.0
2017-09-20 13:30:00,CBOE:VIX6M,14.81,14.96,14.68,14.71,0.0
2017-09-21 13:30:00,CBOE:VIX6M,14.74,14.88,14.63,14.8,0.0
2017-09-22 13:30:00,CBOE:VIX6M,15.07,15.15,14.92,14.97,0.0
2017-09-25 13:30:00,CBOE:VIX6M,15.23,15.48,15.03,15.14,0.0
2017-09-26 13:30:00,CBOE:VIX6M,15.18,15.33,15.06,15.1,0.0
2017-09-27 13:30:00,CBOE:VIX6M,15.03,15.2,14.93,15.04,0.0
2017-09-28 13:30:00,CBOE:VIX6M,15.15,15.15,14.93,14.93,0.0
2017-09-29 13:30:00,CBOE:VIX6M,15.0,15.04,14.74,14.81,0.0
2017-10-02 13:30:00,CBOE:VIX6M,14.86,14.89,14.57,14.57,0.0
2017-10-03 13:30:00,CBOE:VIX6M,14.57,14.58,14.45,14.46,0.0
2017-10-04 13:30:00,CBOE:VIX6M,14.6,14.61,14.44,14.44,0.0
2017-10-05 13:30:00,CBOE:VIX6M,14.46,14.47,14.23,14.25,0.0
2017-10-06 13:30:00,CBOE:VIX6M,14.4,14.74,14.37,14.59,0.0
2017-10-09 13:30:00,CBOE:VIX6M,14.65,15.04,14.62,14.94,0.0
2017-10-10 13:30:00,CBOE:VIX6M,14.86,15.05,14.77,14.82,0.0
2017-10-11 13:30:00,CBOE:VIX6M,14.83,14.94,14.64,14.66,0.0
2017-10-12 13:30:00,CBOE:VIX6M,14.78,14.85,14.59,14.72,0.0
2017-10-13 13:30:00,CBOE:VIX6M,14.66,14.69,14.47,14.52,0.0
2017-10-16 13:30:00,CBOE:VIX6M,14.61,14.62,14.47,14.48,0.0
2017-10-17 13:30:00,CBOE:VIX6M,14.52,14.6,14.45,14.54,0.0
2017-10-18 13:30:00,CBOE:VIX6M,14.49,14.56,14.39,14.48,0.0
2017-10-19 13:30:00,CBOE:VIX6M,14.91,14.97,14.47,14.48,0.0
2017-10-20 13:30:00,CBOE:VIX6M,14.37,14.39,14.3,14.35,0.0
2017-10-23 13:30:00,CBOE:VIX6M,14.47,14.85,14.41,14.85,0.0
2017-10-24 13:30:00,CBOE:VIX6M,14.69,14.84,14.63,14.79,0.0
2017-10-25 13:30:00,CBOE:VIX6M,14.85,15.79,14.8,15.0,0.0
2017-10-26 13:30:00,CBOE:VIX6M,14.95,15.16,14.8,14.94,0.0
2017-10-27 13:30:00,CBOE:VIX6M,14.82,14.91,14.44,14.48,0.0
2017-10-30 13:30:00,CBOE:VIX6M,14.79,14.92,14.62,14.75,0.0
2017-10-31 13:30:00,CBOE:VIX6M,14.56,14.7,14.54,14.6,0.0
2017-11-01 13:30:00,CBOE:VIX6M,14.5,14.76,14.46,14.75,0.0
2017-11-02 13:30:00,CBOE:VIX6M,14.79,15.17,14.73,14.9,0.0
2017-11-03 13:30:00,CBOE:VIX6M,14.84,15.01,14.71,14.81,0.0
2017-11-06 14:30:00,CBOE:VIX6M,14.89,14.91,14.83,14.87,0.0
2017-11-07 14:30:00,CBOE:VIX6M,14.89,15.31,14.76,15.12,0.0
2017-11-08 14:30:00,CBOE:VIX6M,15.26,15.34,15.05,15.21,0.0
2017-11-09 14:30:00,CBOE:VIX6M,15.7,16.14,15.41,15.43,0.0
2017-11-10 14:30:00,CBOE:VIX6M,15.68,15.96,15.65,15.91,0.0
2017-11-13 14:30:00,CBOE:VIX6M,16.18,16.18,15.63,15.91,0.0
2017-11-14 14:30:00,CBOE:VIX6M,16.17,16.45,16.03,16.15,0.0
2017-11-15 14:30:00,CBOE:VIX6M,16.83,17.16,16.41,16.72,0.0
2017-11-16 14:30:00,CBOE:VIX6M,16.34,16.34,15.91,16.06,0.0
2017-11-17 14:30:00,CBOE:VIX6M,16.06,16.1,15.89,15.98,0.0
2017-11-20 14:30:00,CBOE:VIX6M,15.9,15.9,15.45,15.51,0.0
2017-11-21 14:30:00,CBOE:VIX6M,15.3,15.3,14.87,14.91,0.0
2017-11-22 14:30:00,CBOE:VIX6M,14.84,14.91,14.77,14.85,0.0
2017-11-24 14:30:00,CBOE:VIX6M,14.83,14.91,14.73,14.8,0.0
2017-11-27 14:30:00,CBOE:VIX6M,14.92,15.01,14.83,14.87,0.0
2017-11-28 14:30:00,CBOE:VIX6M,14.81,14.91,14.61,14.63,0.0
2017-11-29 14:30:00,CBOE:VIX6M,14.7,15.24,14.69,15.17,0.0
2017-11-30 14:30:00,CBOE:VIX6M,14.98,15.2,14.85,15.15,0.0
2017-12-01 14:30:00,CBOE:VIX6M,15.12,16.54,15.04,15.3,0.0
2017-12-04 14:30:00,CBOE:VIX6M,14.85,15.38,14.78,15.27,0.0
2017-12-05 14:30:00,CBOE:VIX6M,15.27,15.51,14.96,15.37,0.0
2017-12-06 14:30:00,CBOE:VIX6M,15.47,15.52,15.24,15.3,0.0
2017-12-07 14:30:00,CBOE:VIX6M,15.33,15.4,14.8,14.97,0.0
2017-12-08 14:30:00,CBOE:VIX6M,14.82,14.9,14.61,14.61,0.0
2017-12-11 14:30:00,CBOE:VIX6M,14.69,14.79,14.42,14.44,0.0
2017-12-12 14:30:00,CBOE:VIX6M,14.46,14.62,14.41,14.59,0.0
2017-12-13 14:30:00,CBOE:VIX6M,14.59,14.79,14.43,14.71,0.0
2017-12-14 14:30:00,CBOE:VIX6M,14.59,15.01,14.56,14.76,0.0
2017-12-15 14:30:00,CBOE:VIX6M,14.51,14.55,14.3,14.38,0.0
2017-12-18 14:30:00,CBOE:VIX6M,14.27,14.43,14.23,14.28,0.0
2017-12-19 14:30:00,CBOE:VIX6M,14.28,14.67,14.26,14.57,0.0
2017-12-20 14:30:00,CBOE:VIX6M,14.18,14.58,13.9,14.44,0.0
2017-12-21 14:30:00,CBOE:VIX6M,14.25,14.53,14.23,14.46,0.0
2017-12-22 14:30:00,CBOE:VIX6M,14.47,14.7,14.41,14.66,0.0
2017-12-26 14:30:00,CBOE:VIX6M,14.83,14.89,14.74,14.82,0.0
2017-12-27 14:30:00,CBOE:VIX6M,14.73,14.86,14.6,14.74,0.0
2017-12-28 14:30:00,CBOE:VIX6M,14.74,14.94,14.69,14.91,0.0
2017-12-29 14:30:00,CBOE:VIX6M,14.8,15.15,14.78,15.11,0.0
2018-01-02 14:30:00,CBOE:VIX6M,14.98,15.03,14.64,14.72,0.0
2018-01-03 14:30:00,CBOE:VIX6M,14.56,14.58,14.32,14.41,0.0
2018-01-04 14:30:00,CBOE:VIX6M,14.25,14.42,14.15,14.38,0.0
2018-01-05 14:30:00,CBOE:VIX6M,14.3,14.42,14.19,14.19,0.0
2018-01-08 14:30:00,CBOE:VIX6M,14.34,14.46,14.17,14.21,0.0
2018-01-09 14:30:00,CBOE:VIX6M,14.21,14.4,14.12,14.32,0.0
2018-01-10 14:30:00,CBOE:VIX6M,14.52,14.68,14.3,14.31,0.0
2018-01-11 14:30:00,CBOE:VIX6M,14.32,14.4,14.09,14.11,0.0
2018-01-12 14:30:00,CBOE:VIX6M,14.16,14.27,14.07,14.18,0.0
2018-01-16 14:30:00,CBOE:VIX6M,14.25,15.31,14.24,14.99,0.0
2018-01-17 14:30:00,CBOE:VIX6M,15.0,15.22,14.64,14.88,0.0
2018-01-18 14:30:00,CBOE:VIX6M,14.93,15.31,14.83,15.15,0.0
2018-01-19 14:30:00,CBOE:VIX6M,14.98,15.09,14.78,14.86,0.0
2018-01-22 14:30:00,CBOE:VIX6M,14.97,14.97,14.73,14.84,0.0
2018-01-23 14:30:00,CBOE:VIX6M,14.86,15.03,14.79,14.94,0.0
2018-01-24 14:30:00,CBOE:VIX6M,14.86,15.54,14.86,15.25,0.0
2018-01-25 14:30:00,CBOE:VIX6M,15.24,15.6,15.21,15.39,0.0
2018-01-26 14:30:00,CBOE:VIX6M,15.22,15.31,15.11,15.11,0.0
2018-01-29 14:30:00,CBOE:VIX6M,15.49,16.16,15.49,16.14,0.0
2018-01-30 14:30:00,CBOE:VIX6M,16.68,17.03,16.51,16.78,0.0
2018-01-31 14:30:00,CBOE:VIX6M,16.49,16.59,16.06,16.06,0.0
2018-02-01 14:30:00,CBOE:VIX6M,16.45,16.45,15.6,15.9,0.0
2018-02-02 14:30:00,CBOE:VIX6M,16.19,17.55,16.19,17.49,0.0
2018-02-05 14:30:00,CBOE:VIX6M,18.31,26.88,17.14,24.55,0.0
2018-02-06 14:30:00,CBOE:VIX6M,28.6,30.16,20.66,21.54,0.0
2018-02-07 14:30:00,CBOE:VIX6M,21.4,22.15,18.96,21.76,0.0
2018-02-08 14:30:00,CBOE:VIX6M,21.39,26.21,21.39,24.89,0.0
2018-02-09 14:30:00,CBOE:VIX6M,23.94,27.92,22.89,23.18,0.0
2018-02-12 14:30:00,CBOE:VIX6M,22.47,23.53,21.47,22.08,0.0
2018-02-13 14:30:00,CBOE:VIX6M,23.01,23.01,21.53,21.67,0.0
2018-02-14 14:30:00,CBOE:VIX6M,21.13,21.2,19.6,19.75,0.0
2018-02-15 14:30:00,CBOE:VIX6M,19.4,20.14,19.27,19.4,0.0
2018-02-16 14:30:00,CBOE:VIX6M,19.47,20.07,18.76,19.48,0.0
2018-02-20 14:30:00,CBOE:VIX6M,20.09,20.35,19.25,20.04,0.0
2018-02-21 14:30:00,CBOE:VIX6M,19.85,20.27,18.73,20.14,0.0
2018-02-22 14:30:00,CBOE:VIX6M,19.75,20.01,19.16,19.36,0.0
2018-02-23 14:30:00,CBOE:VIX6M,19.18,19.31,18.18,18.21,0.0
2018-02-26 14:30:00,CBOE:VIX6M,17.96,18.17,17.6,17.6,0.0
2018-02-27 14:30:00,CBOE:VIX6M,17.92,19.45,17.79,19.26,0.0
2018-02-28 14:30:00,CBOE:VIX6M,18.75,20.25,18.75,19.99,0.0
2018-03-01 14:30:00,CBOE:VIX6M,19.9,22.12,19.54,21.1,0.0
2018-03-02 14:30:00,CBOE:VIX6M,22.17,22.73,19.89,19.97,0.0
2018-03-05 14:30:00,CBOE:VIX6M,20.42,20.54,19.24,19.52,0.0
2018-03-06 14:30:00,CBOE:VIX6M,19.2,20.09,19.2,19.6,0.0
2018-03-07 14:30:00,CBOE:VIX6M,20.06,20.27,19.27,19.44,0.0
2018-03-08 14:30:00,CBOE:VIX6M,19.12,19.42,18.84,18.88,0.0
2018-03-09 14:30:00,CBOE:VIX6M,18.43,18.54,17.76,17.95,0.0
2018-03-12 13:30:00,CBOE:VIX6M,18.08,18.83,17.93,18.65,0.0
2018-03-13 13:30:00,CBOE:VIX6M,18.37,19.26,18.31,18.86,0.0
2018-03-14 13:30:00,CBOE:VIX6M,18.64,19.56,18.63,19.4,0.0
2018-03-15 13:30:00,CBOE:VIX6M,19.21,19.49,18.76,19.11,0.0
2018-03-16 13:30:00,CBOE:VIX6M,18.87,18.92,18.46,18.69,0.0
2018-03-19 13:30:00,CBOE:VIX6M,19.12,20.68,19.04,19.7,0.0
2018-03-20 13:30:00,CBOE:VIX6M,19.53,20.02,19.41,19.54,0.0
2018-03-21 13:30:00,CBOE:VIX6M,19.42,19.65,17.97,19.49,0.0
2018-03-22 13:30:00,CBOE:VIX6M,20.49,21.6,20.01,21.44,0.0
2018-03-23 13:30:00,CBOE:VIX6M,21.16,23.26,20.73,22.86,0.0
2018-03-26 13:30:00,CBOE:VIX6M,21.46,22.27,20.74,20.9,0.0
2018-03-27 13:30:00,CBOE:VIX6M,21.03,22.67,20.79,22.0,0.0
2018-03-28 13:30:00,CBOE:VIX6M,21.81,22.94,21.64,22.29,0.0
2018-03-29 13:30:00,CBOE:VIX6M,21.74,21.96,20.61,21.05,0.0
2018-04-02 13:30:00,CBOE:VIX6M,21.55,23.18,21.08,22.33,0.0
2018-04-03 13:30:00,CBOE:VIX6M,21.83,22.23,21.14,21.26,0.0
2018-04-04 13:30:00,CBOE:VIX6M,22.53,22.53,20.73,20.85,0.0
2018-04-05 13:30:00,CBOE:VIX6M,20.97,21.0,20.01,20.13,0.0
2018-04-06 13:30:00,CBOE:VIX6M,20.86,22.18,20.26,21.41,0.0
2018-04-09 13:30:00,CBOE:VIX6M,21.19,21.49,20.35,21.29,0.0
2018-04-10 13:30:00,CBOE:VIX6M,20.65,21.16,20.38,20.75,0.0
2018-04-11 13:30:00,CBOE:VIX6M,21.0,21.0,20.33,20.8,0.0
2018-04-12 13:30:00,CBOE:VIX6M,20.39,20.39,19.66,19.98,0.0
2018-04-13 13:30:00,CBOE:VIX6M,19.62,19.9,19.15,19.35,0.0
2018-04-16 13:30:00,CBOE:VIX6M,19.04,19.08,18.58,18.77,0.0
2018-04-17 13:30:00,CBOE:VIX6M,18.46,18.46,17.71,18.03,0.0
2018-04-18 13:30:00,CBOE:VIX6M,18.16,18.52,17.84,17.93,0.0
2018-04-19 13:30:00,CBOE:VIX6M,18.2,18.61,17.71,18.21,0.0
2018-04-20 13:30:00,CBOE:VIX6M,18.08,18.88,18.06,18.65,0.0
2018-04-23 13:30:00,CBOE:VIX6M,18.61,18.83,17.85,18.38,0.0
2018-04-24 13:30:00,CBOE:VIX6M,17.81,19.85,17.81,19.0,0.0
2018-04-25 13:30:00,CBOE:VIX6M,19.18,19.83,18.83,18.99,0.0
2018-04-26 13:30:00,CBOE:VIX6M,18.87,18.92,17.79,18.29,0.0
2018-04-27 13:30:00,CBOE:VIX6M,18.28,18.62,17.81,18.22,0.0
2018-04-30 13:30:00,CBOE:VIX6M,18.16,18.52,17.96,18.33,0.0
2018-05-01 13:30:00,CBOE:VIX6M,18.55,18.72,18.02,18.08,0.0
2018-05-02 13:30:00,CBOE:VIX6M,18.11,18.32,17.62,18.32,0.0
2018-05-03 13:30:00,CBOE:VIX6M,18.34,19.28,18.16,18.16,0.0
2018-05-04 13:30:00,CBOE:VIX6M,18.51,18.68,17.78,17.84,0.0
2018-05-07 13:30:00,CBOE:VIX6M,17.94,18.05,17.65,17.89,0.0
2018-05-08 13:30:00,CBOE:VIX6M,17.97,18.26,17.74,17.76,0.0
2018-05-09 13:30:00,CBOE:VIX6M,17.64,17.71,17.22,17.27,0.0
2018-05-10 13:30:00,CBOE:VIX6M,17.21,17.24,16.75,16.83,0.0
2018-05-11 13:30:00,CBOE:VIX6M,16.85,16.93,16.57,16.57,0.0
2018-05-14 13:30:00,CBOE:VIX6M,16.6,16.6,16.22,16.26,0.0
2018-05-15 13:30:00,CBOE:VIX6M,16.72,17.28,16.71,17.05,0.0
2018-05-16 13:30:00,CBOE:VIX6M,16.93,16.93,16.49,16.6,0.0
2018-05-17 13:30:00,CBOE:VIX6M,16.66,16.89,16.29,16.63,0.0
2018-05-18 13:30:00,CBOE:VIX6M,16.68,16.85,16.56,16.79,0.0
2018-05-21 13:30:00,CBOE:VIX6M,16.3,16.55,16.16,16.28,0.0
2018-05-22 13:30:00,CBOE:VIX6M,16.19,16.53,16.13,16.4,0.0
2018-05-23 13:30:00,CBOE:VIX6M,16.91,17.0,16.17,16.19,0.0
2018-05-24 13:30:00,CBOE:VIX6M,16.34,17.31,16.14,16.16,0.0
2018-05-25 13:30:00,CBOE:VIX6M,16.36,16.53,16.22,16.43,0.0
2018-05-29 13:30:00,CBOE:VIX6M,17.19,18.41,16.81,17.94,0.0
2018-05-30 13:30:00,CBOE:VIX6M,17.48,17.54,17.03,17.26,0.0
2018-05-31 13:30:00,CBOE:VIX6M,17.34,17.79,17.22,17.54,0.0
2018-06-01 13:30:00,CBOE:VIX6M,17.01,17.01,16.65,16.81,0.0
2018-06-04 13:30:00,CBOE:VIX6M,16.68,16.73,16.42,16.47,0.0
2018-06-05 13:30:00,CBOE:VIX6M,16.48,16.67,16.31,16.31,0.0
2018-06-06 13:30:00,CBOE:VIX6M,16.26,16.46,15.94,15.97,0.0
2018-06-07 13:30:00,CBOE:VIX6M,15.93,16.52,15.81,16.06,0.0
2018-06-08 13:30:00,CBOE:VIX6M,16.44,16.51,16.03,16.13,0.0
2018-06-11 13:30:00,CBOE:VIX6M,16.19,16.22,15.99,16.12,0.0
2018-06-12 13:30:00,CBOE:VIX6M,16.14,16.26,16.08,16.17,0.0
2018-06-13 13:30:00,CBOE:VIX6M,16.08,16.65,16.01,16.43,0.0
2018-06-14 13:30:00,CBOE:VIX6M,16.09,16.31,15.98,16.09,0.0
2018-06-15 13:30:00,CBOE:VIX6M,16.36,16.67,16.18,16.32,0.0
2018-06-18 13:30:00,CBOE:VIX6M,16.8,16.9,16.3,16.35,0.0
2018-06-19 13:30:00,CBOE:VIX6M,17.21,17.25,16.8,16.89,0.0
2018-06-20 13:30:00,CBOE:VIX6M,16.52,16.92,16.48,16.52,0.0
2018-06-21 13:30:00,CBOE:VIX6M,16.68,17.36,16.67,17.2,0.0
2018-06-22 13:30:00,CBOE:VIX6M,16.6,17.03,16.6,16.92,0.0
2018-06-25 13:30:00,CBOE:VIX6M,17.33,19.17,17.3,18.27,0.0
2018-06-26 13:30:00,CBOE:VIX6M,17.9,18.13,17.54,17.79,0.0
2018-06-27 13:30:00,CBOE:VIX6M,17.71,18.78,17.31,18.66,0.0
2018-06-28 13:30:00,CBOE:VIX6M,18.73,19.25,18.01,18.29,0.0
2018-06-29 13:30:00,CBOE:VIX6M,17.81,18.22,17.44,18.09,0.0
2018-07-02 13:30:00,CBOE:VIX6M,18.76,18.84,17.95,17.97,0.0
2018-07-03 13:30:00,CBOE:VIX6M,17.75,18.36,17.57,18.23,0.0
2018-07-05 13:30:00,CBOE:VIX6M,17.73,18.17,17.57,17.63,0.0
2018-07-06 13:30:00,CBOE:VIX6M,17.64,17.7,17.02,17.07,0.0
2018-07-09 13:30:00,CBOE:VIX6M,16.81,16.81,16.27,16.29,0.0
2018-07-10 13:30:00,CBOE:VIX6M,16.19,16.38,16.05,16.11,0.0
2018-07-11 13:30:00,CBOE:VIX6M,16.67,16.67,16.34,16.54,0.0
2018-07-12 13:30:00,CBOE:VIX6M,16.15,16.4,16.05,16.1,0.0
2018-07-13 13:30:00,CBOE:VIX6M,16.16,16.34,15.9,15.9,0.0
2018-07-16 13:30:00,CBOE:VIX6M,16.0,16.16,15.91,16.1,0.0
2018-07-17 13:30:00,CBOE:VIX6M,16.22,16.22,15.7,15.83,0.0
2018-07-18 13:30:00,CBOE:VIX6M,15.86,16.0,15.77,15.88,0.0
2018-07-19 13:30:00,CBOE:VIX6M,16.12,16.35,16.0,16.22,0.0
2018-07-20 13:30:00,CBOE:VIX6M,16.38,16.46,16.17,16.41,0.0
2018-07-23 13:30:00,CBOE:VIX6M,16.5,16.67,16.23,16.24,0.0
2018-07-24 13:30:00,CBOE:VIX6M,15.98,16.46,15.93,16.09,0.0
2018-07-25 13:30:00,CBOE:VIX6M,16.21,16.21,15.61,15.89,0.0
2018-07-26 13:30:00,CBOE:VIX6M,15.88,16.13,15.76,15.87,0.0
2018-07-27 13:30:00,CBOE:VIX6M,15.88,16.7,15.84,16.22,0.0
2018-07-30 13:30:00,CBOE:VIX6M,16.25,16.77,16.21,16.68,0.0
2018-07-31 13:30:00,CBOE:VIX6M,16.32,16.54,16.21,16.21,0.0
2018-08-01 13:30:00,CBOE:VIX6M,16.25,16.52,16.04,16.41,0.0
2018-08-02 13:30:00,CBOE:VIX6M,16.87,16.9,16.06,16.08,0.0
2018-08-03 13:30:00,CBOE:VIX6M,16.19,16.19,15.82,15.9,0.0
2018-08-06 13:30:00,CBOE:VIX6M,16.06,16.09,15.61,15.68,0.0
2018-08-07 13:30:00,CBOE:VIX6M,15.54,15.57,15.36,15.41,0.0
2018-08-08 13:30:00,CBOE:VIX6M,15.5,15.59,15.28,15.45,0.0
2018-08-09 13:30:00,CBOE:VIX6M,15.45,15.6,15.34,15.54,0.0
2018-08-10 13:30:00,CBOE:VIX6M,16.14,16.43,15.92,16.29,0.0
2018-08-13 13:30:00,CBOE:VIX6M,16.42,17.0,16.14,16.97,0.0
2018-08-14 13:30:00,CBOE:VIX6M,16.61,16.87,16.35,16.39,0.0
2018-08-15 13:30:00,CBOE:VIX6M,17.04,17.9,16.9,16.94,0.0
2018-08-16 13:30:00,CBOE:VIX6M,16.51,16.63,16.22,16.47,0.0
2018-08-17 13:30:00,CBOE:VIX6M,16.61,16.75,16.14,16.26,0.0
2018-08-20 13:30:00,CBOE:VIX6M,16.13,16.2,16.06,16.15,0.0
2018-08-21 13:30:00,CBOE:VIX6M,16.13,16.33,15.93,16.33,0.0
2018-08-22 13:30:00,CBOE:VIX6M,16.35,16.41,16.11,16.25,0.0
2018-08-23 13:30:00,CBOE:VIX6M,16.25,16.41,15.95,16.28,0.0
2018-08-24 13:30:00,CBOE:VIX6M,16.09,16.14,15.9,16.07,0.0
2018-08-27 13:30:00,CBOE:VIX6M,15.99,16.08,15.95,16.0,0.0
2018-08-28 13:30:00,CBOE:VIX6M,15.97,16.26,15.93,16.25,0.0
2018-08-29 13:30:00,CBOE:VIX6M,16.22,16.32,16.06,16.2,0.0
2018-08-30 13:30:00,CBOE:VIX6M,16.38,16.91,16.28,16.69,0.0
2018-08-31 13:30:00,CBOE:VIX6M,16.7,16.94,16.37,16.43,0.0
2018-09-04 13:30:00,CBOE:VIX6M,16.85,17.09,16.59,16.59,0.0
2018-09-05 13:30:00,CBOE:VIX6M,16.84,17.15,16.73,16.93,0.0
2018-09-06 13:30:00,CBOE:VIX6M,16.91,17.46,16.87,17.26,0.0
2018-09-07 13:30:00,CBOE:VIX6M,17.57,17.67,17.14,17.47,0.0
2018-09-10 13:30:00,CBOE:VIX6M,17.22,17.3,17.03,17.15,0.0
2018-09-11 13:30:00,CBOE:VIX6M,17.34,17.41,16.64,16.64,0.0
2018-09-12 13:30:00,CBOE:VIX6M,16.71,16.74,16.3,16.4,0.0
2018-09-13 13:30:00,CBOE:VIX6M,16.12,16.14,15.84,15.86,0.0
2018-09-14 13:30:00,CBOE:VIX6M,15.82,15.92,15.6,15.6,0.0
2018-09-17 13:30:00,CBOE:VIX6M,15.75,16.16,15.69,16.1,0.0
2018-09-18 13:30:00,CBOE:VIX6M,15.96,16.09,15.76,15.99,0.0
2018-09-19 13:30:00,CBOE:VIX6M,15.8,15.89,15.66,15.85,0.0
2018-09-20 13:30:00,CBOE:VIX6M,15.67,15.78,15.6,15.7,0.0
2018-09-21 13:30:00,CBOE:VIX6M,15.67,15.93,15.57,15.9,0.0
2018-09-24 13:30:00,CBOE:VIX6M,16.21,16.41,15.94,15.96,0.0
2018-09-25 13:30:00,CBOE:VIX6M,15.87,16.12,15.85,16.05,0.0
2018-09-26 13:30:00,CBOE:VIX6M,16.03,16.39,15.65,16.2,0.0
2018-09-27 13:30:00,CBOE:VIX6M,16.0,16.12,15.8,16.07,0.0
2018-09-28 13:30:00,CBOE:VIX6M,16.22,16.26,15.93,15.98,0.0
2018-10-01 13:30:00,CBOE:VIX6M,15.78,16.14,15.63,15.95,0.0
2018-10-02 13:30:00,CBOE:VIX6M,16.05,16.15,15.78,16.03,0.0
2018-10-03 13:30:00,CBOE:VIX6M,15.82,16.13,15.78,15.96,0.0
2018-10-04 13:30:00,CBOE:VIX6M,16.3,17.34,16.3,16.7,0.0
2018-10-05 13:30:00,CBOE:VIX6M,16.55,18.03,16.35,17.14,0.0
2018-10-08 13:30:00,CBOE:VIX6M,17.67,18.32,17.34,17.36,0.0
2018-10-09 13:30:00,CBOE:VIX6M,17.64,17.88,17.14,17.4,0.0
2018-10-10 13:30:00,CBOE:VIX6M,17.79,20.31,17.76,20.31,0.0
2018-10-11 13:30:00,CBOE:VIX6M,19.88,22.31,19.44,20.88,0.0
2018-10-12 13:30:00,CBOE:VIX6M,19.7,21.66,19.51,19.87,0.0
2018-10-15 13:30:00,CBOE:VIX6M,20.06,20.57,19.37,20.27,0.0
2018-10-16 13:30:00,CBOE:VIX6M,19.41,19.6,18.54,18.58,0.0
2018-10-17 13:30:00,CBOE:VIX6M,18.7,19.55,18.62,18.64,0.0
2018-10-18 13:30:00,CBOE:VIX6M,19.12,20.54,18.94,19.93,0.0
2018-10-19 13:30:00,CBOE:VIX6M,19.71,20.44,19.26,20.03,0.0
2018-10-22 13:30:00,CBOE:VIX6M,19.59,20.46,19.52,20.01,0.0
2018-10-23 13:30:00,CBOE:VIX6M,21.68,21.72,20.12,20.29,0.0
2018-10-24 13:30:00,CBOE:VIX6M,20.4,22.61,20.27,22.04,0.0
2018-10-25 13:30:00,CBOE:VIX6M,21.7,22.08,20.99,21.84,0.0
2018-10-26 13:30:00,CBOE:VIX6M,22.68,23.19,21.66,21.97,0.0
2018-10-29 13:30:00,CBOE:VIX6M,21.41,23.58,21.06,22.27,0.0
2018-10-30 13:30:00,CBOE:VIX6M,22.59,22.61,21.59,21.72,0.0
2018-10-31 13:30:00,CBOE:VIX6M,21.15,21.45,20.68,21.0,0.0
2018-11-01 13:30:00,CBOE:VIX6M,20.76,21.05,20.21,20.23,0.0
2018-11-02 13:30:00,CBOE:VIX6M,19.93,21.33,19.75,20.45,0.0
2018-11-05 14:30:00,CBOE:VIX6M,20.45,20.78,20.17,20.25,0.0
2018-11-06 14:30:00,CBOE:VIX6M,20.27,20.27,19.67,19.7,0.0
2018-11-07 14:30:00,CBOE:VIX6M,18.86,19.0,18.24,18.29,0.0
2018-11-08 14:30:00,CBOE:VIX6M,18.31,18.49,18.03,18.24,0.0
2018-11-09 14:30:00,CBOE:VIX6M,18.59,19.27,18.53,18.94,0.0
2018-11-12 14:30:00,CBOE:VIX6M,19.03,20.33,19.03,20.16,0.0
2018-11-13 14:30:00,CBOE:VIX6M,20.11,20.7,19.68,20.29,0.0
2018-11-14 14:30:00,CBOE:VIX6M,19.92,21.49,19.91,21.04,0.0
2018-11-15 14:30:00,CBOE:VIX6M,21.49,21.96,20.44,20.48,0.0
2018-11-16 14:30:00,CBOE:VIX6M,20.95,21.03,19.8,19.82,0.0
2018-11-19 14:30:00,CBOE:VIX6M,20.06,21.2,19.93,20.79,0.0
2018-11-20 14:30:00,CBOE:VIX6M,22.1,22.54,21.64,22.09,0.0
2018-11-21 14:30:00,CBOE:VIX6M,21.55,21.8,21.12,21.47,0.0
2018-11-23 14:30:00,CBOE:VIX6M,22.0,22.0,21.42,21.79,0.0
2018-11-26 14:30:00,CBOE:VIX6M,21.18,21.23,20.43,20.55,0.0
2018-11-27 14:30:00,CBOE:VIX6M,20.74,20.89,20.21,20.4,0.0
2018-11-28 14:30:00,CBOE:VIX6M,20.18,20.49,19.66,19.79,0.0
2018-11-29 14:30:00,CBOE:VIX6M,20.06,20.61,19.75,19.92,0.0
2018-11-30 14:30:00,CBOE:VIX6M,20.15,20.2,19.48,19.49,0.0
2018-12-03 14:30:00,CBOE:VIX6M,18.58,19.06,18.58,18.66,0.0
2018-12-04 14:30:00,CBOE:VIX6M,18.76,20.91,18.62,20.6,0.0
2018-12-06 14:30:00,CBOE:VIX6M,22.37,22.98,20.66,20.83,0.0
2018-12-07 14:30:00,CBOE:VIX6M,20.87,22.52,20.35,21.89,0.0
2018-12-10 14:30:00,CBOE:VIX6M,21.99,23.15,21.63,21.68,0.0
2018-12-11 14:30:00,CBOE:VIX6M,21.08,22.48,21.08,21.57,0.0
2018-12-12 14:30:00,CBOE:VIX6M,21.07,21.73,20.98,21.57,0.0
2018-12-13 14:30:00,CBOE:VIX6M,21.27,21.88,21.13,21.61,0.0
2018-12-14 14:30:00,CBOE:VIX6M,21.9,22.37,21.69,22.02,0.0
2018-12-17 14:30:00,CBOE:VIX6M,22.47,23.65,22.26,23.05,0.0
2018-12-18 14:30:00,CBOE:VIX6M,22.96,23.8,22.79,23.39,0.0
2018-12-19 14:30:00,CBOE:VIX6M,23.28,23.7,22.26,23.62,0.0
2018-12-20 14:30:00,CBOE:VIX6M,23.76,25.2,23.54,24.33,0.0
2018-12-21 14:30:00,CBOE:VIX6M,24.49,25.21,23.53,24.86,0.0
2018-12-24 14:30:00,CBOE:VIX6M,25.26,26.39,25.01,26.36,0.0
2018-12-26 14:30:00,CBOE:VIX6M,25.56,25.97,23.76,24.37,0.0
2018-12-27 14:30:00,CBOE:VIX6M,24.94,25.83,24.2,24.23,0.0
2018-12-28 14:30:00,CBOE:VIX6M,24.14,24.88,23.47,23.95,0.0
2018-12-31 14:30:00,CBOE:VIX6M,23.41,23.5,22.87,22.93,0.0
2019-01-02 14:30:00,CBOE:VIX6M,23.83,23.83,22.27,22.31,0.0
2019-01-03 14:30:00,CBOE:VIX6M,22.88,23.69,22.71,23.36,0.0
2019-01-04 14:30:00,CBOE:VIX6M,22.54,22.61,21.73,21.76,0.0
2019-01-07 14:30:00,CBOE:VIX6M,21.89,22.04,21.28,21.53,0.0
2019-01-08 14:30:00,CBOE:VIX6M,21.22,21.68,21.0,21.17,0.0
2019-01-09 14:30:00,CBOE:VIX6M,20.99,21.21,20.68,20.9,0.0
2019-01-10 14:30:00,CBOE:VIX6M,21.19,21.4,20.72,20.86,0.0
2019-01-11 14:30:00,CBOE:VIX6M,21.06,21.11,20.3,20.35,0.0
2019-01-14 14:30:00,CBOE:VIX6M,20.94,20.96,20.05,20.39,0.0
2019-01-15 14:30:00,CBOE:VIX6M,20.34,20.34,19.39,19.73,0.0
2019-01-16 14:30:00,CBOE:VIX6M,19.6,19.84,19.28,19.84,0.0
2019-01-17 14:30:00,CBOE:VIX6M,19.91,19.95,19.34,19.62,0.0
2019-01-18 14:30:00,CBOE:VIX6M,19.28,19.48,18.96,19.27,0.0
2019-01-22 14:30:00,CBOE:VIX6M,19.62,20.72,19.48,20.55,0.0
2019-01-23 14:30:00,CBOE:VIX6M,20.14,21.15,20.02,20.09,0.0
2019-01-24 14:30:00,CBOE:VIX6M,20.21,20.34,19.7,19.85,0.0
2019-01-25 14:30:00,CBOE:VIX6M,19.43,19.53,19.13,19.3,0.0
2019-01-28 14:30:00,CBOE:VIX6M,20.06,20.25,19.63,19.68,0.0
2019-01-29 14:30:00,CBOE:VIX6M,19.59,19.96,19.48,19.68,0.0
2019-01-30 14:30:00,CBOE:VIX6M,19.51,19.72,18.87,19.04,0.0
2019-01-31 14:30:00,CBOE:VIX6M,19.07,19.12,18.44,18.44,0.0
2019-02-01 14:30:00,CBOE:VIX6M,18.45,18.74,18.08,18.32,0.0
2019-02-04 14:30:00,CBOE:VIX6M,18.4,18.46,17.9,17.96,0.0
2019-02-05 14:30:00,CBOE:VIX6M,17.93,17.93,17.39,17.79,0.0
2019-02-06 14:30:00,CBOE:VIX6M,17.69,17.77,17.49,17.69,0.0
2019-02-07 14:30:00,CBOE:VIX6M,18.19,18.69,17.95,18.05,0.0
2019-02-08 14:30:00,CBOE:VIX6M,18.38,18.59,17.88,17.9,0.0
2019-02-11 14:30:00,CBOE:VIX6M,17.8,18.05,17.76,17.85,0.0
2019-02-12 14:30:00,CBOE:VIX6M,17.49,17.59,17.35,17.51,0.0
2019-02-13 14:30:00,CBOE:VIX6M,17.45,17.68,17.36,17.62,0.0
2019-02-14 14:30:00,CBOE:VIX6M,18.03,18.23,17.68,17.98,0.0
2019-02-15 14:30:00,CBOE:VIX6M,17.59,17.7,17.38,17.4,0.0
2019-02-19 14:30:00,CBOE:VIX6M,17.63,17.63,17.04,17.19,0.0
2019-02-20 14:30:00,CBOE:VIX6M,17.2,17.2,16.73,16.75,0.0
2019-02-21 14:30:00,CBOE:VIX6M,17.0,17.16,16.7,16.97,0.0
2019-02-22 14:30:00,CBOE:VIX6M,16.79,16.83,16.52,16.53,0.0
2019-02-25 14:30:00,CBOE:VIX6M,16.41,16.84,16.33,16.81,0.0
2019-02-26 14:30:00,CBOE:VIX6M,17.0,17.08,16.76,17.08,0.0
2019-02-27 14:30:00,CBOE:VIX6M,17.17,17.5,16.82,16.83,0.0
2019-02-28 14:30:00,CBOE:VIX6M,16.82,17.12,16.79,16.93,0.0
2019-03-01 14:30:00,CBOE:VIX6M,16.64,16.95,16.41,16.48,0.0
2019-03-04 14:30:00,CBOE:VIX6M,16.42,17.65,16.29,16.93,0.0
2019-03-05 14:30:00,CBOE:VIX6M,16.95,17.24,16.81,16.99,0.0
2019-03-06 14:30:00,CBOE:VIX6M,17.07,17.58,17.07,17.47,0.0
2019-03-07 14:30:00,CBOE:VIX6M,17.69,18.29,17.49,17.87,0.0
2019-03-08 14:30:00,CBOE:VIX6M,18.5,18.57,17.79,17.81,0.0
2019-03-11 13:30:00,CBOE:VIX6M,17.73,17.73,17.0,17.0,0.0
2019-03-12 13:30:00,CBOE:VIX6M,16.95,16.96,16.62,16.74,0.0
2019-03-13 13:30:00,CBOE:VIX6M,16.58,16.62,16.34,16.46,0.0
2019-03-14 13:30:00,CBOE:VIX6M,16.5,16.65,16.29,16.45,0.0
2019-03-15 13:30:00,CBOE:VIX6M,16.38,16.38,16.05,16.24,0.0
2019-03-18 13:30:00,CBOE:VIX6M,16.35,16.57,16.23,16.36,0.0
2019-03-19 13:30:00,CBOE:VIX6M,16.13,16.76,16.13,16.61,0.0
2019-03-20 13:30:00,CBOE:VIX6M,16.72,16.92,16.3,16.78,0.0
2019-03-21 13:30:00,CBOE:VIX6M,16.83,16.83,16.34,16.5,0.0
2019-03-22 13:30:00,CBOE:VIX6M,16.81,18.08,16.71,17.78,0.0
2019-03-25 13:30:00,CBOE:VIX6M,18.04,18.34,17.64,17.83,0.0
2019-03-26 13:30:00,CBOE:VIX6M,17.34,17.61,17.16,17.28,0.0
2019-03-27 13:30:00,CBOE:VIX6M,17.27,18.09,17.17,17.56,0.0
2019-03-28 13:30:00,CBOE:VIX6M,17.39,17.76,17.23,17.25,0.0
2019-03-29 13:30:00,CBOE:VIX6M,16.97,17.16,16.84,16.89,0.0
2019-04-01 13:30:00,CBOE:VIX6M,16.75,16.86,16.45,16.53,0.0
2019-04-02 13:30:00,CBOE:VIX6M,16.59,16.71,16.51,16.63,0.0
2019-04-03 13:30:00,CBOE:VIX6M,16.42,16.85,16.36,16.6,0.0
2019-04-04 13:30:00,CBOE:VIX6M,16.6,16.77,16.46,16.56,0.0
2019-04-05 13:30:00,CBOE:VIX6M,16.38,16.45,16.22,16.28,0.0
2019-04-08 13:30:00,CBOE:VIX6M,16.48,16.61,16.34,16.38,0.0
2019-04-09 13:30:00,CBOE:VIX6M,16.69,16.97,16.61,16.9,0.0
2019-04-10 13:30:00,CBOE:VIX6M,16.75,16.86,16.48,16.49,0.0
2019-04-11 13:30:00,CBOE:VIX6M,16.44,16.56,16.29,16.43,0.0
2019-04-12 13:30:00,CBOE:VIX6M,16.13,16.2,15.98,16.04,0.0
2019-04-15 13:30:00,CBOE:VIX6M,16.07,16.47,16.07,16.09,0.0
2019-04-16 13:30:00,CBOE:VIX6M,15.96,16.19,15.89,16.06,0.0
2019-04-17 13:30:00,CBOE:VIX6M,15.86,16.46,15.86,16.29,0.0
2019-04-18 13:30:00,CBOE:VIX6M,16.1,16.42,16.07,16.14,0.0
2019-04-22 13:30:00,CBOE:VIX6M,16.45,16.47,16.19,16.19,0.0
2019-04-23 13:30:00,CBOE:VIX6M,16.11,16.14,15.93,16.0,0.0
2019-04-24 13:30:00,CBOE:VIX6M,16.11,16.32,16.01,16.28,0.0
2019-04-25 13:30:00,CBOE:VIX6M,16.44,16.82,16.19,16.44,0.0
2019-04-26 13:30:00,CBOE:VIX6M,16.38,16.49,16.04,16.2,0.0
2019-04-29 13:30:00,CBOE:VIX6M,16.31,16.46,16.18,16.46,0.0
2019-04-30 13:30:00,CBOE:VIX6M,16.52,16.9,16.36,16.43,0.0
2019-05-01 13:30:00,CBOE:VIX6M,16.4,17.11,16.22,17.09,0.0
2019-05-02 13:30:00,CBOE:VIX6M,16.96,17.53,16.68,17.0,0.0
2019-05-03 13:30:00,CBOE:VIX6M,16.62,16.63,16.33,16.38,0.0
2019-05-06 13:30:00,CBOE:VIX6M,18.1,18.1,16.98,17.15,0.0
2019-05-07 13:30:00,CBOE:VIX6M,17.84,19.58,17.82,18.63,0.0
2019-05-08 13:30:00,CBOE:VIX6M,18.83,19.04,17.98,18.6,0.0
2019-05-09 13:30:00,CBOE:VIX6M,19.6,19.99,18.33,18.38,0.0
2019-05-10 13:30:00,CBOE:VIX6M,18.3,19.1,17.34,17.47,0.0
2019-05-13 13:30:00,CBOE:VIX6M,19.11,19.66,18.77,19.34,0.0
2019-05-14 13:30:00,CBOE:VIX6M,18.74,18.74,18.13,18.37,0.0
2019-05-15 13:30:00,CBOE:VIX6M,18.77,18.82,17.73,17.81,0.0
2019-05-16 13:30:00,CBOE:VIX6M,17.8,17.8,17.18,17.35,0.0
2019-05-17 13:30:00,CBOE:VIX6M,17.89,17.89,17.18,17.57,0.0
2019-05-20 13:30:00,CBOE:VIX6M,17.97,18.15,17.48,17.69,0.0
2019-05-21 13:30:00,CBOE:VIX6M,17.32,17.35,17.09,17.12,0.0
2019-05-22 13:30:00,CBOE:VIX6M,17.29,17.33,17.01,17.1,0.0
2019-05-23 13:30:00,CBOE:VIX6M,17.84,18.39,17.73,18.01,0.0
2019-05-24 13:30:00,CBOE:VIX6M,17.55,17.94,17.43,17.72,0.0
2019-05-28 13:30:00,CBOE:VIX6M,17.73,18.32,17.54,18.29,0.0
2019-05-29 13:30:00,CBOE:VIX6M,18.66,18.94,18.35,18.61,0.0
2019-05-30 13:30:00,CBOE:VIX6M,18.3,18.87,18.18,18.48,0.0
2019-05-31 13:30:00,CBOE:VIX6M,19.17,19.29,18.85,19.14,0.0
2019-06-03 13:30:00,CBOE:VIX6M,18.96,19.51,18.78,19.09,0.0
2019-06-04 13:30:00,CBOE:VIX6M,18.68,18.84,18.17,18.17,0.0
2019-06-05 13:30:00,CBOE:VIX6M,17.97,18.43,17.82,17.82,0.0
2019-06-06 13:30:00,CBOE:VIX6M,17.84,18.03,17.58,17.67,0.0
2019-06-07 13:30:00,CBOE:VIX6M,17.69,17.87,17.52,17.86,0.0
2019-06-10 13:30:00,CBOE:VIX6M,17.58,17.81,17.5,17.66,0.0
2019-06-11 13:30:00,CBOE:VIX6M,17.43,18.05,17.41,17.81,0.0
2019-06-12 13:30:00,CBOE:VIX6M,17.81,18.12,17.8,17.82,0.0
2019-06-13 13:30:00,CBOE:VIX6M,17.65,17.81,17.56,17.64,0.0
2019-06-14 13:30:00,CBOE:VIX6M,17.73,17.86,17.43,17.48,0.0
2019-06-17 13:30:00,CBOE:VIX6M,17.51,17.64,17.41,17.49,0.0
2019-06-18 13:30:00,CBOE:VIX6M,17.3,19.25,17.15,17.38,0.0
2019-06-19 13:30:00,CBOE:VIX6M,17.28,17.57,17.09,17.14,0.0
2019-06-20 13:30:00,CBOE:VIX6M,16.91,17.56,16.78,17.05,0.0
2019-06-21 13:30:00,CBOE:VIX6M,17.0,17.44,16.98,17.43,0.0
2019-06-24 13:30:00,CBOE:VIX6M,17.26,17.41,17.23,17.27,0.0
2019-06-25 13:30:00,CBOE:VIX6M,17.28,17.95,17.28,17.78,0.0
2019-06-26 13:30:00,CBOE:VIX6M,17.6,17.91,17.47,17.8,0.0
2019-06-27 13:30:00,CBOE:VIX6M,17.62,17.8,17.5,17.52,0.0
2019-06-28 13:30:00,CBOE:VIX6M,17.42,17.55,16.96,16.96,0.0
2019-07-01 13:30:00,CBOE:VIX6M,16.43,16.7,16.34,16.38,0.0
2019-07-02 13:30:00,CBOE:VIX6M,16.39,16.48,15.92,15.92,0.0
2019-07-03 13:30:00,CBOE:VIX6M,15.96,16.1,15.74,15.74,0.0
2019-07-05 13:30:00,CBOE:VIX6M,16.18,16.5,15.87,15.99,0.0
2019-07-08 13:30:00,CBOE:VIX6M,16.28,16.51,16.25,16.36,0.0
2019-07-09 13:30:00,CBOE:VIX6M,16.7,16.7,16.41,16.47,0.0
2019-07-10 13:30:00,CBOE:VIX6M,16.31,16.35,15.95,16.25,0.0
2019-07-11 13:30:00,CBOE:VIX6M,16.17,16.41,16.04,16.15,0.0
2019-07-12 13:30:00,CBOE:VIX6M,16.04,16.15,15.97,16.09,0.0
2019-07-15 13:30:00,CBOE:VIX6M,16.14,16.35,16.13,16.28,0.0
2019-07-16 13:30:00,CBOE:VIX6M,16.19,16.44,16.15,16.39,0.0
2019-07-17 13:30:00,CBOE:VIX6M,16.28,16.85,16.22,16.84,0.0
2019-07-18 13:30:00,CBOE:VIX6M,16.87,17.03,16.45,16.61,0.0
2019-07-19 13:30:00,CBOE:VIX6M,16.47,16.9,16.44,16.9,0.0
2019-07-22 13:30:00,CBOE:VIX6M,16.81,16.86,16.47,16.57,0.0
2019-07-23 13:30:00,CBOE:VIX6M,16.35,16.49,16.13,16.18,0.0
2019-07-24 13:30:00,CBOE:VIX6M,16.38,16.38,15.88,15.93,0.0
2019-07-25 13:30:00,CBOE:VIX6M,16.11,16.76,16.09,16.25,0.0
2019-07-26 13:30:00,CBOE:VIX6M,16.1,16.1,15.84,15.95,0.0
2019-07-29 13:30:00,CBOE:VIX6M,16.07,16.28,16.0,16.16,0.0
2019-07-30 13:30:00,CBOE:VIX6M,16.59,16.68,16.36,16.61,0.0
2019-07-31 13:30:00,CBOE:VIX6M,16.57,18.23,16.39,17.47,0.0
2019-08-01 13:30:00,CBOE:VIX6M,17.17,18.74,16.64,18.17,0.0
2019-08-02 13:30:00,CBOE:VIX6M,18.21,18.84,17.99,18.11,0.0
2019-08-05 13:30:00,CBOE:VIX6M,19.56,20.82,19.33,20.81,0.0
2019-08-06 13:30:00,CBOE:VIX6M,19.42,20.22,19.17,19.41,0.0
2019-08-07 13:30:00,CBOE:VIX6M,20.24,20.6,19.03,19.26,0.0
2019-08-08 13:30:00,CBOE:VIX6M,18.87,19.05,18.02,18.05,0.0
2019-08-09 13:30:00,CBOE:VIX6M,18.38,19.05,18.22,18.56,0.0
2019-08-12 13:30:00,CBOE:VIX6M,19.13,20.53,18.93,19.87,0.0
2019-08-13 13:30:00,CBOE:VIX6M,19.94,19.97,18.49,18.69,0.0
2019-08-14 13:30:00,CBOE:VIX6M,20.01,20.94,19.76,20.73,0.0
2019-08-15 13:30:00,CBOE:VIX6M,20.64,21.34,20.4,20.58,0.0
2019-08-16 13:30:00,CBOE:VIX6M,20.01,20.01,19.42,19.64,0.0
2019-08-19 13:30:00,CBOE:VIX6M,19.0,19.18,18.67,18.82,0.0
2019-08-20 13:30:00,CBOE:VIX6M,18.8,19.17,18.63,19.15,0.0
2019-08-21 13:30:00,CBOE:VIX6M,18.32,18.57,18.23,18.37,0.0
2019-08-22 13:30:00,CBOE:VIX6M,18.37,19.11,18.33,18.75,0.0
2019-08-23 13:30:00,CBOE:VIX6M,19.19,20.88,18.54,20.22,0.0
2019-08-26 13:30:00,CBOE:VIX6M,19.91,20.63,19.77,19.88,0.0
2019-08-27 13:30:00,CBOE:VIX6M,19.72,20.74,19.68,20.56,0.0
2019-08-28 13:30:00,CBOE:VIX6M,20.86,21.03,20.07,20.16,0.0
2019-08-29 13:30:00,CBOE:VIX6M,19.62,19.87,19.37,19.45,0.0
2019-08-30 13:30:00,CBOE:VIX6M,19.23,19.93,19.21,19.85,0.0
2019-09-03 13:30:00,CBOE:VIX6M,20.37,20.63,20.05,20.36,0.0
2019-09-04 13:30:00,CBOE:VIX6M,19.72,20.0,19.43,19.43,0.0
2019-09-05 13:30:00,CBOE:VIX6M,19.09,19.09,18.66,18.88,0.0
2019-09-06 13:30:00,CBOE:VIX6M,18.68,18.83,18.47,18.51,0.0
2019-09-09 13:30:00,CBOE:VIX6M,18.46,18.9,18.4,18.58,0.0
2019-09-10 13:30:00,CBOE:VIX6M,18.79,19.05,18.45,18.48,0.0
2019-09-11 13:30:00,CBOE:VIX6M,18.54,18.56,18.25,18.25,0.0
2019-09-12 13:30:00,CBOE:VIX6M,18.11,18.41,17.93,18.07,0.0
2019-09-13 13:30:00,CBOE:VIX6M,18.01,18.18,17.83,18.04,0.0
2019-09-16 13:30:00,CBOE:VIX6M,18.53,18.56,18.29,18.47,0.0
2019-09-17 13:30:00,CBOE:VIX6M,18.58,19.05,18.52,18.54,0.0
2019-09-18 13:30:00,CBOE:VIX6M,18.64,19.45,18.24,18.31,0.0
2019-09-19 13:30:00,CBOE:VIX6M,18.22,18.34,17.9,18.26,0.0
2019-09-20 13:30:00,CBOE:VIX6M,18.0,19.06,17.97,18.96,0.0
2019-09-23 13:30:00,CBOE:VIX6M,18.97,19.04,18.97,19.04,0.0
2019-09-24 13:30:00,CBOE:VIX6M,18.99,19.82,18.43,19.44,0.0
2019-09-25 13:30:00,CBOE:VIX6M,19.42,20.19,18.93,19.06,0.0
2019-09-26 13:30:00,CBOE:VIX6M,19.1,19.54,19.02,19.16,0.0
2019-09-27 13:30:00,CBOE:VIX6M,19.0,20.21,18.94,19.62,0.0
2019-09-30 13:30:00,CBOE:VIX6M,19.41,19.46,19.01,19.02,0.0
2019-10-01 13:30:00,CBOE:VIX6M,18.92,20.05,18.8,20.03,0.0
2019-10-02 13:30:00,CBOE:VIX6M,20.41,21.18,20.39,21.0,0.0
2019-10-03 13:30:00,CBOE:VIX6M,20.91,21.52,20.38,20.4,0.0
2019-10-04 13:30:00,CBOE:VIX6M,20.16,20.16,19.46,19.51,0.0
2019-10-07 13:30:00,CBOE:VIX6M,19.81,19.92,19.27,19.76,0.0
2019-10-08 13:30:00,CBOE:VIX6M,20.29,20.93,20.08,20.82,0.0
2019-10-09 13:30:00,CBOE:VIX6M,20.39,20.57,20.01,20.26,0.0
2019-10-10 13:30:00,CBOE:VIX6M,20.4,20.58,19.69,19.74,0.0
2019-10-11 13:30:00,CBOE:VIX6M,19.22,19.24,18.63,18.86,0.0
2019-10-14 13:30:00,CBOE:VIX6M,18.9,18.96,18.53,18.58,0.0
2019-10-15 13:30:00,CBOE:VIX6M,18.28,18.29,17.91,18.1,0.0
2019-10-16 13:30:00,CBOE:VIX6M,18.26,18.37,18.08,18.12,0.0
2019-10-17 13:30:00,CBOE:VIX6M,17.95,18.24,17.87,18.01,0.0
2019-10-18 13:30:00,CBOE:VIX6M,18.19,18.57,18.07,18.21,0.0
2019-10-21 13:30:00,CBOE:VIX6M,17.95,18.11,17.81,17.82,0.0
2019-10-22 13:30:00,CBOE:VIX6M,17.73,18.17,17.65,18.02,0.0
2019-10-23 13:30:00,CBOE:VIX6M,18.03,18.1,17.8,17.84,0.0
2019-10-24 13:30:00,CBOE:VIX6M,17.7,17.97,17.67,17.84,0.0
2019-10-25 13:30:00,CBOE:VIX6M,17.82,17.82,17.4,17.45,0.0
2019-10-28 13:30:00,CBOE:VIX6M,17.48,17.63,17.4,17.59,0.0
2019-10-29 13:30:00,CBOE:VIX6M,17.76,17.9,17.56,17.77,0.0
2019-10-30 13:30:00,CBOE:VIX6M,17.83,18.1,17.34,17.48,0.0
2019-10-31 13:30:00,CBOE:VIX6M,17.67,18.06,17.63,17.71,0.0
2019-11-01 13:30:00,CBOE:VIX6M,17.36,17.68,17.19,17.29,0.0
2019-11-04 14:30:00,CBOE:VIX6M,17.16,17.51,17.16,17.38,0.0
2019-11-05 14:30:00,CBOE:VIX6M,17.45,17.65,17.37,17.65,0.0
2019-11-06 14:30:00,CBOE:VIX6M,17.73,17.88,17.62,17.66,0.0
2019-11-07 14:30:00,CBOE:VIX6M,17.57,17.76,17.47,17.64,0.0
2019-11-08 14:30:00,CBOE:VIX6M,17.77,17.91,17.45,17.5,0.0
2019-11-11 14:30:00,CBOE:VIX6M,17.99,17.99,17.47,17.54,0.0
2019-11-12 14:30:00,CBOE:VIX6M,17.5,17.61,17.32,17.45,0.0
2019-11-13 14:30:00,CBOE:VIX6M,17.73,17.74,17.46,17.48,0.0
2019-11-14 14:30:00,CBOE:VIX6M,17.61,17.82,17.45,17.48,0.0
2019-11-15 14:30:00,CBOE:VIX6M,17.27,17.36,17.06,17.1,0.0
2019-11-18 14:30:00,CBOE:VIX6M,17.26,17.36,17.12,17.16,0.0
2019-11-19 14:30:00,CBOE:VIX6M,17.1,17.41,17.1,17.4,0.0
2019-11-20 14:30:00,CBOE:VIX6M,17.43,18.05,17.34,17.6,0.0
2019-11-21 14:30:00,CBOE:VIX6M,17.63,18.09,17.63,17.84,0.0
2019-11-22 14:30:00,CBOE:VIX6M,17.71,17.89,17.53,17.53,0.0
2019-11-25 14:30:00,CBOE:VIX6M,17.44,17.45,17.15,17.15,0.0
2019-11-26 14:30:00,CBOE:VIX6M,17.18,17.21,17.0,17.0,0.0
2019-11-27 14:30:00,CBOE:VIX6M,17.05,17.11,16.99,17.06,0.0
2019-11-29 14:30:00,CBOE:VIX6M,17.29,17.47,17.25,17.41,0.0
2019-12-02 14:30:00,CBOE:VIX6M,17.55,18.33,17.55,18.2,0.0
2019-12-03 14:30:00,CBOE:VIX6M,19.32,19.63,18.66,18.84,0.0
2019-12-04 14:30:00,CBOE:VIX6M,18.37,18.41,18.08,18.27,0.0
2019-12-05 14:30:00,CBOE:VIX6M,18.12,18.45,17.93,18.13,0.0
2019-12-06 14:30:00,CBOE:VIX6M,17.65,17.8,17.49,17.74,0.0
2019-12-09 14:30:00,CBOE:VIX6M,17.88,18.5,17.78,18.43,0.0
2019-12-10 14:30:00,CBOE:VIX6M,18.4,18.69,18.21,18.37,0.0
2019-12-11 14:30:00,CBOE:VIX6M,18.36,18.52,18.18,18.18,0.0
2019-12-12 14:30:00,CBOE:VIX6M,18.37,18.37,17.51,17.61,0.0
2019-12-13 14:30:00,CBOE:VIX6M,17.66,17.77,17.04,17.05,0.0
2019-12-16 14:30:00,CBOE:VIX6M,16.74,16.78,16.55,16.68,0.0
2019-12-17 14:30:00,CBOE:VIX6M,16.72,16.91,16.66,16.89,0.0
2019-12-18 14:30:00,CBOE:VIX6M,16.76,16.97,16.74,16.91,0.0
2019-12-19 14:30:00,CBOE:VIX6M,16.91,17.04,16.77,16.77,0.0
2019-12-20 14:30:00,CBOE:VIX6M,16.64,16.87,16.58,16.85,0.0
2019-12-23 14:30:00,CBOE:VIX6M,16.91,17.1,16.9,17.0,0.0
2019-12-24 14:30:00,CBOE:VIX6M,17.0,17.11,16.97,16.97,0.0
2019-12-26 14:30:00,CBOE:VIX6M,17.0,17.01,16.89,16.92,0.0
2019-12-27 14:30:00,CBOE:VIX6M,16.95,17.36,16.94,17.28,0.0
2019-12-30 14:30:00,CBOE:VIX6M,17.46,17.96,17.44,17.7,0.0
2019-12-31 14:30:00,CBOE:VIX6M,17.94,17.96,17.11,17.13,0.0
2020-01-02 14:30:00,CBOE:VIX6M,16.89,17.06,16.56,16.58,0.0
2020-01-03 14:30:00,CBOE:VIX6M,17.47,17.47,16.85,17.16,0.0
2020-01-06 14:30:00,CBOE:VIX6M,17.6,17.6,16.98,17.08,0.0
2020-01-07 14:30:00,CBOE:VIX6M,17.22,17.35,16.87,17.02,0.0
2020-01-08 14:30:00,CBOE:VIX6M,17.06,17.06,16.49,16.65,0.0
2020-01-09 14:30:00,CBOE:VIX6M,16.51,16.64,16.35,16.36,0.0
2020-01-10 14:30:00,CBOE:VIX6M,16.38,16.46,16.19,16.33,0.0
2020-01-13 14:30:00,CBOE:VIX6M,16.35,16.48,16.03,16.03,0.0
2020-01-14 14:30:00,CBOE:VIX6M,16.12,16.3,15.9,16.01,0.0
2020-01-15 14:30:00,CBOE:VIX6M,16.09,16.16,15.93,15.98,0.0
2020-01-16 14:30:00,CBOE:VIX6M,15.85,15.89,15.74,15.78,0.0
2020-01-17 14:30:00,CBOE:VIX6M,15.78,15.97,15.61,15.76,0.0
2020-01-21 14:30:00,CBOE:VIX6M,15.85,16.02,15.75,15.94,0.0
2020-01-22 14:30:00,CBOE:VIX6M,15.83,16.11,15.74,16.11,0.0
2020-01-23 14:30:00,CBOE:VIX6M,16.31,16.58,16.06,16.11,0.0
2020-01-24 14:30:00,CBOE:VIX6M,16.04,17.24,16.0,16.78,0.0
2020-01-27 14:30:00,CBOE:VIX6M,18.18,18.18,17.6,18.11,0.0
2020-01-28 14:30:00,CBOE:VIX6M,17.63,17.76,17.14,17.35,0.0
2020-01-29 14:30:00,CBOE:VIX6M,17.05,17.44,16.99,17.36,0.0
2020-01-30 14:30:00,CBOE:VIX6M,17.77,18.18,16.98,17.03,0.0
2020-01-31 14:30:00,CBOE:VIX6M,17.49,19.25,17.45,18.34,0.0
2020-02-03 14:30:00,CBOE:VIX6M,17.94,18.28,17.6,18.09,0.0
2020-02-04 14:30:00,CBOE:VIX6M,17.22,17.29,16.99,17.06,0.0
2020-02-05 14:30:00,CBOE:VIX6M,16.69,16.99,16.64,16.67,0.0
2020-02-06 14:30:00,CBOE:VIX6M,16.6,16.78,16.49,16.57,0.0
2020-02-07 14:30:00,CBOE:VIX6M,16.93,17.2,16.75,16.94,0.0
2020-02-10 14:30:00,CBOE:VIX6M,17.17,17.18,16.73,16.78,0.0
2020-02-11 14:30:00,CBOE:VIX6M,16.6,16.91,16.49,16.83,0.0
2020-02-12 14:30:00,CBOE:VIX6M,16.61,16.66,16.33,16.34,0.0
2020-02-13 14:30:00,CBOE:VIX6M,16.82,16.85,16.44,16.55,0.0
2020-02-14 14:30:00,CBOE:VIX6M,16.5,16.8,16.38,16.46,0.0
2020-02-18 14:30:00,CBOE:VIX6M,16.91,17.2,16.78,16.86,0.0
2020-02-19 14:30:00,CBOE:VIX6M,16.7,16.84,16.59,16.76,0.0
2020-02-20 14:30:00,CBOE:VIX6M,16.91,18.01,16.76,17.24,0.0
2020-02-21 14:30:00,CBOE:VIX6M,17.6,18.24,17.6,17.92,0.0
2020-02-24 14:30:00,CBOE:VIX6M,19.82,20.91,19.52,20.48,0.0
2020-02-25 14:30:00,CBOE:VIX6M,19.77,22.64,19.77,21.88,0.0
2020-02-26 14:30:00,CBOE:VIX6M,21.19,22.2,20.56,21.85,0.0
2020-02-27 14:30:00,CBOE:VIX6M,23.66,25.69,22.53,25.61,0.0
2020-02-28 14:30:00,CBOE:VIX6M,25.64,29.35,25.64,25.91,0.0
2020-03-02 14:30:00,CBOE:VIX6M,25.16,26.45,23.96,24.73,0.0
2020-03-03 14:30:00,CBOE:VIX6M,24.39,27.33,23.15,26.34,0.0
2020-03-04 14:30:00,CBOE:VIX6M,24.65,25.72,24.13,24.88,0.0
2020-03-05 14:30:00,CBOE:VIX6M,26.86,29.98,26.32,28.9,0.0
2020-03-06 14:30:00,CBOE:VIX6M,28.91,35.07,28.91,31.4,0.0
2020-03-09 13:30:00,CBOE:VIX6M,31.45,38.59,31.45,36.89,0.0
2020-03-10 13:30:00,CBOE:VIX6M,32.95,37.71,32.84,34.34,0.0
2020-03-11 13:30:00,CBOE:VIX6M,37.08,39.43,36.49,38.54,0.0
2020-03-12 13:30:00,CBOE:VIX6M,38.51,48.08,38.51,47.81,0.0
2020-03-13 13:30:00,CBOE:VIX6M,43.3,48.83,40.52,41.23,0.0
2020-03-16 13:30:00,CBOE:VIX6M,40.97,56.15,40.97,55.4,0.0
2020-03-17 13:30:00,CBOE:VIX6M,55.06,57.33,50.51,54.81,0.0
2020-03-18 13:30:00,CBOE:VIX6M,54.66,66.73,54.66,61.11,0.0
2020-03-19 13:30:00,CBOE:VIX6M,63.31,67.18,53.62,56.06,0.0
2020-03-20 13:30:00,CBOE:VIX6M,56.41,56.41,47.21,53.12,0.0
2020-03-23 13:30:00,CBOE:VIX6M,53.18,53.58,45.98,46.59,0.0
2020-03-24 13:30:00,CBOE:VIX6M,46.83,46.83,37.98,41.59,0.0
2020-03-25 13:30:00,CBOE:VIX6M,43.9,45.44,42.4,44.31,0.0
2020-03-26 13:30:00,CBOE:VIX6M,42.54,42.54,40.62,40.85,0.0
2020-03-27 13:30:00,CBOE:VIX6M,40.85,48.63,40.85,47.71,0.0
2020-03-30 13:30:00,CBOE:VIX6M,44.06,45.08,43.52,43.89,0.0
2020-03-31 13:30:00,CBOE:VIX6M,43.1,43.35,40.94,42.47,0.0
2020-04-01 13:30:00,CBOE:VIX6M,44.43,45.96,42.43,45.18,0.0
2020-04-02 13:30:00,CBOE:VIX6M,45.12,45.12,42.19,42.67,0.0
2020-04-03 13:30:00,CBOE:VIX6M,42.56,42.8,40.53,40.84,0.0
2020-04-06 13:30:00,CBOE:VIX6M,38.68,39.36,38.09,39.15,0.0
2020-04-07 13:30:00,CBOE:VIX6M,37.75,39.58,37.33,39.54,0.0
2020-04-08 13:30:00,CBOE:VIX6M,38.63,39.17,37.59,38.32,0.0
2020-04-09 13:30:00,CBOE:VIX6M,38.32,38.36,37.23,37.42,0.0
2020-04-13 13:30:00,CBOE:VIX6M,37.44,38.22,36.98,37.0,0.0
2020-04-14 13:30:00,CBOE:VIX6M,35.96,36.01,34.72,34.91,0.0
2020-04-15 13:30:00,CBOE:VIX6M,37.03,37.92,36.58,36.94,0.0
2020-04-16 13:30:00,CBOE:VIX6M,36.63,38.05,36.57,37.04,0.0
2020-04-17 13:30:00,CBOE:VIX6M,35.99,36.69,35.57,35.66,0.0
2020-04-20 13:30:00,CBOE:VIX6M,35.67,38.36,35.67,38.29,0.0
2020-04-21 13:30:00,CBOE:VIX6M,40.09,41.39,39.86,40.39,0.0
2020-04-22 13:30:00,CBOE:VIX6M,39.17,39.46,38.55,38.89,0.0
2020-04-23 13:30:00,CBOE:VIX6M,38.27,39.16,37.59,39.16,0.0
2020-04-24 13:30:00,CBOE:VIX6M,38.21,38.57,36.97,37.1,0.0
2020-04-27 13:30:00,CBOE:VIX6M,36.45,36.45,34.63,35.12,0.0
2020-04-28 13:30:00,CBOE:VIX6M,33.99,35.37,33.88,34.95,0.0
2020-04-29 13:30:00,CBOE:VIX6M,33.8,33.9,32.73,33.19,0.0
2020-04-30 13:30:00,CBOE:VIX6M,34.06,35.21,34.02,34.49,0.0
2020-05-01 13:30:00,CBOE:VIX6M,36.23,37.36,35.85,36.85,0.0
2020-05-04 13:30:00,CBOE:VIX6M,37.59,37.87,36.18,36.43,0.0
2020-05-05 13:30:00,CBOE:VIX6M,35.61,35.63,34.41,35.29,0.0
2020-05-06 13:30:00,CBOE:VIX6M,34.7,35.63,34.56,35.58,0.0
2020-05-07 13:30:00,CBOE:VIX6M,34.38,34.84,34.0,34.45,0.0
2020-05-08 13:30:00,CBOE:VIX6M,33.75,33.88,32.7,32.73,0.0
2020-05-11 13:30:00,CBOE:VIX6M,33.57,33.63,31.72,32.13,0.0
2020-05-12 13:30:00,CBOE:VIX6M,31.29,34.78,31.22,34.77,0.0
2020-05-13 13:30:00,CBOE:VIX6M,34.61,37.58,34.09,36.72,0.0
2020-05-14 13:30:00,CBOE:VIX6M,38.01,39.19,35.45,35.66,0.0
2020-05-15 13:30:00,CBOE:VIX6M,36.76,37.17,35.1,35.57,0.0
2020-05-18 13:30:00,CBOE:VIX6M,33.32,33.49,32.86,33.14,0.0
2020-05-19 13:30:00,CBOE:VIX6M,33.17,33.78,32.43,33.59,0.0
2020-05-20 13:30:00,CBOE:VIX6M,32.53,33.0,32.17,32.45,0.0
2020-05-21 13:30:00,CBOE:VIX6M,32.54,35.05,32.39,33.59,0.0
2020-05-22 13:30:00,CBOE:VIX6M,33.53,33.85,33.07,33.16,0.0
2020-05-26 13:30:00,CBOE:VIX6M,33.16,33.16,31.74,32.55,0.0
2020-05-27 13:30:00,CBOE:VIX6M,32.08,34.33,31.77,31.85,0.0
2020-05-28 13:30:00,CBOE:VIX6M,32.19,34.34,31.83,32.59,0.0
2020-05-29 13:30:00,CBOE:VIX6M,33.29,34.87,31.95,31.96,0.0
2020-06-01 13:30:00,CBOE:VIX6M,33.11,34.08,32.23,32.41,0.0
2020-06-02 13:30:00,CBOE:VIX6M,32.44,32.77,31.71,31.78,0.0
2020-06-03 13:30:00,CBOE:VIX6M,31.66,32.86,30.87,31.07,0.0
2020-06-04 13:30:00,CBOE:VIX6M,31.07,31.47,30.38,30.99,0.0
2020-06-05 13:30:00,CBOE:VIX6M,29.87,29.91,29.38,29.68,0.0
2020-06-08 13:30:00,CBOE:VIX6M,29.77,32.4,29.7,30.04,0.0
2020-06-09 13:30:00,CBOE:VIX6M,30.86,31.35,30.74,31.24,0.0
2020-06-10 13:30:00,CBOE:VIX6M,30.99,32.18,30.26,31.23,0.0
2020-06-11 13:30:00,CBOE:VIX6M,33.98,40.83,33.23,39.68,0.0
2020-06-12 13:30:00,CBOE:VIX6M,36.88,42.66,36.03,37.79,0.0
2020-06-15 13:30:00,CBOE:VIX6M,40.01,40.96,36.66,36.66,0.0
2020-06-16 13:30:00,CBOE:VIX6M,35.83,39.1,34.47,36.26,0.0
2020-06-17 13:30:00,CBOE:VIX6M,36.34,37.17,35.88,36.59,0.0
2020-06-18 13:30:00,CBOE:VIX6M,37.73,37.93,35.94,36.11,0.0
2020-06-19 13:30:00,CBOE:VIX6M,35.38,37.74,35.07,37.74,0.0
2020-06-22 13:30:00,CBOE:VIX6M,37.69,37.69,34.99,35.0,0.0
2020-06-23 13:30:00,CBOE:VIX6M,34.37,34.65,33.28,34.17,0.0
2020-06-24 13:30:00,CBOE:VIX6M,34.17,37.1,34.17,35.57,0.0
2020-06-25 13:30:00,CBOE:VIX6M,35.6,37.25,34.64,34.84,0.0
2020-06-26 13:30:00,CBOE:VIX6M,34.83,36.84,34.83,36.23,0.0
2020-06-29 13:30:00,CBOE:VIX6M,35.69,36.66,34.47,34.48,0.0
2020-06-30 13:30:00,CBOE:VIX6M,34.48,35.5,32.67,33.13,0.0
2020-07-01 13:30:00,CBOE:VIX6M,32.83,33.14,32.26,32.56,0.0
2020-07-02 13:30:00,CBOE:VIX6M,32.56,32.56,31.54,31.82,0.0
2020-07-06 13:30:00,CBOE:VIX6M,31.21,31.88,31.06,31.66,0.0
2020-07-07 13:30:00,CBOE:VIX6M,31.92,32.65,31.39,32.49,0.0
2020-07-08 13:30:00,CBOE:VIX6M,32.11,32.85,31.72,31.83,0.0
2020-07-09 13:30:00,CBOE:VIX6M,31.65,33.41,31.64,32.37,0.0
2020-07-10 13:30:00,CBOE:VIX6M,32.35,32.91,31.68,31.72,0.0
2020-07-13 13:30:00,CBOE:VIX6M,32.42,35.15,32.28,35.02,0.0
2020-07-14 13:30:00,CBOE:VIX6M,35.01,35.51,33.09,33.28,0.0
2020-07-15 13:30:00,CBOE:VIX6M,32.64,33.97,32.64,32.74,0.0
2020-07-16 13:30:00,CBOE:VIX6M,33.58,37.67,32.29,32.75,0.0
2020-07-17 13:30:00,CBOE:VIX6M,32.09,32.39,31.69,31.73,0.0
2020-07-20 13:30:00,CBOE:VIX6M,31.57,32.14,30.3,30.43,0.0
2020-07-21 13:30:00,CBOE:VIX6M,30.0,31.18,29.85,30.7,0.0
2020-07-22 13:30:00,CBOE:VIX6M,31.1,31.4,30.43,30.43,0.0
2020-07-23 13:30:00,CBOE:VIX6M,30.65,31.95,30.41,31.94,0.0
2020-07-24 13:30:00,CBOE:VIX6M,31.96,32.5,31.52,31.65,0.0
2020-07-27 13:30:00,CBOE:VIX6M,31.64,31.91,31.29,31.33,0.0
2020-07-28 13:30:00,CBOE:VIX6M,31.5,31.87,31.07,31.47,0.0
2020-07-29 13:30:00,CBOE:VIX6M,31.19,31.52,30.97,30.97,0.0
2020-07-30 13:30:00,CBOE:VIX6M,32.19,33.12,31.33,31.39,0.0
2020-07-31 13:30:00,CBOE:VIX6M,31.11,32.59,31.11,31.21,0.0
2020-08-03 13:30:00,CBOE:VIX6M,31.21,31.52,31.08,31.18,0.0
2020-08-04 13:30:00,CBOE:VIX6M,31.13,31.27,30.59,30.72,0.0
2020-08-05 13:30:00,CBOE:VIX6M,30.29,30.73,30.26,30.32,0.0
2020-08-06 13:30:00,CBOE:VIX6M,30.43,30.61,30.05,30.11,0.0
2020-08-07 13:30:00,CBOE:VIX6M,30.13,30.53,29.97,30.22,0.0
2020-08-10 13:30:00,CBOE:VIX6M,30.09,30.57,29.79,29.91,0.0
2020-08-11 13:30:00,CBOE:VIX6M,29.92,31.07,29.35,30.79,0.0
2020-08-12 13:30:00,CBOE:VIX6M,30.81,30.81,29.67,29.85,0.0
2020-08-13 13:30:00,CBOE:VIX6M,29.84,30.41,29.62,30.05,0.0
2020-08-14 13:30:00,CBOE:VIX6M,30.05,30.66,30.05,30.45,0.0
2020-08-17 13:30:00,CBOE:VIX6M,30.21,30.35,29.5,29.5,0.0
2020-08-18 13:30:00,CBOE:VIX6M,29.51,30.23,29.51,29.63,0.0
2020-08-19 13:30:00,CBOE:VIX6M,29.74,30.48,29.61,30.3,0.0
2020-08-20 13:30:00,CBOE:VIX6M,30.16,30.52,29.22,29.34,0.0
2020-08-21 13:30:00,CBOE:VIX6M,29.36,30.93,29.36,29.51,0.0
2020-08-24 13:30:00,CBOE:VIX6M,29.18,29.7,29.14,29.5,0.0
2020-08-25 13:30:00,CBOE:VIX6M,29.58,30.04,29.35,29.36,0.0
2020-08-26 13:30:00,CBOE:VIX6M,29.48,29.92,28.97,29.87,0.0
2020-08-27 13:30:00,CBOE:VIX6M,29.87,32.15,29.82,30.63,0.0
2020-08-28 13:30:00,CBOE:VIX6M,30.63,32.01,30.2,30.49,0.0
2020-08-31 13:30:00,CBOE:VIX6M,30.42,32.3,30.42,32.2,0.0
2020-09-01 13:30:00,CBOE:VIX6M,32.2,32.8,32.13,32.42,0.0
2020-09-02 13:30:00,CBOE:VIX6M,32.42,33.45,32.42,33.24,0.0
2020-09-03 13:30:00,CBOE:VIX6M,33.25,36.78,32.68,35.54,0.0
2020-09-04 13:30:00,CBOE:VIX6M,35.55,37.73,33.33,33.94,0.0
2020-09-08 13:30:00,CBOE:VIX6M,33.93,36.49,33.38,33.44,0.0
2020-09-09 13:30:00,CBOE:VIX6M,33.38,33.38,31.77,31.99,0.0
2020-09-10 13:30:00,CBOE:VIX6M,31.99,33.15,31.71,32.67,0.0
2020-09-11 13:30:00,CBOE:VIX6M,32.67,32.86,31.47,31.66,0.0
2020-09-14 13:30:00,CBOE:VIX6M,31.27,31.42,30.98,31.3,0.0
2020-09-15 13:30:00,CBOE:VIX6M,31.16,31.57,30.95,31.29,0.0
2020-09-16 13:30:00,CBOE:VIX6M,31.49,31.69,30.95,31.62,0.0
2020-09-17 13:30:00,CBOE:VIX6M,32.87,32.87,31.51,31.82,0.0
2020-09-18 13:30:00,CBOE:VIX6M,31.8,32.65,31.27,31.69,0.0
2020-09-21 13:30:00,CBOE:VIX6M,33.35,34.07,32.38,32.46,0.0
2020-09-22 13:30:00,CBOE:VIX6M,32.59,33.18,32.35,32.54,0.0
2020-09-23 13:30:00,CBOE:VIX6M,32.47,33.96,32.22,33.49,0.0
2020-09-24 13:30:00,CBOE:VIX6M,34.13,34.38,33.03,33.39,0.0
2020-09-25 13:30:00,CBOE:VIX6M,33.85,33.9,32.55,32.62,0.0
2020-09-28 13:30:00,CBOE:VIX6M,32.45,32.67,32.19,32.21,0.0
2020-09-29 13:30:00,CBOE:VIX6M,32.66,32.66,31.74,31.84,0.0
2020-09-30 13:30:00,CBOE:VIX6M,31.83,32.42,31.42,32.18,0.0
2020-10-01 13:30:00,CBOE:VIX6M,31.88,33.1,31.72,32.59,0.0
2020-10-02 13:30:00,CBOE:VIX6M,33.8,34.17,32.63,33.1,0.0
2020-10-05 13:30:00,CBOE:VIX6M,32.73,32.87,32.05,32.2,0.0
2020-10-06 13:30:00,CBOE:VIX6M,31.94,33.09,31.61,32.67,0.0
2020-10-07 13:30:00,CBOE:VIX6M,32.21,32.22,31.45,31.6,0.0
2020-10-08 13:30:00,CBOE:VIX6M,31.37,31.42,30.81,30.83,0.0
2020-10-09 13:30:00,CBOE:VIX6M,30.35,30.35,29.51,29.59,0.0
2020-10-12 13:30:00,CBOE:VIX6M,29.23,29.54,29.19,29.28,0.0
2020-10-13 13:30:00,CBOE:VIX6M,29.89,30.17,29.41,29.45,0.0
2020-10-14 13:30:00,CBOE:VIX6M,29.39,30.07,29.13,29.29,0.0
2020-10-15 13:30:00,CBOE:VIX6M,29.65,29.73,28.74,28.82,0.0
2020-10-16 13:30:00,CBOE:VIX6M,28.83,29.25,28.23,29.25,0.0
2020-10-19 13:30:00,CBOE:VIX6M,29.24,30.33,29.02,30.18,0.0
2020-10-20 13:30:00,CBOE:VIX6M,30.0,30.22,29.55,30.12,0.0
2020-10-21 13:30:00,CBOE:VIX6M,30.12,30.58,29.5,29.61,0.0
2020-10-22 13:30:00,CBOE:VIX6M,29.59,29.85,28.97,29.37,0.0
2020-10-23 13:30:00,CBOE:VIX6M,29.37,29.69,29.03,29.14,0.0
2020-10-26 13:30:00,CBOE:VIX6M,29.14,31.72,29.14,31.23,0.0
2020-10-27 13:30:00,CBOE:VIX6M,31.24,31.88,31.09,31.66,0.0
2020-10-28 13:30:00,CBOE:VIX6M,31.66,35.55,31.66,35.23,0.0
2020-10-29 13:30:00,CBOE:VIX6M,35.26,35.66,32.84,34.03,0.0
2020-10-30 13:30:00,CBOE:VIX6M,34.03,35.07,33.57,34.3,0.0
2020-11-02 14:30:00,CBOE:VIX6M,33.46,34.03,33.16,33.44,0.0
2020-11-03 14:30:00,CBOE:VIX6M,32.47,32.54,31.63,32.18,0.0
2020-11-04 14:30:00,CBOE:VIX6M,32.18,32.18,29.08,29.93,0.0
2020-11-05 14:30:00,CBOE:VIX6M,29.93,30.15,28.85,29.36,0.0
2020-11-06 14:30:00,CBOE:VIX6M,29.4,29.79,27.75,27.91,0.0
2020-11-09 14:30:00,CBOE:VIX6M,26.89,27.4,25.49,27.13,0.0
2020-11-10 14:30:00,CBOE:VIX6M,27.14,27.68,26.67,27.05,0.0
2020-11-11 14:30:00,CBOE:VIX6M,27.05,27.05,26.29,26.54,0.0
2020-11-12 14:30:00,CBOE:VIX6M,26.55,28.51,26.55,27.64,0.0
2020-11-13 14:30:00,CBOE:VIX6M,27.61,27.61,26.61,26.82,0.0
2020-11-16 14:30:00,CBOE:VIX6M,26.82,27.11,26.48,26.61,0.0
2020-11-17 14:30:00,CBOE:VIX6M,26.62,27.49,26.51,26.73,0.0
2020-11-18 14:30:00,CBOE:VIX6M,26.73,27.66,26.44,27.61,0.0
2020-11-19 14:30:00,CBOE:VIX6M,27.65,27.65,26.46,26.82,0.0
2020-11-20 14:30:00,CBOE:VIX6M,26.83,27.08,26.51,27.07,0.0
2020-11-23 14:30:00,CBOE:VIX6M,27.07,27.39,26.51,26.65,0.0
2020-11-24 14:30:00,CBOE:VIX6M,26.65,26.65,26.27,26.3,0.0
2020-11-25 14:30:00,CBOE:VIX6M,26.3,26.64,25.98,26.0,0.0
2020-11-27 14:30:00,CBOE:VIX6M,26.0,26.23,25.82,26.05,0.0
2020-11-30 14:30:00,CBOE:VIX6M,26.06,27.13,25.93,25.97,0.0
2020-12-01 14:30:00,CBOE:VIX6M,25.97,26.15,25.56,26.09,0.0
2020-12-02 14:30:00,CBOE:VIX6M,26.09,26.32,25.86,26.17,0.0
2020-12-03 14:30:00,CBOE:VIX6M,26.16,26.45,25.93,26.25,0.0
2020-12-04 14:30:00,CBOE:VIX6M,26.25,26.25,25.93,26.08,0.0
2020-12-07 14:30:00,CBOE:VIX6M,26.08,26.54,26.08,26.32,0.0
2020-12-08 14:30:00,CBOE:VIX6M,26.32,26.61,25.82,25.89,0.0
2020-12-09 14:30:00,CBOE:VIX6M,25.89,26.71,25.63,26.55,0.0
2020-12-10 14:30:00,CBOE:VIX6M,26.56,27.08,26.33,26.92,0.0
2020-12-11 14:30:00,CBOE:VIX6M,26.91,28.21,26.91,27.68,0.0
2020-12-14 14:30:00,CBOE:VIX6M,27.68,28.8,27.15,28.73,0.0
2020-12-15 14:30:00,CBOE:VIX6M,28.8,28.8,27.47,27.49,0.0
2020-12-16 14:30:00,CBOE:VIX6M,27.7,27.88,27.14,27.21,0.0
2020-12-17 14:30:00,CBOE:VIX6M,27.24,27.3,26.87,27.05,0.0
2020-12-18 14:30:00,CBOE:VIX6M,27.29,28.14,27.22,27.22,0.0
2020-12-21 14:30:00,CBOE:VIX6M,29.87,30.38,28.39,28.7,0.0
2020-12-22 14:30:00,CBOE:VIX6M,28.71,29.1,28.44,28.63,0.0
2020-12-23 14:30:00,CBOE:VIX6M,28.12,28.12,27.57,27.96,0.0
2020-12-24 14:30:00,CBOE:VIX6M,27.71,27.72,27.31,27.35,0.0
2020-12-28 14:30:00,CBOE:VIX6M,27.28,27.45,27.06,27.16,0.0
2020-12-29 14:30:00,CBOE:VIX6M,27.18,28.38,27.12,28.09,0.0
2020-12-30 14:30:00,CBOE:VIX6M,27.99,28.04,27.42,27.5,0.0
2020-12-31 14:30:00,CBOE:VIX6M,27.58,27.71,26.98,27.29,0.0
2021-01-04 14:30:00,CBOE:VIX6M,27.36,30.01,27.36,29.46,0.0
2021-01-05 14:30:00,CBOE:VIX6M,29.82,29.84,28.41,28.71,0.0
2021-01-06 14:30:00,CBOE:VIX6M,28.29,28.86,27.06,28.29,0.0
2021-01-07 14:30:00,CBOE:VIX6M,27.65,27.65,27.17,27.19,0.0
2021-01-08 14:30:00,CBOE:VIX6M,27.18,28.42,27.01,27.08,0.0
2021-01-11 14:30:00,CBOE:VIX6M,28.11,29.45,27.78,28.5,0.0
2021-01-12 14:30:00,CBOE:VIX6M,28.31,28.93,27.96,28.09,0.0
2021-01-13 14:30:00,CBOE:VIX6M,28.01,28.27,27.69,27.71,0.0
2021-01-14 14:30:00,CBOE:VIX6M,27.7,27.7,26.55,27.4,0.0
2021-01-15 14:30:00,CBOE:VIX6M,27.38,28.53,27.38,28.1,0.0
2021-01-19 14:30:00,CBOE:VIX6M,28.1,28.1,27.5,27.83,0.0
2021-01-20 14:30:00,CBOE:VIX6M,27.84,27.84,27.05,27.17,0.0
2021-01-21 14:30:00,CBOE:VIX6M,27.15,27.63,27.15,27.23,0.0
2021-01-22 14:30:00,CBOE:VIX6M,27.23,27.82,27.23,27.52,0.0
2021-01-25 14:30:00,CBOE:VIX6M,27.91,29.6,27.86,28.27,0.0
2021-01-26 14:30:00,CBOE:VIX6M,28.27,28.98,27.95,28.38,0.0
2021-01-27 14:30:00,CBOE:VIX6M,28.38,34.98,28.38,34.66,0.0
2021-01-28 14:30:00,CBOE:VIX6M,34.66,34.66,31.16,32.01,0.0
2021-01-29 14:30:00,CBOE:VIX6M,31.97,34.94,31.56,33.96,0.0
2021-02-01 14:30:00,CBOE:VIX6M,32.72,34.07,32.18,32.71,0.0
2021-02-02 14:30:00,CBOE:VIX6M,32.7,32.7,30.34,30.56,0.0
2021-02-03 14:30:00,CBOE:VIX6M,30.56,30.56,29.27,29.27,0.0
2021-02-04 14:30:00,CBOE:VIX6M,29.29,29.29,28.37,28.61,0.0
2021-02-05 14:30:00,CBOE:VIX6M,28.59,28.88,28.39,28.59,0.0
2021-02-08 14:30:00,CBOE:VIX6M,28.6,28.95,28.6,28.76,0.0
2021-02-09 14:30:00,CBOE:VIX6M,28.76,29.26,28.76,29.19,0.0
2021-02-10 14:30:00,CBOE:VIX6M,29.19,30.67,29.16,30.0,0.0
2021-02-11 14:30:00,CBOE:VIX6M,30.0,30.33,29.47,29.57,0.0
2021-02-12 14:30:00,CBOE:VIX6M,29.59,29.71,29.34,29.34,0.0
2021-02-16 14:30:00,CBOE:VIX6M,29.38,30.32,29.38,30.18,0.0
2021-02-17 14:30:00,CBOE:VIX6M,30.18,31.17,30.08,30.22,0.0
2021-02-18 14:30:00,CBOE:VIX6M,30.22,30.61,29.28,29.7,0.0
2021-02-19 14:30:00,CBOE:VIX6M,29.71,29.74,28.91,29.36,0.0
2021-02-22 14:30:00,CBOE:VIX6M,29.34,30.19,29.34,29.99,0.0
2021-02-23 14:30:00,CBOE:VIX6M,30.0,31.29,29.27,29.4,0.0
2021-02-24 14:30:00,CBOE:VIX6M,30.26,30.38,28.61,28.79,0.0
2021-02-25 14:30:00,CBOE:VIX6M,28.79,32.58,28.78,31.73,0.0
2021-02-26 14:30:00,CBOE:VIX6M,31.66,32.73,30.4,31.3,0.0
2021-03-01 14:30:00,CBOE:VIX6M,30.93,30.93,28.76,28.91,0.0
2021-03-02 14:30:00,CBOE:VIX6M,28.91,29.66,28.86,29.41,0.0
2021-03-03 14:30:00,CBOE:VIX6M,29.41,30.55,29.24,30.52,0.0
2021-03-04 14:30:00,CBOE:VIX6M,30.52,32.53,29.68,31.52,0.0
2021-03-05 14:30:00,CBOE:VIX6M,31.52,32.17,29.67,29.87,0.0
2021-03-08 14:30:00,CBOE:VIX6M,29.85,30.49,28.99,29.52,0.0
2021-03-09 14:30:00,CBOE:VIX6M,29.54,29.54,28.51,29.03,0.0
2021-03-10 14:30:00,CBOE:VIX6M,29.03,29.03,28.33,28.73,0.0
2021-03-11 14:30:00,CBOE:VIX6M,28.73,28.73,28.12,28.2,0.0
2021-03-12 14:30:00,CBOE:VIX6M,28.21,28.86,28.05,28.11,0.0
2021-03-15 13:30:00,CBOE:VIX6M,28.11,28.43,27.37,27.43,0.0
2021-03-16 13:30:00,CBOE:VIX6M,27.43,27.56,26.97,27.25,0.0
2021-03-17 13:30:00,CBOE:VIX6M,27.25,27.7,26.56,26.61,0.0
2021-03-18 13:30:00,CBOE:VIX6M,26.61,27.91,26.61,27.65,0.0
2021-03-19 13:30:00,CBOE:VIX6M,27.64,28.21,26.82,27.32,0.0
2021-03-22 13:30:00,CBOE:VIX6M,27.31,27.31,25.43,25.47,0.0
2021-03-23 13:30:00,CBOE:VIX6M,25.47,26.87,25.47,25.99,0.0
2021-03-24 13:30:00,CBOE:VIX6M,25.99,26.77,25.68,26.54,0.0
2021-03-25 13:30:00,CBOE:VIX6M,26.51,27.66,25.68,25.71,0.0
2021-03-26 13:30:00,CBOE:VIX6M,25.7,26.19,24.79,24.79,0.0
2021-03-29 13:30:00,CBOE:VIX6M,24.88,26.16,24.88,25.44,0.0
2021-03-30 13:30:00,CBOE:VIX6M,25.44,25.91,24.55,24.63,0.0
2021-03-31 13:30:00,CBOE:VIX6M,24.62,24.64,24.05,24.3,0.0
2021-04-01 13:30:00,CBOE:VIX6M,24.28,24.28,23.46,23.49,0.0
2021-04-05 13:30:00,CBOE:VIX6M,23.48,23.61,23.23,23.39,0.0
2021-04-06 13:30:00,CBOE:VIX6M,23.38,23.55,23.16,23.46,0.0
2021-04-07 13:30:00,CBOE:VIX6M,23.46,23.47,23.02,23.06,0.0
2021-04-08 13:30:00,CBOE:VIX6M,23.06,23.21,22.84,23.08,0.0
2021-04-09 13:30:00,CBOE:VIX6M,23.08,23.43,22.92,23.19,0.0
2021-04-12 13:30:00,CBOE:VIX6M,23.18,23.77,23.15,23.17,0.0
2021-04-13 13:30:00,CBOE:VIX6M,23.17,23.37,23.02,23.12,0.0
2021-04-14 13:30:00,CBOE:VIX6M,23.12,23.69,23.12,23.51,0.0
2021-04-15 13:30:00,CBOE:VIX6M,23.37,23.38,23.01,23.3,0.0
2021-04-16 13:30:00,CBOE:VIX6M,23.3,23.44,23.01,23.16,0.0
2021-04-19 13:30:00,CBOE:VIX6M,23.16,24.21,23.16,23.74,0.0
2021-04-20 13:30:00,CBOE:VIX6M,23.74,24.9,23.74,24.46,0.0
2021-04-21 13:30:00,CBOE:VIX6M,24.45,24.69,23.42,23.8,0.0
2021-04-22 13:30:00,CBOE:VIX6M,23.8,24.99,23.41,24.65,0.0
2021-04-23 13:30:00,CBOE:VIX6M,24.65,24.65,23.55,23.88,0.0
2021-04-26 13:30:00,CBOE:VIX6M,23.88,24.01,23.77,23.81,0.0
2021-04-27 13:30:00,CBOE:VIX6M,23.81,24.18,23.6,23.69,0.0
2021-04-28 13:30:00,CBOE:VIX6M,23.7,23.84,23.47,23.61,0.0
2021-04-29 13:30:00,CBOE:VIX6M,23.6,24.33,23.35,23.67,0.0
2021-04-30 13:30:00,CBOE:VIX6M,23.67,24.4,23.67,24.19,0.0
2021-05-03 13:30:00,CBOE:VIX6M,24.19,24.21,23.76,23.94,0.0
2021-05-04 13:30:00,CBOE:VIX6M,23.94,25.45,23.94,24.64,0.0
2021-05-05 13:30:00,CBOE:VIX6M,24.64,24.64,23.77,24.3,0.0
2021-05-06 13:30:00,CBOE:VIX6M,24.28,24.84,23.81,23.88,0.0
2021-05-07 13:30:00,CBOE:VIX6M,23.9,24.26,23.13,23.13,0.0
2021-05-10 13:30:00,CBOE:VIX6M,23.15,24.33,23.12,24.28,0.0
2021-05-11 13:30:00,CBOE:VIX6M,24.28,26.01,24.28,25.64,0.0
2021-05-12 13:30:00,CBOE:VIX6M,25.64,29.11,25.64,28.62,0.0
2021-05-13 13:30:00,CBOE:VIX6M,28.69,28.69,25.68,26.33,0.0
2021-05-14 13:30:00,CBOE:VIX6M,26.31,26.31,24.16,24.23,0.0
2021-05-17 13:30:00,CBOE:VIX6M,24.22,25.99,24.22,25.09,0.0
2021-05-18 13:30:00,CBOE:VIX6M,25.09,26.2,24.87,26.07,0.0
2021-05-19 13:30:00,CBOE:VIX6M,26.09,29.0,26.09,26.69,0.0
2021-05-20 13:30:00,CBOE:VIX6M,26.69,26.69,25.56,25.74,0.0
2021-05-21 13:30:00,CBOE:VIX6M,25.47,25.8,25.28,25.54,0.0
2021-05-24 13:30:00,CBOE:VIX6M,25.25,25.25,24.34,24.4,0.0
2021-05-25 13:30:00,CBOE:VIX6M,24.4,24.8,24.37,24.6,0.0
2021-05-26 13:30:00,CBOE:VIX6M,24.6,24.6,23.83,23.84,0.0
2021-05-27 13:30:00,CBOE:VIX6M,23.83,23.83,23.01,23.09,0.0
2021-05-28 13:30:00,CBOE:VIX6M,23.09,23.14,22.66,23.11,0.0
2021-06-01 13:30:00,CBOE:VIX6M,23.04,23.88,23.0,23.79,0.0
2021-06-02 13:30:00,CBOE:VIX6M,23.87,24.02,23.48,23.94,0.0
2021-06-03 13:30:00,CBOE:VIX6M,23.94,24.71,23.94,24.13,0.0
2021-06-04 13:30:00,CBOE:VIX6M,23.62,23.62,23.18,23.3,0.0
2021-06-07 13:30:00,CBOE:VIX6M,23.4,23.57,23.15,23.22,0.0
2021-06-08 13:30:00,CBOE:VIX6M,23.11,23.66,23.06,23.34,0.0
2021-06-09 13:30:00,CBOE:VIX6M,23.2,23.69,23.2,23.61,0.0
2021-06-10 13:30:00,CBOE:VIX6M,23.16,23.37,22.47,22.59,0.0
2021-06-11 13:30:00,CBOE:VIX6M,22.31,22.37,22.06,22.3,0.0
2021-06-14 13:30:00,CBOE:VIX6M,22.42,22.99,22.42,22.68,0.0
2021-06-15 13:30:00,CBOE:VIX6M,22.9,23.19,22.77,23.11,0.0
2021-06-16 13:30:00,CBOE:VIX6M,22.9,25.23,22.74,23.45,0.0
2021-06-17 13:30:00,CBOE:VIX6M,23.31,23.69,22.72,23.15,0.0
2021-06-18 13:30:00,CBOE:VIX6M,24.31,24.71,23.68,24.48,0.0
2021-06-21 13:30:00,CBOE:VIX6M,24.12,24.42,23.26,23.37,0.0
2021-06-22 13:30:00,CBOE:VIX6M,23.47,23.54,22.65,22.69,0.0
2021-06-23 13:30:00,CBOE:VIX6M,22.57,22.64,22.04,22.23,0.0
2021-06-24 13:30:00,CBOE:VIX6M,21.84,21.95,21.77,21.91,0.0
2021-06-25 13:30:00,CBOE:VIX6M,21.86,22.03,21.75,21.83,0.0
2021-06-28 13:30:00,CBOE:VIX6M,21.84,22.16,21.75,21.84,0.0
2021-06-29 13:30:00,CBOE:VIX6M,21.73,22.27,21.72,22.14,0.0
2021-06-30 13:30:00,CBOE:VIX6M,22.34,22.47,22.04,22.29,0.0
2021-07-01 13:30:00,CBOE:VIX6M,22.15,22.36,22.11,22.24,0.0
2021-07-02 13:30:00,CBOE:VIX6M,21.91,22.01,21.69,21.94,0.0
2021-07-06 13:30:00,CBOE:VIX6M,22.06,23.14,22.05,22.51,0.0
2021-07-07 13:30:00,CBOE:VIX6M,22.39,23.07,22.36,22.65,0.0
2021-07-08 13:30:00,CBOE:VIX6M,24.04,24.24,23.32,23.56,0.0
2021-07-09 13:30:00,CBOE:VIX6M,22.95,22.95,22.33,22.64,0.0
2021-07-12 13:30:00,CBOE:VIX6M,22.64,22.88,22.54,22.71,0.0
2021-07-13 13:30:00,CBOE:VIX6M,22.8,23.32,22.59,23.3,0.0
2021-07-14 13:30:00,CBOE:VIX6M,22.86,23.65,22.81,23.07,0.0
2021-07-15 13:30:00,CBOE:VIX6M,23.46,23.78,23.16,23.28,0.0
2021-07-16 13:30:00,CBOE:VIX6M,22.86,24.02,22.78,23.94,0.0
2021-07-19 13:30:00,CBOE:VIX6M,23.93,26.79,23.93,25.66,0.0
2021-07-20 13:30:00,CBOE:VIX6M,25.58,25.95,24.37,24.64,0.0
2021-07-21 13:30:00,CBOE:VIX6M,24.63,24.63,23.8,23.8,0.0
2021-07-22 13:30:00,CBOE:VIX6M,23.8,24.03,22.47,23.74,0.0
2021-07-23 13:30:00,CBOE:VIX6M,23.46,23.64,22.49,23.62,0.0
2021-07-26 13:30:00,CBOE:VIX6M,23.6,24.06,22.68,23.68,0.0
2021-07-27 13:30:00,CBOE:VIX6M,24.41,25.34,24.19,24.68,0.0
2021-07-28 13:30:00,CBOE:VIX6M,24.45,24.89,24.05,24.36,0.0
2021-07-29 13:30:00,CBOE:VIX6M,23.95,24.15,23.8,24.14,0.0
2021-07-30 13:30:00,CBOE:VIX6M,24.5,24.57,23.99,24.37,0.0
2021-08-02 13:30:00,CBOE:VIX6M,24.37,25.15,24.14,24.95,0.0
2021-08-03 13:30:00,CBOE:VIX6M,25.02,25.35,24.23,24.36,0.0
2021-08-04 13:30:00,CBOE:VIX6M,24.36,24.7,24.15,24.37,0.0
2021-08-05 13:30:00,CBOE:VIX6M,24.24,24.29,23.92,23.99,0.0
2021-08-06 13:30:00,CBOE:VIX6M,23.76,23.97,23.68,23.68,0.0
2021-08-09 13:30:00,CBOE:VIX6M,23.68,24.26,23.68,24.13,0.0
2021-08-10 13:30:00,CBOE:VIX6M,24.07,24.25,23.88,24.06,0.0
2021-08-11 13:30:00,CBOE:VIX6M,23.91,23.96,23.15,23.26,0.0
2021-08-12 13:30:00,CBOE:VIX6M,23.21,23.29,22.73,22.88,0.0
2021-08-13 13:30:00,CBOE:VIX6M,22.73,22.96,22.64,22.92,0.0
2021-08-16 13:30:00,CBOE:VIX6M,22.92,23.79,22.92,23.13,0.0
2021-08-17 13:30:00,CBOE:VIX6M,23.78,24.8,23.55,24.2,0.0
2021-08-18 13:30:00,CBOE:VIX6M,24.19,25.76,23.88,25.65,0.0
2021-08-19 13:30:00,CBOE:VIX6M,25.95,26.42,25.13,25.84,0.0
2021-08-20 13:30:00,CBOE:VIX6M,25.49,25.49,24.3,24.64,0.0
2021-08-23 13:30:00,CBOE:VIX6M,24.25,24.25,23.63,23.89,0.0
2021-08-24 13:30:00,CBOE:VIX6M,23.89,24.19,23.89,24.01,0.0
2021-08-25 13:30:00,CBOE:VIX6M,24.04,24.08,23.47,23.64,0.0
2021-08-26 13:30:00,CBOE:VIX6M,23.82,24.58,23.76,24.4,0.0
2021-08-27 13:30:00,CBOE:VIX6M,24.05,24.05,23.33,23.54,0.0
2021-08-30 13:30:00,CBOE:VIX6M,23.54,23.69,23.33,23.43,0.0
2021-08-31 13:30:00,CBOE:VIX6M,23.65,23.82,23.46,23.49,0.0
2021-09-01 13:30:00,CBOE:VIX6M,23.48,23.6,23.09,23.27,0.0
2021-09-02 13:30:00,CBOE:VIX6M,23.05,23.59,23.05,23.35,0.0
2021-09-03 13:30:00,CBOE:VIX6M,23.47,23.78,23.32,23.47,0.0
2021-09-07 13:30:00,CBOE:VIX6M,23.46,24.28,23.46,24.28,0.0
2021-09-08 13:30:00,CBOE:VIX6M,24.59,24.96,24.18,24.34,0.0
2021-09-09 13:30:00,CBOE:VIX6M,24.43,24.72,23.94,24.63,0.0
2021-09-10 13:30:00,CBOE:VIX6M,23.93,25.38,23.87,25.29,0.0
2021-09-13 13:30:00,CBOE:VIX6M,24.56,25.54,24.54,24.78,0.0
2021-09-14 13:30:00,CBOE:VIX6M,24.39,25.37,24.31,24.87,0.0
2021-09-15 13:30:00,CBOE:VIX6M,24.87,25.14,24.19,24.3,0.0
2021-09-16 13:30:00,CBOE:VIX6M,24.45,25.02,23.99,24.34,0.0
2021-09-17 13:30:00,CBOE:VIX6M,24.54,25.41,24.39,25.23,0.0
2021-09-20 13:30:00,CBOE:VIX6M,25.23,28.7,25.23,27.19,0.0
2021-09-21 13:30:00,CBOE:VIX6M,27.19,27.35,26.08,26.75,0.0
2021-09-22 13:30:00,CBOE:VIX6M,25.94,26.11,24.81,25.07,0.0
2021-09-23 13:30:00,CBOE:VIX6M,24.55,24.58,23.9,23.91,0.0
2021-09-24 13:30:00,CBOE:VIX6M,24.53,24.53,23.65,23.66,0.0
2021-09-27 13:30:00,CBOE:VIX6M,23.66,24.28,23.66,24.14,0.0
2021-09-28 13:30:00,CBOE:VIX6M,24.71,26.61,24.7,26.08,0.0
2021-09-29 13:30:00,CBOE:VIX6M,25.62,26.25,25.42,25.88,0.0
2021-09-30 13:30:00,CBOE:VIX6M,25.27,26.59,24.94,25.92,0.0
2021-10-01 13:30:00,CBOE:VIX6M,25.47,26.27,24.98,25.3,0.0
2021-10-04 13:30:00,CBOE:VIX6M,25.27,26.8,25.25,26.02,0.0
2021-10-05 13:30:00,CBOE:VIX6M,25.67,26.17,24.93,25.3,0.0
2021-10-06 13:30:00,CBOE:VIX6M,25.84,26.48,24.97,25.04,0.0
2021-10-07 13:30:00,CBOE:VIX6M,24.43,25.05,24.31,24.64,0.0
2021-10-08 13:30:00,CBOE:VIX6M,24.29,24.55,24.05,24.46,0.0
2021-10-11 13:30:00,CBOE:VIX6M,24.47,25.05,24.03,24.76,0.0
2021-10-12 13:30:00,CBOE:VIX6M,24.76,25.48,24.2,24.65,0.0
2021-10-13 13:30:00,CBOE:VIX6M,24.3,24.67,23.86,24.07,0.0
2021-10-14 13:30:00,CBOE:VIX6M,23.49,23.58,23.11,23.27,0.0
2021-10-15 13:30:00,CBOE:VIX6M,23.27,23.46,22.7,23.43,0.0
2021-10-18 13:30:00,CBOE:VIX6M,23.43,23.99,23.43,23.64,0.0
2021-10-19 13:30:00,CBOE:VIX6M,23.52,23.64,23.17,23.23,0.0
2021-10-20 13:30:00,CBOE:VIX6M,23.17,23.34,23.06,23.06,0.0
2021-10-21 13:30:00,CBOE:VIX6M,23.25,23.31,22.76,22.83,0.0
2021-10-22 13:30:00,CBOE:VIX6M,22.93,23.58,22.74,23.22,0.0
2021-10-25 13:30:00,CBOE:VIX6M,23.23,23.48,22.72,22.76,0.0
2021-10-26 13:30:00,CBOE:VIX6M,22.77,23.35,22.65,23.03,0.0
2021-10-27 13:30:00,CBOE:VIX6M,23.04,23.86,22.9,23.7,0.0
2021-10-28 13:30:00,CBOE:VIX6M,23.39,23.67,23.26,23.43,0.0
2021-10-29 13:30:00,CBOE:VIX6M,23.85,23.87,23.31,23.35,0.0
2021-11-01 13:30:00,CBOE:VIX6M,23.35,23.99,23.32,23.33,0.0
2021-11-02 13:30:00,CBOE:VIX6M,23.31,23.34,23.08,23.13,0.0
2021-11-03 13:30:00,CBOE:VIX6M,23.12,23.23,22.44,22.7,0.0
2021-11-04 13:30:00,CBOE:VIX6M,22.6,23.07,22.49,22.87,0.0
2021-11-05 13:30:00,CBOE:VIX6M,22.87,23.61,22.77,23.49,0.0
2021-11-08 14:30:00,CBOE:VIX6M,23.43,24.08,23.41,23.8,0.0
2021-11-09 14:30:00,CBOE:VIX6M,23.78,24.52,23.78,24.12,0.0
2021-11-10 14:30:00,CBOE:VIX6M,24.42,24.92,23.81,24.48,0.0
2021-11-11 14:30:00,CBOE:VIX6M,24.18,24.25,23.91,24.04,0.0
2021-11-12 14:30:00,CBOE:VIX6M,23.82,23.92,23.45,23.69,0.0
2021-11-15 14:30:00,CBOE:VIX6M,23.78,24.37,23.77,23.86,0.0
2021-11-16 14:30:00,CBOE:VIX6M,24.03,24.03,23.71,23.93,0.0
2021-11-17 14:30:00,CBOE:VIX6M,23.98,24.71,23.98,24.66,0.0
2021-11-18 14:30:00,CBOE:VIX6M,24.51,25.11,24.48,24.87,0.0
2021-11-19 14:30:00,CBOE:VIX6M,25.15,25.4,24.63,24.87,0.0
2021-11-22 14:30:00,CBOE:VIX6M,24.7,25.61,24.58,25.43,0.0
2021-11-23 14:30:00,CBOE:VIX6M,25.6,26.04,25.05,25.32,0.0
2021-11-24 14:30:00,CBOE:VIX6M,25.83,25.99,24.86,24.97,0.0
2021-11-26 14:30:00,CBOE:VIX6M,27.18,29.93,26.58,29.88,0.0
2021-11-29 14:30:00,CBOE:VIX6M,27.35,27.91,26.27,26.94,0.0
2021-11-30 14:30:00,CBOE:VIX6M,28.0,29.65,27.39,29.15,0.0
2021-12-01 14:30:00,CBOE:VIX6M,28.0,31.67,26.84,31.08,0.0
2021-12-02 14:30:00,CBOE:VIX6M,30.44,31.18,29.39,29.85,0.0
2021-12-03 14:30:00,CBOE:VIX6M,29.41,33.63,29.2,31.46,0.0
2021-12-06 14:30:00,CBOE:VIX6M,30.42,31.2,29.59,29.75,0.0
2021-12-07 14:30:00,CBOE:VIX6M,28.13,28.13,26.66,26.77,0.0
2021-12-08 14:30:00,CBOE:VIX6M,26.82,27.01,25.96,26.01,0.0
2021-12-09 14:30:00,CBOE:VIX6M,26.22,27.15,25.9,26.87,0.0
2021-12-10 14:30:00,CBOE:VIX6M,25.73,26.66,25.57,26.05,0.0
2021-12-13 14:30:00,CBOE:VIX6M,26.37,27.07,26.35,26.91,0.0
2021-12-14 14:30:00,CBOE:VIX6M,27.68,28.38,27.15,27.64,0.0
2021-12-15 14:30:00,CBOE:VIX6M,27.53,31.07,26.09,26.47,0.0
2021-12-16 14:30:00,CBOE:VIX6M,25.99,27.89,25.89,27.14,0.0
2021-12-17 14:30:00,CBOE:VIX6M,27.96,28.78,27.07,27.9,0.0
2021-12-20 14:30:00,CBOE:VIX6M,29.9,30.2,28.33,28.34,0.0
2021-12-21 14:30:00,CBOE:VIX6M,27.87,28.26,27.39,27.5,0.0
2021-12-22 14:30:00,CBOE:VIX6M,27.52,27.69,26.62,26.65,0.0
2021-12-23 14:30:00,CBOE:VIX6M,26.45,26.54,26.23,26.48,0.0
2021-12-27 14:30:00,CBOE:VIX6M,26.44,26.58,25.99,25.99,0.0
2021-12-28 14:30:00,CBOE:VIX6M,26.17,26.35,25.78,25.78,0.0
2021-12-29 14:30:00,CBOE:VIX6M,25.84,26.06,25.2,25.42,0.0
2021-12-30 14:30:00,CBOE:VIX6M,25.42,25.65,25.16,25.39,0.0
2021-12-31 14:30:00,CBOE:VIX6M,25.5,25.77,25.03,25.1,0.0
2022-01-03 14:30:00,CBOE:VIX6M,25.11,25.53,24.7,24.74,0.0
2022-01-04 14:30:00,CBOE:VIX6M,24.82,25.31,24.58,24.86,0.0
2022-01-05 14:30:00,CBOE:VIX6M,24.89,26.18,24.49,26.0,0.0
2022-01-06 14:30:00,CBOE:VIX6M,26.19,26.6,25.61,25.93,0.0
2022-01-07 14:30:00,CBOE:VIX6M,25.94,26.41,25.32,25.41,0.0
2022-01-10 14:30:00,CBOE:VIX6M,26.28,27.45,25.14,25.14,0.0
2022-01-11 14:30:00,CBOE:VIX6M,25.53,25.99,24.52,24.63,0.0
2022-01-12 14:30:00,CBOE:VIX6M,24.37,25.04,24.1,24.34,0.0
2022-01-13 14:30:00,CBOE:VIX6M,24.36,25.8,24.25,25.63,0.0
2022-01-14 14:30:00,CBOE:VIX6M,26.22,26.32,25.04,25.18,0.0
2022-01-18 14:30:00,CBOE:VIX6M,26.35,26.93,26.2,26.77,0.0
2022-01-19 14:30:00,CBOE:VIX6M,26.5,27.26,26.14,27.17,0.0
2022-01-20 14:30:00,CBOE:VIX6M,26.72,28.12,26.02,28.08,0.0
2022-01-21 14:30:00,CBOE:VIX6M,28.48,30.4,28.11,30.37,0.0
2022-01-24 14:30:00,CBOE:VIX6M,32.52,35.03,30.19,30.59,0.0
2022-01-25 14:30:00,CBOE:VIX6M,32.13,33.76,30.18,31.3,0.0
2022-01-26 14:30:00,CBOE:VIX6M,29.76,31.78,28.09,31.04,0.0
2022-01-27 14:30:00,CBOE:VIX6M,29.47,31.45,29.11,30.27,0.0
2022-01-28 14:30:00,CBOE:VIX6M,30.24,31.35,28.91,29.07,0.0
2022-01-31 14:30:00,CBOE:VIX6M,29.46,29.72,27.49,27.56,0.0
2022-02-01 14:30:00,CBOE:VIX6M,27.25,27.87,26.06,26.07,0.0
2022-02-02 14:30:00,CBOE:VIX6M,26.02,26.72,25.83,26.68,0.0
2022-02-03 14:30:00,CBOE:VIX6M,27.44,28.48,26.8,27.76,0.0
2022-02-04 14:30:00,CBOE:VIX6M,28.03,28.72,26.9,27.58,0.0
2022-02-07 14:30:00,CBOE:VIX6M,27.41,27.59,26.74,27.14,0.0
2022-02-08 14:30:00,CBOE:VIX6M,26.95,27.46,26.2,26.31,0.0
2022-02-09 14:30:00,CBOE:VIX6M,25.8,26.02,25.51,25.53,0.0
2022-02-10 14:30:00,CBOE:VIX6M,26.39,27.76,25.57,27.28,0.0
2022-02-11 14:30:00,CBOE:VIX6M,27.09,31.03,26.94,29.0,0.0
2022-02-14 14:30:00,CBOE:VIX6M,29.43,30.95,29.3,29.47,0.0
2022-02-15 14:30:00,CBOE:VIX6M,28.33,28.76,27.87,28.1,0.0
2022-02-16 14:30:00,CBOE:VIX6M,28.41,28.85,27.08,27.24,0.0
2022-02-17 14:30:00,CBOE:VIX6M,28.13,29.52,28.12,29.43,0.0
2022-02-18 14:30:00,CBOE:VIX6M,29.36,30.25,29.05,29.39,0.0
2022-02-22 14:30:00,CBOE:VIX6M,29.91,30.72,29.09,29.21,0.0
2022-02-23 14:30:00,CBOE:VIX6M,28.95,30.81,28.95,30.75,0.0
2022-02-24 14:30:00,CBOE:VIX6M,33.6,33.61,29.53,29.98,0.0
2022-02-25 14:30:00,CBOE:VIX6M,29.62,29.88,28.4,28.67,0.0
2022-02-28 14:30:00,CBOE:VIX6M,30.51,31.07,29.31,29.88,0.0
2022-03-01 14:30:00,CBOE:VIX6M,30.38,32.97,30.25,32.13,0.0
2022-03-02 14:30:00,CBOE:VIX6M,31.97,32.16,30.56,31.04,0.0
2022-03-03 14:30:00,CBOE:VIX6M,30.49,31.88,30.34,30.92,0.0
2022-03-04 14:30:00,CBOE:VIX6M,32.44,33.25,31.83,32.08,0.0
2022-03-07 14:30:00,CBOE:VIX6M,32.43,34.72,32.41,34.53,0.0
2022-03-08 14:30:00,CBOE:VIX6M,34.13,35.3,32.54,34.29,0.0
2022-03-09 14:30:00,CBOE:VIX6M,32.62,33.69,32.18,32.97,0.0
2022-03-10 14:30:00,CBOE:VIX6M,33.77,33.95,32.04,32.04,0.0
2022-03-11 14:30:00,CBOE:VIX6M,31.56,33.16,31.51,32.98,0.0
2022-03-14 13:30:00,CBOE:VIX6M,32.98,34.53,32.14,33.69,0.0
2022-03-15 13:30:00,CBOE:VIX6M,33.71,33.99,32.34,32.55,0.0
2022-03-16 13:30:00,CBOE:VIX6M,31.94,32.52,30.23,30.35,0.0
2022-03-17 13:30:00,CBOE:VIX6M,30.75,30.78,29.2,29.62,0.0
2022-03-18 13:30:00,CBOE:VIX6M,29.97,30.09,28.28,28.31,0.0
2022-03-21 13:30:00,CBOE:VIX6M,28.68,28.87,27.59,28.23,0.0
2022-03-22 13:30:00,CBOE:VIX6M,27.91,28.05,27.53,27.72,0.0
2022-03-23 13:30:00,CBOE:VIX6M,28.45,28.5,27.76,28.16,0.0
2022-03-24 13:30:00,CBOE:VIX6M,28.24,28.49,27.22,27.48,0.0
2022-03-25 13:30:00,CBOE:VIX6M,27.57,27.87,26.94,27.02,0.0
2022-03-28 13:30:00,CBOE:VIX6M,27.46,27.95,26.6,26.6,0.0
2022-03-29 13:30:00,CBOE:VIX6M,26.3,26.61,25.8,25.87,0.0
2022-03-30 13:30:00,CBOE:VIX6M,26.22,26.82,25.84,26.18,0.0
2022-03-31 13:30:00,CBOE:VIX6M,26.65,27.32,26.38,26.79,0.0
2022-04-01 13:30:00,CBOE:VIX6M,26.85,27.25,26.52,26.75,0.0
2022-04-04 13:30:00,CBOE:VIX6M,26.75,26.9,25.79,25.79,0.0
2022-04-05 13:30:00,CBOE:VIX6M,26.21,27.51,26.05,27.28,0.0
2022-04-06 13:30:00,CBOE:VIX6M,28.19,29.02,27.63,27.84,0.0
2022-04-07 13:30:00,CBOE:VIX6M,28.05,28.65,27.26,27.52,0.0
2022-04-08 13:30:00,CBOE:VIX6M,27.75,28.02,27.07,27.52,0.0
2022-04-11 13:30:00,CBOE:VIX6M,28.13,28.75,28.01,28.72,0.0
2022-04-12 13:30:00,CBOE:VIX6M,28.54,29.14,27.97,28.88,0.0
2022-04-13 13:30:00,CBOE:VIX6M,28.97,29.0,27.61,27.87,0.0
2022-04-14 13:30:00,CBOE:VIX6M,27.38,28.29,27.29,28.26,0.0
2022-04-18 13:30:00,CBOE:VIX6M,28.6,28.66,27.82,27.87,0.0
2022-04-19 13:30:00,CBOE:VIX6M,28.09,28.25,26.83,27.34,0.0
2022-04-20 13:30:00,CBOE:VIX6M,26.74,27.27,26.6,26.83,0.0
2022-04-21 13:30:00,CBOE:VIX6M,26.32,28.58,26.23,28.21,0.0
2022-04-22 13:30:00,CBOE:VIX6M,28.63,30.82,28.37,30.77,0.0
2022-04-25 13:30:00,CBOE:VIX6M,31.22,32.08,30.05,30.12,0.0
2022-04-26 13:30:00,CBOE:VIX6M,30.71,33.07,30.68,32.87,0.0
2022-04-27 13:30:00,CBOE:VIX6M,32.15,32.9,31.27,32.32,0.0
2022-04-28 13:30:00,CBOE:VIX6M,31.37,32.32,30.52,31.65,0.0
2022-04-29 13:30:00,CBOE:VIX6M,31.8,33.6,31.21,33.02,0.0
2022-05-02 13:30:00,CBOE:VIX6M,33.39,34.94,32.84,33.03,0.0
2022-05-03 13:30:00,CBOE:VIX6M,32.83,32.92,31.19,31.31,0.0
2022-05-04 13:30:00,CBOE:VIX6M,31.22,31.37,28.83,29.23,0.0
2022-05-05 13:30:00,CBOE:VIX6M,29.7,33.52,29.61,32.73,0.0
2022-05-06 13:30:00,CBOE:VIX6M,33.49,34.79,32.34,32.58,0.0
2022-05-09 13:30:00,CBOE:VIX6M,33.77,34.87,33.56,34.42,0.0
2022-05-10 13:30:00,CBOE:VIX6M,33.15,34.81,33.14,33.67,0.0
2022-05-11 13:30:00,CBOE:VIX6M,33.66,34.21,32.32,33.53,0.0
2022-05-12 13:30:00,CBOE:VIX6M,34.19,34.88,32.97,33.45,0.0
2022-05-13 13:30:00,CBOE:VIX6M,32.22,32.37,31.3,31.58,0.0
2022-05-16 13:30:00,CBOE:VIX6M,31.49,31.76,30.94,31.03,0.0
2022-05-17 13:30:00,CBOE:VIX6M,30.33,30.88,29.99,30.29,0.0
2022-05-18 13:30:00,CBOE:VIX6M,31.27,33.66,31.19,33.64,0.0
2022-05-19 13:30:00,CBOE:VIX6M,34.3,34.74,31.84,32.0,0.0
2022-05-20 13:30:00,CBOE:VIX6M,31.55,34.13,31.2,32.21,0.0
2022-05-23 13:30:00,CBOE:VIX6M,31.87,32.43,31.28,31.61,0.0
2022-05-24 13:30:00,CBOE:VIX6M,32.2,33.15,31.8,31.98,0.0
2022-05-25 13:30:00,CBOE:VIX6M,32.37,32.37,30.98,31.12,0.0
2022-05-26 13:30:00,CBOE:VIX6M,30.99,30.99,30.46,30.83,0.0
2022-05-27 13:30:00,CBOE:VIX6M,30.37,30.37,29.82,29.86,0.0
2022-05-31 13:30:00,CBOE:VIX6M,30.61,31.08,29.59,29.8,0.0
2022-06-01 13:30:00,CBOE:VIX6M,29.46,30.58,29.23,29.47,0.0
2022-06-02 13:30:00,CBOE:VIX6M,29.69,29.82,28.49,28.92,0.0
2022-06-03 13:30:00,CBOE:VIX6M,29.47,29.71,29.06,29.15,0.0
2022-06-06 13:30:00,CBOE:VIX6M,29.22,29.43,28.74,29.1,0.0
2022-06-07 13:30:00,CBOE:VIX6M,29.73,29.76,28.51,28.56,0.0
2022-06-08 13:30:00,CBOE:VIX6M,29.0,29.0,28.23,28.41,0.0
2022-06-09 13:30:00,CBOE:VIX6M,28.81,29.95,28.48,29.49,0.0
2022-06-10 13:30:00,CBOE:VIX6M,30.34,31.56,30.23,30.94,0.0
2022-06-13 13:30:00,CBOE:VIX6M,33.0,34.51,32.78,34.16,0.0
2022-06-14 13:30:00,CBOE:VIX6M,33.97,34.16,33.38,33.57,0.0
2022-06-15 13:30:00,CBOE:VIX6M,32.88,33.63,30.81,31.56,0.0
2022-06-16 13:30:00,CBOE:VIX6M,33.16,34.45,32.98,33.92,0.0
2022-06-17 13:30:00,CBOE:VIX6M,33.48,33.84,32.42,32.81,0.0
2022-06-21 13:30:00,CBOE:VIX6M,31.76,32.94,31.23,31.86,0.0
2022-06-22 13:30:00,CBOE:VIX6M,32.27,32.27,31.16,31.18,0.0
2022-06-23 13:30:00,CBOE:VIX6M,31.03,31.65,30.86,31.13,0.0
2022-06-24 13:30:00,CBOE:VIX6M,30.58,30.58,29.88,30.16,0.0
2022-06-27 13:30:00,CBOE:VIX6M,30.15,30.46,29.56,29.61,0.0
2022-06-28 13:30:00,CBOE:VIX6M,29.34,30.72,29.13,30.38,0.0
2022-06-29 13:30:00,CBOE:VIX6M,30.48,30.86,30.15,30.27,0.0
2022-06-30 13:30:00,CBOE:VIX6M,30.98,31.66,30.52,30.85,0.0
2022-07-01 13:30:00,CBOE:VIX6M,30.92,31.49,29.68,29.93,0.0
2022-07-05 13:30:00,CBOE:VIX6M,31.05,31.34,29.94,30.01,0.0
2022-07-06 13:30:00,CBOE:VIX6M,30.16,30.86,29.52,29.62,0.0
2022-07-07 13:30:00,CBOE:VIX6M,29.42,29.46,29.06,29.37,0.0
2022-07-08 13:30:00,CBOE:VIX6M,29.45,29.49,28.75,28.89,0.0
2022-07-11 13:30:00,CBOE:VIX6M,29.51,29.78,29.32,29.57,0.0
2022-07-12 13:30:00,CBOE:VIX6M,29.74,30.32,29.27,30.04,0.0
2022-07-13 13:30:00,CBOE:VIX6M,30.72,30.85,29.52,29.98,0.0
2022-07-14 13:30:00,CBOE:VIX6M,30.59,30.99,29.89,30.06,0.0
2022-07-15 13:30:00,CBOE:VIX6M,29.47,29.71,28.81,28.96,0.0
2022-07-18 13:30:00,CBOE:VIX6M,28.97,29.81,28.82,29.53,0.0
2022-07-19 13:30:00,CBOE:VIX6M,29.17,29.19,28.71,29.01,0.0
2022-07-20 13:30:00,CBOE:VIX6M,29.06,29.11,28.49,28.53,0.0
2022-07-21 13:30:00,CBOE:VIX6M,28.59,28.81,27.99,28.1,0.0
2022-07-22 13:30:00,CBOE:VIX6M,27.96,28.59,27.79,28.03,0.0
2022-07-25 13:30:00,CBOE:VIX6M,28.25,28.34,27.82,27.86,0.0
2022-07-26 13:30:00,CBOE:VIX6M,28.14,28.74,27.99,28.31,0.0
2022-07-27 13:30:00,CBOE:VIX6M,28.09,28.11,27.15,27.41,0.0
2022-07-28 13:30:00,CBOE:VIX6M,27.16,27.58,26.58,26.65,0.0
2022-07-29 13:30:00,CBOE:VIX6M,26.49,26.49,26.06,26.22,0.0
2022-08-01 13:30:00,CBOE:VIX6M,26.72,29.83,26.4,26.88,0.0
2022-08-02 13:30:00,CBOE:VIX6M,27.41,27.74,26.77,27.6,0.0
2022-08-03 13:30:00,CBOE:VIX6M,27.11,27.17,26.39,26.55,0.0
2022-08-04 13:30:00,CBOE:VIX6M,26.78,26.97,26.6,26.6,0.0
2022-08-05 13:30:00,CBOE:VIX6M,27.17,27.17,26.42,26.52,0.0
2022-08-08 13:30:00,CBOE:VIX6M,26.67,27.04,26.29,26.75,0.0
2022-08-09 13:30:00,CBOE:VIX6M,26.92,27.16,26.78,26.84,0.0
2022-08-10 13:30:00,CBOE:VIX6M,26.28,26.4,25.78,25.89,0.0
2022-08-11 13:30:00,CBOE:VIX6M,25.8,26.95,25.68,26.09,0.0
2022-08-12 13:30:00,CBOE:VIX6M,25.92,25.99,25.46,25.74,0.0
2022-08-15 13:30:00,CBOE:VIX6M,26.13,26.9,25.48,25.7,0.0
2022-08-16 13:30:00,CBOE:VIX6M,25.84,25.94,25.49,25.61,0.0
2022-08-17 13:30:00,CBOE:VIX6M,25.93,26.44,25.72,26.05,0.0
2022-08-18 13:30:00,CBOE:VIX6M,26.11,26.26,25.74,25.88,0.0
2022-08-19 13:30:00,CBOE:VIX6M,26.2,27.17,26.19,26.67,0.0
2022-08-22 13:30:00,CBOE:VIX6M,27.62,28.05,27.38,27.83,0.0
2022-08-23 13:30:00,CBOE:VIX6M,27.93,28.11,27.39,27.81,0.0
2022-08-24 13:30:00,CBOE:VIX6M,27.73,27.76,26.99,27.04,0.0
2022-08-25 13:30:00,CBOE:VIX6M,27.02,27.12,26.44,26.52,0.0
2022-08-26 13:30:00,CBOE:VIX6M,26.58,28.62,26.54,28.28,0.0
2022-08-29 13:30:00,CBOE:VIX6M,28.9,30.99,28.11,28.5,0.0
2022-08-30 13:30:00,CBOE:VIX6M,28.17,29.13,28.15,28.45,0.0
2022-08-31 13:30:00,CBOE:VIX6M,28.37,28.6,27.93,28.37,0.0
2022-09-01 13:30:00,CBOE:VIX6M,28.69,29.19,28.03,28.16,0.0
2022-09-02 13:30:00,CBOE:VIX6M,27.4,28.66,27.07,28.11,0.0
2022-09-06 13:30:00,CBOE:VIX6M,27.9,28.99,27.89,28.89,0.0
2022-09-07 13:30:00,CBOE:VIX6M,28.89,28.89,27.59,27.72,0.0
2022-09-08 13:30:00,CBOE:VIX6M,28.19,31.0,27.28,27.29,0.0
2022-09-09 13:30:00,CBOE:VIX6M,26.94,27.18,26.81,27.07,0.0
2022-09-12 13:30:00,CBOE:VIX6M,26.97,27.26,26.77,26.84,0.0
2022-09-13 13:30:00,CBOE:VIX6M,27.88,30.47,27.67,29.04,0.0
2022-09-14 13:30:00,CBOE:VIX6M,28.96,29.23,28.55,28.66,0.0
2022-09-15 13:30:00,CBOE:VIX6M,28.87,29.11,28.32,28.81,0.0
2022-09-16 13:30:00,CBOE:VIX6M,29.55,29.94,28.8,28.85,0.0
2022-09-19 13:30:00,CBOE:VIX6M,29.47,29.47,28.24,28.33,0.0
2022-09-20 13:30:00,CBOE:VIX6M,28.86,29.21,28.55,28.98,0.0
2022-09-21 13:30:00,CBOE:VIX6M,28.7,29.68,28.12,29.66,0.0
2022-09-22 13:30:00,CBOE:VIX6M,29.33,29.83,28.99,29.34,0.0
2022-09-23 13:30:00,CBOE:VIX6M,29.98,32.08,29.82,30.92,0.0
2022-09-26 13:30:00,CBOE:VIX6M,31.47,32.28,30.66,32.12,0.0
2022-09-27 13:30:00,CBOE:VIX6M,31.47,34.63,31.15,32.45,0.0
2022-09-28 13:30:00,CBOE:VIX6M,32.63,35.0,31.33,31.45,0.0
2022-09-29 13:30:00,CBOE:VIX6M,32.23,33.38,32.23,32.32,0.0
2022-09-30 13:30:00,CBOE:VIX6M,32.33,33.03,31.41,32.48,0.0
2022-10-03 13:30:00,CBOE:VIX6M,31.93,32.69,31.06,31.46,0.0
2022-10-04 13:30:00,CBOE:VIX6M,30.53,30.74,30.37,30.6,0.0
2022-10-05 13:30:00,CBOE:VIX6M,31.04,31.99,30.54,30.63,0.0
2022-10-06 13:30:00,CBOE:VIX6M,30.87,31.68,30.62,31.66,0.0
2022-10-07 13:30:00,CBOE:VIX6M,31.91,33.02,31.91,32.77,0.0
2022-10-10 13:30:00,CBOE:VIX6M,32.94,33.99,32.94,33.17,0.0
2022-10-11 13:30:00,CBOE:VIX6M,33.64,34.14,32.9,33.76,0.0
2022-10-12 13:30:00,CBOE:VIX6M,33.8,33.96,33.33,33.44,0.0
2022-10-13 13:30:00,CBOE:VIX6M,33.91,33.99,32.19,32.33,0.0
2022-10-14 13:30:00,CBOE:VIX6M,32.0,38.99,31.73,33.09,0.0
2022-10-17 13:30:00,CBOE:VIX6M,32.3,32.48,31.89,32.44,0.0
2022-10-18 13:30:00,CBOE:VIX6M,31.8,32.53,31.75,31.77,0.0
2022-10-19 13:30:00,CBOE:VIX6M,32.24,32.66,31.94,32.13,0.0
2022-10-20 13:30:00,CBOE:VIX6M,32.26,32.74,31.38,31.76,0.0
2022-10-21 13:30:00,CBOE:VIX6M,31.89,31.93,31.21,31.49,0.0
2022-10-24 13:30:00,CBOE:VIX6M,31.61,32.27,31.33,31.33,0.0
2022-10-25 13:30:00,CBOE:VIX6M,31.34,31.78,30.35,30.54,0.0
2022-10-26 13:30:00,CBOE:VIX6M,30.65,30.67,29.8,29.96,0.0
2022-10-27 13:30:00,CBOE:VIX6M,29.88,30.0,29.45,29.78,0.0
2022-10-28 13:30:00,CBOE:VIX6M,29.52,29.77,28.5,28.53,0.0
2022-10-31 13:30:00,CBOE:VIX6M,29.07,29.07,28.46,28.58,0.0
2022-11-01 13:30:00,CBOE:VIX6M,28.36,28.97,28.21,28.25,0.0
2022-11-02 13:30:00,CBOE:VIX6M,28.47,28.8,27.79,28.72,0.0
2022-11-03 13:30:00,CBOE:VIX6M,29.1,29.37,28.06,28.22,0.0
2022-11-04 13:30:00,CBOE:VIX6M,27.78,28.44,27.39,27.99,0.0
2022-11-07 14:30:00,CBOE:VIX6M,28.0,28.23,27.74,27.85,0.0
2022-11-08 14:30:00,CBOE:VIX6M,27.94,28.63,27.75,28.48,0.0
2022-11-09 14:30:00,CBOE:VIX6M,28.61,29.34,28.41,29.26,0.0
2022-11-10 14:30:00,CBOE:VIX6M,27.9,28.08,27.38,27.76,0.0
2022-11-11 14:30:00,CBOE:VIX6M,27.86,27.94,27.47,27.74,0.0
2022-11-14 14:30:00,CBOE:VIX6M,28.06,28.23,27.56,28.15,0.0
2022-11-15 14:30:00,CBOE:VIX6M,27.74,28.96,27.67,28.52,0.0
2022-11-16 14:30:00,CBOE:VIX6M,28.55,28.61,27.99,28.06,0.0
2022-11-17 14:30:00,CBOE:VIX6M,28.7,28.7,27.83,27.92,0.0
2022-11-18 14:30:00,CBOE:VIX6M,27.59,27.95,27.49,27.61,0.0
2022-11-21 14:30:00,CBOE:VIX6M,27.77,27.81,27.14,27.16,0.0
2022-11-22 14:30:00,CBOE:VIX6M,26.99,27.09,26.39,26.39,0.0
2022-11-23 14:30:00,CBOE:VIX6M,26.55,26.59,25.94,26.1,0.0
2022-11-25 14:30:00,CBOE:VIX6M,26.33,26.41,26.2,26.32,0.0
2022-11-28 14:30:00,CBOE:VIX6M,27.02,27.49,26.82,27.39,0.0
2022-11-29 14:30:00,CBOE:VIX6M,27.5,27.57,27.03,27.22,0.0
2022-11-30 14:30:00,CBOE:VIX6M,27.25,27.49,26.13,26.2,0.0
2022-12-01 14:30:00,CBOE:VIX6M,26.26,26.49,25.66,25.97,0.0
2022-12-02 14:30:00,CBOE:VIX6M,26.45,26.45,25.66,25.72,0.0
2022-12-05 14:30:00,CBOE:VIX6M,26.15,26.53,25.69,26.2,0.0
2022-12-06 14:30:00,CBOE:VIX6M,26.22,26.95,26.12,26.74,0.0
2022-12-07 14:30:00,CBOE:VIX6M,27.0,27.22,26.79,27.08,0.0
2022-12-08 14:30:00,CBOE:VIX6M,27.05,27.24,26.59,26.73,0.0
2022-12-09 14:30:00,CBOE:VIX6M,26.77,27.14,26.46,27.08,0.0
2022-12-12 14:30:00,CBOE:VIX6M,27.25,27.38,27.0,27.2,0.0
2022-12-13 14:30:00,CBOE:VIX6M,25.78,27.02,25.78,26.26,0.0
2022-12-14 14:30:00,CBOE:VIX6M,26.28,26.61,25.52,25.78,0.0
2022-12-15 14:30:00,CBOE:VIX6M,26.23,27.44,26.18,27.22,0.0
2022-12-16 14:30:00,CBOE:VIX6M,27.51,27.9,26.83,27.28,0.0
2022-12-19 14:30:00,CBOE:VIX6M,27.42,27.43,26.75,27.11,0.0
2022-12-20 14:30:00,CBOE:VIX6M,27.1,27.19,26.58,26.69,0.0
2022-12-21 14:30:00,CBOE:VIX6M,26.2,26.25,25.46,25.74,0.0
2022-12-22 14:30:00,CBOE:VIX6M,25.96,27.59,25.96,26.77,0.0
2022-12-23 14:30:00,CBOE:VIX6M,26.71,27.05,26.09,26.16,0.0
2022-12-27 14:30:00,CBOE:VIX6M,26.59,26.8,26.23,26.3,0.0
2022-12-28 14:30:00,CBOE:VIX6M,26.34,26.5,25.95,26.44,0.0
2022-12-29 14:30:00,CBOE:VIX6M,26.23,26.29,25.86,25.99,0.0
2022-12-30 14:30:00,CBOE:VIX6M,26.31,26.58,26.05,26.2,0.0
2023-01-03 14:30:00,CBOE:VIX6M,26.2,26.77,25.71,26.24,0.0
2023-01-04 14:30:00,CBOE:VIX6M,26.02,26.17,25.18,25.55,0.0
2023-01-05 14:30:00,CBOE:VIX6M,25.78,26.37,25.49,25.65,0.0
2023-01-06 14:30:00,CBOE:VIX6M,25.28,25.52,24.6,24.77,0.0
2023-01-09 14:30:00,CBOE:VIX6M,24.76,25.12,24.5,25.12,0.0
2023-01-10 14:30:00,CBOE:VIX6M,25.1,25.11,24.22,24.23,0.0
2023-01-11 14:30:00,CBOE:VIX6M,24.19,24.29,24.06,24.19,0.0
2023-01-12 14:30:00,CBOE:VIX6M,23.85,24.06,23.38,23.49,0.0
2023-01-13 14:30:00,CBOE:VIX6M,23.61,23.61,22.82,23.02,0.0
2023-01-17 14:30:00,CBOE:VIX6M,23.38,23.53,23.11,23.36,0.0
2023-01-18 14:30:00,CBOE:VIX6M,23.16,24.09,23.12,24.0,0.0
2023-01-19 14:30:00,CBOE:VIX6M,24.5,24.74,23.86,24.07,0.0
2023-01-20 14:30:00,CBOE:VIX6M,24.06,24.19,23.27,23.39,0.0
2023-01-23 14:30:00,CBOE:VIX6M,23.51,23.55,22.9,23.14,0.0
2023-01-24 14:30:00,CBOE:VIX6M,23.34,23.34,22.53,22.59,0.0
2023-01-25 14:30:00,CBOE:VIX6M,23.25,23.53,22.46,22.52,0.0
2023-01-26 14:30:00,CBOE:VIX6M,22.42,22.62,22.27,22.34,0.0
2023-01-27 14:30:00,CBOE:VIX6M,22.37,22.38,21.78,22.14,0.0
2023-01-30 14:30:00,CBOE:VIX6M,22.63,22.94,22.51,22.71,0.0
2023-01-31 14:30:00,CBOE:VIX6M,22.73,22.84,22.22,22.25,0.0
2023-02-01 14:30:00,CBOE:VIX6M,22.31,22.75,21.55,21.65,0.0
2023-02-02 14:30:00,CBOE:VIX6M,21.47,22.53,21.28,22.34,0.0
2023-02-03 14:30:00,CBOE:VIX6M,22.54,22.81,22.13,22.37,0.0
2023-02-06 14:30:00,CBOE:VIX6M,22.77,22.97,22.64,22.86,0.0
2023-02-07 14:30:00,CBOE:VIX6M,23.02,23.05,22.13,22.38,0.0
2023-02-08 14:30:00,CBOE:VIX6M,22.53,23.22,22.28,23.14,0.0
2023-02-09 14:30:00,CBOE:VIX6M,22.78,23.85,22.57,23.66,0.0
2023-02-10 14:30:00,CBOE:VIX6M,23.99,24.31,23.64,23.82,0.0
2023-02-13 14:30:00,CBOE:VIX6M,23.88,23.89,23.35,23.35,0.0
2023-02-14 14:30:00,CBOE:VIX6M,23.24,23.34,22.42,22.68,0.0
2023-02-15 14:30:00,CBOE:VIX6M,22.85,22.86,22.2,22.21,0.0
2023-02-16 14:30:00,CBOE:VIX6M,22.86,23.31,22.35,23.21,0.0
2023-02-17 14:30:00,CBOE:VIX6M,23.63,23.85,23.08,23.19,0.0
2023-02-21 14:30:00,CBOE:VIX6M,24.07,24.68,23.92,24.6,0.0
2023-02-22 14:30:00,CBOE:VIX6M,24.7,24.82,23.88,24.06,0.0
2023-02-23 14:30:00,CBOE:VIX6M,23.72,24.14,23.26,23.34,0.0
2023-02-24 14:30:00,CBOE:VIX6M,24.04,24.35,23.8,23.98,0.0
2023-02-27 14:30:00,CBOE:VIX6M,23.64,23.66,23.26,23.37,0.0
2023-02-28 14:30:00,CBOE:VIX6M,23.48,23.48,22.81,23.05,0.0
2023-03-01 14:30:00,CBOE:VIX6M,23.11,23.43,22.45,23.09,0.0
2023-03-02 14:30:00,CBOE:VIX6M,23.36,23.41,22.37,22.39,0.0
2023-03-03 14:30:00,CBOE:VIX6M,22.32,22.32,21.78,21.82,0.0
2023-03-06 14:30:00,CBOE:VIX6M,21.99,22.0,21.7,21.79,0.0
2023-03-07 14:30:00,CBOE:VIX6M,21.94,22.33,21.24,22.2,0.0
2023-03-08 14:30:00,CBOE:VIX6M,22.28,22.35,21.77,21.84,0.0
2023-03-09 14:30:00,CBOE:VIX6M,21.86,23.88,21.55,23.87,0.0
2023-03-10 14:30:00,CBOE:VIX6M,23.9,28.7,23.81,25.97,0.0
2023-03-13 13:30:00,CBOE:VIX6M,28.57,28.82,26.19,27.0,0.0
2023-03-14 13:30:00,CBOE:VIX6M,25.04,26.52,24.41,25.68,0.0
2023-03-15 13:30:00,CBOE:VIX6M,27.82,29.77,27.42,27.8,0.0
2023-03-16 13:30:00,CBOE:VIX6M,28.33,28.46,25.71,25.72,0.0
2023-03-17 13:30:00,CBOE:VIX6M,26.3,28.48,26.14,28.23,0.0
2023-03-20 13:30:00,CBOE:VIX6M,28.08,28.36,26.88,26.98,0.0
2023-03-21 13:30:00,CBOE:VIX6M,25.83,26.01,24.97,25.14,0.0
2023-03-22 13:30:00,CBOE:VIX6M,25.05,25.77,24.1,25.66,0.0
2023-03-23 13:30:00,CBOE:VIX6M,24.84,26.78,24.27,25.94,0.0
2023-03-24 13:30:00,CBOE:VIX6M,26.81,27.52,25.51,25.54,0.0
2023-03-27 13:30:00,CBOE:VIX6M,25.1,25.38,24.54,24.6,0.0
2023-03-28 13:30:00,CBOE:VIX6M,24.9,25.01,24.28,24.33,0.0
2023-03-29 13:30:00,CBOE:VIX6M,23.79,23.86,23.53,23.57,0.0
2023-03-30 13:30:00,CBOE:VIX6M,23.54,24.05,23.42,23.55,0.0
2023-03-31 13:30:00,CBOE:VIX6M,23.51,23.53,23.13,23.25,0.0
2023-04-03 13:30:00,CBOE:VIX6M,23.48,23.68,22.83,22.98,0.0
2023-04-04 13:30:00,CBOE:VIX6M,23.23,23.98,23.07,23.45,0.0
2023-04-05 13:30:00,CBOE:VIX6M,23.85,24.27,23.64,23.76,0.0
2023-04-06 13:30:00,CBOE:VIX6M,23.98,24.11,23.16,23.33,0.0
2023-04-10 13:30:00,CBOE:VIX6M,23.86,24.04,23.19,23.21,0.0
2023-04-11 13:30:00,CBOE:VIX6M,23.23,23.26,22.86,23.12,0.0
2023-04-12 13:30:00,CBOE:VIX6M,22.95,23.38,22.7,23.13,0.0
2023-04-13 13:30:00,CBOE:VIX6M,23.0,23.04,22.53,22.59,0.0
2023-04-14 13:30:00,CBOE:VIX6M,22.76,22.9,22.3,22.48,0.0
2023-04-17 13:30:00,CBOE:VIX6M,22.7,22.72,22.13,22.15,0.0
2023-04-18 13:30:00,CBOE:VIX6M,22.19,22.39,22.03,22.34,0.0
2023-04-19 13:30:00,CBOE:VIX6M,22.64,22.67,22.35,22.58,0.0
2023-04-20 13:30:00,CBOE:VIX6M,23.19,23.3,22.54,23.09,0.0
2023-04-21 13:30:00,CBOE:VIX6M,23.21,23.52,23.0,23.09,0.0
2023-04-24 13:30:00,CBOE:VIX6M,23.26,23.46,23.11,23.15,0.0
2023-04-25 13:30:00,CBOE:VIX6M,23.44,24.62,23.34,24.2,0.0
2023-04-26 13:30:00,CBOE:VIX6M,24.3,24.5,23.66,24.13,0.0
2023-04-27 13:30:00,CBOE:VIX6M,23.71,23.71,23.09,23.25,0.0
2023-04-28 13:30:00,CBOE:VIX6M,23.29,23.3,22.76,22.78,0.0
2023-05-01 13:30:00,CBOE:VIX6M,22.95,23.38,22.31,22.63,0.0
2023-05-02 13:30:00,CBOE:VIX6M,22.99,24.52,22.98,23.47,0.0
2023-05-03 13:30:00,CBOE:VIX6M,23.58,23.97,23.09,23.8,0.0
2023-05-04 13:30:00,CBOE:VIX6M,24.31,25.37,24.22,24.92,0.0
2023-05-05 13:30:00,CBOE:VIX6M,24.07,24.07,23.25,23.55,0.0
2023-05-08 13:30:00,CBOE:VIX6M,23.69,23.9,23.47,23.53,0.0
2023-05-09 13:30:00,CBOE:VIX6M,23.96,24.01,23.67,23.81,0.0
2023-05-10 13:30:00,CBOE:VIX6M,23.35,24.16,23.22,23.37,0.0
2023-05-11 13:30:00,CBOE:VIX6M,23.75,24.01,23.26,23.32,0.0
2023-05-12 13:30:00,CBOE:VIX6M,23.17,23.8,23.03,23.37,0.0
2023-05-15 13:30:00,CBOE:VIX6M,23.4,23.66,23.05,23.05,0.0
2023-05-16 13:30:00,CBOE:VIX6M,23.26,23.69,23.09,23.54,0.0
2023-05-17 13:30:00,CBOE:VIX6M,23.28,23.51,22.79,22.86,0.0
2023-05-18 13:30:00,CBOE:VIX6M,22.88,23.04,22.2,22.23,0.0
2023-05-19 13:30:00,CBOE:VIX6M,22.27,23.12,22.07,22.89,0.0
2023-05-22 13:30:00,CBOE:VIX6M,22.93,23.26,22.6,22.9,0.0
2023-05-23 13:30:00,CBOE:VIX6M,23.36,23.69,22.96,23.37,0.0
2023-05-24 13:30:00,CBOE:VIX6M,24.01,24.26,23.69,23.92,0.0
2023-05-25 13:30:00,CBOE:VIX6M,23.65,23.86,23.3,23.47,0.0
2023-05-26 13:30:00,CBOE:VIX6M,23.37,23.39,22.55,22.82,0.0
2023-05-30 13:30:00,CBOE:VIX6M,22.35,23.02,22.22,22.58,0.0
2023-05-31 13:30:00,CBOE:VIX6M,22.98,23.09,22.34,22.55,0.0
2023-06-01 13:30:00,CBOE:VIX6M,22.37,23.01,21.35,21.37,0.0
2023-06-02 13:30:00,CBOE:VIX6M,21.0,21.05,20.43,20.6,0.0
2023-06-05 13:30:00,CBOE:VIX6M,20.77,20.87,20.51,20.52,0.0
2023-06-06 13:30:00,CBOE:VIX6M,20.68,20.7,19.69,19.7,0.0
2023-06-07 13:30:00,CBOE:VIX6M,19.85,19.98,19.59,19.8,0.0
2023-06-08 13:30:00,CBOE:VIX6M,19.86,19.94,19.39,19.47,0.0
2023-06-09 13:30:00,CBOE:VIX6M,19.44,19.7,19.27,19.55,0.0
2023-06-12 13:30:00,CBOE:VIX6M,19.75,19.86,19.52,19.6,0.0
2023-06-13 13:30:00,CBOE:VIX6M,19.41,19.75,19.31,19.62,0.0
2023-06-14 13:30:00,CBOE:VIX6M,19.7,19.82,19.09,19.47,0.0
2023-06-15 13:30:00,CBOE:VIX6M,19.6,19.61,19.27,19.5,0.0
2023-06-16 13:30:00,CBOE:VIX6M,19.53,19.66,19.26,19.3,0.0
2023-06-20 13:30:00,CBOE:VIX6M,19.8,20.0,19.64,19.75,0.0
2023-06-21 13:30:00,CBOE:VIX6M,19.78,19.79,19.48,19.53,0.0
2023-06-22 13:30:00,CBOE:VIX6M,19.83,19.84,19.22,19.27,0.0
2023-06-23 13:30:00,CBOE:VIX6M,19.69,19.73,19.22,19.49,0.0
2023-06-26 13:30:00,CBOE:VIX6M,19.59,19.59,19.25,19.5,0.0
2023-06-27 13:30:00,CBOE:VIX6M,19.36,19.38,18.75,18.88,0.0
2023-06-28 13:30:00,CBOE:VIX6M,18.91,18.95,18.32,18.34,0.0
2023-06-29 13:30:00,CBOE:VIX6M,18.49,18.58,18.39,18.49,0.0
2023-06-30 13:30:00,CBOE:VIX6M,18.38,18.39,18.17,18.33,0.0
2023-07-03 13:30:00,CBOE:VIX6M,18.43,18.43,18.29,18.37,0.0
2023-07-05 13:30:00,CBOE:VIX6M,18.77,18.77,18.55,18.71,0.0
2023-07-06 13:30:00,CBOE:VIX6M,19.43,20.44,19.26,19.5,0.0
2023-07-07 13:30:00,CBOE:VIX6M,19.71,19.72,19.03,19.31,0.0
2023-07-10 13:30:00,CBOE:VIX6M,19.41,19.52,19.14,19.21,0.0
2023-07-11 13:30:00,CBOE:VIX6M,19.05,19.16,18.91,18.97,0.0
2023-07-12 13:30:00,CBOE:VIX6M,18.47,18.51,18.17,18.26,0.0
2023-07-13 13:30:00,CBOE:VIX6M,18.16,18.24,17.97,18.24,0.0
2023-07-14 13:30:00,CBOE:VIX6M,18.25,18.38,18.17,18.21,0.0
2023-07-17 13:30:00,CBOE:VIX6M,18.41,18.41,18.1,18.27,0.0
2023-07-18 13:30:00,CBOE:VIX6M,18.33,18.35,18.12,18.15,0.0
2023-07-19 13:30:00,CBOE:VIX6M,18.04,18.61,18.03,18.59,0.0
2023-07-20 13:30:00,CBOE:VIX6M,18.66,18.86,18.49,18.74,0.0
2023-07-21 13:30:00,CBOE:VIX6M,18.64,18.68,18.28,18.52,0.0
2023-07-24 13:30:00,CBOE:VIX6M,18.57,18.62,18.32,18.39,0.0
2023-07-25 13:30:00,CBOE:VIX6M,18.49,18.49,18.27,18.36,0.0
2023-07-26 13:30:00,CBOE:VIX6M,18.58,18.59,18.06,18.12,0.0
2023-07-27 13:30:00,CBOE:VIX6M,17.94,19.08,17.87,18.74,0.0
2023-07-28 13:30:00,CBOE:VIX6M,18.14,18.55,18.12,18.27,0.0
2023-07-31 13:30:00,CBOE:VIX6M,18.36,18.57,18.32,18.42,0.0
2023-08-01 13:30:00,CBOE:VIX6M,18.7,18.85,18.56,18.62,0.0
2023-08-02 13:30:00,CBOE:VIX6M,19.36,20.19,19.36,19.88,0.0
2023-08-03 13:30:00,CBOE:VIX6M,20.16,20.53,19.64,19.68,0.0
2023-08-04 13:30:00,CBOE:VIX6M,19.29,20.35,18.99,20.18,0.0
2023-08-07 13:30:00,CBOE:VIX6M,19.93,20.08,19.48,19.48,0.0
2023-08-08 13:30:00,CBOE:VIX6M,20.11,20.99,19.87,19.9,0.0
2023-08-09 13:30:00,CBOE:VIX6M,19.83,20.32,19.58,19.86,0.0
2023-08-10 13:30:00,CBOE:VIX6M,19.33,20.24,18.99,19.83,0.0
2023-08-11 13:30:00,CBOE:VIX6M,20.26,20.29,19.56,19.58,0.0
2023-08-14 13:30:00,CBOE:VIX6M,19.96,20.01,19.27,19.29,0.0
2023-08-15 13:30:00,CBOE:VIX6M,19.72,20.43,19.68,20.36,0.0
2023-08-16 13:30:00,CBOE:VIX6M,20.35,20.88,20.06,20.7,0.0
2023-08-17 13:30:00,CBOE:VIX6M,20.53,21.47,20.47,21.42,0.0
2023-08-18 13:30:00,CBOE:VIX6M,21.93,21.96,20.91,21.05,0.0
2023-08-21 13:30:00,CBOE:VIX6M,21.0,21.18,20.56,20.63,0.0
2023-08-22 13:30:00,CBOE:VIX6M,20.47,20.91,20.42,20.77,0.0
2023-08-23 13:30:00,CBOE:VIX6M,20.57,20.57,20.03,20.06,0.0
2023-08-24 13:30:00,CBOE:VIX6M,19.82,20.7,19.75,20.61,0.0
2023-08-25 13:30:00,CBOE:VIX6M,20.29,20.69,19.61,19.76,0.0
2023-08-28 13:30:00,CBOE:VIX6M,19.71,19.71,19.24,19.31,0.0
2023-08-29 13:30:00,CBOE:VIX6M,19.28,19.31,18.7,18.71,0.0
2023-08-30 13:30:00,CBOE:VIX6M,18.79,18.87,18.52,18.55,0.0
2023-08-31 13:30:00,CBOE:VIX6M,18.58,18.58,18.21,18.29,0.0
2023-09-01 13:30:00,CBOE:VIX6M,18.09,18.26,17.82,18.15,0.0
2023-09-05 13:30:00,CBOE:VIX6M,18.46,18.61,18.09,18.32,0.0
2023-09-06 13:30:00,CBOE:VIX6M,18.46,18.95,18.38,18.62,0.0
2023-09-07 13:30:00,CBOE:VIX6M,19.12,19.24,18.58,18.61,0.0
2023-09-08 13:30:00,CBOE:VIX6M,18.59,18.59,18.14,18.27,0.0
2023-09-11 13:30:00,CBOE:VIX6M,18.16,18.32,17.97,18.05,0.0
2023-09-12 13:30:00,CBOE:VIX6M,18.26,18.31,17.96,18.21,0.0
2023-09-13 13:30:00,CBOE:VIX6M,18.16,18.24,17.87,18.01,0.0
2023-09-14 13:30:00,CBOE:VIX6M,17.87,17.92,17.6,17.68,0.0
2023-09-15 13:30:00,CBOE:VIX6M,17.78,18.24,17.74,18.15,0.0
2023-09-18 13:30:00,CBOE:VIX6M,18.46,18.55,18.07,18.19,0.0
2023-09-19 13:30:00,CBOE:VIX6M,18.37,18.63,18.14,18.17,0.0
2023-09-20 13:30:00,CBOE:VIX6M,18.05,18.62,17.78,18.61,0.0
2023-09-21 13:30:00,CBOE:VIX6M,19.14,19.58,18.26,19.58,0.0
2023-09-22 13:30:00,CBOE:VIX6M,19.43,19.61,19.01,19.6,0.0
2023-09-25 13:30:00,CBOE:VIX6M,19.94,20.08,19.58,19.63,0.0
2023-09-26 13:30:00,CBOE:VIX6M,20.06,21.23,19.89,21.01,0.0
2023-09-27 13:30:00,CBOE:VIX6M,20.65,21.61,20.61,20.7,0.0
2023-09-28 13:30:00,CBOE:VIX6M,20.82,20.9,19.94,20.09,0.0
2023-09-29 13:30:00,CBOE:VIX6M,19.47,20.3,19.31,20.18,0.0
2023-10-02 13:30:00,CBOE:VIX6M,20.4,20.59,19.94,20.27,0.0
2023-10-03 13:30:00,CBOE:VIX6M,20.73,21.92,20.46,21.65,0.0
2023-10-04 13:30:00,CBOE:VIX6M,21.5,21.8,20.96,21.08,0.0
2023-10-05 13:30:00,CBOE:VIX6M,21.11,21.72,20.95,21.14,0.0
2023-10-06 13:30:00,CBOE:VIX6M,21.49,21.79,20.29,20.49,0.0
2023-10-09 13:30:00,CBOE:VIX6M,21.2,21.36,20.5,20.56,0.0
2023-10-10 13:30:00,CBOE:VIX6M,20.42,20.42,19.85,20.13,0.0
2023-10-11 13:30:00,CBOE:VIX6M,19.85,20.45,19.63,19.63,0.0
2023-10-12 13:30:00,CBOE:VIX6M,19.56,20.61,19.31,19.98,0.0
2023-10-13 13:30:00,CBOE:VIX6M,19.96,22.12,19.95,21.81,0.0
2023-10-16 13:30:00,CBOE:VIX6M,21.23,21.24,20.57,20.64,0.0
2023-10-17 13:30:00,CBOE:VIX6M,21.15,21.3,20.39,21.06,0.0
2023-10-18 13:30:00,CBOE:VIX6M,21.32,22.31,21.31,21.96,0.0
2023-10-19 13:30:00,CBOE:VIX6M,21.87,23.32,21.55,23.21,0.0
2023-10-20 13:30:00,CBOE:VIX6M,23.37,23.76,22.99,23.6,0.0
2023-10-23 13:30:00,CBOE:VIX6M,23.8,24.1,22.29,22.67,0.0
2023-10-24 13:30:00,CBOE:VIX6M,22.45,22.76,21.62,21.85,0.0
2023-10-25 13:30:00,CBOE:VIX6M,22.04,23.36,22.04,22.69,0.0
2023-10-26 13:30:00,CBOE:VIX6M,23.13,23.79,22.81,23.02,0.0
2023-10-27 13:30:00,CBOE:VIX6M,22.94,23.83,22.66,23.65,0.0
2023-10-30 13:30:00,CBOE:VIX6M,23.15,23.2,22.35,22.46,0.0
2023-10-31 13:30:00,CBOE:VIX6M,22.26,22.38,21.21,21.34,0.0
2023-11-01 13:30:00,CBOE:VIX6M,21.25,21.29,20.12,20.43,0.0
2023-11-02 13:30:00,CBOE:VIX6M,20.03,20.11,19.72,19.82,0.0
2023-11-03 13:30:00,CBOE:VIX6M,19.6,19.63,19.35,19.36,0.0
2023-11-06 14:30:00,CBOE:VIX6M,19.37,19.53,19.12,19.13,0.0
2023-11-07 14:30:00,CBOE:VIX6M,19.24,19.32,19.01,19.18,0.0
2023-11-08 14:30:00,CBOE:VIX6M,19.08,19.28,18.76,18.89,0.0
2023-11-09 14:30:00,CBOE:VIX6M,18.81,19.51,18.79,19.37,0.0
2023-11-10 14:30:00,CBOE:VIX6M,19.19,19.32,18.65,18.69,0.0
2023-11-13 14:30:00,CBOE:VIX6M,19.09,19.11,18.61,18.82,0.0
2023-11-14 14:30:00,CBOE:VIX6M,18.28,18.53,18.2,18.51,0.0
2023-11-15 14:30:00,CBOE:VIX6M,18.47,18.63,18.3,18.58,0.0
2023-11-16 14:30:00,CBOE:VIX6M,18.59,18.7,18.33,18.46,0.0
2023-11-17 14:30:00,CBOE:VIX6M,18.59,18.6,18.25,18.31,0.0
2023-11-20 14:30:00,CBOE:VIX6M,18.34,18.34,18.1,18.21,0.0
2023-11-21 14:30:00,CBOE:VIX6M,18.37,18.38,17.96,18.03,0.0
2023-11-22 14:30:00,CBOE:VIX6M,17.82,18.16,17.78,18.05,0.0
2023-11-24 14:30:00,CBOE:VIX6M,18.22,18.46,17.77,17.81,0.0
2023-11-27 14:30:00,CBOE:VIX6M,18.09,18.28,17.82,17.89,0.0
2023-11-28 14:30:00,CBOE:VIX6M,18.03,18.25,17.75,17.81,0.0
2023-11-29 14:30:00,CBOE:VIX6M,17.7,18.07,17.67,18.03,0.0
2023-11-30 14:30:00,CBOE:VIX6M,18.09,18.36,17.9,17.91,0.0
2023-12-01 14:30:00,CBOE:VIX6M,17.95,17.99,17.62,17.83,0.0
2023-12-04 14:30:00,CBOE:VIX6M,18.28,18.49,18.08,18.12,0.0
2023-12-05 14:30:00,CBOE:VIX6M,18.24,18.33,17.98,17.99,0.0
2023-12-06 14:30:00,CBOE:VIX6M,17.9,18.17,17.86,18.15,0.0
2023-12-07 14:30:00,CBOE:VIX6M,18.09,18.2,17.92,17.95,0.0
2023-12-08 14:30:00,CBOE:VIX6M,17.92,17.96,17.54,17.61,0.0
2023-12-11 14:30:00,CBOE:VIX6M,17.83,17.84,17.5,17.54,0.0
2023-12-12 14:30:00,CBOE:VIX6M,17.5,17.51,17.09,17.2,0.0
2023-12-13 14:30:00,CBOE:VIX6M,17.27,17.35,16.95,16.99,0.0
2023-12-14 14:30:00,CBOE:VIX6M,16.99,17.39,16.94,16.99,0.0
2023-12-15 14:30:00,CBOE:VIX6M,17.15,17.58,16.71,17.32,0.0
2023-12-18 14:30:00,CBOE:VIX6M,17.4,17.62,17.37,17.59,0.0
2023-12-19 14:30:00,CBOE:VIX6M,17.58,17.82,17.57,17.81,0.0
2023-12-20 14:30:00,CBOE:VIX6M,17.81,18.82,17.75,18.64,0.0
2023-12-21 14:30:00,CBOE:VIX6M,18.39,18.75,18.35,18.4,0.0
2023-12-22 14:30:00,CBOE:VIX6M,18.45,18.87,18.18,18.19,0.0
2023-12-26 14:30:00,CBOE:VIX6M,18.41,18.41,18.0,18.06,0.0
2023-12-27 14:30:00,CBOE:VIX6M,18.02,18.04,17.5,17.52,0.0
2023-12-28 14:30:00,CBOE:VIX6M,17.57,17.61,17.48,17.51,0.0
2023-12-29 14:30:00,CBOE:VIX6M,17.58,17.85,17.47,17.53,0.0
2024-01-02 14:30:00,CBOE:VIX6M,17.95,18.2,17.66,17.68,0.0
2024-01-03 14:30:00,CBOE:VIX6M,17.97,18.39,17.52,18.08,0.0
2024-01-04 14:30:00,CBOE:VIX6M,18.14,18.2,17.85,18.02,0.0
2024-01-05 14:30:00,CBOE:VIX6M,17.91,17.92,17.37,17.56,0.0
2024-01-08 14:30:00,CBOE:VIX6M,17.65,17.68,17.04,17.09,0.0
2024-01-09 14:30:00,CBOE:VIX6M,17.36,17.38,16.92,16.96,0.0
2024-01-10 14:30:00,CBOE:VIX6M,16.88,16.88,16.67,16.75,0.0
2024-01-11 14:30:00,CBOE:VIX6M,16.62,17.21,16.52,16.68,0.0
2024-01-12 14:30:00,CBOE:VIX6M,16.56,16.86,16.48,16.85,0.0
2024-01-16 14:30:00,CBOE:VIX6M,17.24,17.69,17.15,17.44,0.0
2024-01-17 14:30:00,CBOE:VIX6M,17.98,18.28,17.78,17.9,0.0
2024-01-18 14:30:00,CBOE:VIX6M,17.64,18.01,17.39,17.45,0.0
2024-01-19 14:30:00,CBOE:VIX6M,17.3,17.37,16.93,16.94,0.0
2024-01-22 14:30:00,CBOE:VIX6M,17.02,17.04,16.67,16.75,0.0
2024-01-23 14:30:00,CBOE:VIX6M,16.66,16.7,16.33,16.36,0.0
2024-01-24 14:30:00,CBOE:VIX6M,16.26,16.75,16.2,16.73,0.0
2024-01-25 14:30:00,CBOE:VIX6M,16.69,16.92,16.66,16.83,0.0
2024-01-26 14:30:00,CBOE:VIX6M,16.96,16.97,16.74,16.86,0.0
2024-01-29 14:30:00,CBOE:VIX6M,17.04,17.14,16.94,16.97,0.0
2024-01-30 14:30:00,CBOE:VIX6M,17.04,17.05,16.86,16.93,0.0
2024-01-31 14:30:00,CBOE:VIX6M,16.97,17.7,16.97,17.58,0.0
2024-02-01 14:30:00,CBOE:VIX6M,17.42,17.8,17.22,17.22,0.0
2024-02-02 14:30:00,CBOE:VIX6M,17.45,17.51,16.92,17.27,0.0
2024-02-05 14:30:00,CBOE:VIX6M,17.38,17.55,16.96,17.06,0.0
2024-02-06 14:30:00,CBOE:VIX6M,16.92,17.11,16.72,16.82,0.0
2024-02-07 14:30:00,CBOE:VIX6M,16.7,16.78,16.64,16.69,0.0
2024-02-08 14:30:00,CBOE:VIX6M,16.79,16.92,16.7,16.73,0.0
2024-02-09 14:30:00,CBOE:VIX6M,16.77,16.94,16.67,16.94,0.0
2024-02-12 14:30:00,CBOE:VIX6M,16.99,17.37,16.95,17.37,0.0
2024-02-13 14:30:00,CBOE:VIX6M,17.83,19.15,17.71,18.19,0.0
2024-02-14 14:30:00,CBOE:VIX6M,17.6,18.08,17.43,17.62,0.0
2024-02-15 14:30:00,CBOE:VIX6M,17.58,17.76,17.51,17.53,0.0
2024-02-16 14:30:00,CBOE:VIX6M,17.63,17.75,17.33,17.62,0.0
2024-02-20 14:30:00,CBOE:VIX6M,17.84,18.3,17.81,18.0,0.0
2024-02-21 14:30:00,CBOE:VIX6M,18.15,18.2,17.71,17.78,0.0
2024-02-22 14:30:00,CBOE:VIX6M,17.3,17.42,17.15,17.39,0.0
2024-02-23 14:30:00,CBOE:VIX6M,17.27,17.37,17.09,17.09,0.0
2024-02-26 14:30:00,CBOE:VIX6M,17.2,17.2,16.96,17.04,0.0
2024-02-27 14:30:00,CBOE:VIX6M,16.99,17.0,16.75,16.78,0.0
2024-02-28 14:30:00,CBOE:VIX6M,16.98,17.06,16.84,17.03,0.0
2024-02-29 14:30:00,CBOE:VIX6M,16.82,17.14,16.76,16.86,0.0
2024-03-01 14:30:00,CBOE:VIX6M,16.81,16.95,16.69,16.86,0.0
2024-03-04 14:30:00,CBOE:VIX6M,17.0,17.13,16.97,17.12,0.0
2024-03-05 14:30:00,CBOE:VIX6M,17.27,17.9,17.26,17.62,0.0
2024-03-06 14:30:00,CBOE:VIX6M,17.35,17.78,17.33,17.67,0.0
2024-03-07 14:30:00,CBOE:VIX6M,17.53,17.7,17.49,17.57,0.0
2024-03-08 14:30:00,CBOE:VIX6M,17.5,18.4,17.4,17.96,0.0
2024-03-11 13:30:00,CBOE:VIX6M,18.3,18.47,18.07,18.11,0.0
2024-03-12 13:30:00,CBOE:VIX6M,17.86,18.04,17.56,17.58,0.0
2024-03-13 13:30:00,CBOE:VIX6M,17.59,17.69,17.49,17.56,0.0
2024-03-14 13:30:00,CBOE:VIX6M,17.54,18.34,17.48,17.93,0.0
2024-03-15 13:30:00,CBOE:VIX6M,18.11,18.69,18.03,18.17,0.0
2024-03-18 13:30:00,CBOE:VIX6M,18.02,18.11,17.93,18.0,0.0
2024-03-19 13:30:00,CBOE:VIX6M,18.08,18.13,17.58,17.64,0.0
2024-03-20 13:30:00,CBOE:VIX6M,17.66,17.73,17.22,17.27,0.0
2024-03-21 13:30:00,CBOE:VIX6M,17.18,17.55,17.12,17.25,0.0
2024-03-22 13:30:00,CBOE:VIX6M,17.32,17.36,17.16,17.34,0.0
2024-03-25 13:30:00,CBOE:VIX6M,17.53,17.53,17.31,17.46,0.0
2024-03-26 13:30:00,CBOE:VIX6M,17.39,17.44,17.16,17.34,0.0
2024-03-27 13:30:00,CBOE:VIX6M,17.19,17.39,17.02,17.07,0.0
2024-03-28 13:30:00,CBOE:VIX6M,17.13,17.32,17.07,17.19,0.0
2024-04-01 13:30:00,CBOE:VIX6M,17.4,17.64,17.32,17.42,0.0
2024-04-02 13:30:00,CBOE:VIX6M,17.89,18.25,17.84,17.84,0.0
2024-04-03 13:30:00,CBOE:VIX6M,18.07,18.3,17.69,17.74,0.0
2024-04-04 13:30:00,CBOE:VIX6M,17.54,18.85,17.47,18.65,0.0
2024-04-05 13:30:00,CBOE:VIX6M,18.67,18.81,18.28,18.68,0.0
2024-04-08 13:30:00,CBOE:VIX6M,18.59,18.68,18.08,18.16,0.0
2024-04-09 13:30:00,CBOE:VIX6M,18.16,18.72,18.05,18.07,0.0
2024-04-10 13:30:00,CBOE:VIX6M,18.68,18.9,18.37,18.54,0.0
2024-04-11 13:30:00,CBOE:VIX6M,18.6,19.08,18.14,18.15,0.0
2024-04-12 13:30:00,CBOE:VIX6M,18.85,20.08,18.79,19.38,0.0
2024-04-15 13:30:00,CBOE:VIX6M,18.91,20.5,18.87,20.41,0.0
2024-04-16 13:30:00,CBOE:VIX6M,20.17,20.41,19.58,19.9,0.0
2024-04-17 13:30:00,CBOE:VIX6M,19.67,20.4,19.49,19.87,0.0
2024-04-18 13:30:00,CBOE:VIX6M,19.7,20.0,19.35,19.77,0.0
2024-04-19 13:30:00,CBOE:VIX6M,20.07,20.62,19.73,20.17,0.0
2024-04-22 13:30:00,CBOE:VIX6M,19.75,19.79,18.75,18.86,0.0
2024-04-23 13:30:00,CBOE:VIX6M,18.57,18.58,18.06,18.17,0.0
2024-04-24 13:30:00,CBOE:VIX6M,18.22,18.75,18.05,18.31,0.0
2024-04-25 13:30:00,CBOE:VIX6M,18.9,19.11,17.83,17.88,0.0
2024-04-26 13:30:00,CBOE:VIX6M,17.92,17.96,17.67,17.83,0.0
2024-04-29 13:30:00,CBOE:VIX6M,17.83,17.94,17.58,17.63,0.0
2024-04-30 13:30:00,CBOE:VIX6M,17.77,18.26,17.56,17.94,0.0
2024-05-01 13:30:00,CBOE:VIX6M,18.23,18.57,17.53,18.16,0.0
2024-05-02 13:30:00,CBOE:VIX6M,17.94,18.31,17.68,17.71,0.0
2024-05-03 13:30:00,CBOE:VIX6M,17.26,17.52,17.13,17.13,0.0
2024-05-06 13:30:00,CBOE:VIX6M,17.15,17.22,16.92,16.94,0.0
2024-05-07 13:30:00,CBOE:VIX6M,16.93,17.15,16.87,16.9,0.0
2024-05-08 13:30:00,CBOE:VIX6M,17.02,17.06,16.85,16.89,0.0
2024-05-09 13:30:00,CBOE:VIX6M,16.88,17.08,16.67,16.68,0.0
2024-05-10 13:30:00,CBOE:VIX6M,16.72,17.0,16.61,16.67,0.0
2024-05-13 13:30:00,CBOE:VIX6M,16.77,16.96,16.77,16.86,0.0
2024-05-14 13:30:00,CBOE:VIX6M,16.94,17.0,16.7,16.76,0.0
2024-05-15 13:30:00,CBOE:VIX6M,16.62,16.65,16.26,16.33,0.0
2024-05-16 13:30:00,CBOE:VIX6M,16.36,16.58,16.3,16.46,0.0
2024-05-17 13:30:00,CBOE:VIX6M,16.44,16.48,16.23,16.29,0.0
2024-05-20 13:30:00,CBOE:VIX6M,16.38,16.43,16.28,16.34,0.0
2024-05-21 13:30:00,CBOE:VIX6M,16.51,16.52,16.15,16.2,0.0
2024-05-22 13:30:00,CBOE:VIX6M,16.28,16.6,16.18,16.51,0.0
2024-05-23 13:30:00,CBOE:VIX6M,16.34,16.92,16.32,16.7,0.0
2024-05-24 13:30:00,CBOE:VIX6M,16.62,16.7,16.34,16.36,0.0
2024-05-28 13:30:00,CBOE:VIX6M,16.53,16.95,16.51,16.71,0.0
2024-05-29 13:30:00,CBOE:VIX6M,17.24,17.3,16.99,17.21,0.0
2024-05-30 13:30:00,CBOE:VIX6M,17.24,17.37,16.94,17.3,0.0
2024-05-31 13:30:00,CBOE:VIX6M,17.02,17.48,16.6,16.61,0.0
2024-06-03 13:30:00,CBOE:VIX6M,16.7,17.19,16.65,16.74,0.0
2024-06-04 13:30:00,CBOE:VIX6M,16.95,17.13,16.8,16.84,0.0
2024-06-05 13:30:00,CBOE:VIX6M,16.75,18.06,16.55,16.61,0.0
2024-06-06 13:30:00,CBOE:VIX6M,16.61,16.76,16.56,16.62,0.0
2024-06-07 13:30:00,CBOE:VIX6M,16.72,16.74,16.39,16.54,0.0
2024-06-10 13:30:00,CBOE:VIX6M,16.85,16.88,16.59,16.67,0.0
2024-06-11 13:30:00,CBOE:VIX6M,16.82,16.95,16.58,16.59,0.0
2024-06-12 13:30:00,CBOE:VIX6M,16.39,16.73,16.24,16.38,0.0
2024-06-13 13:30:00,CBOE:VIX6M,16.34,16.95,16.32,16.49,0.0
2024-06-14 13:30:00,CBOE:VIX6M,16.88,17.08,16.77,17.03,0.0
2024-06-17 13:30:00,CBOE:VIX6M,17.2,17.26,16.86,17.0,0.0
2024-06-18 13:30:00,CBOE:VIX6M,16.98,17.15,16.91,16.99,0.0
2024-06-20 13:30:00,CBOE:VIX6M,17.07,17.74,17.07,17.62,0.0
2024-06-21 13:30:00,CBOE:VIX6M,17.81,17.89,17.4,17.46,0.0
2024-06-24 13:30:00,CBOE:VIX6M,17.66,17.66,17.36,17.56,0.0
2024-06-25 13:30:00,CBOE:VIX6M,17.52,17.54,17.18,17.24,0.0
2024-06-26 13:30:00,CBOE:VIX6M,17.43,17.45,17.05,17.18,0.0
2024-06-27 13:30:00,CBOE:VIX6M,17.13,17.17,16.91,16.92,0.0
2024-06-28 13:30:00,CBOE:VIX6M,16.96,17.07,16.73,16.95,0.0
2024-07-01 13:30:00,CBOE:VIX6M,17.0,17.18,16.62,16.68,0.0
2024-07-02 13:30:00,CBOE:VIX6M,16.84,16.84,16.45,16.53,0.0
2024-07-03 13:30:00,CBOE:VIX6M,16.52,16.7,16.48,16.55,0.0
2024-07-05 13:30:00,CBOE:VIX6M,16.64,16.77,16.56,16.71,0.0
2024-07-08 13:30:00,CBOE:VIX6M,16.73,16.75,16.62,16.65,0.0
2024-07-09 13:30:00,CBOE:VIX6M,16.65,16.77,16.58,16.77,0.0
2024-07-10 13:30:00,CBOE:VIX6M,16.8,16.87,16.64,16.8,0.0
2024-07-11 13:30:00,CBOE:VIX6M,16.72,17.08,16.71,16.99,0.0
2024-07-12 13:30:00,CBOE:VIX6M,16.86,16.86,16.59,16.8,0.0
2024-07-15 13:30:00,CBOE:VIX6M,16.84,17.15,16.75,17.07,0.0
2024-07-16 13:30:00,CBOE:VIX6M,16.98,17.18,16.96,17.15,0.0
2024-07-17 13:30:00,CBOE:VIX6M,17.45,18.04,17.38,17.73,0.0
2024-07-18 13:30:00,CBOE:VIX6M,17.64,18.54,17.45,18.2,0.0
2024-07-19 13:30:00,CBOE:VIX6M,18.45,18.87,18.24,18.64,0.0
2024-07-22 13:30:00,CBOE:VIX6M,18.44,18.44,17.83,17.93,0.0
2024-07-23 13:30:00,CBOE:VIX6M,17.99,18.51,17.64,17.92,0.0
2024-07-24 13:30:00,CBOE:VIX6M,18.36,19.72,18.34,19.62,0.0
2024-07-25 13:30:00,CBOE:VIX6M,19.56,20.2,18.82,19.8,0.0
2024-07-26 13:30:00,CBOE:VIX6M,19.38,19.39,18.72,18.75,0.0
2024-07-29 13:30:00,CBOE:VIX6M,18.87,18.97,18.42,18.64,0.0
2024-07-30 13:30:00,CBOE:VIX6M,18.49,25.25,18.38,19.24,0.0
2024-07-31 13:30:00,CBOE:VIX6M,18.42,18.51,17.95,18.32,0.0
2024-08-01 13:30:00,CBOE:VIX6M,18.3,20.69,18.25,19.94,0.0
2024-08-02 13:30:00,CBOE:VIX6M,21.25,24.96,21.07,22.98,0.0
2024-08-05 13:30:00,CBOE:VIX6M,37.41,37.69,25.95,30.28,0.0
2024-08-06 13:30:00,CBOE:VIX6M,27.62,28.11,23.1,25.56,0.0
2024-08-07 13:30:00,CBOE:VIX6M,23.07,26.59,22.75,25.75,0.0
2024-08-08 13:30:00,CBOE:VIX6M,24.53,25.13,23.3,23.5,0.0
2024-08-09 13:30:00,CBOE:VIX6M,23.58,23.97,21.34,21.43,0.0
2024-08-12 13:30:00,CBOE:VIX6M,21.23,21.82,20.2,21.63,0.0
2024-08-13 13:30:00,CBOE:VIX6M,20.91,20.99,20.15,20.23,0.0
2024-08-14 13:30:00,CBOE:VIX6M,19.84,20.01,19.18,19.2,0.0
2024-08-15 13:30:00,CBOE:VIX6M,18.72,19.02,18.46,18.77,0.0
2024-08-16 13:30:00,CBOE:VIX6M,19.08,20.04,18.55,18.78,0.0
2024-08-19 13:30:00,CBOE:VIX6M,19.0,19.0,18.48,18.62,0.0
2024-08-20 13:30:00,CBOE:VIX6M,18.81,19.38,18.69,19.3,0.0
2024-08-21 13:30:00,CBOE:VIX6M,19.38,20.05,19.26,19.54,0.0
2024-08-22 13:30:00,CBOE:VIX6M,19.38,20.28,19.38,20.09,0.0
2024-08-23 13:30:00,CBOE:VIX6M,19.88,20.75,19.23,19.35,0.0
2024-08-26 13:30:00,CBOE:VIX6M,19.32,19.71,19.25,19.36,0.0
2024-08-27 13:30:00,CBOE:VIX6M,19.59,19.77,18.99,19.0,0.0
2024-08-28 13:30:00,CBOE:VIX6M,19.04,20.17,19.01,19.83,0.0
2024-08-29 13:30:00,CBOE:VIX6M,19.33,19.61,19.01,19.31,0.0
2024-08-30 13:30:00,CBOE:VIX6M,19.09,19.92,18.85,18.88,0.0
2024-09-03 13:30:00,CBOE:VIX6M,19.43,22.5,19.41,21.93,0.0
2024-09-04 13:30:00,CBOE:VIX6M,22.69,24.52,21.0,22.27,0.0
2024-09-05 13:30:00,CBOE:VIX6M,21.95,22.42,21.12,21.45,0.0
2024-09-06 13:30:00,CBOE:VIX6M,20.93,23.63,20.75,22.79,0.0
2024-09-09 13:30:00,CBOE:VIX6M,22.14,22.35,21.26,21.4,0.0
2024-09-10 13:30:00,CBOE:VIX6M,21.23,22.27,21.17,21.23,0.0
2024-09-11 13:30:00,CBOE:VIX6M,21.04,22.66,20.12,20.37,0.0
2024-09-12 13:30:00,CBOE:VIX6M,20.46,21.02,20.15,20.4,0.0
2024-09-13 13:30:00,CBOE:VIX6M,20.33,20.82,19.97,20.28,0.0
2024-09-16 13:30:00,CBOE:VIX6M,20.41,20.94,20.38,20.58,0.0
2024-09-17 13:30:00,CBOE:VIX6M,20.39,21.27,20.35,20.88,0.0
2024-09-18 13:30:00,CBOE:VIX6M,21.07,29.76,20.24,20.98,0.0
2024-09-19 13:30:00,CBOE:VIX6M,20.09,20.32,19.91,20.04,0.0
2024-09-20 13:30:00,CBOE:VIX6M,20.01,20.29,19.88,20.12,0.0
2024-09-23 13:30:00,CBOE:VIX6M,20.11,20.34,19.86,20.05,0.0
2024-09-24 13:30:00,CBOE:VIX6M,19.93,20.47,19.81,19.87,0.0
2024-09-25 13:30:00,CBOE:VIX6M,19.81,20.51,19.75,20.0,0.0
2024-09-26 13:30:00,CBOE:VIX6M,19.85,20.74,19.83,19.99,0.0
2024-09-27 13:30:00,CBOE:VIX6M,19.9,20.93,19.87,20.92,0.0
2024-09-30 13:30:00,CBOE:VIX6M,20.88,23.13,20.54,20.62,0.0
2024-10-01 13:30:00,CBOE:VIX6M,20.63,25.23,20.63,21.83,0.0
2024-10-02 13:30:00,CBOE:VIX6M,22.09,22.6,21.57,21.62,0.0
2024-10-03 13:30:00,CBOE:VIX6M,22.05,24.21,21.72,22.28,0.0
2024-10-04 13:30:00,CBOE:VIX6M,21.8,22.22,21.45,21.6,0.0
2024-10-07 13:30:00,CBOE:VIX6M,21.96,23.17,21.91,23.02,0.0
2024-10-08 13:30:00,CBOE:VIX6M,22.39,22.72,22.28,22.45,0.0
2024-10-09 13:30:00,CBOE:VIX6M,22.33,22.44,21.78,21.85,0.0
2024-10-10 13:30:00,CBOE:VIX6M,21.9,22.33,21.83,21.96,0.0
2024-10-11 13:30:00,CBOE:VIX6M,21.89,25.84,21.61,21.76,0.0
2024-10-14 13:30:00,CBOE:VIX6M,21.49,21.59,21.04,21.14,0.0
2024-10-15 13:30:00,CBOE:VIX6M,20.93,21.86,20.83,21.52,0.0
2024-10-16 13:30:00,CBOE:VIX6M,21.56,21.8,21.11,21.14,0.0
2024-10-17 13:30:00,CBOE:VIX6M,20.92,21.46,20.71,20.75,0.0
2024-10-18 13:30:00,CBOE:VIX6M,20.71,20.79,20.14,20.23,0.0
2024-10-21 13:30:00,CBOE:VIX6M,20.5,21.13,20.17,20.2,0.0
2024-10-22 13:30:00,CBOE:VIX6M,20.65,20.7,20.01,20.22,0.0
2024-10-23 13:30:00,CBOE:VIX6M,20.29,21.39,20.21,20.74,0.0
2024-10-24 13:30:00,CBOE:VIX6M,20.53,21.67,20.5,20.56,0.0
2024-10-25 13:30:00,CBOE:VIX6M,20.32,21.79,19.91,21.51,0.0
2024-10-28 13:30:00,CBOE:VIX6M,20.69,20.83,20.33,20.79,0.0
2024-10-29 13:30:00,CBOE:VIX6M,20.89,21.31,20.31,20.45,0.0
2024-10-30 13:30:00,CBOE:VIX6M,20.85,21.41,20.57,21.23,0.0
2024-10-31 13:30:00,CBOE:VIX6M,21.8,24.98,21.78,22.61,0.0
2024-11-01 13:30:00,CBOE:VIX6M,22.18,22.35,21.64,22.18,0.0
2024-11-04 14:30:00,CBOE:VIX6M,22.29,22.56,21.58,22.0,0.0
2024-11-05 14:30:00,CBOE:VIX6M,21.76,21.76,20.64,20.85,0.0
2024-11-06 14:30:00,CBOE:VIX6M,18.95,20.0,18.9,19.17,0.0
2024-11-07 14:30:00,CBOE:VIX6M,18.65,21.2,18.5,18.61,0.0
2024-11-08 14:30:00,CBOE:VIX6M,18.27,18.69,18.26,18.56,0.0
2024-11-11 14:30:00,CBOE:VIX6M,18.34,18.97,18.33,18.47,0.0
2024-11-12 14:30:00,CBOE:VIX6M,18.68,19.12,18.36,18.54,0.0
2024-11-13 14:30:00,CBOE:VIX6M,18.44,19.05,18.34,18.46,0.0
2024-11-14 14:30:00,CBOE:VIX6M,18.43,19.14,18.17,18.57,0.0
2024-11-15 14:30:00,CBOE:VIX6M,18.62,20.04,18.56,19.25,0.0
2024-11-18 14:30:00,CBOE:VIX6M,19.36,19.4,18.68,18.76,0.0
2024-11-19 14:30:00,CBOE:VIX6M,19.43,19.51,18.87,19.16,0.0
2024-11-20 14:30:00,CBOE:VIX6M,19.09,20.1,18.99,19.43,0.0
2024-11-21 14:30:00,CBOE:VIX6M,18.93,19.94,18.84,19.41,0.0
2024-11-22 14:30:00,CBOE:VIX6M,19.18,19.34,18.78,18.78,0.0
2024-11-25 14:30:00,CBOE:VIX6M,18.51,19.1,18.43,18.44,0.0
2024-11-26 14:30:00,CBOE:VIX6M,18.31,18.44,18.09,18.17,0.0
2024-11-27 14:30:00,CBOE:VIX6M,18.29,18.69,18.18,18.28,0.0
2024-11-29 14:30:00,CBOE:VIX6M,18.2,18.29,18.04,18.15,0.0
2024-12-02 14:30:00,CBOE:VIX6M,18.14,18.61,18.03,18.05,0.0
2024-12-03 14:30:00,CBOE:VIX6M,18.11,18.26,17.98,17.98,0.0
2024-12-04 14:30:00,CBOE:VIX6M,17.98,18.32,17.91,18.3,0.0
2024-12-05 14:30:00,CBOE:VIX6M,18.28,18.42,18.24,18.36,0.0
2024-12-06 14:30:00,CBOE:VIX6M,18.19,18.31,18.11,18.21,0.0
2024-12-09 14:30:00,CBOE:VIX6M,18.42,18.82,18.37,18.78,0.0
2024-12-10 14:30:00,CBOE:VIX6M,18.73,18.94,18.62,18.8,0.0
2024-12-11 14:30:00,CBOE:VIX6M,18.57,18.95,18.52,18.9,0.0
2024-12-12 14:30:00,CBOE:VIX6M,18.94,19.31,18.87,19.31,0.0
2024-12-13 14:30:00,CBOE:VIX6M,18.97,19.38,18.9,19.23,0.0
2024-12-16 14:30:00,CBOE:VIX6M,19.34,19.53,19.31,19.5,0.0
2024-12-17 14:30:00,CBOE:VIX6M,19.82,19.94,19.62,19.87,0.0
2024-12-18 14:30:00,CBOE:VIX6M,19.94,24.44,19.64,23.62,0.0
2024-12-19 14:30:00,CBOE:VIX6M,21.92,24.39,21.69,23.91,0.0
2024-12-20 14:30:00,CBOE:VIX6M,24.07,24.45,21.15,21.5,0.0
2024-12-23 14:30:00,CBOE:VIX6M,21.23,21.93,20.32,20.32,0.0
2024-12-24 14:30:00,CBOE:VIX6M,20.14,20.2,19.26,19.28,0.0
2024-12-26 14:30:00,CBOE:VIX6M,19.48,19.81,19.24,19.38,0.0
2024-12-27 14:30:00,CBOE:VIX6M,19.92,20.93,19.8,19.88,0.0
2024-12-30 14:30:00,CBOE:VIX6M,21.09,22.03,20.03,20.5,0.0
2024-12-31 14:30:00,CBOE:VIX6M,20.24,20.76,20.04,20.55,0.0
2025-01-02 14:30:00,CBOE:VIX6M,20.35,21.58,20.22,20.71,0.0
2025-01-03 14:30:00,CBOE:VIX6M,20.45,20.63,19.8,19.82,0.0
2025-01-06 14:30:00,CBOE:VIX6M,19.75,20.24,19.29,19.65,0.0
2025-01-07 14:30:00,CBOE:VIX6M,19.44,20.98,19.43,20.48,0.0
2025-01-08 14:30:00,CBOE:VIX6M,20.83,21.56,20.25,20.46,0.0
2025-01-10 14:30:00,CBOE:VIX6M,21.24,22.13,20.95,21.71,0.0
2025-01-13 14:30:00,CBOE:VIX6M,22.48,22.55,21.08,21.14,0.0
2025-01-14 14:30:00,CBOE:VIX6M,20.89,21.98,20.6,20.92,0.0
2025-01-15 14:30:00,CBOE:VIX6M,20.08,20.98,19.65,19.79,0.0
2025-01-16 14:30:00,CBOE:VIX6M,19.78,19.91,19.5,19.9,0.0
2025-01-17 14:30:00,CBOE:VIX6M,19.32,21.42,19.32,19.8,0.0
2025-01-21 14:30:00,CBOE:VIX6M,19.47,19.63,19.16,19.21,0.0
2025-01-22 14:30:00,CBOE:VIX6M,19.47,19.48,19.14,19.39,0.0
2025-01-23 14:30:00,CBOE:VIX6M,19.44,19.44,19.11,19.18,0.0
2025-01-24 14:30:00,CBOE:VIX6M,19.18,19.96,19.1,19.24,0.0
2025-01-27 14:30:00,CBOE:VIX6M,21.26,21.26,20.04,20.1,0.0
2025-01-28 14:30:00,CBOE:VIX6M,19.97,20.46,19.33,19.47,0.0
2025-01-29 14:30:00,CBOE:VIX6M,19.62,20.1,19.12,19.59,0.0
2025-01-30 14:30:00,CBOE:VIX6M,19.25,19.62,19.01,19.33,0.0
2025-01-31 14:30:00,CBOE:VIX6M,19.1,20.05,18.99,19.77,0.0
2025-02-03 14:30:00,CBOE:VIX6M,21.01,22.77,19.8,20.35,0.0
2025-02-04 14:30:00,CBOE:VIX6M,20.12,20.33,19.53,19.83,0.0
2025-02-05 14:30:00,CBOE:VIX6M,19.73,19.96,19.18,19.24,0.0
2025-02-06 14:30:00,CBOE:VIX6M,19.17,19.76,19.0,19.22,0.0
2025-02-07 14:30:00,CBOE:VIX6M,18.99,23.18,18.97,19.76,0.0
2025-02-10 14:30:00,CBOE:VIX6M,19.53,19.67,19.3,19.44,0.0
2025-02-11 14:30:00,CBOE:VIX6M,19.69,19.7,19.26,19.48,0.0
2025-02-12 14:30:00,CBOE:VIX6M,19.99,20.12,19.31,19.54,0.0
2025-02-13 14:30:00,CBOE:VIX6M,19.51,19.64,19.06,19.11,0.0
2025-02-14 14:30:00,CBOE:VIX6M,19.2,19.4,19.09,19.19,0.0
2025-02-18 14:30:00,CBOE:VIX6M,19.44,19.59,19.22,19.32,0.0
2025-02-19 14:30:00,CBOE:VIX6M,19.57,19.61,19.2,19.41,0.0
2025-02-20 14:30:00,CBOE:VIX6M,19.5,20.04,19.4,19.66,0.0
2025-02-21 14:30:00,CBOE:VIX6M,19.58,20.97,19.54,20.6,0.0
2025-02-24 14:30:00,CBOE:VIX6M,20.29,21.21,20.09,20.88,0.0
2025-02-25 14:30:00,CBOE:VIX6M,20.95,22.14,20.82,21.04,0.0
2025-02-26 14:30:00,CBOE:VIX6M,20.94,21.3,20.32,20.81,0.0
2025-02-27 14:30:00,CBOE:VIX6M,20.43,21.95,20.32,21.91,0.0
2025-02-28 14:30:00,CBOE:VIX6M,21.88,22.51,20.88,21.17,0.0
2025-03-03 14:30:00,CBOE:VIX6M,20.86,23.41,20.69,22.5,0.0
2025-03-04 14:30:00,CBOE:VIX6M,23.26,25.59,21.88,22.91,0.0
2025-03-05 14:30:00,CBOE:VIX6M,22.95,23.58,21.68,22.1,0.0
2025-03-06 14:30:00,CBOE:VIX6M,23.09,24.13,22.6,23.69,0.0
2025-03-07 14:30:00,CBOE:VIX6M,23.57,24.22,22.68,22.84,0.0
2025-03-10 13:30:00,CBOE:VIX6M,24.1,25.66,23.9,24.98,0.0
2025-03-11 13:30:00,CBOE:VIX6M,24.94,25.96,24.18,24.84,0.0
2025-03-12 13:30:00,CBOE:VIX6M,23.86,24.64,23.21,23.52,0.0
2025-03-13 13:30:00,CBOE:VIX6M,23.7,24.41,23.12,23.71,0.0
2025-03-14 13:30:00,CBOE:VIX6M,23.3,23.51,22.14,22.37,0.0
2025-03-17 13:30:00,CBOE:VIX6M,22.26,22.26,21.45,21.66,0.0
2025-03-18 13:30:00,CBOE:VIX6M,21.91,22.51,21.83,22.12,0.0
2025-03-19 13:30:00,CBOE:VIX6M,21.95,22.13,20.88,21.34,0.0
2025-03-20 13:30:00,CBOE:VIX6M,21.84,21.86,20.94,21.26,0.0
2025-03-21 13:30:00,CBOE:VIX6M,21.66,21.82,20.91,20.98,0.0
2025-03-24 13:30:00,CBOE:VIX6M,20.61,20.61,19.86,19.96,0.0
2025-03-25 13:30:00,CBOE:VIX6M,19.84,20.25,19.84,20.08,0.0
2025-03-26 13:30:00,CBOE:VIX6M,20.12,21.21,20.0,20.86,0.0
2025-03-27 13:30:00,CBOE:VIX6M,21.12,21.43,20.55,21.0,0.0
2025-03-28 13:30:00,CBOE:VIX6M,21.3,22.58,21.15,22.58,0.0
2025-03-31 13:30:00,CBOE:VIX6M,23.53,23.94,22.09,22.45,0.0
2025-04-01 13:30:00,CBOE:VIX6M,22.76,23.2,22.07,22.32,0.0
2025-04-02 13:30:00,CBOE:VIX6M,23.23,23.24,21.6,21.89,0.0
2025-04-03 13:30:00,CBOE:VIX6M,24.8,26.28,24.43,26.19,0.0
2025-04-04 13:30:00,CBOE:VIX6M,29.4,32.65,28.34,32.55,0.0
2025-04-07 13:30:00,CBOE:VIX6M,35.25,36.36,28.6,32.38,0.0
2025-04-08 13:30:00,CBOE:VIX6M,28.83,38.7,28.51,35.77,0.0
2025-04-09 13:30:00,CBOE:VIX6M,36.3,37.48,26.71,27.45,0.0
2025-04-10 13:30:00,CBOE:VIX6M,29.7,37.8,29.49,32.53,0.0
2025-04-11 13:30:00,CBOE:VIX6M,33.45,35.17,31.52,31.6,0.0
2025-04-14 13:30:00,CBOE:VIX6M,28.95,30.72,28.34,28.77,0.0
2025-04-15 13:30:00,CBOE:VIX6M,28.52,28.52,27.34,28.2,0.0
2025-04-16 13:30:00,CBOE:VIX6M,29.06,30.65,28.13,29.78,0.0
2025-04-17 13:30:00,CBOE:VIX6M,29.27,29.92,28.85,28.88,0.0
2025-04-21 13:30:00,CBOE:VIX6M,29.75,31.47,29.72,30.93,0.0
2025-04-22 13:30:00,CBOE:VIX6M,29.85,29.85,28.78,28.93,0.0
2025-04-23 13:30:00,CBOE:VIX6M,27.69,28.54,27.11,27.84,0.0
2025-04-24 13:30:00,CBOE:VIX6M,27.62,27.63,26.58,26.73,0.0
2025-04-25 13:30:00,CBOE:VIX6M,26.89,27.21,25.89,25.89,0.0
2025-04-28 13:30:00,CBOE:VIX6M,25.78,26.95,25.67,26.1,0.0
2025-04-29 13:30:00,CBOE:VIX6M,26.4,26.45,25.47,25.83,0.0
2025-04-30 13:30:00,CBOE:VIX6M,26.95,27.72,25.86,25.99,0.0
2025-05-01 13:30:00,CBOE:VIX6M,25.69,26.04,25.35,25.91,0.0
2025-05-02 13:30:00,CBOE:VIX6M,25.14,25.45,24.61,24.7,0.0
2025-05-05 13:30:00,CBOE:VIX6M,25.29,25.41,24.68,25.11,0.0
2025-05-06 13:30:00,CBOE:VIX6M,25.72,25.87,25.23,25.76,0.0
2025-05-07 13:30:00,CBOE:VIX6M,25.78,26.07,25.08,25.28,0.0
2025-05-08 13:30:00,CBOE:VIX6M,24.88,25.15,24.22,24.6,0.0
2025-05-09 13:30:00,CBOE:VIX6M,24.37,24.61,24.16,24.33,0.0
2025-05-12 13:30:00,CBOE:VIX6M,22.87,22.89,21.54,21.66,0.0
2025-05-13 13:30:00,CBOE:VIX6M,21.41,21.46,20.99,21.45,0.0
2025-05-14 13:30:00,CBOE:VIX6M,21.46,21.89,21.44,21.83,0.0
2025-05-15 13:30:00,CBOE:VIX6M,22.11,22.21,21.54,21.59,0.0
2025-05-16 13:30:00,CBOE:VIX6M,21.56,21.71,21.42,21.63,0.0
2025-05-19 13:30:00,CBOE:VIX6M,22.6,22.61,21.91,22.01,0.0
2025-05-20 13:30:00,CBOE:VIX6M,22.03,22.39,21.86,22.04,0.0
2025-05-21 13:30:00,CBOE:VIX6M,22.54,23.59,22.02,23.54,0.0
2025-05-22 13:30:00,CBOE:VIX6M,23.7,23.87,22.97,23.35,0.0
2025-05-23 13:30:00,CBOE:VIX6M,24.89,24.89,23.85,24.39,0.0
2025-05-27 13:30:00,CBOE:VIX6M,23.24,23.43,22.42,22.43,0.0
2025-05-28 13:30:00,CBOE:VIX6M,22.5,22.86,22.42,22.74,0.0
2025-05-29 13:30:00,CBOE:VIX6M,22.57,23.13,22.54,22.77,0.0
2025-05-30 13:30:00,CBOE:VIX6M,23.09,23.47,22.63,22.72,0.0
2025-06-02 13:30:00,CBOE:VIX6M,22.99,23.27,22.43,22.45,0.0
2025-06-03 13:30:00,CBOE:VIX6M,22.45,22.53,22.06,22.13,0.0
2025-06-04 13:30:00,CBOE:VIX6M,22.04,22.18,21.93,22.17,0.0
2025-06-05 13:30:00,CBOE:VIX6M,22.01,22.62,21.67,22.51,0.0
2025-06-06 13:30:00,CBOE:VIX6M,21.89,21.99,21.58,21.75,0.0
2025-06-09 13:30:00,CBOE:VIX6M,21.92,22.0,21.55,21.82,0.0
2025-06-10 13:30:00,CBOE:VIX6M,21.79,21.92,21.53,21.6,0.0
2025-06-11 13:30:00,CBOE:VIX6M,21.43,22.09,21.25,21.81,0.0
2025-06-12 13:30:00,CBOE:VIX6M,22.13,22.28,21.77,22.1,0.0
2025-06-13 13:30:00,CBOE:VIX6M,23.05,23.77,22.47,23.4,0.0
2025-06-16 13:30:00,CBOE:VIX6M,22.65,22.66,22.1,22.43,0.0
2025-06-17 13:30:00,CBOE:VIX6M,22.99,23.72,22.8,23.62,0.0
2025-06-18 13:30:00,CBOE:VIX6M,23.73,23.82,22.78,22.97,0.0
2025-06-20 13:30:00,CBOE:VIX6M,22.73,23.65,22.61,23.44,0.0
2025-06-23 13:30:00,CBOE:VIX6M,23.53,24.08,22.87,22.9,0.0
2025-06-24 13:30:00,CBOE:VIX6M,22.05,22.5,21.64,21.67,0.0
2025-06-25 13:30:00,CBOE:VIX6M,21.45,21.69,21.42,21.45,0.0
2025-06-26 13:30:00,CBOE:VIX6M,21.3,21.33,21.07,21.26,0.0
2025-06-27 13:30:00,CBOE:VIX6M,21.19,21.61,21.14,21.31,0.0
2025-06-30 13:30:00,CBOE:VIX6M,21.32,21.49,21.15,21.27,0.0
2025-07-01 13:30:00,CBOE:VIX6M,21.43,21.43,21.11,21.32,0.0
2025-07-02 13:30:00,CBOE:VIX6M,21.33,21.42,21.05,21.16,0.0
2025-07-03 13:30:00,CBOE:VIX6M,20.91,21.07,20.85,21.02,0.0
2025-07-07 13:30:00,CBOE:VIX6M,21.37,21.89,21.37,21.61,0.0
2025-07-08 13:30:00,CBOE:VIX6M,21.24,21.27,20.93,21.11,0.0
2025-07-09 13:30:00,CBOE:VIX6M,20.72,20.92,20.43,20.72,0.0
2025-07-10 13:30:00,CBOE:VIX6M,20.68,20.82,20.5,20.68,0.0
2025-07-11 13:30:00,CBOE:VIX6M,21.08,21.21,20.87,21.09,0.0
2025-07-14 13:30:00,CBOE:VIX6M,21.34,21.42,20.92,21.32,0.0
2025-07-15 13:30:00,CBOE:VIX6M,21.07,21.51,21.07,21.49,0.0
2025-07-16 13:30:00,CBOE:VIX6M,21.34,22.6,21.31,21.6,0.0
2025-07-17 13:30:00,CBOE:VIX6M,21.62,21.67,21.38,21.39,0.0
2025-07-18 13:30:00,CBOE:VIX6M,21.3,22.1,21.23,21.33,0.0
2025-07-21 13:30:00,CBOE:VIX6M,21.36,21.38,21.05,21.26,0.0
2025-07-22 13:30:00,CBOE:VIX6M,21.34,21.77,21.28,21.35,0.0
2025-07-23 13:30:00,CBOE:VIX6M,21.14,21.23,20.58,20.6,0.0
2025-07-24 13:30:00,CBOE:VIX6M,20.53,20.9,20.43,20.57,0.0
2025-07-25 13:30:00,CBOE:VIX6M,20.54,20.57,20.29,20.33,0.0
2025-07-28 13:30:00,CBOE:VIX6M,20.28,20.38,20.11,20.14,0.0
2025-07-29 13:30:00,CBOE:VIX6M,20.03,20.66,20.02,20.61,0.0
2025-07-30 13:30:00,CBOE:VIX6M,20.6,21.01,20.26,20.3,0.0
2025-07-31 13:30:00,CBOE:VIX6M,20.26,21.09,20.17,20.84,0.0
2025-08-01 13:30:00,CBOE:VIX6M,21.94,22.93,21.83,22.33,0.0
2025-08-04 13:30:00,CBOE:VIX6M,21.67,21.68,21.03,21.03,0.0
2025-08-05 13:30:00,CBOE:VIX6M,21.06,21.76,20.99,21.33,0.0
2025-08-06 13:30:00,CBOE:VIX6M,21.42,21.42,20.85,21.0,0.0
2025-08-07 13:30:00,CBOE:VIX6M,20.69,21.37,20.56,20.91,0.0
2025-08-08 13:30:00,CBOE:VIX6M,20.74,20.88,20.48,20.48,0.0
2025-08-11 13:30:00,CBOE:VIX6M,20.67,20.9,20.55,20.8,0.0
2025-08-12 13:30:00,CBOE:VIX6M,20.48,20.63,20.22,20.23,0.0
2025-08-13 13:30:00,CBOE:VIX6M,20.06,20.38,20.01,20.35,0.0
2025-08-14 13:30:00,CBOE:VIX6M,20.64,20.7,20.24,20.49,0.0
2025-08-15 13:30:00,CBOE:VIX6M,20.37,20.76,20.36,20.66,0.0
2025-08-18 13:30:00,CBOE:VIX6M,20.76,20.85,20.47,20.54,0.0
2025-08-19 13:30:00,CBOE:VIX6M,20.55,21.11,20.48,20.97,0.0
2025-08-20 13:30:00,CBOE:VIX6M,21.04,21.78,20.99,21.06,0.0
2025-08-21 13:30:00,CBOE:VIX6M,21.56,21.95,21.18,21.4,0.0
2025-08-22 13:30:00,CBOE:VIX6M,21.23,21.23,20.1,20.15,0.0
2025-08-25 13:30:00,CBOE:VIX6M,20.43,20.53,20.17,20.48,0.0
2025-08-26 13:30:00,CBOE:VIX6M,20.69,20.69,20.46,20.46,0.0
2025-08-27 13:30:00,CBOE:VIX6M,20.68,20.75,20.5,20.62,0.0
2025-08-28 13:30:00,CBOE:VIX6M,20.38,20.58,20.33,20.41,0.0
2025-08-29 13:30:00,CBOE:VIX6M,20.47,21.0,20.42,20.83,0.0
2025-09-02 13:30:00,CBOE:VIX6M,22.23,22.37,21.37,21.42,0.0
2025-09-03 13:30:00,CBOE:VIX6M,21.48,21.97,21.04,21.05,0.0
2025-09-04 13:30:00,CBOE:VIX6M,21.04,21.88,20.55,20.81,0.0
2025-09-05 13:30:00,CBOE:VIX6M,20.36,21.33,20.32,20.64,0.0
2025-09-08 13:30:00,CBOE:VIX6M,20.6,20.63,20.4,20.49,0.0
2025-09-09 13:30:00,CBOE:VIX6M,20.61,21.15,20.5,20.51,0.0
2025-09-10 13:30:00,CBOE:VIX6M,20.44,20.7,20.34,20.58,0.0
2025-09-11 13:30:00,CBOE:VIX6M,20.41,20.53,20.28,20.34,0.0
2025-09-12 13:30:00,CBOE:VIX6M,20.43,20.47,20.26,20.4,0.0
2025-09-15 13:30:00,CBOE:VIX6M,20.35,20.75,20.34,20.74,0.0
2025-09-16 13:30:00,CBOE:VIX6M,20.76,21.08,20.76,21.01,0.0
2025-09-17 13:30:00,CBOE:VIX6M,20.94,21.23,20.52,20.66,0.0
2025-09-18 13:30:00,CBOE:VIX6M,20.56,20.74,20.36,20.73,0.0
2025-09-19 13:30:00,CBOE:VIX6M,20.62,20.89,20.57,20.74,0.0
2025-09-22 13:30:00,CBOE:VIX6M,20.98,21.1,20.88,21.1,0.0
2025-09-23 13:30:00,CBOE:VIX6M,21.14,21.94,21.11,21.45,0.0
2025-09-24 13:30:00,CBOE:VIX6M,21.39,21.78,21.21,21.21,0.0
2025-09-25 13:30:00,CBOE:VIX6M,21.66,21.88,21.21,21.38,0.0
2025-09-26 13:30:00,CBOE:VIX6M,21.3,21.42,20.67,20.67,0.0
2025-09-29 13:30:00,CBOE:VIX6M,20.72,21.08,20.68,20.98,0.0
2025-09-30 13:30:00,CBOE:VIX6M,21.09,21.43,20.8,20.95,0.0
2025-10-01 13:30:00,CBOE:VIX6M,21.16,21.18,20.78,20.97,0.0
2025-10-02 13:30:00,CBOE:VIX6M,20.86,21.23,20.81,21.08,0.0
2025-10-03 13:30:00,CBOE:VIX6M,21.1,21.41,21.02,21.22,0.0
2025-10-06 13:30:00,CBOE:VIX6M,21.15,21.33,21.14,21.25,0.0
2025-10-07 13:30:00,CBOE:VIX6M,21.16,21.67,21.14,21.58,0.0
2025-10-08 13:30:00,CBOE:VIX6M,21.52,21.6,21.34,21.36,0.0
2025-10-09 13:30:00,CBOE:VIX6M,21.41,21.79,21.37,21.37,0.0
2025-10-10 13:30:00,CBOE:VIX6M,21.43,24.03,21.39,23.78,0.0
2025-10-13 13:30:00,CBOE:VIX6M,22.74,22.86,22.23,22.41,0.0
2025-10-14 13:30:00,CBOE:VIX6M,23.45,24.16,22.63,23.18,0.0
2025-10-15 13:30:00,CBOE:VIX6M,22.65,23.96,22.42,23.2,0.0
2025-10-16 13:30:00,CBOE:VIX6M,23.03,25.26,22.96,25.15,0.0
2025-10-17 13:30:00,CBOE:VIX6M,24.75,25.04,23.34,23.38,0.0
2025-10-20 13:30:00,CBOE:VIX6M,23.01,23.01,22.18,22.28,0.0
2025-10-21 13:30:00,CBOE:VIX6M,22.39,22.56,21.96,22.1,0.0
2025-10-22 13:30:00,CBOE:VIX6M,22.36,23.5,22.26,22.37,0.0
2025-10-23 13:30:00,CBOE:VIX6M,22.45,22.49,21.84,21.9,0.0
2025-10-24 13:30:00,CBOE:VIX6M,21.47,21.81,21.32,21.54,0.0
2025-10-27 13:30:00,CBOE:VIX6M,21.15,21.51,21.13,21.41,0.0
2025-10-28 13:30:00,CBOE:VIX6M,21.41,21.91,21.38,21.85,0.0
2025-10-29 13:30:00,CBOE:VIX6M,21.88,22.63,21.74,22.02,0.0
2025-10-30 13:30:00,CBOE:VIX6M,22.09,22.33,21.85,22.08,0.0
2025-10-31 13:30:00,CBOE:VIX6M,21.91,22.93,21.91,22.54,0.0
2025-11-03 14:30:00,CBOE:VIX6M,22.39,23.01,22.38,22.54,0.0
2025-11-04 14:30:00,CBOE:VIX6M,23.34,23.52,22.77,23.17,0.0
2025-11-05 14:30:00,CBOE:VIX6M,23.13,23.2,22.25,22.64,0.0
2025-11-06 14:30:00,CBOE:VIX6M,22.68,23.54,22.61,23.16,0.0
2025-11-07 14:30:00,CBOE:VIX6M,23.74,24.28,22.94,22.99,0.0
2025-11-10 14:30:00,CBOE:VIX6M,22.49,22.7,22.3,22.37,0.0
2025-11-11 14:30:00,CBOE:VIX6M,22.5,22.55,22.36,22.5,0.0
2025-11-12 14:30:00,CBOE:VIX6M,22.36,22.76,22.36,22.54,0.0
2025-11-13 14:30:00,CBOE:VIX6M,22.75,23.91,22.64,23.59,0.0
2025-11-14 14:30:00,CBOE:VIX6M,25.29,26.15,23.13,23.35,0.0
2025-11-17 14:30:00,CBOE:VIX6M,23.89,24.73,23.37,24.32,0.0
2025-11-18 14:30:00,CBOE:VIX6M,25.0,25.86,24.59,25.29,0.0
2025-11-19 14:30:00,CBOE:VIX6M,25.09,25.56,24.41,25.0,0.0
2025-11-20 14:30:00,CBOE:VIX6M,23.44,26.69,23.28,26.23,0.0
2025-11-21 14:30:00,CBOE:VIX6M,25.79,26.98,24.85,25.16,0.0
2025-11-24 14:30:00,CBOE:VIX6M,24.89,24.89,23.69,23.75,0.0
2025-11-25 14:30:00,CBOE:VIX6M,23.73,24.28,22.95,22.98,0.0
2025-11-26 14:30:00,CBOE:VIX6M,22.76,22.86,22.36,22.45,0.0
2025-11-28 14:30:00,CBOE:VIX6M,20.35,22.68,15.17,22.1,0.0
2025-12-01 14:30:00,CBOE:VIX6M,22.69,22.74,22.12,22.45,0.0
2025-12-02 14:30:00,CBOE:VIX6M,22.3,22.48,22.12,22.2,0.0
2025-12-03 14:30:00,CBOE:VIX6M,22.41,22.42,21.96,22.1,0.0
2025-12-04 14:30:00,CBOE:VIX6M,22.13,22.36,21.9,21.93,0.0
2025-12-05 14:30:00,CBOE:VIX6M,21.89,21.99,21.69,21.71,0.0
2025-12-08 14:30:00,CBOE:VIX6M,21.9,22.32,21.89,22.16,0.0
2025-12-09 14:30:00,CBOE:VIX6M,22.3,22.35,22.03,22.25,0.0
2025-12-10 14:30:00,CBOE:VIX6M,22.35,22.47,21.56,21.68,0.0
2025-12-11 14:30:00,CBOE:VIX6M,21.91,22.17,21.28,21.4,0.0
2025-12-12 14:30:00,CBOE:VIX6M,21.44,22.43,21.35,21.62,0.0
2025-12-15 14:30:00,CBOE:VIX6M,21.54,22.28,21.54,21.95,0.0
2025-12-16 14:30:00,CBOE:VIX6M,22.11,22.46,21.81,21.97,0.0
2025-12-17 14:30:00,CBOE:VIX6M,21.78,22.34,21.71,22.14,0.0
2025-12-18 14:30:00,CBOE:VIX6M,21.69,22.02,21.47,21.71,0.0
2025-12-19 14:30:00,CBOE:VIX6M,21.34,21.34,20.79,20.79,0.0
2025-12-22 14:30:00,CBOE:VIX6M,20.64,20.72,20.38,20.42,0.0
2025-12-23 14:30:00,CBOE:VIX6M,20.45,20.58,20.36,20.58,0.0
2025-12-24 14:30:00,CBOE:VIX6M,20.6,20.63,20.48,20.59,0.0
2025-12-26 14:30:00,CBOE:VIX6M,20.66,20.78,20.59,20.64,0.0
2025-12-29 14:30:00,CBOE:VIX6M,20.98,21.0,20.54,20.6,0.0
2025-12-30 14:30:00,CBOE:VIX6M,20.68,20.7,20.49,20.69,0.0
2025-12-31 14:30:00,CBOE:VIX6M,20.7,21.02,20.69,20.94,0.0
2026-01-02 14:30:00,CBOE:VIX6M,20.77,21.12,20.71,20.87,0.0
2026-01-05 14:30:00,CBOE:VIX6M,20.77,21.02,20.76,20.96,0.0
2026-01-06 14:30:00,CBOE:VIX6M,20.93,20.95,20.72,20.78,0.0
2026-01-07 14:30:00,CBOE:VIX6M,20.87,21.12,20.85,21.1,0.0
2026-01-08 14:30:00,CBOE:VIX6M,21.23,21.29,20.79,20.91,0.0
2026-01-09 14:30:00,CBOE:VIX6M,20.87,21.05,20.53,20.57,0.0
2026-01-12 14:30:00,CBOE:VIX6M,20.95,21.0,20.68,20.7,0.0
2026-01-13 14:30:00,CBOE:VIX6M,20.67,21.4,20.67,21.21,0.0
2026-01-14 14:30:00,CBOE:VIX6M,21.54,22.31,21.47,21.53,0.0
2026-01-15 14:30:00,CBOE:VIX6M,21.13,21.35,20.99,21.28,0.0
2026-01-16 14:30:00,CBOE:VIX6M,21.1,21.49,21.07,21.32,0.0
2026-01-20 14:30:00,CBOE:VIX6M,22.78,23.38,22.42,23.04,0.0
2026-01-21 14:30:00,CBOE:VIX6M,22.47,22.79,21.6,21.62,0.0
2026-01-22 14:30:00,CBOE:VIX6M,21.24,21.57,21.16,21.27,0.0
2026-01-23 14:30:00,CBOE:VIX6M,21.36,21.53,21.1,21.53,0.0
2026-01-26 14:30:00,CBOE:VIX6M,21.55,21.61,21.32,21.6,0.0
2026-01-27 14:30:00,CBOE:VIX6M,21.54,21.75,21.42,21.75,0.0
2026-01-28 14:30:00,CBOE:VIX6M,21.71,22.18,21.6,21.72,0.0
2026-01-29 14:30:00,CBOE:VIX6M,21.99,22.98,21.91,21.97,0.0
2026-01-30 14:30:00,CBOE:VIX6M,22.1,22.56,21.82,22.23,0.0
2026-02-02 14:30:00,CBOE:VIX6M,22.41,22.44,21.56,21.68,0.0
2026-02-03 14:30:00,CBOE:VIX6M,21.68,23.11,21.63,22.24,0.0
2026-02-04 14:30:00,CBOE:VIX6M,22.24,23.27,22.11,22.37,0.0
2026-02-05 14:30:00,CBOE:VIX6M,23.59,24.05,22.9,23.66,0.0
2026-02-06 14:30:00,CBOE:VIX6M,23.07,23.09,22.08,22.23,0.0
2026-02-09 14:30:00,CBOE:VIX6M,22.63,22.66,21.8,21.94,0.0
2026-02-10 14:30:00,CBOE:VIX6M,21.96,22.38,21.86,22.33,0.0
2026-02-11 14:30:00,CBOE:VIX6M,21.91,22.66,21.89,22.26,0.0
2026-02-12 14:30:00,CBOE:VIX6M,22.11,23.57,22.04,23.44,0.0
2026-02-13 14:30:00,CBOE:VIX6M,23.51,24.05,22.76,23.56,0.0
2026-02-17 14:30:00,CBOE:VIX6M,23.9,24.37,23.06,23.18,0.0
2026-02-18 14:30:00,CBOE:VIX6M,23.19,23.42,22.67,23.09,0.0
2026-02-19 14:30:00,CBOE:VIX6M,23.59,23.96,23.34,23.56,0.0
2026-02-20 14:30:00,CBOE:VIX6M,23.84,24.44,22.99,23.07,0.0
2026-02-23 14:30:00,CBOE:VIX6M,23.17,24.11,23.09,23.91,0.0
2026-02-24 14:30:00,CBOE:VIX6M,24.01,24.18,23.19,23.31,0.0
2026-02-25 14:30:00,CBOE:VIX6M,23.01,23.07,22.78,22.79,0.0
2026-02-26 14:30:00,CBOE:VIX6M,22.92,23.83,22.88,23.09,0.0
2026-02-27 14:30:00,CBOE:VIX6M,23.98,24.19,23.42,23.59,0.0
2026-03-02 14:30:00,CBOE:VIX6M,24.82,24.82,23.67,24.15,0.0
2026-03-03 14:30:00,CBOE:VIX6M,25.58,27.0,24.28,24.75,0.0
2026-03-04 14:30:00,CBOE:VIX6M,24.32,24.65,23.53,23.9,0.0
2026-03-05 14:30:00,CBOE:VIX6M,24.34,26.76,23.96,24.92,0.0
2026-03-06 14:30:00,CBOE:VIX6M,26.45,27.99,25.95,27.99,0.0
2026-03-09 13:30:00,CBOE:VIX6M,27.84,28.71,25.77,26.14,0.0
2026-03-10 13:30:00,CBOE:VIX6M,25.69,27.29,24.79,26.39,0.0
2026-03-11 13:30:00,CBOE:VIX6M,26.12,26.55,25.84,25.85,0.0
2026-03-12 13:30:00,CBOE:VIX6M,26.65,27.28,26.4,27.26,0.0
2026-03-13 13:30:00,CBOE:VIX6M,26.37,27.57,26.03,27.43,0.0
2026-03-16 13:30:00,CBOE:VIX6M,26.37,26.37,25.42,25.63,0.0
2026-03-17 13:30:00,CBOE:VIX6M,25.2,25.5,24.96,25.28,0.0
2026-03-18 13:30:00,CBOE:VIX6M,25.76,27.2,25.64,27.2,0.0
2026-03-19 13:30:00,CBOE:VIX6M,28.17,28.22,26.22,26.44,0.0
2026-03-20 13:30:00,CBOE:VIX6M,26.9,28.95,26.73,28.35,0.0
2026-03-23 13:30:00,CBOE:VIX6M,26.38,27.24,25.82,26.94,0.0
2026-03-24 13:30:00,CBOE:VIX6M,27.49,27.71,26.71,27.22,0.0
2026-03-25 13:30:00,CBOE:VIX6M,26.5,27.2,26.32,26.69,0.0
2026-03-26 13:30:00,CBOE:VIX6M,27.35,28.31,27.01,27.91,0.0
2026-03-27 13:30:00,CBOE:VIX6M,28.82,29.87,28.53,29.78,0.0
2026-03-30 13:30:00,CBOE:VIX6M,28.77,29.87,28.67,29.68,0.0
2026-03-31 13:30:00,CBOE:VIX6M,28.33,28.65,26.84,26.93,0.0
2026-04-01 13:30:00,CBOE:VIX6M,26.59,26.85,25.95,26.17,0.0
2026-04-02 13:30:00,CBOE:VIX6M,27.48,27.63,25.93,26.03,0.0
2026-04-06 13:30:00,CBOE:VIX6M,26.18,26.23,25.68,25.82,0.0
2026-04-07 13:30:00,CBOE:VIX6M,26.05,27.15,26.05,26.41,0.0
2026-04-08 13:30:00,CBOE:VIX6M,23.87,24.96,23.79,24.02,0.0
2026-04-09 13:30:00,CBOE:VIX6M,24.1,24.56,23.29,23.39,0.0
2026-04-10 13:30:00,CBOE:VIX6M,23.14,23.73,23.09,23.51,0.0
2026-04-13 13:30:00,CBOE:VIX6M,23.87,24.09,22.87,23.0,0.0
2026-04-14 13:30:00,CBOE:VIX6M,22.59,22.86,22.43,22.77,0.0
2026-04-15 13:30:00,CBOE:VIX6M,22.49,23.08,22.46,22.84,0.0
2026-04-16 13:30:00,CBOE:VIX6M,22.87,23.56,22.67,22.78,0.0
2026-04-17 13:30:00,CBOE:VIX6M,22.53,22.73,22.35,22.57,0.0
2026-04-20 13:30:00,CBOE:VIX6M,22.9,23.36,22.9,23.14,0.0
2026-04-21 13:30:00,CBOE:VIX6M,23.15,23.81,23.05,23.19,0.0
2026-04-22 13:30:00,CBOE:VIX6M,23.07,23.34,23.01,23.13,0.0
2026-04-23 13:30:00,CBOE:VIX6M,23.33,24.08,23.09,23.31,0.0
2026-04-24 13:30:00,CBOE:VIX6M,23.19,23.3,22.98,23.27,0.0
2026-04-27 13:30:00,CBOE:VIX6M,23.37,23.68,23.03,23.03,0.0
2026-04-28 13:30:00,CBOE:VIX6M,23.49,23.49,22.87,22.87,0.0
2026-04-29 13:30:00,CBOE:VIX6M,23.01,23.26,22.61,23.25,0.0
2026-04-30 13:30:00,CBOE:VIX6M,22.96,23.25,22.6,22.61,0.0
2026-05-01 13:30:00,CBOE:VIX6M,22.35,22.72,22.19,22.69,0.0
2026-05-04 13:30:00,CBOE:VIX6M,22.91,23.4,22.46,23.07,0.0
2026-05-05 13:30:00,CBOE:VIX6M,22.7,22.97,22.7,22.94,0.0
2026-05-06 13:30:00,CBOE:VIX6M,22.62,22.75,22.49,22.65,0.0
2026-05-07 13:30:00,CBOE:VIX6M,22.59,22.81,22.39,22.48,0.0
2026-05-08 13:30:00,CBOE:VIX6M,22.54,22.73,22.45,22.59,0.0
2026-05-11 13:30:00,CBOE:VIX6M,22.93,23.12,22.85,23.06,0.0
2026-05-12 13:30:00,CBOE:VIX6M,23.21,23.43,22.99,23.03,0.0
2026-05-13 13:30:00,CBOE:VIX6M,23.09,23.24,22.98,23.2,0.0
2026-05-14 13:30:00,CBOE:VIX6M,23.22,23.38,22.89,22.98,0.0
2026-05-15 13:30:00,CBOE:VIX6M,23.55,23.64,23.04,23.25,0.0
2026-05-18 13:30:00,CBOE:VIX6M,23.16,23.24,22.79,22.86,0.0
2026-05-19 13:30:00,CBOE:VIX6M,23.06,23.1,22.85,23.01,0.0
2026-05-20 13:30:00,CBOE:VIX6M,22.97,23.12,22.71,22.81,0.0
2026-05-21 13:30:00,CBOE:VIX6M,23.0,23.01,22.23,22.27,0.0
2026-05-22 13:30:00,CBOE:VIX6M,22.35,23.28,22.19,22.35,0.0
2026-05-26 13:30:00,CBOE:VIX6M,22.27,22.46,22.18,22.46,0.0
2026-05-27 13:30:00,CBOE:VIX6M,22.38,22.46,22.11,22.11,0.0
2026-05-28 13:30:00,CBOE:VIX6M,22.2,22.89,21.92,21.95,0.0
2026-05-29 13:30:00,CBOE:VIX6M,21.95,21.95,21.55,21.6,0.0
2026-06-01 13:30:00,CBOE:VIX6M,21.95,22.13,21.7,22.13,0.0
2026-06-02 13:30:00,CBOE:VIX6M,22.18,22.21,22.03,22.13,0.0
2026-06-03 13:30:00,CBOE:VIX6M,22.27,22.46,22.17,22.32,0.0
2026-06-04 13:30:00,CBOE:VIX6M,22.44,22.44,21.85,21.89,0.0
2026-06-05 13:30:00,CBOE:VIX6M,22.12,23.5,22.08,23.49,0.0
2026-06-08 13:30:00,CBOE:VIX6M,22.59,22.87,22.34,22.67,0.0
2026-06-09 13:30:00,CBOE:VIX6M,22.33,24.16,22.22,22.97,0.0
2026-06-10 13:30:00,CBOE:VIX6M,23.44,24.28,23.16,24.13,0.0
2026-06-11 13:30:00,CBOE:VIX6M,24.11,26.23,23.01,23.14,0.0
2026-06-12 13:30:00,CBOE:VIX6M,23.11,24.25,22.58,22.59,0.0
2026-06-15 13:30:00,CBOE:VIX6M,21.88,22.1,21.75,21.77,0.0
2026-06-16 13:30:00,CBOE:VIX6M,21.79,21.93,21.71,21.87,0.0
2026-06-17 13:30:00,CBOE:VIX6M,21.82,22.78,21.82,22.62,0.0
2026-06-18 13:30:00,CBOE:VIX6M,21.98,22.27,21.92,21.99,0.0
2026-06-22 13:30:00,CBOE:VIX6M,22.0,22.49,21.88,22.15,0.0
2026-06-23 13:30:00,CBOE:VIX6M,23.28,23.32,22.68,22.97,0.0
2026-06-24 13:30:00,CBOE:VIX6M,22.92,23.12,22.37,22.4,0.0
2026-06-25 13:30:00,CBOE:VIX6M,22.1,23.11,22.1,22.35,0.0
2026-06-26 13:30:00,CBOE:VIX6M,22.94,23.08,22.18,22.26,0.0
2026-06-29 13:30:00,CBOE:VIX6M,22.08,22.73,21.74,21.8,0.0
2026-06-30 13:30:00,CBOE:VIX6M,21.83,21.84,21.42,21.5,0.0
2026-07-01 13:30:00,CBOE:VIX6M,21.66,21.97,21.27,21.63,0.0
2026-07-02 13:30:00,CBOE:VIX6M,21.51,21.86,21.3,21.5,0.0
2026-07-06 13:30:00,CBOE:VIX6M,21.29,21.44,21.21,21.24,0.0
2026-07-07 13:30:00,CBOE:VIX6M,21.37,21.64,21.13,21.38,0.0
2026-07-08 13:30:00,CBOE:VIX6M,21.77,22.14,21.39,21.56,0.0
2026-07-09 13:30:00,CBOE:VIX6M,21.48,21.57,21.25,21.32,0.0
2026-07-10 13:30:00,CBOE:VIX6M,21.22,21.52,21.07,21.09,0.0
2026-07-13 13:30:00,CBOE:VIX6M,21.35,22.02,21.3,21.69,0.0
2026-07-14 13:30:00,CBOE:VIX6M,21.57,22.43,21.36,21.52,0.0
2026-07-15 13:30:00,CBOE:VIX6M,21.3,21.65,21.19,21.23,0.0
2026-07-16 13:30:00,CBOE:VIX6M,21.31,22.32,21.2,21.68,0.0
2026-07-17 13:30:00,CBOE:VIX6M,22.55,22.67,21.98,22.28,0.0
2026-07-20 13:30:00,CBOE:VIX6M,21.86,22.25,21.73,22.2,0.0
2026-07-21 13:30:00,CBOE:VIX6M,21.82,22.04,21.54,21.66,0.0
2026-07-22 13:30:00,CBOE:VIX6M,21.81,23.63,21.63,21.68,0.0
2026-07-23 13:30:00,CBOE:VIX6M,22.82,23.08,22.45,22.48,0.0
2026-07-24 13:30:00,CBOE:VIX6M,22.61,22.66,21.99,22.43,0.0
2026-07-27 13:30:00,CBOE:VIX6M,21.98,22.7,21.92,22.11,0.0
2026-07-28 13:30:00,CBOE:VIX6M,22.17,22.42,21.75,21.82,0.0
2026-07-29 13:30:00,CBOE:VIX6M,22.17,23.16,21.63,23.06,0.0
2026-07-30 13:30:00,CBOE:VIX6M,22.29,22.43,21.59,21.61,0.0
2026-07-31 13:30:00,CBOE:VIX6M,21.58,22.32,21.23,21.34,0.0
2026-08-03 13:30:00,CBOE:VIX6M,21.28,21.44,21.05,21.2,0.0
2026-08-04 13:30:00,CBOE:VIX6M,21.04,21.35,21.04,21.35,0.0
2026-08-05 13:30:00,CBOE:VIX6M,21.42,21.52,20.91,21.06,0.0
2026-08-06 13:30:00,CBOE:VIX6M,21.14,21.18,20.79,20.91,0.0
2026-08-07 13:30:00,CBOE:VIX6M,21.01,21.06,20.94,21.02,0.0
2026-08-10 13:30:00,CBOE:VIX6M,21.15,21.15,20.97,21.14,0.0
2026-08-11 13:30:00,CBOE:VIX6M,21.17,21.23,21.06,21.1,0.0
2026-08-12 13:30:00,CBOE:VIX6M,21.01,21.03,20.77,20.82,0.0
2026-08-13 13:30:00,CBOE:VIX6M,20.81,21.02,20.75,20.93,0.0
2026-08-14 13:30:00,CBOE:VIX6M,20.85,21.07,20.75,20.8,0.0
2026-08-17 13:30:00,CBOE:VIX6M,21.07,21.34,21.03,21.33,0.0
2026-08-18 13:30:00,CBOE:VIX6M,21.55,22.91,21.27,21.37,0.0
2026-08-19 13:30:00,CBOE:VIX6M,21.18,21.27,20.88,20.9,0.0
2026-08-20 13:30:00,CBOE:VIX6M,21.19,21.3,21.05,21.25,0.0
2026-08-21 13:30:00,CBOE:VIX6M,21.07,21.08,20.83,20.9,0.0
2026-08-24 13:30:00,CBOE:VIX6M,21.04,21.29,20.95,21.04,0.0
2026-08-25 13:30:00,CBOE:VIX6M,21.04,21.07,20.8,20.84,0.0
2026-08-26 13:30:00,CBOE:VIX6M,20.94,20.94,20.59,20.64,0.0
2026-08-27 13:30:00,CBOE:VIX6M,20.62,20.67,20.27,20.36,0.0
2026-08-28 13:30:00,CBOE:VIX6M,20.34,20.51,20.26,20.3,0.0
2026-08-31 13:30:00,CBOE:VIX6M,20.56,20.62,20.16,20.17,0.0
2026-09-01 13:30:00,CBOE:VIX6M,20.63,20.67,20.24,20.56,0.0
2026-09-02 13:30:00,CBOE:VIX6M,20.54,20.54,20.03,20.36,0.0
2026-09-03 13:30:00,CBOE:VIX6M,19.92,20.02,19.75,19.78,0.0
2026-09-04 13:30:00,CBOE:VIX6M,19.8,19.92,19.57,19.89,0.0
2026-09-08 13:30:00,CBOE:VIX6M,20.1,20.36,20.09,20.34,0.0
2026-09-09 13:30:00,CBOE:VIX6M,20.51,20.78,20.47,20.63,0.0
2026-09-10 13:30:00,CBOE:VIX6M,21.1,21.32,20.86,21.17,0.0
2026-09-11 13:30:00,CBOE:VIX6M,20.64,20.66,20.39,20.39,0.0
